============================================================
  Generated by:           Genus(TM) Synthesis Solution 21.17-s066_1
  Generated on:           Apr 02 2026  07:40:37 pm
  Module:                 mxfp_to_fixed_mxfp_aitb_top
  Operating conditions:   PVT_0P63V_100C 
  Interconnect mode:      global
  Area mode:              physical library
============================================================


Path 1: VIOLATED (-479 ps) Setup Check with Pin PIPE_OUT_col2_stage_reg_reg[0][21]/CLK->D
           View: PVT_0P63V_100C.setup_view
          Group: clk
     Startpoint: (R) PIPE_OUT_col2_stage_reg_reg[0][29]/CLK
          Clock: (R) clk
       Endpoint: (R) PIPE_OUT_col2_stage_reg_reg[0][21]/D
          Clock: (R) clk

                     Capture       Launch     
        Clock Edge:+    1000            0     
       Src Latency:+       0            0     
       Net Latency:+       0 (I)        0 (I) 
           Arrival:=    1000            0     
                                              
             Setup:-      14                  
       Uncertainty:-     100                  
     Required Time:=     886                  
      Launch Clock:-       0                  
         Data Path:-    1365                  
             Slack:=    -479                  

#--------------------------------------------------------------------------------------------------------------------------------------------
#                   Timing Point                    Flags    Arc    Edge           Cell             Fanout Load Trans Delay Arrival Instance 
#                                                                                                          (fF)  (ps)  (ps)   (ps)  Location 
#--------------------------------------------------------------------------------------------------------------------------------------------
  PIPE_OUT_col2_stage_reg_reg[0][29]/CLK            -       -       R     (arrival)                   1109    -     0     0       0    (-,-) 
  PIPE_OUT_col2_stage_reg_reg[0][29]/QN             -       CLK->QN R     ASYNC_DFFHx1_ASAP7_75t_SL      2  1.8    34    54      54    (-,-) 
  g70514/Y                                          -       B1->Y   F     AOI22x1_ASAP7_75t_SL           4  2.4    58    16      70    (-,-) 
  g70221/Y                                          -       B->Y    R     NOR2xp33_ASAP7_75t_L           1  0.9    48    31     101    (-,-) 
  g70107/Y                                          -       A2->Y   F     OAI21xp5_ASAP7_75t_SL          1  0.8    26    15     116    (-,-) 
  g69689__6783/Y                                    -       A1->Y   R     AOI21xp5_ASAP7_75t_SL          1  0.9    28    16     132    (-,-) 
  g69681/Y                                          -       A->Y    F     INVx1_ASAP7_75t_SL             1  0.8    14     9     141    (-,-) 
  g69578__4319/Y                                    -       B->Y    R     AOI21xp5_ASAP7_75t_SL          1  0.9    30    16     157    (-,-) 
  g69558__1881/Y                                    -       B->Y    R     OA21x2_ASAP7_75t_SL            2  2.1    18    24     181    (-,-) 
  g69490__5526/Y                                    -       B->Y    F     OAI21xp5_ASAP7_75t_SL          1  1.5    32    16     197    (-,-) 
  fopt39/Y                                          -       A->Y    F     BUFx6f_ASAP7_75t_SL           13  8.7    18    25     222    (-,-) 
  g69411__2802/Y                                    -       B1->Y   R     AOI22xp5_ASAP7_75t_SL          2  1.9    53    26     248    (-,-) 
  g69271__6783/Y                                    -       B->Y    F     NAND2x1_ASAP7_75t_SL           2  1.9    28    14     262    (-,-) 
  g69206__1666/Y                                    -       C->Y    F     AO211x2_ASAP7_75t_SL           3  3.4    21    29     291    (-,-) 
  g69196/Y                                          -       A->Y    F     BUFx3_ASAP7_75t_SL             2  2.0    12    20     312    (-,-) 
  g69169__5122/Y                                    -       A2->Y   R     AOI21x1_ASAP7_75t_SL           1  0.9    21    11     323    (-,-) 
  g69085__6161/Y                                    -       B->Y    R     OA21x2_ASAP7_75t_SL            5  6.0    36    33     355    (-,-) 
  g68918__5107/Y                                    -       B->Y    R     AND2x4_ASAP7_75t_SL           11  9.2    29    30     385    (-,-) 
  g68812__2802/Y                                    -       B2->Y   R     AO22x2_ASAP7_75t_SL            2  2.2    20    26     411    (-,-) 
  g68790/Y                                          -       A->Y    F     INVx1_ASAP7_75t_SL             1  1.4    16    11     422    (-,-) 
  g68728__8428/Y                                    -       A1->Y   R     OAI22x1_ASAP7_75t_SL           2  1.5    34    15     437    (-,-) 
  fopt71412/Y                                       -       A->Y    F     INVx1_ASAP7_75t_SL             1  0.8    16     9     447    (-,-) 
  g68645__1666/Y                                    -       A1->Y   R     OAI22xp5_ASAP7_75t_SL          2  1.5    45    21     467    (-,-) 
  g68582__1666/Y                                    -       A1->Y   F     AOI22xp5_ASAP7_75t_SL          1  1.3    34    17     484    (-,-) 
  g68536__6783/Y                                    -       B->Y    F     XNOR2xp5_ASAP7_75t_SL          2  1.3    40    28     512    (-,-) 
  addinc_FP32_ALU_col2_fracAdder_add_113_18_g1027/Y -       A->Y    F     HB1xp67_ASAP7_75t_SL           1  1.8    26    32     544    (-,-) 
  addinc_FP32_ALU_col2_fracAdder_add_113_18_g956/Y  -       B->Y    R     NAND2x1p5_ASAP7_75t_SL         2  1.4    30    13     558    (-,-) 
  addinc_FP32_ALU_col2_fracAdder_add_113_18_g863/Y  -       A1->Y   F     OAI21xp5_ASAP7_75t_SL          3  2.5    44    25     582    (-,-) 
  addinc_FP32_ALU_col2_fracAdder_add_113_18_g811/Y  -       A2->Y   R     AOI21x1_ASAP7_75t_SL           1  1.2    30    17     599    (-,-) 
  addinc_FP32_ALU_col2_fracAdder_add_113_18_g786/Y  -       C->Y    R     OA221x2_ASAP7_75t_SL           3  3.6    25    28     627    (-,-) 
  addinc_FP32_ALU_col2_fracAdder_add_113_18_g780/Y  -       A->Y    F     INVx3_ASAP7_75t_SL             6  4.4    18    12     638    (-,-) 
  addinc_FP32_ALU_col2_fracAdder_add_113_18_g763/Y  -       A1->Y   R     AOI21xp5_ASAP7_75t_SL          1  1.3    38    18     657    (-,-) 
  addinc_FP32_ALU_col2_fracAdder_add_113_18_g749/Y  -       B->Y    R     XOR2xp5_ASAP7_75t_SL           1  1.5    41    30     687    (-,-) 
  g71108/Y                                          -       A->Y    F     INVx2_ASAP7_75t_SL             2  2.1    19    11     698    (-,-) 
  g68301/Y                                          -       B->Y    R     NAND3x1_ASAP7_75t_SL           1  1.8    36    21     719    (-,-) 
  g68291/Y                                          -       B->Y    F     NOR2x1p5_ASAP7_75t_SL          1  1.3    18    12     730    (-,-) 
  g68283/Y                                          -       B->Y    F     AND2x4_ASAP7_75t_SL            9  9.9    24    28     758    (-,-) 
  g68270/Y                                          -       A2->Y   R     AOI21x1_ASAP7_75t_SL           2  2.3    37    19     776    (-,-) 
  g68257/Y                                          -       A->Y    R     HB1xp67_ASAP7_75t_SL           1  1.3    25    26     803    (-,-) 
  g68226/Y                                          -       A->Y    F     NAND2x1_ASAP7_75t_SL           1  0.8    13     8     810    (-,-) 
  g68194/Y                                          -       B->Y    R     AOI21xp5_ASAP7_75t_SL          1  0.8    28    15     826    (-,-) 
  g68171/Y                                          -       C->Y    R     AND4x2_ASAP7_75t_SL            3  4.0    32    41     866    (-,-) 
  g68162/Y                                          -       A1->Y   F     AOI21x1_ASAP7_75t_SL           2  3.0    32    19     886    (-,-) 
  g68147/Y                                          -       A->Y    R     NAND2x1p5_ASAP7_75t_SL         4  3.8    36    24     909    (-,-) 
  g68143/Y                                          -       A->Y    F     INVx2_ASAP7_75t_SL             1  1.3    15     8     917    (-,-) 
  g68118/Y                                          -       A2->Y   R     AOI21x1_ASAP7_75t_SL           1  1.4    38    14     931    (-,-) 
  g68066/Y                                          -       A1->Y   F     AOI21x1_ASAP7_75t_SL           2  1.8    27    16     947    (-,-) 
  g68044/Y                                          -       A->Y    F     HB1xp67_ASAP7_75t_SL           1  1.3    20    26     973    (-,-) 
  g68013/Y                                          -       A2->Y   R     AOI21x1_ASAP7_75t_SL           3  2.2    35    18     991    (-,-) 
  fopt69418/Y                                       -       A->Y    R     BUFx3_ASAP7_75t_SL             4  3.1    17    23    1014    (-,-) 
  g67874/Y                                          -       A1->Y   F     AOI21xp5_ASAP7_75t_SL          1  0.9    36    12    1026    (-,-) 
  g67792/Y                                          -       B->Y    F     OA21x2_ASAP7_75t_SL            2  2.5    18    25    1051    (-,-) 
  g67664/Y                                          -       B->Y    F     XOR2x1_ASAP7_75t_SL            2  1.5    26    25    1076    (-,-) 
  g71163/Y                                          -       B->Y    F     AND2x2_ASAP7_75t_SL            2  1.5    14    23    1100    (-,-) 
  g67590/Y                                          -       A->Y    R     INVxp67_ASAP7_75t_SL           1  0.8    17    11    1111    (-,-) 
  g67514/Y                                          -       B->Y    F     NAND2xp5_ASAP7_75t_L           1  1.8    32    20    1131    (-,-) 
  g67323/Y                                          -       A->Y    F     XOR2x1_ASAP7_75t_SL            2  3.0    32    30    1161    (-,-) 
  g67250/Y                                          -       B->Y    R     NAND2x1p5_ASAP7_75t_SL         2  1.9    29    16    1177    (-,-) 
  g67190/Y                                          -       A->Y    F     NOR2x1_ASAP7_75t_SL            2  2.3    29    19    1197    (-,-) 
  g67181/Y                                          -       A->Y    R     INVx2_ASAP7_75t_SL             1  1.3    16    10    1207    (-,-) 
  g67145/Y                                          -       A->Y    F     NOR2x1_ASAP7_75t_SL            1  1.3    18    13    1220    (-,-) 
  g67111/Y                                          -       A->Y    R     NAND2x1_ASAP7_75t_SL           1  1.3    24    17    1236    (-,-) 
  g67039/Y                                          -       A->Y    R     XNOR2xp5_ASAP7_75t_SL          2  1.3    40    20    1256    (-,-) 
  g66989/Y                                          -       B->Y    F     NAND2xp5_ASAP7_75t_SL          1  1.3    30    17    1274    (-,-) 
  g66965/Y                                          -       B->Y    R     NOR2x1_ASAP7_75t_SL            1  1.3    24    14    1288    (-,-) 
  g66954/Y                                          -       A2->Y   R     AO31x2_ASAP7_75t_SL            1  1.3    15    21    1309    (-,-) 
  g66953/Y                                          -       B->Y    R     AND2x6_ASAP7_75t_SL            9 11.8    30    29    1338    (-,-) 
  g66937/Y                                          -       A->Y    F     INVx11_ASAP7_75t_SL           23 15.1    20    12    1351    (-,-) 
  g66899/Y                                          -       B->Y    R     NAND2xp5_ASAP7_75t_SL          1  0.9    26    14    1365    (-,-) 
  PIPE_OUT_col2_stage_reg_reg[0][21]/D              -       -       R     ASYNC_DFFHx1_ASAP7_75t_SL      1    -     -     0    1365    (-,-) 
#--------------------------------------------------------------------------------------------------------------------------------------------



Path 2: VIOLATED (-479 ps) Setup Check with Pin PIPE_OUT_col2_stage_reg_reg[0][7]/CLK->D
           View: PVT_0P63V_100C.setup_view
          Group: clk
     Startpoint: (R) PIPE_OUT_col2_stage_reg_reg[0][29]/CLK
          Clock: (R) clk
       Endpoint: (R) PIPE_OUT_col2_stage_reg_reg[0][7]/D
          Clock: (R) clk

                     Capture       Launch     
        Clock Edge:+    1000            0     
       Src Latency:+       0            0     
       Net Latency:+       0 (I)        0 (I) 
           Arrival:=    1000            0     
                                              
             Setup:-      14                  
       Uncertainty:-     100                  
     Required Time:=     886                  
      Launch Clock:-       0                  
         Data Path:-    1365                  
             Slack:=    -479                  

#--------------------------------------------------------------------------------------------------------------------------------------------
#                   Timing Point                    Flags    Arc    Edge           Cell             Fanout Load Trans Delay Arrival Instance 
#                                                                                                          (fF)  (ps)  (ps)   (ps)  Location 
#--------------------------------------------------------------------------------------------------------------------------------------------
  PIPE_OUT_col2_stage_reg_reg[0][29]/CLK            -       -       R     (arrival)                   1109    -     0     0       0    (-,-) 
  PIPE_OUT_col2_stage_reg_reg[0][29]/QN             -       CLK->QN R     ASYNC_DFFHx1_ASAP7_75t_SL      2  1.8    34    54      54    (-,-) 
  g70514/Y                                          -       B1->Y   F     AOI22x1_ASAP7_75t_SL           4  2.4    58    16      70    (-,-) 
  g70221/Y                                          -       B->Y    R     NOR2xp33_ASAP7_75t_L           1  0.9    48    31     101    (-,-) 
  g70107/Y                                          -       A2->Y   F     OAI21xp5_ASAP7_75t_SL          1  0.8    26    15     116    (-,-) 
  g69689__6783/Y                                    -       A1->Y   R     AOI21xp5_ASAP7_75t_SL          1  0.9    28    16     132    (-,-) 
  g69681/Y                                          -       A->Y    F     INVx1_ASAP7_75t_SL             1  0.8    14     9     141    (-,-) 
  g69578__4319/Y                                    -       B->Y    R     AOI21xp5_ASAP7_75t_SL          1  0.9    30    16     157    (-,-) 
  g69558__1881/Y                                    -       B->Y    R     OA21x2_ASAP7_75t_SL            2  2.1    18    24     181    (-,-) 
  g69490__5526/Y                                    -       B->Y    F     OAI21xp5_ASAP7_75t_SL          1  1.5    32    16     197    (-,-) 
  fopt39/Y                                          -       A->Y    F     BUFx6f_ASAP7_75t_SL           13  8.7    18    25     222    (-,-) 
  g69411__2802/Y                                    -       B1->Y   R     AOI22xp5_ASAP7_75t_SL          2  1.9    53    26     248    (-,-) 
  g69271__6783/Y                                    -       B->Y    F     NAND2x1_ASAP7_75t_SL           2  1.9    28    14     262    (-,-) 
  g69206__1666/Y                                    -       C->Y    F     AO211x2_ASAP7_75t_SL           3  3.4    21    29     291    (-,-) 
  g69196/Y                                          -       A->Y    F     BUFx3_ASAP7_75t_SL             2  2.0    12    20     312    (-,-) 
  g69169__5122/Y                                    -       A2->Y   R     AOI21x1_ASAP7_75t_SL           1  0.9    21    11     323    (-,-) 
  g69085__6161/Y                                    -       B->Y    R     OA21x2_ASAP7_75t_SL            5  6.0    36    33     355    (-,-) 
  g68918__5107/Y                                    -       B->Y    R     AND2x4_ASAP7_75t_SL           11  9.2    29    30     385    (-,-) 
  g68812__2802/Y                                    -       B2->Y   R     AO22x2_ASAP7_75t_SL            2  2.2    20    26     411    (-,-) 
  g68790/Y                                          -       A->Y    F     INVx1_ASAP7_75t_SL             1  1.4    16    11     422    (-,-) 
  g68728__8428/Y                                    -       A1->Y   R     OAI22x1_ASAP7_75t_SL           2  1.5    34    15     437    (-,-) 
  fopt71412/Y                                       -       A->Y    F     INVx1_ASAP7_75t_SL             1  0.8    16     9     447    (-,-) 
  g68645__1666/Y                                    -       A1->Y   R     OAI22xp5_ASAP7_75t_SL          2  1.5    45    21     467    (-,-) 
  g68582__1666/Y                                    -       A1->Y   F     AOI22xp5_ASAP7_75t_SL          1  1.3    34    17     484    (-,-) 
  g68536__6783/Y                                    -       B->Y    F     XNOR2xp5_ASAP7_75t_SL          2  1.3    40    28     512    (-,-) 
  addinc_FP32_ALU_col2_fracAdder_add_113_18_g1027/Y -       A->Y    F     HB1xp67_ASAP7_75t_SL           1  1.8    26    32     544    (-,-) 
  addinc_FP32_ALU_col2_fracAdder_add_113_18_g956/Y  -       B->Y    R     NAND2x1p5_ASAP7_75t_SL         2  1.4    30    13     558    (-,-) 
  addinc_FP32_ALU_col2_fracAdder_add_113_18_g863/Y  -       A1->Y   F     OAI21xp5_ASAP7_75t_SL          3  2.5    44    25     582    (-,-) 
  addinc_FP32_ALU_col2_fracAdder_add_113_18_g811/Y  -       A2->Y   R     AOI21x1_ASAP7_75t_SL           1  1.2    30    17     599    (-,-) 
  addinc_FP32_ALU_col2_fracAdder_add_113_18_g786/Y  -       C->Y    R     OA221x2_ASAP7_75t_SL           3  3.6    25    28     627    (-,-) 
  addinc_FP32_ALU_col2_fracAdder_add_113_18_g780/Y  -       A->Y    F     INVx3_ASAP7_75t_SL             6  4.4    18    12     638    (-,-) 
  addinc_FP32_ALU_col2_fracAdder_add_113_18_g763/Y  -       A1->Y   R     AOI21xp5_ASAP7_75t_SL          1  1.3    38    18     657    (-,-) 
  addinc_FP32_ALU_col2_fracAdder_add_113_18_g749/Y  -       B->Y    R     XOR2xp5_ASAP7_75t_SL           1  1.5    41    30     687    (-,-) 
  g71108/Y                                          -       A->Y    F     INVx2_ASAP7_75t_SL             2  2.1    19    11     698    (-,-) 
  g68301/Y                                          -       B->Y    R     NAND3x1_ASAP7_75t_SL           1  1.8    36    21     719    (-,-) 
  g68291/Y                                          -       B->Y    F     NOR2x1p5_ASAP7_75t_SL          1  1.3    18    12     730    (-,-) 
  g68283/Y                                          -       B->Y    F     AND2x4_ASAP7_75t_SL            9  9.9    24    28     758    (-,-) 
  g68270/Y                                          -       A2->Y   R     AOI21x1_ASAP7_75t_SL           2  2.3    37    19     776    (-,-) 
  g68257/Y                                          -       A->Y    R     HB1xp67_ASAP7_75t_SL           1  1.3    25    26     803    (-,-) 
  g68226/Y                                          -       A->Y    F     NAND2x1_ASAP7_75t_SL           1  0.8    13     8     810    (-,-) 
  g68194/Y                                          -       B->Y    R     AOI21xp5_ASAP7_75t_SL          1  0.8    28    15     826    (-,-) 
  g68171/Y                                          -       C->Y    R     AND4x2_ASAP7_75t_SL            3  4.0    32    41     866    (-,-) 
  g68162/Y                                          -       A1->Y   F     AOI21x1_ASAP7_75t_SL           2  3.0    32    19     886    (-,-) 
  g68147/Y                                          -       A->Y    R     NAND2x1p5_ASAP7_75t_SL         4  3.8    36    24     909    (-,-) 
  g68143/Y                                          -       A->Y    F     INVx2_ASAP7_75t_SL             1  1.3    15     8     917    (-,-) 
  g68118/Y                                          -       A2->Y   R     AOI21x1_ASAP7_75t_SL           1  1.4    38    14     931    (-,-) 
  g68066/Y                                          -       A1->Y   F     AOI21x1_ASAP7_75t_SL           2  1.8    27    16     947    (-,-) 
  g68044/Y                                          -       A->Y    F     HB1xp67_ASAP7_75t_SL           1  1.3    20    26     973    (-,-) 
  g68013/Y                                          -       A2->Y   R     AOI21x1_ASAP7_75t_SL           3  2.2    35    18     991    (-,-) 
  fopt69418/Y                                       -       A->Y    R     BUFx3_ASAP7_75t_SL             4  3.1    17    23    1014    (-,-) 
  g67874/Y                                          -       A1->Y   F     AOI21xp5_ASAP7_75t_SL          1  0.9    36    12    1026    (-,-) 
  g67792/Y                                          -       B->Y    F     OA21x2_ASAP7_75t_SL            2  2.5    18    25    1051    (-,-) 
  g67664/Y                                          -       B->Y    F     XOR2x1_ASAP7_75t_SL            2  1.5    26    25    1076    (-,-) 
  g71163/Y                                          -       B->Y    F     AND2x2_ASAP7_75t_SL            2  1.5    14    23    1100    (-,-) 
  g67590/Y                                          -       A->Y    R     INVxp67_ASAP7_75t_SL           1  0.8    17    11    1111    (-,-) 
  g67514/Y                                          -       B->Y    F     NAND2xp5_ASAP7_75t_L           1  1.8    32    20    1131    (-,-) 
  g67323/Y                                          -       A->Y    F     XOR2x1_ASAP7_75t_SL            2  3.0    32    30    1161    (-,-) 
  g67250/Y                                          -       B->Y    R     NAND2x1p5_ASAP7_75t_SL         2  1.9    29    16    1177    (-,-) 
  g67190/Y                                          -       A->Y    F     NOR2x1_ASAP7_75t_SL            2  2.3    29    19    1197    (-,-) 
  g67181/Y                                          -       A->Y    R     INVx2_ASAP7_75t_SL             1  1.3    16    10    1207    (-,-) 
  g67145/Y                                          -       A->Y    F     NOR2x1_ASAP7_75t_SL            1  1.3    18    13    1220    (-,-) 
  g67111/Y                                          -       A->Y    R     NAND2x1_ASAP7_75t_SL           1  1.3    24    17    1236    (-,-) 
  g67039/Y                                          -       A->Y    R     XNOR2xp5_ASAP7_75t_SL          2  1.3    40    20    1256    (-,-) 
  g66989/Y                                          -       B->Y    F     NAND2xp5_ASAP7_75t_SL          1  1.3    30    17    1274    (-,-) 
  g66965/Y                                          -       B->Y    R     NOR2x1_ASAP7_75t_SL            1  1.3    24    14    1288    (-,-) 
  g66954/Y                                          -       A2->Y   R     AO31x2_ASAP7_75t_SL            1  1.3    15    21    1309    (-,-) 
  g66953/Y                                          -       B->Y    R     AND2x6_ASAP7_75t_SL            9 11.8    30    29    1338    (-,-) 
  g66937/Y                                          -       A->Y    F     INVx11_ASAP7_75t_SL           23 15.1    20    12    1351    (-,-) 
  g66900/Y                                          -       B->Y    R     NAND2xp5_ASAP7_75t_SL          1  0.9    26    14    1365    (-,-) 
  PIPE_OUT_col2_stage_reg_reg[0][7]/D               -       -       R     ASYNC_DFFHx1_ASAP7_75t_SL      1    -     -     0    1365    (-,-) 
#--------------------------------------------------------------------------------------------------------------------------------------------



Path 3: VIOLATED (-479 ps) Setup Check with Pin PIPE_OUT_col2_stage_reg_reg[0][1]/CLK->D
           View: PVT_0P63V_100C.setup_view
          Group: clk
     Startpoint: (R) PIPE_OUT_col2_stage_reg_reg[0][29]/CLK
          Clock: (R) clk
       Endpoint: (R) PIPE_OUT_col2_stage_reg_reg[0][1]/D
          Clock: (R) clk

                     Capture       Launch     
        Clock Edge:+    1000            0     
       Src Latency:+       0            0     
       Net Latency:+       0 (I)        0 (I) 
           Arrival:=    1000            0     
                                              
             Setup:-      14                  
       Uncertainty:-     100                  
     Required Time:=     886                  
      Launch Clock:-       0                  
         Data Path:-    1365                  
             Slack:=    -479                  

#--------------------------------------------------------------------------------------------------------------------------------------------
#                   Timing Point                    Flags    Arc    Edge           Cell             Fanout Load Trans Delay Arrival Instance 
#                                                                                                          (fF)  (ps)  (ps)   (ps)  Location 
#--------------------------------------------------------------------------------------------------------------------------------------------
  PIPE_OUT_col2_stage_reg_reg[0][29]/CLK            -       -       R     (arrival)                   1109    -     0     0       0    (-,-) 
  PIPE_OUT_col2_stage_reg_reg[0][29]/QN             -       CLK->QN R     ASYNC_DFFHx1_ASAP7_75t_SL      2  1.8    34    54      54    (-,-) 
  g70514/Y                                          -       B1->Y   F     AOI22x1_ASAP7_75t_SL           4  2.4    58    16      70    (-,-) 
  g70221/Y                                          -       B->Y    R     NOR2xp33_ASAP7_75t_L           1  0.9    48    31     101    (-,-) 
  g70107/Y                                          -       A2->Y   F     OAI21xp5_ASAP7_75t_SL          1  0.8    26    15     116    (-,-) 
  g69689__6783/Y                                    -       A1->Y   R     AOI21xp5_ASAP7_75t_SL          1  0.9    28    16     132    (-,-) 
  g69681/Y                                          -       A->Y    F     INVx1_ASAP7_75t_SL             1  0.8    14     9     141    (-,-) 
  g69578__4319/Y                                    -       B->Y    R     AOI21xp5_ASAP7_75t_SL          1  0.9    30    16     157    (-,-) 
  g69558__1881/Y                                    -       B->Y    R     OA21x2_ASAP7_75t_SL            2  2.1    18    24     181    (-,-) 
  g69490__5526/Y                                    -       B->Y    F     OAI21xp5_ASAP7_75t_SL          1  1.5    32    16     197    (-,-) 
  fopt39/Y                                          -       A->Y    F     BUFx6f_ASAP7_75t_SL           13  8.7    18    25     222    (-,-) 
  g69411__2802/Y                                    -       B1->Y   R     AOI22xp5_ASAP7_75t_SL          2  1.9    53    26     248    (-,-) 
  g69271__6783/Y                                    -       B->Y    F     NAND2x1_ASAP7_75t_SL           2  1.9    28    14     262    (-,-) 
  g69206__1666/Y                                    -       C->Y    F     AO211x2_ASAP7_75t_SL           3  3.4    21    29     291    (-,-) 
  g69196/Y                                          -       A->Y    F     BUFx3_ASAP7_75t_SL             2  2.0    12    20     312    (-,-) 
  g69169__5122/Y                                    -       A2->Y   R     AOI21x1_ASAP7_75t_SL           1  0.9    21    11     323    (-,-) 
  g69085__6161/Y                                    -       B->Y    R     OA21x2_ASAP7_75t_SL            5  6.0    36    33     355    (-,-) 
  g68918__5107/Y                                    -       B->Y    R     AND2x4_ASAP7_75t_SL           11  9.2    29    30     385    (-,-) 
  g68812__2802/Y                                    -       B2->Y   R     AO22x2_ASAP7_75t_SL            2  2.2    20    26     411    (-,-) 
  g68790/Y                                          -       A->Y    F     INVx1_ASAP7_75t_SL             1  1.4    16    11     422    (-,-) 
  g68728__8428/Y                                    -       A1->Y   R     OAI22x1_ASAP7_75t_SL           2  1.5    34    15     437    (-,-) 
  fopt71412/Y                                       -       A->Y    F     INVx1_ASAP7_75t_SL             1  0.8    16     9     447    (-,-) 
  g68645__1666/Y                                    -       A1->Y   R     OAI22xp5_ASAP7_75t_SL          2  1.5    45    21     467    (-,-) 
  g68582__1666/Y                                    -       A1->Y   F     AOI22xp5_ASAP7_75t_SL          1  1.3    34    17     484    (-,-) 
  g68536__6783/Y                                    -       B->Y    F     XNOR2xp5_ASAP7_75t_SL          2  1.3    40    28     512    (-,-) 
  addinc_FP32_ALU_col2_fracAdder_add_113_18_g1027/Y -       A->Y    F     HB1xp67_ASAP7_75t_SL           1  1.8    26    32     544    (-,-) 
  addinc_FP32_ALU_col2_fracAdder_add_113_18_g956/Y  -       B->Y    R     NAND2x1p5_ASAP7_75t_SL         2  1.4    30    13     558    (-,-) 
  addinc_FP32_ALU_col2_fracAdder_add_113_18_g863/Y  -       A1->Y   F     OAI21xp5_ASAP7_75t_SL          3  2.5    44    25     582    (-,-) 
  addinc_FP32_ALU_col2_fracAdder_add_113_18_g811/Y  -       A2->Y   R     AOI21x1_ASAP7_75t_SL           1  1.2    30    17     599    (-,-) 
  addinc_FP32_ALU_col2_fracAdder_add_113_18_g786/Y  -       C->Y    R     OA221x2_ASAP7_75t_SL           3  3.6    25    28     627    (-,-) 
  addinc_FP32_ALU_col2_fracAdder_add_113_18_g780/Y  -       A->Y    F     INVx3_ASAP7_75t_SL             6  4.4    18    12     638    (-,-) 
  addinc_FP32_ALU_col2_fracAdder_add_113_18_g763/Y  -       A1->Y   R     AOI21xp5_ASAP7_75t_SL          1  1.3    38    18     657    (-,-) 
  addinc_FP32_ALU_col2_fracAdder_add_113_18_g749/Y  -       B->Y    R     XOR2xp5_ASAP7_75t_SL           1  1.5    41    30     687    (-,-) 
  g71108/Y                                          -       A->Y    F     INVx2_ASAP7_75t_SL             2  2.1    19    11     698    (-,-) 
  g68301/Y                                          -       B->Y    R     NAND3x1_ASAP7_75t_SL           1  1.8    36    21     719    (-,-) 
  g68291/Y                                          -       B->Y    F     NOR2x1p5_ASAP7_75t_SL          1  1.3    18    12     730    (-,-) 
  g68283/Y                                          -       B->Y    F     AND2x4_ASAP7_75t_SL            9  9.9    24    28     758    (-,-) 
  g68270/Y                                          -       A2->Y   R     AOI21x1_ASAP7_75t_SL           2  2.3    37    19     776    (-,-) 
  g68257/Y                                          -       A->Y    R     HB1xp67_ASAP7_75t_SL           1  1.3    25    26     803    (-,-) 
  g68226/Y                                          -       A->Y    F     NAND2x1_ASAP7_75t_SL           1  0.8    13     8     810    (-,-) 
  g68194/Y                                          -       B->Y    R     AOI21xp5_ASAP7_75t_SL          1  0.8    28    15     826    (-,-) 
  g68171/Y                                          -       C->Y    R     AND4x2_ASAP7_75t_SL            3  4.0    32    41     866    (-,-) 
  g68162/Y                                          -       A1->Y   F     AOI21x1_ASAP7_75t_SL           2  3.0    32    19     886    (-,-) 
  g68147/Y                                          -       A->Y    R     NAND2x1p5_ASAP7_75t_SL         4  3.8    36    24     909    (-,-) 
  g68143/Y                                          -       A->Y    F     INVx2_ASAP7_75t_SL             1  1.3    15     8     917    (-,-) 
  g68118/Y                                          -       A2->Y   R     AOI21x1_ASAP7_75t_SL           1  1.4    38    14     931    (-,-) 
  g68066/Y                                          -       A1->Y   F     AOI21x1_ASAP7_75t_SL           2  1.8    27    16     947    (-,-) 
  g68044/Y                                          -       A->Y    F     HB1xp67_ASAP7_75t_SL           1  1.3    20    26     973    (-,-) 
  g68013/Y                                          -       A2->Y   R     AOI21x1_ASAP7_75t_SL           3  2.2    35    18     991    (-,-) 
  fopt69418/Y                                       -       A->Y    R     BUFx3_ASAP7_75t_SL             4  3.1    17    23    1014    (-,-) 
  g67874/Y                                          -       A1->Y   F     AOI21xp5_ASAP7_75t_SL          1  0.9    36    12    1026    (-,-) 
  g67792/Y                                          -       B->Y    F     OA21x2_ASAP7_75t_SL            2  2.5    18    25    1051    (-,-) 
  g67664/Y                                          -       B->Y    F     XOR2x1_ASAP7_75t_SL            2  1.5    26    25    1076    (-,-) 
  g71163/Y                                          -       B->Y    F     AND2x2_ASAP7_75t_SL            2  1.5    14    23    1100    (-,-) 
  g67590/Y                                          -       A->Y    R     INVxp67_ASAP7_75t_SL           1  0.8    17    11    1111    (-,-) 
  g67514/Y                                          -       B->Y    F     NAND2xp5_ASAP7_75t_L           1  1.8    32    20    1131    (-,-) 
  g67323/Y                                          -       A->Y    F     XOR2x1_ASAP7_75t_SL            2  3.0    32    30    1161    (-,-) 
  g67250/Y                                          -       B->Y    R     NAND2x1p5_ASAP7_75t_SL         2  1.9    29    16    1177    (-,-) 
  g67190/Y                                          -       A->Y    F     NOR2x1_ASAP7_75t_SL            2  2.3    29    19    1197    (-,-) 
  g67181/Y                                          -       A->Y    R     INVx2_ASAP7_75t_SL             1  1.3    16    10    1207    (-,-) 
  g67145/Y                                          -       A->Y    F     NOR2x1_ASAP7_75t_SL            1  1.3    18    13    1220    (-,-) 
  g67111/Y                                          -       A->Y    R     NAND2x1_ASAP7_75t_SL           1  1.3    24    17    1236    (-,-) 
  g67039/Y                                          -       A->Y    R     XNOR2xp5_ASAP7_75t_SL          2  1.3    40    20    1256    (-,-) 
  g66989/Y                                          -       B->Y    F     NAND2xp5_ASAP7_75t_SL          1  1.3    30    17    1274    (-,-) 
  g66965/Y                                          -       B->Y    R     NOR2x1_ASAP7_75t_SL            1  1.3    24    14    1288    (-,-) 
  g66954/Y                                          -       A2->Y   R     AO31x2_ASAP7_75t_SL            1  1.3    15    21    1309    (-,-) 
  g66953/Y                                          -       B->Y    R     AND2x6_ASAP7_75t_SL            9 11.8    30    29    1338    (-,-) 
  g66937/Y                                          -       A->Y    F     INVx11_ASAP7_75t_SL           23 15.1    20    12    1351    (-,-) 
  g66903/Y                                          -       B->Y    R     NAND2xp5_ASAP7_75t_SL          1  0.9    26    14    1365    (-,-) 
  PIPE_OUT_col2_stage_reg_reg[0][1]/D               -       -       R     ASYNC_DFFHx1_ASAP7_75t_SL      1    -     -     0    1365    (-,-) 
#--------------------------------------------------------------------------------------------------------------------------------------------



Path 4: VIOLATED (-479 ps) Setup Check with Pin PIPE_OUT_col2_stage_reg_reg[0][22]/CLK->D
           View: PVT_0P63V_100C.setup_view
          Group: clk
     Startpoint: (R) PIPE_OUT_col2_stage_reg_reg[0][29]/CLK
          Clock: (R) clk
       Endpoint: (R) PIPE_OUT_col2_stage_reg_reg[0][22]/D
          Clock: (R) clk

                     Capture       Launch     
        Clock Edge:+    1000            0     
       Src Latency:+       0            0     
       Net Latency:+       0 (I)        0 (I) 
           Arrival:=    1000            0     
                                              
             Setup:-      14                  
       Uncertainty:-     100                  
     Required Time:=     886                  
      Launch Clock:-       0                  
         Data Path:-    1365                  
             Slack:=    -479                  

#--------------------------------------------------------------------------------------------------------------------------------------------
#                   Timing Point                    Flags    Arc    Edge           Cell             Fanout Load Trans Delay Arrival Instance 
#                                                                                                          (fF)  (ps)  (ps)   (ps)  Location 
#--------------------------------------------------------------------------------------------------------------------------------------------
  PIPE_OUT_col2_stage_reg_reg[0][29]/CLK            -       -       R     (arrival)                   1109    -     0     0       0    (-,-) 
  PIPE_OUT_col2_stage_reg_reg[0][29]/QN             -       CLK->QN R     ASYNC_DFFHx1_ASAP7_75t_SL      2  1.8    34    54      54    (-,-) 
  g70514/Y                                          -       B1->Y   F     AOI22x1_ASAP7_75t_SL           4  2.4    58    16      70    (-,-) 
  g70221/Y                                          -       B->Y    R     NOR2xp33_ASAP7_75t_L           1  0.9    48    31     101    (-,-) 
  g70107/Y                                          -       A2->Y   F     OAI21xp5_ASAP7_75t_SL          1  0.8    26    15     116    (-,-) 
  g69689__6783/Y                                    -       A1->Y   R     AOI21xp5_ASAP7_75t_SL          1  0.9    28    16     132    (-,-) 
  g69681/Y                                          -       A->Y    F     INVx1_ASAP7_75t_SL             1  0.8    14     9     141    (-,-) 
  g69578__4319/Y                                    -       B->Y    R     AOI21xp5_ASAP7_75t_SL          1  0.9    30    16     157    (-,-) 
  g69558__1881/Y                                    -       B->Y    R     OA21x2_ASAP7_75t_SL            2  2.1    18    24     181    (-,-) 
  g69490__5526/Y                                    -       B->Y    F     OAI21xp5_ASAP7_75t_SL          1  1.5    32    16     197    (-,-) 
  fopt39/Y                                          -       A->Y    F     BUFx6f_ASAP7_75t_SL           13  8.7    18    25     222    (-,-) 
  g69411__2802/Y                                    -       B1->Y   R     AOI22xp5_ASAP7_75t_SL          2  1.9    53    26     248    (-,-) 
  g69271__6783/Y                                    -       B->Y    F     NAND2x1_ASAP7_75t_SL           2  1.9    28    14     262    (-,-) 
  g69206__1666/Y                                    -       C->Y    F     AO211x2_ASAP7_75t_SL           3  3.4    21    29     291    (-,-) 
  g69196/Y                                          -       A->Y    F     BUFx3_ASAP7_75t_SL             2  2.0    12    20     312    (-,-) 
  g69169__5122/Y                                    -       A2->Y   R     AOI21x1_ASAP7_75t_SL           1  0.9    21    11     323    (-,-) 
  g69085__6161/Y                                    -       B->Y    R     OA21x2_ASAP7_75t_SL            5  6.0    36    33     355    (-,-) 
  g68918__5107/Y                                    -       B->Y    R     AND2x4_ASAP7_75t_SL           11  9.2    29    30     385    (-,-) 
  g68812__2802/Y                                    -       B2->Y   R     AO22x2_ASAP7_75t_SL            2  2.2    20    26     411    (-,-) 
  g68790/Y                                          -       A->Y    F     INVx1_ASAP7_75t_SL             1  1.4    16    11     422    (-,-) 
  g68728__8428/Y                                    -       A1->Y   R     OAI22x1_ASAP7_75t_SL           2  1.5    34    15     437    (-,-) 
  fopt71412/Y                                       -       A->Y    F     INVx1_ASAP7_75t_SL             1  0.8    16     9     447    (-,-) 
  g68645__1666/Y                                    -       A1->Y   R     OAI22xp5_ASAP7_75t_SL          2  1.5    45    21     467    (-,-) 
  g68582__1666/Y                                    -       A1->Y   F     AOI22xp5_ASAP7_75t_SL          1  1.3    34    17     484    (-,-) 
  g68536__6783/Y                                    -       B->Y    F     XNOR2xp5_ASAP7_75t_SL          2  1.3    40    28     512    (-,-) 
  addinc_FP32_ALU_col2_fracAdder_add_113_18_g1027/Y -       A->Y    F     HB1xp67_ASAP7_75t_SL           1  1.8    26    32     544    (-,-) 
  addinc_FP32_ALU_col2_fracAdder_add_113_18_g956/Y  -       B->Y    R     NAND2x1p5_ASAP7_75t_SL         2  1.4    30    13     558    (-,-) 
  addinc_FP32_ALU_col2_fracAdder_add_113_18_g863/Y  -       A1->Y   F     OAI21xp5_ASAP7_75t_SL          3  2.5    44    25     582    (-,-) 
  addinc_FP32_ALU_col2_fracAdder_add_113_18_g811/Y  -       A2->Y   R     AOI21x1_ASAP7_75t_SL           1  1.2    30    17     599    (-,-) 
  addinc_FP32_ALU_col2_fracAdder_add_113_18_g786/Y  -       C->Y    R     OA221x2_ASAP7_75t_SL           3  3.6    25    28     627    (-,-) 
  addinc_FP32_ALU_col2_fracAdder_add_113_18_g780/Y  -       A->Y    F     INVx3_ASAP7_75t_SL             6  4.4    18    12     638    (-,-) 
  addinc_FP32_ALU_col2_fracAdder_add_113_18_g763/Y  -       A1->Y   R     AOI21xp5_ASAP7_75t_SL          1  1.3    38    18     657    (-,-) 
  addinc_FP32_ALU_col2_fracAdder_add_113_18_g749/Y  -       B->Y    R     XOR2xp5_ASAP7_75t_SL           1  1.5    41    30     687    (-,-) 
  g71108/Y                                          -       A->Y    F     INVx2_ASAP7_75t_SL             2  2.1    19    11     698    (-,-) 
  g68301/Y                                          -       B->Y    R     NAND3x1_ASAP7_75t_SL           1  1.8    36    21     719    (-,-) 
  g68291/Y                                          -       B->Y    F     NOR2x1p5_ASAP7_75t_SL          1  1.3    18    12     730    (-,-) 
  g68283/Y                                          -       B->Y    F     AND2x4_ASAP7_75t_SL            9  9.9    24    28     758    (-,-) 
  g68270/Y                                          -       A2->Y   R     AOI21x1_ASAP7_75t_SL           2  2.3    37    19     776    (-,-) 
  g68257/Y                                          -       A->Y    R     HB1xp67_ASAP7_75t_SL           1  1.3    25    26     803    (-,-) 
  g68226/Y                                          -       A->Y    F     NAND2x1_ASAP7_75t_SL           1  0.8    13     8     810    (-,-) 
  g68194/Y                                          -       B->Y    R     AOI21xp5_ASAP7_75t_SL          1  0.8    28    15     826    (-,-) 
  g68171/Y                                          -       C->Y    R     AND4x2_ASAP7_75t_SL            3  4.0    32    41     866    (-,-) 
  g68162/Y                                          -       A1->Y   F     AOI21x1_ASAP7_75t_SL           2  3.0    32    19     886    (-,-) 
  g68147/Y                                          -       A->Y    R     NAND2x1p5_ASAP7_75t_SL         4  3.8    36    24     909    (-,-) 
  g68143/Y                                          -       A->Y    F     INVx2_ASAP7_75t_SL             1  1.3    15     8     917    (-,-) 
  g68118/Y                                          -       A2->Y   R     AOI21x1_ASAP7_75t_SL           1  1.4    38    14     931    (-,-) 
  g68066/Y                                          -       A1->Y   F     AOI21x1_ASAP7_75t_SL           2  1.8    27    16     947    (-,-) 
  g68044/Y                                          -       A->Y    F     HB1xp67_ASAP7_75t_SL           1  1.3    20    26     973    (-,-) 
  g68013/Y                                          -       A2->Y   R     AOI21x1_ASAP7_75t_SL           3  2.2    35    18     991    (-,-) 
  fopt69418/Y                                       -       A->Y    R     BUFx3_ASAP7_75t_SL             4  3.1    17    23    1014    (-,-) 
  g67874/Y                                          -       A1->Y   F     AOI21xp5_ASAP7_75t_SL          1  0.9    36    12    1026    (-,-) 
  g67792/Y                                          -       B->Y    F     OA21x2_ASAP7_75t_SL            2  2.5    18    25    1051    (-,-) 
  g67664/Y                                          -       B->Y    F     XOR2x1_ASAP7_75t_SL            2  1.5    26    25    1076    (-,-) 
  g71163/Y                                          -       B->Y    F     AND2x2_ASAP7_75t_SL            2  1.5    14    23    1100    (-,-) 
  g67590/Y                                          -       A->Y    R     INVxp67_ASAP7_75t_SL           1  0.8    17    11    1111    (-,-) 
  g67514/Y                                          -       B->Y    F     NAND2xp5_ASAP7_75t_L           1  1.8    32    20    1131    (-,-) 
  g67323/Y                                          -       A->Y    F     XOR2x1_ASAP7_75t_SL            2  3.0    32    30    1161    (-,-) 
  g67250/Y                                          -       B->Y    R     NAND2x1p5_ASAP7_75t_SL         2  1.9    29    16    1177    (-,-) 
  g67190/Y                                          -       A->Y    F     NOR2x1_ASAP7_75t_SL            2  2.3    29    19    1197    (-,-) 
  g67181/Y                                          -       A->Y    R     INVx2_ASAP7_75t_SL             1  1.3    16    10    1207    (-,-) 
  g67145/Y                                          -       A->Y    F     NOR2x1_ASAP7_75t_SL            1  1.3    18    13    1220    (-,-) 
  g67111/Y                                          -       A->Y    R     NAND2x1_ASAP7_75t_SL           1  1.3    24    17    1236    (-,-) 
  g67039/Y                                          -       A->Y    R     XNOR2xp5_ASAP7_75t_SL          2  1.3    40    20    1256    (-,-) 
  g66989/Y                                          -       B->Y    F     NAND2xp5_ASAP7_75t_SL          1  1.3    30    17    1274    (-,-) 
  g66965/Y                                          -       B->Y    R     NOR2x1_ASAP7_75t_SL            1  1.3    24    14    1288    (-,-) 
  g66954/Y                                          -       A2->Y   R     AO31x2_ASAP7_75t_SL            1  1.3    15    21    1309    (-,-) 
  g66953/Y                                          -       B->Y    R     AND2x6_ASAP7_75t_SL            9 11.8    30    29    1338    (-,-) 
  g66937/Y                                          -       A->Y    F     INVx11_ASAP7_75t_SL           23 15.1    20    12    1351    (-,-) 
  g66904/Y                                          -       B->Y    R     NAND2xp5_ASAP7_75t_SL          1  0.9    25    14    1365    (-,-) 
  PIPE_OUT_col2_stage_reg_reg[0][22]/D              -       -       R     ASYNC_DFFHx1_ASAP7_75t_SL      1    -     -     0    1365    (-,-) 
#--------------------------------------------------------------------------------------------------------------------------------------------



Path 5: VIOLATED (-479 ps) Setup Check with Pin PIPE_OUT_col2_stage_reg_reg[0][20]/CLK->D
           View: PVT_0P63V_100C.setup_view
          Group: clk
     Startpoint: (R) PIPE_OUT_col2_stage_reg_reg[0][29]/CLK
          Clock: (R) clk
       Endpoint: (R) PIPE_OUT_col2_stage_reg_reg[0][20]/D
          Clock: (R) clk

                     Capture       Launch     
        Clock Edge:+    1000            0     
       Src Latency:+       0            0     
       Net Latency:+       0 (I)        0 (I) 
           Arrival:=    1000            0     
                                              
             Setup:-      14                  
       Uncertainty:-     100                  
     Required Time:=     886                  
      Launch Clock:-       0                  
         Data Path:-    1365                  
             Slack:=    -479                  

#--------------------------------------------------------------------------------------------------------------------------------------------
#                   Timing Point                    Flags    Arc    Edge           Cell             Fanout Load Trans Delay Arrival Instance 
#                                                                                                          (fF)  (ps)  (ps)   (ps)  Location 
#--------------------------------------------------------------------------------------------------------------------------------------------
  PIPE_OUT_col2_stage_reg_reg[0][29]/CLK            -       -       R     (arrival)                   1109    -     0     0       0    (-,-) 
  PIPE_OUT_col2_stage_reg_reg[0][29]/QN             -       CLK->QN R     ASYNC_DFFHx1_ASAP7_75t_SL      2  1.8    34    54      54    (-,-) 
  g70514/Y                                          -       B1->Y   F     AOI22x1_ASAP7_75t_SL           4  2.4    58    16      70    (-,-) 
  g70221/Y                                          -       B->Y    R     NOR2xp33_ASAP7_75t_L           1  0.9    48    31     101    (-,-) 
  g70107/Y                                          -       A2->Y   F     OAI21xp5_ASAP7_75t_SL          1  0.8    26    15     116    (-,-) 
  g69689__6783/Y                                    -       A1->Y   R     AOI21xp5_ASAP7_75t_SL          1  0.9    28    16     132    (-,-) 
  g69681/Y                                          -       A->Y    F     INVx1_ASAP7_75t_SL             1  0.8    14     9     141    (-,-) 
  g69578__4319/Y                                    -       B->Y    R     AOI21xp5_ASAP7_75t_SL          1  0.9    30    16     157    (-,-) 
  g69558__1881/Y                                    -       B->Y    R     OA21x2_ASAP7_75t_SL            2  2.1    18    24     181    (-,-) 
  g69490__5526/Y                                    -       B->Y    F     OAI21xp5_ASAP7_75t_SL          1  1.5    32    16     197    (-,-) 
  fopt39/Y                                          -       A->Y    F     BUFx6f_ASAP7_75t_SL           13  8.7    18    25     222    (-,-) 
  g69411__2802/Y                                    -       B1->Y   R     AOI22xp5_ASAP7_75t_SL          2  1.9    53    26     248    (-,-) 
  g69271__6783/Y                                    -       B->Y    F     NAND2x1_ASAP7_75t_SL           2  1.9    28    14     262    (-,-) 
  g69206__1666/Y                                    -       C->Y    F     AO211x2_ASAP7_75t_SL           3  3.4    21    29     291    (-,-) 
  g69196/Y                                          -       A->Y    F     BUFx3_ASAP7_75t_SL             2  2.0    12    20     312    (-,-) 
  g69169__5122/Y                                    -       A2->Y   R     AOI21x1_ASAP7_75t_SL           1  0.9    21    11     323    (-,-) 
  g69085__6161/Y                                    -       B->Y    R     OA21x2_ASAP7_75t_SL            5  6.0    36    33     355    (-,-) 
  g68918__5107/Y                                    -       B->Y    R     AND2x4_ASAP7_75t_SL           11  9.2    29    30     385    (-,-) 
  g68812__2802/Y                                    -       B2->Y   R     AO22x2_ASAP7_75t_SL            2  2.2    20    26     411    (-,-) 
  g68790/Y                                          -       A->Y    F     INVx1_ASAP7_75t_SL             1  1.4    16    11     422    (-,-) 
  g68728__8428/Y                                    -       A1->Y   R     OAI22x1_ASAP7_75t_SL           2  1.5    34    15     437    (-,-) 
  fopt71412/Y                                       -       A->Y    F     INVx1_ASAP7_75t_SL             1  0.8    16     9     447    (-,-) 
  g68645__1666/Y                                    -       A1->Y   R     OAI22xp5_ASAP7_75t_SL          2  1.5    45    21     467    (-,-) 
  g68582__1666/Y                                    -       A1->Y   F     AOI22xp5_ASAP7_75t_SL          1  1.3    34    17     484    (-,-) 
  g68536__6783/Y                                    -       B->Y    F     XNOR2xp5_ASAP7_75t_SL          2  1.3    40    28     512    (-,-) 
  addinc_FP32_ALU_col2_fracAdder_add_113_18_g1027/Y -       A->Y    F     HB1xp67_ASAP7_75t_SL           1  1.8    26    32     544    (-,-) 
  addinc_FP32_ALU_col2_fracAdder_add_113_18_g956/Y  -       B->Y    R     NAND2x1p5_ASAP7_75t_SL         2  1.4    30    13     558    (-,-) 
  addinc_FP32_ALU_col2_fracAdder_add_113_18_g863/Y  -       A1->Y   F     OAI21xp5_ASAP7_75t_SL          3  2.5    44    25     582    (-,-) 
  addinc_FP32_ALU_col2_fracAdder_add_113_18_g811/Y  -       A2->Y   R     AOI21x1_ASAP7_75t_SL           1  1.2    30    17     599    (-,-) 
  addinc_FP32_ALU_col2_fracAdder_add_113_18_g786/Y  -       C->Y    R     OA221x2_ASAP7_75t_SL           3  3.6    25    28     627    (-,-) 
  addinc_FP32_ALU_col2_fracAdder_add_113_18_g780/Y  -       A->Y    F     INVx3_ASAP7_75t_SL             6  4.4    18    12     638    (-,-) 
  addinc_FP32_ALU_col2_fracAdder_add_113_18_g763/Y  -       A1->Y   R     AOI21xp5_ASAP7_75t_SL          1  1.3    38    18     657    (-,-) 
  addinc_FP32_ALU_col2_fracAdder_add_113_18_g749/Y  -       B->Y    R     XOR2xp5_ASAP7_75t_SL           1  1.5    41    30     687    (-,-) 
  g71108/Y                                          -       A->Y    F     INVx2_ASAP7_75t_SL             2  2.1    19    11     698    (-,-) 
  g68301/Y                                          -       B->Y    R     NAND3x1_ASAP7_75t_SL           1  1.8    36    21     719    (-,-) 
  g68291/Y                                          -       B->Y    F     NOR2x1p5_ASAP7_75t_SL          1  1.3    18    12     730    (-,-) 
  g68283/Y                                          -       B->Y    F     AND2x4_ASAP7_75t_SL            9  9.9    24    28     758    (-,-) 
  g68270/Y                                          -       A2->Y   R     AOI21x1_ASAP7_75t_SL           2  2.3    37    19     776    (-,-) 
  g68257/Y                                          -       A->Y    R     HB1xp67_ASAP7_75t_SL           1  1.3    25    26     803    (-,-) 
  g68226/Y                                          -       A->Y    F     NAND2x1_ASAP7_75t_SL           1  0.8    13     8     810    (-,-) 
  g68194/Y                                          -       B->Y    R     AOI21xp5_ASAP7_75t_SL          1  0.8    28    15     826    (-,-) 
  g68171/Y                                          -       C->Y    R     AND4x2_ASAP7_75t_SL            3  4.0    32    41     866    (-,-) 
  g68162/Y                                          -       A1->Y   F     AOI21x1_ASAP7_75t_SL           2  3.0    32    19     886    (-,-) 
  g68147/Y                                          -       A->Y    R     NAND2x1p5_ASAP7_75t_SL         4  3.8    36    24     909    (-,-) 
  g68143/Y                                          -       A->Y    F     INVx2_ASAP7_75t_SL             1  1.3    15     8     917    (-,-) 
  g68118/Y                                          -       A2->Y   R     AOI21x1_ASAP7_75t_SL           1  1.4    38    14     931    (-,-) 
  g68066/Y                                          -       A1->Y   F     AOI21x1_ASAP7_75t_SL           2  1.8    27    16     947    (-,-) 
  g68044/Y                                          -       A->Y    F     HB1xp67_ASAP7_75t_SL           1  1.3    20    26     973    (-,-) 
  g68013/Y                                          -       A2->Y   R     AOI21x1_ASAP7_75t_SL           3  2.2    35    18     991    (-,-) 
  fopt69418/Y                                       -       A->Y    R     BUFx3_ASAP7_75t_SL             4  3.1    17    23    1014    (-,-) 
  g67874/Y                                          -       A1->Y   F     AOI21xp5_ASAP7_75t_SL          1  0.9    36    12    1026    (-,-) 
  g67792/Y                                          -       B->Y    F     OA21x2_ASAP7_75t_SL            2  2.5    18    25    1051    (-,-) 
  g67664/Y                                          -       B->Y    F     XOR2x1_ASAP7_75t_SL            2  1.5    26    25    1076    (-,-) 
  g71163/Y                                          -       B->Y    F     AND2x2_ASAP7_75t_SL            2  1.5    14    23    1100    (-,-) 
  g67590/Y                                          -       A->Y    R     INVxp67_ASAP7_75t_SL           1  0.8    17    11    1111    (-,-) 
  g67514/Y                                          -       B->Y    F     NAND2xp5_ASAP7_75t_L           1  1.8    32    20    1131    (-,-) 
  g67323/Y                                          -       A->Y    F     XOR2x1_ASAP7_75t_SL            2  3.0    32    30    1161    (-,-) 
  g67250/Y                                          -       B->Y    R     NAND2x1p5_ASAP7_75t_SL         2  1.9    29    16    1177    (-,-) 
  g67190/Y                                          -       A->Y    F     NOR2x1_ASAP7_75t_SL            2  2.3    29    19    1197    (-,-) 
  g67181/Y                                          -       A->Y    R     INVx2_ASAP7_75t_SL             1  1.3    16    10    1207    (-,-) 
  g67145/Y                                          -       A->Y    F     NOR2x1_ASAP7_75t_SL            1  1.3    18    13    1220    (-,-) 
  g67111/Y                                          -       A->Y    R     NAND2x1_ASAP7_75t_SL           1  1.3    24    17    1236    (-,-) 
  g67039/Y                                          -       A->Y    R     XNOR2xp5_ASAP7_75t_SL          2  1.3    40    20    1256    (-,-) 
  g66989/Y                                          -       B->Y    F     NAND2xp5_ASAP7_75t_SL          1  1.3    30    17    1274    (-,-) 
  g66965/Y                                          -       B->Y    R     NOR2x1_ASAP7_75t_SL            1  1.3    24    14    1288    (-,-) 
  g66954/Y                                          -       A2->Y   R     AO31x2_ASAP7_75t_SL            1  1.3    15    21    1309    (-,-) 
  g66953/Y                                          -       B->Y    R     AND2x6_ASAP7_75t_SL            9 11.8    30    29    1338    (-,-) 
  g66937/Y                                          -       A->Y    F     INVx11_ASAP7_75t_SL           23 15.1    20    12    1351    (-,-) 
  g66907/Y                                          -       B->Y    R     NAND2xp5_ASAP7_75t_SL          1  0.9    25    14    1365    (-,-) 
  PIPE_OUT_col2_stage_reg_reg[0][20]/D              -       -       R     ASYNC_DFFHx1_ASAP7_75t_SL      1    -     -     0    1365    (-,-) 
#--------------------------------------------------------------------------------------------------------------------------------------------



Path 6: VIOLATED (-479 ps) Setup Check with Pin PIPE_OUT_col2_stage_reg_reg[0][19]/CLK->D
           View: PVT_0P63V_100C.setup_view
          Group: clk
     Startpoint: (R) PIPE_OUT_col2_stage_reg_reg[0][29]/CLK
          Clock: (R) clk
       Endpoint: (R) PIPE_OUT_col2_stage_reg_reg[0][19]/D
          Clock: (R) clk

                     Capture       Launch     
        Clock Edge:+    1000            0     
       Src Latency:+       0            0     
       Net Latency:+       0 (I)        0 (I) 
           Arrival:=    1000            0     
                                              
             Setup:-      14                  
       Uncertainty:-     100                  
     Required Time:=     886                  
      Launch Clock:-       0                  
         Data Path:-    1365                  
             Slack:=    -479                  

#--------------------------------------------------------------------------------------------------------------------------------------------
#                   Timing Point                    Flags    Arc    Edge           Cell             Fanout Load Trans Delay Arrival Instance 
#                                                                                                          (fF)  (ps)  (ps)   (ps)  Location 
#--------------------------------------------------------------------------------------------------------------------------------------------
  PIPE_OUT_col2_stage_reg_reg[0][29]/CLK            -       -       R     (arrival)                   1109    -     0     0       0    (-,-) 
  PIPE_OUT_col2_stage_reg_reg[0][29]/QN             -       CLK->QN R     ASYNC_DFFHx1_ASAP7_75t_SL      2  1.8    34    54      54    (-,-) 
  g70514/Y                                          -       B1->Y   F     AOI22x1_ASAP7_75t_SL           4  2.4    58    16      70    (-,-) 
  g70221/Y                                          -       B->Y    R     NOR2xp33_ASAP7_75t_L           1  0.9    48    31     101    (-,-) 
  g70107/Y                                          -       A2->Y   F     OAI21xp5_ASAP7_75t_SL          1  0.8    26    15     116    (-,-) 
  g69689__6783/Y                                    -       A1->Y   R     AOI21xp5_ASAP7_75t_SL          1  0.9    28    16     132    (-,-) 
  g69681/Y                                          -       A->Y    F     INVx1_ASAP7_75t_SL             1  0.8    14     9     141    (-,-) 
  g69578__4319/Y                                    -       B->Y    R     AOI21xp5_ASAP7_75t_SL          1  0.9    30    16     157    (-,-) 
  g69558__1881/Y                                    -       B->Y    R     OA21x2_ASAP7_75t_SL            2  2.1    18    24     181    (-,-) 
  g69490__5526/Y                                    -       B->Y    F     OAI21xp5_ASAP7_75t_SL          1  1.5    32    16     197    (-,-) 
  fopt39/Y                                          -       A->Y    F     BUFx6f_ASAP7_75t_SL           13  8.7    18    25     222    (-,-) 
  g69411__2802/Y                                    -       B1->Y   R     AOI22xp5_ASAP7_75t_SL          2  1.9    53    26     248    (-,-) 
  g69271__6783/Y                                    -       B->Y    F     NAND2x1_ASAP7_75t_SL           2  1.9    28    14     262    (-,-) 
  g69206__1666/Y                                    -       C->Y    F     AO211x2_ASAP7_75t_SL           3  3.4    21    29     291    (-,-) 
  g69196/Y                                          -       A->Y    F     BUFx3_ASAP7_75t_SL             2  2.0    12    20     312    (-,-) 
  g69169__5122/Y                                    -       A2->Y   R     AOI21x1_ASAP7_75t_SL           1  0.9    21    11     323    (-,-) 
  g69085__6161/Y                                    -       B->Y    R     OA21x2_ASAP7_75t_SL            5  6.0    36    33     355    (-,-) 
  g68918__5107/Y                                    -       B->Y    R     AND2x4_ASAP7_75t_SL           11  9.2    29    30     385    (-,-) 
  g68812__2802/Y                                    -       B2->Y   R     AO22x2_ASAP7_75t_SL            2  2.2    20    26     411    (-,-) 
  g68790/Y                                          -       A->Y    F     INVx1_ASAP7_75t_SL             1  1.4    16    11     422    (-,-) 
  g68728__8428/Y                                    -       A1->Y   R     OAI22x1_ASAP7_75t_SL           2  1.5    34    15     437    (-,-) 
  fopt71412/Y                                       -       A->Y    F     INVx1_ASAP7_75t_SL             1  0.8    16     9     447    (-,-) 
  g68645__1666/Y                                    -       A1->Y   R     OAI22xp5_ASAP7_75t_SL          2  1.5    45    21     467    (-,-) 
  g68582__1666/Y                                    -       A1->Y   F     AOI22xp5_ASAP7_75t_SL          1  1.3    34    17     484    (-,-) 
  g68536__6783/Y                                    -       B->Y    F     XNOR2xp5_ASAP7_75t_SL          2  1.3    40    28     512    (-,-) 
  addinc_FP32_ALU_col2_fracAdder_add_113_18_g1027/Y -       A->Y    F     HB1xp67_ASAP7_75t_SL           1  1.8    26    32     544    (-,-) 
  addinc_FP32_ALU_col2_fracAdder_add_113_18_g956/Y  -       B->Y    R     NAND2x1p5_ASAP7_75t_SL         2  1.4    30    13     558    (-,-) 
  addinc_FP32_ALU_col2_fracAdder_add_113_18_g863/Y  -       A1->Y   F     OAI21xp5_ASAP7_75t_SL          3  2.5    44    25     582    (-,-) 
  addinc_FP32_ALU_col2_fracAdder_add_113_18_g811/Y  -       A2->Y   R     AOI21x1_ASAP7_75t_SL           1  1.2    30    17     599    (-,-) 
  addinc_FP32_ALU_col2_fracAdder_add_113_18_g786/Y  -       C->Y    R     OA221x2_ASAP7_75t_SL           3  3.6    25    28     627    (-,-) 
  addinc_FP32_ALU_col2_fracAdder_add_113_18_g780/Y  -       A->Y    F     INVx3_ASAP7_75t_SL             6  4.4    18    12     638    (-,-) 
  addinc_FP32_ALU_col2_fracAdder_add_113_18_g763/Y  -       A1->Y   R     AOI21xp5_ASAP7_75t_SL          1  1.3    38    18     657    (-,-) 
  addinc_FP32_ALU_col2_fracAdder_add_113_18_g749/Y  -       B->Y    R     XOR2xp5_ASAP7_75t_SL           1  1.5    41    30     687    (-,-) 
  g71108/Y                                          -       A->Y    F     INVx2_ASAP7_75t_SL             2  2.1    19    11     698    (-,-) 
  g68301/Y                                          -       B->Y    R     NAND3x1_ASAP7_75t_SL           1  1.8    36    21     719    (-,-) 
  g68291/Y                                          -       B->Y    F     NOR2x1p5_ASAP7_75t_SL          1  1.3    18    12     730    (-,-) 
  g68283/Y                                          -       B->Y    F     AND2x4_ASAP7_75t_SL            9  9.9    24    28     758    (-,-) 
  g68270/Y                                          -       A2->Y   R     AOI21x1_ASAP7_75t_SL           2  2.3    37    19     776    (-,-) 
  g68257/Y                                          -       A->Y    R     HB1xp67_ASAP7_75t_SL           1  1.3    25    26     803    (-,-) 
  g68226/Y                                          -       A->Y    F     NAND2x1_ASAP7_75t_SL           1  0.8    13     8     810    (-,-) 
  g68194/Y                                          -       B->Y    R     AOI21xp5_ASAP7_75t_SL          1  0.8    28    15     826    (-,-) 
  g68171/Y                                          -       C->Y    R     AND4x2_ASAP7_75t_SL            3  4.0    32    41     866    (-,-) 
  g68162/Y                                          -       A1->Y   F     AOI21x1_ASAP7_75t_SL           2  3.0    32    19     886    (-,-) 
  g68147/Y                                          -       A->Y    R     NAND2x1p5_ASAP7_75t_SL         4  3.8    36    24     909    (-,-) 
  g68143/Y                                          -       A->Y    F     INVx2_ASAP7_75t_SL             1  1.3    15     8     917    (-,-) 
  g68118/Y                                          -       A2->Y   R     AOI21x1_ASAP7_75t_SL           1  1.4    38    14     931    (-,-) 
  g68066/Y                                          -       A1->Y   F     AOI21x1_ASAP7_75t_SL           2  1.8    27    16     947    (-,-) 
  g68044/Y                                          -       A->Y    F     HB1xp67_ASAP7_75t_SL           1  1.3    20    26     973    (-,-) 
  g68013/Y                                          -       A2->Y   R     AOI21x1_ASAP7_75t_SL           3  2.2    35    18     991    (-,-) 
  fopt69418/Y                                       -       A->Y    R     BUFx3_ASAP7_75t_SL             4  3.1    17    23    1014    (-,-) 
  g67874/Y                                          -       A1->Y   F     AOI21xp5_ASAP7_75t_SL          1  0.9    36    12    1026    (-,-) 
  g67792/Y                                          -       B->Y    F     OA21x2_ASAP7_75t_SL            2  2.5    18    25    1051    (-,-) 
  g67664/Y                                          -       B->Y    F     XOR2x1_ASAP7_75t_SL            2  1.5    26    25    1076    (-,-) 
  g71163/Y                                          -       B->Y    F     AND2x2_ASAP7_75t_SL            2  1.5    14    23    1100    (-,-) 
  g67590/Y                                          -       A->Y    R     INVxp67_ASAP7_75t_SL           1  0.8    17    11    1111    (-,-) 
  g67514/Y                                          -       B->Y    F     NAND2xp5_ASAP7_75t_L           1  1.8    32    20    1131    (-,-) 
  g67323/Y                                          -       A->Y    F     XOR2x1_ASAP7_75t_SL            2  3.0    32    30    1161    (-,-) 
  g67250/Y                                          -       B->Y    R     NAND2x1p5_ASAP7_75t_SL         2  1.9    29    16    1177    (-,-) 
  g67190/Y                                          -       A->Y    F     NOR2x1_ASAP7_75t_SL            2  2.3    29    19    1197    (-,-) 
  g67181/Y                                          -       A->Y    R     INVx2_ASAP7_75t_SL             1  1.3    16    10    1207    (-,-) 
  g67145/Y                                          -       A->Y    F     NOR2x1_ASAP7_75t_SL            1  1.3    18    13    1220    (-,-) 
  g67111/Y                                          -       A->Y    R     NAND2x1_ASAP7_75t_SL           1  1.3    24    17    1236    (-,-) 
  g67039/Y                                          -       A->Y    R     XNOR2xp5_ASAP7_75t_SL          2  1.3    40    20    1256    (-,-) 
  g66989/Y                                          -       B->Y    F     NAND2xp5_ASAP7_75t_SL          1  1.3    30    17    1274    (-,-) 
  g66965/Y                                          -       B->Y    R     NOR2x1_ASAP7_75t_SL            1  1.3    24    14    1288    (-,-) 
  g66954/Y                                          -       A2->Y   R     AO31x2_ASAP7_75t_SL            1  1.3    15    21    1309    (-,-) 
  g66953/Y                                          -       B->Y    R     AND2x6_ASAP7_75t_SL            9 11.8    30    29    1338    (-,-) 
  g66937/Y                                          -       A->Y    F     INVx11_ASAP7_75t_SL           23 15.1    20    12    1351    (-,-) 
  g66912/Y                                          -       B->Y    R     NAND2xp5_ASAP7_75t_SL          1  0.9    25    14    1365    (-,-) 
  PIPE_OUT_col2_stage_reg_reg[0][19]/D              -       -       R     ASYNC_DFFHx1_ASAP7_75t_SL      1    -     -     0    1365    (-,-) 
#--------------------------------------------------------------------------------------------------------------------------------------------



Path 7: VIOLATED (-479 ps) Setup Check with Pin PIPE_OUT_col2_stage_reg_reg[0][18]/CLK->D
           View: PVT_0P63V_100C.setup_view
          Group: clk
     Startpoint: (R) PIPE_OUT_col2_stage_reg_reg[0][29]/CLK
          Clock: (R) clk
       Endpoint: (R) PIPE_OUT_col2_stage_reg_reg[0][18]/D
          Clock: (R) clk

                     Capture       Launch     
        Clock Edge:+    1000            0     
       Src Latency:+       0            0     
       Net Latency:+       0 (I)        0 (I) 
           Arrival:=    1000            0     
                                              
             Setup:-      14                  
       Uncertainty:-     100                  
     Required Time:=     886                  
      Launch Clock:-       0                  
         Data Path:-    1365                  
             Slack:=    -479                  

#--------------------------------------------------------------------------------------------------------------------------------------------
#                   Timing Point                    Flags    Arc    Edge           Cell             Fanout Load Trans Delay Arrival Instance 
#                                                                                                          (fF)  (ps)  (ps)   (ps)  Location 
#--------------------------------------------------------------------------------------------------------------------------------------------
  PIPE_OUT_col2_stage_reg_reg[0][29]/CLK            -       -       R     (arrival)                   1109    -     0     0       0    (-,-) 
  PIPE_OUT_col2_stage_reg_reg[0][29]/QN             -       CLK->QN R     ASYNC_DFFHx1_ASAP7_75t_SL      2  1.8    34    54      54    (-,-) 
  g70514/Y                                          -       B1->Y   F     AOI22x1_ASAP7_75t_SL           4  2.4    58    16      70    (-,-) 
  g70221/Y                                          -       B->Y    R     NOR2xp33_ASAP7_75t_L           1  0.9    48    31     101    (-,-) 
  g70107/Y                                          -       A2->Y   F     OAI21xp5_ASAP7_75t_SL          1  0.8    26    15     116    (-,-) 
  g69689__6783/Y                                    -       A1->Y   R     AOI21xp5_ASAP7_75t_SL          1  0.9    28    16     132    (-,-) 
  g69681/Y                                          -       A->Y    F     INVx1_ASAP7_75t_SL             1  0.8    14     9     141    (-,-) 
  g69578__4319/Y                                    -       B->Y    R     AOI21xp5_ASAP7_75t_SL          1  0.9    30    16     157    (-,-) 
  g69558__1881/Y                                    -       B->Y    R     OA21x2_ASAP7_75t_SL            2  2.1    18    24     181    (-,-) 
  g69490__5526/Y                                    -       B->Y    F     OAI21xp5_ASAP7_75t_SL          1  1.5    32    16     197    (-,-) 
  fopt39/Y                                          -       A->Y    F     BUFx6f_ASAP7_75t_SL           13  8.7    18    25     222    (-,-) 
  g69411__2802/Y                                    -       B1->Y   R     AOI22xp5_ASAP7_75t_SL          2  1.9    53    26     248    (-,-) 
  g69271__6783/Y                                    -       B->Y    F     NAND2x1_ASAP7_75t_SL           2  1.9    28    14     262    (-,-) 
  g69206__1666/Y                                    -       C->Y    F     AO211x2_ASAP7_75t_SL           3  3.4    21    29     291    (-,-) 
  g69196/Y                                          -       A->Y    F     BUFx3_ASAP7_75t_SL             2  2.0    12    20     312    (-,-) 
  g69169__5122/Y                                    -       A2->Y   R     AOI21x1_ASAP7_75t_SL           1  0.9    21    11     323    (-,-) 
  g69085__6161/Y                                    -       B->Y    R     OA21x2_ASAP7_75t_SL            5  6.0    36    33     355    (-,-) 
  g68918__5107/Y                                    -       B->Y    R     AND2x4_ASAP7_75t_SL           11  9.2    29    30     385    (-,-) 
  g68812__2802/Y                                    -       B2->Y   R     AO22x2_ASAP7_75t_SL            2  2.2    20    26     411    (-,-) 
  g68790/Y                                          -       A->Y    F     INVx1_ASAP7_75t_SL             1  1.4    16    11     422    (-,-) 
  g68728__8428/Y                                    -       A1->Y   R     OAI22x1_ASAP7_75t_SL           2  1.5    34    15     437    (-,-) 
  fopt71412/Y                                       -       A->Y    F     INVx1_ASAP7_75t_SL             1  0.8    16     9     447    (-,-) 
  g68645__1666/Y                                    -       A1->Y   R     OAI22xp5_ASAP7_75t_SL          2  1.5    45    21     467    (-,-) 
  g68582__1666/Y                                    -       A1->Y   F     AOI22xp5_ASAP7_75t_SL          1  1.3    34    17     484    (-,-) 
  g68536__6783/Y                                    -       B->Y    F     XNOR2xp5_ASAP7_75t_SL          2  1.3    40    28     512    (-,-) 
  addinc_FP32_ALU_col2_fracAdder_add_113_18_g1027/Y -       A->Y    F     HB1xp67_ASAP7_75t_SL           1  1.8    26    32     544    (-,-) 
  addinc_FP32_ALU_col2_fracAdder_add_113_18_g956/Y  -       B->Y    R     NAND2x1p5_ASAP7_75t_SL         2  1.4    30    13     558    (-,-) 
  addinc_FP32_ALU_col2_fracAdder_add_113_18_g863/Y  -       A1->Y   F     OAI21xp5_ASAP7_75t_SL          3  2.5    44    25     582    (-,-) 
  addinc_FP32_ALU_col2_fracAdder_add_113_18_g811/Y  -       A2->Y   R     AOI21x1_ASAP7_75t_SL           1  1.2    30    17     599    (-,-) 
  addinc_FP32_ALU_col2_fracAdder_add_113_18_g786/Y  -       C->Y    R     OA221x2_ASAP7_75t_SL           3  3.6    25    28     627    (-,-) 
  addinc_FP32_ALU_col2_fracAdder_add_113_18_g780/Y  -       A->Y    F     INVx3_ASAP7_75t_SL             6  4.4    18    12     638    (-,-) 
  addinc_FP32_ALU_col2_fracAdder_add_113_18_g763/Y  -       A1->Y   R     AOI21xp5_ASAP7_75t_SL          1  1.3    38    18     657    (-,-) 
  addinc_FP32_ALU_col2_fracAdder_add_113_18_g749/Y  -       B->Y    R     XOR2xp5_ASAP7_75t_SL           1  1.5    41    30     687    (-,-) 
  g71108/Y                                          -       A->Y    F     INVx2_ASAP7_75t_SL             2  2.1    19    11     698    (-,-) 
  g68301/Y                                          -       B->Y    R     NAND3x1_ASAP7_75t_SL           1  1.8    36    21     719    (-,-) 
  g68291/Y                                          -       B->Y    F     NOR2x1p5_ASAP7_75t_SL          1  1.3    18    12     730    (-,-) 
  g68283/Y                                          -       B->Y    F     AND2x4_ASAP7_75t_SL            9  9.9    24    28     758    (-,-) 
  g68270/Y                                          -       A2->Y   R     AOI21x1_ASAP7_75t_SL           2  2.3    37    19     776    (-,-) 
  g68257/Y                                          -       A->Y    R     HB1xp67_ASAP7_75t_SL           1  1.3    25    26     803    (-,-) 
  g68226/Y                                          -       A->Y    F     NAND2x1_ASAP7_75t_SL           1  0.8    13     8     810    (-,-) 
  g68194/Y                                          -       B->Y    R     AOI21xp5_ASAP7_75t_SL          1  0.8    28    15     826    (-,-) 
  g68171/Y                                          -       C->Y    R     AND4x2_ASAP7_75t_SL            3  4.0    32    41     866    (-,-) 
  g68162/Y                                          -       A1->Y   F     AOI21x1_ASAP7_75t_SL           2  3.0    32    19     886    (-,-) 
  g68147/Y                                          -       A->Y    R     NAND2x1p5_ASAP7_75t_SL         4  3.8    36    24     909    (-,-) 
  g68143/Y                                          -       A->Y    F     INVx2_ASAP7_75t_SL             1  1.3    15     8     917    (-,-) 
  g68118/Y                                          -       A2->Y   R     AOI21x1_ASAP7_75t_SL           1  1.4    38    14     931    (-,-) 
  g68066/Y                                          -       A1->Y   F     AOI21x1_ASAP7_75t_SL           2  1.8    27    16     947    (-,-) 
  g68044/Y                                          -       A->Y    F     HB1xp67_ASAP7_75t_SL           1  1.3    20    26     973    (-,-) 
  g68013/Y                                          -       A2->Y   R     AOI21x1_ASAP7_75t_SL           3  2.2    35    18     991    (-,-) 
  fopt69418/Y                                       -       A->Y    R     BUFx3_ASAP7_75t_SL             4  3.1    17    23    1014    (-,-) 
  g67874/Y                                          -       A1->Y   F     AOI21xp5_ASAP7_75t_SL          1  0.9    36    12    1026    (-,-) 
  g67792/Y                                          -       B->Y    F     OA21x2_ASAP7_75t_SL            2  2.5    18    25    1051    (-,-) 
  g67664/Y                                          -       B->Y    F     XOR2x1_ASAP7_75t_SL            2  1.5    26    25    1076    (-,-) 
  g71163/Y                                          -       B->Y    F     AND2x2_ASAP7_75t_SL            2  1.5    14    23    1100    (-,-) 
  g67590/Y                                          -       A->Y    R     INVxp67_ASAP7_75t_SL           1  0.8    17    11    1111    (-,-) 
  g67514/Y                                          -       B->Y    F     NAND2xp5_ASAP7_75t_L           1  1.8    32    20    1131    (-,-) 
  g67323/Y                                          -       A->Y    F     XOR2x1_ASAP7_75t_SL            2  3.0    32    30    1161    (-,-) 
  g67250/Y                                          -       B->Y    R     NAND2x1p5_ASAP7_75t_SL         2  1.9    29    16    1177    (-,-) 
  g67190/Y                                          -       A->Y    F     NOR2x1_ASAP7_75t_SL            2  2.3    29    19    1197    (-,-) 
  g67181/Y                                          -       A->Y    R     INVx2_ASAP7_75t_SL             1  1.3    16    10    1207    (-,-) 
  g67145/Y                                          -       A->Y    F     NOR2x1_ASAP7_75t_SL            1  1.3    18    13    1220    (-,-) 
  g67111/Y                                          -       A->Y    R     NAND2x1_ASAP7_75t_SL           1  1.3    24    17    1236    (-,-) 
  g67039/Y                                          -       A->Y    R     XNOR2xp5_ASAP7_75t_SL          2  1.3    40    20    1256    (-,-) 
  g66989/Y                                          -       B->Y    F     NAND2xp5_ASAP7_75t_SL          1  1.3    30    17    1274    (-,-) 
  g66965/Y                                          -       B->Y    R     NOR2x1_ASAP7_75t_SL            1  1.3    24    14    1288    (-,-) 
  g66954/Y                                          -       A2->Y   R     AO31x2_ASAP7_75t_SL            1  1.3    15    21    1309    (-,-) 
  g66953/Y                                          -       B->Y    R     AND2x6_ASAP7_75t_SL            9 11.8    30    29    1338    (-,-) 
  g66937/Y                                          -       A->Y    F     INVx11_ASAP7_75t_SL           23 15.1    20    12    1351    (-,-) 
  g66898/Y                                          -       B->Y    R     NAND2xp5_ASAP7_75t_SL          1  0.9    24    14    1365    (-,-) 
  PIPE_OUT_col2_stage_reg_reg[0][18]/D              -       -       R     ASYNC_DFFHx1_ASAP7_75t_SL      1    -     -     0    1365    (-,-) 
#--------------------------------------------------------------------------------------------------------------------------------------------



Path 8: VIOLATED (-479 ps) Setup Check with Pin PIPE_OUT_col2_stage_reg_reg[0][17]/CLK->D
           View: PVT_0P63V_100C.setup_view
          Group: clk
     Startpoint: (R) PIPE_OUT_col2_stage_reg_reg[0][29]/CLK
          Clock: (R) clk
       Endpoint: (R) PIPE_OUT_col2_stage_reg_reg[0][17]/D
          Clock: (R) clk

                     Capture       Launch     
        Clock Edge:+    1000            0     
       Src Latency:+       0            0     
       Net Latency:+       0 (I)        0 (I) 
           Arrival:=    1000            0     
                                              
             Setup:-      14                  
       Uncertainty:-     100                  
     Required Time:=     886                  
      Launch Clock:-       0                  
         Data Path:-    1365                  
             Slack:=    -479                  

#--------------------------------------------------------------------------------------------------------------------------------------------
#                   Timing Point                    Flags    Arc    Edge           Cell             Fanout Load Trans Delay Arrival Instance 
#                                                                                                          (fF)  (ps)  (ps)   (ps)  Location 
#--------------------------------------------------------------------------------------------------------------------------------------------
  PIPE_OUT_col2_stage_reg_reg[0][29]/CLK            -       -       R     (arrival)                   1109    -     0     0       0    (-,-) 
  PIPE_OUT_col2_stage_reg_reg[0][29]/QN             -       CLK->QN R     ASYNC_DFFHx1_ASAP7_75t_SL      2  1.8    34    54      54    (-,-) 
  g70514/Y                                          -       B1->Y   F     AOI22x1_ASAP7_75t_SL           4  2.4    58    16      70    (-,-) 
  g70221/Y                                          -       B->Y    R     NOR2xp33_ASAP7_75t_L           1  0.9    48    31     101    (-,-) 
  g70107/Y                                          -       A2->Y   F     OAI21xp5_ASAP7_75t_SL          1  0.8    26    15     116    (-,-) 
  g69689__6783/Y                                    -       A1->Y   R     AOI21xp5_ASAP7_75t_SL          1  0.9    28    16     132    (-,-) 
  g69681/Y                                          -       A->Y    F     INVx1_ASAP7_75t_SL             1  0.8    14     9     141    (-,-) 
  g69578__4319/Y                                    -       B->Y    R     AOI21xp5_ASAP7_75t_SL          1  0.9    30    16     157    (-,-) 
  g69558__1881/Y                                    -       B->Y    R     OA21x2_ASAP7_75t_SL            2  2.1    18    24     181    (-,-) 
  g69490__5526/Y                                    -       B->Y    F     OAI21xp5_ASAP7_75t_SL          1  1.5    32    16     197    (-,-) 
  fopt39/Y                                          -       A->Y    F     BUFx6f_ASAP7_75t_SL           13  8.7    18    25     222    (-,-) 
  g69411__2802/Y                                    -       B1->Y   R     AOI22xp5_ASAP7_75t_SL          2  1.9    53    26     248    (-,-) 
  g69271__6783/Y                                    -       B->Y    F     NAND2x1_ASAP7_75t_SL           2  1.9    28    14     262    (-,-) 
  g69206__1666/Y                                    -       C->Y    F     AO211x2_ASAP7_75t_SL           3  3.4    21    29     291    (-,-) 
  g69196/Y                                          -       A->Y    F     BUFx3_ASAP7_75t_SL             2  2.0    12    20     312    (-,-) 
  g69169__5122/Y                                    -       A2->Y   R     AOI21x1_ASAP7_75t_SL           1  0.9    21    11     323    (-,-) 
  g69085__6161/Y                                    -       B->Y    R     OA21x2_ASAP7_75t_SL            5  6.0    36    33     355    (-,-) 
  g68918__5107/Y                                    -       B->Y    R     AND2x4_ASAP7_75t_SL           11  9.2    29    30     385    (-,-) 
  g68812__2802/Y                                    -       B2->Y   R     AO22x2_ASAP7_75t_SL            2  2.2    20    26     411    (-,-) 
  g68790/Y                                          -       A->Y    F     INVx1_ASAP7_75t_SL             1  1.4    16    11     422    (-,-) 
  g68728__8428/Y                                    -       A1->Y   R     OAI22x1_ASAP7_75t_SL           2  1.5    34    15     437    (-,-) 
  fopt71412/Y                                       -       A->Y    F     INVx1_ASAP7_75t_SL             1  0.8    16     9     447    (-,-) 
  g68645__1666/Y                                    -       A1->Y   R     OAI22xp5_ASAP7_75t_SL          2  1.5    45    21     467    (-,-) 
  g68582__1666/Y                                    -       A1->Y   F     AOI22xp5_ASAP7_75t_SL          1  1.3    34    17     484    (-,-) 
  g68536__6783/Y                                    -       B->Y    F     XNOR2xp5_ASAP7_75t_SL          2  1.3    40    28     512    (-,-) 
  addinc_FP32_ALU_col2_fracAdder_add_113_18_g1027/Y -       A->Y    F     HB1xp67_ASAP7_75t_SL           1  1.8    26    32     544    (-,-) 
  addinc_FP32_ALU_col2_fracAdder_add_113_18_g956/Y  -       B->Y    R     NAND2x1p5_ASAP7_75t_SL         2  1.4    30    13     558    (-,-) 
  addinc_FP32_ALU_col2_fracAdder_add_113_18_g863/Y  -       A1->Y   F     OAI21xp5_ASAP7_75t_SL          3  2.5    44    25     582    (-,-) 
  addinc_FP32_ALU_col2_fracAdder_add_113_18_g811/Y  -       A2->Y   R     AOI21x1_ASAP7_75t_SL           1  1.2    30    17     599    (-,-) 
  addinc_FP32_ALU_col2_fracAdder_add_113_18_g786/Y  -       C->Y    R     OA221x2_ASAP7_75t_SL           3  3.6    25    28     627    (-,-) 
  addinc_FP32_ALU_col2_fracAdder_add_113_18_g780/Y  -       A->Y    F     INVx3_ASAP7_75t_SL             6  4.4    18    12     638    (-,-) 
  addinc_FP32_ALU_col2_fracAdder_add_113_18_g763/Y  -       A1->Y   R     AOI21xp5_ASAP7_75t_SL          1  1.3    38    18     657    (-,-) 
  addinc_FP32_ALU_col2_fracAdder_add_113_18_g749/Y  -       B->Y    R     XOR2xp5_ASAP7_75t_SL           1  1.5    41    30     687    (-,-) 
  g71108/Y                                          -       A->Y    F     INVx2_ASAP7_75t_SL             2  2.1    19    11     698    (-,-) 
  g68301/Y                                          -       B->Y    R     NAND3x1_ASAP7_75t_SL           1  1.8    36    21     719    (-,-) 
  g68291/Y                                          -       B->Y    F     NOR2x1p5_ASAP7_75t_SL          1  1.3    18    12     730    (-,-) 
  g68283/Y                                          -       B->Y    F     AND2x4_ASAP7_75t_SL            9  9.9    24    28     758    (-,-) 
  g68270/Y                                          -       A2->Y   R     AOI21x1_ASAP7_75t_SL           2  2.3    37    19     776    (-,-) 
  g68257/Y                                          -       A->Y    R     HB1xp67_ASAP7_75t_SL           1  1.3    25    26     803    (-,-) 
  g68226/Y                                          -       A->Y    F     NAND2x1_ASAP7_75t_SL           1  0.8    13     8     810    (-,-) 
  g68194/Y                                          -       B->Y    R     AOI21xp5_ASAP7_75t_SL          1  0.8    28    15     826    (-,-) 
  g68171/Y                                          -       C->Y    R     AND4x2_ASAP7_75t_SL            3  4.0    32    41     866    (-,-) 
  g68162/Y                                          -       A1->Y   F     AOI21x1_ASAP7_75t_SL           2  3.0    32    19     886    (-,-) 
  g68147/Y                                          -       A->Y    R     NAND2x1p5_ASAP7_75t_SL         4  3.8    36    24     909    (-,-) 
  g68143/Y                                          -       A->Y    F     INVx2_ASAP7_75t_SL             1  1.3    15     8     917    (-,-) 
  g68118/Y                                          -       A2->Y   R     AOI21x1_ASAP7_75t_SL           1  1.4    38    14     931    (-,-) 
  g68066/Y                                          -       A1->Y   F     AOI21x1_ASAP7_75t_SL           2  1.8    27    16     947    (-,-) 
  g68044/Y                                          -       A->Y    F     HB1xp67_ASAP7_75t_SL           1  1.3    20    26     973    (-,-) 
  g68013/Y                                          -       A2->Y   R     AOI21x1_ASAP7_75t_SL           3  2.2    35    18     991    (-,-) 
  fopt69418/Y                                       -       A->Y    R     BUFx3_ASAP7_75t_SL             4  3.1    17    23    1014    (-,-) 
  g67874/Y                                          -       A1->Y   F     AOI21xp5_ASAP7_75t_SL          1  0.9    36    12    1026    (-,-) 
  g67792/Y                                          -       B->Y    F     OA21x2_ASAP7_75t_SL            2  2.5    18    25    1051    (-,-) 
  g67664/Y                                          -       B->Y    F     XOR2x1_ASAP7_75t_SL            2  1.5    26    25    1076    (-,-) 
  g71163/Y                                          -       B->Y    F     AND2x2_ASAP7_75t_SL            2  1.5    14    23    1100    (-,-) 
  g67590/Y                                          -       A->Y    R     INVxp67_ASAP7_75t_SL           1  0.8    17    11    1111    (-,-) 
  g67514/Y                                          -       B->Y    F     NAND2xp5_ASAP7_75t_L           1  1.8    32    20    1131    (-,-) 
  g67323/Y                                          -       A->Y    F     XOR2x1_ASAP7_75t_SL            2  3.0    32    30    1161    (-,-) 
  g67250/Y                                          -       B->Y    R     NAND2x1p5_ASAP7_75t_SL         2  1.9    29    16    1177    (-,-) 
  g67190/Y                                          -       A->Y    F     NOR2x1_ASAP7_75t_SL            2  2.3    29    19    1197    (-,-) 
  g67181/Y                                          -       A->Y    R     INVx2_ASAP7_75t_SL             1  1.3    16    10    1207    (-,-) 
  g67145/Y                                          -       A->Y    F     NOR2x1_ASAP7_75t_SL            1  1.3    18    13    1220    (-,-) 
  g67111/Y                                          -       A->Y    R     NAND2x1_ASAP7_75t_SL           1  1.3    24    17    1236    (-,-) 
  g67039/Y                                          -       A->Y    R     XNOR2xp5_ASAP7_75t_SL          2  1.3    40    20    1256    (-,-) 
  g66989/Y                                          -       B->Y    F     NAND2xp5_ASAP7_75t_SL          1  1.3    30    17    1274    (-,-) 
  g66965/Y                                          -       B->Y    R     NOR2x1_ASAP7_75t_SL            1  1.3    24    14    1288    (-,-) 
  g66954/Y                                          -       A2->Y   R     AO31x2_ASAP7_75t_SL            1  1.3    15    21    1309    (-,-) 
  g66953/Y                                          -       B->Y    R     AND2x6_ASAP7_75t_SL            9 11.8    30    29    1338    (-,-) 
  g66937/Y                                          -       A->Y    F     INVx11_ASAP7_75t_SL           23 15.1    20    12    1351    (-,-) 
  g66897/Y                                          -       B->Y    R     NAND2xp5_ASAP7_75t_SL          1  0.9    24    14    1365    (-,-) 
  PIPE_OUT_col2_stage_reg_reg[0][17]/D              -       -       R     ASYNC_DFFHx1_ASAP7_75t_SL      1    -     -     0    1365    (-,-) 
#--------------------------------------------------------------------------------------------------------------------------------------------



Path 9: VIOLATED (-479 ps) Setup Check with Pin PIPE_OUT_col2_stage_reg_reg[0][16]/CLK->D
           View: PVT_0P63V_100C.setup_view
          Group: clk
     Startpoint: (R) PIPE_OUT_col2_stage_reg_reg[0][29]/CLK
          Clock: (R) clk
       Endpoint: (F) PIPE_OUT_col2_stage_reg_reg[0][16]/D
          Clock: (R) clk

                     Capture       Launch     
        Clock Edge:+    1000            0     
       Src Latency:+       0            0     
       Net Latency:+       0 (I)        0 (I) 
           Arrival:=    1000            0     
                                              
             Setup:-      17                  
       Uncertainty:-     100                  
     Required Time:=     883                  
      Launch Clock:-       0                  
         Data Path:-    1362                  
             Slack:=    -479                  

#--------------------------------------------------------------------------------------------------------------------------------------------
#                   Timing Point                    Flags    Arc    Edge           Cell             Fanout Load Trans Delay Arrival Instance 
#                                                                                                          (fF)  (ps)  (ps)   (ps)  Location 
#--------------------------------------------------------------------------------------------------------------------------------------------
  PIPE_OUT_col2_stage_reg_reg[0][29]/CLK            -       -       R     (arrival)                   1109    -     0     0       0    (-,-) 
  PIPE_OUT_col2_stage_reg_reg[0][29]/QN             -       CLK->QN R     ASYNC_DFFHx1_ASAP7_75t_SL      2  1.8    34    54      54    (-,-) 
  g70514/Y                                          -       B1->Y   F     AOI22x1_ASAP7_75t_SL           4  2.4    58    16      70    (-,-) 
  g70221/Y                                          -       B->Y    R     NOR2xp33_ASAP7_75t_L           1  0.9    48    31     101    (-,-) 
  g70107/Y                                          -       A2->Y   F     OAI21xp5_ASAP7_75t_SL          1  0.8    26    15     116    (-,-) 
  g69689__6783/Y                                    -       A1->Y   R     AOI21xp5_ASAP7_75t_SL          1  0.9    28    16     132    (-,-) 
  g69681/Y                                          -       A->Y    F     INVx1_ASAP7_75t_SL             1  0.8    14     9     141    (-,-) 
  g69578__4319/Y                                    -       B->Y    R     AOI21xp5_ASAP7_75t_SL          1  0.9    30    16     157    (-,-) 
  g69558__1881/Y                                    -       B->Y    R     OA21x2_ASAP7_75t_SL            2  2.1    18    24     181    (-,-) 
  g69490__5526/Y                                    -       B->Y    F     OAI21xp5_ASAP7_75t_SL          1  1.5    32    16     197    (-,-) 
  fopt39/Y                                          -       A->Y    F     BUFx6f_ASAP7_75t_SL           13  8.7    18    25     222    (-,-) 
  g69411__2802/Y                                    -       B1->Y   R     AOI22xp5_ASAP7_75t_SL          2  1.9    53    26     248    (-,-) 
  g69271__6783/Y                                    -       B->Y    F     NAND2x1_ASAP7_75t_SL           2  1.9    28    14     262    (-,-) 
  g69206__1666/Y                                    -       C->Y    F     AO211x2_ASAP7_75t_SL           3  3.4    21    29     291    (-,-) 
  g69196/Y                                          -       A->Y    F     BUFx3_ASAP7_75t_SL             2  2.0    12    20     312    (-,-) 
  g69169__5122/Y                                    -       A2->Y   R     AOI21x1_ASAP7_75t_SL           1  0.9    21    11     323    (-,-) 
  g69085__6161/Y                                    -       B->Y    R     OA21x2_ASAP7_75t_SL            5  6.0    36    33     355    (-,-) 
  g68918__5107/Y                                    -       B->Y    R     AND2x4_ASAP7_75t_SL           11  9.2    29    30     385    (-,-) 
  g68812__2802/Y                                    -       B2->Y   R     AO22x2_ASAP7_75t_SL            2  2.2    20    26     411    (-,-) 
  g68790/Y                                          -       A->Y    F     INVx1_ASAP7_75t_SL             1  1.4    16    11     422    (-,-) 
  g68728__8428/Y                                    -       A1->Y   R     OAI22x1_ASAP7_75t_SL           2  1.5    34    15     437    (-,-) 
  fopt71412/Y                                       -       A->Y    F     INVx1_ASAP7_75t_SL             1  0.8    16     9     447    (-,-) 
  g68645__1666/Y                                    -       A1->Y   R     OAI22xp5_ASAP7_75t_SL          2  1.5    45    21     467    (-,-) 
  g68582__1666/Y                                    -       A1->Y   F     AOI22xp5_ASAP7_75t_SL          1  1.3    34    17     484    (-,-) 
  g68536__6783/Y                                    -       B->Y    F     XNOR2xp5_ASAP7_75t_SL          2  1.3    40    28     512    (-,-) 
  addinc_FP32_ALU_col2_fracAdder_add_113_18_g1027/Y -       A->Y    F     HB1xp67_ASAP7_75t_SL           1  1.8    26    32     544    (-,-) 
  addinc_FP32_ALU_col2_fracAdder_add_113_18_g956/Y  -       B->Y    R     NAND2x1p5_ASAP7_75t_SL         2  1.4    30    13     558    (-,-) 
  addinc_FP32_ALU_col2_fracAdder_add_113_18_g863/Y  -       A1->Y   F     OAI21xp5_ASAP7_75t_SL          3  2.5    44    25     582    (-,-) 
  addinc_FP32_ALU_col2_fracAdder_add_113_18_g811/Y  -       A2->Y   R     AOI21x1_ASAP7_75t_SL           1  1.2    30    17     599    (-,-) 
  addinc_FP32_ALU_col2_fracAdder_add_113_18_g786/Y  -       C->Y    R     OA221x2_ASAP7_75t_SL           3  3.6    25    28     627    (-,-) 
  addinc_FP32_ALU_col2_fracAdder_add_113_18_g780/Y  -       A->Y    F     INVx3_ASAP7_75t_SL             6  4.4    18    12     638    (-,-) 
  addinc_FP32_ALU_col2_fracAdder_add_113_18_g763/Y  -       A1->Y   R     AOI21xp5_ASAP7_75t_SL          1  1.3    38    18     657    (-,-) 
  addinc_FP32_ALU_col2_fracAdder_add_113_18_g749/Y  -       B->Y    R     XOR2xp5_ASAP7_75t_SL           1  1.5    41    30     687    (-,-) 
  g71108/Y                                          -       A->Y    F     INVx2_ASAP7_75t_SL             2  2.1    19    11     698    (-,-) 
  g68301/Y                                          -       B->Y    R     NAND3x1_ASAP7_75t_SL           1  1.8    36    21     719    (-,-) 
  g68291/Y                                          -       B->Y    F     NOR2x1p5_ASAP7_75t_SL          1  1.3    18    12     730    (-,-) 
  g68283/Y                                          -       B->Y    F     AND2x4_ASAP7_75t_SL            9  9.9    24    28     758    (-,-) 
  g68270/Y                                          -       A2->Y   R     AOI21x1_ASAP7_75t_SL           2  2.3    37    19     776    (-,-) 
  g68257/Y                                          -       A->Y    R     HB1xp67_ASAP7_75t_SL           1  1.3    25    26     803    (-,-) 
  g68226/Y                                          -       A->Y    F     NAND2x1_ASAP7_75t_SL           1  0.8    13     8     810    (-,-) 
  g68194/Y                                          -       B->Y    R     AOI21xp5_ASAP7_75t_SL          1  0.8    28    15     826    (-,-) 
  g68171/Y                                          -       C->Y    R     AND4x2_ASAP7_75t_SL            3  4.0    32    41     866    (-,-) 
  g68162/Y                                          -       A1->Y   F     AOI21x1_ASAP7_75t_SL           2  3.0    32    19     886    (-,-) 
  g68147/Y                                          -       A->Y    R     NAND2x1p5_ASAP7_75t_SL         4  3.8    36    24     909    (-,-) 
  g68143/Y                                          -       A->Y    F     INVx2_ASAP7_75t_SL             1  1.3    15     8     917    (-,-) 
  g68118/Y                                          -       A2->Y   R     AOI21x1_ASAP7_75t_SL           1  1.4    38    14     931    (-,-) 
  g68066/Y                                          -       A1->Y   F     AOI21x1_ASAP7_75t_SL           2  1.8    27    16     947    (-,-) 
  g68041/Y                                          -       B->Y    F     AND2x4_ASAP7_75t_SL            6  6.7    18    27     974    (-,-) 
  g68033/Y                                          -       A->Y    F     BUFx6f_ASAP7_75t_SL            5  5.9    13    21     994    (-,-) 
  g68032/Y                                          -       A->Y    R     INVx4_ASAP7_75t_SL             3  2.8    12     8    1002    (-,-) 
  g67981/Y                                          -       A1->Y   F     AOI22x1_ASAP7_75t_SL           3  2.2    34    12    1015    (-,-) 
  g67867/Y                                          -       B->Y    F     AND2x2_ASAP7_75t_SL            3  3.3    19    29    1044    (-,-) 
  g67853/Y                                          -       A->Y    R     INVx1_ASAP7_75t_SL             3  2.6    31    19    1062    (-,-) 
  g67767/Y                                          -       B->Y    R     OR2x2_ASAP7_75t_SL             2  1.2    13    21    1084    (-,-) 
  g67706/Y                                          -       B->Y    F     NOR2xp33_ASAP7_75t_L           1  0.8    28    18    1102    (-,-) 
  g67417/Y                                          -       B->Y    R     AOI21xp5_ASAP7_75t_SL          1  0.9    31    19    1120    (-,-) 
  g67322/Y                                          -       B->Y    R     OA21x2_ASAP7_75t_SL            3  3.1    24    27    1147    (-,-) 
  g67252/Y                                          -       A->Y    F     NOR2x1p5_ASAP7_75t_SL          2  3.4    26    17    1164    (-,-) 
  g67235/Y                                          -       A->Y    R     NAND3x2_ASAP7_75t_SL           2  4.0    39    22    1186    (-,-) 
  g67207/Y                                          -       B->Y    F     NOR2x2_ASAP7_75t_SL            4  3.7    25    18    1203    (-,-) 
  g67113/Y                                          -       A->Y    F     AND3x2_ASAP7_75t_SL            2  2.5    15    22    1225    (-,-) 
  g67044/Y                                          -       B->Y    F     XNOR2xp5_ASAP7_75t_SL          2  1.5    30    26    1251    (-,-) 
  g66981/Y                                          -       A->Y    R     NAND3xp33_ASAP7_75t_SL         1  1.3    35    20    1271    (-,-) 
  g66969/Y                                          -       A->Y    F     NOR2x1_ASAP7_75t_SL            1  1.4    25    17    1288    (-,-) 
  g66954/Y                                          -       A1->Y   F     AO31x2_ASAP7_75t_SL            1  1.3    12    19    1306    (-,-) 
  g66953/Y                                          -       B->Y    F     AND2x6_ASAP7_75t_SL            9 11.8    25    28    1335    (-,-) 
  g66937/Y                                          -       A->Y    R     INVx11_ASAP7_75t_SL           23 15.1    22    15    1350    (-,-) 
  g66902/Y                                          -       B->Y    F     NAND2xp5_ASAP7_75t_SL          1  0.9    20    12    1362    (-,-) 
  PIPE_OUT_col2_stage_reg_reg[0][16]/D              -       -       F     ASYNC_DFFHx1_ASAP7_75t_SL      1    -     -     0    1362    (-,-) 
#--------------------------------------------------------------------------------------------------------------------------------------------



Path 10: VIOLATED (-479 ps) Setup Check with Pin PIPE_OUT_col2_stage_reg_reg[0][15]/CLK->D
           View: PVT_0P63V_100C.setup_view
          Group: clk
     Startpoint: (R) PIPE_OUT_col2_stage_reg_reg[0][29]/CLK
          Clock: (R) clk
       Endpoint: (F) PIPE_OUT_col2_stage_reg_reg[0][15]/D
          Clock: (R) clk

                     Capture       Launch     
        Clock Edge:+    1000            0     
       Src Latency:+       0            0     
       Net Latency:+       0 (I)        0 (I) 
           Arrival:=    1000            0     
                                              
             Setup:-      17                  
       Uncertainty:-     100                  
     Required Time:=     883                  
      Launch Clock:-       0                  
         Data Path:-    1362                  
             Slack:=    -479                  

#--------------------------------------------------------------------------------------------------------------------------------------------
#                   Timing Point                    Flags    Arc    Edge           Cell             Fanout Load Trans Delay Arrival Instance 
#                                                                                                          (fF)  (ps)  (ps)   (ps)  Location 
#--------------------------------------------------------------------------------------------------------------------------------------------
  PIPE_OUT_col2_stage_reg_reg[0][29]/CLK            -       -       R     (arrival)                   1109    -     0     0       0    (-,-) 
  PIPE_OUT_col2_stage_reg_reg[0][29]/QN             -       CLK->QN R     ASYNC_DFFHx1_ASAP7_75t_SL      2  1.8    34    54      54    (-,-) 
  g70514/Y                                          -       B1->Y   F     AOI22x1_ASAP7_75t_SL           4  2.4    58    16      70    (-,-) 
  g70221/Y                                          -       B->Y    R     NOR2xp33_ASAP7_75t_L           1  0.9    48    31     101    (-,-) 
  g70107/Y                                          -       A2->Y   F     OAI21xp5_ASAP7_75t_SL          1  0.8    26    15     116    (-,-) 
  g69689__6783/Y                                    -       A1->Y   R     AOI21xp5_ASAP7_75t_SL          1  0.9    28    16     132    (-,-) 
  g69681/Y                                          -       A->Y    F     INVx1_ASAP7_75t_SL             1  0.8    14     9     141    (-,-) 
  g69578__4319/Y                                    -       B->Y    R     AOI21xp5_ASAP7_75t_SL          1  0.9    30    16     157    (-,-) 
  g69558__1881/Y                                    -       B->Y    R     OA21x2_ASAP7_75t_SL            2  2.1    18    24     181    (-,-) 
  g69490__5526/Y                                    -       B->Y    F     OAI21xp5_ASAP7_75t_SL          1  1.5    32    16     197    (-,-) 
  fopt39/Y                                          -       A->Y    F     BUFx6f_ASAP7_75t_SL           13  8.7    18    25     222    (-,-) 
  g69411__2802/Y                                    -       B1->Y   R     AOI22xp5_ASAP7_75t_SL          2  1.9    53    26     248    (-,-) 
  g69271__6783/Y                                    -       B->Y    F     NAND2x1_ASAP7_75t_SL           2  1.9    28    14     262    (-,-) 
  g69206__1666/Y                                    -       C->Y    F     AO211x2_ASAP7_75t_SL           3  3.4    21    29     291    (-,-) 
  g69196/Y                                          -       A->Y    F     BUFx3_ASAP7_75t_SL             2  2.0    12    20     312    (-,-) 
  g69169__5122/Y                                    -       A2->Y   R     AOI21x1_ASAP7_75t_SL           1  0.9    21    11     323    (-,-) 
  g69085__6161/Y                                    -       B->Y    R     OA21x2_ASAP7_75t_SL            5  6.0    36    33     355    (-,-) 
  g68918__5107/Y                                    -       B->Y    R     AND2x4_ASAP7_75t_SL           11  9.2    29    30     385    (-,-) 
  g68812__2802/Y                                    -       B2->Y   R     AO22x2_ASAP7_75t_SL            2  2.2    20    26     411    (-,-) 
  g68790/Y                                          -       A->Y    F     INVx1_ASAP7_75t_SL             1  1.4    16    11     422    (-,-) 
  g68728__8428/Y                                    -       A1->Y   R     OAI22x1_ASAP7_75t_SL           2  1.5    34    15     437    (-,-) 
  fopt71412/Y                                       -       A->Y    F     INVx1_ASAP7_75t_SL             1  0.8    16     9     447    (-,-) 
  g68645__1666/Y                                    -       A1->Y   R     OAI22xp5_ASAP7_75t_SL          2  1.5    45    21     467    (-,-) 
  g68582__1666/Y                                    -       A1->Y   F     AOI22xp5_ASAP7_75t_SL          1  1.3    34    17     484    (-,-) 
  g68536__6783/Y                                    -       B->Y    F     XNOR2xp5_ASAP7_75t_SL          2  1.3    40    28     512    (-,-) 
  addinc_FP32_ALU_col2_fracAdder_add_113_18_g1027/Y -       A->Y    F     HB1xp67_ASAP7_75t_SL           1  1.8    26    32     544    (-,-) 
  addinc_FP32_ALU_col2_fracAdder_add_113_18_g956/Y  -       B->Y    R     NAND2x1p5_ASAP7_75t_SL         2  1.4    30    13     558    (-,-) 
  addinc_FP32_ALU_col2_fracAdder_add_113_18_g863/Y  -       A1->Y   F     OAI21xp5_ASAP7_75t_SL          3  2.5    44    25     582    (-,-) 
  addinc_FP32_ALU_col2_fracAdder_add_113_18_g811/Y  -       A2->Y   R     AOI21x1_ASAP7_75t_SL           1  1.2    30    17     599    (-,-) 
  addinc_FP32_ALU_col2_fracAdder_add_113_18_g786/Y  -       C->Y    R     OA221x2_ASAP7_75t_SL           3  3.6    25    28     627    (-,-) 
  addinc_FP32_ALU_col2_fracAdder_add_113_18_g780/Y  -       A->Y    F     INVx3_ASAP7_75t_SL             6  4.4    18    12     638    (-,-) 
  addinc_FP32_ALU_col2_fracAdder_add_113_18_g763/Y  -       A1->Y   R     AOI21xp5_ASAP7_75t_SL          1  1.3    38    18     657    (-,-) 
  addinc_FP32_ALU_col2_fracAdder_add_113_18_g749/Y  -       B->Y    R     XOR2xp5_ASAP7_75t_SL           1  1.5    41    30     687    (-,-) 
  g71108/Y                                          -       A->Y    F     INVx2_ASAP7_75t_SL             2  2.1    19    11     698    (-,-) 
  g68301/Y                                          -       B->Y    R     NAND3x1_ASAP7_75t_SL           1  1.8    36    21     719    (-,-) 
  g68291/Y                                          -       B->Y    F     NOR2x1p5_ASAP7_75t_SL          1  1.3    18    12     730    (-,-) 
  g68283/Y                                          -       B->Y    F     AND2x4_ASAP7_75t_SL            9  9.9    24    28     758    (-,-) 
  g68270/Y                                          -       A2->Y   R     AOI21x1_ASAP7_75t_SL           2  2.3    37    19     776    (-,-) 
  g68257/Y                                          -       A->Y    R     HB1xp67_ASAP7_75t_SL           1  1.3    25    26     803    (-,-) 
  g68226/Y                                          -       A->Y    F     NAND2x1_ASAP7_75t_SL           1  0.8    13     8     810    (-,-) 
  g68194/Y                                          -       B->Y    R     AOI21xp5_ASAP7_75t_SL          1  0.8    28    15     826    (-,-) 
  g68171/Y                                          -       C->Y    R     AND4x2_ASAP7_75t_SL            3  4.0    32    41     866    (-,-) 
  g68162/Y                                          -       A1->Y   F     AOI21x1_ASAP7_75t_SL           2  3.0    32    19     886    (-,-) 
  g68147/Y                                          -       A->Y    R     NAND2x1p5_ASAP7_75t_SL         4  3.8    36    24     909    (-,-) 
  g68143/Y                                          -       A->Y    F     INVx2_ASAP7_75t_SL             1  1.3    15     8     917    (-,-) 
  g68118/Y                                          -       A2->Y   R     AOI21x1_ASAP7_75t_SL           1  1.4    38    14     931    (-,-) 
  g68066/Y                                          -       A1->Y   F     AOI21x1_ASAP7_75t_SL           2  1.8    27    16     947    (-,-) 
  g68041/Y                                          -       B->Y    F     AND2x4_ASAP7_75t_SL            6  6.7    18    27     974    (-,-) 
  g68033/Y                                          -       A->Y    F     BUFx6f_ASAP7_75t_SL            5  5.9    13    21     994    (-,-) 
  g68032/Y                                          -       A->Y    R     INVx4_ASAP7_75t_SL             3  2.8    12     8    1002    (-,-) 
  g67981/Y                                          -       A1->Y   F     AOI22x1_ASAP7_75t_SL           3  2.2    34    12    1015    (-,-) 
  g67867/Y                                          -       B->Y    F     AND2x2_ASAP7_75t_SL            3  3.3    19    29    1044    (-,-) 
  g67853/Y                                          -       A->Y    R     INVx1_ASAP7_75t_SL             3  2.6    31    19    1062    (-,-) 
  g67767/Y                                          -       B->Y    R     OR2x2_ASAP7_75t_SL             2  1.2    13    21    1084    (-,-) 
  g67706/Y                                          -       B->Y    F     NOR2xp33_ASAP7_75t_L           1  0.8    28    18    1102    (-,-) 
  g67417/Y                                          -       B->Y    R     AOI21xp5_ASAP7_75t_SL          1  0.9    31    19    1120    (-,-) 
  g67322/Y                                          -       B->Y    R     OA21x2_ASAP7_75t_SL            3  3.1    24    27    1147    (-,-) 
  g67252/Y                                          -       A->Y    F     NOR2x1p5_ASAP7_75t_SL          2  3.4    26    17    1164    (-,-) 
  g67235/Y                                          -       A->Y    R     NAND3x2_ASAP7_75t_SL           2  4.0    39    22    1186    (-,-) 
  g67207/Y                                          -       B->Y    F     NOR2x2_ASAP7_75t_SL            4  3.7    25    18    1203    (-,-) 
  g67113/Y                                          -       A->Y    F     AND3x2_ASAP7_75t_SL            2  2.5    15    22    1225    (-,-) 
  g67044/Y                                          -       B->Y    F     XNOR2xp5_ASAP7_75t_SL          2  1.5    30    26    1251    (-,-) 
  g66981/Y                                          -       A->Y    R     NAND3xp33_ASAP7_75t_SL         1  1.3    35    20    1271    (-,-) 
  g66969/Y                                          -       A->Y    F     NOR2x1_ASAP7_75t_SL            1  1.4    25    17    1288    (-,-) 
  g66954/Y                                          -       A1->Y   F     AO31x2_ASAP7_75t_SL            1  1.3    12    19    1306    (-,-) 
  g66953/Y                                          -       B->Y    F     AND2x6_ASAP7_75t_SL            9 11.8    25    28    1335    (-,-) 
  g66937/Y                                          -       A->Y    R     INVx11_ASAP7_75t_SL           23 15.1    22    15    1350    (-,-) 
  g66896/Y                                          -       B->Y    F     NAND2xp5_ASAP7_75t_SL          1  0.9    20    12    1362    (-,-) 
  PIPE_OUT_col2_stage_reg_reg[0][15]/D              -       -       F     ASYNC_DFFHx1_ASAP7_75t_SL      1    -     -     0    1362    (-,-) 
#--------------------------------------------------------------------------------------------------------------------------------------------



Path 11: VIOLATED (-479 ps) Setup Check with Pin PIPE_OUT_col2_stage_reg_reg[0][14]/CLK->D
           View: PVT_0P63V_100C.setup_view
          Group: clk
     Startpoint: (R) PIPE_OUT_col2_stage_reg_reg[0][29]/CLK
          Clock: (R) clk
       Endpoint: (R) PIPE_OUT_col2_stage_reg_reg[0][14]/D
          Clock: (R) clk

                     Capture       Launch     
        Clock Edge:+    1000            0     
       Src Latency:+       0            0     
       Net Latency:+       0 (I)        0 (I) 
           Arrival:=    1000            0     
                                              
             Setup:-      14                  
       Uncertainty:-     100                  
     Required Time:=     886                  
      Launch Clock:-       0                  
         Data Path:-    1365                  
             Slack:=    -479                  

#--------------------------------------------------------------------------------------------------------------------------------------------
#                   Timing Point                    Flags    Arc    Edge           Cell             Fanout Load Trans Delay Arrival Instance 
#                                                                                                          (fF)  (ps)  (ps)   (ps)  Location 
#--------------------------------------------------------------------------------------------------------------------------------------------
  PIPE_OUT_col2_stage_reg_reg[0][29]/CLK            -       -       R     (arrival)                   1109    -     0     0       0    (-,-) 
  PIPE_OUT_col2_stage_reg_reg[0][29]/QN             -       CLK->QN R     ASYNC_DFFHx1_ASAP7_75t_SL      2  1.8    34    54      54    (-,-) 
  g70514/Y                                          -       B1->Y   F     AOI22x1_ASAP7_75t_SL           4  2.4    58    16      70    (-,-) 
  g70221/Y                                          -       B->Y    R     NOR2xp33_ASAP7_75t_L           1  0.9    48    31     101    (-,-) 
  g70107/Y                                          -       A2->Y   F     OAI21xp5_ASAP7_75t_SL          1  0.8    26    15     116    (-,-) 
  g69689__6783/Y                                    -       A1->Y   R     AOI21xp5_ASAP7_75t_SL          1  0.9    28    16     132    (-,-) 
  g69681/Y                                          -       A->Y    F     INVx1_ASAP7_75t_SL             1  0.8    14     9     141    (-,-) 
  g69578__4319/Y                                    -       B->Y    R     AOI21xp5_ASAP7_75t_SL          1  0.9    30    16     157    (-,-) 
  g69558__1881/Y                                    -       B->Y    R     OA21x2_ASAP7_75t_SL            2  2.1    18    24     181    (-,-) 
  g69490__5526/Y                                    -       B->Y    F     OAI21xp5_ASAP7_75t_SL          1  1.5    32    16     197    (-,-) 
  fopt39/Y                                          -       A->Y    F     BUFx6f_ASAP7_75t_SL           13  8.7    18    25     222    (-,-) 
  g69411__2802/Y                                    -       B1->Y   R     AOI22xp5_ASAP7_75t_SL          2  1.9    53    26     248    (-,-) 
  g69271__6783/Y                                    -       B->Y    F     NAND2x1_ASAP7_75t_SL           2  1.9    28    14     262    (-,-) 
  g69206__1666/Y                                    -       C->Y    F     AO211x2_ASAP7_75t_SL           3  3.4    21    29     291    (-,-) 
  g69196/Y                                          -       A->Y    F     BUFx3_ASAP7_75t_SL             2  2.0    12    20     312    (-,-) 
  g69169__5122/Y                                    -       A2->Y   R     AOI21x1_ASAP7_75t_SL           1  0.9    21    11     323    (-,-) 
  g69085__6161/Y                                    -       B->Y    R     OA21x2_ASAP7_75t_SL            5  6.0    36    33     355    (-,-) 
  g68918__5107/Y                                    -       B->Y    R     AND2x4_ASAP7_75t_SL           11  9.2    29    30     385    (-,-) 
  g68812__2802/Y                                    -       B2->Y   R     AO22x2_ASAP7_75t_SL            2  2.2    20    26     411    (-,-) 
  g68790/Y                                          -       A->Y    F     INVx1_ASAP7_75t_SL             1  1.4    16    11     422    (-,-) 
  g68728__8428/Y                                    -       A1->Y   R     OAI22x1_ASAP7_75t_SL           2  1.5    34    15     437    (-,-) 
  fopt71412/Y                                       -       A->Y    F     INVx1_ASAP7_75t_SL             1  0.8    16     9     447    (-,-) 
  g68645__1666/Y                                    -       A1->Y   R     OAI22xp5_ASAP7_75t_SL          2  1.5    45    21     467    (-,-) 
  g68582__1666/Y                                    -       A1->Y   F     AOI22xp5_ASAP7_75t_SL          1  1.3    34    17     484    (-,-) 
  g68536__6783/Y                                    -       B->Y    F     XNOR2xp5_ASAP7_75t_SL          2  1.3    40    28     512    (-,-) 
  addinc_FP32_ALU_col2_fracAdder_add_113_18_g1027/Y -       A->Y    F     HB1xp67_ASAP7_75t_SL           1  1.8    26    32     544    (-,-) 
  addinc_FP32_ALU_col2_fracAdder_add_113_18_g956/Y  -       B->Y    R     NAND2x1p5_ASAP7_75t_SL         2  1.4    30    13     558    (-,-) 
  addinc_FP32_ALU_col2_fracAdder_add_113_18_g863/Y  -       A1->Y   F     OAI21xp5_ASAP7_75t_SL          3  2.5    44    25     582    (-,-) 
  addinc_FP32_ALU_col2_fracAdder_add_113_18_g811/Y  -       A2->Y   R     AOI21x1_ASAP7_75t_SL           1  1.2    30    17     599    (-,-) 
  addinc_FP32_ALU_col2_fracAdder_add_113_18_g786/Y  -       C->Y    R     OA221x2_ASAP7_75t_SL           3  3.6    25    28     627    (-,-) 
  addinc_FP32_ALU_col2_fracAdder_add_113_18_g780/Y  -       A->Y    F     INVx3_ASAP7_75t_SL             6  4.4    18    12     638    (-,-) 
  addinc_FP32_ALU_col2_fracAdder_add_113_18_g763/Y  -       A1->Y   R     AOI21xp5_ASAP7_75t_SL          1  1.3    38    18     657    (-,-) 
  addinc_FP32_ALU_col2_fracAdder_add_113_18_g749/Y  -       B->Y    R     XOR2xp5_ASAP7_75t_SL           1  1.5    41    30     687    (-,-) 
  g71108/Y                                          -       A->Y    F     INVx2_ASAP7_75t_SL             2  2.1    19    11     698    (-,-) 
  g68301/Y                                          -       B->Y    R     NAND3x1_ASAP7_75t_SL           1  1.8    36    21     719    (-,-) 
  g68291/Y                                          -       B->Y    F     NOR2x1p5_ASAP7_75t_SL          1  1.3    18    12     730    (-,-) 
  g68283/Y                                          -       B->Y    F     AND2x4_ASAP7_75t_SL            9  9.9    24    28     758    (-,-) 
  g68270/Y                                          -       A2->Y   R     AOI21x1_ASAP7_75t_SL           2  2.3    37    19     776    (-,-) 
  g68257/Y                                          -       A->Y    R     HB1xp67_ASAP7_75t_SL           1  1.3    25    26     803    (-,-) 
  g68226/Y                                          -       A->Y    F     NAND2x1_ASAP7_75t_SL           1  0.8    13     8     810    (-,-) 
  g68194/Y                                          -       B->Y    R     AOI21xp5_ASAP7_75t_SL          1  0.8    28    15     826    (-,-) 
  g68171/Y                                          -       C->Y    R     AND4x2_ASAP7_75t_SL            3  4.0    32    41     866    (-,-) 
  g68162/Y                                          -       A1->Y   F     AOI21x1_ASAP7_75t_SL           2  3.0    32    19     886    (-,-) 
  g68147/Y                                          -       A->Y    R     NAND2x1p5_ASAP7_75t_SL         4  3.8    36    24     909    (-,-) 
  g68143/Y                                          -       A->Y    F     INVx2_ASAP7_75t_SL             1  1.3    15     8     917    (-,-) 
  g68118/Y                                          -       A2->Y   R     AOI21x1_ASAP7_75t_SL           1  1.4    38    14     931    (-,-) 
  g68066/Y                                          -       A1->Y   F     AOI21x1_ASAP7_75t_SL           2  1.8    27    16     947    (-,-) 
  g68044/Y                                          -       A->Y    F     HB1xp67_ASAP7_75t_SL           1  1.3    20    26     973    (-,-) 
  g68013/Y                                          -       A2->Y   R     AOI21x1_ASAP7_75t_SL           3  2.2    35    18     991    (-,-) 
  fopt69418/Y                                       -       A->Y    R     BUFx3_ASAP7_75t_SL             4  3.1    17    23    1014    (-,-) 
  g67874/Y                                          -       A1->Y   F     AOI21xp5_ASAP7_75t_SL          1  0.9    36    12    1026    (-,-) 
  g67792/Y                                          -       B->Y    F     OA21x2_ASAP7_75t_SL            2  2.5    18    25    1051    (-,-) 
  g67664/Y                                          -       B->Y    F     XOR2x1_ASAP7_75t_SL            2  1.5    26    25    1076    (-,-) 
  g71163/Y                                          -       B->Y    F     AND2x2_ASAP7_75t_SL            2  1.5    14    23    1100    (-,-) 
  g67590/Y                                          -       A->Y    R     INVxp67_ASAP7_75t_SL           1  0.8    17    11    1111    (-,-) 
  g67514/Y                                          -       B->Y    F     NAND2xp5_ASAP7_75t_L           1  1.8    32    20    1131    (-,-) 
  g67323/Y                                          -       A->Y    F     XOR2x1_ASAP7_75t_SL            2  3.0    32    30    1161    (-,-) 
  g67250/Y                                          -       B->Y    R     NAND2x1p5_ASAP7_75t_SL         2  1.9    29    16    1177    (-,-) 
  g67190/Y                                          -       A->Y    F     NOR2x1_ASAP7_75t_SL            2  2.3    29    19    1197    (-,-) 
  g67181/Y                                          -       A->Y    R     INVx2_ASAP7_75t_SL             1  1.3    16    10    1207    (-,-) 
  g67145/Y                                          -       A->Y    F     NOR2x1_ASAP7_75t_SL            1  1.3    18    13    1220    (-,-) 
  g67111/Y                                          -       A->Y    R     NAND2x1_ASAP7_75t_SL           1  1.3    24    17    1236    (-,-) 
  g67039/Y                                          -       A->Y    R     XNOR2xp5_ASAP7_75t_SL          2  1.3    40    20    1256    (-,-) 
  g66989/Y                                          -       B->Y    F     NAND2xp5_ASAP7_75t_SL          1  1.3    30    17    1274    (-,-) 
  g66965/Y                                          -       B->Y    R     NOR2x1_ASAP7_75t_SL            1  1.3    24    14    1288    (-,-) 
  g66954/Y                                          -       A2->Y   R     AO31x2_ASAP7_75t_SL            1  1.3    15    21    1309    (-,-) 
  g66953/Y                                          -       B->Y    R     AND2x6_ASAP7_75t_SL            9 11.8    30    29    1338    (-,-) 
  g66937/Y                                          -       A->Y    F     INVx11_ASAP7_75t_SL           23 15.1    20    12    1351    (-,-) 
  g66911/Y                                          -       B->Y    R     NAND2xp5_ASAP7_75t_SL          1  0.9    25    14    1365    (-,-) 
  PIPE_OUT_col2_stage_reg_reg[0][14]/D              -       -       R     ASYNC_DFFHx1_ASAP7_75t_SL      1    -     -     0    1365    (-,-) 
#--------------------------------------------------------------------------------------------------------------------------------------------



Path 12: VIOLATED (-479 ps) Setup Check with Pin PIPE_OUT_col2_stage_reg_reg[0][13]/CLK->D
           View: PVT_0P63V_100C.setup_view
          Group: clk
     Startpoint: (R) PIPE_OUT_col2_stage_reg_reg[0][29]/CLK
          Clock: (R) clk
       Endpoint: (R) PIPE_OUT_col2_stage_reg_reg[0][13]/D
          Clock: (R) clk

                     Capture       Launch     
        Clock Edge:+    1000            0     
       Src Latency:+       0            0     
       Net Latency:+       0 (I)        0 (I) 
           Arrival:=    1000            0     
                                              
             Setup:-      14                  
       Uncertainty:-     100                  
     Required Time:=     886                  
      Launch Clock:-       0                  
         Data Path:-    1365                  
             Slack:=    -479                  

#--------------------------------------------------------------------------------------------------------------------------------------------
#                   Timing Point                    Flags    Arc    Edge           Cell             Fanout Load Trans Delay Arrival Instance 
#                                                                                                          (fF)  (ps)  (ps)   (ps)  Location 
#--------------------------------------------------------------------------------------------------------------------------------------------
  PIPE_OUT_col2_stage_reg_reg[0][29]/CLK            -       -       R     (arrival)                   1109    -     0     0       0    (-,-) 
  PIPE_OUT_col2_stage_reg_reg[0][29]/QN             -       CLK->QN R     ASYNC_DFFHx1_ASAP7_75t_SL      2  1.8    34    54      54    (-,-) 
  g70514/Y                                          -       B1->Y   F     AOI22x1_ASAP7_75t_SL           4  2.4    58    16      70    (-,-) 
  g70221/Y                                          -       B->Y    R     NOR2xp33_ASAP7_75t_L           1  0.9    48    31     101    (-,-) 
  g70107/Y                                          -       A2->Y   F     OAI21xp5_ASAP7_75t_SL          1  0.8    26    15     116    (-,-) 
  g69689__6783/Y                                    -       A1->Y   R     AOI21xp5_ASAP7_75t_SL          1  0.9    28    16     132    (-,-) 
  g69681/Y                                          -       A->Y    F     INVx1_ASAP7_75t_SL             1  0.8    14     9     141    (-,-) 
  g69578__4319/Y                                    -       B->Y    R     AOI21xp5_ASAP7_75t_SL          1  0.9    30    16     157    (-,-) 
  g69558__1881/Y                                    -       B->Y    R     OA21x2_ASAP7_75t_SL            2  2.1    18    24     181    (-,-) 
  g69490__5526/Y                                    -       B->Y    F     OAI21xp5_ASAP7_75t_SL          1  1.5    32    16     197    (-,-) 
  fopt39/Y                                          -       A->Y    F     BUFx6f_ASAP7_75t_SL           13  8.7    18    25     222    (-,-) 
  g69411__2802/Y                                    -       B1->Y   R     AOI22xp5_ASAP7_75t_SL          2  1.9    53    26     248    (-,-) 
  g69271__6783/Y                                    -       B->Y    F     NAND2x1_ASAP7_75t_SL           2  1.9    28    14     262    (-,-) 
  g69206__1666/Y                                    -       C->Y    F     AO211x2_ASAP7_75t_SL           3  3.4    21    29     291    (-,-) 
  g69196/Y                                          -       A->Y    F     BUFx3_ASAP7_75t_SL             2  2.0    12    20     312    (-,-) 
  g69169__5122/Y                                    -       A2->Y   R     AOI21x1_ASAP7_75t_SL           1  0.9    21    11     323    (-,-) 
  g69085__6161/Y                                    -       B->Y    R     OA21x2_ASAP7_75t_SL            5  6.0    36    33     355    (-,-) 
  g68918__5107/Y                                    -       B->Y    R     AND2x4_ASAP7_75t_SL           11  9.2    29    30     385    (-,-) 
  g68812__2802/Y                                    -       B2->Y   R     AO22x2_ASAP7_75t_SL            2  2.2    20    26     411    (-,-) 
  g68790/Y                                          -       A->Y    F     INVx1_ASAP7_75t_SL             1  1.4    16    11     422    (-,-) 
  g68728__8428/Y                                    -       A1->Y   R     OAI22x1_ASAP7_75t_SL           2  1.5    34    15     437    (-,-) 
  fopt71412/Y                                       -       A->Y    F     INVx1_ASAP7_75t_SL             1  0.8    16     9     447    (-,-) 
  g68645__1666/Y                                    -       A1->Y   R     OAI22xp5_ASAP7_75t_SL          2  1.5    45    21     467    (-,-) 
  g68582__1666/Y                                    -       A1->Y   F     AOI22xp5_ASAP7_75t_SL          1  1.3    34    17     484    (-,-) 
  g68536__6783/Y                                    -       B->Y    F     XNOR2xp5_ASAP7_75t_SL          2  1.3    40    28     512    (-,-) 
  addinc_FP32_ALU_col2_fracAdder_add_113_18_g1027/Y -       A->Y    F     HB1xp67_ASAP7_75t_SL           1  1.8    26    32     544    (-,-) 
  addinc_FP32_ALU_col2_fracAdder_add_113_18_g956/Y  -       B->Y    R     NAND2x1p5_ASAP7_75t_SL         2  1.4    30    13     558    (-,-) 
  addinc_FP32_ALU_col2_fracAdder_add_113_18_g863/Y  -       A1->Y   F     OAI21xp5_ASAP7_75t_SL          3  2.5    44    25     582    (-,-) 
  addinc_FP32_ALU_col2_fracAdder_add_113_18_g811/Y  -       A2->Y   R     AOI21x1_ASAP7_75t_SL           1  1.2    30    17     599    (-,-) 
  addinc_FP32_ALU_col2_fracAdder_add_113_18_g786/Y  -       C->Y    R     OA221x2_ASAP7_75t_SL           3  3.6    25    28     627    (-,-) 
  addinc_FP32_ALU_col2_fracAdder_add_113_18_g780/Y  -       A->Y    F     INVx3_ASAP7_75t_SL             6  4.4    18    12     638    (-,-) 
  addinc_FP32_ALU_col2_fracAdder_add_113_18_g763/Y  -       A1->Y   R     AOI21xp5_ASAP7_75t_SL          1  1.3    38    18     657    (-,-) 
  addinc_FP32_ALU_col2_fracAdder_add_113_18_g749/Y  -       B->Y    R     XOR2xp5_ASAP7_75t_SL           1  1.5    41    30     687    (-,-) 
  g71108/Y                                          -       A->Y    F     INVx2_ASAP7_75t_SL             2  2.1    19    11     698    (-,-) 
  g68301/Y                                          -       B->Y    R     NAND3x1_ASAP7_75t_SL           1  1.8    36    21     719    (-,-) 
  g68291/Y                                          -       B->Y    F     NOR2x1p5_ASAP7_75t_SL          1  1.3    18    12     730    (-,-) 
  g68283/Y                                          -       B->Y    F     AND2x4_ASAP7_75t_SL            9  9.9    24    28     758    (-,-) 
  g68270/Y                                          -       A2->Y   R     AOI21x1_ASAP7_75t_SL           2  2.3    37    19     776    (-,-) 
  g68257/Y                                          -       A->Y    R     HB1xp67_ASAP7_75t_SL           1  1.3    25    26     803    (-,-) 
  g68226/Y                                          -       A->Y    F     NAND2x1_ASAP7_75t_SL           1  0.8    13     8     810    (-,-) 
  g68194/Y                                          -       B->Y    R     AOI21xp5_ASAP7_75t_SL          1  0.8    28    15     826    (-,-) 
  g68171/Y                                          -       C->Y    R     AND4x2_ASAP7_75t_SL            3  4.0    32    41     866    (-,-) 
  g68162/Y                                          -       A1->Y   F     AOI21x1_ASAP7_75t_SL           2  3.0    32    19     886    (-,-) 
  g68147/Y                                          -       A->Y    R     NAND2x1p5_ASAP7_75t_SL         4  3.8    36    24     909    (-,-) 
  g68143/Y                                          -       A->Y    F     INVx2_ASAP7_75t_SL             1  1.3    15     8     917    (-,-) 
  g68118/Y                                          -       A2->Y   R     AOI21x1_ASAP7_75t_SL           1  1.4    38    14     931    (-,-) 
  g68066/Y                                          -       A1->Y   F     AOI21x1_ASAP7_75t_SL           2  1.8    27    16     947    (-,-) 
  g68044/Y                                          -       A->Y    F     HB1xp67_ASAP7_75t_SL           1  1.3    20    26     973    (-,-) 
  g68013/Y                                          -       A2->Y   R     AOI21x1_ASAP7_75t_SL           3  2.2    35    18     991    (-,-) 
  fopt69418/Y                                       -       A->Y    R     BUFx3_ASAP7_75t_SL             4  3.1    17    23    1014    (-,-) 
  g67874/Y                                          -       A1->Y   F     AOI21xp5_ASAP7_75t_SL          1  0.9    36    12    1026    (-,-) 
  g67792/Y                                          -       B->Y    F     OA21x2_ASAP7_75t_SL            2  2.5    18    25    1051    (-,-) 
  g67664/Y                                          -       B->Y    F     XOR2x1_ASAP7_75t_SL            2  1.5    26    25    1076    (-,-) 
  g71163/Y                                          -       B->Y    F     AND2x2_ASAP7_75t_SL            2  1.5    14    23    1100    (-,-) 
  g67590/Y                                          -       A->Y    R     INVxp67_ASAP7_75t_SL           1  0.8    17    11    1111    (-,-) 
  g67514/Y                                          -       B->Y    F     NAND2xp5_ASAP7_75t_L           1  1.8    32    20    1131    (-,-) 
  g67323/Y                                          -       A->Y    F     XOR2x1_ASAP7_75t_SL            2  3.0    32    30    1161    (-,-) 
  g67250/Y                                          -       B->Y    R     NAND2x1p5_ASAP7_75t_SL         2  1.9    29    16    1177    (-,-) 
  g67190/Y                                          -       A->Y    F     NOR2x1_ASAP7_75t_SL            2  2.3    29    19    1197    (-,-) 
  g67181/Y                                          -       A->Y    R     INVx2_ASAP7_75t_SL             1  1.3    16    10    1207    (-,-) 
  g67145/Y                                          -       A->Y    F     NOR2x1_ASAP7_75t_SL            1  1.3    18    13    1220    (-,-) 
  g67111/Y                                          -       A->Y    R     NAND2x1_ASAP7_75t_SL           1  1.3    24    17    1236    (-,-) 
  g67039/Y                                          -       A->Y    R     XNOR2xp5_ASAP7_75t_SL          2  1.3    40    20    1256    (-,-) 
  g66989/Y                                          -       B->Y    F     NAND2xp5_ASAP7_75t_SL          1  1.3    30    17    1274    (-,-) 
  g66965/Y                                          -       B->Y    R     NOR2x1_ASAP7_75t_SL            1  1.3    24    14    1288    (-,-) 
  g66954/Y                                          -       A2->Y   R     AO31x2_ASAP7_75t_SL            1  1.3    15    21    1309    (-,-) 
  g66953/Y                                          -       B->Y    R     AND2x6_ASAP7_75t_SL            9 11.8    30    29    1338    (-,-) 
  g66937/Y                                          -       A->Y    F     INVx11_ASAP7_75t_SL           23 15.1    20    12    1351    (-,-) 
  g66895/Y                                          -       B->Y    R     NAND2xp5_ASAP7_75t_SL          1  0.9    24    14    1365    (-,-) 
  PIPE_OUT_col2_stage_reg_reg[0][13]/D              -       -       R     ASYNC_DFFHx1_ASAP7_75t_SL      1    -     -     0    1365    (-,-) 
#--------------------------------------------------------------------------------------------------------------------------------------------



Path 13: VIOLATED (-479 ps) Setup Check with Pin PIPE_OUT_col2_stage_reg_reg[0][12]/CLK->D
           View: PVT_0P63V_100C.setup_view
          Group: clk
     Startpoint: (R) PIPE_OUT_col2_stage_reg_reg[0][29]/CLK
          Clock: (R) clk
       Endpoint: (R) PIPE_OUT_col2_stage_reg_reg[0][12]/D
          Clock: (R) clk

                     Capture       Launch     
        Clock Edge:+    1000            0     
       Src Latency:+       0            0     
       Net Latency:+       0 (I)        0 (I) 
           Arrival:=    1000            0     
                                              
             Setup:-      14                  
       Uncertainty:-     100                  
     Required Time:=     886                  
      Launch Clock:-       0                  
         Data Path:-    1365                  
             Slack:=    -479                  

#--------------------------------------------------------------------------------------------------------------------------------------------
#                   Timing Point                    Flags    Arc    Edge           Cell             Fanout Load Trans Delay Arrival Instance 
#                                                                                                          (fF)  (ps)  (ps)   (ps)  Location 
#--------------------------------------------------------------------------------------------------------------------------------------------
  PIPE_OUT_col2_stage_reg_reg[0][29]/CLK            -       -       R     (arrival)                   1109    -     0     0       0    (-,-) 
  PIPE_OUT_col2_stage_reg_reg[0][29]/QN             -       CLK->QN R     ASYNC_DFFHx1_ASAP7_75t_SL      2  1.8    34    54      54    (-,-) 
  g70514/Y                                          -       B1->Y   F     AOI22x1_ASAP7_75t_SL           4  2.4    58    16      70    (-,-) 
  g70221/Y                                          -       B->Y    R     NOR2xp33_ASAP7_75t_L           1  0.9    48    31     101    (-,-) 
  g70107/Y                                          -       A2->Y   F     OAI21xp5_ASAP7_75t_SL          1  0.8    26    15     116    (-,-) 
  g69689__6783/Y                                    -       A1->Y   R     AOI21xp5_ASAP7_75t_SL          1  0.9    28    16     132    (-,-) 
  g69681/Y                                          -       A->Y    F     INVx1_ASAP7_75t_SL             1  0.8    14     9     141    (-,-) 
  g69578__4319/Y                                    -       B->Y    R     AOI21xp5_ASAP7_75t_SL          1  0.9    30    16     157    (-,-) 
  g69558__1881/Y                                    -       B->Y    R     OA21x2_ASAP7_75t_SL            2  2.1    18    24     181    (-,-) 
  g69490__5526/Y                                    -       B->Y    F     OAI21xp5_ASAP7_75t_SL          1  1.5    32    16     197    (-,-) 
  fopt39/Y                                          -       A->Y    F     BUFx6f_ASAP7_75t_SL           13  8.7    18    25     222    (-,-) 
  g69411__2802/Y                                    -       B1->Y   R     AOI22xp5_ASAP7_75t_SL          2  1.9    53    26     248    (-,-) 
  g69271__6783/Y                                    -       B->Y    F     NAND2x1_ASAP7_75t_SL           2  1.9    28    14     262    (-,-) 
  g69206__1666/Y                                    -       C->Y    F     AO211x2_ASAP7_75t_SL           3  3.4    21    29     291    (-,-) 
  g69196/Y                                          -       A->Y    F     BUFx3_ASAP7_75t_SL             2  2.0    12    20     312    (-,-) 
  g69169__5122/Y                                    -       A2->Y   R     AOI21x1_ASAP7_75t_SL           1  0.9    21    11     323    (-,-) 
  g69085__6161/Y                                    -       B->Y    R     OA21x2_ASAP7_75t_SL            5  6.0    36    33     355    (-,-) 
  g68918__5107/Y                                    -       B->Y    R     AND2x4_ASAP7_75t_SL           11  9.2    29    30     385    (-,-) 
  g68812__2802/Y                                    -       B2->Y   R     AO22x2_ASAP7_75t_SL            2  2.2    20    26     411    (-,-) 
  g68790/Y                                          -       A->Y    F     INVx1_ASAP7_75t_SL             1  1.4    16    11     422    (-,-) 
  g68728__8428/Y                                    -       A1->Y   R     OAI22x1_ASAP7_75t_SL           2  1.5    34    15     437    (-,-) 
  fopt71412/Y                                       -       A->Y    F     INVx1_ASAP7_75t_SL             1  0.8    16     9     447    (-,-) 
  g68645__1666/Y                                    -       A1->Y   R     OAI22xp5_ASAP7_75t_SL          2  1.5    45    21     467    (-,-) 
  g68582__1666/Y                                    -       A1->Y   F     AOI22xp5_ASAP7_75t_SL          1  1.3    34    17     484    (-,-) 
  g68536__6783/Y                                    -       B->Y    F     XNOR2xp5_ASAP7_75t_SL          2  1.3    40    28     512    (-,-) 
  addinc_FP32_ALU_col2_fracAdder_add_113_18_g1027/Y -       A->Y    F     HB1xp67_ASAP7_75t_SL           1  1.8    26    32     544    (-,-) 
  addinc_FP32_ALU_col2_fracAdder_add_113_18_g956/Y  -       B->Y    R     NAND2x1p5_ASAP7_75t_SL         2  1.4    30    13     558    (-,-) 
  addinc_FP32_ALU_col2_fracAdder_add_113_18_g863/Y  -       A1->Y   F     OAI21xp5_ASAP7_75t_SL          3  2.5    44    25     582    (-,-) 
  addinc_FP32_ALU_col2_fracAdder_add_113_18_g811/Y  -       A2->Y   R     AOI21x1_ASAP7_75t_SL           1  1.2    30    17     599    (-,-) 
  addinc_FP32_ALU_col2_fracAdder_add_113_18_g786/Y  -       C->Y    R     OA221x2_ASAP7_75t_SL           3  3.6    25    28     627    (-,-) 
  addinc_FP32_ALU_col2_fracAdder_add_113_18_g780/Y  -       A->Y    F     INVx3_ASAP7_75t_SL             6  4.4    18    12     638    (-,-) 
  addinc_FP32_ALU_col2_fracAdder_add_113_18_g763/Y  -       A1->Y   R     AOI21xp5_ASAP7_75t_SL          1  1.3    38    18     657    (-,-) 
  addinc_FP32_ALU_col2_fracAdder_add_113_18_g749/Y  -       B->Y    R     XOR2xp5_ASAP7_75t_SL           1  1.5    41    30     687    (-,-) 
  g71108/Y                                          -       A->Y    F     INVx2_ASAP7_75t_SL             2  2.1    19    11     698    (-,-) 
  g68301/Y                                          -       B->Y    R     NAND3x1_ASAP7_75t_SL           1  1.8    36    21     719    (-,-) 
  g68291/Y                                          -       B->Y    F     NOR2x1p5_ASAP7_75t_SL          1  1.3    18    12     730    (-,-) 
  g68283/Y                                          -       B->Y    F     AND2x4_ASAP7_75t_SL            9  9.9    24    28     758    (-,-) 
  g68270/Y                                          -       A2->Y   R     AOI21x1_ASAP7_75t_SL           2  2.3    37    19     776    (-,-) 
  g68257/Y                                          -       A->Y    R     HB1xp67_ASAP7_75t_SL           1  1.3    25    26     803    (-,-) 
  g68226/Y                                          -       A->Y    F     NAND2x1_ASAP7_75t_SL           1  0.8    13     8     810    (-,-) 
  g68194/Y                                          -       B->Y    R     AOI21xp5_ASAP7_75t_SL          1  0.8    28    15     826    (-,-) 
  g68171/Y                                          -       C->Y    R     AND4x2_ASAP7_75t_SL            3  4.0    32    41     866    (-,-) 
  g68162/Y                                          -       A1->Y   F     AOI21x1_ASAP7_75t_SL           2  3.0    32    19     886    (-,-) 
  g68147/Y                                          -       A->Y    R     NAND2x1p5_ASAP7_75t_SL         4  3.8    36    24     909    (-,-) 
  g68143/Y                                          -       A->Y    F     INVx2_ASAP7_75t_SL             1  1.3    15     8     917    (-,-) 
  g68118/Y                                          -       A2->Y   R     AOI21x1_ASAP7_75t_SL           1  1.4    38    14     931    (-,-) 
  g68066/Y                                          -       A1->Y   F     AOI21x1_ASAP7_75t_SL           2  1.8    27    16     947    (-,-) 
  g68044/Y                                          -       A->Y    F     HB1xp67_ASAP7_75t_SL           1  1.3    20    26     973    (-,-) 
  g68013/Y                                          -       A2->Y   R     AOI21x1_ASAP7_75t_SL           3  2.2    35    18     991    (-,-) 
  fopt69418/Y                                       -       A->Y    R     BUFx3_ASAP7_75t_SL             4  3.1    17    23    1014    (-,-) 
  g67874/Y                                          -       A1->Y   F     AOI21xp5_ASAP7_75t_SL          1  0.9    36    12    1026    (-,-) 
  g67792/Y                                          -       B->Y    F     OA21x2_ASAP7_75t_SL            2  2.5    18    25    1051    (-,-) 
  g67664/Y                                          -       B->Y    F     XOR2x1_ASAP7_75t_SL            2  1.5    26    25    1076    (-,-) 
  g71163/Y                                          -       B->Y    F     AND2x2_ASAP7_75t_SL            2  1.5    14    23    1100    (-,-) 
  g67590/Y                                          -       A->Y    R     INVxp67_ASAP7_75t_SL           1  0.8    17    11    1111    (-,-) 
  g67514/Y                                          -       B->Y    F     NAND2xp5_ASAP7_75t_L           1  1.8    32    20    1131    (-,-) 
  g67323/Y                                          -       A->Y    F     XOR2x1_ASAP7_75t_SL            2  3.0    32    30    1161    (-,-) 
  g67250/Y                                          -       B->Y    R     NAND2x1p5_ASAP7_75t_SL         2  1.9    29    16    1177    (-,-) 
  g67190/Y                                          -       A->Y    F     NOR2x1_ASAP7_75t_SL            2  2.3    29    19    1197    (-,-) 
  g67181/Y                                          -       A->Y    R     INVx2_ASAP7_75t_SL             1  1.3    16    10    1207    (-,-) 
  g67145/Y                                          -       A->Y    F     NOR2x1_ASAP7_75t_SL            1  1.3    18    13    1220    (-,-) 
  g67111/Y                                          -       A->Y    R     NAND2x1_ASAP7_75t_SL           1  1.3    24    17    1236    (-,-) 
  g67039/Y                                          -       A->Y    R     XNOR2xp5_ASAP7_75t_SL          2  1.3    40    20    1256    (-,-) 
  g66989/Y                                          -       B->Y    F     NAND2xp5_ASAP7_75t_SL          1  1.3    30    17    1274    (-,-) 
  g66965/Y                                          -       B->Y    R     NOR2x1_ASAP7_75t_SL            1  1.3    24    14    1288    (-,-) 
  g66954/Y                                          -       A2->Y   R     AO31x2_ASAP7_75t_SL            1  1.3    15    21    1309    (-,-) 
  g66953/Y                                          -       B->Y    R     AND2x6_ASAP7_75t_SL            9 11.8    30    29    1338    (-,-) 
  g66937/Y                                          -       A->Y    F     INVx11_ASAP7_75t_SL           23 15.1    20    12    1351    (-,-) 
  g66894/Y                                          -       B->Y    R     NAND2xp5_ASAP7_75t_SL          1  0.9    25    14    1365    (-,-) 
  PIPE_OUT_col2_stage_reg_reg[0][12]/D              -       -       R     ASYNC_DFFHx1_ASAP7_75t_SL      1    -     -     0    1365    (-,-) 
#--------------------------------------------------------------------------------------------------------------------------------------------



Path 14: VIOLATED (-479 ps) Setup Check with Pin PIPE_OUT_col2_stage_reg_reg[0][11]/CLK->D
           View: PVT_0P63V_100C.setup_view
          Group: clk
     Startpoint: (R) PIPE_OUT_col2_stage_reg_reg[0][29]/CLK
          Clock: (R) clk
       Endpoint: (R) PIPE_OUT_col2_stage_reg_reg[0][11]/D
          Clock: (R) clk

                     Capture       Launch     
        Clock Edge:+    1000            0     
       Src Latency:+       0            0     
       Net Latency:+       0 (I)        0 (I) 
           Arrival:=    1000            0     
                                              
             Setup:-      14                  
       Uncertainty:-     100                  
     Required Time:=     886                  
      Launch Clock:-       0                  
         Data Path:-    1365                  
             Slack:=    -479                  

#--------------------------------------------------------------------------------------------------------------------------------------------
#                   Timing Point                    Flags    Arc    Edge           Cell             Fanout Load Trans Delay Arrival Instance 
#                                                                                                          (fF)  (ps)  (ps)   (ps)  Location 
#--------------------------------------------------------------------------------------------------------------------------------------------
  PIPE_OUT_col2_stage_reg_reg[0][29]/CLK            -       -       R     (arrival)                   1109    -     0     0       0    (-,-) 
  PIPE_OUT_col2_stage_reg_reg[0][29]/QN             -       CLK->QN R     ASYNC_DFFHx1_ASAP7_75t_SL      2  1.8    34    54      54    (-,-) 
  g70514/Y                                          -       B1->Y   F     AOI22x1_ASAP7_75t_SL           4  2.4    58    16      70    (-,-) 
  g70221/Y                                          -       B->Y    R     NOR2xp33_ASAP7_75t_L           1  0.9    48    31     101    (-,-) 
  g70107/Y                                          -       A2->Y   F     OAI21xp5_ASAP7_75t_SL          1  0.8    26    15     116    (-,-) 
  g69689__6783/Y                                    -       A1->Y   R     AOI21xp5_ASAP7_75t_SL          1  0.9    28    16     132    (-,-) 
  g69681/Y                                          -       A->Y    F     INVx1_ASAP7_75t_SL             1  0.8    14     9     141    (-,-) 
  g69578__4319/Y                                    -       B->Y    R     AOI21xp5_ASAP7_75t_SL          1  0.9    30    16     157    (-,-) 
  g69558__1881/Y                                    -       B->Y    R     OA21x2_ASAP7_75t_SL            2  2.1    18    24     181    (-,-) 
  g69490__5526/Y                                    -       B->Y    F     OAI21xp5_ASAP7_75t_SL          1  1.5    32    16     197    (-,-) 
  fopt39/Y                                          -       A->Y    F     BUFx6f_ASAP7_75t_SL           13  8.7    18    25     222    (-,-) 
  g69411__2802/Y                                    -       B1->Y   R     AOI22xp5_ASAP7_75t_SL          2  1.9    53    26     248    (-,-) 
  g69271__6783/Y                                    -       B->Y    F     NAND2x1_ASAP7_75t_SL           2  1.9    28    14     262    (-,-) 
  g69206__1666/Y                                    -       C->Y    F     AO211x2_ASAP7_75t_SL           3  3.4    21    29     291    (-,-) 
  g69196/Y                                          -       A->Y    F     BUFx3_ASAP7_75t_SL             2  2.0    12    20     312    (-,-) 
  g69169__5122/Y                                    -       A2->Y   R     AOI21x1_ASAP7_75t_SL           1  0.9    21    11     323    (-,-) 
  g69085__6161/Y                                    -       B->Y    R     OA21x2_ASAP7_75t_SL            5  6.0    36    33     355    (-,-) 
  g68918__5107/Y                                    -       B->Y    R     AND2x4_ASAP7_75t_SL           11  9.2    29    30     385    (-,-) 
  g68812__2802/Y                                    -       B2->Y   R     AO22x2_ASAP7_75t_SL            2  2.2    20    26     411    (-,-) 
  g68790/Y                                          -       A->Y    F     INVx1_ASAP7_75t_SL             1  1.4    16    11     422    (-,-) 
  g68728__8428/Y                                    -       A1->Y   R     OAI22x1_ASAP7_75t_SL           2  1.5    34    15     437    (-,-) 
  fopt71412/Y                                       -       A->Y    F     INVx1_ASAP7_75t_SL             1  0.8    16     9     447    (-,-) 
  g68645__1666/Y                                    -       A1->Y   R     OAI22xp5_ASAP7_75t_SL          2  1.5    45    21     467    (-,-) 
  g68582__1666/Y                                    -       A1->Y   F     AOI22xp5_ASAP7_75t_SL          1  1.3    34    17     484    (-,-) 
  g68536__6783/Y                                    -       B->Y    F     XNOR2xp5_ASAP7_75t_SL          2  1.3    40    28     512    (-,-) 
  addinc_FP32_ALU_col2_fracAdder_add_113_18_g1027/Y -       A->Y    F     HB1xp67_ASAP7_75t_SL           1  1.8    26    32     544    (-,-) 
  addinc_FP32_ALU_col2_fracAdder_add_113_18_g956/Y  -       B->Y    R     NAND2x1p5_ASAP7_75t_SL         2  1.4    30    13     558    (-,-) 
  addinc_FP32_ALU_col2_fracAdder_add_113_18_g863/Y  -       A1->Y   F     OAI21xp5_ASAP7_75t_SL          3  2.5    44    25     582    (-,-) 
  addinc_FP32_ALU_col2_fracAdder_add_113_18_g811/Y  -       A2->Y   R     AOI21x1_ASAP7_75t_SL           1  1.2    30    17     599    (-,-) 
  addinc_FP32_ALU_col2_fracAdder_add_113_18_g786/Y  -       C->Y    R     OA221x2_ASAP7_75t_SL           3  3.6    25    28     627    (-,-) 
  addinc_FP32_ALU_col2_fracAdder_add_113_18_g780/Y  -       A->Y    F     INVx3_ASAP7_75t_SL             6  4.4    18    12     638    (-,-) 
  addinc_FP32_ALU_col2_fracAdder_add_113_18_g763/Y  -       A1->Y   R     AOI21xp5_ASAP7_75t_SL          1  1.3    38    18     657    (-,-) 
  addinc_FP32_ALU_col2_fracAdder_add_113_18_g749/Y  -       B->Y    R     XOR2xp5_ASAP7_75t_SL           1  1.5    41    30     687    (-,-) 
  g71108/Y                                          -       A->Y    F     INVx2_ASAP7_75t_SL             2  2.1    19    11     698    (-,-) 
  g68301/Y                                          -       B->Y    R     NAND3x1_ASAP7_75t_SL           1  1.8    36    21     719    (-,-) 
  g68291/Y                                          -       B->Y    F     NOR2x1p5_ASAP7_75t_SL          1  1.3    18    12     730    (-,-) 
  g68283/Y                                          -       B->Y    F     AND2x4_ASAP7_75t_SL            9  9.9    24    28     758    (-,-) 
  g68270/Y                                          -       A2->Y   R     AOI21x1_ASAP7_75t_SL           2  2.3    37    19     776    (-,-) 
  g68257/Y                                          -       A->Y    R     HB1xp67_ASAP7_75t_SL           1  1.3    25    26     803    (-,-) 
  g68226/Y                                          -       A->Y    F     NAND2x1_ASAP7_75t_SL           1  0.8    13     8     810    (-,-) 
  g68194/Y                                          -       B->Y    R     AOI21xp5_ASAP7_75t_SL          1  0.8    28    15     826    (-,-) 
  g68171/Y                                          -       C->Y    R     AND4x2_ASAP7_75t_SL            3  4.0    32    41     866    (-,-) 
  g68162/Y                                          -       A1->Y   F     AOI21x1_ASAP7_75t_SL           2  3.0    32    19     886    (-,-) 
  g68147/Y                                          -       A->Y    R     NAND2x1p5_ASAP7_75t_SL         4  3.8    36    24     909    (-,-) 
  g68143/Y                                          -       A->Y    F     INVx2_ASAP7_75t_SL             1  1.3    15     8     917    (-,-) 
  g68118/Y                                          -       A2->Y   R     AOI21x1_ASAP7_75t_SL           1  1.4    38    14     931    (-,-) 
  g68066/Y                                          -       A1->Y   F     AOI21x1_ASAP7_75t_SL           2  1.8    27    16     947    (-,-) 
  g68044/Y                                          -       A->Y    F     HB1xp67_ASAP7_75t_SL           1  1.3    20    26     973    (-,-) 
  g68013/Y                                          -       A2->Y   R     AOI21x1_ASAP7_75t_SL           3  2.2    35    18     991    (-,-) 
  fopt69418/Y                                       -       A->Y    R     BUFx3_ASAP7_75t_SL             4  3.1    17    23    1014    (-,-) 
  g67874/Y                                          -       A1->Y   F     AOI21xp5_ASAP7_75t_SL          1  0.9    36    12    1026    (-,-) 
  g67792/Y                                          -       B->Y    F     OA21x2_ASAP7_75t_SL            2  2.5    18    25    1051    (-,-) 
  g67664/Y                                          -       B->Y    F     XOR2x1_ASAP7_75t_SL            2  1.5    26    25    1076    (-,-) 
  g71163/Y                                          -       B->Y    F     AND2x2_ASAP7_75t_SL            2  1.5    14    23    1100    (-,-) 
  g67590/Y                                          -       A->Y    R     INVxp67_ASAP7_75t_SL           1  0.8    17    11    1111    (-,-) 
  g67514/Y                                          -       B->Y    F     NAND2xp5_ASAP7_75t_L           1  1.8    32    20    1131    (-,-) 
  g67323/Y                                          -       A->Y    F     XOR2x1_ASAP7_75t_SL            2  3.0    32    30    1161    (-,-) 
  g67250/Y                                          -       B->Y    R     NAND2x1p5_ASAP7_75t_SL         2  1.9    29    16    1177    (-,-) 
  g67190/Y                                          -       A->Y    F     NOR2x1_ASAP7_75t_SL            2  2.3    29    19    1197    (-,-) 
  g67181/Y                                          -       A->Y    R     INVx2_ASAP7_75t_SL             1  1.3    16    10    1207    (-,-) 
  g67145/Y                                          -       A->Y    F     NOR2x1_ASAP7_75t_SL            1  1.3    18    13    1220    (-,-) 
  g67111/Y                                          -       A->Y    R     NAND2x1_ASAP7_75t_SL           1  1.3    24    17    1236    (-,-) 
  g67039/Y                                          -       A->Y    R     XNOR2xp5_ASAP7_75t_SL          2  1.3    40    20    1256    (-,-) 
  g66989/Y                                          -       B->Y    F     NAND2xp5_ASAP7_75t_SL          1  1.3    30    17    1274    (-,-) 
  g66965/Y                                          -       B->Y    R     NOR2x1_ASAP7_75t_SL            1  1.3    24    14    1288    (-,-) 
  g66954/Y                                          -       A2->Y   R     AO31x2_ASAP7_75t_SL            1  1.3    15    21    1309    (-,-) 
  g66953/Y                                          -       B->Y    R     AND2x6_ASAP7_75t_SL            9 11.8    30    29    1338    (-,-) 
  g66937/Y                                          -       A->Y    F     INVx11_ASAP7_75t_SL           23 15.1    20    12    1351    (-,-) 
  g66893/Y                                          -       B->Y    R     NAND2xp5_ASAP7_75t_SL          1  0.9    24    14    1365    (-,-) 
  PIPE_OUT_col2_stage_reg_reg[0][11]/D              -       -       R     ASYNC_DFFHx1_ASAP7_75t_SL      1    -     -     0    1365    (-,-) 
#--------------------------------------------------------------------------------------------------------------------------------------------



Path 15: VIOLATED (-479 ps) Setup Check with Pin PIPE_OUT_col2_stage_reg_reg[0][10]/CLK->D
           View: PVT_0P63V_100C.setup_view
          Group: clk
     Startpoint: (R) PIPE_OUT_col2_stage_reg_reg[0][29]/CLK
          Clock: (R) clk
       Endpoint: (R) PIPE_OUT_col2_stage_reg_reg[0][10]/D
          Clock: (R) clk

                     Capture       Launch     
        Clock Edge:+    1000            0     
       Src Latency:+       0            0     
       Net Latency:+       0 (I)        0 (I) 
           Arrival:=    1000            0     
                                              
             Setup:-      14                  
       Uncertainty:-     100                  
     Required Time:=     886                  
      Launch Clock:-       0                  
         Data Path:-    1365                  
             Slack:=    -479                  

#--------------------------------------------------------------------------------------------------------------------------------------------
#                   Timing Point                    Flags    Arc    Edge           Cell             Fanout Load Trans Delay Arrival Instance 
#                                                                                                          (fF)  (ps)  (ps)   (ps)  Location 
#--------------------------------------------------------------------------------------------------------------------------------------------
  PIPE_OUT_col2_stage_reg_reg[0][29]/CLK            -       -       R     (arrival)                   1109    -     0     0       0    (-,-) 
  PIPE_OUT_col2_stage_reg_reg[0][29]/QN             -       CLK->QN R     ASYNC_DFFHx1_ASAP7_75t_SL      2  1.8    34    54      54    (-,-) 
  g70514/Y                                          -       B1->Y   F     AOI22x1_ASAP7_75t_SL           4  2.4    58    16      70    (-,-) 
  g70221/Y                                          -       B->Y    R     NOR2xp33_ASAP7_75t_L           1  0.9    48    31     101    (-,-) 
  g70107/Y                                          -       A2->Y   F     OAI21xp5_ASAP7_75t_SL          1  0.8    26    15     116    (-,-) 
  g69689__6783/Y                                    -       A1->Y   R     AOI21xp5_ASAP7_75t_SL          1  0.9    28    16     132    (-,-) 
  g69681/Y                                          -       A->Y    F     INVx1_ASAP7_75t_SL             1  0.8    14     9     141    (-,-) 
  g69578__4319/Y                                    -       B->Y    R     AOI21xp5_ASAP7_75t_SL          1  0.9    30    16     157    (-,-) 
  g69558__1881/Y                                    -       B->Y    R     OA21x2_ASAP7_75t_SL            2  2.1    18    24     181    (-,-) 
  g69490__5526/Y                                    -       B->Y    F     OAI21xp5_ASAP7_75t_SL          1  1.5    32    16     197    (-,-) 
  fopt39/Y                                          -       A->Y    F     BUFx6f_ASAP7_75t_SL           13  8.7    18    25     222    (-,-) 
  g69411__2802/Y                                    -       B1->Y   R     AOI22xp5_ASAP7_75t_SL          2  1.9    53    26     248    (-,-) 
  g69271__6783/Y                                    -       B->Y    F     NAND2x1_ASAP7_75t_SL           2  1.9    28    14     262    (-,-) 
  g69206__1666/Y                                    -       C->Y    F     AO211x2_ASAP7_75t_SL           3  3.4    21    29     291    (-,-) 
  g69196/Y                                          -       A->Y    F     BUFx3_ASAP7_75t_SL             2  2.0    12    20     312    (-,-) 
  g69169__5122/Y                                    -       A2->Y   R     AOI21x1_ASAP7_75t_SL           1  0.9    21    11     323    (-,-) 
  g69085__6161/Y                                    -       B->Y    R     OA21x2_ASAP7_75t_SL            5  6.0    36    33     355    (-,-) 
  g68918__5107/Y                                    -       B->Y    R     AND2x4_ASAP7_75t_SL           11  9.2    29    30     385    (-,-) 
  g68812__2802/Y                                    -       B2->Y   R     AO22x2_ASAP7_75t_SL            2  2.2    20    26     411    (-,-) 
  g68790/Y                                          -       A->Y    F     INVx1_ASAP7_75t_SL             1  1.4    16    11     422    (-,-) 
  g68728__8428/Y                                    -       A1->Y   R     OAI22x1_ASAP7_75t_SL           2  1.5    34    15     437    (-,-) 
  fopt71412/Y                                       -       A->Y    F     INVx1_ASAP7_75t_SL             1  0.8    16     9     447    (-,-) 
  g68645__1666/Y                                    -       A1->Y   R     OAI22xp5_ASAP7_75t_SL          2  1.5    45    21     467    (-,-) 
  g68582__1666/Y                                    -       A1->Y   F     AOI22xp5_ASAP7_75t_SL          1  1.3    34    17     484    (-,-) 
  g68536__6783/Y                                    -       B->Y    F     XNOR2xp5_ASAP7_75t_SL          2  1.3    40    28     512    (-,-) 
  addinc_FP32_ALU_col2_fracAdder_add_113_18_g1027/Y -       A->Y    F     HB1xp67_ASAP7_75t_SL           1  1.8    26    32     544    (-,-) 
  addinc_FP32_ALU_col2_fracAdder_add_113_18_g956/Y  -       B->Y    R     NAND2x1p5_ASAP7_75t_SL         2  1.4    30    13     558    (-,-) 
  addinc_FP32_ALU_col2_fracAdder_add_113_18_g863/Y  -       A1->Y   F     OAI21xp5_ASAP7_75t_SL          3  2.5    44    25     582    (-,-) 
  addinc_FP32_ALU_col2_fracAdder_add_113_18_g811/Y  -       A2->Y   R     AOI21x1_ASAP7_75t_SL           1  1.2    30    17     599    (-,-) 
  addinc_FP32_ALU_col2_fracAdder_add_113_18_g786/Y  -       C->Y    R     OA221x2_ASAP7_75t_SL           3  3.6    25    28     627    (-,-) 
  addinc_FP32_ALU_col2_fracAdder_add_113_18_g780/Y  -       A->Y    F     INVx3_ASAP7_75t_SL             6  4.4    18    12     638    (-,-) 
  addinc_FP32_ALU_col2_fracAdder_add_113_18_g763/Y  -       A1->Y   R     AOI21xp5_ASAP7_75t_SL          1  1.3    38    18     657    (-,-) 
  addinc_FP32_ALU_col2_fracAdder_add_113_18_g749/Y  -       B->Y    R     XOR2xp5_ASAP7_75t_SL           1  1.5    41    30     687    (-,-) 
  g71108/Y                                          -       A->Y    F     INVx2_ASAP7_75t_SL             2  2.1    19    11     698    (-,-) 
  g68301/Y                                          -       B->Y    R     NAND3x1_ASAP7_75t_SL           1  1.8    36    21     719    (-,-) 
  g68291/Y                                          -       B->Y    F     NOR2x1p5_ASAP7_75t_SL          1  1.3    18    12     730    (-,-) 
  g68283/Y                                          -       B->Y    F     AND2x4_ASAP7_75t_SL            9  9.9    24    28     758    (-,-) 
  g68270/Y                                          -       A2->Y   R     AOI21x1_ASAP7_75t_SL           2  2.3    37    19     776    (-,-) 
  g68257/Y                                          -       A->Y    R     HB1xp67_ASAP7_75t_SL           1  1.3    25    26     803    (-,-) 
  g68226/Y                                          -       A->Y    F     NAND2x1_ASAP7_75t_SL           1  0.8    13     8     810    (-,-) 
  g68194/Y                                          -       B->Y    R     AOI21xp5_ASAP7_75t_SL          1  0.8    28    15     826    (-,-) 
  g68171/Y                                          -       C->Y    R     AND4x2_ASAP7_75t_SL            3  4.0    32    41     866    (-,-) 
  g68162/Y                                          -       A1->Y   F     AOI21x1_ASAP7_75t_SL           2  3.0    32    19     886    (-,-) 
  g68147/Y                                          -       A->Y    R     NAND2x1p5_ASAP7_75t_SL         4  3.8    36    24     909    (-,-) 
  g68143/Y                                          -       A->Y    F     INVx2_ASAP7_75t_SL             1  1.3    15     8     917    (-,-) 
  g68118/Y                                          -       A2->Y   R     AOI21x1_ASAP7_75t_SL           1  1.4    38    14     931    (-,-) 
  g68066/Y                                          -       A1->Y   F     AOI21x1_ASAP7_75t_SL           2  1.8    27    16     947    (-,-) 
  g68044/Y                                          -       A->Y    F     HB1xp67_ASAP7_75t_SL           1  1.3    20    26     973    (-,-) 
  g68013/Y                                          -       A2->Y   R     AOI21x1_ASAP7_75t_SL           3  2.2    35    18     991    (-,-) 
  fopt69418/Y                                       -       A->Y    R     BUFx3_ASAP7_75t_SL             4  3.1    17    23    1014    (-,-) 
  g67874/Y                                          -       A1->Y   F     AOI21xp5_ASAP7_75t_SL          1  0.9    36    12    1026    (-,-) 
  g67792/Y                                          -       B->Y    F     OA21x2_ASAP7_75t_SL            2  2.5    18    25    1051    (-,-) 
  g67664/Y                                          -       B->Y    F     XOR2x1_ASAP7_75t_SL            2  1.5    26    25    1076    (-,-) 
  g71163/Y                                          -       B->Y    F     AND2x2_ASAP7_75t_SL            2  1.5    14    23    1100    (-,-) 
  g67590/Y                                          -       A->Y    R     INVxp67_ASAP7_75t_SL           1  0.8    17    11    1111    (-,-) 
  g67514/Y                                          -       B->Y    F     NAND2xp5_ASAP7_75t_L           1  1.8    32    20    1131    (-,-) 
  g67323/Y                                          -       A->Y    F     XOR2x1_ASAP7_75t_SL            2  3.0    32    30    1161    (-,-) 
  g67250/Y                                          -       B->Y    R     NAND2x1p5_ASAP7_75t_SL         2  1.9    29    16    1177    (-,-) 
  g67190/Y                                          -       A->Y    F     NOR2x1_ASAP7_75t_SL            2  2.3    29    19    1197    (-,-) 
  g67181/Y                                          -       A->Y    R     INVx2_ASAP7_75t_SL             1  1.3    16    10    1207    (-,-) 
  g67145/Y                                          -       A->Y    F     NOR2x1_ASAP7_75t_SL            1  1.3    18    13    1220    (-,-) 
  g67111/Y                                          -       A->Y    R     NAND2x1_ASAP7_75t_SL           1  1.3    24    17    1236    (-,-) 
  g67039/Y                                          -       A->Y    R     XNOR2xp5_ASAP7_75t_SL          2  1.3    40    20    1256    (-,-) 
  g66989/Y                                          -       B->Y    F     NAND2xp5_ASAP7_75t_SL          1  1.3    30    17    1274    (-,-) 
  g66965/Y                                          -       B->Y    R     NOR2x1_ASAP7_75t_SL            1  1.3    24    14    1288    (-,-) 
  g66954/Y                                          -       A2->Y   R     AO31x2_ASAP7_75t_SL            1  1.3    15    21    1309    (-,-) 
  g66953/Y                                          -       B->Y    R     AND2x6_ASAP7_75t_SL            9 11.8    30    29    1338    (-,-) 
  g66937/Y                                          -       A->Y    F     INVx11_ASAP7_75t_SL           23 15.1    20    12    1351    (-,-) 
  g66892/Y                                          -       B->Y    R     NAND2xp5_ASAP7_75t_SL          1  0.9    24    14    1365    (-,-) 
  PIPE_OUT_col2_stage_reg_reg[0][10]/D              -       -       R     ASYNC_DFFHx1_ASAP7_75t_SL      1    -     -     0    1365    (-,-) 
#--------------------------------------------------------------------------------------------------------------------------------------------



Path 16: VIOLATED (-479 ps) Setup Check with Pin PIPE_OUT_col2_stage_reg_reg[0][9]/CLK->D
           View: PVT_0P63V_100C.setup_view
          Group: clk
     Startpoint: (R) PIPE_OUT_col2_stage_reg_reg[0][29]/CLK
          Clock: (R) clk
       Endpoint: (R) PIPE_OUT_col2_stage_reg_reg[0][9]/D
          Clock: (R) clk

                     Capture       Launch     
        Clock Edge:+    1000            0     
       Src Latency:+       0            0     
       Net Latency:+       0 (I)        0 (I) 
           Arrival:=    1000            0     
                                              
             Setup:-      14                  
       Uncertainty:-     100                  
     Required Time:=     886                  
      Launch Clock:-       0                  
         Data Path:-    1365                  
             Slack:=    -479                  

#--------------------------------------------------------------------------------------------------------------------------------------------
#                   Timing Point                    Flags    Arc    Edge           Cell             Fanout Load Trans Delay Arrival Instance 
#                                                                                                          (fF)  (ps)  (ps)   (ps)  Location 
#--------------------------------------------------------------------------------------------------------------------------------------------
  PIPE_OUT_col2_stage_reg_reg[0][29]/CLK            -       -       R     (arrival)                   1109    -     0     0       0    (-,-) 
  PIPE_OUT_col2_stage_reg_reg[0][29]/QN             -       CLK->QN R     ASYNC_DFFHx1_ASAP7_75t_SL      2  1.8    34    54      54    (-,-) 
  g70514/Y                                          -       B1->Y   F     AOI22x1_ASAP7_75t_SL           4  2.4    58    16      70    (-,-) 
  g70221/Y                                          -       B->Y    R     NOR2xp33_ASAP7_75t_L           1  0.9    48    31     101    (-,-) 
  g70107/Y                                          -       A2->Y   F     OAI21xp5_ASAP7_75t_SL          1  0.8    26    15     116    (-,-) 
  g69689__6783/Y                                    -       A1->Y   R     AOI21xp5_ASAP7_75t_SL          1  0.9    28    16     132    (-,-) 
  g69681/Y                                          -       A->Y    F     INVx1_ASAP7_75t_SL             1  0.8    14     9     141    (-,-) 
  g69578__4319/Y                                    -       B->Y    R     AOI21xp5_ASAP7_75t_SL          1  0.9    30    16     157    (-,-) 
  g69558__1881/Y                                    -       B->Y    R     OA21x2_ASAP7_75t_SL            2  2.1    18    24     181    (-,-) 
  g69490__5526/Y                                    -       B->Y    F     OAI21xp5_ASAP7_75t_SL          1  1.5    32    16     197    (-,-) 
  fopt39/Y                                          -       A->Y    F     BUFx6f_ASAP7_75t_SL           13  8.7    18    25     222    (-,-) 
  g69411__2802/Y                                    -       B1->Y   R     AOI22xp5_ASAP7_75t_SL          2  1.9    53    26     248    (-,-) 
  g69271__6783/Y                                    -       B->Y    F     NAND2x1_ASAP7_75t_SL           2  1.9    28    14     262    (-,-) 
  g69206__1666/Y                                    -       C->Y    F     AO211x2_ASAP7_75t_SL           3  3.4    21    29     291    (-,-) 
  g69196/Y                                          -       A->Y    F     BUFx3_ASAP7_75t_SL             2  2.0    12    20     312    (-,-) 
  g69169__5122/Y                                    -       A2->Y   R     AOI21x1_ASAP7_75t_SL           1  0.9    21    11     323    (-,-) 
  g69085__6161/Y                                    -       B->Y    R     OA21x2_ASAP7_75t_SL            5  6.0    36    33     355    (-,-) 
  g68918__5107/Y                                    -       B->Y    R     AND2x4_ASAP7_75t_SL           11  9.2    29    30     385    (-,-) 
  g68812__2802/Y                                    -       B2->Y   R     AO22x2_ASAP7_75t_SL            2  2.2    20    26     411    (-,-) 
  g68790/Y                                          -       A->Y    F     INVx1_ASAP7_75t_SL             1  1.4    16    11     422    (-,-) 
  g68728__8428/Y                                    -       A1->Y   R     OAI22x1_ASAP7_75t_SL           2  1.5    34    15     437    (-,-) 
  fopt71412/Y                                       -       A->Y    F     INVx1_ASAP7_75t_SL             1  0.8    16     9     447    (-,-) 
  g68645__1666/Y                                    -       A1->Y   R     OAI22xp5_ASAP7_75t_SL          2  1.5    45    21     467    (-,-) 
  g68582__1666/Y                                    -       A1->Y   F     AOI22xp5_ASAP7_75t_SL          1  1.3    34    17     484    (-,-) 
  g68536__6783/Y                                    -       B->Y    F     XNOR2xp5_ASAP7_75t_SL          2  1.3    40    28     512    (-,-) 
  addinc_FP32_ALU_col2_fracAdder_add_113_18_g1027/Y -       A->Y    F     HB1xp67_ASAP7_75t_SL           1  1.8    26    32     544    (-,-) 
  addinc_FP32_ALU_col2_fracAdder_add_113_18_g956/Y  -       B->Y    R     NAND2x1p5_ASAP7_75t_SL         2  1.4    30    13     558    (-,-) 
  addinc_FP32_ALU_col2_fracAdder_add_113_18_g863/Y  -       A1->Y   F     OAI21xp5_ASAP7_75t_SL          3  2.5    44    25     582    (-,-) 
  addinc_FP32_ALU_col2_fracAdder_add_113_18_g811/Y  -       A2->Y   R     AOI21x1_ASAP7_75t_SL           1  1.2    30    17     599    (-,-) 
  addinc_FP32_ALU_col2_fracAdder_add_113_18_g786/Y  -       C->Y    R     OA221x2_ASAP7_75t_SL           3  3.6    25    28     627    (-,-) 
  addinc_FP32_ALU_col2_fracAdder_add_113_18_g780/Y  -       A->Y    F     INVx3_ASAP7_75t_SL             6  4.4    18    12     638    (-,-) 
  addinc_FP32_ALU_col2_fracAdder_add_113_18_g763/Y  -       A1->Y   R     AOI21xp5_ASAP7_75t_SL          1  1.3    38    18     657    (-,-) 
  addinc_FP32_ALU_col2_fracAdder_add_113_18_g749/Y  -       B->Y    R     XOR2xp5_ASAP7_75t_SL           1  1.5    41    30     687    (-,-) 
  g71108/Y                                          -       A->Y    F     INVx2_ASAP7_75t_SL             2  2.1    19    11     698    (-,-) 
  g68301/Y                                          -       B->Y    R     NAND3x1_ASAP7_75t_SL           1  1.8    36    21     719    (-,-) 
  g68291/Y                                          -       B->Y    F     NOR2x1p5_ASAP7_75t_SL          1  1.3    18    12     730    (-,-) 
  g68283/Y                                          -       B->Y    F     AND2x4_ASAP7_75t_SL            9  9.9    24    28     758    (-,-) 
  g68270/Y                                          -       A2->Y   R     AOI21x1_ASAP7_75t_SL           2  2.3    37    19     776    (-,-) 
  g68257/Y                                          -       A->Y    R     HB1xp67_ASAP7_75t_SL           1  1.3    25    26     803    (-,-) 
  g68226/Y                                          -       A->Y    F     NAND2x1_ASAP7_75t_SL           1  0.8    13     8     810    (-,-) 
  g68194/Y                                          -       B->Y    R     AOI21xp5_ASAP7_75t_SL          1  0.8    28    15     826    (-,-) 
  g68171/Y                                          -       C->Y    R     AND4x2_ASAP7_75t_SL            3  4.0    32    41     866    (-,-) 
  g68162/Y                                          -       A1->Y   F     AOI21x1_ASAP7_75t_SL           2  3.0    32    19     886    (-,-) 
  g68147/Y                                          -       A->Y    R     NAND2x1p5_ASAP7_75t_SL         4  3.8    36    24     909    (-,-) 
  g68143/Y                                          -       A->Y    F     INVx2_ASAP7_75t_SL             1  1.3    15     8     917    (-,-) 
  g68118/Y                                          -       A2->Y   R     AOI21x1_ASAP7_75t_SL           1  1.4    38    14     931    (-,-) 
  g68066/Y                                          -       A1->Y   F     AOI21x1_ASAP7_75t_SL           2  1.8    27    16     947    (-,-) 
  g68044/Y                                          -       A->Y    F     HB1xp67_ASAP7_75t_SL           1  1.3    20    26     973    (-,-) 
  g68013/Y                                          -       A2->Y   R     AOI21x1_ASAP7_75t_SL           3  2.2    35    18     991    (-,-) 
  fopt69418/Y                                       -       A->Y    R     BUFx3_ASAP7_75t_SL             4  3.1    17    23    1014    (-,-) 
  g67874/Y                                          -       A1->Y   F     AOI21xp5_ASAP7_75t_SL          1  0.9    36    12    1026    (-,-) 
  g67792/Y                                          -       B->Y    F     OA21x2_ASAP7_75t_SL            2  2.5    18    25    1051    (-,-) 
  g67664/Y                                          -       B->Y    F     XOR2x1_ASAP7_75t_SL            2  1.5    26    25    1076    (-,-) 
  g71163/Y                                          -       B->Y    F     AND2x2_ASAP7_75t_SL            2  1.5    14    23    1100    (-,-) 
  g67590/Y                                          -       A->Y    R     INVxp67_ASAP7_75t_SL           1  0.8    17    11    1111    (-,-) 
  g67514/Y                                          -       B->Y    F     NAND2xp5_ASAP7_75t_L           1  1.8    32    20    1131    (-,-) 
  g67323/Y                                          -       A->Y    F     XOR2x1_ASAP7_75t_SL            2  3.0    32    30    1161    (-,-) 
  g67250/Y                                          -       B->Y    R     NAND2x1p5_ASAP7_75t_SL         2  1.9    29    16    1177    (-,-) 
  g67190/Y                                          -       A->Y    F     NOR2x1_ASAP7_75t_SL            2  2.3    29    19    1197    (-,-) 
  g67181/Y                                          -       A->Y    R     INVx2_ASAP7_75t_SL             1  1.3    16    10    1207    (-,-) 
  g67145/Y                                          -       A->Y    F     NOR2x1_ASAP7_75t_SL            1  1.3    18    13    1220    (-,-) 
  g67111/Y                                          -       A->Y    R     NAND2x1_ASAP7_75t_SL           1  1.3    24    17    1236    (-,-) 
  g67039/Y                                          -       A->Y    R     XNOR2xp5_ASAP7_75t_SL          2  1.3    40    20    1256    (-,-) 
  g66989/Y                                          -       B->Y    F     NAND2xp5_ASAP7_75t_SL          1  1.3    30    17    1274    (-,-) 
  g66965/Y                                          -       B->Y    R     NOR2x1_ASAP7_75t_SL            1  1.3    24    14    1288    (-,-) 
  g66954/Y                                          -       A2->Y   R     AO31x2_ASAP7_75t_SL            1  1.3    15    21    1309    (-,-) 
  g66953/Y                                          -       B->Y    R     AND2x6_ASAP7_75t_SL            9 11.8    30    29    1338    (-,-) 
  g66937/Y                                          -       A->Y    F     INVx11_ASAP7_75t_SL           23 15.1    20    12    1351    (-,-) 
  g66891/Y                                          -       B->Y    R     NAND2xp5_ASAP7_75t_SL          1  0.9    24    14    1365    (-,-) 
  PIPE_OUT_col2_stage_reg_reg[0][9]/D               -       -       R     ASYNC_DFFHx1_ASAP7_75t_SL      1    -     -     0    1365    (-,-) 
#--------------------------------------------------------------------------------------------------------------------------------------------



Path 17: VIOLATED (-479 ps) Setup Check with Pin PIPE_OUT_col2_stage_reg_reg[0][8]/CLK->D
           View: PVT_0P63V_100C.setup_view
          Group: clk
     Startpoint: (R) PIPE_OUT_col2_stage_reg_reg[0][29]/CLK
          Clock: (R) clk
       Endpoint: (R) PIPE_OUT_col2_stage_reg_reg[0][8]/D
          Clock: (R) clk

                     Capture       Launch     
        Clock Edge:+    1000            0     
       Src Latency:+       0            0     
       Net Latency:+       0 (I)        0 (I) 
           Arrival:=    1000            0     
                                              
             Setup:-      14                  
       Uncertainty:-     100                  
     Required Time:=     886                  
      Launch Clock:-       0                  
         Data Path:-    1365                  
             Slack:=    -479                  

#--------------------------------------------------------------------------------------------------------------------------------------------
#                   Timing Point                    Flags    Arc    Edge           Cell             Fanout Load Trans Delay Arrival Instance 
#                                                                                                          (fF)  (ps)  (ps)   (ps)  Location 
#--------------------------------------------------------------------------------------------------------------------------------------------
  PIPE_OUT_col2_stage_reg_reg[0][29]/CLK            -       -       R     (arrival)                   1109    -     0     0       0    (-,-) 
  PIPE_OUT_col2_stage_reg_reg[0][29]/QN             -       CLK->QN R     ASYNC_DFFHx1_ASAP7_75t_SL      2  1.8    34    54      54    (-,-) 
  g70514/Y                                          -       B1->Y   F     AOI22x1_ASAP7_75t_SL           4  2.4    58    16      70    (-,-) 
  g70221/Y                                          -       B->Y    R     NOR2xp33_ASAP7_75t_L           1  0.9    48    31     101    (-,-) 
  g70107/Y                                          -       A2->Y   F     OAI21xp5_ASAP7_75t_SL          1  0.8    26    15     116    (-,-) 
  g69689__6783/Y                                    -       A1->Y   R     AOI21xp5_ASAP7_75t_SL          1  0.9    28    16     132    (-,-) 
  g69681/Y                                          -       A->Y    F     INVx1_ASAP7_75t_SL             1  0.8    14     9     141    (-,-) 
  g69578__4319/Y                                    -       B->Y    R     AOI21xp5_ASAP7_75t_SL          1  0.9    30    16     157    (-,-) 
  g69558__1881/Y                                    -       B->Y    R     OA21x2_ASAP7_75t_SL            2  2.1    18    24     181    (-,-) 
  g69490__5526/Y                                    -       B->Y    F     OAI21xp5_ASAP7_75t_SL          1  1.5    32    16     197    (-,-) 
  fopt39/Y                                          -       A->Y    F     BUFx6f_ASAP7_75t_SL           13  8.7    18    25     222    (-,-) 
  g69411__2802/Y                                    -       B1->Y   R     AOI22xp5_ASAP7_75t_SL          2  1.9    53    26     248    (-,-) 
  g69271__6783/Y                                    -       B->Y    F     NAND2x1_ASAP7_75t_SL           2  1.9    28    14     262    (-,-) 
  g69206__1666/Y                                    -       C->Y    F     AO211x2_ASAP7_75t_SL           3  3.4    21    29     291    (-,-) 
  g69196/Y                                          -       A->Y    F     BUFx3_ASAP7_75t_SL             2  2.0    12    20     312    (-,-) 
  g69169__5122/Y                                    -       A2->Y   R     AOI21x1_ASAP7_75t_SL           1  0.9    21    11     323    (-,-) 
  g69085__6161/Y                                    -       B->Y    R     OA21x2_ASAP7_75t_SL            5  6.0    36    33     355    (-,-) 
  g68918__5107/Y                                    -       B->Y    R     AND2x4_ASAP7_75t_SL           11  9.2    29    30     385    (-,-) 
  g68812__2802/Y                                    -       B2->Y   R     AO22x2_ASAP7_75t_SL            2  2.2    20    26     411    (-,-) 
  g68790/Y                                          -       A->Y    F     INVx1_ASAP7_75t_SL             1  1.4    16    11     422    (-,-) 
  g68728__8428/Y                                    -       A1->Y   R     OAI22x1_ASAP7_75t_SL           2  1.5    34    15     437    (-,-) 
  fopt71412/Y                                       -       A->Y    F     INVx1_ASAP7_75t_SL             1  0.8    16     9     447    (-,-) 
  g68645__1666/Y                                    -       A1->Y   R     OAI22xp5_ASAP7_75t_SL          2  1.5    45    21     467    (-,-) 
  g68582__1666/Y                                    -       A1->Y   F     AOI22xp5_ASAP7_75t_SL          1  1.3    34    17     484    (-,-) 
  g68536__6783/Y                                    -       B->Y    F     XNOR2xp5_ASAP7_75t_SL          2  1.3    40    28     512    (-,-) 
  addinc_FP32_ALU_col2_fracAdder_add_113_18_g1027/Y -       A->Y    F     HB1xp67_ASAP7_75t_SL           1  1.8    26    32     544    (-,-) 
  addinc_FP32_ALU_col2_fracAdder_add_113_18_g956/Y  -       B->Y    R     NAND2x1p5_ASAP7_75t_SL         2  1.4    30    13     558    (-,-) 
  addinc_FP32_ALU_col2_fracAdder_add_113_18_g863/Y  -       A1->Y   F     OAI21xp5_ASAP7_75t_SL          3  2.5    44    25     582    (-,-) 
  addinc_FP32_ALU_col2_fracAdder_add_113_18_g811/Y  -       A2->Y   R     AOI21x1_ASAP7_75t_SL           1  1.2    30    17     599    (-,-) 
  addinc_FP32_ALU_col2_fracAdder_add_113_18_g786/Y  -       C->Y    R     OA221x2_ASAP7_75t_SL           3  3.6    25    28     627    (-,-) 
  addinc_FP32_ALU_col2_fracAdder_add_113_18_g780/Y  -       A->Y    F     INVx3_ASAP7_75t_SL             6  4.4    18    12     638    (-,-) 
  addinc_FP32_ALU_col2_fracAdder_add_113_18_g763/Y  -       A1->Y   R     AOI21xp5_ASAP7_75t_SL          1  1.3    38    18     657    (-,-) 
  addinc_FP32_ALU_col2_fracAdder_add_113_18_g749/Y  -       B->Y    R     XOR2xp5_ASAP7_75t_SL           1  1.5    41    30     687    (-,-) 
  g71108/Y                                          -       A->Y    F     INVx2_ASAP7_75t_SL             2  2.1    19    11     698    (-,-) 
  g68301/Y                                          -       B->Y    R     NAND3x1_ASAP7_75t_SL           1  1.8    36    21     719    (-,-) 
  g68291/Y                                          -       B->Y    F     NOR2x1p5_ASAP7_75t_SL          1  1.3    18    12     730    (-,-) 
  g68283/Y                                          -       B->Y    F     AND2x4_ASAP7_75t_SL            9  9.9    24    28     758    (-,-) 
  g68270/Y                                          -       A2->Y   R     AOI21x1_ASAP7_75t_SL           2  2.3    37    19     776    (-,-) 
  g68257/Y                                          -       A->Y    R     HB1xp67_ASAP7_75t_SL           1  1.3    25    26     803    (-,-) 
  g68226/Y                                          -       A->Y    F     NAND2x1_ASAP7_75t_SL           1  0.8    13     8     810    (-,-) 
  g68194/Y                                          -       B->Y    R     AOI21xp5_ASAP7_75t_SL          1  0.8    28    15     826    (-,-) 
  g68171/Y                                          -       C->Y    R     AND4x2_ASAP7_75t_SL            3  4.0    32    41     866    (-,-) 
  g68162/Y                                          -       A1->Y   F     AOI21x1_ASAP7_75t_SL           2  3.0    32    19     886    (-,-) 
  g68147/Y                                          -       A->Y    R     NAND2x1p5_ASAP7_75t_SL         4  3.8    36    24     909    (-,-) 
  g68143/Y                                          -       A->Y    F     INVx2_ASAP7_75t_SL             1  1.3    15     8     917    (-,-) 
  g68118/Y                                          -       A2->Y   R     AOI21x1_ASAP7_75t_SL           1  1.4    38    14     931    (-,-) 
  g68066/Y                                          -       A1->Y   F     AOI21x1_ASAP7_75t_SL           2  1.8    27    16     947    (-,-) 
  g68044/Y                                          -       A->Y    F     HB1xp67_ASAP7_75t_SL           1  1.3    20    26     973    (-,-) 
  g68013/Y                                          -       A2->Y   R     AOI21x1_ASAP7_75t_SL           3  2.2    35    18     991    (-,-) 
  fopt69418/Y                                       -       A->Y    R     BUFx3_ASAP7_75t_SL             4  3.1    17    23    1014    (-,-) 
  g67874/Y                                          -       A1->Y   F     AOI21xp5_ASAP7_75t_SL          1  0.9    36    12    1026    (-,-) 
  g67792/Y                                          -       B->Y    F     OA21x2_ASAP7_75t_SL            2  2.5    18    25    1051    (-,-) 
  g67664/Y                                          -       B->Y    F     XOR2x1_ASAP7_75t_SL            2  1.5    26    25    1076    (-,-) 
  g71163/Y                                          -       B->Y    F     AND2x2_ASAP7_75t_SL            2  1.5    14    23    1100    (-,-) 
  g67590/Y                                          -       A->Y    R     INVxp67_ASAP7_75t_SL           1  0.8    17    11    1111    (-,-) 
  g67514/Y                                          -       B->Y    F     NAND2xp5_ASAP7_75t_L           1  1.8    32    20    1131    (-,-) 
  g67323/Y                                          -       A->Y    F     XOR2x1_ASAP7_75t_SL            2  3.0    32    30    1161    (-,-) 
  g67250/Y                                          -       B->Y    R     NAND2x1p5_ASAP7_75t_SL         2  1.9    29    16    1177    (-,-) 
  g67190/Y                                          -       A->Y    F     NOR2x1_ASAP7_75t_SL            2  2.3    29    19    1197    (-,-) 
  g67181/Y                                          -       A->Y    R     INVx2_ASAP7_75t_SL             1  1.3    16    10    1207    (-,-) 
  g67145/Y                                          -       A->Y    F     NOR2x1_ASAP7_75t_SL            1  1.3    18    13    1220    (-,-) 
  g67111/Y                                          -       A->Y    R     NAND2x1_ASAP7_75t_SL           1  1.3    24    17    1236    (-,-) 
  g67039/Y                                          -       A->Y    R     XNOR2xp5_ASAP7_75t_SL          2  1.3    40    20    1256    (-,-) 
  g66989/Y                                          -       B->Y    F     NAND2xp5_ASAP7_75t_SL          1  1.3    30    17    1274    (-,-) 
  g66965/Y                                          -       B->Y    R     NOR2x1_ASAP7_75t_SL            1  1.3    24    14    1288    (-,-) 
  g66954/Y                                          -       A2->Y   R     AO31x2_ASAP7_75t_SL            1  1.3    15    21    1309    (-,-) 
  g66953/Y                                          -       B->Y    R     AND2x6_ASAP7_75t_SL            9 11.8    30    29    1338    (-,-) 
  g66937/Y                                          -       A->Y    F     INVx11_ASAP7_75t_SL           23 15.1    20    12    1351    (-,-) 
  g66910/Y                                          -       B->Y    R     NAND2xp5_ASAP7_75t_SL          1  0.9    25    14    1365    (-,-) 
  PIPE_OUT_col2_stage_reg_reg[0][8]/D               -       -       R     ASYNC_DFFHx1_ASAP7_75t_SL      1    -     -     0    1365    (-,-) 
#--------------------------------------------------------------------------------------------------------------------------------------------



Path 18: VIOLATED (-479 ps) Setup Check with Pin PIPE_OUT_col2_stage_reg_reg[0][6]/CLK->D
           View: PVT_0P63V_100C.setup_view
          Group: clk
     Startpoint: (R) PIPE_OUT_col2_stage_reg_reg[0][29]/CLK
          Clock: (R) clk
       Endpoint: (R) PIPE_OUT_col2_stage_reg_reg[0][6]/D
          Clock: (R) clk

                     Capture       Launch     
        Clock Edge:+    1000            0     
       Src Latency:+       0            0     
       Net Latency:+       0 (I)        0 (I) 
           Arrival:=    1000            0     
                                              
             Setup:-      14                  
       Uncertainty:-     100                  
     Required Time:=     886                  
      Launch Clock:-       0                  
         Data Path:-    1365                  
             Slack:=    -479                  

#--------------------------------------------------------------------------------------------------------------------------------------------
#                   Timing Point                    Flags    Arc    Edge           Cell             Fanout Load Trans Delay Arrival Instance 
#                                                                                                          (fF)  (ps)  (ps)   (ps)  Location 
#--------------------------------------------------------------------------------------------------------------------------------------------
  PIPE_OUT_col2_stage_reg_reg[0][29]/CLK            -       -       R     (arrival)                   1109    -     0     0       0    (-,-) 
  PIPE_OUT_col2_stage_reg_reg[0][29]/QN             -       CLK->QN R     ASYNC_DFFHx1_ASAP7_75t_SL      2  1.8    34    54      54    (-,-) 
  g70514/Y                                          -       B1->Y   F     AOI22x1_ASAP7_75t_SL           4  2.4    58    16      70    (-,-) 
  g70221/Y                                          -       B->Y    R     NOR2xp33_ASAP7_75t_L           1  0.9    48    31     101    (-,-) 
  g70107/Y                                          -       A2->Y   F     OAI21xp5_ASAP7_75t_SL          1  0.8    26    15     116    (-,-) 
  g69689__6783/Y                                    -       A1->Y   R     AOI21xp5_ASAP7_75t_SL          1  0.9    28    16     132    (-,-) 
  g69681/Y                                          -       A->Y    F     INVx1_ASAP7_75t_SL             1  0.8    14     9     141    (-,-) 
  g69578__4319/Y                                    -       B->Y    R     AOI21xp5_ASAP7_75t_SL          1  0.9    30    16     157    (-,-) 
  g69558__1881/Y                                    -       B->Y    R     OA21x2_ASAP7_75t_SL            2  2.1    18    24     181    (-,-) 
  g69490__5526/Y                                    -       B->Y    F     OAI21xp5_ASAP7_75t_SL          1  1.5    32    16     197    (-,-) 
  fopt39/Y                                          -       A->Y    F     BUFx6f_ASAP7_75t_SL           13  8.7    18    25     222    (-,-) 
  g69411__2802/Y                                    -       B1->Y   R     AOI22xp5_ASAP7_75t_SL          2  1.9    53    26     248    (-,-) 
  g69271__6783/Y                                    -       B->Y    F     NAND2x1_ASAP7_75t_SL           2  1.9    28    14     262    (-,-) 
  g69206__1666/Y                                    -       C->Y    F     AO211x2_ASAP7_75t_SL           3  3.4    21    29     291    (-,-) 
  g69196/Y                                          -       A->Y    F     BUFx3_ASAP7_75t_SL             2  2.0    12    20     312    (-,-) 
  g69169__5122/Y                                    -       A2->Y   R     AOI21x1_ASAP7_75t_SL           1  0.9    21    11     323    (-,-) 
  g69085__6161/Y                                    -       B->Y    R     OA21x2_ASAP7_75t_SL            5  6.0    36    33     355    (-,-) 
  g68918__5107/Y                                    -       B->Y    R     AND2x4_ASAP7_75t_SL           11  9.2    29    30     385    (-,-) 
  g68812__2802/Y                                    -       B2->Y   R     AO22x2_ASAP7_75t_SL            2  2.2    20    26     411    (-,-) 
  g68790/Y                                          -       A->Y    F     INVx1_ASAP7_75t_SL             1  1.4    16    11     422    (-,-) 
  g68728__8428/Y                                    -       A1->Y   R     OAI22x1_ASAP7_75t_SL           2  1.5    34    15     437    (-,-) 
  fopt71412/Y                                       -       A->Y    F     INVx1_ASAP7_75t_SL             1  0.8    16     9     447    (-,-) 
  g68645__1666/Y                                    -       A1->Y   R     OAI22xp5_ASAP7_75t_SL          2  1.5    45    21     467    (-,-) 
  g68582__1666/Y                                    -       A1->Y   F     AOI22xp5_ASAP7_75t_SL          1  1.3    34    17     484    (-,-) 
  g68536__6783/Y                                    -       B->Y    F     XNOR2xp5_ASAP7_75t_SL          2  1.3    40    28     512    (-,-) 
  addinc_FP32_ALU_col2_fracAdder_add_113_18_g1027/Y -       A->Y    F     HB1xp67_ASAP7_75t_SL           1  1.8    26    32     544    (-,-) 
  addinc_FP32_ALU_col2_fracAdder_add_113_18_g956/Y  -       B->Y    R     NAND2x1p5_ASAP7_75t_SL         2  1.4    30    13     558    (-,-) 
  addinc_FP32_ALU_col2_fracAdder_add_113_18_g863/Y  -       A1->Y   F     OAI21xp5_ASAP7_75t_SL          3  2.5    44    25     582    (-,-) 
  addinc_FP32_ALU_col2_fracAdder_add_113_18_g811/Y  -       A2->Y   R     AOI21x1_ASAP7_75t_SL           1  1.2    30    17     599    (-,-) 
  addinc_FP32_ALU_col2_fracAdder_add_113_18_g786/Y  -       C->Y    R     OA221x2_ASAP7_75t_SL           3  3.6    25    28     627    (-,-) 
  addinc_FP32_ALU_col2_fracAdder_add_113_18_g780/Y  -       A->Y    F     INVx3_ASAP7_75t_SL             6  4.4    18    12     638    (-,-) 
  addinc_FP32_ALU_col2_fracAdder_add_113_18_g763/Y  -       A1->Y   R     AOI21xp5_ASAP7_75t_SL          1  1.3    38    18     657    (-,-) 
  addinc_FP32_ALU_col2_fracAdder_add_113_18_g749/Y  -       B->Y    R     XOR2xp5_ASAP7_75t_SL           1  1.5    41    30     687    (-,-) 
  g71108/Y                                          -       A->Y    F     INVx2_ASAP7_75t_SL             2  2.1    19    11     698    (-,-) 
  g68301/Y                                          -       B->Y    R     NAND3x1_ASAP7_75t_SL           1  1.8    36    21     719    (-,-) 
  g68291/Y                                          -       B->Y    F     NOR2x1p5_ASAP7_75t_SL          1  1.3    18    12     730    (-,-) 
  g68283/Y                                          -       B->Y    F     AND2x4_ASAP7_75t_SL            9  9.9    24    28     758    (-,-) 
  g68270/Y                                          -       A2->Y   R     AOI21x1_ASAP7_75t_SL           2  2.3    37    19     776    (-,-) 
  g68257/Y                                          -       A->Y    R     HB1xp67_ASAP7_75t_SL           1  1.3    25    26     803    (-,-) 
  g68226/Y                                          -       A->Y    F     NAND2x1_ASAP7_75t_SL           1  0.8    13     8     810    (-,-) 
  g68194/Y                                          -       B->Y    R     AOI21xp5_ASAP7_75t_SL          1  0.8    28    15     826    (-,-) 
  g68171/Y                                          -       C->Y    R     AND4x2_ASAP7_75t_SL            3  4.0    32    41     866    (-,-) 
  g68162/Y                                          -       A1->Y   F     AOI21x1_ASAP7_75t_SL           2  3.0    32    19     886    (-,-) 
  g68147/Y                                          -       A->Y    R     NAND2x1p5_ASAP7_75t_SL         4  3.8    36    24     909    (-,-) 
  g68143/Y                                          -       A->Y    F     INVx2_ASAP7_75t_SL             1  1.3    15     8     917    (-,-) 
  g68118/Y                                          -       A2->Y   R     AOI21x1_ASAP7_75t_SL           1  1.4    38    14     931    (-,-) 
  g68066/Y                                          -       A1->Y   F     AOI21x1_ASAP7_75t_SL           2  1.8    27    16     947    (-,-) 
  g68044/Y                                          -       A->Y    F     HB1xp67_ASAP7_75t_SL           1  1.3    20    26     973    (-,-) 
  g68013/Y                                          -       A2->Y   R     AOI21x1_ASAP7_75t_SL           3  2.2    35    18     991    (-,-) 
  fopt69418/Y                                       -       A->Y    R     BUFx3_ASAP7_75t_SL             4  3.1    17    23    1014    (-,-) 
  g67874/Y                                          -       A1->Y   F     AOI21xp5_ASAP7_75t_SL          1  0.9    36    12    1026    (-,-) 
  g67792/Y                                          -       B->Y    F     OA21x2_ASAP7_75t_SL            2  2.5    18    25    1051    (-,-) 
  g67664/Y                                          -       B->Y    F     XOR2x1_ASAP7_75t_SL            2  1.5    26    25    1076    (-,-) 
  g71163/Y                                          -       B->Y    F     AND2x2_ASAP7_75t_SL            2  1.5    14    23    1100    (-,-) 
  g67590/Y                                          -       A->Y    R     INVxp67_ASAP7_75t_SL           1  0.8    17    11    1111    (-,-) 
  g67514/Y                                          -       B->Y    F     NAND2xp5_ASAP7_75t_L           1  1.8    32    20    1131    (-,-) 
  g67323/Y                                          -       A->Y    F     XOR2x1_ASAP7_75t_SL            2  3.0    32    30    1161    (-,-) 
  g67250/Y                                          -       B->Y    R     NAND2x1p5_ASAP7_75t_SL         2  1.9    29    16    1177    (-,-) 
  g67190/Y                                          -       A->Y    F     NOR2x1_ASAP7_75t_SL            2  2.3    29    19    1197    (-,-) 
  g67181/Y                                          -       A->Y    R     INVx2_ASAP7_75t_SL             1  1.3    16    10    1207    (-,-) 
  g67145/Y                                          -       A->Y    F     NOR2x1_ASAP7_75t_SL            1  1.3    18    13    1220    (-,-) 
  g67111/Y                                          -       A->Y    R     NAND2x1_ASAP7_75t_SL           1  1.3    24    17    1236    (-,-) 
  g67039/Y                                          -       A->Y    R     XNOR2xp5_ASAP7_75t_SL          2  1.3    40    20    1256    (-,-) 
  g66989/Y                                          -       B->Y    F     NAND2xp5_ASAP7_75t_SL          1  1.3    30    17    1274    (-,-) 
  g66965/Y                                          -       B->Y    R     NOR2x1_ASAP7_75t_SL            1  1.3    24    14    1288    (-,-) 
  g66954/Y                                          -       A2->Y   R     AO31x2_ASAP7_75t_SL            1  1.3    15    21    1309    (-,-) 
  g66953/Y                                          -       B->Y    R     AND2x6_ASAP7_75t_SL            9 11.8    30    29    1338    (-,-) 
  g66937/Y                                          -       A->Y    F     INVx11_ASAP7_75t_SL           23 15.1    20    12    1351    (-,-) 
  g66909/Y                                          -       B->Y    R     NAND2xp5_ASAP7_75t_SL          1  0.9    25    14    1365    (-,-) 
  PIPE_OUT_col2_stage_reg_reg[0][6]/D               -       -       R     ASYNC_DFFHx1_ASAP7_75t_SL      1    -     -     0    1365    (-,-) 
#--------------------------------------------------------------------------------------------------------------------------------------------



Path 19: VIOLATED (-479 ps) Setup Check with Pin PIPE_OUT_col2_stage_reg_reg[0][5]/CLK->D
           View: PVT_0P63V_100C.setup_view
          Group: clk
     Startpoint: (R) PIPE_OUT_col2_stage_reg_reg[0][29]/CLK
          Clock: (R) clk
       Endpoint: (F) PIPE_OUT_col2_stage_reg_reg[0][5]/D
          Clock: (R) clk

                     Capture       Launch     
        Clock Edge:+    1000            0     
       Src Latency:+       0            0     
       Net Latency:+       0 (I)        0 (I) 
           Arrival:=    1000            0     
                                              
             Setup:-      17                  
       Uncertainty:-     100                  
     Required Time:=     883                  
      Launch Clock:-       0                  
         Data Path:-    1362                  
             Slack:=    -479                  

#--------------------------------------------------------------------------------------------------------------------------------------------
#                   Timing Point                    Flags    Arc    Edge           Cell             Fanout Load Trans Delay Arrival Instance 
#                                                                                                          (fF)  (ps)  (ps)   (ps)  Location 
#--------------------------------------------------------------------------------------------------------------------------------------------
  PIPE_OUT_col2_stage_reg_reg[0][29]/CLK            -       -       R     (arrival)                   1109    -     0     0       0    (-,-) 
  PIPE_OUT_col2_stage_reg_reg[0][29]/QN             -       CLK->QN R     ASYNC_DFFHx1_ASAP7_75t_SL      2  1.8    34    54      54    (-,-) 
  g70514/Y                                          -       B1->Y   F     AOI22x1_ASAP7_75t_SL           4  2.4    58    16      70    (-,-) 
  g70221/Y                                          -       B->Y    R     NOR2xp33_ASAP7_75t_L           1  0.9    48    31     101    (-,-) 
  g70107/Y                                          -       A2->Y   F     OAI21xp5_ASAP7_75t_SL          1  0.8    26    15     116    (-,-) 
  g69689__6783/Y                                    -       A1->Y   R     AOI21xp5_ASAP7_75t_SL          1  0.9    28    16     132    (-,-) 
  g69681/Y                                          -       A->Y    F     INVx1_ASAP7_75t_SL             1  0.8    14     9     141    (-,-) 
  g69578__4319/Y                                    -       B->Y    R     AOI21xp5_ASAP7_75t_SL          1  0.9    30    16     157    (-,-) 
  g69558__1881/Y                                    -       B->Y    R     OA21x2_ASAP7_75t_SL            2  2.1    18    24     181    (-,-) 
  g69490__5526/Y                                    -       B->Y    F     OAI21xp5_ASAP7_75t_SL          1  1.5    32    16     197    (-,-) 
  fopt39/Y                                          -       A->Y    F     BUFx6f_ASAP7_75t_SL           13  8.7    18    25     222    (-,-) 
  g69411__2802/Y                                    -       B1->Y   R     AOI22xp5_ASAP7_75t_SL          2  1.9    53    26     248    (-,-) 
  g69271__6783/Y                                    -       B->Y    F     NAND2x1_ASAP7_75t_SL           2  1.9    28    14     262    (-,-) 
  g69206__1666/Y                                    -       C->Y    F     AO211x2_ASAP7_75t_SL           3  3.4    21    29     291    (-,-) 
  g69196/Y                                          -       A->Y    F     BUFx3_ASAP7_75t_SL             2  2.0    12    20     312    (-,-) 
  g69169__5122/Y                                    -       A2->Y   R     AOI21x1_ASAP7_75t_SL           1  0.9    21    11     323    (-,-) 
  g69085__6161/Y                                    -       B->Y    R     OA21x2_ASAP7_75t_SL            5  6.0    36    33     355    (-,-) 
  g68918__5107/Y                                    -       B->Y    R     AND2x4_ASAP7_75t_SL           11  9.2    29    30     385    (-,-) 
  g68812__2802/Y                                    -       B2->Y   R     AO22x2_ASAP7_75t_SL            2  2.2    20    26     411    (-,-) 
  g68790/Y                                          -       A->Y    F     INVx1_ASAP7_75t_SL             1  1.4    16    11     422    (-,-) 
  g68728__8428/Y                                    -       A1->Y   R     OAI22x1_ASAP7_75t_SL           2  1.5    34    15     437    (-,-) 
  fopt71412/Y                                       -       A->Y    F     INVx1_ASAP7_75t_SL             1  0.8    16     9     447    (-,-) 
  g68645__1666/Y                                    -       A1->Y   R     OAI22xp5_ASAP7_75t_SL          2  1.5    45    21     467    (-,-) 
  g68582__1666/Y                                    -       A1->Y   F     AOI22xp5_ASAP7_75t_SL          1  1.3    34    17     484    (-,-) 
  g68536__6783/Y                                    -       B->Y    F     XNOR2xp5_ASAP7_75t_SL          2  1.3    40    28     512    (-,-) 
  addinc_FP32_ALU_col2_fracAdder_add_113_18_g1027/Y -       A->Y    F     HB1xp67_ASAP7_75t_SL           1  1.8    26    32     544    (-,-) 
  addinc_FP32_ALU_col2_fracAdder_add_113_18_g956/Y  -       B->Y    R     NAND2x1p5_ASAP7_75t_SL         2  1.4    30    13     558    (-,-) 
  addinc_FP32_ALU_col2_fracAdder_add_113_18_g863/Y  -       A1->Y   F     OAI21xp5_ASAP7_75t_SL          3  2.5    44    25     582    (-,-) 
  addinc_FP32_ALU_col2_fracAdder_add_113_18_g811/Y  -       A2->Y   R     AOI21x1_ASAP7_75t_SL           1  1.2    30    17     599    (-,-) 
  addinc_FP32_ALU_col2_fracAdder_add_113_18_g786/Y  -       C->Y    R     OA221x2_ASAP7_75t_SL           3  3.6    25    28     627    (-,-) 
  addinc_FP32_ALU_col2_fracAdder_add_113_18_g780/Y  -       A->Y    F     INVx3_ASAP7_75t_SL             6  4.4    18    12     638    (-,-) 
  addinc_FP32_ALU_col2_fracAdder_add_113_18_g763/Y  -       A1->Y   R     AOI21xp5_ASAP7_75t_SL          1  1.3    38    18     657    (-,-) 
  addinc_FP32_ALU_col2_fracAdder_add_113_18_g749/Y  -       B->Y    R     XOR2xp5_ASAP7_75t_SL           1  1.5    41    30     687    (-,-) 
  g71108/Y                                          -       A->Y    F     INVx2_ASAP7_75t_SL             2  2.1    19    11     698    (-,-) 
  g68301/Y                                          -       B->Y    R     NAND3x1_ASAP7_75t_SL           1  1.8    36    21     719    (-,-) 
  g68291/Y                                          -       B->Y    F     NOR2x1p5_ASAP7_75t_SL          1  1.3    18    12     730    (-,-) 
  g68283/Y                                          -       B->Y    F     AND2x4_ASAP7_75t_SL            9  9.9    24    28     758    (-,-) 
  g68270/Y                                          -       A2->Y   R     AOI21x1_ASAP7_75t_SL           2  2.3    37    19     776    (-,-) 
  g68257/Y                                          -       A->Y    R     HB1xp67_ASAP7_75t_SL           1  1.3    25    26     803    (-,-) 
  g68226/Y                                          -       A->Y    F     NAND2x1_ASAP7_75t_SL           1  0.8    13     8     810    (-,-) 
  g68194/Y                                          -       B->Y    R     AOI21xp5_ASAP7_75t_SL          1  0.8    28    15     826    (-,-) 
  g68171/Y                                          -       C->Y    R     AND4x2_ASAP7_75t_SL            3  4.0    32    41     866    (-,-) 
  g68162/Y                                          -       A1->Y   F     AOI21x1_ASAP7_75t_SL           2  3.0    32    19     886    (-,-) 
  g68147/Y                                          -       A->Y    R     NAND2x1p5_ASAP7_75t_SL         4  3.8    36    24     909    (-,-) 
  g68143/Y                                          -       A->Y    F     INVx2_ASAP7_75t_SL             1  1.3    15     8     917    (-,-) 
  g68118/Y                                          -       A2->Y   R     AOI21x1_ASAP7_75t_SL           1  1.4    38    14     931    (-,-) 
  g68066/Y                                          -       A1->Y   F     AOI21x1_ASAP7_75t_SL           2  1.8    27    16     947    (-,-) 
  g68041/Y                                          -       B->Y    F     AND2x4_ASAP7_75t_SL            6  6.7    18    27     974    (-,-) 
  g68033/Y                                          -       A->Y    F     BUFx6f_ASAP7_75t_SL            5  5.9    13    21     994    (-,-) 
  g68032/Y                                          -       A->Y    R     INVx4_ASAP7_75t_SL             3  2.8    12     8    1002    (-,-) 
  g67981/Y                                          -       A1->Y   F     AOI22x1_ASAP7_75t_SL           3  2.2    34    12    1015    (-,-) 
  g67867/Y                                          -       B->Y    F     AND2x2_ASAP7_75t_SL            3  3.3    19    29    1044    (-,-) 
  g67853/Y                                          -       A->Y    R     INVx1_ASAP7_75t_SL             3  2.6    31    19    1062    (-,-) 
  g67767/Y                                          -       B->Y    R     OR2x2_ASAP7_75t_SL             2  1.2    13    21    1084    (-,-) 
  g67706/Y                                          -       B->Y    F     NOR2xp33_ASAP7_75t_L           1  0.8    28    18    1102    (-,-) 
  g67417/Y                                          -       B->Y    R     AOI21xp5_ASAP7_75t_SL          1  0.9    31    19    1120    (-,-) 
  g67322/Y                                          -       B->Y    R     OA21x2_ASAP7_75t_SL            3  3.1    24    27    1147    (-,-) 
  g67252/Y                                          -       A->Y    F     NOR2x1p5_ASAP7_75t_SL          2  3.4    26    17    1164    (-,-) 
  g67235/Y                                          -       A->Y    R     NAND3x2_ASAP7_75t_SL           2  4.0    39    22    1186    (-,-) 
  g67207/Y                                          -       B->Y    F     NOR2x2_ASAP7_75t_SL            4  3.7    25    18    1203    (-,-) 
  g67113/Y                                          -       A->Y    F     AND3x2_ASAP7_75t_SL            2  2.5    15    22    1225    (-,-) 
  g67044/Y                                          -       B->Y    F     XNOR2xp5_ASAP7_75t_SL          2  1.5    30    26    1251    (-,-) 
  g66981/Y                                          -       A->Y    R     NAND3xp33_ASAP7_75t_SL         1  1.3    35    20    1271    (-,-) 
  g66969/Y                                          -       A->Y    F     NOR2x1_ASAP7_75t_SL            1  1.4    25    17    1288    (-,-) 
  g66954/Y                                          -       A1->Y   F     AO31x2_ASAP7_75t_SL            1  1.3    12    19    1306    (-,-) 
  g66953/Y                                          -       B->Y    F     AND2x6_ASAP7_75t_SL            9 11.8    25    28    1335    (-,-) 
  g66937/Y                                          -       A->Y    R     INVx11_ASAP7_75t_SL           23 15.1    22    15    1350    (-,-) 
  g66890/Y                                          -       B->Y    F     NAND2xp5_ASAP7_75t_SL          1  0.9    20    12    1362    (-,-) 
  PIPE_OUT_col2_stage_reg_reg[0][5]/D               -       -       F     ASYNC_DFFHx1_ASAP7_75t_SL      1    -     -     0    1362    (-,-) 
#--------------------------------------------------------------------------------------------------------------------------------------------



Path 20: VIOLATED (-479 ps) Setup Check with Pin PIPE_OUT_col2_stage_reg_reg[0][4]/CLK->D
           View: PVT_0P63V_100C.setup_view
          Group: clk
     Startpoint: (R) PIPE_OUT_col2_stage_reg_reg[0][29]/CLK
          Clock: (R) clk
       Endpoint: (R) PIPE_OUT_col2_stage_reg_reg[0][4]/D
          Clock: (R) clk

                     Capture       Launch     
        Clock Edge:+    1000            0     
       Src Latency:+       0            0     
       Net Latency:+       0 (I)        0 (I) 
           Arrival:=    1000            0     
                                              
             Setup:-      14                  
       Uncertainty:-     100                  
     Required Time:=     886                  
      Launch Clock:-       0                  
         Data Path:-    1365                  
             Slack:=    -479                  

#--------------------------------------------------------------------------------------------------------------------------------------------
#                   Timing Point                    Flags    Arc    Edge           Cell             Fanout Load Trans Delay Arrival Instance 
#                                                                                                          (fF)  (ps)  (ps)   (ps)  Location 
#--------------------------------------------------------------------------------------------------------------------------------------------
  PIPE_OUT_col2_stage_reg_reg[0][29]/CLK            -       -       R     (arrival)                   1109    -     0     0       0    (-,-) 
  PIPE_OUT_col2_stage_reg_reg[0][29]/QN             -       CLK->QN R     ASYNC_DFFHx1_ASAP7_75t_SL      2  1.8    34    54      54    (-,-) 
  g70514/Y                                          -       B1->Y   F     AOI22x1_ASAP7_75t_SL           4  2.4    58    16      70    (-,-) 
  g70221/Y                                          -       B->Y    R     NOR2xp33_ASAP7_75t_L           1  0.9    48    31     101    (-,-) 
  g70107/Y                                          -       A2->Y   F     OAI21xp5_ASAP7_75t_SL          1  0.8    26    15     116    (-,-) 
  g69689__6783/Y                                    -       A1->Y   R     AOI21xp5_ASAP7_75t_SL          1  0.9    28    16     132    (-,-) 
  g69681/Y                                          -       A->Y    F     INVx1_ASAP7_75t_SL             1  0.8    14     9     141    (-,-) 
  g69578__4319/Y                                    -       B->Y    R     AOI21xp5_ASAP7_75t_SL          1  0.9    30    16     157    (-,-) 
  g69558__1881/Y                                    -       B->Y    R     OA21x2_ASAP7_75t_SL            2  2.1    18    24     181    (-,-) 
  g69490__5526/Y                                    -       B->Y    F     OAI21xp5_ASAP7_75t_SL          1  1.5    32    16     197    (-,-) 
  fopt39/Y                                          -       A->Y    F     BUFx6f_ASAP7_75t_SL           13  8.7    18    25     222    (-,-) 
  g69411__2802/Y                                    -       B1->Y   R     AOI22xp5_ASAP7_75t_SL          2  1.9    53    26     248    (-,-) 
  g69271__6783/Y                                    -       B->Y    F     NAND2x1_ASAP7_75t_SL           2  1.9    28    14     262    (-,-) 
  g69206__1666/Y                                    -       C->Y    F     AO211x2_ASAP7_75t_SL           3  3.4    21    29     291    (-,-) 
  g69196/Y                                          -       A->Y    F     BUFx3_ASAP7_75t_SL             2  2.0    12    20     312    (-,-) 
  g69169__5122/Y                                    -       A2->Y   R     AOI21x1_ASAP7_75t_SL           1  0.9    21    11     323    (-,-) 
  g69085__6161/Y                                    -       B->Y    R     OA21x2_ASAP7_75t_SL            5  6.0    36    33     355    (-,-) 
  g68918__5107/Y                                    -       B->Y    R     AND2x4_ASAP7_75t_SL           11  9.2    29    30     385    (-,-) 
  g68812__2802/Y                                    -       B2->Y   R     AO22x2_ASAP7_75t_SL            2  2.2    20    26     411    (-,-) 
  g68790/Y                                          -       A->Y    F     INVx1_ASAP7_75t_SL             1  1.4    16    11     422    (-,-) 
  g68728__8428/Y                                    -       A1->Y   R     OAI22x1_ASAP7_75t_SL           2  1.5    34    15     437    (-,-) 
  fopt71412/Y                                       -       A->Y    F     INVx1_ASAP7_75t_SL             1  0.8    16     9     447    (-,-) 
  g68645__1666/Y                                    -       A1->Y   R     OAI22xp5_ASAP7_75t_SL          2  1.5    45    21     467    (-,-) 
  g68582__1666/Y                                    -       A1->Y   F     AOI22xp5_ASAP7_75t_SL          1  1.3    34    17     484    (-,-) 
  g68536__6783/Y                                    -       B->Y    F     XNOR2xp5_ASAP7_75t_SL          2  1.3    40    28     512    (-,-) 
  addinc_FP32_ALU_col2_fracAdder_add_113_18_g1027/Y -       A->Y    F     HB1xp67_ASAP7_75t_SL           1  1.8    26    32     544    (-,-) 
  addinc_FP32_ALU_col2_fracAdder_add_113_18_g956/Y  -       B->Y    R     NAND2x1p5_ASAP7_75t_SL         2  1.4    30    13     558    (-,-) 
  addinc_FP32_ALU_col2_fracAdder_add_113_18_g863/Y  -       A1->Y   F     OAI21xp5_ASAP7_75t_SL          3  2.5    44    25     582    (-,-) 
  addinc_FP32_ALU_col2_fracAdder_add_113_18_g811/Y  -       A2->Y   R     AOI21x1_ASAP7_75t_SL           1  1.2    30    17     599    (-,-) 
  addinc_FP32_ALU_col2_fracAdder_add_113_18_g786/Y  -       C->Y    R     OA221x2_ASAP7_75t_SL           3  3.6    25    28     627    (-,-) 
  addinc_FP32_ALU_col2_fracAdder_add_113_18_g780/Y  -       A->Y    F     INVx3_ASAP7_75t_SL             6  4.4    18    12     638    (-,-) 
  addinc_FP32_ALU_col2_fracAdder_add_113_18_g763/Y  -       A1->Y   R     AOI21xp5_ASAP7_75t_SL          1  1.3    38    18     657    (-,-) 
  addinc_FP32_ALU_col2_fracAdder_add_113_18_g749/Y  -       B->Y    R     XOR2xp5_ASAP7_75t_SL           1  1.5    41    30     687    (-,-) 
  g71108/Y                                          -       A->Y    F     INVx2_ASAP7_75t_SL             2  2.1    19    11     698    (-,-) 
  g68301/Y                                          -       B->Y    R     NAND3x1_ASAP7_75t_SL           1  1.8    36    21     719    (-,-) 
  g68291/Y                                          -       B->Y    F     NOR2x1p5_ASAP7_75t_SL          1  1.3    18    12     730    (-,-) 
  g68283/Y                                          -       B->Y    F     AND2x4_ASAP7_75t_SL            9  9.9    24    28     758    (-,-) 
  g68270/Y                                          -       A2->Y   R     AOI21x1_ASAP7_75t_SL           2  2.3    37    19     776    (-,-) 
  g68257/Y                                          -       A->Y    R     HB1xp67_ASAP7_75t_SL           1  1.3    25    26     803    (-,-) 
  g68226/Y                                          -       A->Y    F     NAND2x1_ASAP7_75t_SL           1  0.8    13     8     810    (-,-) 
  g68194/Y                                          -       B->Y    R     AOI21xp5_ASAP7_75t_SL          1  0.8    28    15     826    (-,-) 
  g68171/Y                                          -       C->Y    R     AND4x2_ASAP7_75t_SL            3  4.0    32    41     866    (-,-) 
  g68162/Y                                          -       A1->Y   F     AOI21x1_ASAP7_75t_SL           2  3.0    32    19     886    (-,-) 
  g68147/Y                                          -       A->Y    R     NAND2x1p5_ASAP7_75t_SL         4  3.8    36    24     909    (-,-) 
  g68143/Y                                          -       A->Y    F     INVx2_ASAP7_75t_SL             1  1.3    15     8     917    (-,-) 
  g68118/Y                                          -       A2->Y   R     AOI21x1_ASAP7_75t_SL           1  1.4    38    14     931    (-,-) 
  g68066/Y                                          -       A1->Y   F     AOI21x1_ASAP7_75t_SL           2  1.8    27    16     947    (-,-) 
  g68044/Y                                          -       A->Y    F     HB1xp67_ASAP7_75t_SL           1  1.3    20    26     973    (-,-) 
  g68013/Y                                          -       A2->Y   R     AOI21x1_ASAP7_75t_SL           3  2.2    35    18     991    (-,-) 
  fopt69418/Y                                       -       A->Y    R     BUFx3_ASAP7_75t_SL             4  3.1    17    23    1014    (-,-) 
  g67874/Y                                          -       A1->Y   F     AOI21xp5_ASAP7_75t_SL          1  0.9    36    12    1026    (-,-) 
  g67792/Y                                          -       B->Y    F     OA21x2_ASAP7_75t_SL            2  2.5    18    25    1051    (-,-) 
  g67664/Y                                          -       B->Y    F     XOR2x1_ASAP7_75t_SL            2  1.5    26    25    1076    (-,-) 
  g71163/Y                                          -       B->Y    F     AND2x2_ASAP7_75t_SL            2  1.5    14    23    1100    (-,-) 
  g67590/Y                                          -       A->Y    R     INVxp67_ASAP7_75t_SL           1  0.8    17    11    1111    (-,-) 
  g67514/Y                                          -       B->Y    F     NAND2xp5_ASAP7_75t_L           1  1.8    32    20    1131    (-,-) 
  g67323/Y                                          -       A->Y    F     XOR2x1_ASAP7_75t_SL            2  3.0    32    30    1161    (-,-) 
  g67250/Y                                          -       B->Y    R     NAND2x1p5_ASAP7_75t_SL         2  1.9    29    16    1177    (-,-) 
  g67190/Y                                          -       A->Y    F     NOR2x1_ASAP7_75t_SL            2  2.3    29    19    1197    (-,-) 
  g67181/Y                                          -       A->Y    R     INVx2_ASAP7_75t_SL             1  1.3    16    10    1207    (-,-) 
  g67145/Y                                          -       A->Y    F     NOR2x1_ASAP7_75t_SL            1  1.3    18    13    1220    (-,-) 
  g67111/Y                                          -       A->Y    R     NAND2x1_ASAP7_75t_SL           1  1.3    24    17    1236    (-,-) 
  g67039/Y                                          -       A->Y    R     XNOR2xp5_ASAP7_75t_SL          2  1.3    40    20    1256    (-,-) 
  g66989/Y                                          -       B->Y    F     NAND2xp5_ASAP7_75t_SL          1  1.3    30    17    1274    (-,-) 
  g66965/Y                                          -       B->Y    R     NOR2x1_ASAP7_75t_SL            1  1.3    24    14    1288    (-,-) 
  g66954/Y                                          -       A2->Y   R     AO31x2_ASAP7_75t_SL            1  1.3    15    21    1309    (-,-) 
  g66953/Y                                          -       B->Y    R     AND2x6_ASAP7_75t_SL            9 11.8    30    29    1338    (-,-) 
  g66937/Y                                          -       A->Y    F     INVx11_ASAP7_75t_SL           23 15.1    20    12    1351    (-,-) 
  g66908/Y                                          -       B->Y    R     NAND2xp5_ASAP7_75t_SL          1  0.9    24    14    1365    (-,-) 
  PIPE_OUT_col2_stage_reg_reg[0][4]/D               -       -       R     ASYNC_DFFHx1_ASAP7_75t_SL      1    -     -     0    1365    (-,-) 
#--------------------------------------------------------------------------------------------------------------------------------------------



Path 21: VIOLATED (-479 ps) Setup Check with Pin PIPE_OUT_col2_stage_reg_reg[0][3]/CLK->D
           View: PVT_0P63V_100C.setup_view
          Group: clk
     Startpoint: (R) PIPE_OUT_col2_stage_reg_reg[0][29]/CLK
          Clock: (R) clk
       Endpoint: (R) PIPE_OUT_col2_stage_reg_reg[0][3]/D
          Clock: (R) clk

                     Capture       Launch     
        Clock Edge:+    1000            0     
       Src Latency:+       0            0     
       Net Latency:+       0 (I)        0 (I) 
           Arrival:=    1000            0     
                                              
             Setup:-      14                  
       Uncertainty:-     100                  
     Required Time:=     886                  
      Launch Clock:-       0                  
         Data Path:-    1365                  
             Slack:=    -479                  

#--------------------------------------------------------------------------------------------------------------------------------------------
#                   Timing Point                    Flags    Arc    Edge           Cell             Fanout Load Trans Delay Arrival Instance 
#                                                                                                          (fF)  (ps)  (ps)   (ps)  Location 
#--------------------------------------------------------------------------------------------------------------------------------------------
  PIPE_OUT_col2_stage_reg_reg[0][29]/CLK            -       -       R     (arrival)                   1109    -     0     0       0    (-,-) 
  PIPE_OUT_col2_stage_reg_reg[0][29]/QN             -       CLK->QN R     ASYNC_DFFHx1_ASAP7_75t_SL      2  1.8    34    54      54    (-,-) 
  g70514/Y                                          -       B1->Y   F     AOI22x1_ASAP7_75t_SL           4  2.4    58    16      70    (-,-) 
  g70221/Y                                          -       B->Y    R     NOR2xp33_ASAP7_75t_L           1  0.9    48    31     101    (-,-) 
  g70107/Y                                          -       A2->Y   F     OAI21xp5_ASAP7_75t_SL          1  0.8    26    15     116    (-,-) 
  g69689__6783/Y                                    -       A1->Y   R     AOI21xp5_ASAP7_75t_SL          1  0.9    28    16     132    (-,-) 
  g69681/Y                                          -       A->Y    F     INVx1_ASAP7_75t_SL             1  0.8    14     9     141    (-,-) 
  g69578__4319/Y                                    -       B->Y    R     AOI21xp5_ASAP7_75t_SL          1  0.9    30    16     157    (-,-) 
  g69558__1881/Y                                    -       B->Y    R     OA21x2_ASAP7_75t_SL            2  2.1    18    24     181    (-,-) 
  g69490__5526/Y                                    -       B->Y    F     OAI21xp5_ASAP7_75t_SL          1  1.5    32    16     197    (-,-) 
  fopt39/Y                                          -       A->Y    F     BUFx6f_ASAP7_75t_SL           13  8.7    18    25     222    (-,-) 
  g69411__2802/Y                                    -       B1->Y   R     AOI22xp5_ASAP7_75t_SL          2  1.9    53    26     248    (-,-) 
  g69271__6783/Y                                    -       B->Y    F     NAND2x1_ASAP7_75t_SL           2  1.9    28    14     262    (-,-) 
  g69206__1666/Y                                    -       C->Y    F     AO211x2_ASAP7_75t_SL           3  3.4    21    29     291    (-,-) 
  g69196/Y                                          -       A->Y    F     BUFx3_ASAP7_75t_SL             2  2.0    12    20     312    (-,-) 
  g69169__5122/Y                                    -       A2->Y   R     AOI21x1_ASAP7_75t_SL           1  0.9    21    11     323    (-,-) 
  g69085__6161/Y                                    -       B->Y    R     OA21x2_ASAP7_75t_SL            5  6.0    36    33     355    (-,-) 
  g68918__5107/Y                                    -       B->Y    R     AND2x4_ASAP7_75t_SL           11  9.2    29    30     385    (-,-) 
  g68812__2802/Y                                    -       B2->Y   R     AO22x2_ASAP7_75t_SL            2  2.2    20    26     411    (-,-) 
  g68790/Y                                          -       A->Y    F     INVx1_ASAP7_75t_SL             1  1.4    16    11     422    (-,-) 
  g68728__8428/Y                                    -       A1->Y   R     OAI22x1_ASAP7_75t_SL           2  1.5    34    15     437    (-,-) 
  fopt71412/Y                                       -       A->Y    F     INVx1_ASAP7_75t_SL             1  0.8    16     9     447    (-,-) 
  g68645__1666/Y                                    -       A1->Y   R     OAI22xp5_ASAP7_75t_SL          2  1.5    45    21     467    (-,-) 
  g68582__1666/Y                                    -       A1->Y   F     AOI22xp5_ASAP7_75t_SL          1  1.3    34    17     484    (-,-) 
  g68536__6783/Y                                    -       B->Y    F     XNOR2xp5_ASAP7_75t_SL          2  1.3    40    28     512    (-,-) 
  addinc_FP32_ALU_col2_fracAdder_add_113_18_g1027/Y -       A->Y    F     HB1xp67_ASAP7_75t_SL           1  1.8    26    32     544    (-,-) 
  addinc_FP32_ALU_col2_fracAdder_add_113_18_g956/Y  -       B->Y    R     NAND2x1p5_ASAP7_75t_SL         2  1.4    30    13     558    (-,-) 
  addinc_FP32_ALU_col2_fracAdder_add_113_18_g863/Y  -       A1->Y   F     OAI21xp5_ASAP7_75t_SL          3  2.5    44    25     582    (-,-) 
  addinc_FP32_ALU_col2_fracAdder_add_113_18_g811/Y  -       A2->Y   R     AOI21x1_ASAP7_75t_SL           1  1.2    30    17     599    (-,-) 
  addinc_FP32_ALU_col2_fracAdder_add_113_18_g786/Y  -       C->Y    R     OA221x2_ASAP7_75t_SL           3  3.6    25    28     627    (-,-) 
  addinc_FP32_ALU_col2_fracAdder_add_113_18_g780/Y  -       A->Y    F     INVx3_ASAP7_75t_SL             6  4.4    18    12     638    (-,-) 
  addinc_FP32_ALU_col2_fracAdder_add_113_18_g763/Y  -       A1->Y   R     AOI21xp5_ASAP7_75t_SL          1  1.3    38    18     657    (-,-) 
  addinc_FP32_ALU_col2_fracAdder_add_113_18_g749/Y  -       B->Y    R     XOR2xp5_ASAP7_75t_SL           1  1.5    41    30     687    (-,-) 
  g71108/Y                                          -       A->Y    F     INVx2_ASAP7_75t_SL             2  2.1    19    11     698    (-,-) 
  g68301/Y                                          -       B->Y    R     NAND3x1_ASAP7_75t_SL           1  1.8    36    21     719    (-,-) 
  g68291/Y                                          -       B->Y    F     NOR2x1p5_ASAP7_75t_SL          1  1.3    18    12     730    (-,-) 
  g68283/Y                                          -       B->Y    F     AND2x4_ASAP7_75t_SL            9  9.9    24    28     758    (-,-) 
  g68270/Y                                          -       A2->Y   R     AOI21x1_ASAP7_75t_SL           2  2.3    37    19     776    (-,-) 
  g68257/Y                                          -       A->Y    R     HB1xp67_ASAP7_75t_SL           1  1.3    25    26     803    (-,-) 
  g68226/Y                                          -       A->Y    F     NAND2x1_ASAP7_75t_SL           1  0.8    13     8     810    (-,-) 
  g68194/Y                                          -       B->Y    R     AOI21xp5_ASAP7_75t_SL          1  0.8    28    15     826    (-,-) 
  g68171/Y                                          -       C->Y    R     AND4x2_ASAP7_75t_SL            3  4.0    32    41     866    (-,-) 
  g68162/Y                                          -       A1->Y   F     AOI21x1_ASAP7_75t_SL           2  3.0    32    19     886    (-,-) 
  g68147/Y                                          -       A->Y    R     NAND2x1p5_ASAP7_75t_SL         4  3.8    36    24     909    (-,-) 
  g68143/Y                                          -       A->Y    F     INVx2_ASAP7_75t_SL             1  1.3    15     8     917    (-,-) 
  g68118/Y                                          -       A2->Y   R     AOI21x1_ASAP7_75t_SL           1  1.4    38    14     931    (-,-) 
  g68066/Y                                          -       A1->Y   F     AOI21x1_ASAP7_75t_SL           2  1.8    27    16     947    (-,-) 
  g68044/Y                                          -       A->Y    F     HB1xp67_ASAP7_75t_SL           1  1.3    20    26     973    (-,-) 
  g68013/Y                                          -       A2->Y   R     AOI21x1_ASAP7_75t_SL           3  2.2    35    18     991    (-,-) 
  fopt69418/Y                                       -       A->Y    R     BUFx3_ASAP7_75t_SL             4  3.1    17    23    1014    (-,-) 
  g67874/Y                                          -       A1->Y   F     AOI21xp5_ASAP7_75t_SL          1  0.9    36    12    1026    (-,-) 
  g67792/Y                                          -       B->Y    F     OA21x2_ASAP7_75t_SL            2  2.5    18    25    1051    (-,-) 
  g67664/Y                                          -       B->Y    F     XOR2x1_ASAP7_75t_SL            2  1.5    26    25    1076    (-,-) 
  g71163/Y                                          -       B->Y    F     AND2x2_ASAP7_75t_SL            2  1.5    14    23    1100    (-,-) 
  g67590/Y                                          -       A->Y    R     INVxp67_ASAP7_75t_SL           1  0.8    17    11    1111    (-,-) 
  g67514/Y                                          -       B->Y    F     NAND2xp5_ASAP7_75t_L           1  1.8    32    20    1131    (-,-) 
  g67323/Y                                          -       A->Y    F     XOR2x1_ASAP7_75t_SL            2  3.0    32    30    1161    (-,-) 
  g67250/Y                                          -       B->Y    R     NAND2x1p5_ASAP7_75t_SL         2  1.9    29    16    1177    (-,-) 
  g67190/Y                                          -       A->Y    F     NOR2x1_ASAP7_75t_SL            2  2.3    29    19    1197    (-,-) 
  g67181/Y                                          -       A->Y    R     INVx2_ASAP7_75t_SL             1  1.3    16    10    1207    (-,-) 
  g67145/Y                                          -       A->Y    F     NOR2x1_ASAP7_75t_SL            1  1.3    18    13    1220    (-,-) 
  g67111/Y                                          -       A->Y    R     NAND2x1_ASAP7_75t_SL           1  1.3    24    17    1236    (-,-) 
  g67039/Y                                          -       A->Y    R     XNOR2xp5_ASAP7_75t_SL          2  1.3    40    20    1256    (-,-) 
  g66989/Y                                          -       B->Y    F     NAND2xp5_ASAP7_75t_SL          1  1.3    30    17    1274    (-,-) 
  g66965/Y                                          -       B->Y    R     NOR2x1_ASAP7_75t_SL            1  1.3    24    14    1288    (-,-) 
  g66954/Y                                          -       A2->Y   R     AO31x2_ASAP7_75t_SL            1  1.3    15    21    1309    (-,-) 
  g66953/Y                                          -       B->Y    R     AND2x6_ASAP7_75t_SL            9 11.8    30    29    1338    (-,-) 
  g66937/Y                                          -       A->Y    F     INVx11_ASAP7_75t_SL           23 15.1    20    12    1351    (-,-) 
  g66901/Y                                          -       B->Y    R     NAND2xp5_ASAP7_75t_SL          1  0.9    24    14    1365    (-,-) 
  PIPE_OUT_col2_stage_reg_reg[0][3]/D               -       -       R     ASYNC_DFFHx1_ASAP7_75t_SL      1    -     -     0    1365    (-,-) 
#--------------------------------------------------------------------------------------------------------------------------------------------



Path 22: VIOLATED (-479 ps) Setup Check with Pin PIPE_OUT_col2_stage_reg_reg[0][2]/CLK->D
           View: PVT_0P63V_100C.setup_view
          Group: clk
     Startpoint: (R) PIPE_OUT_col2_stage_reg_reg[0][29]/CLK
          Clock: (R) clk
       Endpoint: (R) PIPE_OUT_col2_stage_reg_reg[0][2]/D
          Clock: (R) clk

                     Capture       Launch     
        Clock Edge:+    1000            0     
       Src Latency:+       0            0     
       Net Latency:+       0 (I)        0 (I) 
           Arrival:=    1000            0     
                                              
             Setup:-      14                  
       Uncertainty:-     100                  
     Required Time:=     886                  
      Launch Clock:-       0                  
         Data Path:-    1365                  
             Slack:=    -479                  

#--------------------------------------------------------------------------------------------------------------------------------------------
#                   Timing Point                    Flags    Arc    Edge           Cell             Fanout Load Trans Delay Arrival Instance 
#                                                                                                          (fF)  (ps)  (ps)   (ps)  Location 
#--------------------------------------------------------------------------------------------------------------------------------------------
  PIPE_OUT_col2_stage_reg_reg[0][29]/CLK            -       -       R     (arrival)                   1109    -     0     0       0    (-,-) 
  PIPE_OUT_col2_stage_reg_reg[0][29]/QN             -       CLK->QN R     ASYNC_DFFHx1_ASAP7_75t_SL      2  1.8    34    54      54    (-,-) 
  g70514/Y                                          -       B1->Y   F     AOI22x1_ASAP7_75t_SL           4  2.4    58    16      70    (-,-) 
  g70221/Y                                          -       B->Y    R     NOR2xp33_ASAP7_75t_L           1  0.9    48    31     101    (-,-) 
  g70107/Y                                          -       A2->Y   F     OAI21xp5_ASAP7_75t_SL          1  0.8    26    15     116    (-,-) 
  g69689__6783/Y                                    -       A1->Y   R     AOI21xp5_ASAP7_75t_SL          1  0.9    28    16     132    (-,-) 
  g69681/Y                                          -       A->Y    F     INVx1_ASAP7_75t_SL             1  0.8    14     9     141    (-,-) 
  g69578__4319/Y                                    -       B->Y    R     AOI21xp5_ASAP7_75t_SL          1  0.9    30    16     157    (-,-) 
  g69558__1881/Y                                    -       B->Y    R     OA21x2_ASAP7_75t_SL            2  2.1    18    24     181    (-,-) 
  g69490__5526/Y                                    -       B->Y    F     OAI21xp5_ASAP7_75t_SL          1  1.5    32    16     197    (-,-) 
  fopt39/Y                                          -       A->Y    F     BUFx6f_ASAP7_75t_SL           13  8.7    18    25     222    (-,-) 
  g69411__2802/Y                                    -       B1->Y   R     AOI22xp5_ASAP7_75t_SL          2  1.9    53    26     248    (-,-) 
  g69271__6783/Y                                    -       B->Y    F     NAND2x1_ASAP7_75t_SL           2  1.9    28    14     262    (-,-) 
  g69206__1666/Y                                    -       C->Y    F     AO211x2_ASAP7_75t_SL           3  3.4    21    29     291    (-,-) 
  g69196/Y                                          -       A->Y    F     BUFx3_ASAP7_75t_SL             2  2.0    12    20     312    (-,-) 
  g69169__5122/Y                                    -       A2->Y   R     AOI21x1_ASAP7_75t_SL           1  0.9    21    11     323    (-,-) 
  g69085__6161/Y                                    -       B->Y    R     OA21x2_ASAP7_75t_SL            5  6.0    36    33     355    (-,-) 
  g68918__5107/Y                                    -       B->Y    R     AND2x4_ASAP7_75t_SL           11  9.2    29    30     385    (-,-) 
  g68812__2802/Y                                    -       B2->Y   R     AO22x2_ASAP7_75t_SL            2  2.2    20    26     411    (-,-) 
  g68790/Y                                          -       A->Y    F     INVx1_ASAP7_75t_SL             1  1.4    16    11     422    (-,-) 
  g68728__8428/Y                                    -       A1->Y   R     OAI22x1_ASAP7_75t_SL           2  1.5    34    15     437    (-,-) 
  fopt71412/Y                                       -       A->Y    F     INVx1_ASAP7_75t_SL             1  0.8    16     9     447    (-,-) 
  g68645__1666/Y                                    -       A1->Y   R     OAI22xp5_ASAP7_75t_SL          2  1.5    45    21     467    (-,-) 
  g68582__1666/Y                                    -       A1->Y   F     AOI22xp5_ASAP7_75t_SL          1  1.3    34    17     484    (-,-) 
  g68536__6783/Y                                    -       B->Y    F     XNOR2xp5_ASAP7_75t_SL          2  1.3    40    28     512    (-,-) 
  addinc_FP32_ALU_col2_fracAdder_add_113_18_g1027/Y -       A->Y    F     HB1xp67_ASAP7_75t_SL           1  1.8    26    32     544    (-,-) 
  addinc_FP32_ALU_col2_fracAdder_add_113_18_g956/Y  -       B->Y    R     NAND2x1p5_ASAP7_75t_SL         2  1.4    30    13     558    (-,-) 
  addinc_FP32_ALU_col2_fracAdder_add_113_18_g863/Y  -       A1->Y   F     OAI21xp5_ASAP7_75t_SL          3  2.5    44    25     582    (-,-) 
  addinc_FP32_ALU_col2_fracAdder_add_113_18_g811/Y  -       A2->Y   R     AOI21x1_ASAP7_75t_SL           1  1.2    30    17     599    (-,-) 
  addinc_FP32_ALU_col2_fracAdder_add_113_18_g786/Y  -       C->Y    R     OA221x2_ASAP7_75t_SL           3  3.6    25    28     627    (-,-) 
  addinc_FP32_ALU_col2_fracAdder_add_113_18_g780/Y  -       A->Y    F     INVx3_ASAP7_75t_SL             6  4.4    18    12     638    (-,-) 
  addinc_FP32_ALU_col2_fracAdder_add_113_18_g763/Y  -       A1->Y   R     AOI21xp5_ASAP7_75t_SL          1  1.3    38    18     657    (-,-) 
  addinc_FP32_ALU_col2_fracAdder_add_113_18_g749/Y  -       B->Y    R     XOR2xp5_ASAP7_75t_SL           1  1.5    41    30     687    (-,-) 
  g71108/Y                                          -       A->Y    F     INVx2_ASAP7_75t_SL             2  2.1    19    11     698    (-,-) 
  g68301/Y                                          -       B->Y    R     NAND3x1_ASAP7_75t_SL           1  1.8    36    21     719    (-,-) 
  g68291/Y                                          -       B->Y    F     NOR2x1p5_ASAP7_75t_SL          1  1.3    18    12     730    (-,-) 
  g68283/Y                                          -       B->Y    F     AND2x4_ASAP7_75t_SL            9  9.9    24    28     758    (-,-) 
  g68270/Y                                          -       A2->Y   R     AOI21x1_ASAP7_75t_SL           2  2.3    37    19     776    (-,-) 
  g68257/Y                                          -       A->Y    R     HB1xp67_ASAP7_75t_SL           1  1.3    25    26     803    (-,-) 
  g68226/Y                                          -       A->Y    F     NAND2x1_ASAP7_75t_SL           1  0.8    13     8     810    (-,-) 
  g68194/Y                                          -       B->Y    R     AOI21xp5_ASAP7_75t_SL          1  0.8    28    15     826    (-,-) 
  g68171/Y                                          -       C->Y    R     AND4x2_ASAP7_75t_SL            3  4.0    32    41     866    (-,-) 
  g68162/Y                                          -       A1->Y   F     AOI21x1_ASAP7_75t_SL           2  3.0    32    19     886    (-,-) 
  g68147/Y                                          -       A->Y    R     NAND2x1p5_ASAP7_75t_SL         4  3.8    36    24     909    (-,-) 
  g68143/Y                                          -       A->Y    F     INVx2_ASAP7_75t_SL             1  1.3    15     8     917    (-,-) 
  g68118/Y                                          -       A2->Y   R     AOI21x1_ASAP7_75t_SL           1  1.4    38    14     931    (-,-) 
  g68066/Y                                          -       A1->Y   F     AOI21x1_ASAP7_75t_SL           2  1.8    27    16     947    (-,-) 
  g68044/Y                                          -       A->Y    F     HB1xp67_ASAP7_75t_SL           1  1.3    20    26     973    (-,-) 
  g68013/Y                                          -       A2->Y   R     AOI21x1_ASAP7_75t_SL           3  2.2    35    18     991    (-,-) 
  fopt69418/Y                                       -       A->Y    R     BUFx3_ASAP7_75t_SL             4  3.1    17    23    1014    (-,-) 
  g67874/Y                                          -       A1->Y   F     AOI21xp5_ASAP7_75t_SL          1  0.9    36    12    1026    (-,-) 
  g67792/Y                                          -       B->Y    F     OA21x2_ASAP7_75t_SL            2  2.5    18    25    1051    (-,-) 
  g67664/Y                                          -       B->Y    F     XOR2x1_ASAP7_75t_SL            2  1.5    26    25    1076    (-,-) 
  g71163/Y                                          -       B->Y    F     AND2x2_ASAP7_75t_SL            2  1.5    14    23    1100    (-,-) 
  g67590/Y                                          -       A->Y    R     INVxp67_ASAP7_75t_SL           1  0.8    17    11    1111    (-,-) 
  g67514/Y                                          -       B->Y    F     NAND2xp5_ASAP7_75t_L           1  1.8    32    20    1131    (-,-) 
  g67323/Y                                          -       A->Y    F     XOR2x1_ASAP7_75t_SL            2  3.0    32    30    1161    (-,-) 
  g67250/Y                                          -       B->Y    R     NAND2x1p5_ASAP7_75t_SL         2  1.9    29    16    1177    (-,-) 
  g67190/Y                                          -       A->Y    F     NOR2x1_ASAP7_75t_SL            2  2.3    29    19    1197    (-,-) 
  g67181/Y                                          -       A->Y    R     INVx2_ASAP7_75t_SL             1  1.3    16    10    1207    (-,-) 
  g67145/Y                                          -       A->Y    F     NOR2x1_ASAP7_75t_SL            1  1.3    18    13    1220    (-,-) 
  g67111/Y                                          -       A->Y    R     NAND2x1_ASAP7_75t_SL           1  1.3    24    17    1236    (-,-) 
  g67039/Y                                          -       A->Y    R     XNOR2xp5_ASAP7_75t_SL          2  1.3    40    20    1256    (-,-) 
  g66989/Y                                          -       B->Y    F     NAND2xp5_ASAP7_75t_SL          1  1.3    30    17    1274    (-,-) 
  g66965/Y                                          -       B->Y    R     NOR2x1_ASAP7_75t_SL            1  1.3    24    14    1288    (-,-) 
  g66954/Y                                          -       A2->Y   R     AO31x2_ASAP7_75t_SL            1  1.3    15    21    1309    (-,-) 
  g66953/Y                                          -       B->Y    R     AND2x6_ASAP7_75t_SL            9 11.8    30    29    1338    (-,-) 
  g66937/Y                                          -       A->Y    F     INVx11_ASAP7_75t_SL           23 15.1    20    12    1351    (-,-) 
  g66906/Y                                          -       B->Y    R     NAND2xp5_ASAP7_75t_SL          1  0.9    25    14    1365    (-,-) 
  PIPE_OUT_col2_stage_reg_reg[0][2]/D               -       -       R     ASYNC_DFFHx1_ASAP7_75t_SL      1    -     -     0    1365    (-,-) 
#--------------------------------------------------------------------------------------------------------------------------------------------



Path 23: VIOLATED (-479 ps) Setup Check with Pin PIPE_OUT_col2_stage_reg_reg[0][0]/CLK->D
           View: PVT_0P63V_100C.setup_view
          Group: clk
     Startpoint: (R) PIPE_OUT_col2_stage_reg_reg[0][29]/CLK
          Clock: (R) clk
       Endpoint: (R) PIPE_OUT_col2_stage_reg_reg[0][0]/D
          Clock: (R) clk

                     Capture       Launch     
        Clock Edge:+    1000            0     
       Src Latency:+       0            0     
       Net Latency:+       0 (I)        0 (I) 
           Arrival:=    1000            0     
                                              
             Setup:-      14                  
       Uncertainty:-     100                  
     Required Time:=     886                  
      Launch Clock:-       0                  
         Data Path:-    1365                  
             Slack:=    -479                  

#--------------------------------------------------------------------------------------------------------------------------------------------
#                   Timing Point                    Flags    Arc    Edge           Cell             Fanout Load Trans Delay Arrival Instance 
#                                                                                                          (fF)  (ps)  (ps)   (ps)  Location 
#--------------------------------------------------------------------------------------------------------------------------------------------
  PIPE_OUT_col2_stage_reg_reg[0][29]/CLK            -       -       R     (arrival)                   1109    -     0     0       0    (-,-) 
  PIPE_OUT_col2_stage_reg_reg[0][29]/QN             -       CLK->QN R     ASYNC_DFFHx1_ASAP7_75t_SL      2  1.8    34    54      54    (-,-) 
  g70514/Y                                          -       B1->Y   F     AOI22x1_ASAP7_75t_SL           4  2.4    58    16      70    (-,-) 
  g70221/Y                                          -       B->Y    R     NOR2xp33_ASAP7_75t_L           1  0.9    48    31     101    (-,-) 
  g70107/Y                                          -       A2->Y   F     OAI21xp5_ASAP7_75t_SL          1  0.8    26    15     116    (-,-) 
  g69689__6783/Y                                    -       A1->Y   R     AOI21xp5_ASAP7_75t_SL          1  0.9    28    16     132    (-,-) 
  g69681/Y                                          -       A->Y    F     INVx1_ASAP7_75t_SL             1  0.8    14     9     141    (-,-) 
  g69578__4319/Y                                    -       B->Y    R     AOI21xp5_ASAP7_75t_SL          1  0.9    30    16     157    (-,-) 
  g69558__1881/Y                                    -       B->Y    R     OA21x2_ASAP7_75t_SL            2  2.1    18    24     181    (-,-) 
  g69490__5526/Y                                    -       B->Y    F     OAI21xp5_ASAP7_75t_SL          1  1.5    32    16     197    (-,-) 
  fopt39/Y                                          -       A->Y    F     BUFx6f_ASAP7_75t_SL           13  8.7    18    25     222    (-,-) 
  g69411__2802/Y                                    -       B1->Y   R     AOI22xp5_ASAP7_75t_SL          2  1.9    53    26     248    (-,-) 
  g69271__6783/Y                                    -       B->Y    F     NAND2x1_ASAP7_75t_SL           2  1.9    28    14     262    (-,-) 
  g69206__1666/Y                                    -       C->Y    F     AO211x2_ASAP7_75t_SL           3  3.4    21    29     291    (-,-) 
  g69196/Y                                          -       A->Y    F     BUFx3_ASAP7_75t_SL             2  2.0    12    20     312    (-,-) 
  g69169__5122/Y                                    -       A2->Y   R     AOI21x1_ASAP7_75t_SL           1  0.9    21    11     323    (-,-) 
  g69085__6161/Y                                    -       B->Y    R     OA21x2_ASAP7_75t_SL            5  6.0    36    33     355    (-,-) 
  g68918__5107/Y                                    -       B->Y    R     AND2x4_ASAP7_75t_SL           11  9.2    29    30     385    (-,-) 
  g68812__2802/Y                                    -       B2->Y   R     AO22x2_ASAP7_75t_SL            2  2.2    20    26     411    (-,-) 
  g68790/Y                                          -       A->Y    F     INVx1_ASAP7_75t_SL             1  1.4    16    11     422    (-,-) 
  g68728__8428/Y                                    -       A1->Y   R     OAI22x1_ASAP7_75t_SL           2  1.5    34    15     437    (-,-) 
  fopt71412/Y                                       -       A->Y    F     INVx1_ASAP7_75t_SL             1  0.8    16     9     447    (-,-) 
  g68645__1666/Y                                    -       A1->Y   R     OAI22xp5_ASAP7_75t_SL          2  1.5    45    21     467    (-,-) 
  g68582__1666/Y                                    -       A1->Y   F     AOI22xp5_ASAP7_75t_SL          1  1.3    34    17     484    (-,-) 
  g68536__6783/Y                                    -       B->Y    F     XNOR2xp5_ASAP7_75t_SL          2  1.3    40    28     512    (-,-) 
  addinc_FP32_ALU_col2_fracAdder_add_113_18_g1027/Y -       A->Y    F     HB1xp67_ASAP7_75t_SL           1  1.8    26    32     544    (-,-) 
  addinc_FP32_ALU_col2_fracAdder_add_113_18_g956/Y  -       B->Y    R     NAND2x1p5_ASAP7_75t_SL         2  1.4    30    13     558    (-,-) 
  addinc_FP32_ALU_col2_fracAdder_add_113_18_g863/Y  -       A1->Y   F     OAI21xp5_ASAP7_75t_SL          3  2.5    44    25     582    (-,-) 
  addinc_FP32_ALU_col2_fracAdder_add_113_18_g811/Y  -       A2->Y   R     AOI21x1_ASAP7_75t_SL           1  1.2    30    17     599    (-,-) 
  addinc_FP32_ALU_col2_fracAdder_add_113_18_g786/Y  -       C->Y    R     OA221x2_ASAP7_75t_SL           3  3.6    25    28     627    (-,-) 
  addinc_FP32_ALU_col2_fracAdder_add_113_18_g780/Y  -       A->Y    F     INVx3_ASAP7_75t_SL             6  4.4    18    12     638    (-,-) 
  addinc_FP32_ALU_col2_fracAdder_add_113_18_g763/Y  -       A1->Y   R     AOI21xp5_ASAP7_75t_SL          1  1.3    38    18     657    (-,-) 
  addinc_FP32_ALU_col2_fracAdder_add_113_18_g749/Y  -       B->Y    R     XOR2xp5_ASAP7_75t_SL           1  1.5    41    30     687    (-,-) 
  g71108/Y                                          -       A->Y    F     INVx2_ASAP7_75t_SL             2  2.1    19    11     698    (-,-) 
  g68301/Y                                          -       B->Y    R     NAND3x1_ASAP7_75t_SL           1  1.8    36    21     719    (-,-) 
  g68291/Y                                          -       B->Y    F     NOR2x1p5_ASAP7_75t_SL          1  1.3    18    12     730    (-,-) 
  g68283/Y                                          -       B->Y    F     AND2x4_ASAP7_75t_SL            9  9.9    24    28     758    (-,-) 
  g68270/Y                                          -       A2->Y   R     AOI21x1_ASAP7_75t_SL           2  2.3    37    19     776    (-,-) 
  g68257/Y                                          -       A->Y    R     HB1xp67_ASAP7_75t_SL           1  1.3    25    26     803    (-,-) 
  g68226/Y                                          -       A->Y    F     NAND2x1_ASAP7_75t_SL           1  0.8    13     8     810    (-,-) 
  g68194/Y                                          -       B->Y    R     AOI21xp5_ASAP7_75t_SL          1  0.8    28    15     826    (-,-) 
  g68171/Y                                          -       C->Y    R     AND4x2_ASAP7_75t_SL            3  4.0    32    41     866    (-,-) 
  g68162/Y                                          -       A1->Y   F     AOI21x1_ASAP7_75t_SL           2  3.0    32    19     886    (-,-) 
  g68147/Y                                          -       A->Y    R     NAND2x1p5_ASAP7_75t_SL         4  3.8    36    24     909    (-,-) 
  g68143/Y                                          -       A->Y    F     INVx2_ASAP7_75t_SL             1  1.3    15     8     917    (-,-) 
  g68118/Y                                          -       A2->Y   R     AOI21x1_ASAP7_75t_SL           1  1.4    38    14     931    (-,-) 
  g68066/Y                                          -       A1->Y   F     AOI21x1_ASAP7_75t_SL           2  1.8    27    16     947    (-,-) 
  g68044/Y                                          -       A->Y    F     HB1xp67_ASAP7_75t_SL           1  1.3    20    26     973    (-,-) 
  g68013/Y                                          -       A2->Y   R     AOI21x1_ASAP7_75t_SL           3  2.2    35    18     991    (-,-) 
  fopt69418/Y                                       -       A->Y    R     BUFx3_ASAP7_75t_SL             4  3.1    17    23    1014    (-,-) 
  g67874/Y                                          -       A1->Y   F     AOI21xp5_ASAP7_75t_SL          1  0.9    36    12    1026    (-,-) 
  g67792/Y                                          -       B->Y    F     OA21x2_ASAP7_75t_SL            2  2.5    18    25    1051    (-,-) 
  g67664/Y                                          -       B->Y    F     XOR2x1_ASAP7_75t_SL            2  1.5    26    25    1076    (-,-) 
  g71163/Y                                          -       B->Y    F     AND2x2_ASAP7_75t_SL            2  1.5    14    23    1100    (-,-) 
  g67590/Y                                          -       A->Y    R     INVxp67_ASAP7_75t_SL           1  0.8    17    11    1111    (-,-) 
  g67514/Y                                          -       B->Y    F     NAND2xp5_ASAP7_75t_L           1  1.8    32    20    1131    (-,-) 
  g67323/Y                                          -       A->Y    F     XOR2x1_ASAP7_75t_SL            2  3.0    32    30    1161    (-,-) 
  g67250/Y                                          -       B->Y    R     NAND2x1p5_ASAP7_75t_SL         2  1.9    29    16    1177    (-,-) 
  g67190/Y                                          -       A->Y    F     NOR2x1_ASAP7_75t_SL            2  2.3    29    19    1197    (-,-) 
  g67181/Y                                          -       A->Y    R     INVx2_ASAP7_75t_SL             1  1.3    16    10    1207    (-,-) 
  g67145/Y                                          -       A->Y    F     NOR2x1_ASAP7_75t_SL            1  1.3    18    13    1220    (-,-) 
  g67111/Y                                          -       A->Y    R     NAND2x1_ASAP7_75t_SL           1  1.3    24    17    1236    (-,-) 
  g67039/Y                                          -       A->Y    R     XNOR2xp5_ASAP7_75t_SL          2  1.3    40    20    1256    (-,-) 
  g66989/Y                                          -       B->Y    F     NAND2xp5_ASAP7_75t_SL          1  1.3    30    17    1274    (-,-) 
  g66965/Y                                          -       B->Y    R     NOR2x1_ASAP7_75t_SL            1  1.3    24    14    1288    (-,-) 
  g66954/Y                                          -       A2->Y   R     AO31x2_ASAP7_75t_SL            1  1.3    15    21    1309    (-,-) 
  g66953/Y                                          -       B->Y    R     AND2x6_ASAP7_75t_SL            9 11.8    30    29    1338    (-,-) 
  g66937/Y                                          -       A->Y    F     INVx11_ASAP7_75t_SL           23 15.1    20    12    1351    (-,-) 
  g66905/Y                                          -       B->Y    R     NAND2xp5_ASAP7_75t_SL          1  0.9    25    14    1365    (-,-) 
  PIPE_OUT_col2_stage_reg_reg[0][0]/D               -       -       R     ASYNC_DFFHx1_ASAP7_75t_SL      1    -     -     0    1365    (-,-) 
#--------------------------------------------------------------------------------------------------------------------------------------------



Path 24: VIOLATED (-478 ps) Setup Check with Pin PIPE_OUT_col1_stage_reg_reg[0][21]/CLK->D
           View: PVT_0P63V_100C.setup_view
          Group: clk
     Startpoint: (R) PIPE_OUT_col1_stage_reg_reg[0][24]/CLK
          Clock: (R) clk
       Endpoint: (R) PIPE_OUT_col1_stage_reg_reg[0][21]/D
          Clock: (R) clk

                     Capture       Launch     
        Clock Edge:+    1000            0     
       Src Latency:+       0            0     
       Net Latency:+       0 (I)        0 (I) 
           Arrival:=    1000            0     
                                              
             Setup:-      14                  
       Uncertainty:-     100                  
     Required Time:=     886                  
      Launch Clock:-       0                  
         Data Path:-    1365                  
             Slack:=    -478                  

#--------------------------------------------------------------------------------------------------------------------------------------------
#                   Timing Point                    Flags    Arc    Edge           Cell             Fanout Load Trans Delay Arrival Instance 
#                                                                                                          (fF)  (ps)  (ps)   (ps)  Location 
#--------------------------------------------------------------------------------------------------------------------------------------------
  PIPE_OUT_col1_stage_reg_reg[0][24]/CLK            -       -       R     (arrival)                   1109    -     0     0       0    (-,-) 
  PIPE_OUT_col1_stage_reg_reg[0][24]/QN             -       CLK->QN F     ASYNC_DFFHx1_ASAP7_75t_SL      2  1.8    31    49      49    (-,-) 
  g70517/Y                                          -       B1->Y   R     AOI22x1_ASAP7_75t_SL           4  3.2    64    26      74    (-,-) 
  g70271/Y                                          -       B->Y    F     NOR2xp67_ASAP7_75t_SL          2  1.2    34    20      94    (-,-) 
  g69712__9945/Y                                    -       B->Y    R     NOR2xp33_ASAP7_75t_SL          1  0.8    35    21     115    (-,-) 
  g69659__6131/Y                                    -       B->Y    F     NAND3xp33_ASAP7_75t_SL         2  1.6    42    23     138    (-,-) 
  g69644/Y                                          -       A->Y    R     INVxp67_ASAP7_75t_SL           1  1.3    32    21     158    (-,-) 
  g69551__2802/Y                                    -       A2->Y   F     AOI21x1_ASAP7_75t_SL           1  1.3    25    11     169    (-,-) 
  g69548__3680/Y                                    -       A->Y    F     AND2x4_ASAP7_75t_SL           12 12.2    28    33     202    (-,-) 
  g69450__6161/Y                                    -       B->Y    R     NAND2xp5_ASAP7_75t_SL          1  0.9    32    16     218    (-,-) 
  g69404__6260/Y                                    -       B->Y    R     OA21x2_ASAP7_75t_SL            2  2.4    20    25     243    (-,-) 
  g69254__1666/Y                                    -       A->Y    F     NAND4xp75_ASAP7_75t_SL         1  1.8    30    16     258    (-,-) 
  g69227__1705/Y                                    -       A->Y    R     NOR2x1p5_ASAP7_75t_SL          2  1.8    25    13     272    (-,-) 
  g69205__2346/Y                                    -       B->Y    R     AND2x4_ASAP7_75t_SL            3  4.7    19    23     295    (-,-) 
  g69191/Y                                          -       A->Y    F     INVx4_ASAP7_75t_SL             3  3.8    13     8     303    (-,-) 
  g69177__1881/Y                                    -       B->Y    R     NAND2x2_ASAP7_75t_SL           2  1.9    22    12     315    (-,-) 
  g69103__8428/Y                                    -       B->Y    R     AND2x6_ASAP7_75t_SL           18 14.2    32    32     348    (-,-) 
  g68974__5122/Y                                    -       B->Y    F     NAND2xp5_ASAP7_75t_SL          1  0.9    26    13     361    (-,-) 
  g68953__4733/Y                                    -       B->Y    F     OA21x2_ASAP7_75t_SL            2  2.1    16    22     383    (-,-) 
  g68815__8246/Y                                    -       A1->Y   R     OAI22x1_ASAP7_75t_SL           3  2.0    43    17     400    (-,-) 
  g68718__2883/Y                                    -       B2->Y   R     AO22x1_ASAP7_75t_SL            2  2.0    27    31     431    (-,-) 
  g68637__5115/Y                                    -       B1->Y   F     AOI22xp5_ASAP7_75t_SL          2  1.6    36    17     448    (-,-) 
  g68577__6161/Y                                    -       B1->Y   R     OAI22xp5_ASAP7_75t_SL          1  1.3    43    23     472    (-,-) 
  g68555__7410/Y                                    -       B->Y    R     XOR2xp5_ASAP7_75t_SL           3  2.0    57    35     506    (-,-) 
  addinc_FP32_ALU_col1_fracAdder_add_113_18_g1078/Y -       B->Y    R     AND2x2_ASAP7_75t_SL            2  1.4    16    25     531    (-,-) 
  addinc_FP32_ALU_col1_fracAdder_add_113_18_g976/Y  -       A2->Y   F     AOI21xp5_ASAP7_75t_SL          1  0.9    21    11     542    (-,-) 
  addinc_FP32_ALU_col1_fracAdder_add_113_18_g947/Y  -       B->Y    R     OAI21xp5_ASAP7_75t_SL          2  1.8    45    17     559    (-,-) 
  addinc_FP32_ALU_col1_fracAdder_add_113_18_g914/Y  -       A2->Y   F     AOI21x1_ASAP7_75t_SL           2  1.7    26    13     572    (-,-) 
  addinc_FP32_ALU_col1_fracAdder_add_113_18_g913/Y  -       A->Y    F     BUFx3_ASAP7_75t_SL             6  4.4    17    25     597    (-,-) 
  addinc_FP32_ALU_col1_fracAdder_add_113_18_g892/Y  -       A1->Y   R     OAI21xp5_ASAP7_75t_SL          1  1.3    35    18     615    (-,-) 
  addinc_FP32_ALU_col1_fracAdder_add_113_18_g875/Y  -       B->Y    R     XOR2xp5_ASAP7_75t_SL           2  1.4    43    29     644    (-,-) 
  g69071/Y                                          -       B->Y    R     OR2x2_ASAP7_75t_SL             1  1.8    16    25     669    (-,-) 
  g70787/Y                                          -       A->Y    F     NOR2x1p5_ASAP7_75t_SL          1  1.8    18    12     681    (-,-) 
  g68302/Y                                          -       A->Y    R     NAND4xp75_ASAP7_75t_SL         1  2.6    35    14     695    (-,-) 
  g68300/Y                                          -       A->Y    F     INVx4_ASAP7_75t_SL             1  2.6    15     8     703    (-,-) 
  g68284/Y                                          -       C->Y    R     NAND3x2_ASAP7_75t_SL           4  5.0    43    25     729    (-,-) 
  g68281/Y                                          -       A->Y    F     INVx3_ASAP7_75t_SL             4  4.8    24    14     743    (-,-) 
  g68244/Y                                          -       A2->Y   R     AOI21x1_ASAP7_75t_SL           2  2.4    37    19     762    (-,-) 
  g68221/Y                                          -       A->Y    F     NAND4xp75_ASAP7_75t_SL         1  2.3    39    20     782    (-,-) 
  g68209/Y                                          -       B->Y    R     NOR2x2_ASAP7_75t_SL            5  5.5    39    23     805    (-,-) 
  fopt69389/Y                                       -       A->Y    R     BUFx3_ASAP7_75t_SL             4  3.4    18    24     828    (-,-) 
  fopt69383/Y                                       -       A->Y    F     INVx2_ASAP7_75t_SL             4  3.2    16    11     840    (-,-) 
  g68182/Y                                          -       A1->Y   R     OAI21xp5_ASAP7_75t_SL          1  1.4    38    19     859    (-,-) 
  g68164/Y                                          -       A1->Y   F     AOI21x1_ASAP7_75t_SL           3  2.4    30    18     877    (-,-) 
  g68146/Y                                          -       B->Y    F     AND2x4_ASAP7_75t_SL            4  5.1    16    26     902    (-,-) 
  g68125/Y                                          -       A->Y    R     NOR2x2_ASAP7_75t_SL            1  2.3    22    12     914    (-,-) 
  g68121/Y                                          -       B->Y    F     NAND2x2_ASAP7_75t_SL           2  3.5    20    12     926    (-,-) 
  g68021/Y                                          -       A->Y    R     NAND3x2_ASAP7_75t_SL           2  3.4    51    19     945    (-,-) 
  fopt71226/Y                                       -       A->Y    F     INVx3_ASAP7_75t_SL             1  1.4    17     7     952    (-,-) 
  g67929/Y                                          -       A1->Y   R     OAI22x1_ASAP7_75t_SL           1  2.6    45    20     972    (-,-) 
  g67912/Y                                          -       A->Y    R     BUFx12f_ASAP7_75t_SL          21 22.6    27    28    1000    (-,-) 
  g67901/Y                                          -       A->Y    R     BUFx3_ASAP7_75t_SL             5  3.5    17    22    1022    (-,-) 
  g67900/Y                                          -       A->Y    F     INVx1_ASAP7_75t_L              2  1.5    17    13    1035    (-,-) 
  g67772/Y                                          -       A1->Y   R     AOI22xp5_ASAP7_75t_SL          2  2.1    55    27    1062    (-,-) 
  g67684/Y                                          -       A1->Y   F     OAI22x1_ASAP7_75t_SL           2  2.5    38    22    1083    (-,-) 
  g67653/Y                                          -       A->Y    R     INVx2_ASAP7_75t_SL             1  1.4    18    12    1095    (-,-) 
  g67552/Y                                          -       A1->Y   F     OAI22x1_ASAP7_75t_SL           1  1.4    23    13    1108    (-,-) 
  g67412/Y                                          -       B->Y    R     AOI21x1_ASAP7_75t_SL           1  1.3    25    16    1124    (-,-) 
  g67334/Y                                          -       A->Y    F     NAND2x1_ASAP7_75t_SL           2  2.3    26    13    1137    (-,-) 
  g67234/Y                                          -       B->Y    R     NAND4xp75_ASAP7_75t_SL         2  2.4    29    17    1154    (-,-) 
  g67199/Y                                          -       A->Y    F     NOR2x1p5_ASAP7_75t_SL          1  1.8    20    14    1168    (-,-) 
  g67149/Y                                          -       B->Y    R     NAND2x1p5_ASAP7_75t_SL         3  4.8    40    22    1189    (-,-) 
  fopt71239/Y                                       -       A->Y    F     INVx4_ASAP7_75t_SL             1  1.8    14     7    1196    (-,-) 
  g67091/Y                                          -       B->Y    R     NAND2x1p5_ASAP7_75t_SL         2  2.0    25    13    1209    (-,-) 
  g71162/Y                                          -       B->Y    R     XOR2xp5_ASAP7_75t_SL           2  1.4    42    28    1238    (-,-) 
  g66984/Y                                          -       B->Y    F     NAND3xp33_ASAP7_75t_SL         1  1.0    35    18    1256    (-,-) 
  g71145/Y                                          -       B->Y    R     NOR2xp67_ASAP7_75t_SL          1  0.8    26    15    1270    (-,-) 
  g66962/Y                                          -       B->Y    F     NAND3xp33_ASAP7_75t_SL         1  0.9    34    16    1286    (-,-) 
  g66960/Y                                          -       A1->Y   R     OAI21xp5_ASAP7_75t_SL          1  1.3    38    21    1306    (-,-) 
  g66959/Y                                          -       B->Y    R     AND2x4_ASAP7_75t_SL            2  6.3    23    27    1333    (-,-) 
  fopt69395/Y                                       -       A->Y    F     INVx5_ASAP7_75t_SL            20 13.2    25    16    1349    (-,-) 
  g66929/Y                                          -       B->Y    R     NAND2xp5_ASAP7_75t_SL          1  0.9    26    15    1365    (-,-) 
  PIPE_OUT_col1_stage_reg_reg[0][21]/D              -       -       R     ASYNC_DFFHx1_ASAP7_75t_SL      1    -     -     0    1365    (-,-) 
#--------------------------------------------------------------------------------------------------------------------------------------------



Path 25: VIOLATED (-478 ps) Setup Check with Pin PIPE_OUT_col1_stage_reg_reg[0][8]/CLK->D
           View: PVT_0P63V_100C.setup_view
          Group: clk
     Startpoint: (R) PIPE_OUT_col1_stage_reg_reg[0][24]/CLK
          Clock: (R) clk
       Endpoint: (R) PIPE_OUT_col1_stage_reg_reg[0][8]/D
          Clock: (R) clk

                     Capture       Launch     
        Clock Edge:+    1000            0     
       Src Latency:+       0            0     
       Net Latency:+       0 (I)        0 (I) 
           Arrival:=    1000            0     
                                              
             Setup:-      14                  
       Uncertainty:-     100                  
     Required Time:=     886                  
      Launch Clock:-       0                  
         Data Path:-    1365                  
             Slack:=    -478                  

#--------------------------------------------------------------------------------------------------------------------------------------------
#                   Timing Point                    Flags    Arc    Edge           Cell             Fanout Load Trans Delay Arrival Instance 
#                                                                                                          (fF)  (ps)  (ps)   (ps)  Location 
#--------------------------------------------------------------------------------------------------------------------------------------------
  PIPE_OUT_col1_stage_reg_reg[0][24]/CLK            -       -       R     (arrival)                   1109    -     0     0       0    (-,-) 
  PIPE_OUT_col1_stage_reg_reg[0][24]/QN             -       CLK->QN F     ASYNC_DFFHx1_ASAP7_75t_SL      2  1.8    31    49      49    (-,-) 
  g70517/Y                                          -       B1->Y   R     AOI22x1_ASAP7_75t_SL           4  3.2    64    26      74    (-,-) 
  g70271/Y                                          -       B->Y    F     NOR2xp67_ASAP7_75t_SL          2  1.2    34    20      94    (-,-) 
  g69712__9945/Y                                    -       B->Y    R     NOR2xp33_ASAP7_75t_SL          1  0.8    35    21     115    (-,-) 
  g69659__6131/Y                                    -       B->Y    F     NAND3xp33_ASAP7_75t_SL         2  1.6    42    23     138    (-,-) 
  g69644/Y                                          -       A->Y    R     INVxp67_ASAP7_75t_SL           1  1.3    32    21     158    (-,-) 
  g69551__2802/Y                                    -       A2->Y   F     AOI21x1_ASAP7_75t_SL           1  1.3    25    11     169    (-,-) 
  g69548__3680/Y                                    -       A->Y    F     AND2x4_ASAP7_75t_SL           12 12.2    28    33     202    (-,-) 
  g69450__6161/Y                                    -       B->Y    R     NAND2xp5_ASAP7_75t_SL          1  0.9    32    16     218    (-,-) 
  g69404__6260/Y                                    -       B->Y    R     OA21x2_ASAP7_75t_SL            2  2.4    20    25     243    (-,-) 
  g69254__1666/Y                                    -       A->Y    F     NAND4xp75_ASAP7_75t_SL         1  1.8    30    16     258    (-,-) 
  g69227__1705/Y                                    -       A->Y    R     NOR2x1p5_ASAP7_75t_SL          2  1.8    25    13     272    (-,-) 
  g69205__2346/Y                                    -       B->Y    R     AND2x4_ASAP7_75t_SL            3  4.7    19    23     295    (-,-) 
  g69191/Y                                          -       A->Y    F     INVx4_ASAP7_75t_SL             3  3.8    13     8     303    (-,-) 
  g69177__1881/Y                                    -       B->Y    R     NAND2x2_ASAP7_75t_SL           2  1.9    22    12     315    (-,-) 
  g69103__8428/Y                                    -       B->Y    R     AND2x6_ASAP7_75t_SL           18 14.2    32    32     348    (-,-) 
  g68974__5122/Y                                    -       B->Y    F     NAND2xp5_ASAP7_75t_SL          1  0.9    26    13     361    (-,-) 
  g68953__4733/Y                                    -       B->Y    F     OA21x2_ASAP7_75t_SL            2  2.1    16    22     383    (-,-) 
  g68815__8246/Y                                    -       A1->Y   R     OAI22x1_ASAP7_75t_SL           3  2.0    43    17     400    (-,-) 
  g68718__2883/Y                                    -       B2->Y   R     AO22x1_ASAP7_75t_SL            2  2.0    27    31     431    (-,-) 
  g68637__5115/Y                                    -       B1->Y   F     AOI22xp5_ASAP7_75t_SL          2  1.6    36    17     448    (-,-) 
  g68577__6161/Y                                    -       B1->Y   R     OAI22xp5_ASAP7_75t_SL          1  1.3    43    23     472    (-,-) 
  g68555__7410/Y                                    -       B->Y    R     XOR2xp5_ASAP7_75t_SL           3  2.0    57    35     506    (-,-) 
  addinc_FP32_ALU_col1_fracAdder_add_113_18_g1078/Y -       B->Y    R     AND2x2_ASAP7_75t_SL            2  1.4    16    25     531    (-,-) 
  addinc_FP32_ALU_col1_fracAdder_add_113_18_g976/Y  -       A2->Y   F     AOI21xp5_ASAP7_75t_SL          1  0.9    21    11     542    (-,-) 
  addinc_FP32_ALU_col1_fracAdder_add_113_18_g947/Y  -       B->Y    R     OAI21xp5_ASAP7_75t_SL          2  1.8    45    17     559    (-,-) 
  addinc_FP32_ALU_col1_fracAdder_add_113_18_g914/Y  -       A2->Y   F     AOI21x1_ASAP7_75t_SL           2  1.7    26    13     572    (-,-) 
  addinc_FP32_ALU_col1_fracAdder_add_113_18_g913/Y  -       A->Y    F     BUFx3_ASAP7_75t_SL             6  4.4    17    25     597    (-,-) 
  addinc_FP32_ALU_col1_fracAdder_add_113_18_g892/Y  -       A1->Y   R     OAI21xp5_ASAP7_75t_SL          1  1.3    35    18     615    (-,-) 
  addinc_FP32_ALU_col1_fracAdder_add_113_18_g875/Y  -       B->Y    R     XOR2xp5_ASAP7_75t_SL           2  1.4    43    29     644    (-,-) 
  g69071/Y                                          -       B->Y    R     OR2x2_ASAP7_75t_SL             1  1.8    16    25     669    (-,-) 
  g70787/Y                                          -       A->Y    F     NOR2x1p5_ASAP7_75t_SL          1  1.8    18    12     681    (-,-) 
  g68302/Y                                          -       A->Y    R     NAND4xp75_ASAP7_75t_SL         1  2.6    35    14     695    (-,-) 
  g68300/Y                                          -       A->Y    F     INVx4_ASAP7_75t_SL             1  2.6    15     8     703    (-,-) 
  g68284/Y                                          -       C->Y    R     NAND3x2_ASAP7_75t_SL           4  5.0    43    25     729    (-,-) 
  g68281/Y                                          -       A->Y    F     INVx3_ASAP7_75t_SL             4  4.8    24    14     743    (-,-) 
  g68244/Y                                          -       A2->Y   R     AOI21x1_ASAP7_75t_SL           2  2.4    37    19     762    (-,-) 
  g68221/Y                                          -       A->Y    F     NAND4xp75_ASAP7_75t_SL         1  2.3    39    20     782    (-,-) 
  g68209/Y                                          -       B->Y    R     NOR2x2_ASAP7_75t_SL            5  5.5    39    23     805    (-,-) 
  fopt69389/Y                                       -       A->Y    R     BUFx3_ASAP7_75t_SL             4  3.4    18    24     828    (-,-) 
  fopt69383/Y                                       -       A->Y    F     INVx2_ASAP7_75t_SL             4  3.2    16    11     840    (-,-) 
  g68182/Y                                          -       A1->Y   R     OAI21xp5_ASAP7_75t_SL          1  1.4    38    19     859    (-,-) 
  g68164/Y                                          -       A1->Y   F     AOI21x1_ASAP7_75t_SL           3  2.4    30    18     877    (-,-) 
  g68146/Y                                          -       B->Y    F     AND2x4_ASAP7_75t_SL            4  5.1    16    26     902    (-,-) 
  g68125/Y                                          -       A->Y    R     NOR2x2_ASAP7_75t_SL            1  2.3    22    12     914    (-,-) 
  g68121/Y                                          -       B->Y    F     NAND2x2_ASAP7_75t_SL           2  3.5    20    12     926    (-,-) 
  g68021/Y                                          -       A->Y    R     NAND3x2_ASAP7_75t_SL           2  3.4    51    19     945    (-,-) 
  fopt71226/Y                                       -       A->Y    F     INVx3_ASAP7_75t_SL             1  1.4    17     7     952    (-,-) 
  g67929/Y                                          -       A1->Y   R     OAI22x1_ASAP7_75t_SL           1  2.6    45    20     972    (-,-) 
  g67912/Y                                          -       A->Y    R     BUFx12f_ASAP7_75t_SL          21 22.6    27    28    1000    (-,-) 
  g67901/Y                                          -       A->Y    R     BUFx3_ASAP7_75t_SL             5  3.5    17    22    1022    (-,-) 
  g67900/Y                                          -       A->Y    F     INVx1_ASAP7_75t_L              2  1.5    17    13    1035    (-,-) 
  g67772/Y                                          -       A1->Y   R     AOI22xp5_ASAP7_75t_SL          2  2.1    55    27    1062    (-,-) 
  g67684/Y                                          -       A1->Y   F     OAI22x1_ASAP7_75t_SL           2  2.5    38    22    1083    (-,-) 
  g67653/Y                                          -       A->Y    R     INVx2_ASAP7_75t_SL             1  1.4    18    12    1095    (-,-) 
  g67552/Y                                          -       A1->Y   F     OAI22x1_ASAP7_75t_SL           1  1.4    23    13    1108    (-,-) 
  g67412/Y                                          -       B->Y    R     AOI21x1_ASAP7_75t_SL           1  1.3    25    16    1124    (-,-) 
  g67334/Y                                          -       A->Y    F     NAND2x1_ASAP7_75t_SL           2  2.3    26    13    1137    (-,-) 
  g67234/Y                                          -       B->Y    R     NAND4xp75_ASAP7_75t_SL         2  2.4    29    17    1154    (-,-) 
  g67199/Y                                          -       A->Y    F     NOR2x1p5_ASAP7_75t_SL          1  1.8    20    14    1168    (-,-) 
  g67149/Y                                          -       B->Y    R     NAND2x1p5_ASAP7_75t_SL         3  4.8    40    22    1189    (-,-) 
  fopt71239/Y                                       -       A->Y    F     INVx4_ASAP7_75t_SL             1  1.8    14     7    1196    (-,-) 
  g67091/Y                                          -       B->Y    R     NAND2x1p5_ASAP7_75t_SL         2  2.0    25    13    1209    (-,-) 
  g71162/Y                                          -       B->Y    R     XOR2xp5_ASAP7_75t_SL           2  1.4    42    28    1238    (-,-) 
  g66984/Y                                          -       B->Y    F     NAND3xp33_ASAP7_75t_SL         1  1.0    35    18    1256    (-,-) 
  g71145/Y                                          -       B->Y    R     NOR2xp67_ASAP7_75t_SL          1  0.8    26    15    1270    (-,-) 
  g66962/Y                                          -       B->Y    F     NAND3xp33_ASAP7_75t_SL         1  0.9    34    16    1286    (-,-) 
  g66960/Y                                          -       A1->Y   R     OAI21xp5_ASAP7_75t_SL          1  1.3    38    21    1306    (-,-) 
  g66959/Y                                          -       B->Y    R     AND2x4_ASAP7_75t_SL            2  6.3    23    27    1333    (-,-) 
  fopt69395/Y                                       -       A->Y    F     INVx5_ASAP7_75t_SL            20 13.2    25    16    1349    (-,-) 
  g66942/Y                                          -       B->Y    R     NAND2xp5_ASAP7_75t_SL          1  0.9    25    15    1365    (-,-) 
  PIPE_OUT_col1_stage_reg_reg[0][8]/D               -       -       R     ASYNC_DFFHx1_ASAP7_75t_SL      1    -     -     0    1365    (-,-) 
#--------------------------------------------------------------------------------------------------------------------------------------------



Path 26: VIOLATED (-478 ps) Setup Check with Pin PIPE_OUT_col1_stage_reg_reg[0][0]/CLK->D
           View: PVT_0P63V_100C.setup_view
          Group: clk
     Startpoint: (R) PIPE_OUT_col1_stage_reg_reg[0][24]/CLK
          Clock: (R) clk
       Endpoint: (R) PIPE_OUT_col1_stage_reg_reg[0][0]/D
          Clock: (R) clk

                     Capture       Launch     
        Clock Edge:+    1000            0     
       Src Latency:+       0            0     
       Net Latency:+       0 (I)        0 (I) 
           Arrival:=    1000            0     
                                              
             Setup:-      14                  
       Uncertainty:-     100                  
     Required Time:=     886                  
      Launch Clock:-       0                  
         Data Path:-    1365                  
             Slack:=    -478                  

#--------------------------------------------------------------------------------------------------------------------------------------------
#                   Timing Point                    Flags    Arc    Edge           Cell             Fanout Load Trans Delay Arrival Instance 
#                                                                                                          (fF)  (ps)  (ps)   (ps)  Location 
#--------------------------------------------------------------------------------------------------------------------------------------------
  PIPE_OUT_col1_stage_reg_reg[0][24]/CLK            -       -       R     (arrival)                   1109    -     0     0       0    (-,-) 
  PIPE_OUT_col1_stage_reg_reg[0][24]/QN             -       CLK->QN F     ASYNC_DFFHx1_ASAP7_75t_SL      2  1.8    31    49      49    (-,-) 
  g70517/Y                                          -       B1->Y   R     AOI22x1_ASAP7_75t_SL           4  3.2    64    26      74    (-,-) 
  g70271/Y                                          -       B->Y    F     NOR2xp67_ASAP7_75t_SL          2  1.2    34    20      94    (-,-) 
  g69712__9945/Y                                    -       B->Y    R     NOR2xp33_ASAP7_75t_SL          1  0.8    35    21     115    (-,-) 
  g69659__6131/Y                                    -       B->Y    F     NAND3xp33_ASAP7_75t_SL         2  1.6    42    23     138    (-,-) 
  g69644/Y                                          -       A->Y    R     INVxp67_ASAP7_75t_SL           1  1.3    32    21     158    (-,-) 
  g69551__2802/Y                                    -       A2->Y   F     AOI21x1_ASAP7_75t_SL           1  1.3    25    11     169    (-,-) 
  g69548__3680/Y                                    -       A->Y    F     AND2x4_ASAP7_75t_SL           12 12.2    28    33     202    (-,-) 
  g69450__6161/Y                                    -       B->Y    R     NAND2xp5_ASAP7_75t_SL          1  0.9    32    16     218    (-,-) 
  g69404__6260/Y                                    -       B->Y    R     OA21x2_ASAP7_75t_SL            2  2.4    20    25     243    (-,-) 
  g69254__1666/Y                                    -       A->Y    F     NAND4xp75_ASAP7_75t_SL         1  1.8    30    16     258    (-,-) 
  g69227__1705/Y                                    -       A->Y    R     NOR2x1p5_ASAP7_75t_SL          2  1.8    25    13     272    (-,-) 
  g69205__2346/Y                                    -       B->Y    R     AND2x4_ASAP7_75t_SL            3  4.7    19    23     295    (-,-) 
  g69191/Y                                          -       A->Y    F     INVx4_ASAP7_75t_SL             3  3.8    13     8     303    (-,-) 
  g69177__1881/Y                                    -       B->Y    R     NAND2x2_ASAP7_75t_SL           2  1.9    22    12     315    (-,-) 
  g69103__8428/Y                                    -       B->Y    R     AND2x6_ASAP7_75t_SL           18 14.2    32    32     348    (-,-) 
  g68974__5122/Y                                    -       B->Y    F     NAND2xp5_ASAP7_75t_SL          1  0.9    26    13     361    (-,-) 
  g68953__4733/Y                                    -       B->Y    F     OA21x2_ASAP7_75t_SL            2  2.1    16    22     383    (-,-) 
  g68815__8246/Y                                    -       A1->Y   R     OAI22x1_ASAP7_75t_SL           3  2.0    43    17     400    (-,-) 
  g68718__2883/Y                                    -       B2->Y   R     AO22x1_ASAP7_75t_SL            2  2.0    27    31     431    (-,-) 
  g68637__5115/Y                                    -       B1->Y   F     AOI22xp5_ASAP7_75t_SL          2  1.6    36    17     448    (-,-) 
  g68577__6161/Y                                    -       B1->Y   R     OAI22xp5_ASAP7_75t_SL          1  1.3    43    23     472    (-,-) 
  g68555__7410/Y                                    -       B->Y    R     XOR2xp5_ASAP7_75t_SL           3  2.0    57    35     506    (-,-) 
  addinc_FP32_ALU_col1_fracAdder_add_113_18_g1078/Y -       B->Y    R     AND2x2_ASAP7_75t_SL            2  1.4    16    25     531    (-,-) 
  addinc_FP32_ALU_col1_fracAdder_add_113_18_g976/Y  -       A2->Y   F     AOI21xp5_ASAP7_75t_SL          1  0.9    21    11     542    (-,-) 
  addinc_FP32_ALU_col1_fracAdder_add_113_18_g947/Y  -       B->Y    R     OAI21xp5_ASAP7_75t_SL          2  1.8    45    17     559    (-,-) 
  addinc_FP32_ALU_col1_fracAdder_add_113_18_g914/Y  -       A2->Y   F     AOI21x1_ASAP7_75t_SL           2  1.7    26    13     572    (-,-) 
  addinc_FP32_ALU_col1_fracAdder_add_113_18_g913/Y  -       A->Y    F     BUFx3_ASAP7_75t_SL             6  4.4    17    25     597    (-,-) 
  addinc_FP32_ALU_col1_fracAdder_add_113_18_g892/Y  -       A1->Y   R     OAI21xp5_ASAP7_75t_SL          1  1.3    35    18     615    (-,-) 
  addinc_FP32_ALU_col1_fracAdder_add_113_18_g875/Y  -       B->Y    R     XOR2xp5_ASAP7_75t_SL           2  1.4    43    29     644    (-,-) 
  g69071/Y                                          -       B->Y    R     OR2x2_ASAP7_75t_SL             1  1.8    16    25     669    (-,-) 
  g70787/Y                                          -       A->Y    F     NOR2x1p5_ASAP7_75t_SL          1  1.8    18    12     681    (-,-) 
  g68302/Y                                          -       A->Y    R     NAND4xp75_ASAP7_75t_SL         1  2.6    35    14     695    (-,-) 
  g68300/Y                                          -       A->Y    F     INVx4_ASAP7_75t_SL             1  2.6    15     8     703    (-,-) 
  g68284/Y                                          -       C->Y    R     NAND3x2_ASAP7_75t_SL           4  5.0    43    25     729    (-,-) 
  g68281/Y                                          -       A->Y    F     INVx3_ASAP7_75t_SL             4  4.8    24    14     743    (-,-) 
  g68244/Y                                          -       A2->Y   R     AOI21x1_ASAP7_75t_SL           2  2.4    37    19     762    (-,-) 
  g68221/Y                                          -       A->Y    F     NAND4xp75_ASAP7_75t_SL         1  2.3    39    20     782    (-,-) 
  g68209/Y                                          -       B->Y    R     NOR2x2_ASAP7_75t_SL            5  5.5    39    23     805    (-,-) 
  fopt69389/Y                                       -       A->Y    R     BUFx3_ASAP7_75t_SL             4  3.4    18    24     828    (-,-) 
  fopt69383/Y                                       -       A->Y    F     INVx2_ASAP7_75t_SL             4  3.2    16    11     840    (-,-) 
  g68182/Y                                          -       A1->Y   R     OAI21xp5_ASAP7_75t_SL          1  1.4    38    19     859    (-,-) 
  g68164/Y                                          -       A1->Y   F     AOI21x1_ASAP7_75t_SL           3  2.4    30    18     877    (-,-) 
  g68146/Y                                          -       B->Y    F     AND2x4_ASAP7_75t_SL            4  5.1    16    26     902    (-,-) 
  g68125/Y                                          -       A->Y    R     NOR2x2_ASAP7_75t_SL            1  2.3    22    12     914    (-,-) 
  g68121/Y                                          -       B->Y    F     NAND2x2_ASAP7_75t_SL           2  3.5    20    12     926    (-,-) 
  g68021/Y                                          -       A->Y    R     NAND3x2_ASAP7_75t_SL           2  3.4    51    19     945    (-,-) 
  fopt71226/Y                                       -       A->Y    F     INVx3_ASAP7_75t_SL             1  1.4    17     7     952    (-,-) 
  g67929/Y                                          -       A1->Y   R     OAI22x1_ASAP7_75t_SL           1  2.6    45    20     972    (-,-) 
  g67912/Y                                          -       A->Y    R     BUFx12f_ASAP7_75t_SL          21 22.6    27    28    1000    (-,-) 
  g67901/Y                                          -       A->Y    R     BUFx3_ASAP7_75t_SL             5  3.5    17    22    1022    (-,-) 
  g67900/Y                                          -       A->Y    F     INVx1_ASAP7_75t_L              2  1.5    17    13    1035    (-,-) 
  g67772/Y                                          -       A1->Y   R     AOI22xp5_ASAP7_75t_SL          2  2.1    55    27    1062    (-,-) 
  g67684/Y                                          -       A1->Y   F     OAI22x1_ASAP7_75t_SL           2  2.5    38    22    1083    (-,-) 
  g67653/Y                                          -       A->Y    R     INVx2_ASAP7_75t_SL             1  1.4    18    12    1095    (-,-) 
  g67552/Y                                          -       A1->Y   F     OAI22x1_ASAP7_75t_SL           1  1.4    23    13    1108    (-,-) 
  g67412/Y                                          -       B->Y    R     AOI21x1_ASAP7_75t_SL           1  1.3    25    16    1124    (-,-) 
  g67334/Y                                          -       A->Y    F     NAND2x1_ASAP7_75t_SL           2  2.3    26    13    1137    (-,-) 
  g67234/Y                                          -       B->Y    R     NAND4xp75_ASAP7_75t_SL         2  2.4    29    17    1154    (-,-) 
  g67199/Y                                          -       A->Y    F     NOR2x1p5_ASAP7_75t_SL          1  1.8    20    14    1168    (-,-) 
  g67149/Y                                          -       B->Y    R     NAND2x1p5_ASAP7_75t_SL         3  4.8    40    22    1189    (-,-) 
  fopt71239/Y                                       -       A->Y    F     INVx4_ASAP7_75t_SL             1  1.8    14     7    1196    (-,-) 
  g67091/Y                                          -       B->Y    R     NAND2x1p5_ASAP7_75t_SL         2  2.0    25    13    1209    (-,-) 
  g71162/Y                                          -       B->Y    R     XOR2xp5_ASAP7_75t_SL           2  1.4    42    28    1238    (-,-) 
  g66984/Y                                          -       B->Y    F     NAND3xp33_ASAP7_75t_SL         1  1.0    35    18    1256    (-,-) 
  g71145/Y                                          -       B->Y    R     NOR2xp67_ASAP7_75t_SL          1  0.8    26    15    1270    (-,-) 
  g66962/Y                                          -       B->Y    F     NAND3xp33_ASAP7_75t_SL         1  0.9    34    16    1286    (-,-) 
  g66960/Y                                          -       A1->Y   R     OAI21xp5_ASAP7_75t_SL          1  1.3    38    21    1306    (-,-) 
  g66959/Y                                          -       B->Y    R     AND2x4_ASAP7_75t_SL            2  6.3    23    27    1333    (-,-) 
  fopt69395/Y                                       -       A->Y    F     INVx5_ASAP7_75t_SL            20 13.2    25    16    1349    (-,-) 
  g66941/Y                                          -       B->Y    R     NAND2xp5_ASAP7_75t_SL          1  0.9    26    15    1365    (-,-) 
  PIPE_OUT_col1_stage_reg_reg[0][0]/D               -       -       R     ASYNC_DFFHx1_ASAP7_75t_SL      1    -     -     0    1365    (-,-) 
#--------------------------------------------------------------------------------------------------------------------------------------------



Path 27: VIOLATED (-478 ps) Setup Check with Pin PIPE_OUT_col1_stage_reg_reg[0][30]/CLK->D
           View: PVT_0P63V_100C.setup_view
          Group: clk
     Startpoint: (R) PIPE_OUT_col1_stage_reg_reg[0][24]/CLK
          Clock: (R) clk
       Endpoint: (R) PIPE_OUT_col1_stage_reg_reg[0][30]/D
          Clock: (R) clk

                     Capture       Launch     
        Clock Edge:+    1000            0     
       Src Latency:+       0            0     
       Net Latency:+       0 (I)        0 (I) 
           Arrival:=    1000            0     
                                              
             Setup:-      13                  
       Uncertainty:-     100                  
     Required Time:=     887                  
      Launch Clock:-       0                  
         Data Path:-    1365                  
             Slack:=    -478                  

#--------------------------------------------------------------------------------------------------------------------------------------------
#                   Timing Point                    Flags    Arc    Edge           Cell             Fanout Load Trans Delay Arrival Instance 
#                                                                                                          (fF)  (ps)  (ps)   (ps)  Location 
#--------------------------------------------------------------------------------------------------------------------------------------------
  PIPE_OUT_col1_stage_reg_reg[0][24]/CLK            -       -       R     (arrival)                   1109    -     0     0       0    (-,-) 
  PIPE_OUT_col1_stage_reg_reg[0][24]/QN             -       CLK->QN F     ASYNC_DFFHx1_ASAP7_75t_SL      2  1.8    31    49      49    (-,-) 
  g70517/Y                                          -       B1->Y   R     AOI22x1_ASAP7_75t_SL           4  3.2    64    26      74    (-,-) 
  g70271/Y                                          -       B->Y    F     NOR2xp67_ASAP7_75t_SL          2  1.2    34    20      94    (-,-) 
  g69712__9945/Y                                    -       B->Y    R     NOR2xp33_ASAP7_75t_SL          1  0.8    35    21     115    (-,-) 
  g69659__6131/Y                                    -       B->Y    F     NAND3xp33_ASAP7_75t_SL         2  1.6    42    23     138    (-,-) 
  g69644/Y                                          -       A->Y    R     INVxp67_ASAP7_75t_SL           1  1.3    32    21     158    (-,-) 
  g69551__2802/Y                                    -       A2->Y   F     AOI21x1_ASAP7_75t_SL           1  1.3    25    11     169    (-,-) 
  g69548__3680/Y                                    -       A->Y    F     AND2x4_ASAP7_75t_SL           12 12.2    28    33     202    (-,-) 
  g69450__6161/Y                                    -       B->Y    R     NAND2xp5_ASAP7_75t_SL          1  0.9    32    16     218    (-,-) 
  g69404__6260/Y                                    -       B->Y    R     OA21x2_ASAP7_75t_SL            2  2.4    20    25     243    (-,-) 
  g69254__1666/Y                                    -       A->Y    F     NAND4xp75_ASAP7_75t_SL         1  1.8    30    16     258    (-,-) 
  g69227__1705/Y                                    -       A->Y    R     NOR2x1p5_ASAP7_75t_SL          2  1.8    25    13     272    (-,-) 
  g69205__2346/Y                                    -       B->Y    R     AND2x4_ASAP7_75t_SL            3  4.7    19    23     295    (-,-) 
  g69191/Y                                          -       A->Y    F     INVx4_ASAP7_75t_SL             3  3.8    13     8     303    (-,-) 
  g69177__1881/Y                                    -       B->Y    R     NAND2x2_ASAP7_75t_SL           2  1.9    22    12     315    (-,-) 
  g69103__8428/Y                                    -       B->Y    R     AND2x6_ASAP7_75t_SL           18 14.2    32    32     348    (-,-) 
  g68974__5122/Y                                    -       B->Y    F     NAND2xp5_ASAP7_75t_SL          1  0.9    26    13     361    (-,-) 
  g68953__4733/Y                                    -       B->Y    F     OA21x2_ASAP7_75t_SL            2  2.1    16    22     383    (-,-) 
  g68815__8246/Y                                    -       A1->Y   R     OAI22x1_ASAP7_75t_SL           3  2.0    43    17     400    (-,-) 
  g68718__2883/Y                                    -       B2->Y   R     AO22x1_ASAP7_75t_SL            2  2.0    27    31     431    (-,-) 
  g68637__5115/Y                                    -       B1->Y   F     AOI22xp5_ASAP7_75t_SL          2  1.6    36    17     448    (-,-) 
  g68577__6161/Y                                    -       B1->Y   R     OAI22xp5_ASAP7_75t_SL          1  1.3    43    23     472    (-,-) 
  g68555__7410/Y                                    -       B->Y    R     XOR2xp5_ASAP7_75t_SL           3  2.0    57    35     506    (-,-) 
  addinc_FP32_ALU_col1_fracAdder_add_113_18_g1078/Y -       B->Y    R     AND2x2_ASAP7_75t_SL            2  1.4    16    25     531    (-,-) 
  addinc_FP32_ALU_col1_fracAdder_add_113_18_g976/Y  -       A2->Y   F     AOI21xp5_ASAP7_75t_SL          1  0.9    21    11     542    (-,-) 
  addinc_FP32_ALU_col1_fracAdder_add_113_18_g947/Y  -       B->Y    R     OAI21xp5_ASAP7_75t_SL          2  1.8    45    17     559    (-,-) 
  addinc_FP32_ALU_col1_fracAdder_add_113_18_g914/Y  -       A2->Y   F     AOI21x1_ASAP7_75t_SL           2  1.7    26    13     572    (-,-) 
  addinc_FP32_ALU_col1_fracAdder_add_113_18_g913/Y  -       A->Y    F     BUFx3_ASAP7_75t_SL             6  4.4    17    25     597    (-,-) 
  addinc_FP32_ALU_col1_fracAdder_add_113_18_g892/Y  -       A1->Y   R     OAI21xp5_ASAP7_75t_SL          1  1.3    35    18     615    (-,-) 
  addinc_FP32_ALU_col1_fracAdder_add_113_18_g875/Y  -       B->Y    R     XOR2xp5_ASAP7_75t_SL           2  1.4    43    29     644    (-,-) 
  g69071/Y                                          -       B->Y    R     OR2x2_ASAP7_75t_SL             1  1.8    16    25     669    (-,-) 
  g70787/Y                                          -       A->Y    F     NOR2x1p5_ASAP7_75t_SL          1  1.8    18    12     681    (-,-) 
  g68302/Y                                          -       A->Y    R     NAND4xp75_ASAP7_75t_SL         1  2.6    35    14     695    (-,-) 
  g68300/Y                                          -       A->Y    F     INVx4_ASAP7_75t_SL             1  2.6    15     8     703    (-,-) 
  g68284/Y                                          -       C->Y    R     NAND3x2_ASAP7_75t_SL           4  5.0    43    25     729    (-,-) 
  g68281/Y                                          -       A->Y    F     INVx3_ASAP7_75t_SL             4  4.8    24    14     743    (-,-) 
  g68244/Y                                          -       A2->Y   R     AOI21x1_ASAP7_75t_SL           2  2.4    37    19     762    (-,-) 
  g68221/Y                                          -       A->Y    F     NAND4xp75_ASAP7_75t_SL         1  2.3    39    20     782    (-,-) 
  g68209/Y                                          -       B->Y    R     NOR2x2_ASAP7_75t_SL            5  5.5    39    23     805    (-,-) 
  fopt69389/Y                                       -       A->Y    R     BUFx3_ASAP7_75t_SL             4  3.4    18    24     828    (-,-) 
  fopt69383/Y                                       -       A->Y    F     INVx2_ASAP7_75t_SL             4  3.2    16    11     840    (-,-) 
  g68182/Y                                          -       A1->Y   R     OAI21xp5_ASAP7_75t_SL          1  1.4    38    19     859    (-,-) 
  g68164/Y                                          -       A1->Y   F     AOI21x1_ASAP7_75t_SL           3  2.4    30    18     877    (-,-) 
  g68146/Y                                          -       B->Y    F     AND2x4_ASAP7_75t_SL            4  5.1    16    26     902    (-,-) 
  g68125/Y                                          -       A->Y    R     NOR2x2_ASAP7_75t_SL            1  2.3    22    12     914    (-,-) 
  g68121/Y                                          -       B->Y    F     NAND2x2_ASAP7_75t_SL           2  3.5    20    12     926    (-,-) 
  g68021/Y                                          -       A->Y    R     NAND3x2_ASAP7_75t_SL           2  3.4    51    19     945    (-,-) 
  fopt71226/Y                                       -       A->Y    F     INVx3_ASAP7_75t_SL             1  1.4    17     7     952    (-,-) 
  g67929/Y                                          -       A1->Y   R     OAI22x1_ASAP7_75t_SL           1  2.6    45    20     972    (-,-) 
  g67912/Y                                          -       A->Y    R     BUFx12f_ASAP7_75t_SL          21 22.6    27    28    1000    (-,-) 
  g67901/Y                                          -       A->Y    R     BUFx3_ASAP7_75t_SL             5  3.5    17    22    1022    (-,-) 
  g67900/Y                                          -       A->Y    F     INVx1_ASAP7_75t_L              2  1.5    17    13    1035    (-,-) 
  g67772/Y                                          -       A1->Y   R     AOI22xp5_ASAP7_75t_SL          2  2.1    55    27    1062    (-,-) 
  g67684/Y                                          -       A1->Y   F     OAI22x1_ASAP7_75t_SL           2  2.5    38    22    1083    (-,-) 
  g67653/Y                                          -       A->Y    R     INVx2_ASAP7_75t_SL             1  1.4    18    12    1095    (-,-) 
  g67552/Y                                          -       A1->Y   F     OAI22x1_ASAP7_75t_SL           1  1.4    23    13    1108    (-,-) 
  g67412/Y                                          -       B->Y    R     AOI21x1_ASAP7_75t_SL           1  1.3    25    16    1124    (-,-) 
  g67334/Y                                          -       A->Y    F     NAND2x1_ASAP7_75t_SL           2  2.3    26    13    1137    (-,-) 
  g67234/Y                                          -       B->Y    R     NAND4xp75_ASAP7_75t_SL         2  2.4    29    17    1154    (-,-) 
  g67199/Y                                          -       A->Y    F     NOR2x1p5_ASAP7_75t_SL          1  1.8    20    14    1168    (-,-) 
  g67149/Y                                          -       B->Y    R     NAND2x1p5_ASAP7_75t_SL         3  4.8    40    22    1189    (-,-) 
  fopt71239/Y                                       -       A->Y    F     INVx4_ASAP7_75t_SL             1  1.8    14     7    1196    (-,-) 
  g67091/Y                                          -       B->Y    R     NAND2x1p5_ASAP7_75t_SL         2  2.0    25    13    1209    (-,-) 
  g71146/Y                                          -       B->Y    R     OR2x2_ASAP7_75t_SL             1  1.8    16    22    1231    (-,-) 
  g71160/Y                                          -       A->Y    R     XOR2x1_ASAP7_75t_SL            2  1.8    33    23    1254    (-,-) 
  g66974/Y                                          -       B->Y    F     NOR2x1_ASAP7_75t_SL            1  0.8    21    12    1266    (-,-) 
  g66962/Y                                          -       C->Y    R     NAND3xp33_ASAP7_75t_SL         1  0.9    27    17    1283    (-,-) 
  g66960/Y                                          -       A1->Y   F     OAI21xp5_ASAP7_75t_SL          1  1.3    32    17    1300    (-,-) 
  g66959/Y                                          -       B->Y    F     AND2x4_ASAP7_75t_SL            2  6.3    19    28    1327    (-,-) 
  fopt69394/Y                                       -       A->Y    R     INVx5_ASAP7_75t_SL            11  8.1    22    14    1341    (-,-) 
  g66951/Y                                          -       A->Y    R     AND3x1_ASAP7_75t_SL            1  0.9    18    24    1365    (-,-) 
  PIPE_OUT_col1_stage_reg_reg[0][30]/D              -       -       R     ASYNC_DFFHx1_ASAP7_75t_SL      1    -     -     0    1365    (-,-) 
#--------------------------------------------------------------------------------------------------------------------------------------------



Path 28: VIOLATED (-478 ps) Setup Check with Pin PIPE_OUT_col1_stage_reg_reg[0][7]/CLK->D
           View: PVT_0P63V_100C.setup_view
          Group: clk
     Startpoint: (R) PIPE_OUT_col1_stage_reg_reg[0][24]/CLK
          Clock: (R) clk
       Endpoint: (R) PIPE_OUT_col1_stage_reg_reg[0][7]/D
          Clock: (R) clk

                     Capture       Launch     
        Clock Edge:+    1000            0     
       Src Latency:+       0            0     
       Net Latency:+       0 (I)        0 (I) 
           Arrival:=    1000            0     
                                              
             Setup:-      14                  
       Uncertainty:-     100                  
     Required Time:=     886                  
      Launch Clock:-       0                  
         Data Path:-    1365                  
             Slack:=    -478                  

#--------------------------------------------------------------------------------------------------------------------------------------------
#                   Timing Point                    Flags    Arc    Edge           Cell             Fanout Load Trans Delay Arrival Instance 
#                                                                                                          (fF)  (ps)  (ps)   (ps)  Location 
#--------------------------------------------------------------------------------------------------------------------------------------------
  PIPE_OUT_col1_stage_reg_reg[0][24]/CLK            -       -       R     (arrival)                   1109    -     0     0       0    (-,-) 
  PIPE_OUT_col1_stage_reg_reg[0][24]/QN             -       CLK->QN F     ASYNC_DFFHx1_ASAP7_75t_SL      2  1.8    31    49      49    (-,-) 
  g70517/Y                                          -       B1->Y   R     AOI22x1_ASAP7_75t_SL           4  3.2    64    26      74    (-,-) 
  g70271/Y                                          -       B->Y    F     NOR2xp67_ASAP7_75t_SL          2  1.2    34    20      94    (-,-) 
  g69712__9945/Y                                    -       B->Y    R     NOR2xp33_ASAP7_75t_SL          1  0.8    35    21     115    (-,-) 
  g69659__6131/Y                                    -       B->Y    F     NAND3xp33_ASAP7_75t_SL         2  1.6    42    23     138    (-,-) 
  g69644/Y                                          -       A->Y    R     INVxp67_ASAP7_75t_SL           1  1.3    32    21     158    (-,-) 
  g69551__2802/Y                                    -       A2->Y   F     AOI21x1_ASAP7_75t_SL           1  1.3    25    11     169    (-,-) 
  g69548__3680/Y                                    -       A->Y    F     AND2x4_ASAP7_75t_SL           12 12.2    28    33     202    (-,-) 
  g69450__6161/Y                                    -       B->Y    R     NAND2xp5_ASAP7_75t_SL          1  0.9    32    16     218    (-,-) 
  g69404__6260/Y                                    -       B->Y    R     OA21x2_ASAP7_75t_SL            2  2.4    20    25     243    (-,-) 
  g69254__1666/Y                                    -       A->Y    F     NAND4xp75_ASAP7_75t_SL         1  1.8    30    16     258    (-,-) 
  g69227__1705/Y                                    -       A->Y    R     NOR2x1p5_ASAP7_75t_SL          2  1.8    25    13     272    (-,-) 
  g69205__2346/Y                                    -       B->Y    R     AND2x4_ASAP7_75t_SL            3  4.7    19    23     295    (-,-) 
  g69191/Y                                          -       A->Y    F     INVx4_ASAP7_75t_SL             3  3.8    13     8     303    (-,-) 
  g69177__1881/Y                                    -       B->Y    R     NAND2x2_ASAP7_75t_SL           2  1.9    22    12     315    (-,-) 
  g69103__8428/Y                                    -       B->Y    R     AND2x6_ASAP7_75t_SL           18 14.2    32    32     348    (-,-) 
  g68974__5122/Y                                    -       B->Y    F     NAND2xp5_ASAP7_75t_SL          1  0.9    26    13     361    (-,-) 
  g68953__4733/Y                                    -       B->Y    F     OA21x2_ASAP7_75t_SL            2  2.1    16    22     383    (-,-) 
  g68815__8246/Y                                    -       A1->Y   R     OAI22x1_ASAP7_75t_SL           3  2.0    43    17     400    (-,-) 
  g68718__2883/Y                                    -       B2->Y   R     AO22x1_ASAP7_75t_SL            2  2.0    27    31     431    (-,-) 
  g68637__5115/Y                                    -       B1->Y   F     AOI22xp5_ASAP7_75t_SL          2  1.6    36    17     448    (-,-) 
  g68577__6161/Y                                    -       B1->Y   R     OAI22xp5_ASAP7_75t_SL          1  1.3    43    23     472    (-,-) 
  g68555__7410/Y                                    -       B->Y    R     XOR2xp5_ASAP7_75t_SL           3  2.0    57    35     506    (-,-) 
  addinc_FP32_ALU_col1_fracAdder_add_113_18_g1078/Y -       B->Y    R     AND2x2_ASAP7_75t_SL            2  1.4    16    25     531    (-,-) 
  addinc_FP32_ALU_col1_fracAdder_add_113_18_g976/Y  -       A2->Y   F     AOI21xp5_ASAP7_75t_SL          1  0.9    21    11     542    (-,-) 
  addinc_FP32_ALU_col1_fracAdder_add_113_18_g947/Y  -       B->Y    R     OAI21xp5_ASAP7_75t_SL          2  1.8    45    17     559    (-,-) 
  addinc_FP32_ALU_col1_fracAdder_add_113_18_g914/Y  -       A2->Y   F     AOI21x1_ASAP7_75t_SL           2  1.7    26    13     572    (-,-) 
  addinc_FP32_ALU_col1_fracAdder_add_113_18_g913/Y  -       A->Y    F     BUFx3_ASAP7_75t_SL             6  4.4    17    25     597    (-,-) 
  addinc_FP32_ALU_col1_fracAdder_add_113_18_g892/Y  -       A1->Y   R     OAI21xp5_ASAP7_75t_SL          1  1.3    35    18     615    (-,-) 
  addinc_FP32_ALU_col1_fracAdder_add_113_18_g875/Y  -       B->Y    R     XOR2xp5_ASAP7_75t_SL           2  1.4    43    29     644    (-,-) 
  g69071/Y                                          -       B->Y    R     OR2x2_ASAP7_75t_SL             1  1.8    16    25     669    (-,-) 
  g70787/Y                                          -       A->Y    F     NOR2x1p5_ASAP7_75t_SL          1  1.8    18    12     681    (-,-) 
  g68302/Y                                          -       A->Y    R     NAND4xp75_ASAP7_75t_SL         1  2.6    35    14     695    (-,-) 
  g68300/Y                                          -       A->Y    F     INVx4_ASAP7_75t_SL             1  2.6    15     8     703    (-,-) 
  g68284/Y                                          -       C->Y    R     NAND3x2_ASAP7_75t_SL           4  5.0    43    25     729    (-,-) 
  g68281/Y                                          -       A->Y    F     INVx3_ASAP7_75t_SL             4  4.8    24    14     743    (-,-) 
  g68244/Y                                          -       A2->Y   R     AOI21x1_ASAP7_75t_SL           2  2.4    37    19     762    (-,-) 
  g68221/Y                                          -       A->Y    F     NAND4xp75_ASAP7_75t_SL         1  2.3    39    20     782    (-,-) 
  g68209/Y                                          -       B->Y    R     NOR2x2_ASAP7_75t_SL            5  5.5    39    23     805    (-,-) 
  fopt69389/Y                                       -       A->Y    R     BUFx3_ASAP7_75t_SL             4  3.4    18    24     828    (-,-) 
  fopt69383/Y                                       -       A->Y    F     INVx2_ASAP7_75t_SL             4  3.2    16    11     840    (-,-) 
  g68182/Y                                          -       A1->Y   R     OAI21xp5_ASAP7_75t_SL          1  1.4    38    19     859    (-,-) 
  g68164/Y                                          -       A1->Y   F     AOI21x1_ASAP7_75t_SL           3  2.4    30    18     877    (-,-) 
  g68146/Y                                          -       B->Y    F     AND2x4_ASAP7_75t_SL            4  5.1    16    26     902    (-,-) 
  g68125/Y                                          -       A->Y    R     NOR2x2_ASAP7_75t_SL            1  2.3    22    12     914    (-,-) 
  g68121/Y                                          -       B->Y    F     NAND2x2_ASAP7_75t_SL           2  3.5    20    12     926    (-,-) 
  g68021/Y                                          -       A->Y    R     NAND3x2_ASAP7_75t_SL           2  3.4    51    19     945    (-,-) 
  fopt71226/Y                                       -       A->Y    F     INVx3_ASAP7_75t_SL             1  1.4    17     7     952    (-,-) 
  g67929/Y                                          -       A1->Y   R     OAI22x1_ASAP7_75t_SL           1  2.6    45    20     972    (-,-) 
  g67912/Y                                          -       A->Y    R     BUFx12f_ASAP7_75t_SL          21 22.6    27    28    1000    (-,-) 
  g67901/Y                                          -       A->Y    R     BUFx3_ASAP7_75t_SL             5  3.5    17    22    1022    (-,-) 
  g67900/Y                                          -       A->Y    F     INVx1_ASAP7_75t_L              2  1.5    17    13    1035    (-,-) 
  g67772/Y                                          -       A1->Y   R     AOI22xp5_ASAP7_75t_SL          2  2.1    55    27    1062    (-,-) 
  g67684/Y                                          -       A1->Y   F     OAI22x1_ASAP7_75t_SL           2  2.5    38    22    1083    (-,-) 
  g67653/Y                                          -       A->Y    R     INVx2_ASAP7_75t_SL             1  1.4    18    12    1095    (-,-) 
  g67552/Y                                          -       A1->Y   F     OAI22x1_ASAP7_75t_SL           1  1.4    23    13    1108    (-,-) 
  g67412/Y                                          -       B->Y    R     AOI21x1_ASAP7_75t_SL           1  1.3    25    16    1124    (-,-) 
  g67334/Y                                          -       A->Y    F     NAND2x1_ASAP7_75t_SL           2  2.3    26    13    1137    (-,-) 
  g67234/Y                                          -       B->Y    R     NAND4xp75_ASAP7_75t_SL         2  2.4    29    17    1154    (-,-) 
  g67199/Y                                          -       A->Y    F     NOR2x1p5_ASAP7_75t_SL          1  1.8    20    14    1168    (-,-) 
  g67149/Y                                          -       B->Y    R     NAND2x1p5_ASAP7_75t_SL         3  4.8    40    22    1189    (-,-) 
  fopt71239/Y                                       -       A->Y    F     INVx4_ASAP7_75t_SL             1  1.8    14     7    1196    (-,-) 
  g67091/Y                                          -       B->Y    R     NAND2x1p5_ASAP7_75t_SL         2  2.0    25    13    1209    (-,-) 
  g71162/Y                                          -       B->Y    R     XOR2xp5_ASAP7_75t_SL           2  1.4    42    28    1238    (-,-) 
  g66984/Y                                          -       B->Y    F     NAND3xp33_ASAP7_75t_SL         1  1.0    35    18    1256    (-,-) 
  g71145/Y                                          -       B->Y    R     NOR2xp67_ASAP7_75t_SL          1  0.8    26    15    1270    (-,-) 
  g66962/Y                                          -       B->Y    F     NAND3xp33_ASAP7_75t_SL         1  0.9    34    16    1286    (-,-) 
  g66960/Y                                          -       A1->Y   R     OAI21xp5_ASAP7_75t_SL          1  1.3    38    21    1306    (-,-) 
  g66959/Y                                          -       B->Y    R     AND2x4_ASAP7_75t_SL            2  6.3    23    27    1333    (-,-) 
  fopt69395/Y                                       -       A->Y    F     INVx5_ASAP7_75t_SL            20 13.2    25    16    1349    (-,-) 
  g66921/Y                                          -       B->Y    R     NAND2xp5_ASAP7_75t_SL          1  0.9    24    15    1365    (-,-) 
  PIPE_OUT_col1_stage_reg_reg[0][7]/D               -       -       R     ASYNC_DFFHx1_ASAP7_75t_SL      1    -     -     0    1365    (-,-) 
#--------------------------------------------------------------------------------------------------------------------------------------------



Path 29: VIOLATED (-478 ps) Setup Check with Pin PIPE_OUT_col1_stage_reg_reg[0][22]/CLK->D
           View: PVT_0P63V_100C.setup_view
          Group: clk
     Startpoint: (R) PIPE_OUT_col1_stage_reg_reg[0][24]/CLK
          Clock: (R) clk
       Endpoint: (R) PIPE_OUT_col1_stage_reg_reg[0][22]/D
          Clock: (R) clk

                     Capture       Launch     
        Clock Edge:+    1000            0     
       Src Latency:+       0            0     
       Net Latency:+       0 (I)        0 (I) 
           Arrival:=    1000            0     
                                              
             Setup:-      14                  
       Uncertainty:-     100                  
     Required Time:=     886                  
      Launch Clock:-       0                  
         Data Path:-    1365                  
             Slack:=    -478                  

#--------------------------------------------------------------------------------------------------------------------------------------------
#                   Timing Point                    Flags    Arc    Edge           Cell             Fanout Load Trans Delay Arrival Instance 
#                                                                                                          (fF)  (ps)  (ps)   (ps)  Location 
#--------------------------------------------------------------------------------------------------------------------------------------------
  PIPE_OUT_col1_stage_reg_reg[0][24]/CLK            -       -       R     (arrival)                   1109    -     0     0       0    (-,-) 
  PIPE_OUT_col1_stage_reg_reg[0][24]/QN             -       CLK->QN F     ASYNC_DFFHx1_ASAP7_75t_SL      2  1.8    31    49      49    (-,-) 
  g70517/Y                                          -       B1->Y   R     AOI22x1_ASAP7_75t_SL           4  3.2    64    26      74    (-,-) 
  g70271/Y                                          -       B->Y    F     NOR2xp67_ASAP7_75t_SL          2  1.2    34    20      94    (-,-) 
  g69712__9945/Y                                    -       B->Y    R     NOR2xp33_ASAP7_75t_SL          1  0.8    35    21     115    (-,-) 
  g69659__6131/Y                                    -       B->Y    F     NAND3xp33_ASAP7_75t_SL         2  1.6    42    23     138    (-,-) 
  g69644/Y                                          -       A->Y    R     INVxp67_ASAP7_75t_SL           1  1.3    32    21     158    (-,-) 
  g69551__2802/Y                                    -       A2->Y   F     AOI21x1_ASAP7_75t_SL           1  1.3    25    11     169    (-,-) 
  g69548__3680/Y                                    -       A->Y    F     AND2x4_ASAP7_75t_SL           12 12.2    28    33     202    (-,-) 
  g69450__6161/Y                                    -       B->Y    R     NAND2xp5_ASAP7_75t_SL          1  0.9    32    16     218    (-,-) 
  g69404__6260/Y                                    -       B->Y    R     OA21x2_ASAP7_75t_SL            2  2.4    20    25     243    (-,-) 
  g69254__1666/Y                                    -       A->Y    F     NAND4xp75_ASAP7_75t_SL         1  1.8    30    16     258    (-,-) 
  g69227__1705/Y                                    -       A->Y    R     NOR2x1p5_ASAP7_75t_SL          2  1.8    25    13     272    (-,-) 
  g69205__2346/Y                                    -       B->Y    R     AND2x4_ASAP7_75t_SL            3  4.7    19    23     295    (-,-) 
  g69191/Y                                          -       A->Y    F     INVx4_ASAP7_75t_SL             3  3.8    13     8     303    (-,-) 
  g69177__1881/Y                                    -       B->Y    R     NAND2x2_ASAP7_75t_SL           2  1.9    22    12     315    (-,-) 
  g69103__8428/Y                                    -       B->Y    R     AND2x6_ASAP7_75t_SL           18 14.2    32    32     348    (-,-) 
  g68974__5122/Y                                    -       B->Y    F     NAND2xp5_ASAP7_75t_SL          1  0.9    26    13     361    (-,-) 
  g68953__4733/Y                                    -       B->Y    F     OA21x2_ASAP7_75t_SL            2  2.1    16    22     383    (-,-) 
  g68815__8246/Y                                    -       A1->Y   R     OAI22x1_ASAP7_75t_SL           3  2.0    43    17     400    (-,-) 
  g68718__2883/Y                                    -       B2->Y   R     AO22x1_ASAP7_75t_SL            2  2.0    27    31     431    (-,-) 
  g68637__5115/Y                                    -       B1->Y   F     AOI22xp5_ASAP7_75t_SL          2  1.6    36    17     448    (-,-) 
  g68577__6161/Y                                    -       B1->Y   R     OAI22xp5_ASAP7_75t_SL          1  1.3    43    23     472    (-,-) 
  g68555__7410/Y                                    -       B->Y    R     XOR2xp5_ASAP7_75t_SL           3  2.0    57    35     506    (-,-) 
  addinc_FP32_ALU_col1_fracAdder_add_113_18_g1078/Y -       B->Y    R     AND2x2_ASAP7_75t_SL            2  1.4    16    25     531    (-,-) 
  addinc_FP32_ALU_col1_fracAdder_add_113_18_g976/Y  -       A2->Y   F     AOI21xp5_ASAP7_75t_SL          1  0.9    21    11     542    (-,-) 
  addinc_FP32_ALU_col1_fracAdder_add_113_18_g947/Y  -       B->Y    R     OAI21xp5_ASAP7_75t_SL          2  1.8    45    17     559    (-,-) 
  addinc_FP32_ALU_col1_fracAdder_add_113_18_g914/Y  -       A2->Y   F     AOI21x1_ASAP7_75t_SL           2  1.7    26    13     572    (-,-) 
  addinc_FP32_ALU_col1_fracAdder_add_113_18_g913/Y  -       A->Y    F     BUFx3_ASAP7_75t_SL             6  4.4    17    25     597    (-,-) 
  addinc_FP32_ALU_col1_fracAdder_add_113_18_g892/Y  -       A1->Y   R     OAI21xp5_ASAP7_75t_SL          1  1.3    35    18     615    (-,-) 
  addinc_FP32_ALU_col1_fracAdder_add_113_18_g875/Y  -       B->Y    R     XOR2xp5_ASAP7_75t_SL           2  1.4    43    29     644    (-,-) 
  g69071/Y                                          -       B->Y    R     OR2x2_ASAP7_75t_SL             1  1.8    16    25     669    (-,-) 
  g70787/Y                                          -       A->Y    F     NOR2x1p5_ASAP7_75t_SL          1  1.8    18    12     681    (-,-) 
  g68302/Y                                          -       A->Y    R     NAND4xp75_ASAP7_75t_SL         1  2.6    35    14     695    (-,-) 
  g68300/Y                                          -       A->Y    F     INVx4_ASAP7_75t_SL             1  2.6    15     8     703    (-,-) 
  g68284/Y                                          -       C->Y    R     NAND3x2_ASAP7_75t_SL           4  5.0    43    25     729    (-,-) 
  g68281/Y                                          -       A->Y    F     INVx3_ASAP7_75t_SL             4  4.8    24    14     743    (-,-) 
  g68244/Y                                          -       A2->Y   R     AOI21x1_ASAP7_75t_SL           2  2.4    37    19     762    (-,-) 
  g68221/Y                                          -       A->Y    F     NAND4xp75_ASAP7_75t_SL         1  2.3    39    20     782    (-,-) 
  g68209/Y                                          -       B->Y    R     NOR2x2_ASAP7_75t_SL            5  5.5    39    23     805    (-,-) 
  fopt69389/Y                                       -       A->Y    R     BUFx3_ASAP7_75t_SL             4  3.4    18    24     828    (-,-) 
  fopt69383/Y                                       -       A->Y    F     INVx2_ASAP7_75t_SL             4  3.2    16    11     840    (-,-) 
  g68182/Y                                          -       A1->Y   R     OAI21xp5_ASAP7_75t_SL          1  1.4    38    19     859    (-,-) 
  g68164/Y                                          -       A1->Y   F     AOI21x1_ASAP7_75t_SL           3  2.4    30    18     877    (-,-) 
  g68146/Y                                          -       B->Y    F     AND2x4_ASAP7_75t_SL            4  5.1    16    26     902    (-,-) 
  g68125/Y                                          -       A->Y    R     NOR2x2_ASAP7_75t_SL            1  2.3    22    12     914    (-,-) 
  g68121/Y                                          -       B->Y    F     NAND2x2_ASAP7_75t_SL           2  3.5    20    12     926    (-,-) 
  g68021/Y                                          -       A->Y    R     NAND3x2_ASAP7_75t_SL           2  3.4    51    19     945    (-,-) 
  fopt71226/Y                                       -       A->Y    F     INVx3_ASAP7_75t_SL             1  1.4    17     7     952    (-,-) 
  g67929/Y                                          -       A1->Y   R     OAI22x1_ASAP7_75t_SL           1  2.6    45    20     972    (-,-) 
  g67912/Y                                          -       A->Y    R     BUFx12f_ASAP7_75t_SL          21 22.6    27    28    1000    (-,-) 
  g67901/Y                                          -       A->Y    R     BUFx3_ASAP7_75t_SL             5  3.5    17    22    1022    (-,-) 
  g67900/Y                                          -       A->Y    F     INVx1_ASAP7_75t_L              2  1.5    17    13    1035    (-,-) 
  g67772/Y                                          -       A1->Y   R     AOI22xp5_ASAP7_75t_SL          2  2.1    55    27    1062    (-,-) 
  g67684/Y                                          -       A1->Y   F     OAI22x1_ASAP7_75t_SL           2  2.5    38    22    1083    (-,-) 
  g67653/Y                                          -       A->Y    R     INVx2_ASAP7_75t_SL             1  1.4    18    12    1095    (-,-) 
  g67552/Y                                          -       A1->Y   F     OAI22x1_ASAP7_75t_SL           1  1.4    23    13    1108    (-,-) 
  g67412/Y                                          -       B->Y    R     AOI21x1_ASAP7_75t_SL           1  1.3    25    16    1124    (-,-) 
  g67334/Y                                          -       A->Y    F     NAND2x1_ASAP7_75t_SL           2  2.3    26    13    1137    (-,-) 
  g67234/Y                                          -       B->Y    R     NAND4xp75_ASAP7_75t_SL         2  2.4    29    17    1154    (-,-) 
  g67199/Y                                          -       A->Y    F     NOR2x1p5_ASAP7_75t_SL          1  1.8    20    14    1168    (-,-) 
  g67149/Y                                          -       B->Y    R     NAND2x1p5_ASAP7_75t_SL         3  4.8    40    22    1189    (-,-) 
  fopt71239/Y                                       -       A->Y    F     INVx4_ASAP7_75t_SL             1  1.8    14     7    1196    (-,-) 
  g67091/Y                                          -       B->Y    R     NAND2x1p5_ASAP7_75t_SL         2  2.0    25    13    1209    (-,-) 
  g71162/Y                                          -       B->Y    R     XOR2xp5_ASAP7_75t_SL           2  1.4    42    28    1238    (-,-) 
  g66984/Y                                          -       B->Y    F     NAND3xp33_ASAP7_75t_SL         1  1.0    35    18    1256    (-,-) 
  g71145/Y                                          -       B->Y    R     NOR2xp67_ASAP7_75t_SL          1  0.8    26    15    1270    (-,-) 
  g66962/Y                                          -       B->Y    F     NAND3xp33_ASAP7_75t_SL         1  0.9    34    16    1286    (-,-) 
  g66960/Y                                          -       A1->Y   R     OAI21xp5_ASAP7_75t_SL          1  1.3    38    21    1306    (-,-) 
  g66959/Y                                          -       B->Y    R     AND2x4_ASAP7_75t_SL            2  6.3    23    27    1333    (-,-) 
  fopt69395/Y                                       -       A->Y    F     INVx5_ASAP7_75t_SL            20 13.2    25    16    1349    (-,-) 
  g66935/Y                                          -       B->Y    R     NAND2xp5_ASAP7_75t_SL          1  0.9    24    15    1365    (-,-) 
  PIPE_OUT_col1_stage_reg_reg[0][22]/D              -       -       R     ASYNC_DFFHx1_ASAP7_75t_SL      1    -     -     0    1365    (-,-) 
#--------------------------------------------------------------------------------------------------------------------------------------------



Path 30: VIOLATED (-478 ps) Setup Check with Pin PIPE_OUT_col1_stage_reg_reg[0][20]/CLK->D
           View: PVT_0P63V_100C.setup_view
          Group: clk
     Startpoint: (R) PIPE_OUT_col1_stage_reg_reg[0][24]/CLK
          Clock: (R) clk
       Endpoint: (R) PIPE_OUT_col1_stage_reg_reg[0][20]/D
          Clock: (R) clk

                     Capture       Launch     
        Clock Edge:+    1000            0     
       Src Latency:+       0            0     
       Net Latency:+       0 (I)        0 (I) 
           Arrival:=    1000            0     
                                              
             Setup:-      14                  
       Uncertainty:-     100                  
     Required Time:=     886                  
      Launch Clock:-       0                  
         Data Path:-    1365                  
             Slack:=    -478                  

#--------------------------------------------------------------------------------------------------------------------------------------------
#                   Timing Point                    Flags    Arc    Edge           Cell             Fanout Load Trans Delay Arrival Instance 
#                                                                                                          (fF)  (ps)  (ps)   (ps)  Location 
#--------------------------------------------------------------------------------------------------------------------------------------------
  PIPE_OUT_col1_stage_reg_reg[0][24]/CLK            -       -       R     (arrival)                   1109    -     0     0       0    (-,-) 
  PIPE_OUT_col1_stage_reg_reg[0][24]/QN             -       CLK->QN F     ASYNC_DFFHx1_ASAP7_75t_SL      2  1.8    31    49      49    (-,-) 
  g70517/Y                                          -       B1->Y   R     AOI22x1_ASAP7_75t_SL           4  3.2    64    26      74    (-,-) 
  g70271/Y                                          -       B->Y    F     NOR2xp67_ASAP7_75t_SL          2  1.2    34    20      94    (-,-) 
  g69712__9945/Y                                    -       B->Y    R     NOR2xp33_ASAP7_75t_SL          1  0.8    35    21     115    (-,-) 
  g69659__6131/Y                                    -       B->Y    F     NAND3xp33_ASAP7_75t_SL         2  1.6    42    23     138    (-,-) 
  g69644/Y                                          -       A->Y    R     INVxp67_ASAP7_75t_SL           1  1.3    32    21     158    (-,-) 
  g69551__2802/Y                                    -       A2->Y   F     AOI21x1_ASAP7_75t_SL           1  1.3    25    11     169    (-,-) 
  g69548__3680/Y                                    -       A->Y    F     AND2x4_ASAP7_75t_SL           12 12.2    28    33     202    (-,-) 
  g69450__6161/Y                                    -       B->Y    R     NAND2xp5_ASAP7_75t_SL          1  0.9    32    16     218    (-,-) 
  g69404__6260/Y                                    -       B->Y    R     OA21x2_ASAP7_75t_SL            2  2.4    20    25     243    (-,-) 
  g69254__1666/Y                                    -       A->Y    F     NAND4xp75_ASAP7_75t_SL         1  1.8    30    16     258    (-,-) 
  g69227__1705/Y                                    -       A->Y    R     NOR2x1p5_ASAP7_75t_SL          2  1.8    25    13     272    (-,-) 
  g69205__2346/Y                                    -       B->Y    R     AND2x4_ASAP7_75t_SL            3  4.7    19    23     295    (-,-) 
  g69191/Y                                          -       A->Y    F     INVx4_ASAP7_75t_SL             3  3.8    13     8     303    (-,-) 
  g69177__1881/Y                                    -       B->Y    R     NAND2x2_ASAP7_75t_SL           2  1.9    22    12     315    (-,-) 
  g69103__8428/Y                                    -       B->Y    R     AND2x6_ASAP7_75t_SL           18 14.2    32    32     348    (-,-) 
  g68974__5122/Y                                    -       B->Y    F     NAND2xp5_ASAP7_75t_SL          1  0.9    26    13     361    (-,-) 
  g68953__4733/Y                                    -       B->Y    F     OA21x2_ASAP7_75t_SL            2  2.1    16    22     383    (-,-) 
  g68815__8246/Y                                    -       A1->Y   R     OAI22x1_ASAP7_75t_SL           3  2.0    43    17     400    (-,-) 
  g68718__2883/Y                                    -       B2->Y   R     AO22x1_ASAP7_75t_SL            2  2.0    27    31     431    (-,-) 
  g68637__5115/Y                                    -       B1->Y   F     AOI22xp5_ASAP7_75t_SL          2  1.6    36    17     448    (-,-) 
  g68577__6161/Y                                    -       B1->Y   R     OAI22xp5_ASAP7_75t_SL          1  1.3    43    23     472    (-,-) 
  g68555__7410/Y                                    -       B->Y    R     XOR2xp5_ASAP7_75t_SL           3  2.0    57    35     506    (-,-) 
  addinc_FP32_ALU_col1_fracAdder_add_113_18_g1078/Y -       B->Y    R     AND2x2_ASAP7_75t_SL            2  1.4    16    25     531    (-,-) 
  addinc_FP32_ALU_col1_fracAdder_add_113_18_g976/Y  -       A2->Y   F     AOI21xp5_ASAP7_75t_SL          1  0.9    21    11     542    (-,-) 
  addinc_FP32_ALU_col1_fracAdder_add_113_18_g947/Y  -       B->Y    R     OAI21xp5_ASAP7_75t_SL          2  1.8    45    17     559    (-,-) 
  addinc_FP32_ALU_col1_fracAdder_add_113_18_g914/Y  -       A2->Y   F     AOI21x1_ASAP7_75t_SL           2  1.7    26    13     572    (-,-) 
  addinc_FP32_ALU_col1_fracAdder_add_113_18_g913/Y  -       A->Y    F     BUFx3_ASAP7_75t_SL             6  4.4    17    25     597    (-,-) 
  addinc_FP32_ALU_col1_fracAdder_add_113_18_g892/Y  -       A1->Y   R     OAI21xp5_ASAP7_75t_SL          1  1.3    35    18     615    (-,-) 
  addinc_FP32_ALU_col1_fracAdder_add_113_18_g875/Y  -       B->Y    R     XOR2xp5_ASAP7_75t_SL           2  1.4    43    29     644    (-,-) 
  g69071/Y                                          -       B->Y    R     OR2x2_ASAP7_75t_SL             1  1.8    16    25     669    (-,-) 
  g70787/Y                                          -       A->Y    F     NOR2x1p5_ASAP7_75t_SL          1  1.8    18    12     681    (-,-) 
  g68302/Y                                          -       A->Y    R     NAND4xp75_ASAP7_75t_SL         1  2.6    35    14     695    (-,-) 
  g68300/Y                                          -       A->Y    F     INVx4_ASAP7_75t_SL             1  2.6    15     8     703    (-,-) 
  g68284/Y                                          -       C->Y    R     NAND3x2_ASAP7_75t_SL           4  5.0    43    25     729    (-,-) 
  g68281/Y                                          -       A->Y    F     INVx3_ASAP7_75t_SL             4  4.8    24    14     743    (-,-) 
  g68244/Y                                          -       A2->Y   R     AOI21x1_ASAP7_75t_SL           2  2.4    37    19     762    (-,-) 
  g68221/Y                                          -       A->Y    F     NAND4xp75_ASAP7_75t_SL         1  2.3    39    20     782    (-,-) 
  g68209/Y                                          -       B->Y    R     NOR2x2_ASAP7_75t_SL            5  5.5    39    23     805    (-,-) 
  fopt69389/Y                                       -       A->Y    R     BUFx3_ASAP7_75t_SL             4  3.4    18    24     828    (-,-) 
  fopt69383/Y                                       -       A->Y    F     INVx2_ASAP7_75t_SL             4  3.2    16    11     840    (-,-) 
  g68182/Y                                          -       A1->Y   R     OAI21xp5_ASAP7_75t_SL          1  1.4    38    19     859    (-,-) 
  g68164/Y                                          -       A1->Y   F     AOI21x1_ASAP7_75t_SL           3  2.4    30    18     877    (-,-) 
  g68146/Y                                          -       B->Y    F     AND2x4_ASAP7_75t_SL            4  5.1    16    26     902    (-,-) 
  g68125/Y                                          -       A->Y    R     NOR2x2_ASAP7_75t_SL            1  2.3    22    12     914    (-,-) 
  g68121/Y                                          -       B->Y    F     NAND2x2_ASAP7_75t_SL           2  3.5    20    12     926    (-,-) 
  g68021/Y                                          -       A->Y    R     NAND3x2_ASAP7_75t_SL           2  3.4    51    19     945    (-,-) 
  fopt71226/Y                                       -       A->Y    F     INVx3_ASAP7_75t_SL             1  1.4    17     7     952    (-,-) 
  g67929/Y                                          -       A1->Y   R     OAI22x1_ASAP7_75t_SL           1  2.6    45    20     972    (-,-) 
  g67912/Y                                          -       A->Y    R     BUFx12f_ASAP7_75t_SL          21 22.6    27    28    1000    (-,-) 
  g67901/Y                                          -       A->Y    R     BUFx3_ASAP7_75t_SL             5  3.5    17    22    1022    (-,-) 
  g67900/Y                                          -       A->Y    F     INVx1_ASAP7_75t_L              2  1.5    17    13    1035    (-,-) 
  g67772/Y                                          -       A1->Y   R     AOI22xp5_ASAP7_75t_SL          2  2.1    55    27    1062    (-,-) 
  g67684/Y                                          -       A1->Y   F     OAI22x1_ASAP7_75t_SL           2  2.5    38    22    1083    (-,-) 
  g67653/Y                                          -       A->Y    R     INVx2_ASAP7_75t_SL             1  1.4    18    12    1095    (-,-) 
  g67552/Y                                          -       A1->Y   F     OAI22x1_ASAP7_75t_SL           1  1.4    23    13    1108    (-,-) 
  g67412/Y                                          -       B->Y    R     AOI21x1_ASAP7_75t_SL           1  1.3    25    16    1124    (-,-) 
  g67334/Y                                          -       A->Y    F     NAND2x1_ASAP7_75t_SL           2  2.3    26    13    1137    (-,-) 
  g67234/Y                                          -       B->Y    R     NAND4xp75_ASAP7_75t_SL         2  2.4    29    17    1154    (-,-) 
  g67199/Y                                          -       A->Y    F     NOR2x1p5_ASAP7_75t_SL          1  1.8    20    14    1168    (-,-) 
  g67149/Y                                          -       B->Y    R     NAND2x1p5_ASAP7_75t_SL         3  4.8    40    22    1189    (-,-) 
  fopt71239/Y                                       -       A->Y    F     INVx4_ASAP7_75t_SL             1  1.8    14     7    1196    (-,-) 
  g67091/Y                                          -       B->Y    R     NAND2x1p5_ASAP7_75t_SL         2  2.0    25    13    1209    (-,-) 
  g71162/Y                                          -       B->Y    R     XOR2xp5_ASAP7_75t_SL           2  1.4    42    28    1238    (-,-) 
  g66984/Y                                          -       B->Y    F     NAND3xp33_ASAP7_75t_SL         1  1.0    35    18    1256    (-,-) 
  g71145/Y                                          -       B->Y    R     NOR2xp67_ASAP7_75t_SL          1  0.8    26    15    1270    (-,-) 
  g66962/Y                                          -       B->Y    F     NAND3xp33_ASAP7_75t_SL         1  0.9    34    16    1286    (-,-) 
  g66960/Y                                          -       A1->Y   R     OAI21xp5_ASAP7_75t_SL          1  1.3    38    21    1306    (-,-) 
  g66959/Y                                          -       B->Y    R     AND2x4_ASAP7_75t_SL            2  6.3    23    27    1333    (-,-) 
  fopt69395/Y                                       -       A->Y    F     INVx5_ASAP7_75t_SL            20 13.2    25    16    1349    (-,-) 
  g66943/Y                                          -       B->Y    R     NAND2xp5_ASAP7_75t_SL          1  0.9    24    15    1365    (-,-) 
  PIPE_OUT_col1_stage_reg_reg[0][20]/D              -       -       R     ASYNC_DFFHx1_ASAP7_75t_SL      1    -     -     0    1365    (-,-) 
#--------------------------------------------------------------------------------------------------------------------------------------------



Path 31: VIOLATED (-478 ps) Setup Check with Pin PIPE_OUT_col1_stage_reg_reg[0][17]/CLK->D
           View: PVT_0P63V_100C.setup_view
          Group: clk
     Startpoint: (R) PIPE_OUT_col1_stage_reg_reg[0][24]/CLK
          Clock: (R) clk
       Endpoint: (R) PIPE_OUT_col1_stage_reg_reg[0][17]/D
          Clock: (R) clk

                     Capture       Launch     
        Clock Edge:+    1000            0     
       Src Latency:+       0            0     
       Net Latency:+       0 (I)        0 (I) 
           Arrival:=    1000            0     
                                              
             Setup:-      14                  
       Uncertainty:-     100                  
     Required Time:=     886                  
      Launch Clock:-       0                  
         Data Path:-    1365                  
             Slack:=    -478                  

#--------------------------------------------------------------------------------------------------------------------------------------------
#                   Timing Point                    Flags    Arc    Edge           Cell             Fanout Load Trans Delay Arrival Instance 
#                                                                                                          (fF)  (ps)  (ps)   (ps)  Location 
#--------------------------------------------------------------------------------------------------------------------------------------------
  PIPE_OUT_col1_stage_reg_reg[0][24]/CLK            -       -       R     (arrival)                   1109    -     0     0       0    (-,-) 
  PIPE_OUT_col1_stage_reg_reg[0][24]/QN             -       CLK->QN F     ASYNC_DFFHx1_ASAP7_75t_SL      2  1.8    31    49      49    (-,-) 
  g70517/Y                                          -       B1->Y   R     AOI22x1_ASAP7_75t_SL           4  3.2    64    26      74    (-,-) 
  g70271/Y                                          -       B->Y    F     NOR2xp67_ASAP7_75t_SL          2  1.2    34    20      94    (-,-) 
  g69712__9945/Y                                    -       B->Y    R     NOR2xp33_ASAP7_75t_SL          1  0.8    35    21     115    (-,-) 
  g69659__6131/Y                                    -       B->Y    F     NAND3xp33_ASAP7_75t_SL         2  1.6    42    23     138    (-,-) 
  g69644/Y                                          -       A->Y    R     INVxp67_ASAP7_75t_SL           1  1.3    32    21     158    (-,-) 
  g69551__2802/Y                                    -       A2->Y   F     AOI21x1_ASAP7_75t_SL           1  1.3    25    11     169    (-,-) 
  g69548__3680/Y                                    -       A->Y    F     AND2x4_ASAP7_75t_SL           12 12.2    28    33     202    (-,-) 
  g69450__6161/Y                                    -       B->Y    R     NAND2xp5_ASAP7_75t_SL          1  0.9    32    16     218    (-,-) 
  g69404__6260/Y                                    -       B->Y    R     OA21x2_ASAP7_75t_SL            2  2.4    20    25     243    (-,-) 
  g69254__1666/Y                                    -       A->Y    F     NAND4xp75_ASAP7_75t_SL         1  1.8    30    16     258    (-,-) 
  g69227__1705/Y                                    -       A->Y    R     NOR2x1p5_ASAP7_75t_SL          2  1.8    25    13     272    (-,-) 
  g69205__2346/Y                                    -       B->Y    R     AND2x4_ASAP7_75t_SL            3  4.7    19    23     295    (-,-) 
  g69191/Y                                          -       A->Y    F     INVx4_ASAP7_75t_SL             3  3.8    13     8     303    (-,-) 
  g69177__1881/Y                                    -       B->Y    R     NAND2x2_ASAP7_75t_SL           2  1.9    22    12     315    (-,-) 
  g69103__8428/Y                                    -       B->Y    R     AND2x6_ASAP7_75t_SL           18 14.2    32    32     348    (-,-) 
  g68974__5122/Y                                    -       B->Y    F     NAND2xp5_ASAP7_75t_SL          1  0.9    26    13     361    (-,-) 
  g68953__4733/Y                                    -       B->Y    F     OA21x2_ASAP7_75t_SL            2  2.1    16    22     383    (-,-) 
  g68815__8246/Y                                    -       A1->Y   R     OAI22x1_ASAP7_75t_SL           3  2.0    43    17     400    (-,-) 
  g68718__2883/Y                                    -       B2->Y   R     AO22x1_ASAP7_75t_SL            2  2.0    27    31     431    (-,-) 
  g68637__5115/Y                                    -       B1->Y   F     AOI22xp5_ASAP7_75t_SL          2  1.6    36    17     448    (-,-) 
  g68577__6161/Y                                    -       B1->Y   R     OAI22xp5_ASAP7_75t_SL          1  1.3    43    23     472    (-,-) 
  g68555__7410/Y                                    -       B->Y    R     XOR2xp5_ASAP7_75t_SL           3  2.0    57    35     506    (-,-) 
  addinc_FP32_ALU_col1_fracAdder_add_113_18_g1078/Y -       B->Y    R     AND2x2_ASAP7_75t_SL            2  1.4    16    25     531    (-,-) 
  addinc_FP32_ALU_col1_fracAdder_add_113_18_g976/Y  -       A2->Y   F     AOI21xp5_ASAP7_75t_SL          1  0.9    21    11     542    (-,-) 
  addinc_FP32_ALU_col1_fracAdder_add_113_18_g947/Y  -       B->Y    R     OAI21xp5_ASAP7_75t_SL          2  1.8    45    17     559    (-,-) 
  addinc_FP32_ALU_col1_fracAdder_add_113_18_g914/Y  -       A2->Y   F     AOI21x1_ASAP7_75t_SL           2  1.7    26    13     572    (-,-) 
  addinc_FP32_ALU_col1_fracAdder_add_113_18_g913/Y  -       A->Y    F     BUFx3_ASAP7_75t_SL             6  4.4    17    25     597    (-,-) 
  addinc_FP32_ALU_col1_fracAdder_add_113_18_g892/Y  -       A1->Y   R     OAI21xp5_ASAP7_75t_SL          1  1.3    35    18     615    (-,-) 
  addinc_FP32_ALU_col1_fracAdder_add_113_18_g875/Y  -       B->Y    R     XOR2xp5_ASAP7_75t_SL           2  1.4    43    29     644    (-,-) 
  g69071/Y                                          -       B->Y    R     OR2x2_ASAP7_75t_SL             1  1.8    16    25     669    (-,-) 
  g70787/Y                                          -       A->Y    F     NOR2x1p5_ASAP7_75t_SL          1  1.8    18    12     681    (-,-) 
  g68302/Y                                          -       A->Y    R     NAND4xp75_ASAP7_75t_SL         1  2.6    35    14     695    (-,-) 
  g68300/Y                                          -       A->Y    F     INVx4_ASAP7_75t_SL             1  2.6    15     8     703    (-,-) 
  g68284/Y                                          -       C->Y    R     NAND3x2_ASAP7_75t_SL           4  5.0    43    25     729    (-,-) 
  g68281/Y                                          -       A->Y    F     INVx3_ASAP7_75t_SL             4  4.8    24    14     743    (-,-) 
  g68244/Y                                          -       A2->Y   R     AOI21x1_ASAP7_75t_SL           2  2.4    37    19     762    (-,-) 
  g68221/Y                                          -       A->Y    F     NAND4xp75_ASAP7_75t_SL         1  2.3    39    20     782    (-,-) 
  g68209/Y                                          -       B->Y    R     NOR2x2_ASAP7_75t_SL            5  5.5    39    23     805    (-,-) 
  fopt69389/Y                                       -       A->Y    R     BUFx3_ASAP7_75t_SL             4  3.4    18    24     828    (-,-) 
  fopt69383/Y                                       -       A->Y    F     INVx2_ASAP7_75t_SL             4  3.2    16    11     840    (-,-) 
  g68182/Y                                          -       A1->Y   R     OAI21xp5_ASAP7_75t_SL          1  1.4    38    19     859    (-,-) 
  g68164/Y                                          -       A1->Y   F     AOI21x1_ASAP7_75t_SL           3  2.4    30    18     877    (-,-) 
  g68146/Y                                          -       B->Y    F     AND2x4_ASAP7_75t_SL            4  5.1    16    26     902    (-,-) 
  g68125/Y                                          -       A->Y    R     NOR2x2_ASAP7_75t_SL            1  2.3    22    12     914    (-,-) 
  g68121/Y                                          -       B->Y    F     NAND2x2_ASAP7_75t_SL           2  3.5    20    12     926    (-,-) 
  g68021/Y                                          -       A->Y    R     NAND3x2_ASAP7_75t_SL           2  3.4    51    19     945    (-,-) 
  fopt71226/Y                                       -       A->Y    F     INVx3_ASAP7_75t_SL             1  1.4    17     7     952    (-,-) 
  g67929/Y                                          -       A1->Y   R     OAI22x1_ASAP7_75t_SL           1  2.6    45    20     972    (-,-) 
  g67912/Y                                          -       A->Y    R     BUFx12f_ASAP7_75t_SL          21 22.6    27    28    1000    (-,-) 
  g67901/Y                                          -       A->Y    R     BUFx3_ASAP7_75t_SL             5  3.5    17    22    1022    (-,-) 
  g67900/Y                                          -       A->Y    F     INVx1_ASAP7_75t_L              2  1.5    17    13    1035    (-,-) 
  g67772/Y                                          -       A1->Y   R     AOI22xp5_ASAP7_75t_SL          2  2.1    55    27    1062    (-,-) 
  g67684/Y                                          -       A1->Y   F     OAI22x1_ASAP7_75t_SL           2  2.5    38    22    1083    (-,-) 
  g67653/Y                                          -       A->Y    R     INVx2_ASAP7_75t_SL             1  1.4    18    12    1095    (-,-) 
  g67552/Y                                          -       A1->Y   F     OAI22x1_ASAP7_75t_SL           1  1.4    23    13    1108    (-,-) 
  g67412/Y                                          -       B->Y    R     AOI21x1_ASAP7_75t_SL           1  1.3    25    16    1124    (-,-) 
  g67334/Y                                          -       A->Y    F     NAND2x1_ASAP7_75t_SL           2  2.3    26    13    1137    (-,-) 
  g67234/Y                                          -       B->Y    R     NAND4xp75_ASAP7_75t_SL         2  2.4    29    17    1154    (-,-) 
  g67199/Y                                          -       A->Y    F     NOR2x1p5_ASAP7_75t_SL          1  1.8    20    14    1168    (-,-) 
  g67149/Y                                          -       B->Y    R     NAND2x1p5_ASAP7_75t_SL         3  4.8    40    22    1189    (-,-) 
  fopt71239/Y                                       -       A->Y    F     INVx4_ASAP7_75t_SL             1  1.8    14     7    1196    (-,-) 
  g67091/Y                                          -       B->Y    R     NAND2x1p5_ASAP7_75t_SL         2  2.0    25    13    1209    (-,-) 
  g71162/Y                                          -       B->Y    R     XOR2xp5_ASAP7_75t_SL           2  1.4    42    28    1238    (-,-) 
  g66984/Y                                          -       B->Y    F     NAND3xp33_ASAP7_75t_SL         1  1.0    35    18    1256    (-,-) 
  g71145/Y                                          -       B->Y    R     NOR2xp67_ASAP7_75t_SL          1  0.8    26    15    1270    (-,-) 
  g66962/Y                                          -       B->Y    F     NAND3xp33_ASAP7_75t_SL         1  0.9    34    16    1286    (-,-) 
  g66960/Y                                          -       A1->Y   R     OAI21xp5_ASAP7_75t_SL          1  1.3    38    21    1306    (-,-) 
  g66959/Y                                          -       B->Y    R     AND2x4_ASAP7_75t_SL            2  6.3    23    27    1333    (-,-) 
  fopt69395/Y                                       -       A->Y    F     INVx5_ASAP7_75t_SL            20 13.2    25    16    1349    (-,-) 
  g66927/Y                                          -       B->Y    R     NAND2xp5_ASAP7_75t_SL          1  0.9    24    15    1365    (-,-) 
  PIPE_OUT_col1_stage_reg_reg[0][17]/D              -       -       R     ASYNC_DFFHx1_ASAP7_75t_SL      1    -     -     0    1365    (-,-) 
#--------------------------------------------------------------------------------------------------------------------------------------------



Path 32: VIOLATED (-478 ps) Setup Check with Pin PIPE_OUT_col1_stage_reg_reg[0][16]/CLK->D
           View: PVT_0P63V_100C.setup_view
          Group: clk
     Startpoint: (R) PIPE_OUT_col1_stage_reg_reg[0][24]/CLK
          Clock: (R) clk
       Endpoint: (R) PIPE_OUT_col1_stage_reg_reg[0][16]/D
          Clock: (R) clk

                     Capture       Launch     
        Clock Edge:+    1000            0     
       Src Latency:+       0            0     
       Net Latency:+       0 (I)        0 (I) 
           Arrival:=    1000            0     
                                              
             Setup:-      14                  
       Uncertainty:-     100                  
     Required Time:=     886                  
      Launch Clock:-       0                  
         Data Path:-    1365                  
             Slack:=    -478                  

#--------------------------------------------------------------------------------------------------------------------------------------------
#                   Timing Point                    Flags    Arc    Edge           Cell             Fanout Load Trans Delay Arrival Instance 
#                                                                                                          (fF)  (ps)  (ps)   (ps)  Location 
#--------------------------------------------------------------------------------------------------------------------------------------------
  PIPE_OUT_col1_stage_reg_reg[0][24]/CLK            -       -       R     (arrival)                   1109    -     0     0       0    (-,-) 
  PIPE_OUT_col1_stage_reg_reg[0][24]/QN             -       CLK->QN F     ASYNC_DFFHx1_ASAP7_75t_SL      2  1.8    31    49      49    (-,-) 
  g70517/Y                                          -       B1->Y   R     AOI22x1_ASAP7_75t_SL           4  3.2    64    26      74    (-,-) 
  g70271/Y                                          -       B->Y    F     NOR2xp67_ASAP7_75t_SL          2  1.2    34    20      94    (-,-) 
  g69712__9945/Y                                    -       B->Y    R     NOR2xp33_ASAP7_75t_SL          1  0.8    35    21     115    (-,-) 
  g69659__6131/Y                                    -       B->Y    F     NAND3xp33_ASAP7_75t_SL         2  1.6    42    23     138    (-,-) 
  g69644/Y                                          -       A->Y    R     INVxp67_ASAP7_75t_SL           1  1.3    32    21     158    (-,-) 
  g69551__2802/Y                                    -       A2->Y   F     AOI21x1_ASAP7_75t_SL           1  1.3    25    11     169    (-,-) 
  g69548__3680/Y                                    -       A->Y    F     AND2x4_ASAP7_75t_SL           12 12.2    28    33     202    (-,-) 
  g69450__6161/Y                                    -       B->Y    R     NAND2xp5_ASAP7_75t_SL          1  0.9    32    16     218    (-,-) 
  g69404__6260/Y                                    -       B->Y    R     OA21x2_ASAP7_75t_SL            2  2.4    20    25     243    (-,-) 
  g69254__1666/Y                                    -       A->Y    F     NAND4xp75_ASAP7_75t_SL         1  1.8    30    16     258    (-,-) 
  g69227__1705/Y                                    -       A->Y    R     NOR2x1p5_ASAP7_75t_SL          2  1.8    25    13     272    (-,-) 
  g69205__2346/Y                                    -       B->Y    R     AND2x4_ASAP7_75t_SL            3  4.7    19    23     295    (-,-) 
  g69191/Y                                          -       A->Y    F     INVx4_ASAP7_75t_SL             3  3.8    13     8     303    (-,-) 
  g69177__1881/Y                                    -       B->Y    R     NAND2x2_ASAP7_75t_SL           2  1.9    22    12     315    (-,-) 
  g69103__8428/Y                                    -       B->Y    R     AND2x6_ASAP7_75t_SL           18 14.2    32    32     348    (-,-) 
  g68974__5122/Y                                    -       B->Y    F     NAND2xp5_ASAP7_75t_SL          1  0.9    26    13     361    (-,-) 
  g68953__4733/Y                                    -       B->Y    F     OA21x2_ASAP7_75t_SL            2  2.1    16    22     383    (-,-) 
  g68815__8246/Y                                    -       A1->Y   R     OAI22x1_ASAP7_75t_SL           3  2.0    43    17     400    (-,-) 
  g68718__2883/Y                                    -       B2->Y   R     AO22x1_ASAP7_75t_SL            2  2.0    27    31     431    (-,-) 
  g68637__5115/Y                                    -       B1->Y   F     AOI22xp5_ASAP7_75t_SL          2  1.6    36    17     448    (-,-) 
  g68577__6161/Y                                    -       B1->Y   R     OAI22xp5_ASAP7_75t_SL          1  1.3    43    23     472    (-,-) 
  g68555__7410/Y                                    -       B->Y    R     XOR2xp5_ASAP7_75t_SL           3  2.0    57    35     506    (-,-) 
  addinc_FP32_ALU_col1_fracAdder_add_113_18_g1078/Y -       B->Y    R     AND2x2_ASAP7_75t_SL            2  1.4    16    25     531    (-,-) 
  addinc_FP32_ALU_col1_fracAdder_add_113_18_g976/Y  -       A2->Y   F     AOI21xp5_ASAP7_75t_SL          1  0.9    21    11     542    (-,-) 
  addinc_FP32_ALU_col1_fracAdder_add_113_18_g947/Y  -       B->Y    R     OAI21xp5_ASAP7_75t_SL          2  1.8    45    17     559    (-,-) 
  addinc_FP32_ALU_col1_fracAdder_add_113_18_g914/Y  -       A2->Y   F     AOI21x1_ASAP7_75t_SL           2  1.7    26    13     572    (-,-) 
  addinc_FP32_ALU_col1_fracAdder_add_113_18_g913/Y  -       A->Y    F     BUFx3_ASAP7_75t_SL             6  4.4    17    25     597    (-,-) 
  addinc_FP32_ALU_col1_fracAdder_add_113_18_g892/Y  -       A1->Y   R     OAI21xp5_ASAP7_75t_SL          1  1.3    35    18     615    (-,-) 
  addinc_FP32_ALU_col1_fracAdder_add_113_18_g875/Y  -       B->Y    R     XOR2xp5_ASAP7_75t_SL           2  1.4    43    29     644    (-,-) 
  g69071/Y                                          -       B->Y    R     OR2x2_ASAP7_75t_SL             1  1.8    16    25     669    (-,-) 
  g70787/Y                                          -       A->Y    F     NOR2x1p5_ASAP7_75t_SL          1  1.8    18    12     681    (-,-) 
  g68302/Y                                          -       A->Y    R     NAND4xp75_ASAP7_75t_SL         1  2.6    35    14     695    (-,-) 
  g68300/Y                                          -       A->Y    F     INVx4_ASAP7_75t_SL             1  2.6    15     8     703    (-,-) 
  g68284/Y                                          -       C->Y    R     NAND3x2_ASAP7_75t_SL           4  5.0    43    25     729    (-,-) 
  g68281/Y                                          -       A->Y    F     INVx3_ASAP7_75t_SL             4  4.8    24    14     743    (-,-) 
  g68244/Y                                          -       A2->Y   R     AOI21x1_ASAP7_75t_SL           2  2.4    37    19     762    (-,-) 
  g68221/Y                                          -       A->Y    F     NAND4xp75_ASAP7_75t_SL         1  2.3    39    20     782    (-,-) 
  g68209/Y                                          -       B->Y    R     NOR2x2_ASAP7_75t_SL            5  5.5    39    23     805    (-,-) 
  fopt69389/Y                                       -       A->Y    R     BUFx3_ASAP7_75t_SL             4  3.4    18    24     828    (-,-) 
  fopt69383/Y                                       -       A->Y    F     INVx2_ASAP7_75t_SL             4  3.2    16    11     840    (-,-) 
  g68182/Y                                          -       A1->Y   R     OAI21xp5_ASAP7_75t_SL          1  1.4    38    19     859    (-,-) 
  g68164/Y                                          -       A1->Y   F     AOI21x1_ASAP7_75t_SL           3  2.4    30    18     877    (-,-) 
  g68146/Y                                          -       B->Y    F     AND2x4_ASAP7_75t_SL            4  5.1    16    26     902    (-,-) 
  g68125/Y                                          -       A->Y    R     NOR2x2_ASAP7_75t_SL            1  2.3    22    12     914    (-,-) 
  g68121/Y                                          -       B->Y    F     NAND2x2_ASAP7_75t_SL           2  3.5    20    12     926    (-,-) 
  g68021/Y                                          -       A->Y    R     NAND3x2_ASAP7_75t_SL           2  3.4    51    19     945    (-,-) 
  fopt71226/Y                                       -       A->Y    F     INVx3_ASAP7_75t_SL             1  1.4    17     7     952    (-,-) 
  g67929/Y                                          -       A1->Y   R     OAI22x1_ASAP7_75t_SL           1  2.6    45    20     972    (-,-) 
  g67912/Y                                          -       A->Y    R     BUFx12f_ASAP7_75t_SL          21 22.6    27    28    1000    (-,-) 
  g67901/Y                                          -       A->Y    R     BUFx3_ASAP7_75t_SL             5  3.5    17    22    1022    (-,-) 
  g67900/Y                                          -       A->Y    F     INVx1_ASAP7_75t_L              2  1.5    17    13    1035    (-,-) 
  g67772/Y                                          -       A1->Y   R     AOI22xp5_ASAP7_75t_SL          2  2.1    55    27    1062    (-,-) 
  g67684/Y                                          -       A1->Y   F     OAI22x1_ASAP7_75t_SL           2  2.5    38    22    1083    (-,-) 
  g67653/Y                                          -       A->Y    R     INVx2_ASAP7_75t_SL             1  1.4    18    12    1095    (-,-) 
  g67552/Y                                          -       A1->Y   F     OAI22x1_ASAP7_75t_SL           1  1.4    23    13    1108    (-,-) 
  g67412/Y                                          -       B->Y    R     AOI21x1_ASAP7_75t_SL           1  1.3    25    16    1124    (-,-) 
  g67334/Y                                          -       A->Y    F     NAND2x1_ASAP7_75t_SL           2  2.3    26    13    1137    (-,-) 
  g67234/Y                                          -       B->Y    R     NAND4xp75_ASAP7_75t_SL         2  2.4    29    17    1154    (-,-) 
  g67199/Y                                          -       A->Y    F     NOR2x1p5_ASAP7_75t_SL          1  1.8    20    14    1168    (-,-) 
  g67149/Y                                          -       B->Y    R     NAND2x1p5_ASAP7_75t_SL         3  4.8    40    22    1189    (-,-) 
  fopt71239/Y                                       -       A->Y    F     INVx4_ASAP7_75t_SL             1  1.8    14     7    1196    (-,-) 
  g67091/Y                                          -       B->Y    R     NAND2x1p5_ASAP7_75t_SL         2  2.0    25    13    1209    (-,-) 
  g71162/Y                                          -       B->Y    R     XOR2xp5_ASAP7_75t_SL           2  1.4    42    28    1238    (-,-) 
  g66984/Y                                          -       B->Y    F     NAND3xp33_ASAP7_75t_SL         1  1.0    35    18    1256    (-,-) 
  g71145/Y                                          -       B->Y    R     NOR2xp67_ASAP7_75t_SL          1  0.8    26    15    1270    (-,-) 
  g66962/Y                                          -       B->Y    F     NAND3xp33_ASAP7_75t_SL         1  0.9    34    16    1286    (-,-) 
  g66960/Y                                          -       A1->Y   R     OAI21xp5_ASAP7_75t_SL          1  1.3    38    21    1306    (-,-) 
  g66959/Y                                          -       B->Y    R     AND2x4_ASAP7_75t_SL            2  6.3    23    27    1333    (-,-) 
  fopt69395/Y                                       -       A->Y    F     INVx5_ASAP7_75t_SL            20 13.2    25    16    1349    (-,-) 
  g66933/Y                                          -       B->Y    R     NAND2xp5_ASAP7_75t_SL          1  0.9    24    15    1365    (-,-) 
  PIPE_OUT_col1_stage_reg_reg[0][16]/D              -       -       R     ASYNC_DFFHx1_ASAP7_75t_SL      1    -     -     0    1365    (-,-) 
#--------------------------------------------------------------------------------------------------------------------------------------------



Path 33: VIOLATED (-478 ps) Setup Check with Pin PIPE_OUT_col1_stage_reg_reg[0][15]/CLK->D
           View: PVT_0P63V_100C.setup_view
          Group: clk
     Startpoint: (R) PIPE_OUT_col1_stage_reg_reg[0][24]/CLK
          Clock: (R) clk
       Endpoint: (R) PIPE_OUT_col1_stage_reg_reg[0][15]/D
          Clock: (R) clk

                     Capture       Launch     
        Clock Edge:+    1000            0     
       Src Latency:+       0            0     
       Net Latency:+       0 (I)        0 (I) 
           Arrival:=    1000            0     
                                              
             Setup:-      14                  
       Uncertainty:-     100                  
     Required Time:=     886                  
      Launch Clock:-       0                  
         Data Path:-    1365                  
             Slack:=    -478                  

#--------------------------------------------------------------------------------------------------------------------------------------------
#                   Timing Point                    Flags    Arc    Edge           Cell             Fanout Load Trans Delay Arrival Instance 
#                                                                                                          (fF)  (ps)  (ps)   (ps)  Location 
#--------------------------------------------------------------------------------------------------------------------------------------------
  PIPE_OUT_col1_stage_reg_reg[0][24]/CLK            -       -       R     (arrival)                   1109    -     0     0       0    (-,-) 
  PIPE_OUT_col1_stage_reg_reg[0][24]/QN             -       CLK->QN F     ASYNC_DFFHx1_ASAP7_75t_SL      2  1.8    31    49      49    (-,-) 
  g70517/Y                                          -       B1->Y   R     AOI22x1_ASAP7_75t_SL           4  3.2    64    26      74    (-,-) 
  g70271/Y                                          -       B->Y    F     NOR2xp67_ASAP7_75t_SL          2  1.2    34    20      94    (-,-) 
  g69712__9945/Y                                    -       B->Y    R     NOR2xp33_ASAP7_75t_SL          1  0.8    35    21     115    (-,-) 
  g69659__6131/Y                                    -       B->Y    F     NAND3xp33_ASAP7_75t_SL         2  1.6    42    23     138    (-,-) 
  g69644/Y                                          -       A->Y    R     INVxp67_ASAP7_75t_SL           1  1.3    32    21     158    (-,-) 
  g69551__2802/Y                                    -       A2->Y   F     AOI21x1_ASAP7_75t_SL           1  1.3    25    11     169    (-,-) 
  g69548__3680/Y                                    -       A->Y    F     AND2x4_ASAP7_75t_SL           12 12.2    28    33     202    (-,-) 
  g69450__6161/Y                                    -       B->Y    R     NAND2xp5_ASAP7_75t_SL          1  0.9    32    16     218    (-,-) 
  g69404__6260/Y                                    -       B->Y    R     OA21x2_ASAP7_75t_SL            2  2.4    20    25     243    (-,-) 
  g69254__1666/Y                                    -       A->Y    F     NAND4xp75_ASAP7_75t_SL         1  1.8    30    16     258    (-,-) 
  g69227__1705/Y                                    -       A->Y    R     NOR2x1p5_ASAP7_75t_SL          2  1.8    25    13     272    (-,-) 
  g69205__2346/Y                                    -       B->Y    R     AND2x4_ASAP7_75t_SL            3  4.7    19    23     295    (-,-) 
  g69191/Y                                          -       A->Y    F     INVx4_ASAP7_75t_SL             3  3.8    13     8     303    (-,-) 
  g69177__1881/Y                                    -       B->Y    R     NAND2x2_ASAP7_75t_SL           2  1.9    22    12     315    (-,-) 
  g69103__8428/Y                                    -       B->Y    R     AND2x6_ASAP7_75t_SL           18 14.2    32    32     348    (-,-) 
  g68974__5122/Y                                    -       B->Y    F     NAND2xp5_ASAP7_75t_SL          1  0.9    26    13     361    (-,-) 
  g68953__4733/Y                                    -       B->Y    F     OA21x2_ASAP7_75t_SL            2  2.1    16    22     383    (-,-) 
  g68815__8246/Y                                    -       A1->Y   R     OAI22x1_ASAP7_75t_SL           3  2.0    43    17     400    (-,-) 
  g68718__2883/Y                                    -       B2->Y   R     AO22x1_ASAP7_75t_SL            2  2.0    27    31     431    (-,-) 
  g68637__5115/Y                                    -       B1->Y   F     AOI22xp5_ASAP7_75t_SL          2  1.6    36    17     448    (-,-) 
  g68577__6161/Y                                    -       B1->Y   R     OAI22xp5_ASAP7_75t_SL          1  1.3    43    23     472    (-,-) 
  g68555__7410/Y                                    -       B->Y    R     XOR2xp5_ASAP7_75t_SL           3  2.0    57    35     506    (-,-) 
  addinc_FP32_ALU_col1_fracAdder_add_113_18_g1078/Y -       B->Y    R     AND2x2_ASAP7_75t_SL            2  1.4    16    25     531    (-,-) 
  addinc_FP32_ALU_col1_fracAdder_add_113_18_g976/Y  -       A2->Y   F     AOI21xp5_ASAP7_75t_SL          1  0.9    21    11     542    (-,-) 
  addinc_FP32_ALU_col1_fracAdder_add_113_18_g947/Y  -       B->Y    R     OAI21xp5_ASAP7_75t_SL          2  1.8    45    17     559    (-,-) 
  addinc_FP32_ALU_col1_fracAdder_add_113_18_g914/Y  -       A2->Y   F     AOI21x1_ASAP7_75t_SL           2  1.7    26    13     572    (-,-) 
  addinc_FP32_ALU_col1_fracAdder_add_113_18_g913/Y  -       A->Y    F     BUFx3_ASAP7_75t_SL             6  4.4    17    25     597    (-,-) 
  addinc_FP32_ALU_col1_fracAdder_add_113_18_g892/Y  -       A1->Y   R     OAI21xp5_ASAP7_75t_SL          1  1.3    35    18     615    (-,-) 
  addinc_FP32_ALU_col1_fracAdder_add_113_18_g875/Y  -       B->Y    R     XOR2xp5_ASAP7_75t_SL           2  1.4    43    29     644    (-,-) 
  g69071/Y                                          -       B->Y    R     OR2x2_ASAP7_75t_SL             1  1.8    16    25     669    (-,-) 
  g70787/Y                                          -       A->Y    F     NOR2x1p5_ASAP7_75t_SL          1  1.8    18    12     681    (-,-) 
  g68302/Y                                          -       A->Y    R     NAND4xp75_ASAP7_75t_SL         1  2.6    35    14     695    (-,-) 
  g68300/Y                                          -       A->Y    F     INVx4_ASAP7_75t_SL             1  2.6    15     8     703    (-,-) 
  g68284/Y                                          -       C->Y    R     NAND3x2_ASAP7_75t_SL           4  5.0    43    25     729    (-,-) 
  g68281/Y                                          -       A->Y    F     INVx3_ASAP7_75t_SL             4  4.8    24    14     743    (-,-) 
  g68244/Y                                          -       A2->Y   R     AOI21x1_ASAP7_75t_SL           2  2.4    37    19     762    (-,-) 
  g68221/Y                                          -       A->Y    F     NAND4xp75_ASAP7_75t_SL         1  2.3    39    20     782    (-,-) 
  g68209/Y                                          -       B->Y    R     NOR2x2_ASAP7_75t_SL            5  5.5    39    23     805    (-,-) 
  fopt69389/Y                                       -       A->Y    R     BUFx3_ASAP7_75t_SL             4  3.4    18    24     828    (-,-) 
  fopt69383/Y                                       -       A->Y    F     INVx2_ASAP7_75t_SL             4  3.2    16    11     840    (-,-) 
  g68182/Y                                          -       A1->Y   R     OAI21xp5_ASAP7_75t_SL          1  1.4    38    19     859    (-,-) 
  g68164/Y                                          -       A1->Y   F     AOI21x1_ASAP7_75t_SL           3  2.4    30    18     877    (-,-) 
  g68146/Y                                          -       B->Y    F     AND2x4_ASAP7_75t_SL            4  5.1    16    26     902    (-,-) 
  g68125/Y                                          -       A->Y    R     NOR2x2_ASAP7_75t_SL            1  2.3    22    12     914    (-,-) 
  g68121/Y                                          -       B->Y    F     NAND2x2_ASAP7_75t_SL           2  3.5    20    12     926    (-,-) 
  g68021/Y                                          -       A->Y    R     NAND3x2_ASAP7_75t_SL           2  3.4    51    19     945    (-,-) 
  fopt71226/Y                                       -       A->Y    F     INVx3_ASAP7_75t_SL             1  1.4    17     7     952    (-,-) 
  g67929/Y                                          -       A1->Y   R     OAI22x1_ASAP7_75t_SL           1  2.6    45    20     972    (-,-) 
  g67912/Y                                          -       A->Y    R     BUFx12f_ASAP7_75t_SL          21 22.6    27    28    1000    (-,-) 
  g67901/Y                                          -       A->Y    R     BUFx3_ASAP7_75t_SL             5  3.5    17    22    1022    (-,-) 
  g67900/Y                                          -       A->Y    F     INVx1_ASAP7_75t_L              2  1.5    17    13    1035    (-,-) 
  g67772/Y                                          -       A1->Y   R     AOI22xp5_ASAP7_75t_SL          2  2.1    55    27    1062    (-,-) 
  g67684/Y                                          -       A1->Y   F     OAI22x1_ASAP7_75t_SL           2  2.5    38    22    1083    (-,-) 
  g67653/Y                                          -       A->Y    R     INVx2_ASAP7_75t_SL             1  1.4    18    12    1095    (-,-) 
  g67552/Y                                          -       A1->Y   F     OAI22x1_ASAP7_75t_SL           1  1.4    23    13    1108    (-,-) 
  g67412/Y                                          -       B->Y    R     AOI21x1_ASAP7_75t_SL           1  1.3    25    16    1124    (-,-) 
  g67334/Y                                          -       A->Y    F     NAND2x1_ASAP7_75t_SL           2  2.3    26    13    1137    (-,-) 
  g67234/Y                                          -       B->Y    R     NAND4xp75_ASAP7_75t_SL         2  2.4    29    17    1154    (-,-) 
  g67199/Y                                          -       A->Y    F     NOR2x1p5_ASAP7_75t_SL          1  1.8    20    14    1168    (-,-) 
  g67149/Y                                          -       B->Y    R     NAND2x1p5_ASAP7_75t_SL         3  4.8    40    22    1189    (-,-) 
  fopt71239/Y                                       -       A->Y    F     INVx4_ASAP7_75t_SL             1  1.8    14     7    1196    (-,-) 
  g67091/Y                                          -       B->Y    R     NAND2x1p5_ASAP7_75t_SL         2  2.0    25    13    1209    (-,-) 
  g71162/Y                                          -       B->Y    R     XOR2xp5_ASAP7_75t_SL           2  1.4    42    28    1238    (-,-) 
  g66984/Y                                          -       B->Y    F     NAND3xp33_ASAP7_75t_SL         1  1.0    35    18    1256    (-,-) 
  g71145/Y                                          -       B->Y    R     NOR2xp67_ASAP7_75t_SL          1  0.8    26    15    1270    (-,-) 
  g66962/Y                                          -       B->Y    F     NAND3xp33_ASAP7_75t_SL         1  0.9    34    16    1286    (-,-) 
  g66960/Y                                          -       A1->Y   R     OAI21xp5_ASAP7_75t_SL          1  1.3    38    21    1306    (-,-) 
  g66959/Y                                          -       B->Y    R     AND2x4_ASAP7_75t_SL            2  6.3    23    27    1333    (-,-) 
  fopt69395/Y                                       -       A->Y    F     INVx5_ASAP7_75t_SL            20 13.2    25    16    1349    (-,-) 
  g66926/Y                                          -       B->Y    R     NAND2xp5_ASAP7_75t_SL          1  0.9    24    15    1365    (-,-) 
  PIPE_OUT_col1_stage_reg_reg[0][15]/D              -       -       R     ASYNC_DFFHx1_ASAP7_75t_SL      1    -     -     0    1365    (-,-) 
#--------------------------------------------------------------------------------------------------------------------------------------------



Path 34: VIOLATED (-478 ps) Setup Check with Pin PIPE_OUT_col1_stage_reg_reg[0][14]/CLK->D
           View: PVT_0P63V_100C.setup_view
          Group: clk
     Startpoint: (R) PIPE_OUT_col1_stage_reg_reg[0][24]/CLK
          Clock: (R) clk
       Endpoint: (R) PIPE_OUT_col1_stage_reg_reg[0][14]/D
          Clock: (R) clk

                     Capture       Launch     
        Clock Edge:+    1000            0     
       Src Latency:+       0            0     
       Net Latency:+       0 (I)        0 (I) 
           Arrival:=    1000            0     
                                              
             Setup:-      14                  
       Uncertainty:-     100                  
     Required Time:=     886                  
      Launch Clock:-       0                  
         Data Path:-    1365                  
             Slack:=    -478                  

#--------------------------------------------------------------------------------------------------------------------------------------------
#                   Timing Point                    Flags    Arc    Edge           Cell             Fanout Load Trans Delay Arrival Instance 
#                                                                                                          (fF)  (ps)  (ps)   (ps)  Location 
#--------------------------------------------------------------------------------------------------------------------------------------------
  PIPE_OUT_col1_stage_reg_reg[0][24]/CLK            -       -       R     (arrival)                   1109    -     0     0       0    (-,-) 
  PIPE_OUT_col1_stage_reg_reg[0][24]/QN             -       CLK->QN F     ASYNC_DFFHx1_ASAP7_75t_SL      2  1.8    31    49      49    (-,-) 
  g70517/Y                                          -       B1->Y   R     AOI22x1_ASAP7_75t_SL           4  3.2    64    26      74    (-,-) 
  g70271/Y                                          -       B->Y    F     NOR2xp67_ASAP7_75t_SL          2  1.2    34    20      94    (-,-) 
  g69712__9945/Y                                    -       B->Y    R     NOR2xp33_ASAP7_75t_SL          1  0.8    35    21     115    (-,-) 
  g69659__6131/Y                                    -       B->Y    F     NAND3xp33_ASAP7_75t_SL         2  1.6    42    23     138    (-,-) 
  g69644/Y                                          -       A->Y    R     INVxp67_ASAP7_75t_SL           1  1.3    32    21     158    (-,-) 
  g69551__2802/Y                                    -       A2->Y   F     AOI21x1_ASAP7_75t_SL           1  1.3    25    11     169    (-,-) 
  g69548__3680/Y                                    -       A->Y    F     AND2x4_ASAP7_75t_SL           12 12.2    28    33     202    (-,-) 
  g69450__6161/Y                                    -       B->Y    R     NAND2xp5_ASAP7_75t_SL          1  0.9    32    16     218    (-,-) 
  g69404__6260/Y                                    -       B->Y    R     OA21x2_ASAP7_75t_SL            2  2.4    20    25     243    (-,-) 
  g69254__1666/Y                                    -       A->Y    F     NAND4xp75_ASAP7_75t_SL         1  1.8    30    16     258    (-,-) 
  g69227__1705/Y                                    -       A->Y    R     NOR2x1p5_ASAP7_75t_SL          2  1.8    25    13     272    (-,-) 
  g69205__2346/Y                                    -       B->Y    R     AND2x4_ASAP7_75t_SL            3  4.7    19    23     295    (-,-) 
  g69191/Y                                          -       A->Y    F     INVx4_ASAP7_75t_SL             3  3.8    13     8     303    (-,-) 
  g69177__1881/Y                                    -       B->Y    R     NAND2x2_ASAP7_75t_SL           2  1.9    22    12     315    (-,-) 
  g69103__8428/Y                                    -       B->Y    R     AND2x6_ASAP7_75t_SL           18 14.2    32    32     348    (-,-) 
  g68974__5122/Y                                    -       B->Y    F     NAND2xp5_ASAP7_75t_SL          1  0.9    26    13     361    (-,-) 
  g68953__4733/Y                                    -       B->Y    F     OA21x2_ASAP7_75t_SL            2  2.1    16    22     383    (-,-) 
  g68815__8246/Y                                    -       A1->Y   R     OAI22x1_ASAP7_75t_SL           3  2.0    43    17     400    (-,-) 
  g68718__2883/Y                                    -       B2->Y   R     AO22x1_ASAP7_75t_SL            2  2.0    27    31     431    (-,-) 
  g68637__5115/Y                                    -       B1->Y   F     AOI22xp5_ASAP7_75t_SL          2  1.6    36    17     448    (-,-) 
  g68577__6161/Y                                    -       B1->Y   R     OAI22xp5_ASAP7_75t_SL          1  1.3    43    23     472    (-,-) 
  g68555__7410/Y                                    -       B->Y    R     XOR2xp5_ASAP7_75t_SL           3  2.0    57    35     506    (-,-) 
  addinc_FP32_ALU_col1_fracAdder_add_113_18_g1078/Y -       B->Y    R     AND2x2_ASAP7_75t_SL            2  1.4    16    25     531    (-,-) 
  addinc_FP32_ALU_col1_fracAdder_add_113_18_g976/Y  -       A2->Y   F     AOI21xp5_ASAP7_75t_SL          1  0.9    21    11     542    (-,-) 
  addinc_FP32_ALU_col1_fracAdder_add_113_18_g947/Y  -       B->Y    R     OAI21xp5_ASAP7_75t_SL          2  1.8    45    17     559    (-,-) 
  addinc_FP32_ALU_col1_fracAdder_add_113_18_g914/Y  -       A2->Y   F     AOI21x1_ASAP7_75t_SL           2  1.7    26    13     572    (-,-) 
  addinc_FP32_ALU_col1_fracAdder_add_113_18_g913/Y  -       A->Y    F     BUFx3_ASAP7_75t_SL             6  4.4    17    25     597    (-,-) 
  addinc_FP32_ALU_col1_fracAdder_add_113_18_g892/Y  -       A1->Y   R     OAI21xp5_ASAP7_75t_SL          1  1.3    35    18     615    (-,-) 
  addinc_FP32_ALU_col1_fracAdder_add_113_18_g875/Y  -       B->Y    R     XOR2xp5_ASAP7_75t_SL           2  1.4    43    29     644    (-,-) 
  g69071/Y                                          -       B->Y    R     OR2x2_ASAP7_75t_SL             1  1.8    16    25     669    (-,-) 
  g70787/Y                                          -       A->Y    F     NOR2x1p5_ASAP7_75t_SL          1  1.8    18    12     681    (-,-) 
  g68302/Y                                          -       A->Y    R     NAND4xp75_ASAP7_75t_SL         1  2.6    35    14     695    (-,-) 
  g68300/Y                                          -       A->Y    F     INVx4_ASAP7_75t_SL             1  2.6    15     8     703    (-,-) 
  g68284/Y                                          -       C->Y    R     NAND3x2_ASAP7_75t_SL           4  5.0    43    25     729    (-,-) 
  g68281/Y                                          -       A->Y    F     INVx3_ASAP7_75t_SL             4  4.8    24    14     743    (-,-) 
  g68244/Y                                          -       A2->Y   R     AOI21x1_ASAP7_75t_SL           2  2.4    37    19     762    (-,-) 
  g68221/Y                                          -       A->Y    F     NAND4xp75_ASAP7_75t_SL         1  2.3    39    20     782    (-,-) 
  g68209/Y                                          -       B->Y    R     NOR2x2_ASAP7_75t_SL            5  5.5    39    23     805    (-,-) 
  fopt69389/Y                                       -       A->Y    R     BUFx3_ASAP7_75t_SL             4  3.4    18    24     828    (-,-) 
  fopt69383/Y                                       -       A->Y    F     INVx2_ASAP7_75t_SL             4  3.2    16    11     840    (-,-) 
  g68182/Y                                          -       A1->Y   R     OAI21xp5_ASAP7_75t_SL          1  1.4    38    19     859    (-,-) 
  g68164/Y                                          -       A1->Y   F     AOI21x1_ASAP7_75t_SL           3  2.4    30    18     877    (-,-) 
  g68146/Y                                          -       B->Y    F     AND2x4_ASAP7_75t_SL            4  5.1    16    26     902    (-,-) 
  g68125/Y                                          -       A->Y    R     NOR2x2_ASAP7_75t_SL            1  2.3    22    12     914    (-,-) 
  g68121/Y                                          -       B->Y    F     NAND2x2_ASAP7_75t_SL           2  3.5    20    12     926    (-,-) 
  g68021/Y                                          -       A->Y    R     NAND3x2_ASAP7_75t_SL           2  3.4    51    19     945    (-,-) 
  fopt71226/Y                                       -       A->Y    F     INVx3_ASAP7_75t_SL             1  1.4    17     7     952    (-,-) 
  g67929/Y                                          -       A1->Y   R     OAI22x1_ASAP7_75t_SL           1  2.6    45    20     972    (-,-) 
  g67912/Y                                          -       A->Y    R     BUFx12f_ASAP7_75t_SL          21 22.6    27    28    1000    (-,-) 
  g67901/Y                                          -       A->Y    R     BUFx3_ASAP7_75t_SL             5  3.5    17    22    1022    (-,-) 
  g67900/Y                                          -       A->Y    F     INVx1_ASAP7_75t_L              2  1.5    17    13    1035    (-,-) 
  g67772/Y                                          -       A1->Y   R     AOI22xp5_ASAP7_75t_SL          2  2.1    55    27    1062    (-,-) 
  g67684/Y                                          -       A1->Y   F     OAI22x1_ASAP7_75t_SL           2  2.5    38    22    1083    (-,-) 
  g67653/Y                                          -       A->Y    R     INVx2_ASAP7_75t_SL             1  1.4    18    12    1095    (-,-) 
  g67552/Y                                          -       A1->Y   F     OAI22x1_ASAP7_75t_SL           1  1.4    23    13    1108    (-,-) 
  g67412/Y                                          -       B->Y    R     AOI21x1_ASAP7_75t_SL           1  1.3    25    16    1124    (-,-) 
  g67334/Y                                          -       A->Y    F     NAND2x1_ASAP7_75t_SL           2  2.3    26    13    1137    (-,-) 
  g67234/Y                                          -       B->Y    R     NAND4xp75_ASAP7_75t_SL         2  2.4    29    17    1154    (-,-) 
  g67199/Y                                          -       A->Y    F     NOR2x1p5_ASAP7_75t_SL          1  1.8    20    14    1168    (-,-) 
  g67149/Y                                          -       B->Y    R     NAND2x1p5_ASAP7_75t_SL         3  4.8    40    22    1189    (-,-) 
  fopt71239/Y                                       -       A->Y    F     INVx4_ASAP7_75t_SL             1  1.8    14     7    1196    (-,-) 
  g67091/Y                                          -       B->Y    R     NAND2x1p5_ASAP7_75t_SL         2  2.0    25    13    1209    (-,-) 
  g71162/Y                                          -       B->Y    R     XOR2xp5_ASAP7_75t_SL           2  1.4    42    28    1238    (-,-) 
  g66984/Y                                          -       B->Y    F     NAND3xp33_ASAP7_75t_SL         1  1.0    35    18    1256    (-,-) 
  g71145/Y                                          -       B->Y    R     NOR2xp67_ASAP7_75t_SL          1  0.8    26    15    1270    (-,-) 
  g66962/Y                                          -       B->Y    F     NAND3xp33_ASAP7_75t_SL         1  0.9    34    16    1286    (-,-) 
  g66960/Y                                          -       A1->Y   R     OAI21xp5_ASAP7_75t_SL          1  1.3    38    21    1306    (-,-) 
  g66959/Y                                          -       B->Y    R     AND2x4_ASAP7_75t_SL            2  6.3    23    27    1333    (-,-) 
  fopt69395/Y                                       -       A->Y    F     INVx5_ASAP7_75t_SL            20 13.2    25    16    1349    (-,-) 
  g66934/Y                                          -       B->Y    R     NAND2xp5_ASAP7_75t_SL          1  0.9    24    15    1365    (-,-) 
  PIPE_OUT_col1_stage_reg_reg[0][14]/D              -       -       R     ASYNC_DFFHx1_ASAP7_75t_SL      1    -     -     0    1365    (-,-) 
#--------------------------------------------------------------------------------------------------------------------------------------------



Path 35: VIOLATED (-478 ps) Setup Check with Pin PIPE_OUT_col1_stage_reg_reg[0][13]/CLK->D
           View: PVT_0P63V_100C.setup_view
          Group: clk
     Startpoint: (R) PIPE_OUT_col1_stage_reg_reg[0][24]/CLK
          Clock: (R) clk
       Endpoint: (R) PIPE_OUT_col1_stage_reg_reg[0][13]/D
          Clock: (R) clk

                     Capture       Launch     
        Clock Edge:+    1000            0     
       Src Latency:+       0            0     
       Net Latency:+       0 (I)        0 (I) 
           Arrival:=    1000            0     
                                              
             Setup:-      14                  
       Uncertainty:-     100                  
     Required Time:=     886                  
      Launch Clock:-       0                  
         Data Path:-    1365                  
             Slack:=    -478                  

#--------------------------------------------------------------------------------------------------------------------------------------------
#                   Timing Point                    Flags    Arc    Edge           Cell             Fanout Load Trans Delay Arrival Instance 
#                                                                                                          (fF)  (ps)  (ps)   (ps)  Location 
#--------------------------------------------------------------------------------------------------------------------------------------------
  PIPE_OUT_col1_stage_reg_reg[0][24]/CLK            -       -       R     (arrival)                   1109    -     0     0       0    (-,-) 
  PIPE_OUT_col1_stage_reg_reg[0][24]/QN             -       CLK->QN F     ASYNC_DFFHx1_ASAP7_75t_SL      2  1.8    31    49      49    (-,-) 
  g70517/Y                                          -       B1->Y   R     AOI22x1_ASAP7_75t_SL           4  3.2    64    26      74    (-,-) 
  g70271/Y                                          -       B->Y    F     NOR2xp67_ASAP7_75t_SL          2  1.2    34    20      94    (-,-) 
  g69712__9945/Y                                    -       B->Y    R     NOR2xp33_ASAP7_75t_SL          1  0.8    35    21     115    (-,-) 
  g69659__6131/Y                                    -       B->Y    F     NAND3xp33_ASAP7_75t_SL         2  1.6    42    23     138    (-,-) 
  g69644/Y                                          -       A->Y    R     INVxp67_ASAP7_75t_SL           1  1.3    32    21     158    (-,-) 
  g69551__2802/Y                                    -       A2->Y   F     AOI21x1_ASAP7_75t_SL           1  1.3    25    11     169    (-,-) 
  g69548__3680/Y                                    -       A->Y    F     AND2x4_ASAP7_75t_SL           12 12.2    28    33     202    (-,-) 
  g69450__6161/Y                                    -       B->Y    R     NAND2xp5_ASAP7_75t_SL          1  0.9    32    16     218    (-,-) 
  g69404__6260/Y                                    -       B->Y    R     OA21x2_ASAP7_75t_SL            2  2.4    20    25     243    (-,-) 
  g69254__1666/Y                                    -       A->Y    F     NAND4xp75_ASAP7_75t_SL         1  1.8    30    16     258    (-,-) 
  g69227__1705/Y                                    -       A->Y    R     NOR2x1p5_ASAP7_75t_SL          2  1.8    25    13     272    (-,-) 
  g69205__2346/Y                                    -       B->Y    R     AND2x4_ASAP7_75t_SL            3  4.7    19    23     295    (-,-) 
  g69191/Y                                          -       A->Y    F     INVx4_ASAP7_75t_SL             3  3.8    13     8     303    (-,-) 
  g69177__1881/Y                                    -       B->Y    R     NAND2x2_ASAP7_75t_SL           2  1.9    22    12     315    (-,-) 
  g69103__8428/Y                                    -       B->Y    R     AND2x6_ASAP7_75t_SL           18 14.2    32    32     348    (-,-) 
  g68974__5122/Y                                    -       B->Y    F     NAND2xp5_ASAP7_75t_SL          1  0.9    26    13     361    (-,-) 
  g68953__4733/Y                                    -       B->Y    F     OA21x2_ASAP7_75t_SL            2  2.1    16    22     383    (-,-) 
  g68815__8246/Y                                    -       A1->Y   R     OAI22x1_ASAP7_75t_SL           3  2.0    43    17     400    (-,-) 
  g68718__2883/Y                                    -       B2->Y   R     AO22x1_ASAP7_75t_SL            2  2.0    27    31     431    (-,-) 
  g68637__5115/Y                                    -       B1->Y   F     AOI22xp5_ASAP7_75t_SL          2  1.6    36    17     448    (-,-) 
  g68577__6161/Y                                    -       B1->Y   R     OAI22xp5_ASAP7_75t_SL          1  1.3    43    23     472    (-,-) 
  g68555__7410/Y                                    -       B->Y    R     XOR2xp5_ASAP7_75t_SL           3  2.0    57    35     506    (-,-) 
  addinc_FP32_ALU_col1_fracAdder_add_113_18_g1078/Y -       B->Y    R     AND2x2_ASAP7_75t_SL            2  1.4    16    25     531    (-,-) 
  addinc_FP32_ALU_col1_fracAdder_add_113_18_g976/Y  -       A2->Y   F     AOI21xp5_ASAP7_75t_SL          1  0.9    21    11     542    (-,-) 
  addinc_FP32_ALU_col1_fracAdder_add_113_18_g947/Y  -       B->Y    R     OAI21xp5_ASAP7_75t_SL          2  1.8    45    17     559    (-,-) 
  addinc_FP32_ALU_col1_fracAdder_add_113_18_g914/Y  -       A2->Y   F     AOI21x1_ASAP7_75t_SL           2  1.7    26    13     572    (-,-) 
  addinc_FP32_ALU_col1_fracAdder_add_113_18_g913/Y  -       A->Y    F     BUFx3_ASAP7_75t_SL             6  4.4    17    25     597    (-,-) 
  addinc_FP32_ALU_col1_fracAdder_add_113_18_g892/Y  -       A1->Y   R     OAI21xp5_ASAP7_75t_SL          1  1.3    35    18     615    (-,-) 
  addinc_FP32_ALU_col1_fracAdder_add_113_18_g875/Y  -       B->Y    R     XOR2xp5_ASAP7_75t_SL           2  1.4    43    29     644    (-,-) 
  g69071/Y                                          -       B->Y    R     OR2x2_ASAP7_75t_SL             1  1.8    16    25     669    (-,-) 
  g70787/Y                                          -       A->Y    F     NOR2x1p5_ASAP7_75t_SL          1  1.8    18    12     681    (-,-) 
  g68302/Y                                          -       A->Y    R     NAND4xp75_ASAP7_75t_SL         1  2.6    35    14     695    (-,-) 
  g68300/Y                                          -       A->Y    F     INVx4_ASAP7_75t_SL             1  2.6    15     8     703    (-,-) 
  g68284/Y                                          -       C->Y    R     NAND3x2_ASAP7_75t_SL           4  5.0    43    25     729    (-,-) 
  g68281/Y                                          -       A->Y    F     INVx3_ASAP7_75t_SL             4  4.8    24    14     743    (-,-) 
  g68244/Y                                          -       A2->Y   R     AOI21x1_ASAP7_75t_SL           2  2.4    37    19     762    (-,-) 
  g68221/Y                                          -       A->Y    F     NAND4xp75_ASAP7_75t_SL         1  2.3    39    20     782    (-,-) 
  g68209/Y                                          -       B->Y    R     NOR2x2_ASAP7_75t_SL            5  5.5    39    23     805    (-,-) 
  fopt69389/Y                                       -       A->Y    R     BUFx3_ASAP7_75t_SL             4  3.4    18    24     828    (-,-) 
  fopt69383/Y                                       -       A->Y    F     INVx2_ASAP7_75t_SL             4  3.2    16    11     840    (-,-) 
  g68182/Y                                          -       A1->Y   R     OAI21xp5_ASAP7_75t_SL          1  1.4    38    19     859    (-,-) 
  g68164/Y                                          -       A1->Y   F     AOI21x1_ASAP7_75t_SL           3  2.4    30    18     877    (-,-) 
  g68146/Y                                          -       B->Y    F     AND2x4_ASAP7_75t_SL            4  5.1    16    26     902    (-,-) 
  g68125/Y                                          -       A->Y    R     NOR2x2_ASAP7_75t_SL            1  2.3    22    12     914    (-,-) 
  g68121/Y                                          -       B->Y    F     NAND2x2_ASAP7_75t_SL           2  3.5    20    12     926    (-,-) 
  g68021/Y                                          -       A->Y    R     NAND3x2_ASAP7_75t_SL           2  3.4    51    19     945    (-,-) 
  fopt71226/Y                                       -       A->Y    F     INVx3_ASAP7_75t_SL             1  1.4    17     7     952    (-,-) 
  g67929/Y                                          -       A1->Y   R     OAI22x1_ASAP7_75t_SL           1  2.6    45    20     972    (-,-) 
  g67912/Y                                          -       A->Y    R     BUFx12f_ASAP7_75t_SL          21 22.6    27    28    1000    (-,-) 
  g67901/Y                                          -       A->Y    R     BUFx3_ASAP7_75t_SL             5  3.5    17    22    1022    (-,-) 
  g67900/Y                                          -       A->Y    F     INVx1_ASAP7_75t_L              2  1.5    17    13    1035    (-,-) 
  g67772/Y                                          -       A1->Y   R     AOI22xp5_ASAP7_75t_SL          2  2.1    55    27    1062    (-,-) 
  g67684/Y                                          -       A1->Y   F     OAI22x1_ASAP7_75t_SL           2  2.5    38    22    1083    (-,-) 
  g67653/Y                                          -       A->Y    R     INVx2_ASAP7_75t_SL             1  1.4    18    12    1095    (-,-) 
  g67552/Y                                          -       A1->Y   F     OAI22x1_ASAP7_75t_SL           1  1.4    23    13    1108    (-,-) 
  g67412/Y                                          -       B->Y    R     AOI21x1_ASAP7_75t_SL           1  1.3    25    16    1124    (-,-) 
  g67334/Y                                          -       A->Y    F     NAND2x1_ASAP7_75t_SL           2  2.3    26    13    1137    (-,-) 
  g67234/Y                                          -       B->Y    R     NAND4xp75_ASAP7_75t_SL         2  2.4    29    17    1154    (-,-) 
  g67199/Y                                          -       A->Y    F     NOR2x1p5_ASAP7_75t_SL          1  1.8    20    14    1168    (-,-) 
  g67149/Y                                          -       B->Y    R     NAND2x1p5_ASAP7_75t_SL         3  4.8    40    22    1189    (-,-) 
  fopt71239/Y                                       -       A->Y    F     INVx4_ASAP7_75t_SL             1  1.8    14     7    1196    (-,-) 
  g67091/Y                                          -       B->Y    R     NAND2x1p5_ASAP7_75t_SL         2  2.0    25    13    1209    (-,-) 
  g71162/Y                                          -       B->Y    R     XOR2xp5_ASAP7_75t_SL           2  1.4    42    28    1238    (-,-) 
  g66984/Y                                          -       B->Y    F     NAND3xp33_ASAP7_75t_SL         1  1.0    35    18    1256    (-,-) 
  g71145/Y                                          -       B->Y    R     NOR2xp67_ASAP7_75t_SL          1  0.8    26    15    1270    (-,-) 
  g66962/Y                                          -       B->Y    F     NAND3xp33_ASAP7_75t_SL         1  0.9    34    16    1286    (-,-) 
  g66960/Y                                          -       A1->Y   R     OAI21xp5_ASAP7_75t_SL          1  1.3    38    21    1306    (-,-) 
  g66959/Y                                          -       B->Y    R     AND2x4_ASAP7_75t_SL            2  6.3    23    27    1333    (-,-) 
  fopt69395/Y                                       -       A->Y    F     INVx5_ASAP7_75t_SL            20 13.2    25    16    1349    (-,-) 
  g66925/Y                                          -       B->Y    R     NAND2xp5_ASAP7_75t_SL          1  0.9    24    15    1365    (-,-) 
  PIPE_OUT_col1_stage_reg_reg[0][13]/D              -       -       R     ASYNC_DFFHx1_ASAP7_75t_SL      1    -     -     0    1365    (-,-) 
#--------------------------------------------------------------------------------------------------------------------------------------------



Path 36: VIOLATED (-478 ps) Setup Check with Pin PIPE_OUT_col1_stage_reg_reg[0][11]/CLK->D
           View: PVT_0P63V_100C.setup_view
          Group: clk
     Startpoint: (R) PIPE_OUT_col1_stage_reg_reg[0][24]/CLK
          Clock: (R) clk
       Endpoint: (R) PIPE_OUT_col1_stage_reg_reg[0][11]/D
          Clock: (R) clk

                     Capture       Launch     
        Clock Edge:+    1000            0     
       Src Latency:+       0            0     
       Net Latency:+       0 (I)        0 (I) 
           Arrival:=    1000            0     
                                              
             Setup:-      14                  
       Uncertainty:-     100                  
     Required Time:=     886                  
      Launch Clock:-       0                  
         Data Path:-    1365                  
             Slack:=    -478                  

#--------------------------------------------------------------------------------------------------------------------------------------------
#                   Timing Point                    Flags    Arc    Edge           Cell             Fanout Load Trans Delay Arrival Instance 
#                                                                                                          (fF)  (ps)  (ps)   (ps)  Location 
#--------------------------------------------------------------------------------------------------------------------------------------------
  PIPE_OUT_col1_stage_reg_reg[0][24]/CLK            -       -       R     (arrival)                   1109    -     0     0       0    (-,-) 
  PIPE_OUT_col1_stage_reg_reg[0][24]/QN             -       CLK->QN F     ASYNC_DFFHx1_ASAP7_75t_SL      2  1.8    31    49      49    (-,-) 
  g70517/Y                                          -       B1->Y   R     AOI22x1_ASAP7_75t_SL           4  3.2    64    26      74    (-,-) 
  g70271/Y                                          -       B->Y    F     NOR2xp67_ASAP7_75t_SL          2  1.2    34    20      94    (-,-) 
  g69712__9945/Y                                    -       B->Y    R     NOR2xp33_ASAP7_75t_SL          1  0.8    35    21     115    (-,-) 
  g69659__6131/Y                                    -       B->Y    F     NAND3xp33_ASAP7_75t_SL         2  1.6    42    23     138    (-,-) 
  g69644/Y                                          -       A->Y    R     INVxp67_ASAP7_75t_SL           1  1.3    32    21     158    (-,-) 
  g69551__2802/Y                                    -       A2->Y   F     AOI21x1_ASAP7_75t_SL           1  1.3    25    11     169    (-,-) 
  g69548__3680/Y                                    -       A->Y    F     AND2x4_ASAP7_75t_SL           12 12.2    28    33     202    (-,-) 
  g69450__6161/Y                                    -       B->Y    R     NAND2xp5_ASAP7_75t_SL          1  0.9    32    16     218    (-,-) 
  g69404__6260/Y                                    -       B->Y    R     OA21x2_ASAP7_75t_SL            2  2.4    20    25     243    (-,-) 
  g69254__1666/Y                                    -       A->Y    F     NAND4xp75_ASAP7_75t_SL         1  1.8    30    16     258    (-,-) 
  g69227__1705/Y                                    -       A->Y    R     NOR2x1p5_ASAP7_75t_SL          2  1.8    25    13     272    (-,-) 
  g69205__2346/Y                                    -       B->Y    R     AND2x4_ASAP7_75t_SL            3  4.7    19    23     295    (-,-) 
  g69191/Y                                          -       A->Y    F     INVx4_ASAP7_75t_SL             3  3.8    13     8     303    (-,-) 
  g69177__1881/Y                                    -       B->Y    R     NAND2x2_ASAP7_75t_SL           2  1.9    22    12     315    (-,-) 
  g69103__8428/Y                                    -       B->Y    R     AND2x6_ASAP7_75t_SL           18 14.2    32    32     348    (-,-) 
  g68974__5122/Y                                    -       B->Y    F     NAND2xp5_ASAP7_75t_SL          1  0.9    26    13     361    (-,-) 
  g68953__4733/Y                                    -       B->Y    F     OA21x2_ASAP7_75t_SL            2  2.1    16    22     383    (-,-) 
  g68815__8246/Y                                    -       A1->Y   R     OAI22x1_ASAP7_75t_SL           3  2.0    43    17     400    (-,-) 
  g68718__2883/Y                                    -       B2->Y   R     AO22x1_ASAP7_75t_SL            2  2.0    27    31     431    (-,-) 
  g68637__5115/Y                                    -       B1->Y   F     AOI22xp5_ASAP7_75t_SL          2  1.6    36    17     448    (-,-) 
  g68577__6161/Y                                    -       B1->Y   R     OAI22xp5_ASAP7_75t_SL          1  1.3    43    23     472    (-,-) 
  g68555__7410/Y                                    -       B->Y    R     XOR2xp5_ASAP7_75t_SL           3  2.0    57    35     506    (-,-) 
  addinc_FP32_ALU_col1_fracAdder_add_113_18_g1078/Y -       B->Y    R     AND2x2_ASAP7_75t_SL            2  1.4    16    25     531    (-,-) 
  addinc_FP32_ALU_col1_fracAdder_add_113_18_g976/Y  -       A2->Y   F     AOI21xp5_ASAP7_75t_SL          1  0.9    21    11     542    (-,-) 
  addinc_FP32_ALU_col1_fracAdder_add_113_18_g947/Y  -       B->Y    R     OAI21xp5_ASAP7_75t_SL          2  1.8    45    17     559    (-,-) 
  addinc_FP32_ALU_col1_fracAdder_add_113_18_g914/Y  -       A2->Y   F     AOI21x1_ASAP7_75t_SL           2  1.7    26    13     572    (-,-) 
  addinc_FP32_ALU_col1_fracAdder_add_113_18_g913/Y  -       A->Y    F     BUFx3_ASAP7_75t_SL             6  4.4    17    25     597    (-,-) 
  addinc_FP32_ALU_col1_fracAdder_add_113_18_g892/Y  -       A1->Y   R     OAI21xp5_ASAP7_75t_SL          1  1.3    35    18     615    (-,-) 
  addinc_FP32_ALU_col1_fracAdder_add_113_18_g875/Y  -       B->Y    R     XOR2xp5_ASAP7_75t_SL           2  1.4    43    29     644    (-,-) 
  g69071/Y                                          -       B->Y    R     OR2x2_ASAP7_75t_SL             1  1.8    16    25     669    (-,-) 
  g70787/Y                                          -       A->Y    F     NOR2x1p5_ASAP7_75t_SL          1  1.8    18    12     681    (-,-) 
  g68302/Y                                          -       A->Y    R     NAND4xp75_ASAP7_75t_SL         1  2.6    35    14     695    (-,-) 
  g68300/Y                                          -       A->Y    F     INVx4_ASAP7_75t_SL             1  2.6    15     8     703    (-,-) 
  g68284/Y                                          -       C->Y    R     NAND3x2_ASAP7_75t_SL           4  5.0    43    25     729    (-,-) 
  g68281/Y                                          -       A->Y    F     INVx3_ASAP7_75t_SL             4  4.8    24    14     743    (-,-) 
  g68244/Y                                          -       A2->Y   R     AOI21x1_ASAP7_75t_SL           2  2.4    37    19     762    (-,-) 
  g68221/Y                                          -       A->Y    F     NAND4xp75_ASAP7_75t_SL         1  2.3    39    20     782    (-,-) 
  g68209/Y                                          -       B->Y    R     NOR2x2_ASAP7_75t_SL            5  5.5    39    23     805    (-,-) 
  fopt69389/Y                                       -       A->Y    R     BUFx3_ASAP7_75t_SL             4  3.4    18    24     828    (-,-) 
  fopt69383/Y                                       -       A->Y    F     INVx2_ASAP7_75t_SL             4  3.2    16    11     840    (-,-) 
  g68182/Y                                          -       A1->Y   R     OAI21xp5_ASAP7_75t_SL          1  1.4    38    19     859    (-,-) 
  g68164/Y                                          -       A1->Y   F     AOI21x1_ASAP7_75t_SL           3  2.4    30    18     877    (-,-) 
  g68146/Y                                          -       B->Y    F     AND2x4_ASAP7_75t_SL            4  5.1    16    26     902    (-,-) 
  g68125/Y                                          -       A->Y    R     NOR2x2_ASAP7_75t_SL            1  2.3    22    12     914    (-,-) 
  g68121/Y                                          -       B->Y    F     NAND2x2_ASAP7_75t_SL           2  3.5    20    12     926    (-,-) 
  g68021/Y                                          -       A->Y    R     NAND3x2_ASAP7_75t_SL           2  3.4    51    19     945    (-,-) 
  fopt71226/Y                                       -       A->Y    F     INVx3_ASAP7_75t_SL             1  1.4    17     7     952    (-,-) 
  g67929/Y                                          -       A1->Y   R     OAI22x1_ASAP7_75t_SL           1  2.6    45    20     972    (-,-) 
  g67912/Y                                          -       A->Y    R     BUFx12f_ASAP7_75t_SL          21 22.6    27    28    1000    (-,-) 
  g67901/Y                                          -       A->Y    R     BUFx3_ASAP7_75t_SL             5  3.5    17    22    1022    (-,-) 
  g67900/Y                                          -       A->Y    F     INVx1_ASAP7_75t_L              2  1.5    17    13    1035    (-,-) 
  g67772/Y                                          -       A1->Y   R     AOI22xp5_ASAP7_75t_SL          2  2.1    55    27    1062    (-,-) 
  g67684/Y                                          -       A1->Y   F     OAI22x1_ASAP7_75t_SL           2  2.5    38    22    1083    (-,-) 
  g67653/Y                                          -       A->Y    R     INVx2_ASAP7_75t_SL             1  1.4    18    12    1095    (-,-) 
  g67552/Y                                          -       A1->Y   F     OAI22x1_ASAP7_75t_SL           1  1.4    23    13    1108    (-,-) 
  g67412/Y                                          -       B->Y    R     AOI21x1_ASAP7_75t_SL           1  1.3    25    16    1124    (-,-) 
  g67334/Y                                          -       A->Y    F     NAND2x1_ASAP7_75t_SL           2  2.3    26    13    1137    (-,-) 
  g67234/Y                                          -       B->Y    R     NAND4xp75_ASAP7_75t_SL         2  2.4    29    17    1154    (-,-) 
  g67199/Y                                          -       A->Y    F     NOR2x1p5_ASAP7_75t_SL          1  1.8    20    14    1168    (-,-) 
  g67149/Y                                          -       B->Y    R     NAND2x1p5_ASAP7_75t_SL         3  4.8    40    22    1189    (-,-) 
  fopt71239/Y                                       -       A->Y    F     INVx4_ASAP7_75t_SL             1  1.8    14     7    1196    (-,-) 
  g67091/Y                                          -       B->Y    R     NAND2x1p5_ASAP7_75t_SL         2  2.0    25    13    1209    (-,-) 
  g71162/Y                                          -       B->Y    R     XOR2xp5_ASAP7_75t_SL           2  1.4    42    28    1238    (-,-) 
  g66984/Y                                          -       B->Y    F     NAND3xp33_ASAP7_75t_SL         1  1.0    35    18    1256    (-,-) 
  g71145/Y                                          -       B->Y    R     NOR2xp67_ASAP7_75t_SL          1  0.8    26    15    1270    (-,-) 
  g66962/Y                                          -       B->Y    F     NAND3xp33_ASAP7_75t_SL         1  0.9    34    16    1286    (-,-) 
  g66960/Y                                          -       A1->Y   R     OAI21xp5_ASAP7_75t_SL          1  1.3    38    21    1306    (-,-) 
  g66959/Y                                          -       B->Y    R     AND2x4_ASAP7_75t_SL            2  6.3    23    27    1333    (-,-) 
  fopt69395/Y                                       -       A->Y    F     INVx5_ASAP7_75t_SL            20 13.2    25    16    1349    (-,-) 
  g66923/Y                                          -       B->Y    R     NAND2xp5_ASAP7_75t_SL          1  0.9    24    15    1365    (-,-) 
  PIPE_OUT_col1_stage_reg_reg[0][11]/D              -       -       R     ASYNC_DFFHx1_ASAP7_75t_SL      1    -     -     0    1365    (-,-) 
#--------------------------------------------------------------------------------------------------------------------------------------------



Path 37: VIOLATED (-478 ps) Setup Check with Pin PIPE_OUT_col1_stage_reg_reg[0][10]/CLK->D
           View: PVT_0P63V_100C.setup_view
          Group: clk
     Startpoint: (R) PIPE_OUT_col1_stage_reg_reg[0][24]/CLK
          Clock: (R) clk
       Endpoint: (R) PIPE_OUT_col1_stage_reg_reg[0][10]/D
          Clock: (R) clk

                     Capture       Launch     
        Clock Edge:+    1000            0     
       Src Latency:+       0            0     
       Net Latency:+       0 (I)        0 (I) 
           Arrival:=    1000            0     
                                              
             Setup:-      14                  
       Uncertainty:-     100                  
     Required Time:=     886                  
      Launch Clock:-       0                  
         Data Path:-    1365                  
             Slack:=    -478                  

#--------------------------------------------------------------------------------------------------------------------------------------------
#                   Timing Point                    Flags    Arc    Edge           Cell             Fanout Load Trans Delay Arrival Instance 
#                                                                                                          (fF)  (ps)  (ps)   (ps)  Location 
#--------------------------------------------------------------------------------------------------------------------------------------------
  PIPE_OUT_col1_stage_reg_reg[0][24]/CLK            -       -       R     (arrival)                   1109    -     0     0       0    (-,-) 
  PIPE_OUT_col1_stage_reg_reg[0][24]/QN             -       CLK->QN F     ASYNC_DFFHx1_ASAP7_75t_SL      2  1.8    31    49      49    (-,-) 
  g70517/Y                                          -       B1->Y   R     AOI22x1_ASAP7_75t_SL           4  3.2    64    26      74    (-,-) 
  g70271/Y                                          -       B->Y    F     NOR2xp67_ASAP7_75t_SL          2  1.2    34    20      94    (-,-) 
  g69712__9945/Y                                    -       B->Y    R     NOR2xp33_ASAP7_75t_SL          1  0.8    35    21     115    (-,-) 
  g69659__6131/Y                                    -       B->Y    F     NAND3xp33_ASAP7_75t_SL         2  1.6    42    23     138    (-,-) 
  g69644/Y                                          -       A->Y    R     INVxp67_ASAP7_75t_SL           1  1.3    32    21     158    (-,-) 
  g69551__2802/Y                                    -       A2->Y   F     AOI21x1_ASAP7_75t_SL           1  1.3    25    11     169    (-,-) 
  g69548__3680/Y                                    -       A->Y    F     AND2x4_ASAP7_75t_SL           12 12.2    28    33     202    (-,-) 
  g69450__6161/Y                                    -       B->Y    R     NAND2xp5_ASAP7_75t_SL          1  0.9    32    16     218    (-,-) 
  g69404__6260/Y                                    -       B->Y    R     OA21x2_ASAP7_75t_SL            2  2.4    20    25     243    (-,-) 
  g69254__1666/Y                                    -       A->Y    F     NAND4xp75_ASAP7_75t_SL         1  1.8    30    16     258    (-,-) 
  g69227__1705/Y                                    -       A->Y    R     NOR2x1p5_ASAP7_75t_SL          2  1.8    25    13     272    (-,-) 
  g69205__2346/Y                                    -       B->Y    R     AND2x4_ASAP7_75t_SL            3  4.7    19    23     295    (-,-) 
  g69191/Y                                          -       A->Y    F     INVx4_ASAP7_75t_SL             3  3.8    13     8     303    (-,-) 
  g69177__1881/Y                                    -       B->Y    R     NAND2x2_ASAP7_75t_SL           2  1.9    22    12     315    (-,-) 
  g69103__8428/Y                                    -       B->Y    R     AND2x6_ASAP7_75t_SL           18 14.2    32    32     348    (-,-) 
  g68974__5122/Y                                    -       B->Y    F     NAND2xp5_ASAP7_75t_SL          1  0.9    26    13     361    (-,-) 
  g68953__4733/Y                                    -       B->Y    F     OA21x2_ASAP7_75t_SL            2  2.1    16    22     383    (-,-) 
  g68815__8246/Y                                    -       A1->Y   R     OAI22x1_ASAP7_75t_SL           3  2.0    43    17     400    (-,-) 
  g68718__2883/Y                                    -       B2->Y   R     AO22x1_ASAP7_75t_SL            2  2.0    27    31     431    (-,-) 
  g68637__5115/Y                                    -       B1->Y   F     AOI22xp5_ASAP7_75t_SL          2  1.6    36    17     448    (-,-) 
  g68577__6161/Y                                    -       B1->Y   R     OAI22xp5_ASAP7_75t_SL          1  1.3    43    23     472    (-,-) 
  g68555__7410/Y                                    -       B->Y    R     XOR2xp5_ASAP7_75t_SL           3  2.0    57    35     506    (-,-) 
  addinc_FP32_ALU_col1_fracAdder_add_113_18_g1078/Y -       B->Y    R     AND2x2_ASAP7_75t_SL            2  1.4    16    25     531    (-,-) 
  addinc_FP32_ALU_col1_fracAdder_add_113_18_g976/Y  -       A2->Y   F     AOI21xp5_ASAP7_75t_SL          1  0.9    21    11     542    (-,-) 
  addinc_FP32_ALU_col1_fracAdder_add_113_18_g947/Y  -       B->Y    R     OAI21xp5_ASAP7_75t_SL          2  1.8    45    17     559    (-,-) 
  addinc_FP32_ALU_col1_fracAdder_add_113_18_g914/Y  -       A2->Y   F     AOI21x1_ASAP7_75t_SL           2  1.7    26    13     572    (-,-) 
  addinc_FP32_ALU_col1_fracAdder_add_113_18_g913/Y  -       A->Y    F     BUFx3_ASAP7_75t_SL             6  4.4    17    25     597    (-,-) 
  addinc_FP32_ALU_col1_fracAdder_add_113_18_g892/Y  -       A1->Y   R     OAI21xp5_ASAP7_75t_SL          1  1.3    35    18     615    (-,-) 
  addinc_FP32_ALU_col1_fracAdder_add_113_18_g875/Y  -       B->Y    R     XOR2xp5_ASAP7_75t_SL           2  1.4    43    29     644    (-,-) 
  g69071/Y                                          -       B->Y    R     OR2x2_ASAP7_75t_SL             1  1.8    16    25     669    (-,-) 
  g70787/Y                                          -       A->Y    F     NOR2x1p5_ASAP7_75t_SL          1  1.8    18    12     681    (-,-) 
  g68302/Y                                          -       A->Y    R     NAND4xp75_ASAP7_75t_SL         1  2.6    35    14     695    (-,-) 
  g68300/Y                                          -       A->Y    F     INVx4_ASAP7_75t_SL             1  2.6    15     8     703    (-,-) 
  g68284/Y                                          -       C->Y    R     NAND3x2_ASAP7_75t_SL           4  5.0    43    25     729    (-,-) 
  g68281/Y                                          -       A->Y    F     INVx3_ASAP7_75t_SL             4  4.8    24    14     743    (-,-) 
  g68244/Y                                          -       A2->Y   R     AOI21x1_ASAP7_75t_SL           2  2.4    37    19     762    (-,-) 
  g68221/Y                                          -       A->Y    F     NAND4xp75_ASAP7_75t_SL         1  2.3    39    20     782    (-,-) 
  g68209/Y                                          -       B->Y    R     NOR2x2_ASAP7_75t_SL            5  5.5    39    23     805    (-,-) 
  fopt69389/Y                                       -       A->Y    R     BUFx3_ASAP7_75t_SL             4  3.4    18    24     828    (-,-) 
  fopt69383/Y                                       -       A->Y    F     INVx2_ASAP7_75t_SL             4  3.2    16    11     840    (-,-) 
  g68182/Y                                          -       A1->Y   R     OAI21xp5_ASAP7_75t_SL          1  1.4    38    19     859    (-,-) 
  g68164/Y                                          -       A1->Y   F     AOI21x1_ASAP7_75t_SL           3  2.4    30    18     877    (-,-) 
  g68146/Y                                          -       B->Y    F     AND2x4_ASAP7_75t_SL            4  5.1    16    26     902    (-,-) 
  g68125/Y                                          -       A->Y    R     NOR2x2_ASAP7_75t_SL            1  2.3    22    12     914    (-,-) 
  g68121/Y                                          -       B->Y    F     NAND2x2_ASAP7_75t_SL           2  3.5    20    12     926    (-,-) 
  g68021/Y                                          -       A->Y    R     NAND3x2_ASAP7_75t_SL           2  3.4    51    19     945    (-,-) 
  fopt71226/Y                                       -       A->Y    F     INVx3_ASAP7_75t_SL             1  1.4    17     7     952    (-,-) 
  g67929/Y                                          -       A1->Y   R     OAI22x1_ASAP7_75t_SL           1  2.6    45    20     972    (-,-) 
  g67912/Y                                          -       A->Y    R     BUFx12f_ASAP7_75t_SL          21 22.6    27    28    1000    (-,-) 
  g67901/Y                                          -       A->Y    R     BUFx3_ASAP7_75t_SL             5  3.5    17    22    1022    (-,-) 
  g67900/Y                                          -       A->Y    F     INVx1_ASAP7_75t_L              2  1.5    17    13    1035    (-,-) 
  g67772/Y                                          -       A1->Y   R     AOI22xp5_ASAP7_75t_SL          2  2.1    55    27    1062    (-,-) 
  g67684/Y                                          -       A1->Y   F     OAI22x1_ASAP7_75t_SL           2  2.5    38    22    1083    (-,-) 
  g67653/Y                                          -       A->Y    R     INVx2_ASAP7_75t_SL             1  1.4    18    12    1095    (-,-) 
  g67552/Y                                          -       A1->Y   F     OAI22x1_ASAP7_75t_SL           1  1.4    23    13    1108    (-,-) 
  g67412/Y                                          -       B->Y    R     AOI21x1_ASAP7_75t_SL           1  1.3    25    16    1124    (-,-) 
  g67334/Y                                          -       A->Y    F     NAND2x1_ASAP7_75t_SL           2  2.3    26    13    1137    (-,-) 
  g67234/Y                                          -       B->Y    R     NAND4xp75_ASAP7_75t_SL         2  2.4    29    17    1154    (-,-) 
  g67199/Y                                          -       A->Y    F     NOR2x1p5_ASAP7_75t_SL          1  1.8    20    14    1168    (-,-) 
  g67149/Y                                          -       B->Y    R     NAND2x1p5_ASAP7_75t_SL         3  4.8    40    22    1189    (-,-) 
  fopt71239/Y                                       -       A->Y    F     INVx4_ASAP7_75t_SL             1  1.8    14     7    1196    (-,-) 
  g67091/Y                                          -       B->Y    R     NAND2x1p5_ASAP7_75t_SL         2  2.0    25    13    1209    (-,-) 
  g71162/Y                                          -       B->Y    R     XOR2xp5_ASAP7_75t_SL           2  1.4    42    28    1238    (-,-) 
  g66984/Y                                          -       B->Y    F     NAND3xp33_ASAP7_75t_SL         1  1.0    35    18    1256    (-,-) 
  g71145/Y                                          -       B->Y    R     NOR2xp67_ASAP7_75t_SL          1  0.8    26    15    1270    (-,-) 
  g66962/Y                                          -       B->Y    F     NAND3xp33_ASAP7_75t_SL         1  0.9    34    16    1286    (-,-) 
  g66960/Y                                          -       A1->Y   R     OAI21xp5_ASAP7_75t_SL          1  1.3    38    21    1306    (-,-) 
  g66959/Y                                          -       B->Y    R     AND2x4_ASAP7_75t_SL            2  6.3    23    27    1333    (-,-) 
  fopt69395/Y                                       -       A->Y    F     INVx5_ASAP7_75t_SL            20 13.2    25    16    1349    (-,-) 
  g66922/Y                                          -       B->Y    R     NAND2xp5_ASAP7_75t_SL          1  0.9    24    15    1365    (-,-) 
  PIPE_OUT_col1_stage_reg_reg[0][10]/D              -       -       R     ASYNC_DFFHx1_ASAP7_75t_SL      1    -     -     0    1365    (-,-) 
#--------------------------------------------------------------------------------------------------------------------------------------------



Path 38: VIOLATED (-478 ps) Setup Check with Pin PIPE_OUT_col1_stage_reg_reg[0][9]/CLK->D
           View: PVT_0P63V_100C.setup_view
          Group: clk
     Startpoint: (R) PIPE_OUT_col1_stage_reg_reg[0][24]/CLK
          Clock: (R) clk
       Endpoint: (R) PIPE_OUT_col1_stage_reg_reg[0][9]/D
          Clock: (R) clk

                     Capture       Launch     
        Clock Edge:+    1000            0     
       Src Latency:+       0            0     
       Net Latency:+       0 (I)        0 (I) 
           Arrival:=    1000            0     
                                              
             Setup:-      14                  
       Uncertainty:-     100                  
     Required Time:=     886                  
      Launch Clock:-       0                  
         Data Path:-    1365                  
             Slack:=    -478                  

#--------------------------------------------------------------------------------------------------------------------------------------------
#                   Timing Point                    Flags    Arc    Edge           Cell             Fanout Load Trans Delay Arrival Instance 
#                                                                                                          (fF)  (ps)  (ps)   (ps)  Location 
#--------------------------------------------------------------------------------------------------------------------------------------------
  PIPE_OUT_col1_stage_reg_reg[0][24]/CLK            -       -       R     (arrival)                   1109    -     0     0       0    (-,-) 
  PIPE_OUT_col1_stage_reg_reg[0][24]/QN             -       CLK->QN F     ASYNC_DFFHx1_ASAP7_75t_SL      2  1.8    31    49      49    (-,-) 
  g70517/Y                                          -       B1->Y   R     AOI22x1_ASAP7_75t_SL           4  3.2    64    26      74    (-,-) 
  g70271/Y                                          -       B->Y    F     NOR2xp67_ASAP7_75t_SL          2  1.2    34    20      94    (-,-) 
  g69712__9945/Y                                    -       B->Y    R     NOR2xp33_ASAP7_75t_SL          1  0.8    35    21     115    (-,-) 
  g69659__6131/Y                                    -       B->Y    F     NAND3xp33_ASAP7_75t_SL         2  1.6    42    23     138    (-,-) 
  g69644/Y                                          -       A->Y    R     INVxp67_ASAP7_75t_SL           1  1.3    32    21     158    (-,-) 
  g69551__2802/Y                                    -       A2->Y   F     AOI21x1_ASAP7_75t_SL           1  1.3    25    11     169    (-,-) 
  g69548__3680/Y                                    -       A->Y    F     AND2x4_ASAP7_75t_SL           12 12.2    28    33     202    (-,-) 
  g69450__6161/Y                                    -       B->Y    R     NAND2xp5_ASAP7_75t_SL          1  0.9    32    16     218    (-,-) 
  g69404__6260/Y                                    -       B->Y    R     OA21x2_ASAP7_75t_SL            2  2.4    20    25     243    (-,-) 
  g69254__1666/Y                                    -       A->Y    F     NAND4xp75_ASAP7_75t_SL         1  1.8    30    16     258    (-,-) 
  g69227__1705/Y                                    -       A->Y    R     NOR2x1p5_ASAP7_75t_SL          2  1.8    25    13     272    (-,-) 
  g69205__2346/Y                                    -       B->Y    R     AND2x4_ASAP7_75t_SL            3  4.7    19    23     295    (-,-) 
  g69191/Y                                          -       A->Y    F     INVx4_ASAP7_75t_SL             3  3.8    13     8     303    (-,-) 
  g69177__1881/Y                                    -       B->Y    R     NAND2x2_ASAP7_75t_SL           2  1.9    22    12     315    (-,-) 
  g69103__8428/Y                                    -       B->Y    R     AND2x6_ASAP7_75t_SL           18 14.2    32    32     348    (-,-) 
  g68974__5122/Y                                    -       B->Y    F     NAND2xp5_ASAP7_75t_SL          1  0.9    26    13     361    (-,-) 
  g68953__4733/Y                                    -       B->Y    F     OA21x2_ASAP7_75t_SL            2  2.1    16    22     383    (-,-) 
  g68815__8246/Y                                    -       A1->Y   R     OAI22x1_ASAP7_75t_SL           3  2.0    43    17     400    (-,-) 
  g68718__2883/Y                                    -       B2->Y   R     AO22x1_ASAP7_75t_SL            2  2.0    27    31     431    (-,-) 
  g68637__5115/Y                                    -       B1->Y   F     AOI22xp5_ASAP7_75t_SL          2  1.6    36    17     448    (-,-) 
  g68577__6161/Y                                    -       B1->Y   R     OAI22xp5_ASAP7_75t_SL          1  1.3    43    23     472    (-,-) 
  g68555__7410/Y                                    -       B->Y    R     XOR2xp5_ASAP7_75t_SL           3  2.0    57    35     506    (-,-) 
  addinc_FP32_ALU_col1_fracAdder_add_113_18_g1078/Y -       B->Y    R     AND2x2_ASAP7_75t_SL            2  1.4    16    25     531    (-,-) 
  addinc_FP32_ALU_col1_fracAdder_add_113_18_g976/Y  -       A2->Y   F     AOI21xp5_ASAP7_75t_SL          1  0.9    21    11     542    (-,-) 
  addinc_FP32_ALU_col1_fracAdder_add_113_18_g947/Y  -       B->Y    R     OAI21xp5_ASAP7_75t_SL          2  1.8    45    17     559    (-,-) 
  addinc_FP32_ALU_col1_fracAdder_add_113_18_g914/Y  -       A2->Y   F     AOI21x1_ASAP7_75t_SL           2  1.7    26    13     572    (-,-) 
  addinc_FP32_ALU_col1_fracAdder_add_113_18_g913/Y  -       A->Y    F     BUFx3_ASAP7_75t_SL             6  4.4    17    25     597    (-,-) 
  addinc_FP32_ALU_col1_fracAdder_add_113_18_g892/Y  -       A1->Y   R     OAI21xp5_ASAP7_75t_SL          1  1.3    35    18     615    (-,-) 
  addinc_FP32_ALU_col1_fracAdder_add_113_18_g875/Y  -       B->Y    R     XOR2xp5_ASAP7_75t_SL           2  1.4    43    29     644    (-,-) 
  g69071/Y                                          -       B->Y    R     OR2x2_ASAP7_75t_SL             1  1.8    16    25     669    (-,-) 
  g70787/Y                                          -       A->Y    F     NOR2x1p5_ASAP7_75t_SL          1  1.8    18    12     681    (-,-) 
  g68302/Y                                          -       A->Y    R     NAND4xp75_ASAP7_75t_SL         1  2.6    35    14     695    (-,-) 
  g68300/Y                                          -       A->Y    F     INVx4_ASAP7_75t_SL             1  2.6    15     8     703    (-,-) 
  g68284/Y                                          -       C->Y    R     NAND3x2_ASAP7_75t_SL           4  5.0    43    25     729    (-,-) 
  g68281/Y                                          -       A->Y    F     INVx3_ASAP7_75t_SL             4  4.8    24    14     743    (-,-) 
  g68244/Y                                          -       A2->Y   R     AOI21x1_ASAP7_75t_SL           2  2.4    37    19     762    (-,-) 
  g68221/Y                                          -       A->Y    F     NAND4xp75_ASAP7_75t_SL         1  2.3    39    20     782    (-,-) 
  g68209/Y                                          -       B->Y    R     NOR2x2_ASAP7_75t_SL            5  5.5    39    23     805    (-,-) 
  fopt69389/Y                                       -       A->Y    R     BUFx3_ASAP7_75t_SL             4  3.4    18    24     828    (-,-) 
  fopt69383/Y                                       -       A->Y    F     INVx2_ASAP7_75t_SL             4  3.2    16    11     840    (-,-) 
  g68182/Y                                          -       A1->Y   R     OAI21xp5_ASAP7_75t_SL          1  1.4    38    19     859    (-,-) 
  g68164/Y                                          -       A1->Y   F     AOI21x1_ASAP7_75t_SL           3  2.4    30    18     877    (-,-) 
  g68146/Y                                          -       B->Y    F     AND2x4_ASAP7_75t_SL            4  5.1    16    26     902    (-,-) 
  g68125/Y                                          -       A->Y    R     NOR2x2_ASAP7_75t_SL            1  2.3    22    12     914    (-,-) 
  g68121/Y                                          -       B->Y    F     NAND2x2_ASAP7_75t_SL           2  3.5    20    12     926    (-,-) 
  g68021/Y                                          -       A->Y    R     NAND3x2_ASAP7_75t_SL           2  3.4    51    19     945    (-,-) 
  fopt71226/Y                                       -       A->Y    F     INVx3_ASAP7_75t_SL             1  1.4    17     7     952    (-,-) 
  g67929/Y                                          -       A1->Y   R     OAI22x1_ASAP7_75t_SL           1  2.6    45    20     972    (-,-) 
  g67912/Y                                          -       A->Y    R     BUFx12f_ASAP7_75t_SL          21 22.6    27    28    1000    (-,-) 
  g67901/Y                                          -       A->Y    R     BUFx3_ASAP7_75t_SL             5  3.5    17    22    1022    (-,-) 
  g67900/Y                                          -       A->Y    F     INVx1_ASAP7_75t_L              2  1.5    17    13    1035    (-,-) 
  g67772/Y                                          -       A1->Y   R     AOI22xp5_ASAP7_75t_SL          2  2.1    55    27    1062    (-,-) 
  g67684/Y                                          -       A1->Y   F     OAI22x1_ASAP7_75t_SL           2  2.5    38    22    1083    (-,-) 
  g67653/Y                                          -       A->Y    R     INVx2_ASAP7_75t_SL             1  1.4    18    12    1095    (-,-) 
  g67552/Y                                          -       A1->Y   F     OAI22x1_ASAP7_75t_SL           1  1.4    23    13    1108    (-,-) 
  g67412/Y                                          -       B->Y    R     AOI21x1_ASAP7_75t_SL           1  1.3    25    16    1124    (-,-) 
  g67334/Y                                          -       A->Y    F     NAND2x1_ASAP7_75t_SL           2  2.3    26    13    1137    (-,-) 
  g67234/Y                                          -       B->Y    R     NAND4xp75_ASAP7_75t_SL         2  2.4    29    17    1154    (-,-) 
  g67199/Y                                          -       A->Y    F     NOR2x1p5_ASAP7_75t_SL          1  1.8    20    14    1168    (-,-) 
  g67149/Y                                          -       B->Y    R     NAND2x1p5_ASAP7_75t_SL         3  4.8    40    22    1189    (-,-) 
  fopt71239/Y                                       -       A->Y    F     INVx4_ASAP7_75t_SL             1  1.8    14     7    1196    (-,-) 
  g67091/Y                                          -       B->Y    R     NAND2x1p5_ASAP7_75t_SL         2  2.0    25    13    1209    (-,-) 
  g71162/Y                                          -       B->Y    R     XOR2xp5_ASAP7_75t_SL           2  1.4    42    28    1238    (-,-) 
  g66984/Y                                          -       B->Y    F     NAND3xp33_ASAP7_75t_SL         1  1.0    35    18    1256    (-,-) 
  g71145/Y                                          -       B->Y    R     NOR2xp67_ASAP7_75t_SL          1  0.8    26    15    1270    (-,-) 
  g66962/Y                                          -       B->Y    F     NAND3xp33_ASAP7_75t_SL         1  0.9    34    16    1286    (-,-) 
  g66960/Y                                          -       A1->Y   R     OAI21xp5_ASAP7_75t_SL          1  1.3    38    21    1306    (-,-) 
  g66959/Y                                          -       B->Y    R     AND2x4_ASAP7_75t_SL            2  6.3    23    27    1333    (-,-) 
  fopt69395/Y                                       -       A->Y    F     INVx5_ASAP7_75t_SL            20 13.2    25    16    1349    (-,-) 
  g66936/Y                                          -       B->Y    R     NAND2xp5_ASAP7_75t_SL          1  0.9    24    15    1365    (-,-) 
  PIPE_OUT_col1_stage_reg_reg[0][9]/D               -       -       R     ASYNC_DFFHx1_ASAP7_75t_SL      1    -     -     0    1365    (-,-) 
#--------------------------------------------------------------------------------------------------------------------------------------------



Path 39: VIOLATED (-478 ps) Setup Check with Pin PIPE_OUT_col1_stage_reg_reg[0][5]/CLK->D
           View: PVT_0P63V_100C.setup_view
          Group: clk
     Startpoint: (R) PIPE_OUT_col1_stage_reg_reg[0][24]/CLK
          Clock: (R) clk
       Endpoint: (R) PIPE_OUT_col1_stage_reg_reg[0][5]/D
          Clock: (R) clk

                     Capture       Launch     
        Clock Edge:+    1000            0     
       Src Latency:+       0            0     
       Net Latency:+       0 (I)        0 (I) 
           Arrival:=    1000            0     
                                              
             Setup:-      14                  
       Uncertainty:-     100                  
     Required Time:=     886                  
      Launch Clock:-       0                  
         Data Path:-    1365                  
             Slack:=    -478                  

#--------------------------------------------------------------------------------------------------------------------------------------------
#                   Timing Point                    Flags    Arc    Edge           Cell             Fanout Load Trans Delay Arrival Instance 
#                                                                                                          (fF)  (ps)  (ps)   (ps)  Location 
#--------------------------------------------------------------------------------------------------------------------------------------------
  PIPE_OUT_col1_stage_reg_reg[0][24]/CLK            -       -       R     (arrival)                   1109    -     0     0       0    (-,-) 
  PIPE_OUT_col1_stage_reg_reg[0][24]/QN             -       CLK->QN F     ASYNC_DFFHx1_ASAP7_75t_SL      2  1.8    31    49      49    (-,-) 
  g70517/Y                                          -       B1->Y   R     AOI22x1_ASAP7_75t_SL           4  3.2    64    26      74    (-,-) 
  g70271/Y                                          -       B->Y    F     NOR2xp67_ASAP7_75t_SL          2  1.2    34    20      94    (-,-) 
  g69712__9945/Y                                    -       B->Y    R     NOR2xp33_ASAP7_75t_SL          1  0.8    35    21     115    (-,-) 
  g69659__6131/Y                                    -       B->Y    F     NAND3xp33_ASAP7_75t_SL         2  1.6    42    23     138    (-,-) 
  g69644/Y                                          -       A->Y    R     INVxp67_ASAP7_75t_SL           1  1.3    32    21     158    (-,-) 
  g69551__2802/Y                                    -       A2->Y   F     AOI21x1_ASAP7_75t_SL           1  1.3    25    11     169    (-,-) 
  g69548__3680/Y                                    -       A->Y    F     AND2x4_ASAP7_75t_SL           12 12.2    28    33     202    (-,-) 
  g69450__6161/Y                                    -       B->Y    R     NAND2xp5_ASAP7_75t_SL          1  0.9    32    16     218    (-,-) 
  g69404__6260/Y                                    -       B->Y    R     OA21x2_ASAP7_75t_SL            2  2.4    20    25     243    (-,-) 
  g69254__1666/Y                                    -       A->Y    F     NAND4xp75_ASAP7_75t_SL         1  1.8    30    16     258    (-,-) 
  g69227__1705/Y                                    -       A->Y    R     NOR2x1p5_ASAP7_75t_SL          2  1.8    25    13     272    (-,-) 
  g69205__2346/Y                                    -       B->Y    R     AND2x4_ASAP7_75t_SL            3  4.7    19    23     295    (-,-) 
  g69191/Y                                          -       A->Y    F     INVx4_ASAP7_75t_SL             3  3.8    13     8     303    (-,-) 
  g69177__1881/Y                                    -       B->Y    R     NAND2x2_ASAP7_75t_SL           2  1.9    22    12     315    (-,-) 
  g69103__8428/Y                                    -       B->Y    R     AND2x6_ASAP7_75t_SL           18 14.2    32    32     348    (-,-) 
  g68974__5122/Y                                    -       B->Y    F     NAND2xp5_ASAP7_75t_SL          1  0.9    26    13     361    (-,-) 
  g68953__4733/Y                                    -       B->Y    F     OA21x2_ASAP7_75t_SL            2  2.1    16    22     383    (-,-) 
  g68815__8246/Y                                    -       A1->Y   R     OAI22x1_ASAP7_75t_SL           3  2.0    43    17     400    (-,-) 
  g68718__2883/Y                                    -       B2->Y   R     AO22x1_ASAP7_75t_SL            2  2.0    27    31     431    (-,-) 
  g68637__5115/Y                                    -       B1->Y   F     AOI22xp5_ASAP7_75t_SL          2  1.6    36    17     448    (-,-) 
  g68577__6161/Y                                    -       B1->Y   R     OAI22xp5_ASAP7_75t_SL          1  1.3    43    23     472    (-,-) 
  g68555__7410/Y                                    -       B->Y    R     XOR2xp5_ASAP7_75t_SL           3  2.0    57    35     506    (-,-) 
  addinc_FP32_ALU_col1_fracAdder_add_113_18_g1078/Y -       B->Y    R     AND2x2_ASAP7_75t_SL            2  1.4    16    25     531    (-,-) 
  addinc_FP32_ALU_col1_fracAdder_add_113_18_g976/Y  -       A2->Y   F     AOI21xp5_ASAP7_75t_SL          1  0.9    21    11     542    (-,-) 
  addinc_FP32_ALU_col1_fracAdder_add_113_18_g947/Y  -       B->Y    R     OAI21xp5_ASAP7_75t_SL          2  1.8    45    17     559    (-,-) 
  addinc_FP32_ALU_col1_fracAdder_add_113_18_g914/Y  -       A2->Y   F     AOI21x1_ASAP7_75t_SL           2  1.7    26    13     572    (-,-) 
  addinc_FP32_ALU_col1_fracAdder_add_113_18_g913/Y  -       A->Y    F     BUFx3_ASAP7_75t_SL             6  4.4    17    25     597    (-,-) 
  addinc_FP32_ALU_col1_fracAdder_add_113_18_g892/Y  -       A1->Y   R     OAI21xp5_ASAP7_75t_SL          1  1.3    35    18     615    (-,-) 
  addinc_FP32_ALU_col1_fracAdder_add_113_18_g875/Y  -       B->Y    R     XOR2xp5_ASAP7_75t_SL           2  1.4    43    29     644    (-,-) 
  g69071/Y                                          -       B->Y    R     OR2x2_ASAP7_75t_SL             1  1.8    16    25     669    (-,-) 
  g70787/Y                                          -       A->Y    F     NOR2x1p5_ASAP7_75t_SL          1  1.8    18    12     681    (-,-) 
  g68302/Y                                          -       A->Y    R     NAND4xp75_ASAP7_75t_SL         1  2.6    35    14     695    (-,-) 
  g68300/Y                                          -       A->Y    F     INVx4_ASAP7_75t_SL             1  2.6    15     8     703    (-,-) 
  g68284/Y                                          -       C->Y    R     NAND3x2_ASAP7_75t_SL           4  5.0    43    25     729    (-,-) 
  g68281/Y                                          -       A->Y    F     INVx3_ASAP7_75t_SL             4  4.8    24    14     743    (-,-) 
  g68244/Y                                          -       A2->Y   R     AOI21x1_ASAP7_75t_SL           2  2.4    37    19     762    (-,-) 
  g68221/Y                                          -       A->Y    F     NAND4xp75_ASAP7_75t_SL         1  2.3    39    20     782    (-,-) 
  g68209/Y                                          -       B->Y    R     NOR2x2_ASAP7_75t_SL            5  5.5    39    23     805    (-,-) 
  fopt69389/Y                                       -       A->Y    R     BUFx3_ASAP7_75t_SL             4  3.4    18    24     828    (-,-) 
  fopt69383/Y                                       -       A->Y    F     INVx2_ASAP7_75t_SL             4  3.2    16    11     840    (-,-) 
  g68182/Y                                          -       A1->Y   R     OAI21xp5_ASAP7_75t_SL          1  1.4    38    19     859    (-,-) 
  g68164/Y                                          -       A1->Y   F     AOI21x1_ASAP7_75t_SL           3  2.4    30    18     877    (-,-) 
  g68146/Y                                          -       B->Y    F     AND2x4_ASAP7_75t_SL            4  5.1    16    26     902    (-,-) 
  g68125/Y                                          -       A->Y    R     NOR2x2_ASAP7_75t_SL            1  2.3    22    12     914    (-,-) 
  g68121/Y                                          -       B->Y    F     NAND2x2_ASAP7_75t_SL           2  3.5    20    12     926    (-,-) 
  g68021/Y                                          -       A->Y    R     NAND3x2_ASAP7_75t_SL           2  3.4    51    19     945    (-,-) 
  fopt71226/Y                                       -       A->Y    F     INVx3_ASAP7_75t_SL             1  1.4    17     7     952    (-,-) 
  g67929/Y                                          -       A1->Y   R     OAI22x1_ASAP7_75t_SL           1  2.6    45    20     972    (-,-) 
  g67912/Y                                          -       A->Y    R     BUFx12f_ASAP7_75t_SL          21 22.6    27    28    1000    (-,-) 
  g67901/Y                                          -       A->Y    R     BUFx3_ASAP7_75t_SL             5  3.5    17    22    1022    (-,-) 
  g67900/Y                                          -       A->Y    F     INVx1_ASAP7_75t_L              2  1.5    17    13    1035    (-,-) 
  g67772/Y                                          -       A1->Y   R     AOI22xp5_ASAP7_75t_SL          2  2.1    55    27    1062    (-,-) 
  g67684/Y                                          -       A1->Y   F     OAI22x1_ASAP7_75t_SL           2  2.5    38    22    1083    (-,-) 
  g67653/Y                                          -       A->Y    R     INVx2_ASAP7_75t_SL             1  1.4    18    12    1095    (-,-) 
  g67552/Y                                          -       A1->Y   F     OAI22x1_ASAP7_75t_SL           1  1.4    23    13    1108    (-,-) 
  g67412/Y                                          -       B->Y    R     AOI21x1_ASAP7_75t_SL           1  1.3    25    16    1124    (-,-) 
  g67334/Y                                          -       A->Y    F     NAND2x1_ASAP7_75t_SL           2  2.3    26    13    1137    (-,-) 
  g67234/Y                                          -       B->Y    R     NAND4xp75_ASAP7_75t_SL         2  2.4    29    17    1154    (-,-) 
  g67199/Y                                          -       A->Y    F     NOR2x1p5_ASAP7_75t_SL          1  1.8    20    14    1168    (-,-) 
  g67149/Y                                          -       B->Y    R     NAND2x1p5_ASAP7_75t_SL         3  4.8    40    22    1189    (-,-) 
  fopt71239/Y                                       -       A->Y    F     INVx4_ASAP7_75t_SL             1  1.8    14     7    1196    (-,-) 
  g67091/Y                                          -       B->Y    R     NAND2x1p5_ASAP7_75t_SL         2  2.0    25    13    1209    (-,-) 
  g71162/Y                                          -       B->Y    R     XOR2xp5_ASAP7_75t_SL           2  1.4    42    28    1238    (-,-) 
  g66984/Y                                          -       B->Y    F     NAND3xp33_ASAP7_75t_SL         1  1.0    35    18    1256    (-,-) 
  g71145/Y                                          -       B->Y    R     NOR2xp67_ASAP7_75t_SL          1  0.8    26    15    1270    (-,-) 
  g66962/Y                                          -       B->Y    F     NAND3xp33_ASAP7_75t_SL         1  0.9    34    16    1286    (-,-) 
  g66960/Y                                          -       A1->Y   R     OAI21xp5_ASAP7_75t_SL          1  1.3    38    21    1306    (-,-) 
  g66959/Y                                          -       B->Y    R     AND2x4_ASAP7_75t_SL            2  6.3    23    27    1333    (-,-) 
  fopt69395/Y                                       -       A->Y    F     INVx5_ASAP7_75t_SL            20 13.2    25    16    1349    (-,-) 
  g66932/Y                                          -       B->Y    R     NAND2xp5_ASAP7_75t_SL          1  0.9    24    15    1365    (-,-) 
  PIPE_OUT_col1_stage_reg_reg[0][5]/D               -       -       R     ASYNC_DFFHx1_ASAP7_75t_SL      1    -     -     0    1365    (-,-) 
#--------------------------------------------------------------------------------------------------------------------------------------------



Path 40: VIOLATED (-478 ps) Setup Check with Pin PIPE_OUT_col1_stage_reg_reg[0][2]/CLK->D
           View: PVT_0P63V_100C.setup_view
          Group: clk
     Startpoint: (R) PIPE_OUT_col1_stage_reg_reg[0][24]/CLK
          Clock: (R) clk
       Endpoint: (R) PIPE_OUT_col1_stage_reg_reg[0][2]/D
          Clock: (R) clk

                     Capture       Launch     
        Clock Edge:+    1000            0     
       Src Latency:+       0            0     
       Net Latency:+       0 (I)        0 (I) 
           Arrival:=    1000            0     
                                              
             Setup:-      14                  
       Uncertainty:-     100                  
     Required Time:=     886                  
      Launch Clock:-       0                  
         Data Path:-    1365                  
             Slack:=    -478                  

#--------------------------------------------------------------------------------------------------------------------------------------------
#                   Timing Point                    Flags    Arc    Edge           Cell             Fanout Load Trans Delay Arrival Instance 
#                                                                                                          (fF)  (ps)  (ps)   (ps)  Location 
#--------------------------------------------------------------------------------------------------------------------------------------------
  PIPE_OUT_col1_stage_reg_reg[0][24]/CLK            -       -       R     (arrival)                   1109    -     0     0       0    (-,-) 
  PIPE_OUT_col1_stage_reg_reg[0][24]/QN             -       CLK->QN F     ASYNC_DFFHx1_ASAP7_75t_SL      2  1.8    31    49      49    (-,-) 
  g70517/Y                                          -       B1->Y   R     AOI22x1_ASAP7_75t_SL           4  3.2    64    26      74    (-,-) 
  g70271/Y                                          -       B->Y    F     NOR2xp67_ASAP7_75t_SL          2  1.2    34    20      94    (-,-) 
  g69712__9945/Y                                    -       B->Y    R     NOR2xp33_ASAP7_75t_SL          1  0.8    35    21     115    (-,-) 
  g69659__6131/Y                                    -       B->Y    F     NAND3xp33_ASAP7_75t_SL         2  1.6    42    23     138    (-,-) 
  g69644/Y                                          -       A->Y    R     INVxp67_ASAP7_75t_SL           1  1.3    32    21     158    (-,-) 
  g69551__2802/Y                                    -       A2->Y   F     AOI21x1_ASAP7_75t_SL           1  1.3    25    11     169    (-,-) 
  g69548__3680/Y                                    -       A->Y    F     AND2x4_ASAP7_75t_SL           12 12.2    28    33     202    (-,-) 
  g69450__6161/Y                                    -       B->Y    R     NAND2xp5_ASAP7_75t_SL          1  0.9    32    16     218    (-,-) 
  g69404__6260/Y                                    -       B->Y    R     OA21x2_ASAP7_75t_SL            2  2.4    20    25     243    (-,-) 
  g69254__1666/Y                                    -       A->Y    F     NAND4xp75_ASAP7_75t_SL         1  1.8    30    16     258    (-,-) 
  g69227__1705/Y                                    -       A->Y    R     NOR2x1p5_ASAP7_75t_SL          2  1.8    25    13     272    (-,-) 
  g69205__2346/Y                                    -       B->Y    R     AND2x4_ASAP7_75t_SL            3  4.7    19    23     295    (-,-) 
  g69191/Y                                          -       A->Y    F     INVx4_ASAP7_75t_SL             3  3.8    13     8     303    (-,-) 
  g69177__1881/Y                                    -       B->Y    R     NAND2x2_ASAP7_75t_SL           2  1.9    22    12     315    (-,-) 
  g69103__8428/Y                                    -       B->Y    R     AND2x6_ASAP7_75t_SL           18 14.2    32    32     348    (-,-) 
  g68974__5122/Y                                    -       B->Y    F     NAND2xp5_ASAP7_75t_SL          1  0.9    26    13     361    (-,-) 
  g68953__4733/Y                                    -       B->Y    F     OA21x2_ASAP7_75t_SL            2  2.1    16    22     383    (-,-) 
  g68815__8246/Y                                    -       A1->Y   R     OAI22x1_ASAP7_75t_SL           3  2.0    43    17     400    (-,-) 
  g68718__2883/Y                                    -       B2->Y   R     AO22x1_ASAP7_75t_SL            2  2.0    27    31     431    (-,-) 
  g68637__5115/Y                                    -       B1->Y   F     AOI22xp5_ASAP7_75t_SL          2  1.6    36    17     448    (-,-) 
  g68577__6161/Y                                    -       B1->Y   R     OAI22xp5_ASAP7_75t_SL          1  1.3    43    23     472    (-,-) 
  g68555__7410/Y                                    -       B->Y    R     XOR2xp5_ASAP7_75t_SL           3  2.0    57    35     506    (-,-) 
  addinc_FP32_ALU_col1_fracAdder_add_113_18_g1078/Y -       B->Y    R     AND2x2_ASAP7_75t_SL            2  1.4    16    25     531    (-,-) 
  addinc_FP32_ALU_col1_fracAdder_add_113_18_g976/Y  -       A2->Y   F     AOI21xp5_ASAP7_75t_SL          1  0.9    21    11     542    (-,-) 
  addinc_FP32_ALU_col1_fracAdder_add_113_18_g947/Y  -       B->Y    R     OAI21xp5_ASAP7_75t_SL          2  1.8    45    17     559    (-,-) 
  addinc_FP32_ALU_col1_fracAdder_add_113_18_g914/Y  -       A2->Y   F     AOI21x1_ASAP7_75t_SL           2  1.7    26    13     572    (-,-) 
  addinc_FP32_ALU_col1_fracAdder_add_113_18_g913/Y  -       A->Y    F     BUFx3_ASAP7_75t_SL             6  4.4    17    25     597    (-,-) 
  addinc_FP32_ALU_col1_fracAdder_add_113_18_g892/Y  -       A1->Y   R     OAI21xp5_ASAP7_75t_SL          1  1.3    35    18     615    (-,-) 
  addinc_FP32_ALU_col1_fracAdder_add_113_18_g875/Y  -       B->Y    R     XOR2xp5_ASAP7_75t_SL           2  1.4    43    29     644    (-,-) 
  g69071/Y                                          -       B->Y    R     OR2x2_ASAP7_75t_SL             1  1.8    16    25     669    (-,-) 
  g70787/Y                                          -       A->Y    F     NOR2x1p5_ASAP7_75t_SL          1  1.8    18    12     681    (-,-) 
  g68302/Y                                          -       A->Y    R     NAND4xp75_ASAP7_75t_SL         1  2.6    35    14     695    (-,-) 
  g68300/Y                                          -       A->Y    F     INVx4_ASAP7_75t_SL             1  2.6    15     8     703    (-,-) 
  g68284/Y                                          -       C->Y    R     NAND3x2_ASAP7_75t_SL           4  5.0    43    25     729    (-,-) 
  g68281/Y                                          -       A->Y    F     INVx3_ASAP7_75t_SL             4  4.8    24    14     743    (-,-) 
  g68244/Y                                          -       A2->Y   R     AOI21x1_ASAP7_75t_SL           2  2.4    37    19     762    (-,-) 
  g68221/Y                                          -       A->Y    F     NAND4xp75_ASAP7_75t_SL         1  2.3    39    20     782    (-,-) 
  g68209/Y                                          -       B->Y    R     NOR2x2_ASAP7_75t_SL            5  5.5    39    23     805    (-,-) 
  fopt69389/Y                                       -       A->Y    R     BUFx3_ASAP7_75t_SL             4  3.4    18    24     828    (-,-) 
  fopt69383/Y                                       -       A->Y    F     INVx2_ASAP7_75t_SL             4  3.2    16    11     840    (-,-) 
  g68182/Y                                          -       A1->Y   R     OAI21xp5_ASAP7_75t_SL          1  1.4    38    19     859    (-,-) 
  g68164/Y                                          -       A1->Y   F     AOI21x1_ASAP7_75t_SL           3  2.4    30    18     877    (-,-) 
  g68146/Y                                          -       B->Y    F     AND2x4_ASAP7_75t_SL            4  5.1    16    26     902    (-,-) 
  g68125/Y                                          -       A->Y    R     NOR2x2_ASAP7_75t_SL            1  2.3    22    12     914    (-,-) 
  g68121/Y                                          -       B->Y    F     NAND2x2_ASAP7_75t_SL           2  3.5    20    12     926    (-,-) 
  g68021/Y                                          -       A->Y    R     NAND3x2_ASAP7_75t_SL           2  3.4    51    19     945    (-,-) 
  fopt71226/Y                                       -       A->Y    F     INVx3_ASAP7_75t_SL             1  1.4    17     7     952    (-,-) 
  g67929/Y                                          -       A1->Y   R     OAI22x1_ASAP7_75t_SL           1  2.6    45    20     972    (-,-) 
  g67912/Y                                          -       A->Y    R     BUFx12f_ASAP7_75t_SL          21 22.6    27    28    1000    (-,-) 
  g67901/Y                                          -       A->Y    R     BUFx3_ASAP7_75t_SL             5  3.5    17    22    1022    (-,-) 
  g67900/Y                                          -       A->Y    F     INVx1_ASAP7_75t_L              2  1.5    17    13    1035    (-,-) 
  g67772/Y                                          -       A1->Y   R     AOI22xp5_ASAP7_75t_SL          2  2.1    55    27    1062    (-,-) 
  g67684/Y                                          -       A1->Y   F     OAI22x1_ASAP7_75t_SL           2  2.5    38    22    1083    (-,-) 
  g67653/Y                                          -       A->Y    R     INVx2_ASAP7_75t_SL             1  1.4    18    12    1095    (-,-) 
  g67552/Y                                          -       A1->Y   F     OAI22x1_ASAP7_75t_SL           1  1.4    23    13    1108    (-,-) 
  g67412/Y                                          -       B->Y    R     AOI21x1_ASAP7_75t_SL           1  1.3    25    16    1124    (-,-) 
  g67334/Y                                          -       A->Y    F     NAND2x1_ASAP7_75t_SL           2  2.3    26    13    1137    (-,-) 
  g67234/Y                                          -       B->Y    R     NAND4xp75_ASAP7_75t_SL         2  2.4    29    17    1154    (-,-) 
  g67199/Y                                          -       A->Y    F     NOR2x1p5_ASAP7_75t_SL          1  1.8    20    14    1168    (-,-) 
  g67149/Y                                          -       B->Y    R     NAND2x1p5_ASAP7_75t_SL         3  4.8    40    22    1189    (-,-) 
  fopt71239/Y                                       -       A->Y    F     INVx4_ASAP7_75t_SL             1  1.8    14     7    1196    (-,-) 
  g67091/Y                                          -       B->Y    R     NAND2x1p5_ASAP7_75t_SL         2  2.0    25    13    1209    (-,-) 
  g71162/Y                                          -       B->Y    R     XOR2xp5_ASAP7_75t_SL           2  1.4    42    28    1238    (-,-) 
  g66984/Y                                          -       B->Y    F     NAND3xp33_ASAP7_75t_SL         1  1.0    35    18    1256    (-,-) 
  g71145/Y                                          -       B->Y    R     NOR2xp67_ASAP7_75t_SL          1  0.8    26    15    1270    (-,-) 
  g66962/Y                                          -       B->Y    F     NAND3xp33_ASAP7_75t_SL         1  0.9    34    16    1286    (-,-) 
  g66960/Y                                          -       A1->Y   R     OAI21xp5_ASAP7_75t_SL          1  1.3    38    21    1306    (-,-) 
  g66959/Y                                          -       B->Y    R     AND2x4_ASAP7_75t_SL            2  6.3    23    27    1333    (-,-) 
  fopt69395/Y                                       -       A->Y    F     INVx5_ASAP7_75t_SL            20 13.2    25    16    1349    (-,-) 
  g66939/Y                                          -       B->Y    R     NAND2xp5_ASAP7_75t_SL          1  0.9    24    15    1365    (-,-) 
  PIPE_OUT_col1_stage_reg_reg[0][2]/D               -       -       R     ASYNC_DFFHx1_ASAP7_75t_SL      1    -     -     0    1365    (-,-) 
#--------------------------------------------------------------------------------------------------------------------------------------------



Path 41: VIOLATED (-478 ps) Setup Check with Pin PIPE_OUT_col1_stage_reg_reg[0][1]/CLK->D
           View: PVT_0P63V_100C.setup_view
          Group: clk
     Startpoint: (R) PIPE_OUT_col1_stage_reg_reg[0][24]/CLK
          Clock: (R) clk
       Endpoint: (R) PIPE_OUT_col1_stage_reg_reg[0][1]/D
          Clock: (R) clk

                     Capture       Launch     
        Clock Edge:+    1000            0     
       Src Latency:+       0            0     
       Net Latency:+       0 (I)        0 (I) 
           Arrival:=    1000            0     
                                              
             Setup:-      14                  
       Uncertainty:-     100                  
     Required Time:=     886                  
      Launch Clock:-       0                  
         Data Path:-    1365                  
             Slack:=    -478                  

#--------------------------------------------------------------------------------------------------------------------------------------------
#                   Timing Point                    Flags    Arc    Edge           Cell             Fanout Load Trans Delay Arrival Instance 
#                                                                                                          (fF)  (ps)  (ps)   (ps)  Location 
#--------------------------------------------------------------------------------------------------------------------------------------------
  PIPE_OUT_col1_stage_reg_reg[0][24]/CLK            -       -       R     (arrival)                   1109    -     0     0       0    (-,-) 
  PIPE_OUT_col1_stage_reg_reg[0][24]/QN             -       CLK->QN F     ASYNC_DFFHx1_ASAP7_75t_SL      2  1.8    31    49      49    (-,-) 
  g70517/Y                                          -       B1->Y   R     AOI22x1_ASAP7_75t_SL           4  3.2    64    26      74    (-,-) 
  g70271/Y                                          -       B->Y    F     NOR2xp67_ASAP7_75t_SL          2  1.2    34    20      94    (-,-) 
  g69712__9945/Y                                    -       B->Y    R     NOR2xp33_ASAP7_75t_SL          1  0.8    35    21     115    (-,-) 
  g69659__6131/Y                                    -       B->Y    F     NAND3xp33_ASAP7_75t_SL         2  1.6    42    23     138    (-,-) 
  g69644/Y                                          -       A->Y    R     INVxp67_ASAP7_75t_SL           1  1.3    32    21     158    (-,-) 
  g69551__2802/Y                                    -       A2->Y   F     AOI21x1_ASAP7_75t_SL           1  1.3    25    11     169    (-,-) 
  g69548__3680/Y                                    -       A->Y    F     AND2x4_ASAP7_75t_SL           12 12.2    28    33     202    (-,-) 
  g69450__6161/Y                                    -       B->Y    R     NAND2xp5_ASAP7_75t_SL          1  0.9    32    16     218    (-,-) 
  g69404__6260/Y                                    -       B->Y    R     OA21x2_ASAP7_75t_SL            2  2.4    20    25     243    (-,-) 
  g69254__1666/Y                                    -       A->Y    F     NAND4xp75_ASAP7_75t_SL         1  1.8    30    16     258    (-,-) 
  g69227__1705/Y                                    -       A->Y    R     NOR2x1p5_ASAP7_75t_SL          2  1.8    25    13     272    (-,-) 
  g69205__2346/Y                                    -       B->Y    R     AND2x4_ASAP7_75t_SL            3  4.7    19    23     295    (-,-) 
  g69191/Y                                          -       A->Y    F     INVx4_ASAP7_75t_SL             3  3.8    13     8     303    (-,-) 
  g69177__1881/Y                                    -       B->Y    R     NAND2x2_ASAP7_75t_SL           2  1.9    22    12     315    (-,-) 
  g69103__8428/Y                                    -       B->Y    R     AND2x6_ASAP7_75t_SL           18 14.2    32    32     348    (-,-) 
  g68974__5122/Y                                    -       B->Y    F     NAND2xp5_ASAP7_75t_SL          1  0.9    26    13     361    (-,-) 
  g68953__4733/Y                                    -       B->Y    F     OA21x2_ASAP7_75t_SL            2  2.1    16    22     383    (-,-) 
  g68815__8246/Y                                    -       A1->Y   R     OAI22x1_ASAP7_75t_SL           3  2.0    43    17     400    (-,-) 
  g68718__2883/Y                                    -       B2->Y   R     AO22x1_ASAP7_75t_SL            2  2.0    27    31     431    (-,-) 
  g68637__5115/Y                                    -       B1->Y   F     AOI22xp5_ASAP7_75t_SL          2  1.6    36    17     448    (-,-) 
  g68577__6161/Y                                    -       B1->Y   R     OAI22xp5_ASAP7_75t_SL          1  1.3    43    23     472    (-,-) 
  g68555__7410/Y                                    -       B->Y    R     XOR2xp5_ASAP7_75t_SL           3  2.0    57    35     506    (-,-) 
  addinc_FP32_ALU_col1_fracAdder_add_113_18_g1078/Y -       B->Y    R     AND2x2_ASAP7_75t_SL            2  1.4    16    25     531    (-,-) 
  addinc_FP32_ALU_col1_fracAdder_add_113_18_g976/Y  -       A2->Y   F     AOI21xp5_ASAP7_75t_SL          1  0.9    21    11     542    (-,-) 
  addinc_FP32_ALU_col1_fracAdder_add_113_18_g947/Y  -       B->Y    R     OAI21xp5_ASAP7_75t_SL          2  1.8    45    17     559    (-,-) 
  addinc_FP32_ALU_col1_fracAdder_add_113_18_g914/Y  -       A2->Y   F     AOI21x1_ASAP7_75t_SL           2  1.7    26    13     572    (-,-) 
  addinc_FP32_ALU_col1_fracAdder_add_113_18_g913/Y  -       A->Y    F     BUFx3_ASAP7_75t_SL             6  4.4    17    25     597    (-,-) 
  addinc_FP32_ALU_col1_fracAdder_add_113_18_g892/Y  -       A1->Y   R     OAI21xp5_ASAP7_75t_SL          1  1.3    35    18     615    (-,-) 
  addinc_FP32_ALU_col1_fracAdder_add_113_18_g875/Y  -       B->Y    R     XOR2xp5_ASAP7_75t_SL           2  1.4    43    29     644    (-,-) 
  g69071/Y                                          -       B->Y    R     OR2x2_ASAP7_75t_SL             1  1.8    16    25     669    (-,-) 
  g70787/Y                                          -       A->Y    F     NOR2x1p5_ASAP7_75t_SL          1  1.8    18    12     681    (-,-) 
  g68302/Y                                          -       A->Y    R     NAND4xp75_ASAP7_75t_SL         1  2.6    35    14     695    (-,-) 
  g68300/Y                                          -       A->Y    F     INVx4_ASAP7_75t_SL             1  2.6    15     8     703    (-,-) 
  g68284/Y                                          -       C->Y    R     NAND3x2_ASAP7_75t_SL           4  5.0    43    25     729    (-,-) 
  g68281/Y                                          -       A->Y    F     INVx3_ASAP7_75t_SL             4  4.8    24    14     743    (-,-) 
  g68244/Y                                          -       A2->Y   R     AOI21x1_ASAP7_75t_SL           2  2.4    37    19     762    (-,-) 
  g68221/Y                                          -       A->Y    F     NAND4xp75_ASAP7_75t_SL         1  2.3    39    20     782    (-,-) 
  g68209/Y                                          -       B->Y    R     NOR2x2_ASAP7_75t_SL            5  5.5    39    23     805    (-,-) 
  fopt69389/Y                                       -       A->Y    R     BUFx3_ASAP7_75t_SL             4  3.4    18    24     828    (-,-) 
  fopt69383/Y                                       -       A->Y    F     INVx2_ASAP7_75t_SL             4  3.2    16    11     840    (-,-) 
  g68182/Y                                          -       A1->Y   R     OAI21xp5_ASAP7_75t_SL          1  1.4    38    19     859    (-,-) 
  g68164/Y                                          -       A1->Y   F     AOI21x1_ASAP7_75t_SL           3  2.4    30    18     877    (-,-) 
  g68146/Y                                          -       B->Y    F     AND2x4_ASAP7_75t_SL            4  5.1    16    26     902    (-,-) 
  g68125/Y                                          -       A->Y    R     NOR2x2_ASAP7_75t_SL            1  2.3    22    12     914    (-,-) 
  g68121/Y                                          -       B->Y    F     NAND2x2_ASAP7_75t_SL           2  3.5    20    12     926    (-,-) 
  g68021/Y                                          -       A->Y    R     NAND3x2_ASAP7_75t_SL           2  3.4    51    19     945    (-,-) 
  fopt71226/Y                                       -       A->Y    F     INVx3_ASAP7_75t_SL             1  1.4    17     7     952    (-,-) 
  g67929/Y                                          -       A1->Y   R     OAI22x1_ASAP7_75t_SL           1  2.6    45    20     972    (-,-) 
  g67912/Y                                          -       A->Y    R     BUFx12f_ASAP7_75t_SL          21 22.6    27    28    1000    (-,-) 
  g67901/Y                                          -       A->Y    R     BUFx3_ASAP7_75t_SL             5  3.5    17    22    1022    (-,-) 
  g67900/Y                                          -       A->Y    F     INVx1_ASAP7_75t_L              2  1.5    17    13    1035    (-,-) 
  g67772/Y                                          -       A1->Y   R     AOI22xp5_ASAP7_75t_SL          2  2.1    55    27    1062    (-,-) 
  g67684/Y                                          -       A1->Y   F     OAI22x1_ASAP7_75t_SL           2  2.5    38    22    1083    (-,-) 
  g67653/Y                                          -       A->Y    R     INVx2_ASAP7_75t_SL             1  1.4    18    12    1095    (-,-) 
  g67552/Y                                          -       A1->Y   F     OAI22x1_ASAP7_75t_SL           1  1.4    23    13    1108    (-,-) 
  g67412/Y                                          -       B->Y    R     AOI21x1_ASAP7_75t_SL           1  1.3    25    16    1124    (-,-) 
  g67334/Y                                          -       A->Y    F     NAND2x1_ASAP7_75t_SL           2  2.3    26    13    1137    (-,-) 
  g67234/Y                                          -       B->Y    R     NAND4xp75_ASAP7_75t_SL         2  2.4    29    17    1154    (-,-) 
  g67199/Y                                          -       A->Y    F     NOR2x1p5_ASAP7_75t_SL          1  1.8    20    14    1168    (-,-) 
  g67149/Y                                          -       B->Y    R     NAND2x1p5_ASAP7_75t_SL         3  4.8    40    22    1189    (-,-) 
  fopt71239/Y                                       -       A->Y    F     INVx4_ASAP7_75t_SL             1  1.8    14     7    1196    (-,-) 
  g67091/Y                                          -       B->Y    R     NAND2x1p5_ASAP7_75t_SL         2  2.0    25    13    1209    (-,-) 
  g71162/Y                                          -       B->Y    R     XOR2xp5_ASAP7_75t_SL           2  1.4    42    28    1238    (-,-) 
  g66984/Y                                          -       B->Y    F     NAND3xp33_ASAP7_75t_SL         1  1.0    35    18    1256    (-,-) 
  g71145/Y                                          -       B->Y    R     NOR2xp67_ASAP7_75t_SL          1  0.8    26    15    1270    (-,-) 
  g66962/Y                                          -       B->Y    F     NAND3xp33_ASAP7_75t_SL         1  0.9    34    16    1286    (-,-) 
  g66960/Y                                          -       A1->Y   R     OAI21xp5_ASAP7_75t_SL          1  1.3    38    21    1306    (-,-) 
  g66959/Y                                          -       B->Y    R     AND2x4_ASAP7_75t_SL            2  6.3    23    27    1333    (-,-) 
  fopt69395/Y                                       -       A->Y    F     INVx5_ASAP7_75t_SL            20 13.2    25    16    1349    (-,-) 
  g66945/Y                                          -       B->Y    R     NAND2xp5_ASAP7_75t_SL          1  0.9    24    15    1365    (-,-) 
  PIPE_OUT_col1_stage_reg_reg[0][1]/D               -       -       R     ASYNC_DFFHx1_ASAP7_75t_SL      1    -     -     0    1365    (-,-) 
#--------------------------------------------------------------------------------------------------------------------------------------------



Path 42: VIOLATED (-478 ps) Setup Check with Pin PIPE_OUT_col1_stage_reg_reg[0][12]/CLK->D
           View: PVT_0P63V_100C.setup_view
          Group: clk
     Startpoint: (R) PIPE_OUT_col1_stage_reg_reg[0][24]/CLK
          Clock: (R) clk
       Endpoint: (R) PIPE_OUT_col1_stage_reg_reg[0][12]/D
          Clock: (R) clk

                     Capture       Launch     
        Clock Edge:+    1000            0     
       Src Latency:+       0            0     
       Net Latency:+       0 (I)        0 (I) 
           Arrival:=    1000            0     
                                              
             Setup:-      13                  
       Uncertainty:-     100                  
     Required Time:=     887                  
      Launch Clock:-       0                  
         Data Path:-    1365                  
             Slack:=    -478                  

#--------------------------------------------------------------------------------------------------------------------------------------------
#                   Timing Point                    Flags    Arc    Edge           Cell             Fanout Load Trans Delay Arrival Instance 
#                                                                                                          (fF)  (ps)  (ps)   (ps)  Location 
#--------------------------------------------------------------------------------------------------------------------------------------------
  PIPE_OUT_col1_stage_reg_reg[0][24]/CLK            -       -       R     (arrival)                   1109    -     0     0       0    (-,-) 
  PIPE_OUT_col1_stage_reg_reg[0][24]/QN             -       CLK->QN F     ASYNC_DFFHx1_ASAP7_75t_SL      2  1.8    31    49      49    (-,-) 
  g70517/Y                                          -       B1->Y   R     AOI22x1_ASAP7_75t_SL           4  3.2    64    26      74    (-,-) 
  g70271/Y                                          -       B->Y    F     NOR2xp67_ASAP7_75t_SL          2  1.2    34    20      94    (-,-) 
  g69712__9945/Y                                    -       B->Y    R     NOR2xp33_ASAP7_75t_SL          1  0.8    35    21     115    (-,-) 
  g69659__6131/Y                                    -       B->Y    F     NAND3xp33_ASAP7_75t_SL         2  1.6    42    23     138    (-,-) 
  g69644/Y                                          -       A->Y    R     INVxp67_ASAP7_75t_SL           1  1.3    32    21     158    (-,-) 
  g69551__2802/Y                                    -       A2->Y   F     AOI21x1_ASAP7_75t_SL           1  1.3    25    11     169    (-,-) 
  g69548__3680/Y                                    -       A->Y    F     AND2x4_ASAP7_75t_SL           12 12.2    28    33     202    (-,-) 
  g69450__6161/Y                                    -       B->Y    R     NAND2xp5_ASAP7_75t_SL          1  0.9    32    16     218    (-,-) 
  g69404__6260/Y                                    -       B->Y    R     OA21x2_ASAP7_75t_SL            2  2.4    20    25     243    (-,-) 
  g69254__1666/Y                                    -       A->Y    F     NAND4xp75_ASAP7_75t_SL         1  1.8    30    16     258    (-,-) 
  g69227__1705/Y                                    -       A->Y    R     NOR2x1p5_ASAP7_75t_SL          2  1.8    25    13     272    (-,-) 
  g69205__2346/Y                                    -       B->Y    R     AND2x4_ASAP7_75t_SL            3  4.7    19    23     295    (-,-) 
  g69191/Y                                          -       A->Y    F     INVx4_ASAP7_75t_SL             3  3.8    13     8     303    (-,-) 
  g69177__1881/Y                                    -       B->Y    R     NAND2x2_ASAP7_75t_SL           2  1.9    22    12     315    (-,-) 
  g69103__8428/Y                                    -       B->Y    R     AND2x6_ASAP7_75t_SL           18 14.2    32    32     348    (-,-) 
  g68974__5122/Y                                    -       B->Y    F     NAND2xp5_ASAP7_75t_SL          1  0.9    26    13     361    (-,-) 
  g68953__4733/Y                                    -       B->Y    F     OA21x2_ASAP7_75t_SL            2  2.1    16    22     383    (-,-) 
  g68815__8246/Y                                    -       A1->Y   R     OAI22x1_ASAP7_75t_SL           3  2.0    43    17     400    (-,-) 
  g68718__2883/Y                                    -       B2->Y   R     AO22x1_ASAP7_75t_SL            2  2.0    27    31     431    (-,-) 
  g68637__5115/Y                                    -       B1->Y   F     AOI22xp5_ASAP7_75t_SL          2  1.6    36    17     448    (-,-) 
  g68577__6161/Y                                    -       B1->Y   R     OAI22xp5_ASAP7_75t_SL          1  1.3    43    23     472    (-,-) 
  g68555__7410/Y                                    -       B->Y    R     XOR2xp5_ASAP7_75t_SL           3  2.0    57    35     506    (-,-) 
  addinc_FP32_ALU_col1_fracAdder_add_113_18_g1078/Y -       B->Y    R     AND2x2_ASAP7_75t_SL            2  1.4    16    25     531    (-,-) 
  addinc_FP32_ALU_col1_fracAdder_add_113_18_g976/Y  -       A2->Y   F     AOI21xp5_ASAP7_75t_SL          1  0.9    21    11     542    (-,-) 
  addinc_FP32_ALU_col1_fracAdder_add_113_18_g947/Y  -       B->Y    R     OAI21xp5_ASAP7_75t_SL          2  1.8    45    17     559    (-,-) 
  addinc_FP32_ALU_col1_fracAdder_add_113_18_g914/Y  -       A2->Y   F     AOI21x1_ASAP7_75t_SL           2  1.7    26    13     572    (-,-) 
  addinc_FP32_ALU_col1_fracAdder_add_113_18_g913/Y  -       A->Y    F     BUFx3_ASAP7_75t_SL             6  4.4    17    25     597    (-,-) 
  addinc_FP32_ALU_col1_fracAdder_add_113_18_g892/Y  -       A1->Y   R     OAI21xp5_ASAP7_75t_SL          1  1.3    35    18     615    (-,-) 
  addinc_FP32_ALU_col1_fracAdder_add_113_18_g875/Y  -       B->Y    R     XOR2xp5_ASAP7_75t_SL           2  1.4    43    29     644    (-,-) 
  g69071/Y                                          -       B->Y    R     OR2x2_ASAP7_75t_SL             1  1.8    16    25     669    (-,-) 
  g70787/Y                                          -       A->Y    F     NOR2x1p5_ASAP7_75t_SL          1  1.8    18    12     681    (-,-) 
  g68302/Y                                          -       A->Y    R     NAND4xp75_ASAP7_75t_SL         1  2.6    35    14     695    (-,-) 
  g68300/Y                                          -       A->Y    F     INVx4_ASAP7_75t_SL             1  2.6    15     8     703    (-,-) 
  g68284/Y                                          -       C->Y    R     NAND3x2_ASAP7_75t_SL           4  5.0    43    25     729    (-,-) 
  g68281/Y                                          -       A->Y    F     INVx3_ASAP7_75t_SL             4  4.8    24    14     743    (-,-) 
  g68244/Y                                          -       A2->Y   R     AOI21x1_ASAP7_75t_SL           2  2.4    37    19     762    (-,-) 
  g68221/Y                                          -       A->Y    F     NAND4xp75_ASAP7_75t_SL         1  2.3    39    20     782    (-,-) 
  g68209/Y                                          -       B->Y    R     NOR2x2_ASAP7_75t_SL            5  5.5    39    23     805    (-,-) 
  fopt69389/Y                                       -       A->Y    R     BUFx3_ASAP7_75t_SL             4  3.4    18    24     828    (-,-) 
  fopt69383/Y                                       -       A->Y    F     INVx2_ASAP7_75t_SL             4  3.2    16    11     840    (-,-) 
  g68182/Y                                          -       A1->Y   R     OAI21xp5_ASAP7_75t_SL          1  1.4    38    19     859    (-,-) 
  g68164/Y                                          -       A1->Y   F     AOI21x1_ASAP7_75t_SL           3  2.4    30    18     877    (-,-) 
  g68146/Y                                          -       B->Y    F     AND2x4_ASAP7_75t_SL            4  5.1    16    26     902    (-,-) 
  g68125/Y                                          -       A->Y    R     NOR2x2_ASAP7_75t_SL            1  2.3    22    12     914    (-,-) 
  g68121/Y                                          -       B->Y    F     NAND2x2_ASAP7_75t_SL           2  3.5    20    12     926    (-,-) 
  g68021/Y                                          -       A->Y    R     NAND3x2_ASAP7_75t_SL           2  3.4    51    19     945    (-,-) 
  fopt71226/Y                                       -       A->Y    F     INVx3_ASAP7_75t_SL             1  1.4    17     7     952    (-,-) 
  g67929/Y                                          -       A1->Y   R     OAI22x1_ASAP7_75t_SL           1  2.6    45    20     972    (-,-) 
  g67912/Y                                          -       A->Y    R     BUFx12f_ASAP7_75t_SL          21 22.6    27    28    1000    (-,-) 
  g67901/Y                                          -       A->Y    R     BUFx3_ASAP7_75t_SL             5  3.5    17    22    1022    (-,-) 
  g67900/Y                                          -       A->Y    F     INVx1_ASAP7_75t_L              2  1.5    17    13    1035    (-,-) 
  g67772/Y                                          -       A1->Y   R     AOI22xp5_ASAP7_75t_SL          2  2.1    55    27    1062    (-,-) 
  g67684/Y                                          -       A1->Y   F     OAI22x1_ASAP7_75t_SL           2  2.5    38    22    1083    (-,-) 
  g67653/Y                                          -       A->Y    R     INVx2_ASAP7_75t_SL             1  1.4    18    12    1095    (-,-) 
  g67552/Y                                          -       A1->Y   F     OAI22x1_ASAP7_75t_SL           1  1.4    23    13    1108    (-,-) 
  g67412/Y                                          -       B->Y    R     AOI21x1_ASAP7_75t_SL           1  1.3    25    16    1124    (-,-) 
  g67334/Y                                          -       A->Y    F     NAND2x1_ASAP7_75t_SL           2  2.3    26    13    1137    (-,-) 
  g67234/Y                                          -       B->Y    R     NAND4xp75_ASAP7_75t_SL         2  2.4    29    17    1154    (-,-) 
  g67199/Y                                          -       A->Y    F     NOR2x1p5_ASAP7_75t_SL          1  1.8    20    14    1168    (-,-) 
  g67149/Y                                          -       B->Y    R     NAND2x1p5_ASAP7_75t_SL         3  4.8    40    22    1189    (-,-) 
  fopt71239/Y                                       -       A->Y    F     INVx4_ASAP7_75t_SL             1  1.8    14     7    1196    (-,-) 
  g67091/Y                                          -       B->Y    R     NAND2x1p5_ASAP7_75t_SL         2  2.0    25    13    1209    (-,-) 
  g71162/Y                                          -       B->Y    R     XOR2xp5_ASAP7_75t_SL           2  1.4    42    28    1238    (-,-) 
  g66984/Y                                          -       B->Y    F     NAND3xp33_ASAP7_75t_SL         1  1.0    35    18    1256    (-,-) 
  g71145/Y                                          -       B->Y    R     NOR2xp67_ASAP7_75t_SL          1  0.8    26    15    1270    (-,-) 
  g66962/Y                                          -       B->Y    F     NAND3xp33_ASAP7_75t_SL         1  0.9    34    16    1286    (-,-) 
  g66960/Y                                          -       A1->Y   R     OAI21xp5_ASAP7_75t_SL          1  1.3    38    21    1306    (-,-) 
  g66959/Y                                          -       B->Y    R     AND2x4_ASAP7_75t_SL            2  6.3    23    27    1333    (-,-) 
  fopt69395/Y                                       -       A->Y    F     INVx5_ASAP7_75t_SL            20 13.2    25    16    1349    (-,-) 
  g66924/Y                                          -       B->Y    R     NAND2xp5_ASAP7_75t_SL          1  0.9    23    15    1365    (-,-) 
  PIPE_OUT_col1_stage_reg_reg[0][12]/D              -       -       R     ASYNC_DFFHx1_ASAP7_75t_SL      1    -     -     0    1365    (-,-) 
#--------------------------------------------------------------------------------------------------------------------------------------------



Path 43: VIOLATED (-478 ps) Setup Check with Pin PIPE_OUT_col1_stage_reg_reg[0][6]/CLK->D
           View: PVT_0P63V_100C.setup_view
          Group: clk
     Startpoint: (R) PIPE_OUT_col1_stage_reg_reg[0][24]/CLK
          Clock: (R) clk
       Endpoint: (R) PIPE_OUT_col1_stage_reg_reg[0][6]/D
          Clock: (R) clk

                     Capture       Launch     
        Clock Edge:+    1000            0     
       Src Latency:+       0            0     
       Net Latency:+       0 (I)        0 (I) 
           Arrival:=    1000            0     
                                              
             Setup:-      13                  
       Uncertainty:-     100                  
     Required Time:=     887                  
      Launch Clock:-       0                  
         Data Path:-    1365                  
             Slack:=    -478                  

#--------------------------------------------------------------------------------------------------------------------------------------------
#                   Timing Point                    Flags    Arc    Edge           Cell             Fanout Load Trans Delay Arrival Instance 
#                                                                                                          (fF)  (ps)  (ps)   (ps)  Location 
#--------------------------------------------------------------------------------------------------------------------------------------------
  PIPE_OUT_col1_stage_reg_reg[0][24]/CLK            -       -       R     (arrival)                   1109    -     0     0       0    (-,-) 
  PIPE_OUT_col1_stage_reg_reg[0][24]/QN             -       CLK->QN F     ASYNC_DFFHx1_ASAP7_75t_SL      2  1.8    31    49      49    (-,-) 
  g70517/Y                                          -       B1->Y   R     AOI22x1_ASAP7_75t_SL           4  3.2    64    26      74    (-,-) 
  g70271/Y                                          -       B->Y    F     NOR2xp67_ASAP7_75t_SL          2  1.2    34    20      94    (-,-) 
  g69712__9945/Y                                    -       B->Y    R     NOR2xp33_ASAP7_75t_SL          1  0.8    35    21     115    (-,-) 
  g69659__6131/Y                                    -       B->Y    F     NAND3xp33_ASAP7_75t_SL         2  1.6    42    23     138    (-,-) 
  g69644/Y                                          -       A->Y    R     INVxp67_ASAP7_75t_SL           1  1.3    32    21     158    (-,-) 
  g69551__2802/Y                                    -       A2->Y   F     AOI21x1_ASAP7_75t_SL           1  1.3    25    11     169    (-,-) 
  g69548__3680/Y                                    -       A->Y    F     AND2x4_ASAP7_75t_SL           12 12.2    28    33     202    (-,-) 
  g69450__6161/Y                                    -       B->Y    R     NAND2xp5_ASAP7_75t_SL          1  0.9    32    16     218    (-,-) 
  g69404__6260/Y                                    -       B->Y    R     OA21x2_ASAP7_75t_SL            2  2.4    20    25     243    (-,-) 
  g69254__1666/Y                                    -       A->Y    F     NAND4xp75_ASAP7_75t_SL         1  1.8    30    16     258    (-,-) 
  g69227__1705/Y                                    -       A->Y    R     NOR2x1p5_ASAP7_75t_SL          2  1.8    25    13     272    (-,-) 
  g69205__2346/Y                                    -       B->Y    R     AND2x4_ASAP7_75t_SL            3  4.7    19    23     295    (-,-) 
  g69191/Y                                          -       A->Y    F     INVx4_ASAP7_75t_SL             3  3.8    13     8     303    (-,-) 
  g69177__1881/Y                                    -       B->Y    R     NAND2x2_ASAP7_75t_SL           2  1.9    22    12     315    (-,-) 
  g69103__8428/Y                                    -       B->Y    R     AND2x6_ASAP7_75t_SL           18 14.2    32    32     348    (-,-) 
  g68974__5122/Y                                    -       B->Y    F     NAND2xp5_ASAP7_75t_SL          1  0.9    26    13     361    (-,-) 
  g68953__4733/Y                                    -       B->Y    F     OA21x2_ASAP7_75t_SL            2  2.1    16    22     383    (-,-) 
  g68815__8246/Y                                    -       A1->Y   R     OAI22x1_ASAP7_75t_SL           3  2.0    43    17     400    (-,-) 
  g68718__2883/Y                                    -       B2->Y   R     AO22x1_ASAP7_75t_SL            2  2.0    27    31     431    (-,-) 
  g68637__5115/Y                                    -       B1->Y   F     AOI22xp5_ASAP7_75t_SL          2  1.6    36    17     448    (-,-) 
  g68577__6161/Y                                    -       B1->Y   R     OAI22xp5_ASAP7_75t_SL          1  1.3    43    23     472    (-,-) 
  g68555__7410/Y                                    -       B->Y    R     XOR2xp5_ASAP7_75t_SL           3  2.0    57    35     506    (-,-) 
  addinc_FP32_ALU_col1_fracAdder_add_113_18_g1078/Y -       B->Y    R     AND2x2_ASAP7_75t_SL            2  1.4    16    25     531    (-,-) 
  addinc_FP32_ALU_col1_fracAdder_add_113_18_g976/Y  -       A2->Y   F     AOI21xp5_ASAP7_75t_SL          1  0.9    21    11     542    (-,-) 
  addinc_FP32_ALU_col1_fracAdder_add_113_18_g947/Y  -       B->Y    R     OAI21xp5_ASAP7_75t_SL          2  1.8    45    17     559    (-,-) 
  addinc_FP32_ALU_col1_fracAdder_add_113_18_g914/Y  -       A2->Y   F     AOI21x1_ASAP7_75t_SL           2  1.7    26    13     572    (-,-) 
  addinc_FP32_ALU_col1_fracAdder_add_113_18_g913/Y  -       A->Y    F     BUFx3_ASAP7_75t_SL             6  4.4    17    25     597    (-,-) 
  addinc_FP32_ALU_col1_fracAdder_add_113_18_g892/Y  -       A1->Y   R     OAI21xp5_ASAP7_75t_SL          1  1.3    35    18     615    (-,-) 
  addinc_FP32_ALU_col1_fracAdder_add_113_18_g875/Y  -       B->Y    R     XOR2xp5_ASAP7_75t_SL           2  1.4    43    29     644    (-,-) 
  g69071/Y                                          -       B->Y    R     OR2x2_ASAP7_75t_SL             1  1.8    16    25     669    (-,-) 
  g70787/Y                                          -       A->Y    F     NOR2x1p5_ASAP7_75t_SL          1  1.8    18    12     681    (-,-) 
  g68302/Y                                          -       A->Y    R     NAND4xp75_ASAP7_75t_SL         1  2.6    35    14     695    (-,-) 
  g68300/Y                                          -       A->Y    F     INVx4_ASAP7_75t_SL             1  2.6    15     8     703    (-,-) 
  g68284/Y                                          -       C->Y    R     NAND3x2_ASAP7_75t_SL           4  5.0    43    25     729    (-,-) 
  g68281/Y                                          -       A->Y    F     INVx3_ASAP7_75t_SL             4  4.8    24    14     743    (-,-) 
  g68244/Y                                          -       A2->Y   R     AOI21x1_ASAP7_75t_SL           2  2.4    37    19     762    (-,-) 
  g68221/Y                                          -       A->Y    F     NAND4xp75_ASAP7_75t_SL         1  2.3    39    20     782    (-,-) 
  g68209/Y                                          -       B->Y    R     NOR2x2_ASAP7_75t_SL            5  5.5    39    23     805    (-,-) 
  fopt69389/Y                                       -       A->Y    R     BUFx3_ASAP7_75t_SL             4  3.4    18    24     828    (-,-) 
  fopt69383/Y                                       -       A->Y    F     INVx2_ASAP7_75t_SL             4  3.2    16    11     840    (-,-) 
  g68182/Y                                          -       A1->Y   R     OAI21xp5_ASAP7_75t_SL          1  1.4    38    19     859    (-,-) 
  g68164/Y                                          -       A1->Y   F     AOI21x1_ASAP7_75t_SL           3  2.4    30    18     877    (-,-) 
  g68146/Y                                          -       B->Y    F     AND2x4_ASAP7_75t_SL            4  5.1    16    26     902    (-,-) 
  g68125/Y                                          -       A->Y    R     NOR2x2_ASAP7_75t_SL            1  2.3    22    12     914    (-,-) 
  g68121/Y                                          -       B->Y    F     NAND2x2_ASAP7_75t_SL           2  3.5    20    12     926    (-,-) 
  g68021/Y                                          -       A->Y    R     NAND3x2_ASAP7_75t_SL           2  3.4    51    19     945    (-,-) 
  fopt71226/Y                                       -       A->Y    F     INVx3_ASAP7_75t_SL             1  1.4    17     7     952    (-,-) 
  g67929/Y                                          -       A1->Y   R     OAI22x1_ASAP7_75t_SL           1  2.6    45    20     972    (-,-) 
  g67912/Y                                          -       A->Y    R     BUFx12f_ASAP7_75t_SL          21 22.6    27    28    1000    (-,-) 
  g67901/Y                                          -       A->Y    R     BUFx3_ASAP7_75t_SL             5  3.5    17    22    1022    (-,-) 
  g67900/Y                                          -       A->Y    F     INVx1_ASAP7_75t_L              2  1.5    17    13    1035    (-,-) 
  g67772/Y                                          -       A1->Y   R     AOI22xp5_ASAP7_75t_SL          2  2.1    55    27    1062    (-,-) 
  g67684/Y                                          -       A1->Y   F     OAI22x1_ASAP7_75t_SL           2  2.5    38    22    1083    (-,-) 
  g67653/Y                                          -       A->Y    R     INVx2_ASAP7_75t_SL             1  1.4    18    12    1095    (-,-) 
  g67552/Y                                          -       A1->Y   F     OAI22x1_ASAP7_75t_SL           1  1.4    23    13    1108    (-,-) 
  g67412/Y                                          -       B->Y    R     AOI21x1_ASAP7_75t_SL           1  1.3    25    16    1124    (-,-) 
  g67334/Y                                          -       A->Y    F     NAND2x1_ASAP7_75t_SL           2  2.3    26    13    1137    (-,-) 
  g67234/Y                                          -       B->Y    R     NAND4xp75_ASAP7_75t_SL         2  2.4    29    17    1154    (-,-) 
  g67199/Y                                          -       A->Y    F     NOR2x1p5_ASAP7_75t_SL          1  1.8    20    14    1168    (-,-) 
  g67149/Y                                          -       B->Y    R     NAND2x1p5_ASAP7_75t_SL         3  4.8    40    22    1189    (-,-) 
  fopt71239/Y                                       -       A->Y    F     INVx4_ASAP7_75t_SL             1  1.8    14     7    1196    (-,-) 
  g67091/Y                                          -       B->Y    R     NAND2x1p5_ASAP7_75t_SL         2  2.0    25    13    1209    (-,-) 
  g71162/Y                                          -       B->Y    R     XOR2xp5_ASAP7_75t_SL           2  1.4    42    28    1238    (-,-) 
  g66984/Y                                          -       B->Y    F     NAND3xp33_ASAP7_75t_SL         1  1.0    35    18    1256    (-,-) 
  g71145/Y                                          -       B->Y    R     NOR2xp67_ASAP7_75t_SL          1  0.8    26    15    1270    (-,-) 
  g66962/Y                                          -       B->Y    F     NAND3xp33_ASAP7_75t_SL         1  0.9    34    16    1286    (-,-) 
  g66960/Y                                          -       A1->Y   R     OAI21xp5_ASAP7_75t_SL          1  1.3    38    21    1306    (-,-) 
  g66959/Y                                          -       B->Y    R     AND2x4_ASAP7_75t_SL            2  6.3    23    27    1333    (-,-) 
  fopt69395/Y                                       -       A->Y    F     INVx5_ASAP7_75t_SL            20 13.2    25    16    1349    (-,-) 
  g66931/Y                                          -       B->Y    R     NAND2xp5_ASAP7_75t_SL          1  0.9    23    15    1365    (-,-) 
  PIPE_OUT_col1_stage_reg_reg[0][6]/D               -       -       R     ASYNC_DFFHx1_ASAP7_75t_SL      1    -     -     0    1365    (-,-) 
#--------------------------------------------------------------------------------------------------------------------------------------------



Path 44: VIOLATED (-478 ps) Setup Check with Pin PIPE_OUT_col1_stage_reg_reg[0][4]/CLK->D
           View: PVT_0P63V_100C.setup_view
          Group: clk
     Startpoint: (R) PIPE_OUT_col1_stage_reg_reg[0][24]/CLK
          Clock: (R) clk
       Endpoint: (R) PIPE_OUT_col1_stage_reg_reg[0][4]/D
          Clock: (R) clk

                     Capture       Launch     
        Clock Edge:+    1000            0     
       Src Latency:+       0            0     
       Net Latency:+       0 (I)        0 (I) 
           Arrival:=    1000            0     
                                              
             Setup:-      13                  
       Uncertainty:-     100                  
     Required Time:=     887                  
      Launch Clock:-       0                  
         Data Path:-    1365                  
             Slack:=    -478                  

#--------------------------------------------------------------------------------------------------------------------------------------------
#                   Timing Point                    Flags    Arc    Edge           Cell             Fanout Load Trans Delay Arrival Instance 
#                                                                                                          (fF)  (ps)  (ps)   (ps)  Location 
#--------------------------------------------------------------------------------------------------------------------------------------------
  PIPE_OUT_col1_stage_reg_reg[0][24]/CLK            -       -       R     (arrival)                   1109    -     0     0       0    (-,-) 
  PIPE_OUT_col1_stage_reg_reg[0][24]/QN             -       CLK->QN F     ASYNC_DFFHx1_ASAP7_75t_SL      2  1.8    31    49      49    (-,-) 
  g70517/Y                                          -       B1->Y   R     AOI22x1_ASAP7_75t_SL           4  3.2    64    26      74    (-,-) 
  g70271/Y                                          -       B->Y    F     NOR2xp67_ASAP7_75t_SL          2  1.2    34    20      94    (-,-) 
  g69712__9945/Y                                    -       B->Y    R     NOR2xp33_ASAP7_75t_SL          1  0.8    35    21     115    (-,-) 
  g69659__6131/Y                                    -       B->Y    F     NAND3xp33_ASAP7_75t_SL         2  1.6    42    23     138    (-,-) 
  g69644/Y                                          -       A->Y    R     INVxp67_ASAP7_75t_SL           1  1.3    32    21     158    (-,-) 
  g69551__2802/Y                                    -       A2->Y   F     AOI21x1_ASAP7_75t_SL           1  1.3    25    11     169    (-,-) 
  g69548__3680/Y                                    -       A->Y    F     AND2x4_ASAP7_75t_SL           12 12.2    28    33     202    (-,-) 
  g69450__6161/Y                                    -       B->Y    R     NAND2xp5_ASAP7_75t_SL          1  0.9    32    16     218    (-,-) 
  g69404__6260/Y                                    -       B->Y    R     OA21x2_ASAP7_75t_SL            2  2.4    20    25     243    (-,-) 
  g69254__1666/Y                                    -       A->Y    F     NAND4xp75_ASAP7_75t_SL         1  1.8    30    16     258    (-,-) 
  g69227__1705/Y                                    -       A->Y    R     NOR2x1p5_ASAP7_75t_SL          2  1.8    25    13     272    (-,-) 
  g69205__2346/Y                                    -       B->Y    R     AND2x4_ASAP7_75t_SL            3  4.7    19    23     295    (-,-) 
  g69191/Y                                          -       A->Y    F     INVx4_ASAP7_75t_SL             3  3.8    13     8     303    (-,-) 
  g69177__1881/Y                                    -       B->Y    R     NAND2x2_ASAP7_75t_SL           2  1.9    22    12     315    (-,-) 
  g69103__8428/Y                                    -       B->Y    R     AND2x6_ASAP7_75t_SL           18 14.2    32    32     348    (-,-) 
  g68974__5122/Y                                    -       B->Y    F     NAND2xp5_ASAP7_75t_SL          1  0.9    26    13     361    (-,-) 
  g68953__4733/Y                                    -       B->Y    F     OA21x2_ASAP7_75t_SL            2  2.1    16    22     383    (-,-) 
  g68815__8246/Y                                    -       A1->Y   R     OAI22x1_ASAP7_75t_SL           3  2.0    43    17     400    (-,-) 
  g68718__2883/Y                                    -       B2->Y   R     AO22x1_ASAP7_75t_SL            2  2.0    27    31     431    (-,-) 
  g68637__5115/Y                                    -       B1->Y   F     AOI22xp5_ASAP7_75t_SL          2  1.6    36    17     448    (-,-) 
  g68577__6161/Y                                    -       B1->Y   R     OAI22xp5_ASAP7_75t_SL          1  1.3    43    23     472    (-,-) 
  g68555__7410/Y                                    -       B->Y    R     XOR2xp5_ASAP7_75t_SL           3  2.0    57    35     506    (-,-) 
  addinc_FP32_ALU_col1_fracAdder_add_113_18_g1078/Y -       B->Y    R     AND2x2_ASAP7_75t_SL            2  1.4    16    25     531    (-,-) 
  addinc_FP32_ALU_col1_fracAdder_add_113_18_g976/Y  -       A2->Y   F     AOI21xp5_ASAP7_75t_SL          1  0.9    21    11     542    (-,-) 
  addinc_FP32_ALU_col1_fracAdder_add_113_18_g947/Y  -       B->Y    R     OAI21xp5_ASAP7_75t_SL          2  1.8    45    17     559    (-,-) 
  addinc_FP32_ALU_col1_fracAdder_add_113_18_g914/Y  -       A2->Y   F     AOI21x1_ASAP7_75t_SL           2  1.7    26    13     572    (-,-) 
  addinc_FP32_ALU_col1_fracAdder_add_113_18_g913/Y  -       A->Y    F     BUFx3_ASAP7_75t_SL             6  4.4    17    25     597    (-,-) 
  addinc_FP32_ALU_col1_fracAdder_add_113_18_g892/Y  -       A1->Y   R     OAI21xp5_ASAP7_75t_SL          1  1.3    35    18     615    (-,-) 
  addinc_FP32_ALU_col1_fracAdder_add_113_18_g875/Y  -       B->Y    R     XOR2xp5_ASAP7_75t_SL           2  1.4    43    29     644    (-,-) 
  g69071/Y                                          -       B->Y    R     OR2x2_ASAP7_75t_SL             1  1.8    16    25     669    (-,-) 
  g70787/Y                                          -       A->Y    F     NOR2x1p5_ASAP7_75t_SL          1  1.8    18    12     681    (-,-) 
  g68302/Y                                          -       A->Y    R     NAND4xp75_ASAP7_75t_SL         1  2.6    35    14     695    (-,-) 
  g68300/Y                                          -       A->Y    F     INVx4_ASAP7_75t_SL             1  2.6    15     8     703    (-,-) 
  g68284/Y                                          -       C->Y    R     NAND3x2_ASAP7_75t_SL           4  5.0    43    25     729    (-,-) 
  g68281/Y                                          -       A->Y    F     INVx3_ASAP7_75t_SL             4  4.8    24    14     743    (-,-) 
  g68244/Y                                          -       A2->Y   R     AOI21x1_ASAP7_75t_SL           2  2.4    37    19     762    (-,-) 
  g68221/Y                                          -       A->Y    F     NAND4xp75_ASAP7_75t_SL         1  2.3    39    20     782    (-,-) 
  g68209/Y                                          -       B->Y    R     NOR2x2_ASAP7_75t_SL            5  5.5    39    23     805    (-,-) 
  fopt69389/Y                                       -       A->Y    R     BUFx3_ASAP7_75t_SL             4  3.4    18    24     828    (-,-) 
  fopt69383/Y                                       -       A->Y    F     INVx2_ASAP7_75t_SL             4  3.2    16    11     840    (-,-) 
  g68182/Y                                          -       A1->Y   R     OAI21xp5_ASAP7_75t_SL          1  1.4    38    19     859    (-,-) 
  g68164/Y                                          -       A1->Y   F     AOI21x1_ASAP7_75t_SL           3  2.4    30    18     877    (-,-) 
  g68146/Y                                          -       B->Y    F     AND2x4_ASAP7_75t_SL            4  5.1    16    26     902    (-,-) 
  g68125/Y                                          -       A->Y    R     NOR2x2_ASAP7_75t_SL            1  2.3    22    12     914    (-,-) 
  g68121/Y                                          -       B->Y    F     NAND2x2_ASAP7_75t_SL           2  3.5    20    12     926    (-,-) 
  g68021/Y                                          -       A->Y    R     NAND3x2_ASAP7_75t_SL           2  3.4    51    19     945    (-,-) 
  fopt71226/Y                                       -       A->Y    F     INVx3_ASAP7_75t_SL             1  1.4    17     7     952    (-,-) 
  g67929/Y                                          -       A1->Y   R     OAI22x1_ASAP7_75t_SL           1  2.6    45    20     972    (-,-) 
  g67912/Y                                          -       A->Y    R     BUFx12f_ASAP7_75t_SL          21 22.6    27    28    1000    (-,-) 
  g67901/Y                                          -       A->Y    R     BUFx3_ASAP7_75t_SL             5  3.5    17    22    1022    (-,-) 
  g67900/Y                                          -       A->Y    F     INVx1_ASAP7_75t_L              2  1.5    17    13    1035    (-,-) 
  g67772/Y                                          -       A1->Y   R     AOI22xp5_ASAP7_75t_SL          2  2.1    55    27    1062    (-,-) 
  g67684/Y                                          -       A1->Y   F     OAI22x1_ASAP7_75t_SL           2  2.5    38    22    1083    (-,-) 
  g67653/Y                                          -       A->Y    R     INVx2_ASAP7_75t_SL             1  1.4    18    12    1095    (-,-) 
  g67552/Y                                          -       A1->Y   F     OAI22x1_ASAP7_75t_SL           1  1.4    23    13    1108    (-,-) 
  g67412/Y                                          -       B->Y    R     AOI21x1_ASAP7_75t_SL           1  1.3    25    16    1124    (-,-) 
  g67334/Y                                          -       A->Y    F     NAND2x1_ASAP7_75t_SL           2  2.3    26    13    1137    (-,-) 
  g67234/Y                                          -       B->Y    R     NAND4xp75_ASAP7_75t_SL         2  2.4    29    17    1154    (-,-) 
  g67199/Y                                          -       A->Y    F     NOR2x1p5_ASAP7_75t_SL          1  1.8    20    14    1168    (-,-) 
  g67149/Y                                          -       B->Y    R     NAND2x1p5_ASAP7_75t_SL         3  4.8    40    22    1189    (-,-) 
  fopt71239/Y                                       -       A->Y    F     INVx4_ASAP7_75t_SL             1  1.8    14     7    1196    (-,-) 
  g67091/Y                                          -       B->Y    R     NAND2x1p5_ASAP7_75t_SL         2  2.0    25    13    1209    (-,-) 
  g71162/Y                                          -       B->Y    R     XOR2xp5_ASAP7_75t_SL           2  1.4    42    28    1238    (-,-) 
  g66984/Y                                          -       B->Y    F     NAND3xp33_ASAP7_75t_SL         1  1.0    35    18    1256    (-,-) 
  g71145/Y                                          -       B->Y    R     NOR2xp67_ASAP7_75t_SL          1  0.8    26    15    1270    (-,-) 
  g66962/Y                                          -       B->Y    F     NAND3xp33_ASAP7_75t_SL         1  0.9    34    16    1286    (-,-) 
  g66960/Y                                          -       A1->Y   R     OAI21xp5_ASAP7_75t_SL          1  1.3    38    21    1306    (-,-) 
  g66959/Y                                          -       B->Y    R     AND2x4_ASAP7_75t_SL            2  6.3    23    27    1333    (-,-) 
  fopt69395/Y                                       -       A->Y    F     INVx5_ASAP7_75t_SL            20 13.2    25    16    1349    (-,-) 
  g66930/Y                                          -       B->Y    R     NAND2xp5_ASAP7_75t_SL          1  0.9    23    15    1365    (-,-) 
  PIPE_OUT_col1_stage_reg_reg[0][4]/D               -       -       R     ASYNC_DFFHx1_ASAP7_75t_SL      1    -     -     0    1365    (-,-) 
#--------------------------------------------------------------------------------------------------------------------------------------------



Path 45: VIOLATED (-478 ps) Setup Check with Pin PIPE_OUT_col1_stage_reg_reg[0][29]/CLK->D
           View: PVT_0P63V_100C.setup_view
          Group: clk
     Startpoint: (R) PIPE_OUT_col1_stage_reg_reg[0][24]/CLK
          Clock: (R) clk
       Endpoint: (R) PIPE_OUT_col1_stage_reg_reg[0][29]/D
          Clock: (R) clk

                     Capture       Launch     
        Clock Edge:+    1000            0     
       Src Latency:+       0            0     
       Net Latency:+       0 (I)        0 (I) 
           Arrival:=    1000            0     
                                              
             Setup:-      13                  
       Uncertainty:-     100                  
     Required Time:=     887                  
      Launch Clock:-       0                  
         Data Path:-    1365                  
             Slack:=    -478                  

#--------------------------------------------------------------------------------------------------------------------------------------------
#                   Timing Point                    Flags    Arc    Edge           Cell             Fanout Load Trans Delay Arrival Instance 
#                                                                                                          (fF)  (ps)  (ps)   (ps)  Location 
#--------------------------------------------------------------------------------------------------------------------------------------------
  PIPE_OUT_col1_stage_reg_reg[0][24]/CLK            -       -       R     (arrival)                   1109    -     0     0       0    (-,-) 
  PIPE_OUT_col1_stage_reg_reg[0][24]/QN             -       CLK->QN F     ASYNC_DFFHx1_ASAP7_75t_SL      2  1.8    31    49      49    (-,-) 
  g70517/Y                                          -       B1->Y   R     AOI22x1_ASAP7_75t_SL           4  3.2    64    26      74    (-,-) 
  g70271/Y                                          -       B->Y    F     NOR2xp67_ASAP7_75t_SL          2  1.2    34    20      94    (-,-) 
  g69712__9945/Y                                    -       B->Y    R     NOR2xp33_ASAP7_75t_SL          1  0.8    35    21     115    (-,-) 
  g69659__6131/Y                                    -       B->Y    F     NAND3xp33_ASAP7_75t_SL         2  1.6    42    23     138    (-,-) 
  g69644/Y                                          -       A->Y    R     INVxp67_ASAP7_75t_SL           1  1.3    32    21     158    (-,-) 
  g69551__2802/Y                                    -       A2->Y   F     AOI21x1_ASAP7_75t_SL           1  1.3    25    11     169    (-,-) 
  g69548__3680/Y                                    -       A->Y    F     AND2x4_ASAP7_75t_SL           12 12.2    28    33     202    (-,-) 
  g69450__6161/Y                                    -       B->Y    R     NAND2xp5_ASAP7_75t_SL          1  0.9    32    16     218    (-,-) 
  g69404__6260/Y                                    -       B->Y    R     OA21x2_ASAP7_75t_SL            2  2.4    20    25     243    (-,-) 
  g69254__1666/Y                                    -       A->Y    F     NAND4xp75_ASAP7_75t_SL         1  1.8    30    16     258    (-,-) 
  g69227__1705/Y                                    -       A->Y    R     NOR2x1p5_ASAP7_75t_SL          2  1.8    25    13     272    (-,-) 
  g69205__2346/Y                                    -       B->Y    R     AND2x4_ASAP7_75t_SL            3  4.7    19    23     295    (-,-) 
  g69191/Y                                          -       A->Y    F     INVx4_ASAP7_75t_SL             3  3.8    13     8     303    (-,-) 
  g69177__1881/Y                                    -       B->Y    R     NAND2x2_ASAP7_75t_SL           2  1.9    22    12     315    (-,-) 
  g69103__8428/Y                                    -       B->Y    R     AND2x6_ASAP7_75t_SL           18 14.2    32    32     348    (-,-) 
  g68974__5122/Y                                    -       B->Y    F     NAND2xp5_ASAP7_75t_SL          1  0.9    26    13     361    (-,-) 
  g68953__4733/Y                                    -       B->Y    F     OA21x2_ASAP7_75t_SL            2  2.1    16    22     383    (-,-) 
  g68815__8246/Y                                    -       A1->Y   R     OAI22x1_ASAP7_75t_SL           3  2.0    43    17     400    (-,-) 
  g68718__2883/Y                                    -       B2->Y   R     AO22x1_ASAP7_75t_SL            2  2.0    27    31     431    (-,-) 
  g68637__5115/Y                                    -       B1->Y   F     AOI22xp5_ASAP7_75t_SL          2  1.6    36    17     448    (-,-) 
  g68577__6161/Y                                    -       B1->Y   R     OAI22xp5_ASAP7_75t_SL          1  1.3    43    23     472    (-,-) 
  g68555__7410/Y                                    -       B->Y    R     XOR2xp5_ASAP7_75t_SL           3  2.0    57    35     506    (-,-) 
  addinc_FP32_ALU_col1_fracAdder_add_113_18_g1078/Y -       B->Y    R     AND2x2_ASAP7_75t_SL            2  1.4    16    25     531    (-,-) 
  addinc_FP32_ALU_col1_fracAdder_add_113_18_g976/Y  -       A2->Y   F     AOI21xp5_ASAP7_75t_SL          1  0.9    21    11     542    (-,-) 
  addinc_FP32_ALU_col1_fracAdder_add_113_18_g947/Y  -       B->Y    R     OAI21xp5_ASAP7_75t_SL          2  1.8    45    17     559    (-,-) 
  addinc_FP32_ALU_col1_fracAdder_add_113_18_g914/Y  -       A2->Y   F     AOI21x1_ASAP7_75t_SL           2  1.7    26    13     572    (-,-) 
  addinc_FP32_ALU_col1_fracAdder_add_113_18_g913/Y  -       A->Y    F     BUFx3_ASAP7_75t_SL             6  4.4    17    25     597    (-,-) 
  addinc_FP32_ALU_col1_fracAdder_add_113_18_g892/Y  -       A1->Y   R     OAI21xp5_ASAP7_75t_SL          1  1.3    35    18     615    (-,-) 
  addinc_FP32_ALU_col1_fracAdder_add_113_18_g875/Y  -       B->Y    R     XOR2xp5_ASAP7_75t_SL           2  1.4    43    29     644    (-,-) 
  g69071/Y                                          -       B->Y    R     OR2x2_ASAP7_75t_SL             1  1.8    16    25     669    (-,-) 
  g70787/Y                                          -       A->Y    F     NOR2x1p5_ASAP7_75t_SL          1  1.8    18    12     681    (-,-) 
  g68302/Y                                          -       A->Y    R     NAND4xp75_ASAP7_75t_SL         1  2.6    35    14     695    (-,-) 
  g68300/Y                                          -       A->Y    F     INVx4_ASAP7_75t_SL             1  2.6    15     8     703    (-,-) 
  g68284/Y                                          -       C->Y    R     NAND3x2_ASAP7_75t_SL           4  5.0    43    25     729    (-,-) 
  g68281/Y                                          -       A->Y    F     INVx3_ASAP7_75t_SL             4  4.8    24    14     743    (-,-) 
  g68244/Y                                          -       A2->Y   R     AOI21x1_ASAP7_75t_SL           2  2.4    37    19     762    (-,-) 
  g68221/Y                                          -       A->Y    F     NAND4xp75_ASAP7_75t_SL         1  2.3    39    20     782    (-,-) 
  g68209/Y                                          -       B->Y    R     NOR2x2_ASAP7_75t_SL            5  5.5    39    23     805    (-,-) 
  fopt69389/Y                                       -       A->Y    R     BUFx3_ASAP7_75t_SL             4  3.4    18    24     828    (-,-) 
  fopt69383/Y                                       -       A->Y    F     INVx2_ASAP7_75t_SL             4  3.2    16    11     840    (-,-) 
  g68182/Y                                          -       A1->Y   R     OAI21xp5_ASAP7_75t_SL          1  1.4    38    19     859    (-,-) 
  g68164/Y                                          -       A1->Y   F     AOI21x1_ASAP7_75t_SL           3  2.4    30    18     877    (-,-) 
  g68146/Y                                          -       B->Y    F     AND2x4_ASAP7_75t_SL            4  5.1    16    26     902    (-,-) 
  g68125/Y                                          -       A->Y    R     NOR2x2_ASAP7_75t_SL            1  2.3    22    12     914    (-,-) 
  g68121/Y                                          -       B->Y    F     NAND2x2_ASAP7_75t_SL           2  3.5    20    12     926    (-,-) 
  g68021/Y                                          -       A->Y    R     NAND3x2_ASAP7_75t_SL           2  3.4    51    19     945    (-,-) 
  fopt71226/Y                                       -       A->Y    F     INVx3_ASAP7_75t_SL             1  1.4    17     7     952    (-,-) 
  g67929/Y                                          -       A1->Y   R     OAI22x1_ASAP7_75t_SL           1  2.6    45    20     972    (-,-) 
  g67912/Y                                          -       A->Y    R     BUFx12f_ASAP7_75t_SL          21 22.6    27    28    1000    (-,-) 
  g67901/Y                                          -       A->Y    R     BUFx3_ASAP7_75t_SL             5  3.5    17    22    1022    (-,-) 
  g67900/Y                                          -       A->Y    F     INVx1_ASAP7_75t_L              2  1.5    17    13    1035    (-,-) 
  g67772/Y                                          -       A1->Y   R     AOI22xp5_ASAP7_75t_SL          2  2.1    55    27    1062    (-,-) 
  g67684/Y                                          -       A1->Y   F     OAI22x1_ASAP7_75t_SL           2  2.5    38    22    1083    (-,-) 
  g67653/Y                                          -       A->Y    R     INVx2_ASAP7_75t_SL             1  1.4    18    12    1095    (-,-) 
  g67552/Y                                          -       A1->Y   F     OAI22x1_ASAP7_75t_SL           1  1.4    23    13    1108    (-,-) 
  g67412/Y                                          -       B->Y    R     AOI21x1_ASAP7_75t_SL           1  1.3    25    16    1124    (-,-) 
  g67334/Y                                          -       A->Y    F     NAND2x1_ASAP7_75t_SL           2  2.3    26    13    1137    (-,-) 
  g67234/Y                                          -       B->Y    R     NAND4xp75_ASAP7_75t_SL         2  2.4    29    17    1154    (-,-) 
  g67199/Y                                          -       A->Y    F     NOR2x1p5_ASAP7_75t_SL          1  1.8    20    14    1168    (-,-) 
  g67149/Y                                          -       B->Y    R     NAND2x1p5_ASAP7_75t_SL         3  4.8    40    22    1189    (-,-) 
  fopt71239/Y                                       -       A->Y    F     INVx4_ASAP7_75t_SL             1  1.8    14     7    1196    (-,-) 
  g67091/Y                                          -       B->Y    R     NAND2x1p5_ASAP7_75t_SL         2  2.0    25    13    1209    (-,-) 
  g71146/Y                                          -       B->Y    R     OR2x2_ASAP7_75t_SL             1  1.8    16    22    1231    (-,-) 
  g71160/Y                                          -       A->Y    R     XOR2x1_ASAP7_75t_SL            2  1.8    33    23    1254    (-,-) 
  g66974/Y                                          -       B->Y    F     NOR2x1_ASAP7_75t_SL            1  0.8    21    12    1266    (-,-) 
  g66962/Y                                          -       C->Y    R     NAND3xp33_ASAP7_75t_SL         1  0.9    27    17    1283    (-,-) 
  g66960/Y                                          -       A1->Y   F     OAI21xp5_ASAP7_75t_SL          1  1.3    32    17    1300    (-,-) 
  g66959/Y                                          -       B->Y    F     AND2x4_ASAP7_75t_SL            2  6.3    19    28    1327    (-,-) 
  fopt69394/Y                                       -       A->Y    R     INVx5_ASAP7_75t_SL            11  8.1    22    14    1341    (-,-) 
  g66950/Y                                          -       B->Y    R     AND3x1_ASAP7_75t_SL            1  0.9    18    24    1365    (-,-) 
  PIPE_OUT_col1_stage_reg_reg[0][29]/D              -       -       R     ASYNC_DFFHx1_ASAP7_75t_SL      1    -     -     0    1365    (-,-) 
#--------------------------------------------------------------------------------------------------------------------------------------------



Path 46: VIOLATED (-478 ps) Setup Check with Pin PIPE_OUT_col1_stage_reg_reg[0][28]/CLK->D
           View: PVT_0P63V_100C.setup_view
          Group: clk
     Startpoint: (R) PIPE_OUT_col1_stage_reg_reg[0][24]/CLK
          Clock: (R) clk
       Endpoint: (R) PIPE_OUT_col1_stage_reg_reg[0][28]/D
          Clock: (R) clk

                     Capture       Launch     
        Clock Edge:+    1000            0     
       Src Latency:+       0            0     
       Net Latency:+       0 (I)        0 (I) 
           Arrival:=    1000            0     
                                              
             Setup:-      13                  
       Uncertainty:-     100                  
     Required Time:=     887                  
      Launch Clock:-       0                  
         Data Path:-    1365                  
             Slack:=    -478                  

#--------------------------------------------------------------------------------------------------------------------------------------------
#                   Timing Point                    Flags    Arc    Edge           Cell             Fanout Load Trans Delay Arrival Instance 
#                                                                                                          (fF)  (ps)  (ps)   (ps)  Location 
#--------------------------------------------------------------------------------------------------------------------------------------------
  PIPE_OUT_col1_stage_reg_reg[0][24]/CLK            -       -       R     (arrival)                   1109    -     0     0       0    (-,-) 
  PIPE_OUT_col1_stage_reg_reg[0][24]/QN             -       CLK->QN F     ASYNC_DFFHx1_ASAP7_75t_SL      2  1.8    31    49      49    (-,-) 
  g70517/Y                                          -       B1->Y   R     AOI22x1_ASAP7_75t_SL           4  3.2    64    26      74    (-,-) 
  g70271/Y                                          -       B->Y    F     NOR2xp67_ASAP7_75t_SL          2  1.2    34    20      94    (-,-) 
  g69712__9945/Y                                    -       B->Y    R     NOR2xp33_ASAP7_75t_SL          1  0.8    35    21     115    (-,-) 
  g69659__6131/Y                                    -       B->Y    F     NAND3xp33_ASAP7_75t_SL         2  1.6    42    23     138    (-,-) 
  g69644/Y                                          -       A->Y    R     INVxp67_ASAP7_75t_SL           1  1.3    32    21     158    (-,-) 
  g69551__2802/Y                                    -       A2->Y   F     AOI21x1_ASAP7_75t_SL           1  1.3    25    11     169    (-,-) 
  g69548__3680/Y                                    -       A->Y    F     AND2x4_ASAP7_75t_SL           12 12.2    28    33     202    (-,-) 
  g69450__6161/Y                                    -       B->Y    R     NAND2xp5_ASAP7_75t_SL          1  0.9    32    16     218    (-,-) 
  g69404__6260/Y                                    -       B->Y    R     OA21x2_ASAP7_75t_SL            2  2.4    20    25     243    (-,-) 
  g69254__1666/Y                                    -       A->Y    F     NAND4xp75_ASAP7_75t_SL         1  1.8    30    16     258    (-,-) 
  g69227__1705/Y                                    -       A->Y    R     NOR2x1p5_ASAP7_75t_SL          2  1.8    25    13     272    (-,-) 
  g69205__2346/Y                                    -       B->Y    R     AND2x4_ASAP7_75t_SL            3  4.7    19    23     295    (-,-) 
  g69191/Y                                          -       A->Y    F     INVx4_ASAP7_75t_SL             3  3.8    13     8     303    (-,-) 
  g69177__1881/Y                                    -       B->Y    R     NAND2x2_ASAP7_75t_SL           2  1.9    22    12     315    (-,-) 
  g69103__8428/Y                                    -       B->Y    R     AND2x6_ASAP7_75t_SL           18 14.2    32    32     348    (-,-) 
  g68974__5122/Y                                    -       B->Y    F     NAND2xp5_ASAP7_75t_SL          1  0.9    26    13     361    (-,-) 
  g68953__4733/Y                                    -       B->Y    F     OA21x2_ASAP7_75t_SL            2  2.1    16    22     383    (-,-) 
  g68815__8246/Y                                    -       A1->Y   R     OAI22x1_ASAP7_75t_SL           3  2.0    43    17     400    (-,-) 
  g68718__2883/Y                                    -       B2->Y   R     AO22x1_ASAP7_75t_SL            2  2.0    27    31     431    (-,-) 
  g68637__5115/Y                                    -       B1->Y   F     AOI22xp5_ASAP7_75t_SL          2  1.6    36    17     448    (-,-) 
  g68577__6161/Y                                    -       B1->Y   R     OAI22xp5_ASAP7_75t_SL          1  1.3    43    23     472    (-,-) 
  g68555__7410/Y                                    -       B->Y    R     XOR2xp5_ASAP7_75t_SL           3  2.0    57    35     506    (-,-) 
  addinc_FP32_ALU_col1_fracAdder_add_113_18_g1078/Y -       B->Y    R     AND2x2_ASAP7_75t_SL            2  1.4    16    25     531    (-,-) 
  addinc_FP32_ALU_col1_fracAdder_add_113_18_g976/Y  -       A2->Y   F     AOI21xp5_ASAP7_75t_SL          1  0.9    21    11     542    (-,-) 
  addinc_FP32_ALU_col1_fracAdder_add_113_18_g947/Y  -       B->Y    R     OAI21xp5_ASAP7_75t_SL          2  1.8    45    17     559    (-,-) 
  addinc_FP32_ALU_col1_fracAdder_add_113_18_g914/Y  -       A2->Y   F     AOI21x1_ASAP7_75t_SL           2  1.7    26    13     572    (-,-) 
  addinc_FP32_ALU_col1_fracAdder_add_113_18_g913/Y  -       A->Y    F     BUFx3_ASAP7_75t_SL             6  4.4    17    25     597    (-,-) 
  addinc_FP32_ALU_col1_fracAdder_add_113_18_g892/Y  -       A1->Y   R     OAI21xp5_ASAP7_75t_SL          1  1.3    35    18     615    (-,-) 
  addinc_FP32_ALU_col1_fracAdder_add_113_18_g875/Y  -       B->Y    R     XOR2xp5_ASAP7_75t_SL           2  1.4    43    29     644    (-,-) 
  g69071/Y                                          -       B->Y    R     OR2x2_ASAP7_75t_SL             1  1.8    16    25     669    (-,-) 
  g70787/Y                                          -       A->Y    F     NOR2x1p5_ASAP7_75t_SL          1  1.8    18    12     681    (-,-) 
  g68302/Y                                          -       A->Y    R     NAND4xp75_ASAP7_75t_SL         1  2.6    35    14     695    (-,-) 
  g68300/Y                                          -       A->Y    F     INVx4_ASAP7_75t_SL             1  2.6    15     8     703    (-,-) 
  g68284/Y                                          -       C->Y    R     NAND3x2_ASAP7_75t_SL           4  5.0    43    25     729    (-,-) 
  g68281/Y                                          -       A->Y    F     INVx3_ASAP7_75t_SL             4  4.8    24    14     743    (-,-) 
  g68244/Y                                          -       A2->Y   R     AOI21x1_ASAP7_75t_SL           2  2.4    37    19     762    (-,-) 
  g68221/Y                                          -       A->Y    F     NAND4xp75_ASAP7_75t_SL         1  2.3    39    20     782    (-,-) 
  g68209/Y                                          -       B->Y    R     NOR2x2_ASAP7_75t_SL            5  5.5    39    23     805    (-,-) 
  fopt69389/Y                                       -       A->Y    R     BUFx3_ASAP7_75t_SL             4  3.4    18    24     828    (-,-) 
  fopt69383/Y                                       -       A->Y    F     INVx2_ASAP7_75t_SL             4  3.2    16    11     840    (-,-) 
  g68182/Y                                          -       A1->Y   R     OAI21xp5_ASAP7_75t_SL          1  1.4    38    19     859    (-,-) 
  g68164/Y                                          -       A1->Y   F     AOI21x1_ASAP7_75t_SL           3  2.4    30    18     877    (-,-) 
  g68146/Y                                          -       B->Y    F     AND2x4_ASAP7_75t_SL            4  5.1    16    26     902    (-,-) 
  g68125/Y                                          -       A->Y    R     NOR2x2_ASAP7_75t_SL            1  2.3    22    12     914    (-,-) 
  g68121/Y                                          -       B->Y    F     NAND2x2_ASAP7_75t_SL           2  3.5    20    12     926    (-,-) 
  g68021/Y                                          -       A->Y    R     NAND3x2_ASAP7_75t_SL           2  3.4    51    19     945    (-,-) 
  fopt71226/Y                                       -       A->Y    F     INVx3_ASAP7_75t_SL             1  1.4    17     7     952    (-,-) 
  g67929/Y                                          -       A1->Y   R     OAI22x1_ASAP7_75t_SL           1  2.6    45    20     972    (-,-) 
  g67912/Y                                          -       A->Y    R     BUFx12f_ASAP7_75t_SL          21 22.6    27    28    1000    (-,-) 
  g67901/Y                                          -       A->Y    R     BUFx3_ASAP7_75t_SL             5  3.5    17    22    1022    (-,-) 
  g67900/Y                                          -       A->Y    F     INVx1_ASAP7_75t_L              2  1.5    17    13    1035    (-,-) 
  g67772/Y                                          -       A1->Y   R     AOI22xp5_ASAP7_75t_SL          2  2.1    55    27    1062    (-,-) 
  g67684/Y                                          -       A1->Y   F     OAI22x1_ASAP7_75t_SL           2  2.5    38    22    1083    (-,-) 
  g67653/Y                                          -       A->Y    R     INVx2_ASAP7_75t_SL             1  1.4    18    12    1095    (-,-) 
  g67552/Y                                          -       A1->Y   F     OAI22x1_ASAP7_75t_SL           1  1.4    23    13    1108    (-,-) 
  g67412/Y                                          -       B->Y    R     AOI21x1_ASAP7_75t_SL           1  1.3    25    16    1124    (-,-) 
  g67334/Y                                          -       A->Y    F     NAND2x1_ASAP7_75t_SL           2  2.3    26    13    1137    (-,-) 
  g67234/Y                                          -       B->Y    R     NAND4xp75_ASAP7_75t_SL         2  2.4    29    17    1154    (-,-) 
  g67199/Y                                          -       A->Y    F     NOR2x1p5_ASAP7_75t_SL          1  1.8    20    14    1168    (-,-) 
  g67149/Y                                          -       B->Y    R     NAND2x1p5_ASAP7_75t_SL         3  4.8    40    22    1189    (-,-) 
  fopt71239/Y                                       -       A->Y    F     INVx4_ASAP7_75t_SL             1  1.8    14     7    1196    (-,-) 
  g67091/Y                                          -       B->Y    R     NAND2x1p5_ASAP7_75t_SL         2  2.0    25    13    1209    (-,-) 
  g71146/Y                                          -       B->Y    R     OR2x2_ASAP7_75t_SL             1  1.8    16    22    1231    (-,-) 
  g71160/Y                                          -       A->Y    R     XOR2x1_ASAP7_75t_SL            2  1.8    33    23    1254    (-,-) 
  g66974/Y                                          -       B->Y    F     NOR2x1_ASAP7_75t_SL            1  0.8    21    12    1266    (-,-) 
  g66962/Y                                          -       C->Y    R     NAND3xp33_ASAP7_75t_SL         1  0.9    27    17    1283    (-,-) 
  g66960/Y                                          -       A1->Y   F     OAI21xp5_ASAP7_75t_SL          1  1.3    32    17    1300    (-,-) 
  g66959/Y                                          -       B->Y    F     AND2x4_ASAP7_75t_SL            2  6.3    19    28    1327    (-,-) 
  fopt69394/Y                                       -       A->Y    R     INVx5_ASAP7_75t_SL            11  8.1    22    14    1341    (-,-) 
  g66949/Y                                          -       B->Y    R     AND3x1_ASAP7_75t_SL            1  0.9    18    24    1365    (-,-) 
  PIPE_OUT_col1_stage_reg_reg[0][28]/D              -       -       R     ASYNC_DFFHx1_ASAP7_75t_SL      1    -     -     0    1365    (-,-) 
#--------------------------------------------------------------------------------------------------------------------------------------------



Path 47: VIOLATED (-478 ps) Setup Check with Pin PIPE_OUT_col1_stage_reg_reg[0][26]/CLK->D
           View: PVT_0P63V_100C.setup_view
          Group: clk
     Startpoint: (R) PIPE_OUT_col1_stage_reg_reg[0][24]/CLK
          Clock: (R) clk
       Endpoint: (R) PIPE_OUT_col1_stage_reg_reg[0][26]/D
          Clock: (R) clk

                     Capture       Launch     
        Clock Edge:+    1000            0     
       Src Latency:+       0            0     
       Net Latency:+       0 (I)        0 (I) 
           Arrival:=    1000            0     
                                              
             Setup:-      13                  
       Uncertainty:-     100                  
     Required Time:=     887                  
      Launch Clock:-       0                  
         Data Path:-    1365                  
             Slack:=    -478                  

#--------------------------------------------------------------------------------------------------------------------------------------------
#                   Timing Point                    Flags    Arc    Edge           Cell             Fanout Load Trans Delay Arrival Instance 
#                                                                                                          (fF)  (ps)  (ps)   (ps)  Location 
#--------------------------------------------------------------------------------------------------------------------------------------------
  PIPE_OUT_col1_stage_reg_reg[0][24]/CLK            -       -       R     (arrival)                   1109    -     0     0       0    (-,-) 
  PIPE_OUT_col1_stage_reg_reg[0][24]/QN             -       CLK->QN F     ASYNC_DFFHx1_ASAP7_75t_SL      2  1.8    31    49      49    (-,-) 
  g70517/Y                                          -       B1->Y   R     AOI22x1_ASAP7_75t_SL           4  3.2    64    26      74    (-,-) 
  g70271/Y                                          -       B->Y    F     NOR2xp67_ASAP7_75t_SL          2  1.2    34    20      94    (-,-) 
  g69712__9945/Y                                    -       B->Y    R     NOR2xp33_ASAP7_75t_SL          1  0.8    35    21     115    (-,-) 
  g69659__6131/Y                                    -       B->Y    F     NAND3xp33_ASAP7_75t_SL         2  1.6    42    23     138    (-,-) 
  g69644/Y                                          -       A->Y    R     INVxp67_ASAP7_75t_SL           1  1.3    32    21     158    (-,-) 
  g69551__2802/Y                                    -       A2->Y   F     AOI21x1_ASAP7_75t_SL           1  1.3    25    11     169    (-,-) 
  g69548__3680/Y                                    -       A->Y    F     AND2x4_ASAP7_75t_SL           12 12.2    28    33     202    (-,-) 
  g69450__6161/Y                                    -       B->Y    R     NAND2xp5_ASAP7_75t_SL          1  0.9    32    16     218    (-,-) 
  g69404__6260/Y                                    -       B->Y    R     OA21x2_ASAP7_75t_SL            2  2.4    20    25     243    (-,-) 
  g69254__1666/Y                                    -       A->Y    F     NAND4xp75_ASAP7_75t_SL         1  1.8    30    16     258    (-,-) 
  g69227__1705/Y                                    -       A->Y    R     NOR2x1p5_ASAP7_75t_SL          2  1.8    25    13     272    (-,-) 
  g69205__2346/Y                                    -       B->Y    R     AND2x4_ASAP7_75t_SL            3  4.7    19    23     295    (-,-) 
  g69191/Y                                          -       A->Y    F     INVx4_ASAP7_75t_SL             3  3.8    13     8     303    (-,-) 
  g69177__1881/Y                                    -       B->Y    R     NAND2x2_ASAP7_75t_SL           2  1.9    22    12     315    (-,-) 
  g69103__8428/Y                                    -       B->Y    R     AND2x6_ASAP7_75t_SL           18 14.2    32    32     348    (-,-) 
  g68974__5122/Y                                    -       B->Y    F     NAND2xp5_ASAP7_75t_SL          1  0.9    26    13     361    (-,-) 
  g68953__4733/Y                                    -       B->Y    F     OA21x2_ASAP7_75t_SL            2  2.1    16    22     383    (-,-) 
  g68815__8246/Y                                    -       A1->Y   R     OAI22x1_ASAP7_75t_SL           3  2.0    43    17     400    (-,-) 
  g68718__2883/Y                                    -       B2->Y   R     AO22x1_ASAP7_75t_SL            2  2.0    27    31     431    (-,-) 
  g68637__5115/Y                                    -       B1->Y   F     AOI22xp5_ASAP7_75t_SL          2  1.6    36    17     448    (-,-) 
  g68577__6161/Y                                    -       B1->Y   R     OAI22xp5_ASAP7_75t_SL          1  1.3    43    23     472    (-,-) 
  g68555__7410/Y                                    -       B->Y    R     XOR2xp5_ASAP7_75t_SL           3  2.0    57    35     506    (-,-) 
  addinc_FP32_ALU_col1_fracAdder_add_113_18_g1078/Y -       B->Y    R     AND2x2_ASAP7_75t_SL            2  1.4    16    25     531    (-,-) 
  addinc_FP32_ALU_col1_fracAdder_add_113_18_g976/Y  -       A2->Y   F     AOI21xp5_ASAP7_75t_SL          1  0.9    21    11     542    (-,-) 
  addinc_FP32_ALU_col1_fracAdder_add_113_18_g947/Y  -       B->Y    R     OAI21xp5_ASAP7_75t_SL          2  1.8    45    17     559    (-,-) 
  addinc_FP32_ALU_col1_fracAdder_add_113_18_g914/Y  -       A2->Y   F     AOI21x1_ASAP7_75t_SL           2  1.7    26    13     572    (-,-) 
  addinc_FP32_ALU_col1_fracAdder_add_113_18_g913/Y  -       A->Y    F     BUFx3_ASAP7_75t_SL             6  4.4    17    25     597    (-,-) 
  addinc_FP32_ALU_col1_fracAdder_add_113_18_g892/Y  -       A1->Y   R     OAI21xp5_ASAP7_75t_SL          1  1.3    35    18     615    (-,-) 
  addinc_FP32_ALU_col1_fracAdder_add_113_18_g875/Y  -       B->Y    R     XOR2xp5_ASAP7_75t_SL           2  1.4    43    29     644    (-,-) 
  g69071/Y                                          -       B->Y    R     OR2x2_ASAP7_75t_SL             1  1.8    16    25     669    (-,-) 
  g70787/Y                                          -       A->Y    F     NOR2x1p5_ASAP7_75t_SL          1  1.8    18    12     681    (-,-) 
  g68302/Y                                          -       A->Y    R     NAND4xp75_ASAP7_75t_SL         1  2.6    35    14     695    (-,-) 
  g68300/Y                                          -       A->Y    F     INVx4_ASAP7_75t_SL             1  2.6    15     8     703    (-,-) 
  g68284/Y                                          -       C->Y    R     NAND3x2_ASAP7_75t_SL           4  5.0    43    25     729    (-,-) 
  g68281/Y                                          -       A->Y    F     INVx3_ASAP7_75t_SL             4  4.8    24    14     743    (-,-) 
  g68244/Y                                          -       A2->Y   R     AOI21x1_ASAP7_75t_SL           2  2.4    37    19     762    (-,-) 
  g68221/Y                                          -       A->Y    F     NAND4xp75_ASAP7_75t_SL         1  2.3    39    20     782    (-,-) 
  g68209/Y                                          -       B->Y    R     NOR2x2_ASAP7_75t_SL            5  5.5    39    23     805    (-,-) 
  fopt69389/Y                                       -       A->Y    R     BUFx3_ASAP7_75t_SL             4  3.4    18    24     828    (-,-) 
  fopt69383/Y                                       -       A->Y    F     INVx2_ASAP7_75t_SL             4  3.2    16    11     840    (-,-) 
  g68182/Y                                          -       A1->Y   R     OAI21xp5_ASAP7_75t_SL          1  1.4    38    19     859    (-,-) 
  g68164/Y                                          -       A1->Y   F     AOI21x1_ASAP7_75t_SL           3  2.4    30    18     877    (-,-) 
  g68146/Y                                          -       B->Y    F     AND2x4_ASAP7_75t_SL            4  5.1    16    26     902    (-,-) 
  g68125/Y                                          -       A->Y    R     NOR2x2_ASAP7_75t_SL            1  2.3    22    12     914    (-,-) 
  g68121/Y                                          -       B->Y    F     NAND2x2_ASAP7_75t_SL           2  3.5    20    12     926    (-,-) 
  g68021/Y                                          -       A->Y    R     NAND3x2_ASAP7_75t_SL           2  3.4    51    19     945    (-,-) 
  fopt71226/Y                                       -       A->Y    F     INVx3_ASAP7_75t_SL             1  1.4    17     7     952    (-,-) 
  g67929/Y                                          -       A1->Y   R     OAI22x1_ASAP7_75t_SL           1  2.6    45    20     972    (-,-) 
  g67912/Y                                          -       A->Y    R     BUFx12f_ASAP7_75t_SL          21 22.6    27    28    1000    (-,-) 
  g67901/Y                                          -       A->Y    R     BUFx3_ASAP7_75t_SL             5  3.5    17    22    1022    (-,-) 
  g67900/Y                                          -       A->Y    F     INVx1_ASAP7_75t_L              2  1.5    17    13    1035    (-,-) 
  g67772/Y                                          -       A1->Y   R     AOI22xp5_ASAP7_75t_SL          2  2.1    55    27    1062    (-,-) 
  g67684/Y                                          -       A1->Y   F     OAI22x1_ASAP7_75t_SL           2  2.5    38    22    1083    (-,-) 
  g67653/Y                                          -       A->Y    R     INVx2_ASAP7_75t_SL             1  1.4    18    12    1095    (-,-) 
  g67552/Y                                          -       A1->Y   F     OAI22x1_ASAP7_75t_SL           1  1.4    23    13    1108    (-,-) 
  g67412/Y                                          -       B->Y    R     AOI21x1_ASAP7_75t_SL           1  1.3    25    16    1124    (-,-) 
  g67334/Y                                          -       A->Y    F     NAND2x1_ASAP7_75t_SL           2  2.3    26    13    1137    (-,-) 
  g67234/Y                                          -       B->Y    R     NAND4xp75_ASAP7_75t_SL         2  2.4    29    17    1154    (-,-) 
  g67199/Y                                          -       A->Y    F     NOR2x1p5_ASAP7_75t_SL          1  1.8    20    14    1168    (-,-) 
  g67149/Y                                          -       B->Y    R     NAND2x1p5_ASAP7_75t_SL         3  4.8    40    22    1189    (-,-) 
  fopt71239/Y                                       -       A->Y    F     INVx4_ASAP7_75t_SL             1  1.8    14     7    1196    (-,-) 
  g67091/Y                                          -       B->Y    R     NAND2x1p5_ASAP7_75t_SL         2  2.0    25    13    1209    (-,-) 
  g71146/Y                                          -       B->Y    R     OR2x2_ASAP7_75t_SL             1  1.8    16    22    1231    (-,-) 
  g71160/Y                                          -       A->Y    R     XOR2x1_ASAP7_75t_SL            2  1.8    33    23    1254    (-,-) 
  g66974/Y                                          -       B->Y    F     NOR2x1_ASAP7_75t_SL            1  0.8    21    12    1266    (-,-) 
  g66962/Y                                          -       C->Y    R     NAND3xp33_ASAP7_75t_SL         1  0.9    27    17    1283    (-,-) 
  g66960/Y                                          -       A1->Y   F     OAI21xp5_ASAP7_75t_SL          1  1.3    32    17    1300    (-,-) 
  g66959/Y                                          -       B->Y    F     AND2x4_ASAP7_75t_SL            2  6.3    19    28    1327    (-,-) 
  fopt69394/Y                                       -       A->Y    R     INVx5_ASAP7_75t_SL            11  8.1    22    14    1341    (-,-) 
  g66947/Y                                          -       B->Y    R     AND3x1_ASAP7_75t_SL            1  0.9    18    24    1365    (-,-) 
  PIPE_OUT_col1_stage_reg_reg[0][26]/D              -       -       R     ASYNC_DFFHx1_ASAP7_75t_SL      1    -     -     0    1365    (-,-) 
#--------------------------------------------------------------------------------------------------------------------------------------------



Path 48: VIOLATED (-478 ps) Setup Check with Pin PIPE_OUT_col1_stage_reg_reg[0][25]/CLK->D
           View: PVT_0P63V_100C.setup_view
          Group: clk
     Startpoint: (R) PIPE_OUT_col1_stage_reg_reg[0][24]/CLK
          Clock: (R) clk
       Endpoint: (R) PIPE_OUT_col1_stage_reg_reg[0][25]/D
          Clock: (R) clk

                     Capture       Launch     
        Clock Edge:+    1000            0     
       Src Latency:+       0            0     
       Net Latency:+       0 (I)        0 (I) 
           Arrival:=    1000            0     
                                              
             Setup:-      13                  
       Uncertainty:-     100                  
     Required Time:=     887                  
      Launch Clock:-       0                  
         Data Path:-    1365                  
             Slack:=    -478                  

#--------------------------------------------------------------------------------------------------------------------------------------------
#                   Timing Point                    Flags    Arc    Edge           Cell             Fanout Load Trans Delay Arrival Instance 
#                                                                                                          (fF)  (ps)  (ps)   (ps)  Location 
#--------------------------------------------------------------------------------------------------------------------------------------------
  PIPE_OUT_col1_stage_reg_reg[0][24]/CLK            -       -       R     (arrival)                   1109    -     0     0       0    (-,-) 
  PIPE_OUT_col1_stage_reg_reg[0][24]/QN             -       CLK->QN F     ASYNC_DFFHx1_ASAP7_75t_SL      2  1.8    31    49      49    (-,-) 
  g70517/Y                                          -       B1->Y   R     AOI22x1_ASAP7_75t_SL           4  3.2    64    26      74    (-,-) 
  g70271/Y                                          -       B->Y    F     NOR2xp67_ASAP7_75t_SL          2  1.2    34    20      94    (-,-) 
  g69712__9945/Y                                    -       B->Y    R     NOR2xp33_ASAP7_75t_SL          1  0.8    35    21     115    (-,-) 
  g69659__6131/Y                                    -       B->Y    F     NAND3xp33_ASAP7_75t_SL         2  1.6    42    23     138    (-,-) 
  g69644/Y                                          -       A->Y    R     INVxp67_ASAP7_75t_SL           1  1.3    32    21     158    (-,-) 
  g69551__2802/Y                                    -       A2->Y   F     AOI21x1_ASAP7_75t_SL           1  1.3    25    11     169    (-,-) 
  g69548__3680/Y                                    -       A->Y    F     AND2x4_ASAP7_75t_SL           12 12.2    28    33     202    (-,-) 
  g69450__6161/Y                                    -       B->Y    R     NAND2xp5_ASAP7_75t_SL          1  0.9    32    16     218    (-,-) 
  g69404__6260/Y                                    -       B->Y    R     OA21x2_ASAP7_75t_SL            2  2.4    20    25     243    (-,-) 
  g69254__1666/Y                                    -       A->Y    F     NAND4xp75_ASAP7_75t_SL         1  1.8    30    16     258    (-,-) 
  g69227__1705/Y                                    -       A->Y    R     NOR2x1p5_ASAP7_75t_SL          2  1.8    25    13     272    (-,-) 
  g69205__2346/Y                                    -       B->Y    R     AND2x4_ASAP7_75t_SL            3  4.7    19    23     295    (-,-) 
  g69191/Y                                          -       A->Y    F     INVx4_ASAP7_75t_SL             3  3.8    13     8     303    (-,-) 
  g69177__1881/Y                                    -       B->Y    R     NAND2x2_ASAP7_75t_SL           2  1.9    22    12     315    (-,-) 
  g69103__8428/Y                                    -       B->Y    R     AND2x6_ASAP7_75t_SL           18 14.2    32    32     348    (-,-) 
  g68974__5122/Y                                    -       B->Y    F     NAND2xp5_ASAP7_75t_SL          1  0.9    26    13     361    (-,-) 
  g68953__4733/Y                                    -       B->Y    F     OA21x2_ASAP7_75t_SL            2  2.1    16    22     383    (-,-) 
  g68815__8246/Y                                    -       A1->Y   R     OAI22x1_ASAP7_75t_SL           3  2.0    43    17     400    (-,-) 
  g68718__2883/Y                                    -       B2->Y   R     AO22x1_ASAP7_75t_SL            2  2.0    27    31     431    (-,-) 
  g68637__5115/Y                                    -       B1->Y   F     AOI22xp5_ASAP7_75t_SL          2  1.6    36    17     448    (-,-) 
  g68577__6161/Y                                    -       B1->Y   R     OAI22xp5_ASAP7_75t_SL          1  1.3    43    23     472    (-,-) 
  g68555__7410/Y                                    -       B->Y    R     XOR2xp5_ASAP7_75t_SL           3  2.0    57    35     506    (-,-) 
  addinc_FP32_ALU_col1_fracAdder_add_113_18_g1078/Y -       B->Y    R     AND2x2_ASAP7_75t_SL            2  1.4    16    25     531    (-,-) 
  addinc_FP32_ALU_col1_fracAdder_add_113_18_g976/Y  -       A2->Y   F     AOI21xp5_ASAP7_75t_SL          1  0.9    21    11     542    (-,-) 
  addinc_FP32_ALU_col1_fracAdder_add_113_18_g947/Y  -       B->Y    R     OAI21xp5_ASAP7_75t_SL          2  1.8    45    17     559    (-,-) 
  addinc_FP32_ALU_col1_fracAdder_add_113_18_g914/Y  -       A2->Y   F     AOI21x1_ASAP7_75t_SL           2  1.7    26    13     572    (-,-) 
  addinc_FP32_ALU_col1_fracAdder_add_113_18_g913/Y  -       A->Y    F     BUFx3_ASAP7_75t_SL             6  4.4    17    25     597    (-,-) 
  addinc_FP32_ALU_col1_fracAdder_add_113_18_g892/Y  -       A1->Y   R     OAI21xp5_ASAP7_75t_SL          1  1.3    35    18     615    (-,-) 
  addinc_FP32_ALU_col1_fracAdder_add_113_18_g875/Y  -       B->Y    R     XOR2xp5_ASAP7_75t_SL           2  1.4    43    29     644    (-,-) 
  g69071/Y                                          -       B->Y    R     OR2x2_ASAP7_75t_SL             1  1.8    16    25     669    (-,-) 
  g70787/Y                                          -       A->Y    F     NOR2x1p5_ASAP7_75t_SL          1  1.8    18    12     681    (-,-) 
  g68302/Y                                          -       A->Y    R     NAND4xp75_ASAP7_75t_SL         1  2.6    35    14     695    (-,-) 
  g68300/Y                                          -       A->Y    F     INVx4_ASAP7_75t_SL             1  2.6    15     8     703    (-,-) 
  g68284/Y                                          -       C->Y    R     NAND3x2_ASAP7_75t_SL           4  5.0    43    25     729    (-,-) 
  g68281/Y                                          -       A->Y    F     INVx3_ASAP7_75t_SL             4  4.8    24    14     743    (-,-) 
  g68244/Y                                          -       A2->Y   R     AOI21x1_ASAP7_75t_SL           2  2.4    37    19     762    (-,-) 
  g68221/Y                                          -       A->Y    F     NAND4xp75_ASAP7_75t_SL         1  2.3    39    20     782    (-,-) 
  g68209/Y                                          -       B->Y    R     NOR2x2_ASAP7_75t_SL            5  5.5    39    23     805    (-,-) 
  fopt69389/Y                                       -       A->Y    R     BUFx3_ASAP7_75t_SL             4  3.4    18    24     828    (-,-) 
  fopt69383/Y                                       -       A->Y    F     INVx2_ASAP7_75t_SL             4  3.2    16    11     840    (-,-) 
  g68182/Y                                          -       A1->Y   R     OAI21xp5_ASAP7_75t_SL          1  1.4    38    19     859    (-,-) 
  g68164/Y                                          -       A1->Y   F     AOI21x1_ASAP7_75t_SL           3  2.4    30    18     877    (-,-) 
  g68146/Y                                          -       B->Y    F     AND2x4_ASAP7_75t_SL            4  5.1    16    26     902    (-,-) 
  g68125/Y                                          -       A->Y    R     NOR2x2_ASAP7_75t_SL            1  2.3    22    12     914    (-,-) 
  g68121/Y                                          -       B->Y    F     NAND2x2_ASAP7_75t_SL           2  3.5    20    12     926    (-,-) 
  g68021/Y                                          -       A->Y    R     NAND3x2_ASAP7_75t_SL           2  3.4    51    19     945    (-,-) 
  fopt71226/Y                                       -       A->Y    F     INVx3_ASAP7_75t_SL             1  1.4    17     7     952    (-,-) 
  g67929/Y                                          -       A1->Y   R     OAI22x1_ASAP7_75t_SL           1  2.6    45    20     972    (-,-) 
  g67912/Y                                          -       A->Y    R     BUFx12f_ASAP7_75t_SL          21 22.6    27    28    1000    (-,-) 
  g67901/Y                                          -       A->Y    R     BUFx3_ASAP7_75t_SL             5  3.5    17    22    1022    (-,-) 
  g67900/Y                                          -       A->Y    F     INVx1_ASAP7_75t_L              2  1.5    17    13    1035    (-,-) 
  g67772/Y                                          -       A1->Y   R     AOI22xp5_ASAP7_75t_SL          2  2.1    55    27    1062    (-,-) 
  g67684/Y                                          -       A1->Y   F     OAI22x1_ASAP7_75t_SL           2  2.5    38    22    1083    (-,-) 
  g67653/Y                                          -       A->Y    R     INVx2_ASAP7_75t_SL             1  1.4    18    12    1095    (-,-) 
  g67552/Y                                          -       A1->Y   F     OAI22x1_ASAP7_75t_SL           1  1.4    23    13    1108    (-,-) 
  g67412/Y                                          -       B->Y    R     AOI21x1_ASAP7_75t_SL           1  1.3    25    16    1124    (-,-) 
  g67334/Y                                          -       A->Y    F     NAND2x1_ASAP7_75t_SL           2  2.3    26    13    1137    (-,-) 
  g67234/Y                                          -       B->Y    R     NAND4xp75_ASAP7_75t_SL         2  2.4    29    17    1154    (-,-) 
  g67199/Y                                          -       A->Y    F     NOR2x1p5_ASAP7_75t_SL          1  1.8    20    14    1168    (-,-) 
  g67149/Y                                          -       B->Y    R     NAND2x1p5_ASAP7_75t_SL         3  4.8    40    22    1189    (-,-) 
  fopt71239/Y                                       -       A->Y    F     INVx4_ASAP7_75t_SL             1  1.8    14     7    1196    (-,-) 
  g67091/Y                                          -       B->Y    R     NAND2x1p5_ASAP7_75t_SL         2  2.0    25    13    1209    (-,-) 
  g71146/Y                                          -       B->Y    R     OR2x2_ASAP7_75t_SL             1  1.8    16    22    1231    (-,-) 
  g71160/Y                                          -       A->Y    R     XOR2x1_ASAP7_75t_SL            2  1.8    33    23    1254    (-,-) 
  g66974/Y                                          -       B->Y    F     NOR2x1_ASAP7_75t_SL            1  0.8    21    12    1266    (-,-) 
  g66962/Y                                          -       C->Y    R     NAND3xp33_ASAP7_75t_SL         1  0.9    27    17    1283    (-,-) 
  g66960/Y                                          -       A1->Y   F     OAI21xp5_ASAP7_75t_SL          1  1.3    32    17    1300    (-,-) 
  g66959/Y                                          -       B->Y    F     AND2x4_ASAP7_75t_SL            2  6.3    19    28    1327    (-,-) 
  fopt69394/Y                                       -       A->Y    R     INVx5_ASAP7_75t_SL            11  8.1    22    14    1341    (-,-) 
  g66946/Y                                          -       B->Y    R     AND3x1_ASAP7_75t_SL            1  0.9    18    24    1365    (-,-) 
  PIPE_OUT_col1_stage_reg_reg[0][25]/D              -       -       R     ASYNC_DFFHx1_ASAP7_75t_SL      1    -     -     0    1365    (-,-) 
#--------------------------------------------------------------------------------------------------------------------------------------------



Path 49: VIOLATED (-478 ps) Setup Check with Pin PIPE_OUT_col1_stage_reg_reg[0][24]/CLK->D
           View: PVT_0P63V_100C.setup_view
          Group: clk
     Startpoint: (R) PIPE_OUT_col1_stage_reg_reg[0][24]/CLK
          Clock: (R) clk
       Endpoint: (R) PIPE_OUT_col1_stage_reg_reg[0][24]/D
          Clock: (R) clk

                     Capture       Launch     
        Clock Edge:+    1000            0     
       Src Latency:+       0            0     
       Net Latency:+       0 (I)        0 (I) 
           Arrival:=    1000            0     
                                              
             Setup:-      13                  
       Uncertainty:-     100                  
     Required Time:=     887                  
      Launch Clock:-       0                  
         Data Path:-    1365                  
             Slack:=    -478                  

#--------------------------------------------------------------------------------------------------------------------------------------------
#                   Timing Point                    Flags    Arc    Edge           Cell             Fanout Load Trans Delay Arrival Instance 
#                                                                                                          (fF)  (ps)  (ps)   (ps)  Location 
#--------------------------------------------------------------------------------------------------------------------------------------------
  PIPE_OUT_col1_stage_reg_reg[0][24]/CLK            -       -       R     (arrival)                   1109    -     0     0       0    (-,-) 
  PIPE_OUT_col1_stage_reg_reg[0][24]/QN             -       CLK->QN F     ASYNC_DFFHx1_ASAP7_75t_SL      2  1.8    31    49      49    (-,-) 
  g70517/Y                                          -       B1->Y   R     AOI22x1_ASAP7_75t_SL           4  3.2    64    26      74    (-,-) 
  g70271/Y                                          -       B->Y    F     NOR2xp67_ASAP7_75t_SL          2  1.2    34    20      94    (-,-) 
  g69712__9945/Y                                    -       B->Y    R     NOR2xp33_ASAP7_75t_SL          1  0.8    35    21     115    (-,-) 
  g69659__6131/Y                                    -       B->Y    F     NAND3xp33_ASAP7_75t_SL         2  1.6    42    23     138    (-,-) 
  g69644/Y                                          -       A->Y    R     INVxp67_ASAP7_75t_SL           1  1.3    32    21     158    (-,-) 
  g69551__2802/Y                                    -       A2->Y   F     AOI21x1_ASAP7_75t_SL           1  1.3    25    11     169    (-,-) 
  g69548__3680/Y                                    -       A->Y    F     AND2x4_ASAP7_75t_SL           12 12.2    28    33     202    (-,-) 
  g69450__6161/Y                                    -       B->Y    R     NAND2xp5_ASAP7_75t_SL          1  0.9    32    16     218    (-,-) 
  g69404__6260/Y                                    -       B->Y    R     OA21x2_ASAP7_75t_SL            2  2.4    20    25     243    (-,-) 
  g69254__1666/Y                                    -       A->Y    F     NAND4xp75_ASAP7_75t_SL         1  1.8    30    16     258    (-,-) 
  g69227__1705/Y                                    -       A->Y    R     NOR2x1p5_ASAP7_75t_SL          2  1.8    25    13     272    (-,-) 
  g69205__2346/Y                                    -       B->Y    R     AND2x4_ASAP7_75t_SL            3  4.7    19    23     295    (-,-) 
  g69191/Y                                          -       A->Y    F     INVx4_ASAP7_75t_SL             3  3.8    13     8     303    (-,-) 
  g69177__1881/Y                                    -       B->Y    R     NAND2x2_ASAP7_75t_SL           2  1.9    22    12     315    (-,-) 
  g69103__8428/Y                                    -       B->Y    R     AND2x6_ASAP7_75t_SL           18 14.2    32    32     348    (-,-) 
  g68974__5122/Y                                    -       B->Y    F     NAND2xp5_ASAP7_75t_SL          1  0.9    26    13     361    (-,-) 
  g68953__4733/Y                                    -       B->Y    F     OA21x2_ASAP7_75t_SL            2  2.1    16    22     383    (-,-) 
  g68815__8246/Y                                    -       A1->Y   R     OAI22x1_ASAP7_75t_SL           3  2.0    43    17     400    (-,-) 
  g68718__2883/Y                                    -       B2->Y   R     AO22x1_ASAP7_75t_SL            2  2.0    27    31     431    (-,-) 
  g68637__5115/Y                                    -       B1->Y   F     AOI22xp5_ASAP7_75t_SL          2  1.6    36    17     448    (-,-) 
  g68577__6161/Y                                    -       B1->Y   R     OAI22xp5_ASAP7_75t_SL          1  1.3    43    23     472    (-,-) 
  g68555__7410/Y                                    -       B->Y    R     XOR2xp5_ASAP7_75t_SL           3  2.0    57    35     506    (-,-) 
  addinc_FP32_ALU_col1_fracAdder_add_113_18_g1078/Y -       B->Y    R     AND2x2_ASAP7_75t_SL            2  1.4    16    25     531    (-,-) 
  addinc_FP32_ALU_col1_fracAdder_add_113_18_g976/Y  -       A2->Y   F     AOI21xp5_ASAP7_75t_SL          1  0.9    21    11     542    (-,-) 
  addinc_FP32_ALU_col1_fracAdder_add_113_18_g947/Y  -       B->Y    R     OAI21xp5_ASAP7_75t_SL          2  1.8    45    17     559    (-,-) 
  addinc_FP32_ALU_col1_fracAdder_add_113_18_g914/Y  -       A2->Y   F     AOI21x1_ASAP7_75t_SL           2  1.7    26    13     572    (-,-) 
  addinc_FP32_ALU_col1_fracAdder_add_113_18_g913/Y  -       A->Y    F     BUFx3_ASAP7_75t_SL             6  4.4    17    25     597    (-,-) 
  addinc_FP32_ALU_col1_fracAdder_add_113_18_g892/Y  -       A1->Y   R     OAI21xp5_ASAP7_75t_SL          1  1.3    35    18     615    (-,-) 
  addinc_FP32_ALU_col1_fracAdder_add_113_18_g875/Y  -       B->Y    R     XOR2xp5_ASAP7_75t_SL           2  1.4    43    29     644    (-,-) 
  g69071/Y                                          -       B->Y    R     OR2x2_ASAP7_75t_SL             1  1.8    16    25     669    (-,-) 
  g70787/Y                                          -       A->Y    F     NOR2x1p5_ASAP7_75t_SL          1  1.8    18    12     681    (-,-) 
  g68302/Y                                          -       A->Y    R     NAND4xp75_ASAP7_75t_SL         1  2.6    35    14     695    (-,-) 
  g68300/Y                                          -       A->Y    F     INVx4_ASAP7_75t_SL             1  2.6    15     8     703    (-,-) 
  g68284/Y                                          -       C->Y    R     NAND3x2_ASAP7_75t_SL           4  5.0    43    25     729    (-,-) 
  g68281/Y                                          -       A->Y    F     INVx3_ASAP7_75t_SL             4  4.8    24    14     743    (-,-) 
  g68244/Y                                          -       A2->Y   R     AOI21x1_ASAP7_75t_SL           2  2.4    37    19     762    (-,-) 
  g68221/Y                                          -       A->Y    F     NAND4xp75_ASAP7_75t_SL         1  2.3    39    20     782    (-,-) 
  g68209/Y                                          -       B->Y    R     NOR2x2_ASAP7_75t_SL            5  5.5    39    23     805    (-,-) 
  fopt69389/Y                                       -       A->Y    R     BUFx3_ASAP7_75t_SL             4  3.4    18    24     828    (-,-) 
  fopt69383/Y                                       -       A->Y    F     INVx2_ASAP7_75t_SL             4  3.2    16    11     840    (-,-) 
  g68182/Y                                          -       A1->Y   R     OAI21xp5_ASAP7_75t_SL          1  1.4    38    19     859    (-,-) 
  g68164/Y                                          -       A1->Y   F     AOI21x1_ASAP7_75t_SL           3  2.4    30    18     877    (-,-) 
  g68146/Y                                          -       B->Y    F     AND2x4_ASAP7_75t_SL            4  5.1    16    26     902    (-,-) 
  g68125/Y                                          -       A->Y    R     NOR2x2_ASAP7_75t_SL            1  2.3    22    12     914    (-,-) 
  g68121/Y                                          -       B->Y    F     NAND2x2_ASAP7_75t_SL           2  3.5    20    12     926    (-,-) 
  g68021/Y                                          -       A->Y    R     NAND3x2_ASAP7_75t_SL           2  3.4    51    19     945    (-,-) 
  fopt71226/Y                                       -       A->Y    F     INVx3_ASAP7_75t_SL             1  1.4    17     7     952    (-,-) 
  g67929/Y                                          -       A1->Y   R     OAI22x1_ASAP7_75t_SL           1  2.6    45    20     972    (-,-) 
  g67912/Y                                          -       A->Y    R     BUFx12f_ASAP7_75t_SL          21 22.6    27    28    1000    (-,-) 
  g67901/Y                                          -       A->Y    R     BUFx3_ASAP7_75t_SL             5  3.5    17    22    1022    (-,-) 
  g67900/Y                                          -       A->Y    F     INVx1_ASAP7_75t_L              2  1.5    17    13    1035    (-,-) 
  g67772/Y                                          -       A1->Y   R     AOI22xp5_ASAP7_75t_SL          2  2.1    55    27    1062    (-,-) 
  g67684/Y                                          -       A1->Y   F     OAI22x1_ASAP7_75t_SL           2  2.5    38    22    1083    (-,-) 
  g67653/Y                                          -       A->Y    R     INVx2_ASAP7_75t_SL             1  1.4    18    12    1095    (-,-) 
  g67552/Y                                          -       A1->Y   F     OAI22x1_ASAP7_75t_SL           1  1.4    23    13    1108    (-,-) 
  g67412/Y                                          -       B->Y    R     AOI21x1_ASAP7_75t_SL           1  1.3    25    16    1124    (-,-) 
  g67334/Y                                          -       A->Y    F     NAND2x1_ASAP7_75t_SL           2  2.3    26    13    1137    (-,-) 
  g67234/Y                                          -       B->Y    R     NAND4xp75_ASAP7_75t_SL         2  2.4    29    17    1154    (-,-) 
  g67199/Y                                          -       A->Y    F     NOR2x1p5_ASAP7_75t_SL          1  1.8    20    14    1168    (-,-) 
  g67149/Y                                          -       B->Y    R     NAND2x1p5_ASAP7_75t_SL         3  4.8    40    22    1189    (-,-) 
  fopt71239/Y                                       -       A->Y    F     INVx4_ASAP7_75t_SL             1  1.8    14     7    1196    (-,-) 
  g67091/Y                                          -       B->Y    R     NAND2x1p5_ASAP7_75t_SL         2  2.0    25    13    1209    (-,-) 
  g71146/Y                                          -       B->Y    R     OR2x2_ASAP7_75t_SL             1  1.8    16    22    1231    (-,-) 
  g71160/Y                                          -       A->Y    R     XOR2x1_ASAP7_75t_SL            2  1.8    33    23    1254    (-,-) 
  g66974/Y                                          -       B->Y    F     NOR2x1_ASAP7_75t_SL            1  0.8    21    12    1266    (-,-) 
  g66962/Y                                          -       C->Y    R     NAND3xp33_ASAP7_75t_SL         1  0.9    27    17    1283    (-,-) 
  g66960/Y                                          -       A1->Y   F     OAI21xp5_ASAP7_75t_SL          1  1.3    32    17    1300    (-,-) 
  g66959/Y                                          -       B->Y    F     AND2x4_ASAP7_75t_SL            2  6.3    19    28    1327    (-,-) 
  fopt69394/Y                                       -       A->Y    R     INVx5_ASAP7_75t_SL            11  8.1    22    14    1341    (-,-) 
  g66938/Y                                          -       B->Y    R     AND3x1_ASAP7_75t_SL            1  0.9    18    24    1365    (-,-) 
  PIPE_OUT_col1_stage_reg_reg[0][24]/D              -       -       R     ASYNC_DFFHx1_ASAP7_75t_SL      1    -     -     0    1365    (-,-) 
#--------------------------------------------------------------------------------------------------------------------------------------------



Path 50: VIOLATED (-478 ps) Setup Check with Pin PIPE_OUT_col1_stage_reg_reg[0][23]/CLK->D
           View: PVT_0P63V_100C.setup_view
          Group: clk
     Startpoint: (R) PIPE_OUT_col1_stage_reg_reg[0][24]/CLK
          Clock: (R) clk
       Endpoint: (R) PIPE_OUT_col1_stage_reg_reg[0][23]/D
          Clock: (R) clk

                     Capture       Launch     
        Clock Edge:+    1000            0     
       Src Latency:+       0            0     
       Net Latency:+       0 (I)        0 (I) 
           Arrival:=    1000            0     
                                              
             Setup:-      13                  
       Uncertainty:-     100                  
     Required Time:=     887                  
      Launch Clock:-       0                  
         Data Path:-    1365                  
             Slack:=    -478                  

#--------------------------------------------------------------------------------------------------------------------------------------------
#                   Timing Point                    Flags    Arc    Edge           Cell             Fanout Load Trans Delay Arrival Instance 
#                                                                                                          (fF)  (ps)  (ps)   (ps)  Location 
#--------------------------------------------------------------------------------------------------------------------------------------------
  PIPE_OUT_col1_stage_reg_reg[0][24]/CLK            -       -       R     (arrival)                   1109    -     0     0       0    (-,-) 
  PIPE_OUT_col1_stage_reg_reg[0][24]/QN             -       CLK->QN F     ASYNC_DFFHx1_ASAP7_75t_SL      2  1.8    31    49      49    (-,-) 
  g70517/Y                                          -       B1->Y   R     AOI22x1_ASAP7_75t_SL           4  3.2    64    26      74    (-,-) 
  g70271/Y                                          -       B->Y    F     NOR2xp67_ASAP7_75t_SL          2  1.2    34    20      94    (-,-) 
  g69712__9945/Y                                    -       B->Y    R     NOR2xp33_ASAP7_75t_SL          1  0.8    35    21     115    (-,-) 
  g69659__6131/Y                                    -       B->Y    F     NAND3xp33_ASAP7_75t_SL         2  1.6    42    23     138    (-,-) 
  g69644/Y                                          -       A->Y    R     INVxp67_ASAP7_75t_SL           1  1.3    32    21     158    (-,-) 
  g69551__2802/Y                                    -       A2->Y   F     AOI21x1_ASAP7_75t_SL           1  1.3    25    11     169    (-,-) 
  g69548__3680/Y                                    -       A->Y    F     AND2x4_ASAP7_75t_SL           12 12.2    28    33     202    (-,-) 
  g69450__6161/Y                                    -       B->Y    R     NAND2xp5_ASAP7_75t_SL          1  0.9    32    16     218    (-,-) 
  g69404__6260/Y                                    -       B->Y    R     OA21x2_ASAP7_75t_SL            2  2.4    20    25     243    (-,-) 
  g69254__1666/Y                                    -       A->Y    F     NAND4xp75_ASAP7_75t_SL         1  1.8    30    16     258    (-,-) 
  g69227__1705/Y                                    -       A->Y    R     NOR2x1p5_ASAP7_75t_SL          2  1.8    25    13     272    (-,-) 
  g69205__2346/Y                                    -       B->Y    R     AND2x4_ASAP7_75t_SL            3  4.7    19    23     295    (-,-) 
  g69191/Y                                          -       A->Y    F     INVx4_ASAP7_75t_SL             3  3.8    13     8     303    (-,-) 
  g69177__1881/Y                                    -       B->Y    R     NAND2x2_ASAP7_75t_SL           2  1.9    22    12     315    (-,-) 
  g69103__8428/Y                                    -       B->Y    R     AND2x6_ASAP7_75t_SL           18 14.2    32    32     348    (-,-) 
  g68974__5122/Y                                    -       B->Y    F     NAND2xp5_ASAP7_75t_SL          1  0.9    26    13     361    (-,-) 
  g68953__4733/Y                                    -       B->Y    F     OA21x2_ASAP7_75t_SL            2  2.1    16    22     383    (-,-) 
  g68815__8246/Y                                    -       A1->Y   R     OAI22x1_ASAP7_75t_SL           3  2.0    43    17     400    (-,-) 
  g68718__2883/Y                                    -       B2->Y   R     AO22x1_ASAP7_75t_SL            2  2.0    27    31     431    (-,-) 
  g68637__5115/Y                                    -       B1->Y   F     AOI22xp5_ASAP7_75t_SL          2  1.6    36    17     448    (-,-) 
  g68577__6161/Y                                    -       B1->Y   R     OAI22xp5_ASAP7_75t_SL          1  1.3    43    23     472    (-,-) 
  g68555__7410/Y                                    -       B->Y    R     XOR2xp5_ASAP7_75t_SL           3  2.0    57    35     506    (-,-) 
  addinc_FP32_ALU_col1_fracAdder_add_113_18_g1078/Y -       B->Y    R     AND2x2_ASAP7_75t_SL            2  1.4    16    25     531    (-,-) 
  addinc_FP32_ALU_col1_fracAdder_add_113_18_g976/Y  -       A2->Y   F     AOI21xp5_ASAP7_75t_SL          1  0.9    21    11     542    (-,-) 
  addinc_FP32_ALU_col1_fracAdder_add_113_18_g947/Y  -       B->Y    R     OAI21xp5_ASAP7_75t_SL          2  1.8    45    17     559    (-,-) 
  addinc_FP32_ALU_col1_fracAdder_add_113_18_g914/Y  -       A2->Y   F     AOI21x1_ASAP7_75t_SL           2  1.7    26    13     572    (-,-) 
  addinc_FP32_ALU_col1_fracAdder_add_113_18_g913/Y  -       A->Y    F     BUFx3_ASAP7_75t_SL             6  4.4    17    25     597    (-,-) 
  addinc_FP32_ALU_col1_fracAdder_add_113_18_g892/Y  -       A1->Y   R     OAI21xp5_ASAP7_75t_SL          1  1.3    35    18     615    (-,-) 
  addinc_FP32_ALU_col1_fracAdder_add_113_18_g875/Y  -       B->Y    R     XOR2xp5_ASAP7_75t_SL           2  1.4    43    29     644    (-,-) 
  g69071/Y                                          -       B->Y    R     OR2x2_ASAP7_75t_SL             1  1.8    16    25     669    (-,-) 
  g70787/Y                                          -       A->Y    F     NOR2x1p5_ASAP7_75t_SL          1  1.8    18    12     681    (-,-) 
  g68302/Y                                          -       A->Y    R     NAND4xp75_ASAP7_75t_SL         1  2.6    35    14     695    (-,-) 
  g68300/Y                                          -       A->Y    F     INVx4_ASAP7_75t_SL             1  2.6    15     8     703    (-,-) 
  g68284/Y                                          -       C->Y    R     NAND3x2_ASAP7_75t_SL           4  5.0    43    25     729    (-,-) 
  g68281/Y                                          -       A->Y    F     INVx3_ASAP7_75t_SL             4  4.8    24    14     743    (-,-) 
  g68244/Y                                          -       A2->Y   R     AOI21x1_ASAP7_75t_SL           2  2.4    37    19     762    (-,-) 
  g68221/Y                                          -       A->Y    F     NAND4xp75_ASAP7_75t_SL         1  2.3    39    20     782    (-,-) 
  g68209/Y                                          -       B->Y    R     NOR2x2_ASAP7_75t_SL            5  5.5    39    23     805    (-,-) 
  fopt69389/Y                                       -       A->Y    R     BUFx3_ASAP7_75t_SL             4  3.4    18    24     828    (-,-) 
  fopt69383/Y                                       -       A->Y    F     INVx2_ASAP7_75t_SL             4  3.2    16    11     840    (-,-) 
  g68182/Y                                          -       A1->Y   R     OAI21xp5_ASAP7_75t_SL          1  1.4    38    19     859    (-,-) 
  g68164/Y                                          -       A1->Y   F     AOI21x1_ASAP7_75t_SL           3  2.4    30    18     877    (-,-) 
  g68146/Y                                          -       B->Y    F     AND2x4_ASAP7_75t_SL            4  5.1    16    26     902    (-,-) 
  g68125/Y                                          -       A->Y    R     NOR2x2_ASAP7_75t_SL            1  2.3    22    12     914    (-,-) 
  g68121/Y                                          -       B->Y    F     NAND2x2_ASAP7_75t_SL           2  3.5    20    12     926    (-,-) 
  g68021/Y                                          -       A->Y    R     NAND3x2_ASAP7_75t_SL           2  3.4    51    19     945    (-,-) 
  fopt71226/Y                                       -       A->Y    F     INVx3_ASAP7_75t_SL             1  1.4    17     7     952    (-,-) 
  g67929/Y                                          -       A1->Y   R     OAI22x1_ASAP7_75t_SL           1  2.6    45    20     972    (-,-) 
  g67912/Y                                          -       A->Y    R     BUFx12f_ASAP7_75t_SL          21 22.6    27    28    1000    (-,-) 
  g67901/Y                                          -       A->Y    R     BUFx3_ASAP7_75t_SL             5  3.5    17    22    1022    (-,-) 
  g67900/Y                                          -       A->Y    F     INVx1_ASAP7_75t_L              2  1.5    17    13    1035    (-,-) 
  g67772/Y                                          -       A1->Y   R     AOI22xp5_ASAP7_75t_SL          2  2.1    55    27    1062    (-,-) 
  g67684/Y                                          -       A1->Y   F     OAI22x1_ASAP7_75t_SL           2  2.5    38    22    1083    (-,-) 
  g67653/Y                                          -       A->Y    R     INVx2_ASAP7_75t_SL             1  1.4    18    12    1095    (-,-) 
  g67552/Y                                          -       A1->Y   F     OAI22x1_ASAP7_75t_SL           1  1.4    23    13    1108    (-,-) 
  g67412/Y                                          -       B->Y    R     AOI21x1_ASAP7_75t_SL           1  1.3    25    16    1124    (-,-) 
  g67334/Y                                          -       A->Y    F     NAND2x1_ASAP7_75t_SL           2  2.3    26    13    1137    (-,-) 
  g67234/Y                                          -       B->Y    R     NAND4xp75_ASAP7_75t_SL         2  2.4    29    17    1154    (-,-) 
  g67199/Y                                          -       A->Y    F     NOR2x1p5_ASAP7_75t_SL          1  1.8    20    14    1168    (-,-) 
  g67149/Y                                          -       B->Y    R     NAND2x1p5_ASAP7_75t_SL         3  4.8    40    22    1189    (-,-) 
  fopt71239/Y                                       -       A->Y    F     INVx4_ASAP7_75t_SL             1  1.8    14     7    1196    (-,-) 
  g67091/Y                                          -       B->Y    R     NAND2x1p5_ASAP7_75t_SL         2  2.0    25    13    1209    (-,-) 
  g71146/Y                                          -       B->Y    R     OR2x2_ASAP7_75t_SL             1  1.8    16    22    1231    (-,-) 
  g71160/Y                                          -       A->Y    R     XOR2x1_ASAP7_75t_SL            2  1.8    33    23    1254    (-,-) 
  g66974/Y                                          -       B->Y    F     NOR2x1_ASAP7_75t_SL            1  0.8    21    12    1266    (-,-) 
  g66962/Y                                          -       C->Y    R     NAND3xp33_ASAP7_75t_SL         1  0.9    27    17    1283    (-,-) 
  g66960/Y                                          -       A1->Y   F     OAI21xp5_ASAP7_75t_SL          1  1.3    32    17    1300    (-,-) 
  g66959/Y                                          -       B->Y    F     AND2x4_ASAP7_75t_SL            2  6.3    19    28    1327    (-,-) 
  fopt69394/Y                                       -       A->Y    R     INVx5_ASAP7_75t_SL            11  8.1    22    14    1341    (-,-) 
  g66944/Y                                          -       B->Y    R     AND3x1_ASAP7_75t_SL            1  0.9    18    24    1365    (-,-) 
  PIPE_OUT_col1_stage_reg_reg[0][23]/D              -       -       R     ASYNC_DFFHx1_ASAP7_75t_SL      1    -     -     0    1365    (-,-) 
#--------------------------------------------------------------------------------------------------------------------------------------------

