============================================================
  Generated by:           Genus(TM) Synthesis Solution 21.17-s066_1
  Generated on:           Apr 03 2026  12:06:01 am
  Module:                 fixed_input_e4m3_8_mxfp_aitb_wrapper
  Operating conditions:   PVT_0P63V_100C 
  Interconnect mode:      global
  Area mode:              physical library
============================================================


Path 1: MET (8 ps) Setup Check with Pin aitb_PIPE_OUT_col2_stage_reg_reg[0][6]/CLK->D
           View: PVT_0P63V_100C.setup_view
          Group: clk
     Startpoint: (R) aitb_PIPE_cascade_in_col2_stage_reg_reg[0][1]/CLK
          Clock: (R) clk
       Endpoint: (F) aitb_PIPE_OUT_col2_stage_reg_reg[0][6]/D
          Clock: (R) clk

                     Capture       Launch     
        Clock Edge:+    2000            0     
       Src Latency:+       0            0     
       Net Latency:+       0 (I)        0 (I) 
           Arrival:=    2000            0     
                                              
             Setup:-      21                  
       Uncertainty:-     100                  
     Required Time:=    1879                  
      Launch Clock:-       0                  
         Data Path:-    1871                  
             Slack:=       8                  

#-------------------------------------------------------------------------------------------------------------------------------------------------------
#                        Timing Point                          Flags    Arc    Edge           Cell             Fanout Load Trans Delay Arrival Instance 
#                                                                                                                     (fF)  (ps)  (ps)   (ps)  Location 
#-------------------------------------------------------------------------------------------------------------------------------------------------------
  aitb_PIPE_cascade_in_col2_stage_reg_reg[0][1]/CLK            -       -       R     (arrival)                   1147    -     0     0       0    (-,-) 
  aitb_PIPE_cascade_in_col2_stage_reg_reg[0][1]/QN             -       CLK->QN R     ASYNC_DFFHx1_ASAP7_75t_SL      1  0.8    24    48      48    (-,-) 
  aitb_g46925/Y                                                -       B->Y    R     AND2x2_ASAP7_75t_SL            1  1.4    18    21      69    (-,-) 
  aitb_g46773/Y                                                -       B->Y    F     AOI21x1_ASAP7_75t_SL           4  2.8    56    15      84    (-,-) 
  aitb_g46317/Y                                                -       B1->Y   R     OAI22xp5_ASAP7_75t_SL          1  1.4    50    27     111    (-,-) 
  aitb_g46265/Y                                                -       B->Y    F     AOI21x1_ASAP7_75t_SL           2  1.6    26    15     126    (-,-) 
  aitb_g46210/Y                                                -       A->Y    R     NOR3xp33_ASAP7_75t_SL          1  0.8    40    22     148    (-,-) 
  aitb_g46073/Y                                                -       A1->Y   F     O2A1O1Ixp33_ASAP7_75t_SL       1  0.8    29    16     164    (-,-) 
  aitb_g46058/Y                                                -       B->Y    R     NAND2xp5_ASAP7_75t_SL          1  0.8    22    16     180    (-,-) 
  aitb_g46037/Y                                                -       B->Y    R     AND2x2_ASAP7_75t_SL            2  1.7    16    22     202    (-,-) 
  aitb_g46020/Y                                                -       A2->Y   F     OAI21xp5_ASAP7_75t_SL          1  1.5    37    16     218    (-,-) 
  aitb_g45999/Y                                                -       A->Y    F     BUFx6f_ASAP7_75t_SL           11  7.9    17    26     244    (-,-) 
  aitb_g45998/Y                                                -       A->Y    F     BUFx3_ASAP7_75t_SL             7  5.2    18    24     268    (-,-) 
  aitb_g45966/Y                                                -       B1->Y   R     AOI22xp5_ASAP7_75t_SL          3  2.1    53    28     295    (-,-) 
  aitb_g45883/Y                                                -       B->Y    R     AND2x2_ASAP7_75t_SL            2  1.5    16    25     320    (-,-) 
  aitb_g45783/Y                                                -       A->Y    F     NAND3xp33_ASAP7_75t_SL         2  1.7    47    22     342    (-,-) 
  aitb_g45629/Y                                                -       A1->Y   R     OAI21xp5_ASAP7_75t_SL          1  0.8    32    18     359    (-,-) 
  aitb_g45615/Y                                                -       B->Y    R     OR2x4_ASAP7_75t_SL             7 10.6    34    39     398    (-,-) 
  aitb_g45609/Y                                                -       A->Y    F     INVx8_ASAP7_75t_SL             9 10.7    20    12     410    (-,-) 
  aitb_g45590__8246/Y                                          -       A->Y    F     AND2x4_ASAP7_75t_SL           12 10.2    24    30     440    (-,-) 
  aitb_g45545__6783/Y                                          -       A2->Y   F     AO22x1_ASAP7_75t_SL            2  2.0    24    30     470    (-,-) 
  aitb_g45476__5115/Y                                          -       B1->Y   R     AOI22x1_ASAP7_75t_SL           2  2.7    42    22     493    (-,-) 
  aitb_g45436__5115/Y                                          -       A1->Y   F     OAI22x1_ASAP7_75t_SL           2  1.5    30    17     510    (-,-) 
  aitb_g45379__5477/Y                                          -       B1->Y   R     AOI22xp5_ASAP7_75t_SL          1  1.2    41    24     533    (-,-) 
  aitb_g45302__9315/Y                                          -       B->Y    F     XNOR2x2_ASAP7_75t_SL           2  2.0    20    37     570    (-,-) 
  aitb_addinc_FP32_ALU_col2_fracAdder_add_113_18_g1251/Y       -       B->Y    R     NOR2x1_ASAP7_75t_SL            3  2.0    34    16     586    (-,-) 
  aitb_addinc_FP32_ALU_col2_fracAdder_add_113_18_g1223/Y       -       A->Y    F     INVx1_ASAP7_75t_L              1  0.8    16    12     598    (-,-) 
  aitb_addinc_FP32_ALU_col2_fracAdder_add_113_18_g1113/Y       -       A2->Y   R     AOI21xp5_ASAP7_75t_L           3  2.4    63    34     632    (-,-) 
  aitb_addinc_FP32_ALU_col2_fracAdder_add_113_18_g1058/Y       -       A2->Y   F     OAI21xp5_ASAP7_75t_SL          1  0.8    30    16     647    (-,-) 
  aitb_addinc_FP32_ALU_col2_fracAdder_add_113_18_g1047/Y       -       B->Y    R     AOI21xp5_ASAP7_75t_SL          1  0.9    31    19     667    (-,-) 
  aitb_addinc_FP32_ALU_col2_fracAdder_add_113_18_g1025/Y       -       B->Y    R     OA21x2_ASAP7_75t_SL            4  4.8    31    31     698    (-,-) 
  aitb_addinc_FP32_ALU_col2_fracAdder_add_113_18_g1019/Y       -       A->Y    F     INVx4_ASAP7_75t_SL             9  7.6    22    14     712    (-,-) 
  aitb_addinc_FP32_ALU_col2_fracAdder_add_113_18_g1008/Y       -       A2->Y   R     AOI21xp5_ASAP7_75t_L           1  1.3    42    24     736    (-,-) 
  aitb_addinc_FP32_ALU_col2_fracAdder_add_113_18_g995/Y        -       B->Y    R     XOR2xp5_ASAP7_75t_SL           2  2.3    57    37     773    (-,-) 
  aitb_g27961__7098/Y                                          -       D->Y    F     NOR4xp75_ASAP7_75t_SL          1  1.2    30    14     786    (-,-) 
  aitb_g27955__6783/Y                                          -       B->Y    F     AND3x4_ASAP7_75t_SL           10  8.0    25    36     823    (-,-) 
  aitb_g27953__5526/Y                                          -       A2->Y   R     AOI21xp5_ASAP7_75t_L           2  2.6    69    37     860    (-,-) 
  aitb_g27945__1666/Y                                          -       C->Y    F     NAND4xp75_ASAP7_75t_SL         1  1.8    41    19     879    (-,-) 
  aitb_g27943__2883/Y                                          -       B->Y    R     NOR2x1p5_ASAP7_75t_SL          4  4.4    42    24     904    (-,-) 
  aitb_g27942/Y                                                -       A->Y    F     INVx4_ASAP7_75t_SL             7  5.7    22    13     917    (-,-) 
  aitb_g27936__5115/Y                                          -       A2->Y   R     OAI21xp5_ASAP7_75t_SL          1  1.3    36    20     937    (-,-) 
  aitb_g27929__5122/Y                                          -       A->Y    F     NOR2x1_ASAP7_75t_SL            2  2.4    32    21     958    (-,-) 
  aitb_g27927__2802/Y                                          -       C->Y    R     NAND4xp75_ASAP7_75t_SL         5  3.9    42    23     981    (-,-) 
  aitb_g27375__3680/Y                                          -       B->Y    F     NOR2x1_ASAP7_75t_SL            3  3.1    34    24    1005    (-,-) 
  aitb_g27918__5477/Y                                          -       A2->Y   R     AOI21x1_ASAP7_75t_SL           2  2.2    37    20    1024    (-,-) 
  aitb_g27916/Y                                                -       A->Y    F     INVx2_ASAP7_75t_SL             1  0.9    14     7    1031    (-,-) 
  aitb_g27912__2346/Y                                          -       A2->Y   F     OA21x2_ASAP7_75t_SL            3  2.0    16    25    1056    (-,-) 
  aitb_g27905__4733/Y                                          -       B->Y    R     NAND2xp5_ASAP7_75t_SL          1  0.9    26    13    1070    (-,-) 
  aitb_g27903__5115/Y                                          -       A1->Y   F     OAI21xp5_ASAP7_75t_SL          2  2.0    36    21    1091    (-,-) 
  aitb_g27901__6131/Y                                          -       A2->Y   R     AOI21x1_ASAP7_75t_SL           2  1.9    38    19    1110    (-,-) 
  aitb_g27898__8246/Y                                          -       B->Y    F     NOR2x1_ASAP7_75t_SL            1  1.8    25    17    1127    (-,-) 
  aitb_g27897__5122/Y                                          -       A->Y    R     NAND2x1p5_ASAP7_75t_SL         3  2.3    26    18    1144    (-,-) 
  aitb_g27896/Y                                                -       A->Y    F     INVx1_ASAP7_75t_L              1  0.8    14    11    1156    (-,-) 
  aitb_g27890__3680/Y                                          -       B->Y    R     NAND2xp5_ASAP7_75t_SL          1  1.3    30    16    1171    (-,-) 
  aitb_g27877__6417/Y                                          -       A->Y    R     AND2x6_ASAP7_75t_SL           25 26.2    51    41    1212    (-,-) 
  aitb_g27873/Y                                                -       A->Y    F     CKINVDCx16_ASAP7_75t_SL       26 18.7    24    14    1226    (-,-) 
  aitb_g27231__2398/Y                                          -       B1->Y   R     AOI22xp5_ASAP7_75t_SL          2  2.7    68    34    1260    (-,-) 
  aitb_g27815__1617/Y                                          -       A1->Y   F     OAI22x1_ASAP7_75t_SL           5  3.7    49    28    1287    (-,-) 
  g47847/Y                                                     -       A->Y    F     HB1xp67_ASAP7_75t_SRAM         4  4.1    91    92    1379    (-,-) 
  aitb_inc_FP32_ALU_col2_roundingAdder_add_274_18_spec1_g575/Y -       A->Y    R     NAND2x1p5_ASAP7_75t_SL         2  2.3    46    30    1410    (-,-) 
  aitb_inc_FP32_ALU_col2_roundingAdder_add_274_18_spec1_g562/Y -       B->Y    F     NOR2x1p5_ASAP7_75t_SL          2  2.4    24    16    1426    (-,-) 
  aitb_inc_FP32_ALU_col2_roundingAdder_add_274_18_spec1_g559/Y -       B->Y    R     NAND2x1p5_ASAP7_75t_SL         4  3.4    45    19    1445    (-,-) 
  aitb_inc_FP32_ALU_col2_roundingAdder_add_274_18_spec1_g555/Y -       B->Y    F     NOR2x1p5_ASAP7_75t_SL          2  1.8    22    14    1458    (-,-) 
  aitb_inc_FP32_ALU_col2_roundingAdder_add_274_18_spec1_g548/Y -       B->Y    R     NAND2x1_ASAP7_75t_SL           2  2.6    36    21    1480    (-,-) 
  aitb_inc_FP32_ALU_col2_roundingAdder_add_274_18_spec1_g537/Y -       B->Y    F     NOR2x1p5_ASAP7_75t_SL          2  2.4    21    15    1494    (-,-) 
  aitb_inc_FP32_ALU_col2_roundingAdder_add_274_18_spec1_g524/Y -       B->Y    R     NAND2x1p5_ASAP7_75t_SL         2  2.1    22    15    1509    (-,-) 
  aitb_inc_FP32_ALU_col2_roundingAdder_add_274_18_spec1_g509/Y -       B->Y    F     NOR2x1_ASAP7_75t_SL            2  1.4    24    13    1522    (-,-) 
  aitb_inc_FP32_ALU_col2_roundingAdder_add_274_18_spec1_g489/Y -       A->Y    F     AND3x2_ASAP7_75t_SL            2  1.9    14    20    1543    (-,-) 
  aitb_inc_FP32_ALU_col2_roundingAdder_add_274_18_spec1_g483/Y -       B->Y    R     NAND2x1_ASAP7_75t_SL           2  1.9    38    16    1559    (-,-) 
  aitb_inc_FP32_ALU_col2_roundingAdder_add_274_18_spec1_g480/Y -       B->Y    F     NOR2x1_ASAP7_75t_SL            2  1.4    22    15    1574    (-,-) 
  aitb_inc_FP32_ALU_col2_roundingAdder_add_274_18_spec1_g475/Y -       B->Y    F     AND2x2_ASAP7_75t_SL            2  2.6    17    25    1599    (-,-) 
  aitb_inc_FP32_ALU_col2_roundingAdder_add_274_18_spec1_g473/Y -       B->Y    R     NAND2x1p5_ASAP7_75t_SL         3  3.1    39    17    1616    (-,-) 
  aitb_inc_FP32_ALU_col2_roundingAdder_add_274_18_spec1_g471/Y -       B->Y    F     NOR2x1_ASAP7_75t_SL            1  1.2    22    14    1630    (-,-) 
  aitb_inc_FP32_ALU_col2_roundingAdder_add_274_18_spec1_g469/Y -       B->Y    F     XOR2xp5_ASAP7_75t_SL           1  0.8    28    21    1651    (-,-) 
  aitb_g26591/Y                                                -       A1->Y   R     AOI22xp5_ASAP7_75t_SL          2  2.4    68    31    1682    (-,-) 
  aitb_g26568/Y                                                -       A->Y    F     NOR4xp75_ASAP7_75t_SL          1  1.4    34    11    1693    (-,-) 
  aitb_g26555/Y                                                -       A1->Y   R     AOI21x1_ASAP7_75t_SL           2  2.2    35    19    1712    (-,-) 
  aitb_g26549/Y                                                -       A->Y    F     INVx2_ASAP7_75t_SL             9  4.9    26    17    1729    (-,-) 
  aitb_g26538/Y                                                -       B->Y    R     NOR2x1_ASAP7_75t_L            17 11.7   137    69    1798    (-,-) 
  aitb_g26514/Y                                                -       B->Y    F     NAND2x1_ASAP7_75t_L            2  2.6    51    29    1827    (-,-) 
  aitb_g26508/Y                                                -       A->Y    R     INVx1_ASAP7_75t_SL             2  2.3    37    24    1851    (-,-) 
  aitb_g26450/Y                                                -       B1->Y   F     AOI221x1_ASAP7_75t_SL          1  0.9    60    20    1871    (-,-) 
  aitb_PIPE_OUT_col2_stage_reg_reg[0][6]/D                     -       -       F     ASYNC_DFFHx1_ASAP7_75t_SL      1    -     -     0    1871    (-,-) 
#-------------------------------------------------------------------------------------------------------------------------------------------------------



Path 2: MET (8 ps) Setup Check with Pin aitb_PIPE_OUT_col2_stage_reg_reg[0][5]/CLK->D
           View: PVT_0P63V_100C.setup_view
          Group: clk
     Startpoint: (R) aitb_PIPE_cascade_in_col2_stage_reg_reg[0][1]/CLK
          Clock: (R) clk
       Endpoint: (F) aitb_PIPE_OUT_col2_stage_reg_reg[0][5]/D
          Clock: (R) clk

                     Capture       Launch     
        Clock Edge:+    2000            0     
       Src Latency:+       0            0     
       Net Latency:+       0 (I)        0 (I) 
           Arrival:=    2000            0     
                                              
             Setup:-      21                  
       Uncertainty:-     100                  
     Required Time:=    1879                  
      Launch Clock:-       0                  
         Data Path:-    1871                  
             Slack:=       8                  

#-------------------------------------------------------------------------------------------------------------------------------------------------------
#                        Timing Point                          Flags    Arc    Edge           Cell             Fanout Load Trans Delay Arrival Instance 
#                                                                                                                     (fF)  (ps)  (ps)   (ps)  Location 
#-------------------------------------------------------------------------------------------------------------------------------------------------------
  aitb_PIPE_cascade_in_col2_stage_reg_reg[0][1]/CLK            -       -       R     (arrival)                   1147    -     0     0       0    (-,-) 
  aitb_PIPE_cascade_in_col2_stage_reg_reg[0][1]/QN             -       CLK->QN R     ASYNC_DFFHx1_ASAP7_75t_SL      1  0.8    24    48      48    (-,-) 
  aitb_g46925/Y                                                -       B->Y    R     AND2x2_ASAP7_75t_SL            1  1.4    18    21      69    (-,-) 
  aitb_g46773/Y                                                -       B->Y    F     AOI21x1_ASAP7_75t_SL           4  2.8    56    15      84    (-,-) 
  aitb_g46317/Y                                                -       B1->Y   R     OAI22xp5_ASAP7_75t_SL          1  1.4    50    27     111    (-,-) 
  aitb_g46265/Y                                                -       B->Y    F     AOI21x1_ASAP7_75t_SL           2  1.6    26    15     126    (-,-) 
  aitb_g46210/Y                                                -       A->Y    R     NOR3xp33_ASAP7_75t_SL          1  0.8    40    22     148    (-,-) 
  aitb_g46073/Y                                                -       A1->Y   F     O2A1O1Ixp33_ASAP7_75t_SL       1  0.8    29    16     164    (-,-) 
  aitb_g46058/Y                                                -       B->Y    R     NAND2xp5_ASAP7_75t_SL          1  0.8    22    16     180    (-,-) 
  aitb_g46037/Y                                                -       B->Y    R     AND2x2_ASAP7_75t_SL            2  1.7    16    22     202    (-,-) 
  aitb_g46020/Y                                                -       A2->Y   F     OAI21xp5_ASAP7_75t_SL          1  1.5    37    16     218    (-,-) 
  aitb_g45999/Y                                                -       A->Y    F     BUFx6f_ASAP7_75t_SL           11  7.9    17    26     244    (-,-) 
  aitb_g45998/Y                                                -       A->Y    F     BUFx3_ASAP7_75t_SL             7  5.2    18    24     268    (-,-) 
  aitb_g45966/Y                                                -       B1->Y   R     AOI22xp5_ASAP7_75t_SL          3  2.1    53    28     295    (-,-) 
  aitb_g45883/Y                                                -       B->Y    R     AND2x2_ASAP7_75t_SL            2  1.5    16    25     320    (-,-) 
  aitb_g45783/Y                                                -       A->Y    F     NAND3xp33_ASAP7_75t_SL         2  1.7    47    22     342    (-,-) 
  aitb_g45629/Y                                                -       A1->Y   R     OAI21xp5_ASAP7_75t_SL          1  0.8    32    18     359    (-,-) 
  aitb_g45615/Y                                                -       B->Y    R     OR2x4_ASAP7_75t_SL             7 10.6    34    39     398    (-,-) 
  aitb_g45609/Y                                                -       A->Y    F     INVx8_ASAP7_75t_SL             9 10.7    20    12     410    (-,-) 
  aitb_g45590__8246/Y                                          -       A->Y    F     AND2x4_ASAP7_75t_SL           12 10.2    24    30     440    (-,-) 
  aitb_g45545__6783/Y                                          -       A2->Y   F     AO22x1_ASAP7_75t_SL            2  2.0    24    30     470    (-,-) 
  aitb_g45476__5115/Y                                          -       B1->Y   R     AOI22x1_ASAP7_75t_SL           2  2.7    42    22     493    (-,-) 
  aitb_g45436__5115/Y                                          -       A1->Y   F     OAI22x1_ASAP7_75t_SL           2  1.5    30    17     510    (-,-) 
  aitb_g45379__5477/Y                                          -       B1->Y   R     AOI22xp5_ASAP7_75t_SL          1  1.2    41    24     533    (-,-) 
  aitb_g45302__9315/Y                                          -       B->Y    F     XNOR2x2_ASAP7_75t_SL           2  2.0    20    37     570    (-,-) 
  aitb_addinc_FP32_ALU_col2_fracAdder_add_113_18_g1251/Y       -       B->Y    R     NOR2x1_ASAP7_75t_SL            3  2.0    34    16     586    (-,-) 
  aitb_addinc_FP32_ALU_col2_fracAdder_add_113_18_g1223/Y       -       A->Y    F     INVx1_ASAP7_75t_L              1  0.8    16    12     598    (-,-) 
  aitb_addinc_FP32_ALU_col2_fracAdder_add_113_18_g1113/Y       -       A2->Y   R     AOI21xp5_ASAP7_75t_L           3  2.4    63    34     632    (-,-) 
  aitb_addinc_FP32_ALU_col2_fracAdder_add_113_18_g1058/Y       -       A2->Y   F     OAI21xp5_ASAP7_75t_SL          1  0.8    30    16     647    (-,-) 
  aitb_addinc_FP32_ALU_col2_fracAdder_add_113_18_g1047/Y       -       B->Y    R     AOI21xp5_ASAP7_75t_SL          1  0.9    31    19     667    (-,-) 
  aitb_addinc_FP32_ALU_col2_fracAdder_add_113_18_g1025/Y       -       B->Y    R     OA21x2_ASAP7_75t_SL            4  4.8    31    31     698    (-,-) 
  aitb_addinc_FP32_ALU_col2_fracAdder_add_113_18_g1019/Y       -       A->Y    F     INVx4_ASAP7_75t_SL             9  7.6    22    14     712    (-,-) 
  aitb_addinc_FP32_ALU_col2_fracAdder_add_113_18_g1008/Y       -       A2->Y   R     AOI21xp5_ASAP7_75t_L           1  1.3    42    24     736    (-,-) 
  aitb_addinc_FP32_ALU_col2_fracAdder_add_113_18_g995/Y        -       B->Y    R     XOR2xp5_ASAP7_75t_SL           2  2.3    57    37     773    (-,-) 
  aitb_g27961__7098/Y                                          -       D->Y    F     NOR4xp75_ASAP7_75t_SL          1  1.2    30    14     786    (-,-) 
  aitb_g27955__6783/Y                                          -       B->Y    F     AND3x4_ASAP7_75t_SL           10  8.0    25    36     823    (-,-) 
  aitb_g27953__5526/Y                                          -       A2->Y   R     AOI21xp5_ASAP7_75t_L           2  2.6    69    37     860    (-,-) 
  aitb_g27945__1666/Y                                          -       C->Y    F     NAND4xp75_ASAP7_75t_SL         1  1.8    41    19     879    (-,-) 
  aitb_g27943__2883/Y                                          -       B->Y    R     NOR2x1p5_ASAP7_75t_SL          4  4.4    42    24     904    (-,-) 
  aitb_g27942/Y                                                -       A->Y    F     INVx4_ASAP7_75t_SL             7  5.7    22    13     917    (-,-) 
  aitb_g27936__5115/Y                                          -       A2->Y   R     OAI21xp5_ASAP7_75t_SL          1  1.3    36    20     937    (-,-) 
  aitb_g27929__5122/Y                                          -       A->Y    F     NOR2x1_ASAP7_75t_SL            2  2.4    32    21     958    (-,-) 
  aitb_g27927__2802/Y                                          -       C->Y    R     NAND4xp75_ASAP7_75t_SL         5  3.9    42    23     981    (-,-) 
  aitb_g27375__3680/Y                                          -       B->Y    F     NOR2x1_ASAP7_75t_SL            3  3.1    34    24    1005    (-,-) 
  aitb_g27918__5477/Y                                          -       A2->Y   R     AOI21x1_ASAP7_75t_SL           2  2.2    37    20    1024    (-,-) 
  aitb_g27916/Y                                                -       A->Y    F     INVx2_ASAP7_75t_SL             1  0.9    14     7    1031    (-,-) 
  aitb_g27912__2346/Y                                          -       A2->Y   F     OA21x2_ASAP7_75t_SL            3  2.0    16    25    1056    (-,-) 
  aitb_g27905__4733/Y                                          -       B->Y    R     NAND2xp5_ASAP7_75t_SL          1  0.9    26    13    1070    (-,-) 
  aitb_g27903__5115/Y                                          -       A1->Y   F     OAI21xp5_ASAP7_75t_SL          2  2.0    36    21    1091    (-,-) 
  aitb_g27901__6131/Y                                          -       A2->Y   R     AOI21x1_ASAP7_75t_SL           2  1.9    38    19    1110    (-,-) 
  aitb_g27898__8246/Y                                          -       B->Y    F     NOR2x1_ASAP7_75t_SL            1  1.8    25    17    1127    (-,-) 
  aitb_g27897__5122/Y                                          -       A->Y    R     NAND2x1p5_ASAP7_75t_SL         3  2.3    26    18    1144    (-,-) 
  aitb_g27896/Y                                                -       A->Y    F     INVx1_ASAP7_75t_L              1  0.8    14    11    1156    (-,-) 
  aitb_g27890__3680/Y                                          -       B->Y    R     NAND2xp5_ASAP7_75t_SL          1  1.3    30    16    1171    (-,-) 
  aitb_g27877__6417/Y                                          -       A->Y    R     AND2x6_ASAP7_75t_SL           25 26.2    51    41    1212    (-,-) 
  aitb_g27873/Y                                                -       A->Y    F     CKINVDCx16_ASAP7_75t_SL       26 18.7    24    14    1226    (-,-) 
  aitb_g27231__2398/Y                                          -       B1->Y   R     AOI22xp5_ASAP7_75t_SL          2  2.7    68    34    1260    (-,-) 
  aitb_g27815__1617/Y                                          -       A1->Y   F     OAI22x1_ASAP7_75t_SL           5  3.7    49    28    1287    (-,-) 
  g47847/Y                                                     -       A->Y    F     HB1xp67_ASAP7_75t_SRAM         4  4.1    91    92    1379    (-,-) 
  aitb_inc_FP32_ALU_col2_roundingAdder_add_274_18_spec1_g575/Y -       A->Y    R     NAND2x1p5_ASAP7_75t_SL         2  2.3    46    30    1410    (-,-) 
  aitb_inc_FP32_ALU_col2_roundingAdder_add_274_18_spec1_g562/Y -       B->Y    F     NOR2x1p5_ASAP7_75t_SL          2  2.4    24    16    1426    (-,-) 
  aitb_inc_FP32_ALU_col2_roundingAdder_add_274_18_spec1_g559/Y -       B->Y    R     NAND2x1p5_ASAP7_75t_SL         4  3.4    45    19    1445    (-,-) 
  aitb_inc_FP32_ALU_col2_roundingAdder_add_274_18_spec1_g555/Y -       B->Y    F     NOR2x1p5_ASAP7_75t_SL          2  1.8    22    14    1458    (-,-) 
  aitb_inc_FP32_ALU_col2_roundingAdder_add_274_18_spec1_g548/Y -       B->Y    R     NAND2x1_ASAP7_75t_SL           2  2.6    36    21    1480    (-,-) 
  aitb_inc_FP32_ALU_col2_roundingAdder_add_274_18_spec1_g537/Y -       B->Y    F     NOR2x1p5_ASAP7_75t_SL          2  2.4    21    15    1494    (-,-) 
  aitb_inc_FP32_ALU_col2_roundingAdder_add_274_18_spec1_g524/Y -       B->Y    R     NAND2x1p5_ASAP7_75t_SL         2  2.1    22    15    1509    (-,-) 
  aitb_inc_FP32_ALU_col2_roundingAdder_add_274_18_spec1_g509/Y -       B->Y    F     NOR2x1_ASAP7_75t_SL            2  1.4    24    13    1522    (-,-) 
  aitb_inc_FP32_ALU_col2_roundingAdder_add_274_18_spec1_g489/Y -       A->Y    F     AND3x2_ASAP7_75t_SL            2  1.9    14    20    1543    (-,-) 
  aitb_inc_FP32_ALU_col2_roundingAdder_add_274_18_spec1_g483/Y -       B->Y    R     NAND2x1_ASAP7_75t_SL           2  1.9    38    16    1559    (-,-) 
  aitb_inc_FP32_ALU_col2_roundingAdder_add_274_18_spec1_g480/Y -       B->Y    F     NOR2x1_ASAP7_75t_SL            2  1.4    22    15    1574    (-,-) 
  aitb_inc_FP32_ALU_col2_roundingAdder_add_274_18_spec1_g475/Y -       B->Y    F     AND2x2_ASAP7_75t_SL            2  2.6    17    25    1599    (-,-) 
  aitb_inc_FP32_ALU_col2_roundingAdder_add_274_18_spec1_g473/Y -       B->Y    R     NAND2x1p5_ASAP7_75t_SL         3  3.1    39    17    1616    (-,-) 
  aitb_inc_FP32_ALU_col2_roundingAdder_add_274_18_spec1_g471/Y -       B->Y    F     NOR2x1_ASAP7_75t_SL            1  1.2    22    14    1630    (-,-) 
  aitb_inc_FP32_ALU_col2_roundingAdder_add_274_18_spec1_g469/Y -       B->Y    F     XOR2xp5_ASAP7_75t_SL           1  0.8    28    21    1651    (-,-) 
  aitb_g26591/Y                                                -       A1->Y   R     AOI22xp5_ASAP7_75t_SL          2  2.4    68    31    1682    (-,-) 
  aitb_g26568/Y                                                -       A->Y    F     NOR4xp75_ASAP7_75t_SL          1  1.4    34    11    1693    (-,-) 
  aitb_g26555/Y                                                -       A1->Y   R     AOI21x1_ASAP7_75t_SL           2  2.2    35    19    1712    (-,-) 
  aitb_g26549/Y                                                -       A->Y    F     INVx2_ASAP7_75t_SL             9  4.9    26    17    1729    (-,-) 
  aitb_g26538/Y                                                -       B->Y    R     NOR2x1_ASAP7_75t_L            17 11.7   137    69    1798    (-,-) 
  aitb_g26514/Y                                                -       B->Y    F     NAND2x1_ASAP7_75t_L            2  2.6    51    29    1827    (-,-) 
  aitb_g26508/Y                                                -       A->Y    R     INVx1_ASAP7_75t_SL             2  2.3    37    24    1851    (-,-) 
  aitb_g26449/Y                                                -       B1->Y   F     AOI221x1_ASAP7_75t_SL          1  0.9    60    20    1871    (-,-) 
  aitb_PIPE_OUT_col2_stage_reg_reg[0][5]/D                     -       -       F     ASYNC_DFFHx1_ASAP7_75t_SL      1    -     -     0    1871    (-,-) 
#-------------------------------------------------------------------------------------------------------------------------------------------------------



Path 3: MET (9 ps) Setup Check with Pin aitb_PIPE_OUT_col2_stage_reg_reg[0][0]/CLK->D
           View: PVT_0P63V_100C.setup_view
          Group: clk
     Startpoint: (R) aitb_PIPE_cascade_in_col2_stage_reg_reg[0][1]/CLK
          Clock: (R) clk
       Endpoint: (R) aitb_PIPE_OUT_col2_stage_reg_reg[0][0]/D
          Clock: (R) clk

                     Capture       Launch     
        Clock Edge:+    2000            0     
       Src Latency:+       0            0     
       Net Latency:+       0 (I)        0 (I) 
           Arrival:=    2000            0     
                                              
             Setup:-      15                  
       Uncertainty:-     100                  
     Required Time:=    1885                  
      Launch Clock:-       0                  
         Data Path:-    1876                  
             Slack:=       9                  

#-------------------------------------------------------------------------------------------------------------------------------------------------------
#                        Timing Point                          Flags    Arc    Edge           Cell             Fanout Load Trans Delay Arrival Instance 
#                                                                                                                     (fF)  (ps)  (ps)   (ps)  Location 
#-------------------------------------------------------------------------------------------------------------------------------------------------------
  aitb_PIPE_cascade_in_col2_stage_reg_reg[0][1]/CLK            -       -       R     (arrival)                   1147    -     0     0       0    (-,-) 
  aitb_PIPE_cascade_in_col2_stage_reg_reg[0][1]/QN             -       CLK->QN R     ASYNC_DFFHx1_ASAP7_75t_SL      1  0.8    24    48      48    (-,-) 
  aitb_g46925/Y                                                -       B->Y    R     AND2x2_ASAP7_75t_SL            1  1.4    18    21      69    (-,-) 
  aitb_g46773/Y                                                -       B->Y    F     AOI21x1_ASAP7_75t_SL           4  2.8    56    15      84    (-,-) 
  aitb_g46317/Y                                                -       B1->Y   R     OAI22xp5_ASAP7_75t_SL          1  1.4    50    27     111    (-,-) 
  aitb_g46265/Y                                                -       B->Y    F     AOI21x1_ASAP7_75t_SL           2  1.6    26    15     126    (-,-) 
  aitb_g46210/Y                                                -       A->Y    R     NOR3xp33_ASAP7_75t_SL          1  0.8    40    22     148    (-,-) 
  aitb_g46073/Y                                                -       A1->Y   F     O2A1O1Ixp33_ASAP7_75t_SL       1  0.8    29    16     164    (-,-) 
  aitb_g46058/Y                                                -       B->Y    R     NAND2xp5_ASAP7_75t_SL          1  0.8    22    16     180    (-,-) 
  aitb_g46037/Y                                                -       B->Y    R     AND2x2_ASAP7_75t_SL            2  1.7    16    22     202    (-,-) 
  aitb_g46020/Y                                                -       A2->Y   F     OAI21xp5_ASAP7_75t_SL          1  1.5    37    16     218    (-,-) 
  aitb_g45999/Y                                                -       A->Y    F     BUFx6f_ASAP7_75t_SL           11  7.9    17    26     244    (-,-) 
  aitb_g45998/Y                                                -       A->Y    F     BUFx3_ASAP7_75t_SL             7  5.2    18    24     268    (-,-) 
  aitb_g45966/Y                                                -       B1->Y   R     AOI22xp5_ASAP7_75t_SL          3  2.1    53    28     295    (-,-) 
  aitb_g45883/Y                                                -       B->Y    R     AND2x2_ASAP7_75t_SL            2  1.5    16    25     320    (-,-) 
  aitb_g45783/Y                                                -       A->Y    F     NAND3xp33_ASAP7_75t_SL         2  1.7    47    22     342    (-,-) 
  aitb_g45629/Y                                                -       A1->Y   R     OAI21xp5_ASAP7_75t_SL          1  0.8    32    18     359    (-,-) 
  aitb_g45615/Y                                                -       B->Y    R     OR2x4_ASAP7_75t_SL             7 10.6    34    39     398    (-,-) 
  aitb_g45609/Y                                                -       A->Y    F     INVx8_ASAP7_75t_SL             9 10.7    20    12     410    (-,-) 
  aitb_g45590__8246/Y                                          -       A->Y    F     AND2x4_ASAP7_75t_SL           12 10.2    24    30     440    (-,-) 
  aitb_g45545__6783/Y                                          -       A2->Y   F     AO22x1_ASAP7_75t_SL            2  2.0    24    30     470    (-,-) 
  aitb_g45476__5115/Y                                          -       B1->Y   R     AOI22x1_ASAP7_75t_SL           2  2.7    42    22     493    (-,-) 
  aitb_g45436__5115/Y                                          -       A1->Y   F     OAI22x1_ASAP7_75t_SL           2  1.5    30    17     510    (-,-) 
  aitb_g45379__5477/Y                                          -       B1->Y   R     AOI22xp5_ASAP7_75t_SL          1  1.2    41    24     533    (-,-) 
  aitb_g45302__9315/Y                                          -       B->Y    F     XNOR2x2_ASAP7_75t_SL           2  2.0    20    37     570    (-,-) 
  aitb_addinc_FP32_ALU_col2_fracAdder_add_113_18_g1251/Y       -       B->Y    R     NOR2x1_ASAP7_75t_SL            3  2.0    34    16     586    (-,-) 
  aitb_addinc_FP32_ALU_col2_fracAdder_add_113_18_g1223/Y       -       A->Y    F     INVx1_ASAP7_75t_L              1  0.8    16    12     598    (-,-) 
  aitb_addinc_FP32_ALU_col2_fracAdder_add_113_18_g1113/Y       -       A2->Y   R     AOI21xp5_ASAP7_75t_L           3  2.4    63    34     632    (-,-) 
  aitb_addinc_FP32_ALU_col2_fracAdder_add_113_18_g1058/Y       -       A2->Y   F     OAI21xp5_ASAP7_75t_SL          1  0.8    30    16     647    (-,-) 
  aitb_addinc_FP32_ALU_col2_fracAdder_add_113_18_g1047/Y       -       B->Y    R     AOI21xp5_ASAP7_75t_SL          1  0.9    31    19     667    (-,-) 
  aitb_addinc_FP32_ALU_col2_fracAdder_add_113_18_g1025/Y       -       B->Y    R     OA21x2_ASAP7_75t_SL            4  4.8    31    31     698    (-,-) 
  aitb_addinc_FP32_ALU_col2_fracAdder_add_113_18_g1019/Y       -       A->Y    F     INVx4_ASAP7_75t_SL             9  7.6    22    14     712    (-,-) 
  aitb_addinc_FP32_ALU_col2_fracAdder_add_113_18_g1008/Y       -       A2->Y   R     AOI21xp5_ASAP7_75t_L           1  1.3    42    24     736    (-,-) 
  aitb_addinc_FP32_ALU_col2_fracAdder_add_113_18_g995/Y        -       B->Y    R     XOR2xp5_ASAP7_75t_SL           2  2.3    57    37     773    (-,-) 
  aitb_g27961__7098/Y                                          -       D->Y    F     NOR4xp75_ASAP7_75t_SL          1  1.2    30    14     786    (-,-) 
  aitb_g27955__6783/Y                                          -       B->Y    F     AND3x4_ASAP7_75t_SL           10  8.0    25    36     823    (-,-) 
  aitb_g27953__5526/Y                                          -       A2->Y   R     AOI21xp5_ASAP7_75t_L           2  2.6    69    37     860    (-,-) 
  aitb_g27945__1666/Y                                          -       C->Y    F     NAND4xp75_ASAP7_75t_SL         1  1.8    41    19     879    (-,-) 
  aitb_g27943__2883/Y                                          -       B->Y    R     NOR2x1p5_ASAP7_75t_SL          4  4.4    42    24     904    (-,-) 
  aitb_g27942/Y                                                -       A->Y    F     INVx4_ASAP7_75t_SL             7  5.7    22    13     917    (-,-) 
  aitb_g27936__5115/Y                                          -       A2->Y   R     OAI21xp5_ASAP7_75t_SL          1  1.3    36    20     937    (-,-) 
  aitb_g27929__5122/Y                                          -       A->Y    F     NOR2x1_ASAP7_75t_SL            2  2.4    32    21     958    (-,-) 
  aitb_g27927__2802/Y                                          -       C->Y    R     NAND4xp75_ASAP7_75t_SL         5  3.9    42    23     981    (-,-) 
  aitb_g27375__3680/Y                                          -       B->Y    F     NOR2x1_ASAP7_75t_SL            3  3.1    34    24    1005    (-,-) 
  aitb_g27918__5477/Y                                          -       A2->Y   R     AOI21x1_ASAP7_75t_SL           2  2.2    37    20    1024    (-,-) 
  aitb_g27916/Y                                                -       A->Y    F     INVx2_ASAP7_75t_SL             1  0.9    14     7    1031    (-,-) 
  aitb_g27912__2346/Y                                          -       A2->Y   F     OA21x2_ASAP7_75t_SL            3  2.0    16    25    1056    (-,-) 
  aitb_g27905__4733/Y                                          -       B->Y    R     NAND2xp5_ASAP7_75t_SL          1  0.9    26    13    1070    (-,-) 
  aitb_g27903__5115/Y                                          -       A1->Y   F     OAI21xp5_ASAP7_75t_SL          2  2.0    36    21    1091    (-,-) 
  aitb_g27901__6131/Y                                          -       A2->Y   R     AOI21x1_ASAP7_75t_SL           2  1.9    38    19    1110    (-,-) 
  aitb_g27898__8246/Y                                          -       B->Y    F     NOR2x1_ASAP7_75t_SL            1  1.8    25    17    1127    (-,-) 
  aitb_g27897__5122/Y                                          -       A->Y    R     NAND2x1p5_ASAP7_75t_SL         3  2.3    26    18    1144    (-,-) 
  aitb_g27896/Y                                                -       A->Y    F     INVx1_ASAP7_75t_L              1  0.8    14    11    1156    (-,-) 
  aitb_g27890__3680/Y                                          -       B->Y    R     NAND2xp5_ASAP7_75t_SL          1  1.3    30    16    1171    (-,-) 
  aitb_g27877__6417/Y                                          -       A->Y    R     AND2x6_ASAP7_75t_SL           25 26.2    51    41    1212    (-,-) 
  aitb_g27873/Y                                                -       A->Y    F     CKINVDCx16_ASAP7_75t_SL       26 18.7    24    14    1226    (-,-) 
  aitb_g27231__2398/Y                                          -       B1->Y   R     AOI22xp5_ASAP7_75t_SL          2  2.7    68    34    1260    (-,-) 
  aitb_g27815__1617/Y                                          -       A1->Y   F     OAI22x1_ASAP7_75t_SL           5  3.7    49    28    1287    (-,-) 
  g47847/Y                                                     -       A->Y    F     HB1xp67_ASAP7_75t_SRAM         4  4.1    91    92    1379    (-,-) 
  aitb_inc_FP32_ALU_col2_roundingAdder_add_274_18_spec1_g575/Y -       A->Y    R     NAND2x1p5_ASAP7_75t_SL         2  2.3    46    30    1410    (-,-) 
  aitb_inc_FP32_ALU_col2_roundingAdder_add_274_18_spec1_g562/Y -       B->Y    F     NOR2x1p5_ASAP7_75t_SL          2  2.4    24    16    1426    (-,-) 
  aitb_inc_FP32_ALU_col2_roundingAdder_add_274_18_spec1_g559/Y -       B->Y    R     NAND2x1p5_ASAP7_75t_SL         4  3.4    45    19    1445    (-,-) 
  aitb_inc_FP32_ALU_col2_roundingAdder_add_274_18_spec1_g555/Y -       B->Y    F     NOR2x1p5_ASAP7_75t_SL          2  1.8    22    14    1458    (-,-) 
  aitb_inc_FP32_ALU_col2_roundingAdder_add_274_18_spec1_g548/Y -       B->Y    R     NAND2x1_ASAP7_75t_SL           2  2.6    36    21    1480    (-,-) 
  aitb_inc_FP32_ALU_col2_roundingAdder_add_274_18_spec1_g537/Y -       B->Y    F     NOR2x1p5_ASAP7_75t_SL          2  2.4    21    15    1494    (-,-) 
  aitb_inc_FP32_ALU_col2_roundingAdder_add_274_18_spec1_g524/Y -       B->Y    R     NAND2x1p5_ASAP7_75t_SL         2  2.1    22    15    1509    (-,-) 
  aitb_inc_FP32_ALU_col2_roundingAdder_add_274_18_spec1_g509/Y -       B->Y    F     NOR2x1_ASAP7_75t_SL            2  1.4    24    13    1522    (-,-) 
  aitb_inc_FP32_ALU_col2_roundingAdder_add_274_18_spec1_g489/Y -       A->Y    F     AND3x2_ASAP7_75t_SL            2  1.9    14    20    1543    (-,-) 
  aitb_inc_FP32_ALU_col2_roundingAdder_add_274_18_spec1_g483/Y -       B->Y    R     NAND2x1_ASAP7_75t_SL           2  1.9    38    16    1559    (-,-) 
  aitb_inc_FP32_ALU_col2_roundingAdder_add_274_18_spec1_g480/Y -       B->Y    F     NOR2x1_ASAP7_75t_SL            2  1.4    22    15    1574    (-,-) 
  aitb_inc_FP32_ALU_col2_roundingAdder_add_274_18_spec1_g475/Y -       B->Y    F     AND2x2_ASAP7_75t_SL            2  2.6    17    25    1599    (-,-) 
  aitb_inc_FP32_ALU_col2_roundingAdder_add_274_18_spec1_g473/Y -       B->Y    R     NAND2x1p5_ASAP7_75t_SL         3  3.1    39    17    1616    (-,-) 
  aitb_inc_FP32_ALU_col2_roundingAdder_add_274_18_spec1_g471/Y -       B->Y    F     NOR2x1_ASAP7_75t_SL            1  1.2    22    14    1630    (-,-) 
  aitb_inc_FP32_ALU_col2_roundingAdder_add_274_18_spec1_g469/Y -       B->Y    R     XOR2xp5_ASAP7_75t_SL           1  0.8    33    16    1646    (-,-) 
  aitb_g26591/Y                                                -       A1->Y   F     AOI22xp5_ASAP7_75t_SL          2  2.4    63    23    1669    (-,-) 
  aitb_g26568/Y                                                -       A->Y    R     NOR4xp75_ASAP7_75t_SL          1  1.4    50    28    1697    (-,-) 
  aitb_g26555/Y                                                -       A1->Y   F     AOI21x1_ASAP7_75t_SL           2  2.2    33    18    1715    (-,-) 
  aitb_g26549/Y                                                -       A->Y    R     INVx2_ASAP7_75t_SL             9  4.9    32    21    1736    (-,-) 
  aitb_g26538/Y                                                -       B->Y    F     NOR2x1_ASAP7_75t_L            17 11.7   104    59    1795    (-,-) 
  aitb_g26514/Y                                                -       B->Y    R     NAND2x1_ASAP7_75t_L            2  2.6    58    44    1839    (-,-) 
  aitb_g26493/Y                                                -       B->Y    F     NOR2x1p5_ASAP7_75t_SL          5  3.4    31    20    1859    (-,-) 
  aitb_g26443/Y                                                -       A1->Y   R     AOI21xp5_ASAP7_75t_SL          1  0.9    36    17    1876    (-,-) 
  aitb_PIPE_OUT_col2_stage_reg_reg[0][0]/D                     -       -       R     ASYNC_DFFHx1_ASAP7_75t_SL      1    -     -     0    1876    (-,-) 
#-------------------------------------------------------------------------------------------------------------------------------------------------------



Path 4: MET (9 ps) Setup Check with Pin aitb_PIPE_OUT_col2_stage_reg_reg[0][4]/CLK->D
           View: PVT_0P63V_100C.setup_view
          Group: clk
     Startpoint: (R) aitb_PIPE_cascade_in_col2_stage_reg_reg[0][1]/CLK
          Clock: (R) clk
       Endpoint: (R) aitb_PIPE_OUT_col2_stage_reg_reg[0][4]/D
          Clock: (R) clk

                     Capture       Launch     
        Clock Edge:+    2000            0     
       Src Latency:+       0            0     
       Net Latency:+       0 (I)        0 (I) 
           Arrival:=    2000            0     
                                              
             Setup:-      15                  
       Uncertainty:-     100                  
     Required Time:=    1885                  
      Launch Clock:-       0                  
         Data Path:-    1876                  
             Slack:=       9                  

#-------------------------------------------------------------------------------------------------------------------------------------------------------
#                        Timing Point                          Flags    Arc    Edge           Cell             Fanout Load Trans Delay Arrival Instance 
#                                                                                                                     (fF)  (ps)  (ps)   (ps)  Location 
#-------------------------------------------------------------------------------------------------------------------------------------------------------
  aitb_PIPE_cascade_in_col2_stage_reg_reg[0][1]/CLK            -       -       R     (arrival)                   1147    -     0     0       0    (-,-) 
  aitb_PIPE_cascade_in_col2_stage_reg_reg[0][1]/QN             -       CLK->QN R     ASYNC_DFFHx1_ASAP7_75t_SL      1  0.8    24    48      48    (-,-) 
  aitb_g46925/Y                                                -       B->Y    R     AND2x2_ASAP7_75t_SL            1  1.4    18    21      69    (-,-) 
  aitb_g46773/Y                                                -       B->Y    F     AOI21x1_ASAP7_75t_SL           4  2.8    56    15      84    (-,-) 
  aitb_g46317/Y                                                -       B1->Y   R     OAI22xp5_ASAP7_75t_SL          1  1.4    50    27     111    (-,-) 
  aitb_g46265/Y                                                -       B->Y    F     AOI21x1_ASAP7_75t_SL           2  1.6    26    15     126    (-,-) 
  aitb_g46210/Y                                                -       A->Y    R     NOR3xp33_ASAP7_75t_SL          1  0.8    40    22     148    (-,-) 
  aitb_g46073/Y                                                -       A1->Y   F     O2A1O1Ixp33_ASAP7_75t_SL       1  0.8    29    16     164    (-,-) 
  aitb_g46058/Y                                                -       B->Y    R     NAND2xp5_ASAP7_75t_SL          1  0.8    22    16     180    (-,-) 
  aitb_g46037/Y                                                -       B->Y    R     AND2x2_ASAP7_75t_SL            2  1.7    16    22     202    (-,-) 
  aitb_g46020/Y                                                -       A2->Y   F     OAI21xp5_ASAP7_75t_SL          1  1.5    37    16     218    (-,-) 
  aitb_g45999/Y                                                -       A->Y    F     BUFx6f_ASAP7_75t_SL           11  7.9    17    26     244    (-,-) 
  aitb_g45998/Y                                                -       A->Y    F     BUFx3_ASAP7_75t_SL             7  5.2    18    24     268    (-,-) 
  aitb_g45966/Y                                                -       B1->Y   R     AOI22xp5_ASAP7_75t_SL          3  2.1    53    28     295    (-,-) 
  aitb_g45883/Y                                                -       B->Y    R     AND2x2_ASAP7_75t_SL            2  1.5    16    25     320    (-,-) 
  aitb_g45783/Y                                                -       A->Y    F     NAND3xp33_ASAP7_75t_SL         2  1.7    47    22     342    (-,-) 
  aitb_g45629/Y                                                -       A1->Y   R     OAI21xp5_ASAP7_75t_SL          1  0.8    32    18     359    (-,-) 
  aitb_g45615/Y                                                -       B->Y    R     OR2x4_ASAP7_75t_SL             7 10.6    34    39     398    (-,-) 
  aitb_g45609/Y                                                -       A->Y    F     INVx8_ASAP7_75t_SL             9 10.7    20    12     410    (-,-) 
  aitb_g45590__8246/Y                                          -       A->Y    F     AND2x4_ASAP7_75t_SL           12 10.2    24    30     440    (-,-) 
  aitb_g45545__6783/Y                                          -       A2->Y   F     AO22x1_ASAP7_75t_SL            2  2.0    24    30     470    (-,-) 
  aitb_g45476__5115/Y                                          -       B1->Y   R     AOI22x1_ASAP7_75t_SL           2  2.7    42    22     493    (-,-) 
  aitb_g45436__5115/Y                                          -       A1->Y   F     OAI22x1_ASAP7_75t_SL           2  1.5    30    17     510    (-,-) 
  aitb_g45379__5477/Y                                          -       B1->Y   R     AOI22xp5_ASAP7_75t_SL          1  1.2    41    24     533    (-,-) 
  aitb_g45302__9315/Y                                          -       B->Y    F     XNOR2x2_ASAP7_75t_SL           2  2.0    20    37     570    (-,-) 
  aitb_addinc_FP32_ALU_col2_fracAdder_add_113_18_g1251/Y       -       B->Y    R     NOR2x1_ASAP7_75t_SL            3  2.0    34    16     586    (-,-) 
  aitb_addinc_FP32_ALU_col2_fracAdder_add_113_18_g1223/Y       -       A->Y    F     INVx1_ASAP7_75t_L              1  0.8    16    12     598    (-,-) 
  aitb_addinc_FP32_ALU_col2_fracAdder_add_113_18_g1113/Y       -       A2->Y   R     AOI21xp5_ASAP7_75t_L           3  2.4    63    34     632    (-,-) 
  aitb_addinc_FP32_ALU_col2_fracAdder_add_113_18_g1058/Y       -       A2->Y   F     OAI21xp5_ASAP7_75t_SL          1  0.8    30    16     647    (-,-) 
  aitb_addinc_FP32_ALU_col2_fracAdder_add_113_18_g1047/Y       -       B->Y    R     AOI21xp5_ASAP7_75t_SL          1  0.9    31    19     667    (-,-) 
  aitb_addinc_FP32_ALU_col2_fracAdder_add_113_18_g1025/Y       -       B->Y    R     OA21x2_ASAP7_75t_SL            4  4.8    31    31     698    (-,-) 
  aitb_addinc_FP32_ALU_col2_fracAdder_add_113_18_g1019/Y       -       A->Y    F     INVx4_ASAP7_75t_SL             9  7.6    22    14     712    (-,-) 
  aitb_addinc_FP32_ALU_col2_fracAdder_add_113_18_g1008/Y       -       A2->Y   R     AOI21xp5_ASAP7_75t_L           1  1.3    42    24     736    (-,-) 
  aitb_addinc_FP32_ALU_col2_fracAdder_add_113_18_g995/Y        -       B->Y    R     XOR2xp5_ASAP7_75t_SL           2  2.3    57    37     773    (-,-) 
  aitb_g27961__7098/Y                                          -       D->Y    F     NOR4xp75_ASAP7_75t_SL          1  1.2    30    14     786    (-,-) 
  aitb_g27955__6783/Y                                          -       B->Y    F     AND3x4_ASAP7_75t_SL           10  8.0    25    36     823    (-,-) 
  aitb_g27953__5526/Y                                          -       A2->Y   R     AOI21xp5_ASAP7_75t_L           2  2.6    69    37     860    (-,-) 
  aitb_g27945__1666/Y                                          -       C->Y    F     NAND4xp75_ASAP7_75t_SL         1  1.8    41    19     879    (-,-) 
  aitb_g27943__2883/Y                                          -       B->Y    R     NOR2x1p5_ASAP7_75t_SL          4  4.4    42    24     904    (-,-) 
  aitb_g27942/Y                                                -       A->Y    F     INVx4_ASAP7_75t_SL             7  5.7    22    13     917    (-,-) 
  aitb_g27936__5115/Y                                          -       A2->Y   R     OAI21xp5_ASAP7_75t_SL          1  1.3    36    20     937    (-,-) 
  aitb_g27929__5122/Y                                          -       A->Y    F     NOR2x1_ASAP7_75t_SL            2  2.4    32    21     958    (-,-) 
  aitb_g27927__2802/Y                                          -       C->Y    R     NAND4xp75_ASAP7_75t_SL         5  3.9    42    23     981    (-,-) 
  aitb_g27375__3680/Y                                          -       B->Y    F     NOR2x1_ASAP7_75t_SL            3  3.1    34    24    1005    (-,-) 
  aitb_g27918__5477/Y                                          -       A2->Y   R     AOI21x1_ASAP7_75t_SL           2  2.2    37    20    1024    (-,-) 
  aitb_g27916/Y                                                -       A->Y    F     INVx2_ASAP7_75t_SL             1  0.9    14     7    1031    (-,-) 
  aitb_g27912__2346/Y                                          -       A2->Y   F     OA21x2_ASAP7_75t_SL            3  2.0    16    25    1056    (-,-) 
  aitb_g27905__4733/Y                                          -       B->Y    R     NAND2xp5_ASAP7_75t_SL          1  0.9    26    13    1070    (-,-) 
  aitb_g27903__5115/Y                                          -       A1->Y   F     OAI21xp5_ASAP7_75t_SL          2  2.0    36    21    1091    (-,-) 
  aitb_g27901__6131/Y                                          -       A2->Y   R     AOI21x1_ASAP7_75t_SL           2  1.9    38    19    1110    (-,-) 
  aitb_g27898__8246/Y                                          -       B->Y    F     NOR2x1_ASAP7_75t_SL            1  1.8    25    17    1127    (-,-) 
  aitb_g27897__5122/Y                                          -       A->Y    R     NAND2x1p5_ASAP7_75t_SL         3  2.3    26    18    1144    (-,-) 
  aitb_g27896/Y                                                -       A->Y    F     INVx1_ASAP7_75t_L              1  0.8    14    11    1156    (-,-) 
  aitb_g27890__3680/Y                                          -       B->Y    R     NAND2xp5_ASAP7_75t_SL          1  1.3    30    16    1171    (-,-) 
  aitb_g27877__6417/Y                                          -       A->Y    R     AND2x6_ASAP7_75t_SL           25 26.2    51    41    1212    (-,-) 
  aitb_g27873/Y                                                -       A->Y    F     CKINVDCx16_ASAP7_75t_SL       26 18.7    24    14    1226    (-,-) 
  aitb_g27231__2398/Y                                          -       B1->Y   R     AOI22xp5_ASAP7_75t_SL          2  2.7    68    34    1260    (-,-) 
  aitb_g27815__1617/Y                                          -       A1->Y   F     OAI22x1_ASAP7_75t_SL           5  3.7    49    28    1287    (-,-) 
  g47847/Y                                                     -       A->Y    F     HB1xp67_ASAP7_75t_SRAM         4  4.1    91    92    1379    (-,-) 
  aitb_inc_FP32_ALU_col2_roundingAdder_add_274_18_spec1_g575/Y -       A->Y    R     NAND2x1p5_ASAP7_75t_SL         2  2.3    46    30    1410    (-,-) 
  aitb_inc_FP32_ALU_col2_roundingAdder_add_274_18_spec1_g562/Y -       B->Y    F     NOR2x1p5_ASAP7_75t_SL          2  2.4    24    16    1426    (-,-) 
  aitb_inc_FP32_ALU_col2_roundingAdder_add_274_18_spec1_g559/Y -       B->Y    R     NAND2x1p5_ASAP7_75t_SL         4  3.4    45    19    1445    (-,-) 
  aitb_inc_FP32_ALU_col2_roundingAdder_add_274_18_spec1_g555/Y -       B->Y    F     NOR2x1p5_ASAP7_75t_SL          2  1.8    22    14    1458    (-,-) 
  aitb_inc_FP32_ALU_col2_roundingAdder_add_274_18_spec1_g548/Y -       B->Y    R     NAND2x1_ASAP7_75t_SL           2  2.6    36    21    1480    (-,-) 
  aitb_inc_FP32_ALU_col2_roundingAdder_add_274_18_spec1_g537/Y -       B->Y    F     NOR2x1p5_ASAP7_75t_SL          2  2.4    21    15    1494    (-,-) 
  aitb_inc_FP32_ALU_col2_roundingAdder_add_274_18_spec1_g524/Y -       B->Y    R     NAND2x1p5_ASAP7_75t_SL         2  2.1    22    15    1509    (-,-) 
  aitb_inc_FP32_ALU_col2_roundingAdder_add_274_18_spec1_g509/Y -       B->Y    F     NOR2x1_ASAP7_75t_SL            2  1.4    24    13    1522    (-,-) 
  aitb_inc_FP32_ALU_col2_roundingAdder_add_274_18_spec1_g489/Y -       A->Y    F     AND3x2_ASAP7_75t_SL            2  1.9    14    20    1543    (-,-) 
  aitb_inc_FP32_ALU_col2_roundingAdder_add_274_18_spec1_g483/Y -       B->Y    R     NAND2x1_ASAP7_75t_SL           2  1.9    38    16    1559    (-,-) 
  aitb_inc_FP32_ALU_col2_roundingAdder_add_274_18_spec1_g480/Y -       B->Y    F     NOR2x1_ASAP7_75t_SL            2  1.4    22    15    1574    (-,-) 
  aitb_inc_FP32_ALU_col2_roundingAdder_add_274_18_spec1_g475/Y -       B->Y    F     AND2x2_ASAP7_75t_SL            2  2.6    17    25    1599    (-,-) 
  aitb_inc_FP32_ALU_col2_roundingAdder_add_274_18_spec1_g473/Y -       B->Y    R     NAND2x1p5_ASAP7_75t_SL         3  3.1    39    17    1616    (-,-) 
  aitb_inc_FP32_ALU_col2_roundingAdder_add_274_18_spec1_g471/Y -       B->Y    F     NOR2x1_ASAP7_75t_SL            1  1.2    22    14    1630    (-,-) 
  aitb_inc_FP32_ALU_col2_roundingAdder_add_274_18_spec1_g469/Y -       B->Y    R     XOR2xp5_ASAP7_75t_SL           1  0.8    33    16    1646    (-,-) 
  aitb_g26591/Y                                                -       A1->Y   F     AOI22xp5_ASAP7_75t_SL          2  2.4    63    23    1669    (-,-) 
  aitb_g26568/Y                                                -       A->Y    R     NOR4xp75_ASAP7_75t_SL          1  1.4    50    28    1697    (-,-) 
  aitb_g26555/Y                                                -       A1->Y   F     AOI21x1_ASAP7_75t_SL           2  2.2    33    18    1715    (-,-) 
  aitb_g26549/Y                                                -       A->Y    R     INVx2_ASAP7_75t_SL             9  4.9    32    21    1736    (-,-) 
  aitb_g26538/Y                                                -       B->Y    F     NOR2x1_ASAP7_75t_L            17 11.7   104    59    1795    (-,-) 
  aitb_g26514/Y                                                -       B->Y    R     NAND2x1_ASAP7_75t_L            2  2.6    58    44    1839    (-,-) 
  aitb_g26493/Y                                                -       B->Y    F     NOR2x1p5_ASAP7_75t_SL          5  3.4    31    20    1859    (-,-) 
  aitb_g26447/Y                                                -       A1->Y   R     AOI21xp5_ASAP7_75t_SL          1  0.9    35    17    1876    (-,-) 
  aitb_PIPE_OUT_col2_stage_reg_reg[0][4]/D                     -       -       R     ASYNC_DFFHx1_ASAP7_75t_SL      1    -     -     0    1876    (-,-) 
#-------------------------------------------------------------------------------------------------------------------------------------------------------



Path 5: MET (9 ps) Setup Check with Pin aitb_PIPE_OUT_col2_stage_reg_reg[0][3]/CLK->D
           View: PVT_0P63V_100C.setup_view
          Group: clk
     Startpoint: (R) aitb_PIPE_cascade_in_col2_stage_reg_reg[0][1]/CLK
          Clock: (R) clk
       Endpoint: (R) aitb_PIPE_OUT_col2_stage_reg_reg[0][3]/D
          Clock: (R) clk

                     Capture       Launch     
        Clock Edge:+    2000            0     
       Src Latency:+       0            0     
       Net Latency:+       0 (I)        0 (I) 
           Arrival:=    2000            0     
                                              
             Setup:-      15                  
       Uncertainty:-     100                  
     Required Time:=    1885                  
      Launch Clock:-       0                  
         Data Path:-    1876                  
             Slack:=       9                  

#-------------------------------------------------------------------------------------------------------------------------------------------------------
#                        Timing Point                          Flags    Arc    Edge           Cell             Fanout Load Trans Delay Arrival Instance 
#                                                                                                                     (fF)  (ps)  (ps)   (ps)  Location 
#-------------------------------------------------------------------------------------------------------------------------------------------------------
  aitb_PIPE_cascade_in_col2_stage_reg_reg[0][1]/CLK            -       -       R     (arrival)                   1147    -     0     0       0    (-,-) 
  aitb_PIPE_cascade_in_col2_stage_reg_reg[0][1]/QN             -       CLK->QN R     ASYNC_DFFHx1_ASAP7_75t_SL      1  0.8    24    48      48    (-,-) 
  aitb_g46925/Y                                                -       B->Y    R     AND2x2_ASAP7_75t_SL            1  1.4    18    21      69    (-,-) 
  aitb_g46773/Y                                                -       B->Y    F     AOI21x1_ASAP7_75t_SL           4  2.8    56    15      84    (-,-) 
  aitb_g46317/Y                                                -       B1->Y   R     OAI22xp5_ASAP7_75t_SL          1  1.4    50    27     111    (-,-) 
  aitb_g46265/Y                                                -       B->Y    F     AOI21x1_ASAP7_75t_SL           2  1.6    26    15     126    (-,-) 
  aitb_g46210/Y                                                -       A->Y    R     NOR3xp33_ASAP7_75t_SL          1  0.8    40    22     148    (-,-) 
  aitb_g46073/Y                                                -       A1->Y   F     O2A1O1Ixp33_ASAP7_75t_SL       1  0.8    29    16     164    (-,-) 
  aitb_g46058/Y                                                -       B->Y    R     NAND2xp5_ASAP7_75t_SL          1  0.8    22    16     180    (-,-) 
  aitb_g46037/Y                                                -       B->Y    R     AND2x2_ASAP7_75t_SL            2  1.7    16    22     202    (-,-) 
  aitb_g46020/Y                                                -       A2->Y   F     OAI21xp5_ASAP7_75t_SL          1  1.5    37    16     218    (-,-) 
  aitb_g45999/Y                                                -       A->Y    F     BUFx6f_ASAP7_75t_SL           11  7.9    17    26     244    (-,-) 
  aitb_g45998/Y                                                -       A->Y    F     BUFx3_ASAP7_75t_SL             7  5.2    18    24     268    (-,-) 
  aitb_g45966/Y                                                -       B1->Y   R     AOI22xp5_ASAP7_75t_SL          3  2.1    53    28     295    (-,-) 
  aitb_g45883/Y                                                -       B->Y    R     AND2x2_ASAP7_75t_SL            2  1.5    16    25     320    (-,-) 
  aitb_g45783/Y                                                -       A->Y    F     NAND3xp33_ASAP7_75t_SL         2  1.7    47    22     342    (-,-) 
  aitb_g45629/Y                                                -       A1->Y   R     OAI21xp5_ASAP7_75t_SL          1  0.8    32    18     359    (-,-) 
  aitb_g45615/Y                                                -       B->Y    R     OR2x4_ASAP7_75t_SL             7 10.6    34    39     398    (-,-) 
  aitb_g45609/Y                                                -       A->Y    F     INVx8_ASAP7_75t_SL             9 10.7    20    12     410    (-,-) 
  aitb_g45590__8246/Y                                          -       A->Y    F     AND2x4_ASAP7_75t_SL           12 10.2    24    30     440    (-,-) 
  aitb_g45545__6783/Y                                          -       A2->Y   F     AO22x1_ASAP7_75t_SL            2  2.0    24    30     470    (-,-) 
  aitb_g45476__5115/Y                                          -       B1->Y   R     AOI22x1_ASAP7_75t_SL           2  2.7    42    22     493    (-,-) 
  aitb_g45436__5115/Y                                          -       A1->Y   F     OAI22x1_ASAP7_75t_SL           2  1.5    30    17     510    (-,-) 
  aitb_g45379__5477/Y                                          -       B1->Y   R     AOI22xp5_ASAP7_75t_SL          1  1.2    41    24     533    (-,-) 
  aitb_g45302__9315/Y                                          -       B->Y    F     XNOR2x2_ASAP7_75t_SL           2  2.0    20    37     570    (-,-) 
  aitb_addinc_FP32_ALU_col2_fracAdder_add_113_18_g1251/Y       -       B->Y    R     NOR2x1_ASAP7_75t_SL            3  2.0    34    16     586    (-,-) 
  aitb_addinc_FP32_ALU_col2_fracAdder_add_113_18_g1223/Y       -       A->Y    F     INVx1_ASAP7_75t_L              1  0.8    16    12     598    (-,-) 
  aitb_addinc_FP32_ALU_col2_fracAdder_add_113_18_g1113/Y       -       A2->Y   R     AOI21xp5_ASAP7_75t_L           3  2.4    63    34     632    (-,-) 
  aitb_addinc_FP32_ALU_col2_fracAdder_add_113_18_g1058/Y       -       A2->Y   F     OAI21xp5_ASAP7_75t_SL          1  0.8    30    16     647    (-,-) 
  aitb_addinc_FP32_ALU_col2_fracAdder_add_113_18_g1047/Y       -       B->Y    R     AOI21xp5_ASAP7_75t_SL          1  0.9    31    19     667    (-,-) 
  aitb_addinc_FP32_ALU_col2_fracAdder_add_113_18_g1025/Y       -       B->Y    R     OA21x2_ASAP7_75t_SL            4  4.8    31    31     698    (-,-) 
  aitb_addinc_FP32_ALU_col2_fracAdder_add_113_18_g1019/Y       -       A->Y    F     INVx4_ASAP7_75t_SL             9  7.6    22    14     712    (-,-) 
  aitb_addinc_FP32_ALU_col2_fracAdder_add_113_18_g1008/Y       -       A2->Y   R     AOI21xp5_ASAP7_75t_L           1  1.3    42    24     736    (-,-) 
  aitb_addinc_FP32_ALU_col2_fracAdder_add_113_18_g995/Y        -       B->Y    R     XOR2xp5_ASAP7_75t_SL           2  2.3    57    37     773    (-,-) 
  aitb_g27961__7098/Y                                          -       D->Y    F     NOR4xp75_ASAP7_75t_SL          1  1.2    30    14     786    (-,-) 
  aitb_g27955__6783/Y                                          -       B->Y    F     AND3x4_ASAP7_75t_SL           10  8.0    25    36     823    (-,-) 
  aitb_g27953__5526/Y                                          -       A2->Y   R     AOI21xp5_ASAP7_75t_L           2  2.6    69    37     860    (-,-) 
  aitb_g27945__1666/Y                                          -       C->Y    F     NAND4xp75_ASAP7_75t_SL         1  1.8    41    19     879    (-,-) 
  aitb_g27943__2883/Y                                          -       B->Y    R     NOR2x1p5_ASAP7_75t_SL          4  4.4    42    24     904    (-,-) 
  aitb_g27942/Y                                                -       A->Y    F     INVx4_ASAP7_75t_SL             7  5.7    22    13     917    (-,-) 
  aitb_g27936__5115/Y                                          -       A2->Y   R     OAI21xp5_ASAP7_75t_SL          1  1.3    36    20     937    (-,-) 
  aitb_g27929__5122/Y                                          -       A->Y    F     NOR2x1_ASAP7_75t_SL            2  2.4    32    21     958    (-,-) 
  aitb_g27927__2802/Y                                          -       C->Y    R     NAND4xp75_ASAP7_75t_SL         5  3.9    42    23     981    (-,-) 
  aitb_g27375__3680/Y                                          -       B->Y    F     NOR2x1_ASAP7_75t_SL            3  3.1    34    24    1005    (-,-) 
  aitb_g27918__5477/Y                                          -       A2->Y   R     AOI21x1_ASAP7_75t_SL           2  2.2    37    20    1024    (-,-) 
  aitb_g27916/Y                                                -       A->Y    F     INVx2_ASAP7_75t_SL             1  0.9    14     7    1031    (-,-) 
  aitb_g27912__2346/Y                                          -       A2->Y   F     OA21x2_ASAP7_75t_SL            3  2.0    16    25    1056    (-,-) 
  aitb_g27905__4733/Y                                          -       B->Y    R     NAND2xp5_ASAP7_75t_SL          1  0.9    26    13    1070    (-,-) 
  aitb_g27903__5115/Y                                          -       A1->Y   F     OAI21xp5_ASAP7_75t_SL          2  2.0    36    21    1091    (-,-) 
  aitb_g27901__6131/Y                                          -       A2->Y   R     AOI21x1_ASAP7_75t_SL           2  1.9    38    19    1110    (-,-) 
  aitb_g27898__8246/Y                                          -       B->Y    F     NOR2x1_ASAP7_75t_SL            1  1.8    25    17    1127    (-,-) 
  aitb_g27897__5122/Y                                          -       A->Y    R     NAND2x1p5_ASAP7_75t_SL         3  2.3    26    18    1144    (-,-) 
  aitb_g27896/Y                                                -       A->Y    F     INVx1_ASAP7_75t_L              1  0.8    14    11    1156    (-,-) 
  aitb_g27890__3680/Y                                          -       B->Y    R     NAND2xp5_ASAP7_75t_SL          1  1.3    30    16    1171    (-,-) 
  aitb_g27877__6417/Y                                          -       A->Y    R     AND2x6_ASAP7_75t_SL           25 26.2    51    41    1212    (-,-) 
  aitb_g27873/Y                                                -       A->Y    F     CKINVDCx16_ASAP7_75t_SL       26 18.7    24    14    1226    (-,-) 
  aitb_g27231__2398/Y                                          -       B1->Y   R     AOI22xp5_ASAP7_75t_SL          2  2.7    68    34    1260    (-,-) 
  aitb_g27815__1617/Y                                          -       A1->Y   F     OAI22x1_ASAP7_75t_SL           5  3.7    49    28    1287    (-,-) 
  g47847/Y                                                     -       A->Y    F     HB1xp67_ASAP7_75t_SRAM         4  4.1    91    92    1379    (-,-) 
  aitb_inc_FP32_ALU_col2_roundingAdder_add_274_18_spec1_g575/Y -       A->Y    R     NAND2x1p5_ASAP7_75t_SL         2  2.3    46    30    1410    (-,-) 
  aitb_inc_FP32_ALU_col2_roundingAdder_add_274_18_spec1_g562/Y -       B->Y    F     NOR2x1p5_ASAP7_75t_SL          2  2.4    24    16    1426    (-,-) 
  aitb_inc_FP32_ALU_col2_roundingAdder_add_274_18_spec1_g559/Y -       B->Y    R     NAND2x1p5_ASAP7_75t_SL         4  3.4    45    19    1445    (-,-) 
  aitb_inc_FP32_ALU_col2_roundingAdder_add_274_18_spec1_g555/Y -       B->Y    F     NOR2x1p5_ASAP7_75t_SL          2  1.8    22    14    1458    (-,-) 
  aitb_inc_FP32_ALU_col2_roundingAdder_add_274_18_spec1_g548/Y -       B->Y    R     NAND2x1_ASAP7_75t_SL           2  2.6    36    21    1480    (-,-) 
  aitb_inc_FP32_ALU_col2_roundingAdder_add_274_18_spec1_g537/Y -       B->Y    F     NOR2x1p5_ASAP7_75t_SL          2  2.4    21    15    1494    (-,-) 
  aitb_inc_FP32_ALU_col2_roundingAdder_add_274_18_spec1_g524/Y -       B->Y    R     NAND2x1p5_ASAP7_75t_SL         2  2.1    22    15    1509    (-,-) 
  aitb_inc_FP32_ALU_col2_roundingAdder_add_274_18_spec1_g509/Y -       B->Y    F     NOR2x1_ASAP7_75t_SL            2  1.4    24    13    1522    (-,-) 
  aitb_inc_FP32_ALU_col2_roundingAdder_add_274_18_spec1_g489/Y -       A->Y    F     AND3x2_ASAP7_75t_SL            2  1.9    14    20    1543    (-,-) 
  aitb_inc_FP32_ALU_col2_roundingAdder_add_274_18_spec1_g483/Y -       B->Y    R     NAND2x1_ASAP7_75t_SL           2  1.9    38    16    1559    (-,-) 
  aitb_inc_FP32_ALU_col2_roundingAdder_add_274_18_spec1_g480/Y -       B->Y    F     NOR2x1_ASAP7_75t_SL            2  1.4    22    15    1574    (-,-) 
  aitb_inc_FP32_ALU_col2_roundingAdder_add_274_18_spec1_g475/Y -       B->Y    F     AND2x2_ASAP7_75t_SL            2  2.6    17    25    1599    (-,-) 
  aitb_inc_FP32_ALU_col2_roundingAdder_add_274_18_spec1_g473/Y -       B->Y    R     NAND2x1p5_ASAP7_75t_SL         3  3.1    39    17    1616    (-,-) 
  aitb_inc_FP32_ALU_col2_roundingAdder_add_274_18_spec1_g471/Y -       B->Y    F     NOR2x1_ASAP7_75t_SL            1  1.2    22    14    1630    (-,-) 
  aitb_inc_FP32_ALU_col2_roundingAdder_add_274_18_spec1_g469/Y -       B->Y    R     XOR2xp5_ASAP7_75t_SL           1  0.8    33    16    1646    (-,-) 
  aitb_g26591/Y                                                -       A1->Y   F     AOI22xp5_ASAP7_75t_SL          2  2.4    63    23    1669    (-,-) 
  aitb_g26568/Y                                                -       A->Y    R     NOR4xp75_ASAP7_75t_SL          1  1.4    50    28    1697    (-,-) 
  aitb_g26555/Y                                                -       A1->Y   F     AOI21x1_ASAP7_75t_SL           2  2.2    33    18    1715    (-,-) 
  aitb_g26549/Y                                                -       A->Y    R     INVx2_ASAP7_75t_SL             9  4.9    32    21    1736    (-,-) 
  aitb_g26538/Y                                                -       B->Y    F     NOR2x1_ASAP7_75t_L            17 11.7   104    59    1795    (-,-) 
  aitb_g26514/Y                                                -       B->Y    R     NAND2x1_ASAP7_75t_L            2  2.6    58    44    1839    (-,-) 
  aitb_g26493/Y                                                -       B->Y    F     NOR2x1p5_ASAP7_75t_SL          5  3.4    31    20    1859    (-,-) 
  aitb_g26446/Y                                                -       A1->Y   R     AOI21xp5_ASAP7_75t_SL          1  0.9    35    17    1876    (-,-) 
  aitb_PIPE_OUT_col2_stage_reg_reg[0][3]/D                     -       -       R     ASYNC_DFFHx1_ASAP7_75t_SL      1    -     -     0    1876    (-,-) 
#-------------------------------------------------------------------------------------------------------------------------------------------------------



Path 6: MET (9 ps) Setup Check with Pin aitb_PIPE_OUT_col2_stage_reg_reg[0][2]/CLK->D
           View: PVT_0P63V_100C.setup_view
          Group: clk
     Startpoint: (R) aitb_PIPE_cascade_in_col2_stage_reg_reg[0][1]/CLK
          Clock: (R) clk
       Endpoint: (R) aitb_PIPE_OUT_col2_stage_reg_reg[0][2]/D
          Clock: (R) clk

                     Capture       Launch     
        Clock Edge:+    2000            0     
       Src Latency:+       0            0     
       Net Latency:+       0 (I)        0 (I) 
           Arrival:=    2000            0     
                                              
             Setup:-      15                  
       Uncertainty:-     100                  
     Required Time:=    1885                  
      Launch Clock:-       0                  
         Data Path:-    1876                  
             Slack:=       9                  

#-------------------------------------------------------------------------------------------------------------------------------------------------------
#                        Timing Point                          Flags    Arc    Edge           Cell             Fanout Load Trans Delay Arrival Instance 
#                                                                                                                     (fF)  (ps)  (ps)   (ps)  Location 
#-------------------------------------------------------------------------------------------------------------------------------------------------------
  aitb_PIPE_cascade_in_col2_stage_reg_reg[0][1]/CLK            -       -       R     (arrival)                   1147    -     0     0       0    (-,-) 
  aitb_PIPE_cascade_in_col2_stage_reg_reg[0][1]/QN             -       CLK->QN R     ASYNC_DFFHx1_ASAP7_75t_SL      1  0.8    24    48      48    (-,-) 
  aitb_g46925/Y                                                -       B->Y    R     AND2x2_ASAP7_75t_SL            1  1.4    18    21      69    (-,-) 
  aitb_g46773/Y                                                -       B->Y    F     AOI21x1_ASAP7_75t_SL           4  2.8    56    15      84    (-,-) 
  aitb_g46317/Y                                                -       B1->Y   R     OAI22xp5_ASAP7_75t_SL          1  1.4    50    27     111    (-,-) 
  aitb_g46265/Y                                                -       B->Y    F     AOI21x1_ASAP7_75t_SL           2  1.6    26    15     126    (-,-) 
  aitb_g46210/Y                                                -       A->Y    R     NOR3xp33_ASAP7_75t_SL          1  0.8    40    22     148    (-,-) 
  aitb_g46073/Y                                                -       A1->Y   F     O2A1O1Ixp33_ASAP7_75t_SL       1  0.8    29    16     164    (-,-) 
  aitb_g46058/Y                                                -       B->Y    R     NAND2xp5_ASAP7_75t_SL          1  0.8    22    16     180    (-,-) 
  aitb_g46037/Y                                                -       B->Y    R     AND2x2_ASAP7_75t_SL            2  1.7    16    22     202    (-,-) 
  aitb_g46020/Y                                                -       A2->Y   F     OAI21xp5_ASAP7_75t_SL          1  1.5    37    16     218    (-,-) 
  aitb_g45999/Y                                                -       A->Y    F     BUFx6f_ASAP7_75t_SL           11  7.9    17    26     244    (-,-) 
  aitb_g45998/Y                                                -       A->Y    F     BUFx3_ASAP7_75t_SL             7  5.2    18    24     268    (-,-) 
  aitb_g45966/Y                                                -       B1->Y   R     AOI22xp5_ASAP7_75t_SL          3  2.1    53    28     295    (-,-) 
  aitb_g45883/Y                                                -       B->Y    R     AND2x2_ASAP7_75t_SL            2  1.5    16    25     320    (-,-) 
  aitb_g45783/Y                                                -       A->Y    F     NAND3xp33_ASAP7_75t_SL         2  1.7    47    22     342    (-,-) 
  aitb_g45629/Y                                                -       A1->Y   R     OAI21xp5_ASAP7_75t_SL          1  0.8    32    18     359    (-,-) 
  aitb_g45615/Y                                                -       B->Y    R     OR2x4_ASAP7_75t_SL             7 10.6    34    39     398    (-,-) 
  aitb_g45609/Y                                                -       A->Y    F     INVx8_ASAP7_75t_SL             9 10.7    20    12     410    (-,-) 
  aitb_g45590__8246/Y                                          -       A->Y    F     AND2x4_ASAP7_75t_SL           12 10.2    24    30     440    (-,-) 
  aitb_g45545__6783/Y                                          -       A2->Y   F     AO22x1_ASAP7_75t_SL            2  2.0    24    30     470    (-,-) 
  aitb_g45476__5115/Y                                          -       B1->Y   R     AOI22x1_ASAP7_75t_SL           2  2.7    42    22     493    (-,-) 
  aitb_g45436__5115/Y                                          -       A1->Y   F     OAI22x1_ASAP7_75t_SL           2  1.5    30    17     510    (-,-) 
  aitb_g45379__5477/Y                                          -       B1->Y   R     AOI22xp5_ASAP7_75t_SL          1  1.2    41    24     533    (-,-) 
  aitb_g45302__9315/Y                                          -       B->Y    F     XNOR2x2_ASAP7_75t_SL           2  2.0    20    37     570    (-,-) 
  aitb_addinc_FP32_ALU_col2_fracAdder_add_113_18_g1251/Y       -       B->Y    R     NOR2x1_ASAP7_75t_SL            3  2.0    34    16     586    (-,-) 
  aitb_addinc_FP32_ALU_col2_fracAdder_add_113_18_g1223/Y       -       A->Y    F     INVx1_ASAP7_75t_L              1  0.8    16    12     598    (-,-) 
  aitb_addinc_FP32_ALU_col2_fracAdder_add_113_18_g1113/Y       -       A2->Y   R     AOI21xp5_ASAP7_75t_L           3  2.4    63    34     632    (-,-) 
  aitb_addinc_FP32_ALU_col2_fracAdder_add_113_18_g1058/Y       -       A2->Y   F     OAI21xp5_ASAP7_75t_SL          1  0.8    30    16     647    (-,-) 
  aitb_addinc_FP32_ALU_col2_fracAdder_add_113_18_g1047/Y       -       B->Y    R     AOI21xp5_ASAP7_75t_SL          1  0.9    31    19     667    (-,-) 
  aitb_addinc_FP32_ALU_col2_fracAdder_add_113_18_g1025/Y       -       B->Y    R     OA21x2_ASAP7_75t_SL            4  4.8    31    31     698    (-,-) 
  aitb_addinc_FP32_ALU_col2_fracAdder_add_113_18_g1019/Y       -       A->Y    F     INVx4_ASAP7_75t_SL             9  7.6    22    14     712    (-,-) 
  aitb_addinc_FP32_ALU_col2_fracAdder_add_113_18_g1008/Y       -       A2->Y   R     AOI21xp5_ASAP7_75t_L           1  1.3    42    24     736    (-,-) 
  aitb_addinc_FP32_ALU_col2_fracAdder_add_113_18_g995/Y        -       B->Y    R     XOR2xp5_ASAP7_75t_SL           2  2.3    57    37     773    (-,-) 
  aitb_g27961__7098/Y                                          -       D->Y    F     NOR4xp75_ASAP7_75t_SL          1  1.2    30    14     786    (-,-) 
  aitb_g27955__6783/Y                                          -       B->Y    F     AND3x4_ASAP7_75t_SL           10  8.0    25    36     823    (-,-) 
  aitb_g27953__5526/Y                                          -       A2->Y   R     AOI21xp5_ASAP7_75t_L           2  2.6    69    37     860    (-,-) 
  aitb_g27945__1666/Y                                          -       C->Y    F     NAND4xp75_ASAP7_75t_SL         1  1.8    41    19     879    (-,-) 
  aitb_g27943__2883/Y                                          -       B->Y    R     NOR2x1p5_ASAP7_75t_SL          4  4.4    42    24     904    (-,-) 
  aitb_g27942/Y                                                -       A->Y    F     INVx4_ASAP7_75t_SL             7  5.7    22    13     917    (-,-) 
  aitb_g27936__5115/Y                                          -       A2->Y   R     OAI21xp5_ASAP7_75t_SL          1  1.3    36    20     937    (-,-) 
  aitb_g27929__5122/Y                                          -       A->Y    F     NOR2x1_ASAP7_75t_SL            2  2.4    32    21     958    (-,-) 
  aitb_g27927__2802/Y                                          -       C->Y    R     NAND4xp75_ASAP7_75t_SL         5  3.9    42    23     981    (-,-) 
  aitb_g27375__3680/Y                                          -       B->Y    F     NOR2x1_ASAP7_75t_SL            3  3.1    34    24    1005    (-,-) 
  aitb_g27918__5477/Y                                          -       A2->Y   R     AOI21x1_ASAP7_75t_SL           2  2.2    37    20    1024    (-,-) 
  aitb_g27916/Y                                                -       A->Y    F     INVx2_ASAP7_75t_SL             1  0.9    14     7    1031    (-,-) 
  aitb_g27912__2346/Y                                          -       A2->Y   F     OA21x2_ASAP7_75t_SL            3  2.0    16    25    1056    (-,-) 
  aitb_g27905__4733/Y                                          -       B->Y    R     NAND2xp5_ASAP7_75t_SL          1  0.9    26    13    1070    (-,-) 
  aitb_g27903__5115/Y                                          -       A1->Y   F     OAI21xp5_ASAP7_75t_SL          2  2.0    36    21    1091    (-,-) 
  aitb_g27901__6131/Y                                          -       A2->Y   R     AOI21x1_ASAP7_75t_SL           2  1.9    38    19    1110    (-,-) 
  aitb_g27898__8246/Y                                          -       B->Y    F     NOR2x1_ASAP7_75t_SL            1  1.8    25    17    1127    (-,-) 
  aitb_g27897__5122/Y                                          -       A->Y    R     NAND2x1p5_ASAP7_75t_SL         3  2.3    26    18    1144    (-,-) 
  aitb_g27896/Y                                                -       A->Y    F     INVx1_ASAP7_75t_L              1  0.8    14    11    1156    (-,-) 
  aitb_g27890__3680/Y                                          -       B->Y    R     NAND2xp5_ASAP7_75t_SL          1  1.3    30    16    1171    (-,-) 
  aitb_g27877__6417/Y                                          -       A->Y    R     AND2x6_ASAP7_75t_SL           25 26.2    51    41    1212    (-,-) 
  aitb_g27873/Y                                                -       A->Y    F     CKINVDCx16_ASAP7_75t_SL       26 18.7    24    14    1226    (-,-) 
  aitb_g27231__2398/Y                                          -       B1->Y   R     AOI22xp5_ASAP7_75t_SL          2  2.7    68    34    1260    (-,-) 
  aitb_g27815__1617/Y                                          -       A1->Y   F     OAI22x1_ASAP7_75t_SL           5  3.7    49    28    1287    (-,-) 
  g47847/Y                                                     -       A->Y    F     HB1xp67_ASAP7_75t_SRAM         4  4.1    91    92    1379    (-,-) 
  aitb_inc_FP32_ALU_col2_roundingAdder_add_274_18_spec1_g575/Y -       A->Y    R     NAND2x1p5_ASAP7_75t_SL         2  2.3    46    30    1410    (-,-) 
  aitb_inc_FP32_ALU_col2_roundingAdder_add_274_18_spec1_g562/Y -       B->Y    F     NOR2x1p5_ASAP7_75t_SL          2  2.4    24    16    1426    (-,-) 
  aitb_inc_FP32_ALU_col2_roundingAdder_add_274_18_spec1_g559/Y -       B->Y    R     NAND2x1p5_ASAP7_75t_SL         4  3.4    45    19    1445    (-,-) 
  aitb_inc_FP32_ALU_col2_roundingAdder_add_274_18_spec1_g555/Y -       B->Y    F     NOR2x1p5_ASAP7_75t_SL          2  1.8    22    14    1458    (-,-) 
  aitb_inc_FP32_ALU_col2_roundingAdder_add_274_18_spec1_g548/Y -       B->Y    R     NAND2x1_ASAP7_75t_SL           2  2.6    36    21    1480    (-,-) 
  aitb_inc_FP32_ALU_col2_roundingAdder_add_274_18_spec1_g537/Y -       B->Y    F     NOR2x1p5_ASAP7_75t_SL          2  2.4    21    15    1494    (-,-) 
  aitb_inc_FP32_ALU_col2_roundingAdder_add_274_18_spec1_g524/Y -       B->Y    R     NAND2x1p5_ASAP7_75t_SL         2  2.1    22    15    1509    (-,-) 
  aitb_inc_FP32_ALU_col2_roundingAdder_add_274_18_spec1_g509/Y -       B->Y    F     NOR2x1_ASAP7_75t_SL            2  1.4    24    13    1522    (-,-) 
  aitb_inc_FP32_ALU_col2_roundingAdder_add_274_18_spec1_g489/Y -       A->Y    F     AND3x2_ASAP7_75t_SL            2  1.9    14    20    1543    (-,-) 
  aitb_inc_FP32_ALU_col2_roundingAdder_add_274_18_spec1_g483/Y -       B->Y    R     NAND2x1_ASAP7_75t_SL           2  1.9    38    16    1559    (-,-) 
  aitb_inc_FP32_ALU_col2_roundingAdder_add_274_18_spec1_g480/Y -       B->Y    F     NOR2x1_ASAP7_75t_SL            2  1.4    22    15    1574    (-,-) 
  aitb_inc_FP32_ALU_col2_roundingAdder_add_274_18_spec1_g475/Y -       B->Y    F     AND2x2_ASAP7_75t_SL            2  2.6    17    25    1599    (-,-) 
  aitb_inc_FP32_ALU_col2_roundingAdder_add_274_18_spec1_g473/Y -       B->Y    R     NAND2x1p5_ASAP7_75t_SL         3  3.1    39    17    1616    (-,-) 
  aitb_inc_FP32_ALU_col2_roundingAdder_add_274_18_spec1_g471/Y -       B->Y    F     NOR2x1_ASAP7_75t_SL            1  1.2    22    14    1630    (-,-) 
  aitb_inc_FP32_ALU_col2_roundingAdder_add_274_18_spec1_g469/Y -       B->Y    R     XOR2xp5_ASAP7_75t_SL           1  0.8    33    16    1646    (-,-) 
  aitb_g26591/Y                                                -       A1->Y   F     AOI22xp5_ASAP7_75t_SL          2  2.4    63    23    1669    (-,-) 
  aitb_g26568/Y                                                -       A->Y    R     NOR4xp75_ASAP7_75t_SL          1  1.4    50    28    1697    (-,-) 
  aitb_g26555/Y                                                -       A1->Y   F     AOI21x1_ASAP7_75t_SL           2  2.2    33    18    1715    (-,-) 
  aitb_g26549/Y                                                -       A->Y    R     INVx2_ASAP7_75t_SL             9  4.9    32    21    1736    (-,-) 
  aitb_g26538/Y                                                -       B->Y    F     NOR2x1_ASAP7_75t_L            17 11.7   104    59    1795    (-,-) 
  aitb_g26514/Y                                                -       B->Y    R     NAND2x1_ASAP7_75t_L            2  2.6    58    44    1839    (-,-) 
  aitb_g26493/Y                                                -       B->Y    F     NOR2x1p5_ASAP7_75t_SL          5  3.4    31    20    1859    (-,-) 
  aitb_g26445/Y                                                -       A1->Y   R     AOI21xp5_ASAP7_75t_SL          1  0.9    35    17    1876    (-,-) 
  aitb_PIPE_OUT_col2_stage_reg_reg[0][2]/D                     -       -       R     ASYNC_DFFHx1_ASAP7_75t_SL      1    -     -     0    1876    (-,-) 
#-------------------------------------------------------------------------------------------------------------------------------------------------------



Path 7: MET (9 ps) Setup Check with Pin aitb_PIPE_OUT_col2_stage_reg_reg[0][1]/CLK->D
           View: PVT_0P63V_100C.setup_view
          Group: clk
     Startpoint: (R) aitb_PIPE_cascade_in_col2_stage_reg_reg[0][1]/CLK
          Clock: (R) clk
       Endpoint: (R) aitb_PIPE_OUT_col2_stage_reg_reg[0][1]/D
          Clock: (R) clk

                     Capture       Launch     
        Clock Edge:+    2000            0     
       Src Latency:+       0            0     
       Net Latency:+       0 (I)        0 (I) 
           Arrival:=    2000            0     
                                              
             Setup:-      15                  
       Uncertainty:-     100                  
     Required Time:=    1885                  
      Launch Clock:-       0                  
         Data Path:-    1876                  
             Slack:=       9                  

#-------------------------------------------------------------------------------------------------------------------------------------------------------
#                        Timing Point                          Flags    Arc    Edge           Cell             Fanout Load Trans Delay Arrival Instance 
#                                                                                                                     (fF)  (ps)  (ps)   (ps)  Location 
#-------------------------------------------------------------------------------------------------------------------------------------------------------
  aitb_PIPE_cascade_in_col2_stage_reg_reg[0][1]/CLK            -       -       R     (arrival)                   1147    -     0     0       0    (-,-) 
  aitb_PIPE_cascade_in_col2_stage_reg_reg[0][1]/QN             -       CLK->QN R     ASYNC_DFFHx1_ASAP7_75t_SL      1  0.8    24    48      48    (-,-) 
  aitb_g46925/Y                                                -       B->Y    R     AND2x2_ASAP7_75t_SL            1  1.4    18    21      69    (-,-) 
  aitb_g46773/Y                                                -       B->Y    F     AOI21x1_ASAP7_75t_SL           4  2.8    56    15      84    (-,-) 
  aitb_g46317/Y                                                -       B1->Y   R     OAI22xp5_ASAP7_75t_SL          1  1.4    50    27     111    (-,-) 
  aitb_g46265/Y                                                -       B->Y    F     AOI21x1_ASAP7_75t_SL           2  1.6    26    15     126    (-,-) 
  aitb_g46210/Y                                                -       A->Y    R     NOR3xp33_ASAP7_75t_SL          1  0.8    40    22     148    (-,-) 
  aitb_g46073/Y                                                -       A1->Y   F     O2A1O1Ixp33_ASAP7_75t_SL       1  0.8    29    16     164    (-,-) 
  aitb_g46058/Y                                                -       B->Y    R     NAND2xp5_ASAP7_75t_SL          1  0.8    22    16     180    (-,-) 
  aitb_g46037/Y                                                -       B->Y    R     AND2x2_ASAP7_75t_SL            2  1.7    16    22     202    (-,-) 
  aitb_g46020/Y                                                -       A2->Y   F     OAI21xp5_ASAP7_75t_SL          1  1.5    37    16     218    (-,-) 
  aitb_g45999/Y                                                -       A->Y    F     BUFx6f_ASAP7_75t_SL           11  7.9    17    26     244    (-,-) 
  aitb_g45998/Y                                                -       A->Y    F     BUFx3_ASAP7_75t_SL             7  5.2    18    24     268    (-,-) 
  aitb_g45966/Y                                                -       B1->Y   R     AOI22xp5_ASAP7_75t_SL          3  2.1    53    28     295    (-,-) 
  aitb_g45883/Y                                                -       B->Y    R     AND2x2_ASAP7_75t_SL            2  1.5    16    25     320    (-,-) 
  aitb_g45783/Y                                                -       A->Y    F     NAND3xp33_ASAP7_75t_SL         2  1.7    47    22     342    (-,-) 
  aitb_g45629/Y                                                -       A1->Y   R     OAI21xp5_ASAP7_75t_SL          1  0.8    32    18     359    (-,-) 
  aitb_g45615/Y                                                -       B->Y    R     OR2x4_ASAP7_75t_SL             7 10.6    34    39     398    (-,-) 
  aitb_g45609/Y                                                -       A->Y    F     INVx8_ASAP7_75t_SL             9 10.7    20    12     410    (-,-) 
  aitb_g45590__8246/Y                                          -       A->Y    F     AND2x4_ASAP7_75t_SL           12 10.2    24    30     440    (-,-) 
  aitb_g45545__6783/Y                                          -       A2->Y   F     AO22x1_ASAP7_75t_SL            2  2.0    24    30     470    (-,-) 
  aitb_g45476__5115/Y                                          -       B1->Y   R     AOI22x1_ASAP7_75t_SL           2  2.7    42    22     493    (-,-) 
  aitb_g45436__5115/Y                                          -       A1->Y   F     OAI22x1_ASAP7_75t_SL           2  1.5    30    17     510    (-,-) 
  aitb_g45379__5477/Y                                          -       B1->Y   R     AOI22xp5_ASAP7_75t_SL          1  1.2    41    24     533    (-,-) 
  aitb_g45302__9315/Y                                          -       B->Y    F     XNOR2x2_ASAP7_75t_SL           2  2.0    20    37     570    (-,-) 
  aitb_addinc_FP32_ALU_col2_fracAdder_add_113_18_g1251/Y       -       B->Y    R     NOR2x1_ASAP7_75t_SL            3  2.0    34    16     586    (-,-) 
  aitb_addinc_FP32_ALU_col2_fracAdder_add_113_18_g1223/Y       -       A->Y    F     INVx1_ASAP7_75t_L              1  0.8    16    12     598    (-,-) 
  aitb_addinc_FP32_ALU_col2_fracAdder_add_113_18_g1113/Y       -       A2->Y   R     AOI21xp5_ASAP7_75t_L           3  2.4    63    34     632    (-,-) 
  aitb_addinc_FP32_ALU_col2_fracAdder_add_113_18_g1058/Y       -       A2->Y   F     OAI21xp5_ASAP7_75t_SL          1  0.8    30    16     647    (-,-) 
  aitb_addinc_FP32_ALU_col2_fracAdder_add_113_18_g1047/Y       -       B->Y    R     AOI21xp5_ASAP7_75t_SL          1  0.9    31    19     667    (-,-) 
  aitb_addinc_FP32_ALU_col2_fracAdder_add_113_18_g1025/Y       -       B->Y    R     OA21x2_ASAP7_75t_SL            4  4.8    31    31     698    (-,-) 
  aitb_addinc_FP32_ALU_col2_fracAdder_add_113_18_g1019/Y       -       A->Y    F     INVx4_ASAP7_75t_SL             9  7.6    22    14     712    (-,-) 
  aitb_addinc_FP32_ALU_col2_fracAdder_add_113_18_g1008/Y       -       A2->Y   R     AOI21xp5_ASAP7_75t_L           1  1.3    42    24     736    (-,-) 
  aitb_addinc_FP32_ALU_col2_fracAdder_add_113_18_g995/Y        -       B->Y    R     XOR2xp5_ASAP7_75t_SL           2  2.3    57    37     773    (-,-) 
  aitb_g27961__7098/Y                                          -       D->Y    F     NOR4xp75_ASAP7_75t_SL          1  1.2    30    14     786    (-,-) 
  aitb_g27955__6783/Y                                          -       B->Y    F     AND3x4_ASAP7_75t_SL           10  8.0    25    36     823    (-,-) 
  aitb_g27953__5526/Y                                          -       A2->Y   R     AOI21xp5_ASAP7_75t_L           2  2.6    69    37     860    (-,-) 
  aitb_g27945__1666/Y                                          -       C->Y    F     NAND4xp75_ASAP7_75t_SL         1  1.8    41    19     879    (-,-) 
  aitb_g27943__2883/Y                                          -       B->Y    R     NOR2x1p5_ASAP7_75t_SL          4  4.4    42    24     904    (-,-) 
  aitb_g27942/Y                                                -       A->Y    F     INVx4_ASAP7_75t_SL             7  5.7    22    13     917    (-,-) 
  aitb_g27936__5115/Y                                          -       A2->Y   R     OAI21xp5_ASAP7_75t_SL          1  1.3    36    20     937    (-,-) 
  aitb_g27929__5122/Y                                          -       A->Y    F     NOR2x1_ASAP7_75t_SL            2  2.4    32    21     958    (-,-) 
  aitb_g27927__2802/Y                                          -       C->Y    R     NAND4xp75_ASAP7_75t_SL         5  3.9    42    23     981    (-,-) 
  aitb_g27375__3680/Y                                          -       B->Y    F     NOR2x1_ASAP7_75t_SL            3  3.1    34    24    1005    (-,-) 
  aitb_g27918__5477/Y                                          -       A2->Y   R     AOI21x1_ASAP7_75t_SL           2  2.2    37    20    1024    (-,-) 
  aitb_g27916/Y                                                -       A->Y    F     INVx2_ASAP7_75t_SL             1  0.9    14     7    1031    (-,-) 
  aitb_g27912__2346/Y                                          -       A2->Y   F     OA21x2_ASAP7_75t_SL            3  2.0    16    25    1056    (-,-) 
  aitb_g27905__4733/Y                                          -       B->Y    R     NAND2xp5_ASAP7_75t_SL          1  0.9    26    13    1070    (-,-) 
  aitb_g27903__5115/Y                                          -       A1->Y   F     OAI21xp5_ASAP7_75t_SL          2  2.0    36    21    1091    (-,-) 
  aitb_g27901__6131/Y                                          -       A2->Y   R     AOI21x1_ASAP7_75t_SL           2  1.9    38    19    1110    (-,-) 
  aitb_g27898__8246/Y                                          -       B->Y    F     NOR2x1_ASAP7_75t_SL            1  1.8    25    17    1127    (-,-) 
  aitb_g27897__5122/Y                                          -       A->Y    R     NAND2x1p5_ASAP7_75t_SL         3  2.3    26    18    1144    (-,-) 
  aitb_g27896/Y                                                -       A->Y    F     INVx1_ASAP7_75t_L              1  0.8    14    11    1156    (-,-) 
  aitb_g27890__3680/Y                                          -       B->Y    R     NAND2xp5_ASAP7_75t_SL          1  1.3    30    16    1171    (-,-) 
  aitb_g27877__6417/Y                                          -       A->Y    R     AND2x6_ASAP7_75t_SL           25 26.2    51    41    1212    (-,-) 
  aitb_g27873/Y                                                -       A->Y    F     CKINVDCx16_ASAP7_75t_SL       26 18.7    24    14    1226    (-,-) 
  aitb_g27231__2398/Y                                          -       B1->Y   R     AOI22xp5_ASAP7_75t_SL          2  2.7    68    34    1260    (-,-) 
  aitb_g27815__1617/Y                                          -       A1->Y   F     OAI22x1_ASAP7_75t_SL           5  3.7    49    28    1287    (-,-) 
  g47847/Y                                                     -       A->Y    F     HB1xp67_ASAP7_75t_SRAM         4  4.1    91    92    1379    (-,-) 
  aitb_inc_FP32_ALU_col2_roundingAdder_add_274_18_spec1_g575/Y -       A->Y    R     NAND2x1p5_ASAP7_75t_SL         2  2.3    46    30    1410    (-,-) 
  aitb_inc_FP32_ALU_col2_roundingAdder_add_274_18_spec1_g562/Y -       B->Y    F     NOR2x1p5_ASAP7_75t_SL          2  2.4    24    16    1426    (-,-) 
  aitb_inc_FP32_ALU_col2_roundingAdder_add_274_18_spec1_g559/Y -       B->Y    R     NAND2x1p5_ASAP7_75t_SL         4  3.4    45    19    1445    (-,-) 
  aitb_inc_FP32_ALU_col2_roundingAdder_add_274_18_spec1_g555/Y -       B->Y    F     NOR2x1p5_ASAP7_75t_SL          2  1.8    22    14    1458    (-,-) 
  aitb_inc_FP32_ALU_col2_roundingAdder_add_274_18_spec1_g548/Y -       B->Y    R     NAND2x1_ASAP7_75t_SL           2  2.6    36    21    1480    (-,-) 
  aitb_inc_FP32_ALU_col2_roundingAdder_add_274_18_spec1_g537/Y -       B->Y    F     NOR2x1p5_ASAP7_75t_SL          2  2.4    21    15    1494    (-,-) 
  aitb_inc_FP32_ALU_col2_roundingAdder_add_274_18_spec1_g524/Y -       B->Y    R     NAND2x1p5_ASAP7_75t_SL         2  2.1    22    15    1509    (-,-) 
  aitb_inc_FP32_ALU_col2_roundingAdder_add_274_18_spec1_g509/Y -       B->Y    F     NOR2x1_ASAP7_75t_SL            2  1.4    24    13    1522    (-,-) 
  aitb_inc_FP32_ALU_col2_roundingAdder_add_274_18_spec1_g489/Y -       A->Y    F     AND3x2_ASAP7_75t_SL            2  1.9    14    20    1543    (-,-) 
  aitb_inc_FP32_ALU_col2_roundingAdder_add_274_18_spec1_g483/Y -       B->Y    R     NAND2x1_ASAP7_75t_SL           2  1.9    38    16    1559    (-,-) 
  aitb_inc_FP32_ALU_col2_roundingAdder_add_274_18_spec1_g480/Y -       B->Y    F     NOR2x1_ASAP7_75t_SL            2  1.4    22    15    1574    (-,-) 
  aitb_inc_FP32_ALU_col2_roundingAdder_add_274_18_spec1_g475/Y -       B->Y    F     AND2x2_ASAP7_75t_SL            2  2.6    17    25    1599    (-,-) 
  aitb_inc_FP32_ALU_col2_roundingAdder_add_274_18_spec1_g473/Y -       B->Y    R     NAND2x1p5_ASAP7_75t_SL         3  3.1    39    17    1616    (-,-) 
  aitb_inc_FP32_ALU_col2_roundingAdder_add_274_18_spec1_g471/Y -       B->Y    F     NOR2x1_ASAP7_75t_SL            1  1.2    22    14    1630    (-,-) 
  aitb_inc_FP32_ALU_col2_roundingAdder_add_274_18_spec1_g469/Y -       B->Y    R     XOR2xp5_ASAP7_75t_SL           1  0.8    33    16    1646    (-,-) 
  aitb_g26591/Y                                                -       A1->Y   F     AOI22xp5_ASAP7_75t_SL          2  2.4    63    23    1669    (-,-) 
  aitb_g26568/Y                                                -       A->Y    R     NOR4xp75_ASAP7_75t_SL          1  1.4    50    28    1697    (-,-) 
  aitb_g26555/Y                                                -       A1->Y   F     AOI21x1_ASAP7_75t_SL           2  2.2    33    18    1715    (-,-) 
  aitb_g26549/Y                                                -       A->Y    R     INVx2_ASAP7_75t_SL             9  4.9    32    21    1736    (-,-) 
  aitb_g26538/Y                                                -       B->Y    F     NOR2x1_ASAP7_75t_L            17 11.7   104    59    1795    (-,-) 
  aitb_g26514/Y                                                -       B->Y    R     NAND2x1_ASAP7_75t_L            2  2.6    58    44    1839    (-,-) 
  aitb_g26493/Y                                                -       B->Y    F     NOR2x1p5_ASAP7_75t_SL          5  3.4    31    20    1859    (-,-) 
  aitb_g26444/Y                                                -       A1->Y   R     AOI21xp5_ASAP7_75t_SL          1  0.9    35    17    1876    (-,-) 
  aitb_PIPE_OUT_col2_stage_reg_reg[0][1]/D                     -       -       R     ASYNC_DFFHx1_ASAP7_75t_SL      1    -     -     0    1876    (-,-) 
#-------------------------------------------------------------------------------------------------------------------------------------------------------



Path 8: MET (19 ps) Setup Check with Pin aitb_PIPE_OUT_col1_stage_reg_reg[0][3]/CLK->D
           View: PVT_0P63V_100C.setup_view
          Group: clk
     Startpoint: (R) aitb_PIPE_cascade_in_col1_stage_reg_reg[0][12]/CLK
          Clock: (R) clk
       Endpoint: (R) aitb_PIPE_OUT_col1_stage_reg_reg[0][3]/D
          Clock: (R) clk

                     Capture       Launch     
        Clock Edge:+    2000            0     
       Src Latency:+       0            0     
       Net Latency:+       0 (I)        0 (I) 
           Arrival:=    2000            0     
                                              
             Setup:-      14                  
       Uncertainty:-     100                  
     Required Time:=    1886                  
      Launch Clock:-       0                  
         Data Path:-    1867                  
             Slack:=      19                  

#-------------------------------------------------------------------------------------------------------------------------------------------------------
#                        Timing Point                          Flags    Arc    Edge           Cell             Fanout Load Trans Delay Arrival Instance 
#                                                                                                                     (fF)  (ps)  (ps)   (ps)  Location 
#-------------------------------------------------------------------------------------------------------------------------------------------------------
  aitb_PIPE_cascade_in_col1_stage_reg_reg[0][12]/CLK           -       -       R     (arrival)                   1147    -     0     0       0    (-,-) 
  aitb_PIPE_cascade_in_col1_stage_reg_reg[0][12]/QN            -       CLK->QN R     ASYNC_DFFHx1_ASAP7_75t_SL      1  0.8    24    48      48    (-,-) 
  aitb_g46931/Y                                                -       B->Y    F     NAND2xp5_ASAP7_75t_SL          2  1.7    52    18      65    (-,-) 
  aitb_g46899/Y                                                -       A->Y    R     INVx1_ASAP7_75t_SL             1  0.8    24    14      80    (-,-) 
  aitb_g46883/Y                                                -       B->Y    F     AOI21xp5_ASAP7_75t_L           3  2.0    61    23     102    (-,-) 
  aitb_g46107/Y                                                -       B->Y    F     AND2x2_ASAP7_75t_SL            1  0.9    13    28     131    (-,-) 
  aitb_g46060/Y                                                -       A->Y    R     MAJIxp5_ASAP7_75t_SL           1  0.8    42    16     147    (-,-) 
  aitb_g46030/Y                                                -       B1->Y   F     OAI321xp33_ASAP7_75t_SL        1  0.8    40    22     169    (-,-) 
  aitb_g45975/Y                                                -       B->Y    R     AOI21xp5_ASAP7_75t_SL          1  0.8    32    20     189    (-,-) 
  aitb_g45865/Y                                                -       C->Y    F     OAI211xp5_ASAP7_75t_SL         1  1.3    45    19     208    (-,-) 
  aitb_g45849/Y                                                -       A2->Y   R     AOI21x1_ASAP7_75t_SL           1  2.6    41    23     231    (-,-) 
  aitb_g45846/Y                                                -       A->Y    R     BUFx12f_ASAP7_75t_SL          30 22.5    27    28     259    (-,-) 
  aitb_g45792/Y                                                -       A->Y    F     INVx3_ASAP7_75t_SL             4  3.5    16    10     269    (-,-) 
  aitb_g45789/Y                                                -       A->Y    R     INVx2_ASAP7_75t_SL             4  3.1    20    13     282    (-,-) 
  aitb_g45695/Y                                                -       A2->Y   F     OAI21xp5_ASAP7_75t_SL          1  1.3    29    16     297    (-,-) 
  aitb_g45602/Y                                                -       A2->Y   R     AOI21x1_ASAP7_75t_SL           2  2.5    41    20     317    (-,-) 
  aitb_g45563__4733/Y                                          -       A->Y    F     NAND2x1p5_ASAP7_75t_SL         2  1.6    18     9     326    (-,-) 
  aitb_g45536__2398/Y                                          -       B->Y    F     OR2x2_ASAP7_75t_SL             2  2.7    19    27     353    (-,-) 
  aitb_g45523/Y                                                -       A->Y    R     INVx2_ASAP7_75t_SL             1  1.4    13     9     362    (-,-) 
  aitb_g45467__3680/Y                                          -       A1->Y   F     AOI21x1_ASAP7_75t_SL           1  1.8    22    12     374    (-,-) 
  aitb_g45451__1666/Y                                          -       A->Y    R     NAND2x1p5_ASAP7_75t_SL         2  2.1    25    16     390    (-,-) 
  aitb_g45442/Y                                                -       A->Y    F     INVx1_ASAP7_75t_SL             2  2.1    22    14     405    (-,-) 
  aitb_g45424__8428/Y                                          -       B->Y    F     AND2x4_ASAP7_75t_SL            9  8.5    22    27     432    (-,-) 
  aitb_g45359__1617/Y                                          -       A2->Y   F     AO22x1_ASAP7_75t_SL            2  2.1    24    30     462    (-,-) 
  aitb_g45287__3680/Y                                          -       B1->Y   R     AOI22xp5_ASAP7_75t_SL          2  2.1    55    29     492    (-,-) 
  aitb_g45226__1705/Y                                          -       A1->Y   F     OAI22x1_ASAP7_75t_SL           2  2.5    43    22     513    (-,-) 
  aitb_g45199__7098/Y                                          -       B1->Y   R     AOI22x1_ASAP7_75t_SL           1  1.3    34    20     533    (-,-) 
  aitb_g45173__7482/Y                                          -       B->Y    R     XOR2xp5_ASAP7_75t_SL           2  1.3    54    29     561    (-,-) 
  aitb_addinc_FP32_ALU_col1_fracAdder_add_113_18_g1237/Y       -       B->Y    F     NOR2xp33_ASAP7_75t_SL          3  2.5    75    42     603    (-,-) 
  aitb_addinc_FP32_ALU_col1_fracAdder_add_113_18_g1140/Y       -       A2->Y   R     OAI21xp5_ASAP7_75t_SL          1  0.8    41    24     628    (-,-) 
  aitb_addinc_FP32_ALU_col1_fracAdder_add_113_18_g1085/Y       -       B->Y    F     AOI21xp5_ASAP7_75t_SL          1  0.9    28    15     643    (-,-) 
  aitb_addinc_FP32_ALU_col1_fracAdder_add_113_18_g1077/Y       -       B->Y    F     OA21x2_ASAP7_75t_SL            3  2.9    19    24     668    (-,-) 
  aitb_addinc_FP32_ALU_col1_fracAdder_add_113_18_g1075/Y       -       A->Y    F     BUFx3_ASAP7_75t_SL             5  3.9    16    23     690    (-,-) 
  aitb_addinc_FP32_ALU_col1_fracAdder_add_113_18_g1050/Y       -       A2->Y   R     OAI21xp5_ASAP7_75t_SL          1  1.3    33    19     710    (-,-) 
  aitb_addinc_FP32_ALU_col1_fracAdder_add_113_18_g1040/Y       -       B->Y    F     XOR2xp5_ASAP7_75t_SL           2  1.4    36    19     729    (-,-) 
  aitb_g27383__4319/Y                                          -       A->Y    F     OR3x1_ASAP7_75t_SL             1  1.8    22    36     764    (-,-) 
  aitb_g27380__5107/Y                                          -       D->Y    R     NOR4xp75_ASAP7_75t_SL          1  1.3    46    23     788    (-,-) 
  aitb_g27379__2398/Y                                          -       C->Y    R     AND3x4_ASAP7_75t_SL            9  9.8    34    36     824    (-,-) 
  aitb_g27373__6417/Y                                          -       A2->Y   F     AOI21x1_ASAP7_75t_SL           2  2.3    35    14     838    (-,-) 
  aitb_g27361__4733/Y                                          -       D->Y    R     NAND4xp75_ASAP7_75t_L          1  1.8    31    23     861    (-,-) 
  aitb_g27359__5115/Y                                          -       B->Y    F     NOR2x1p5_ASAP7_75t_SL          5  4.5    31    20     880    (-,-) 
  aitb_g27358/Y                                                -       A->Y    R     INVx3_ASAP7_75t_SL             6  5.1    26    17     897    (-,-) 
  aitb_g27350__2802/Y                                          -       A2->Y   F     OAI21xp5_ASAP7_75t_SL          1  1.4    32    17     914    (-,-) 
  aitb_g27347__6783/Y                                          -       B->Y    R     AOI21x1_ASAP7_75t_SL           2  2.4    40    22     937    (-,-) 
  aitb_g27340__4319/Y                                          -       B->Y    F     NAND4xp75_ASAP7_75t_SL         5  3.7    49    26     962    (-,-) 
  aitb_g27335__5107/Y                                          -       B->Y    R     NOR2xp33_ASAP7_75t_SL          1  1.2    50    28     991    (-,-) 
  aitb_g27329__2346/Y                                          -       C->Y    R     AO211x2_ASAP7_75t_SL           2  2.3    22    32    1023    (-,-) 
  aitb_g27326/Y                                                -       A->Y    F     INVx2_ASAP7_75t_SL             1  1.3    11     7    1030    (-,-) 
  aitb_g27323__9315/Y                                          -       A->Y    F     AND2x4_ASAP7_75t_SL            5  3.9    14    21    1051    (-,-) 
  aitb_g27314__5115/Y                                          -       A2->Y   R     AOI21xp5_ASAP7_75t_L           1  1.8    52    27    1078    (-,-) 
  aitb_g27310__8246/Y                                          -       A->Y    F     NAND2x1p5_ASAP7_75t_SL         2  2.5    25    11    1089    (-,-) 
  aitb_g27309__5122/Y                                          -       A2->Y   R     AOI21x1_ASAP7_75t_SL           1  1.6    30    16    1105    (-,-) 
  aitb_g27307__2802/Y                                          -       B->Y    F     NOR3x1_ASAP7_75t_SL            2  1.9    30    20    1126    (-,-) 
  aitb_g27303__3680/Y                                          -       B->Y    F     AND2x4_ASAP7_75t_SL            9  7.6    20    28    1154    (-,-) 
  aitb_g27302/Y                                                -       A->Y    R     INVx2_ASAP7_75t_SL             2  2.2    17    12    1165    (-,-) 
  aitb_g27292__7410/Y                                          -       A2->Y   R     AO22x2_ASAP7_75t_SL            3  2.3    20    26    1191    (-,-) 
  aitb_g27245/Y                                                -       A->Y    R     BUFx8_ASAP7_75t_SL            21 19.1    32    33    1224    (-,-) 
  aitb_g27244/Y                                                -       A->Y    F     INVx5_ASAP7_75t_SL            19 14.0    29    18    1243    (-,-) 
  aitb_g27095__8246/Y                                          -       A1->Y   R     AOI22xp5_ASAP7_75t_SL          2  2.0    52    28    1270    (-,-) 
  aitb_g27056__6131/Y                                          -       B2->Y   F     OAI22x1_ASAP7_75t_SL           4  2.5    35    17    1287    (-,-) 
  g47850/Y                                                     -       A->Y    F     HB1xp67_ASAP7_75t_SRAM         2  2.6    61    71    1359    (-,-) 
  aitb_inc_FP32_ALU_col1_roundingAdder_add_274_18_spec1_g561/Y -       A->Y    R     NAND2x1p5_ASAP7_75t_SL         2  2.3    37    25    1384    (-,-) 
  aitb_inc_FP32_ALU_col1_roundingAdder_add_274_18_spec1_g558/Y -       B->Y    F     NOR2x1p5_ASAP7_75t_SL          2  1.6    19    12    1396    (-,-) 
  aitb_inc_FP32_ALU_col1_roundingAdder_add_274_18_spec1_g556/Y -       B->Y    R     NAND2xp5_ASAP7_75t_SL          2  1.3    44    17    1413    (-,-) 
  aitb_inc_FP32_ALU_col1_roundingAdder_add_274_18_spec1_g552/Y -       B->Y    R     OR2x2_ASAP7_75t_SL             2  2.6    20    27    1440    (-,-) 
  aitb_inc_FP32_ALU_col1_roundingAdder_add_274_18_spec1_g549/Y -       B->Y    F     NOR2x1p5_ASAP7_75t_SL          2  2.4    26    13    1453    (-,-) 
  aitb_inc_FP32_ALU_col1_roundingAdder_add_274_18_spec1_g542/Y -       B->Y    R     NAND2x1p5_ASAP7_75t_SL         2  2.3    23    16    1469    (-,-) 
  aitb_inc_FP32_ALU_col1_roundingAdder_add_274_18_spec1_g534/Y -       B->Y    F     NOR2x1p5_ASAP7_75t_SL          2  2.4    24    13    1482    (-,-) 
  aitb_inc_FP32_ALU_col1_roundingAdder_add_274_18_spec1_g523/Y -       B->Y    R     NAND2x1p5_ASAP7_75t_SL         2  2.6    29    17    1499    (-,-) 
  aitb_inc_FP32_ALU_col1_roundingAdder_add_274_18_spec1_g509/Y -       B->Y    F     NOR2x1p5_ASAP7_75t_SL          2  1.4    20    11    1510    (-,-) 
  aitb_inc_FP32_ALU_col1_roundingAdder_add_274_18_spec1_g489/Y -       A->Y    F     AND3x2_ASAP7_75t_SL            2  1.9    14    20    1529    (-,-) 
  aitb_inc_FP32_ALU_col1_roundingAdder_add_274_18_spec1_g483/Y -       B->Y    F     AND2x4_ASAP7_75t_SL            2  2.6    14    19    1549    (-,-) 
  aitb_inc_FP32_ALU_col1_roundingAdder_add_274_18_spec1_g481/Y -       B->Y    R     NAND2x1p5_ASAP7_75t_SL         3  3.7    33    17    1566    (-,-) 
  aitb_inc_FP32_ALU_col1_roundingAdder_add_274_18_spec1_g478/Y -       B->Y    F     NOR2x1p5_ASAP7_75t_SL          2  1.8    19    13    1578    (-,-) 
  aitb_inc_FP32_ALU_col1_roundingAdder_add_274_18_spec1_g475/Y -       B->Y    F     AND2x4_ASAP7_75t_SL            3  3.5    15    22    1600    (-,-) 
  aitb_inc_FP32_ALU_col1_roundingAdder_add_274_18_spec1_g471/Y -       B->Y    R     NAND2x1_ASAP7_75t_SL           1  1.2    32    13    1614    (-,-) 
  aitb_inc_FP32_ALU_col1_roundingAdder_add_274_18_spec1_g469/Y -       B->Y    R     XNOR2xp5_ASAP7_75t_SL          1  0.8    34    20    1633    (-,-) 
  aitb_g26574/Y                                                -       A1->Y   F     AOI22xp5_ASAP7_75t_SL          2  1.5    38    18    1650    (-,-) 
  aitb_g26566/Y                                                -       A->Y    R     NOR4xp25_ASAP7_75t_SL          1  1.4    77    40    1690    (-,-) 
  aitb_g26559/Y                                                -       A1->Y   F     AOI21x1_ASAP7_75t_SL          10  7.2    69    40    1730    (-,-) 
  aitb_g26556/Y                                                -       B->Y    R     NAND2xp5_ASAP7_75t_L           2  2.0    53    38    1768    (-,-) 
  aitb_g26537/Y                                                -       B->Y    F     NOR2xp33_ASAP7_75t_SL          3  2.1    60    38    1806    (-,-) 
  aitb_g26515/Y                                                -       B->Y    F     AND2x2_ASAP7_75t_L             5  3.4    22    41    1847    (-,-) 
  aitb_g26469/Y                                                -       A2->Y   R     AOI21xp5_ASAP7_75t_L           1  0.9    32    20    1867    (-,-) 
  aitb_PIPE_OUT_col1_stage_reg_reg[0][3]/D                     -       -       R     ASYNC_DFFHx1_ASAP7_75t_SL      1    -     -     0    1867    (-,-) 
#-------------------------------------------------------------------------------------------------------------------------------------------------------



Path 9: MET (19 ps) Setup Check with Pin aitb_PIPE_OUT_col1_stage_reg_reg[0][1]/CLK->D
           View: PVT_0P63V_100C.setup_view
          Group: clk
     Startpoint: (R) aitb_PIPE_cascade_in_col1_stage_reg_reg[0][12]/CLK
          Clock: (R) clk
       Endpoint: (R) aitb_PIPE_OUT_col1_stage_reg_reg[0][1]/D
          Clock: (R) clk

                     Capture       Launch     
        Clock Edge:+    2000            0     
       Src Latency:+       0            0     
       Net Latency:+       0 (I)        0 (I) 
           Arrival:=    2000            0     
                                              
             Setup:-      14                  
       Uncertainty:-     100                  
     Required Time:=    1886                  
      Launch Clock:-       0                  
         Data Path:-    1867                  
             Slack:=      19                  

#-------------------------------------------------------------------------------------------------------------------------------------------------------
#                        Timing Point                          Flags    Arc    Edge           Cell             Fanout Load Trans Delay Arrival Instance 
#                                                                                                                     (fF)  (ps)  (ps)   (ps)  Location 
#-------------------------------------------------------------------------------------------------------------------------------------------------------
  aitb_PIPE_cascade_in_col1_stage_reg_reg[0][12]/CLK           -       -       R     (arrival)                   1147    -     0     0       0    (-,-) 
  aitb_PIPE_cascade_in_col1_stage_reg_reg[0][12]/QN            -       CLK->QN R     ASYNC_DFFHx1_ASAP7_75t_SL      1  0.8    24    48      48    (-,-) 
  aitb_g46931/Y                                                -       B->Y    F     NAND2xp5_ASAP7_75t_SL          2  1.7    52    18      65    (-,-) 
  aitb_g46899/Y                                                -       A->Y    R     INVx1_ASAP7_75t_SL             1  0.8    24    14      80    (-,-) 
  aitb_g46883/Y                                                -       B->Y    F     AOI21xp5_ASAP7_75t_L           3  2.0    61    23     102    (-,-) 
  aitb_g46107/Y                                                -       B->Y    F     AND2x2_ASAP7_75t_SL            1  0.9    13    28     131    (-,-) 
  aitb_g46060/Y                                                -       A->Y    R     MAJIxp5_ASAP7_75t_SL           1  0.8    42    16     147    (-,-) 
  aitb_g46030/Y                                                -       B1->Y   F     OAI321xp33_ASAP7_75t_SL        1  0.8    40    22     169    (-,-) 
  aitb_g45975/Y                                                -       B->Y    R     AOI21xp5_ASAP7_75t_SL          1  0.8    32    20     189    (-,-) 
  aitb_g45865/Y                                                -       C->Y    F     OAI211xp5_ASAP7_75t_SL         1  1.3    45    19     208    (-,-) 
  aitb_g45849/Y                                                -       A2->Y   R     AOI21x1_ASAP7_75t_SL           1  2.6    41    23     231    (-,-) 
  aitb_g45846/Y                                                -       A->Y    R     BUFx12f_ASAP7_75t_SL          30 22.5    27    28     259    (-,-) 
  aitb_g45792/Y                                                -       A->Y    F     INVx3_ASAP7_75t_SL             4  3.5    16    10     269    (-,-) 
  aitb_g45789/Y                                                -       A->Y    R     INVx2_ASAP7_75t_SL             4  3.1    20    13     282    (-,-) 
  aitb_g45695/Y                                                -       A2->Y   F     OAI21xp5_ASAP7_75t_SL          1  1.3    29    16     297    (-,-) 
  aitb_g45602/Y                                                -       A2->Y   R     AOI21x1_ASAP7_75t_SL           2  2.5    41    20     317    (-,-) 
  aitb_g45563__4733/Y                                          -       A->Y    F     NAND2x1p5_ASAP7_75t_SL         2  1.6    18     9     326    (-,-) 
  aitb_g45536__2398/Y                                          -       B->Y    F     OR2x2_ASAP7_75t_SL             2  2.7    19    27     353    (-,-) 
  aitb_g45523/Y                                                -       A->Y    R     INVx2_ASAP7_75t_SL             1  1.4    13     9     362    (-,-) 
  aitb_g45467__3680/Y                                          -       A1->Y   F     AOI21x1_ASAP7_75t_SL           1  1.8    22    12     374    (-,-) 
  aitb_g45451__1666/Y                                          -       A->Y    R     NAND2x1p5_ASAP7_75t_SL         2  2.1    25    16     390    (-,-) 
  aitb_g45442/Y                                                -       A->Y    F     INVx1_ASAP7_75t_SL             2  2.1    22    14     405    (-,-) 
  aitb_g45424__8428/Y                                          -       B->Y    F     AND2x4_ASAP7_75t_SL            9  8.5    22    27     432    (-,-) 
  aitb_g45359__1617/Y                                          -       A2->Y   F     AO22x1_ASAP7_75t_SL            2  2.1    24    30     462    (-,-) 
  aitb_g45287__3680/Y                                          -       B1->Y   R     AOI22xp5_ASAP7_75t_SL          2  2.1    55    29     492    (-,-) 
  aitb_g45226__1705/Y                                          -       A1->Y   F     OAI22x1_ASAP7_75t_SL           2  2.5    43    22     513    (-,-) 
  aitb_g45199__7098/Y                                          -       B1->Y   R     AOI22x1_ASAP7_75t_SL           1  1.3    34    20     533    (-,-) 
  aitb_g45173__7482/Y                                          -       B->Y    R     XOR2xp5_ASAP7_75t_SL           2  1.3    54    29     561    (-,-) 
  aitb_addinc_FP32_ALU_col1_fracAdder_add_113_18_g1237/Y       -       B->Y    F     NOR2xp33_ASAP7_75t_SL          3  2.5    75    42     603    (-,-) 
  aitb_addinc_FP32_ALU_col1_fracAdder_add_113_18_g1140/Y       -       A2->Y   R     OAI21xp5_ASAP7_75t_SL          1  0.8    41    24     628    (-,-) 
  aitb_addinc_FP32_ALU_col1_fracAdder_add_113_18_g1085/Y       -       B->Y    F     AOI21xp5_ASAP7_75t_SL          1  0.9    28    15     643    (-,-) 
  aitb_addinc_FP32_ALU_col1_fracAdder_add_113_18_g1077/Y       -       B->Y    F     OA21x2_ASAP7_75t_SL            3  2.9    19    24     668    (-,-) 
  aitb_addinc_FP32_ALU_col1_fracAdder_add_113_18_g1075/Y       -       A->Y    F     BUFx3_ASAP7_75t_SL             5  3.9    16    23     690    (-,-) 
  aitb_addinc_FP32_ALU_col1_fracAdder_add_113_18_g1050/Y       -       A2->Y   R     OAI21xp5_ASAP7_75t_SL          1  1.3    33    19     710    (-,-) 
  aitb_addinc_FP32_ALU_col1_fracAdder_add_113_18_g1040/Y       -       B->Y    F     XOR2xp5_ASAP7_75t_SL           2  1.4    36    19     729    (-,-) 
  aitb_g27383__4319/Y                                          -       A->Y    F     OR3x1_ASAP7_75t_SL             1  1.8    22    36     764    (-,-) 
  aitb_g27380__5107/Y                                          -       D->Y    R     NOR4xp75_ASAP7_75t_SL          1  1.3    46    23     788    (-,-) 
  aitb_g27379__2398/Y                                          -       C->Y    R     AND3x4_ASAP7_75t_SL            9  9.8    34    36     824    (-,-) 
  aitb_g27373__6417/Y                                          -       A2->Y   F     AOI21x1_ASAP7_75t_SL           2  2.3    35    14     838    (-,-) 
  aitb_g27361__4733/Y                                          -       D->Y    R     NAND4xp75_ASAP7_75t_L          1  1.8    31    23     861    (-,-) 
  aitb_g27359__5115/Y                                          -       B->Y    F     NOR2x1p5_ASAP7_75t_SL          5  4.5    31    20     880    (-,-) 
  aitb_g27358/Y                                                -       A->Y    R     INVx3_ASAP7_75t_SL             6  5.1    26    17     897    (-,-) 
  aitb_g27350__2802/Y                                          -       A2->Y   F     OAI21xp5_ASAP7_75t_SL          1  1.4    32    17     914    (-,-) 
  aitb_g27347__6783/Y                                          -       B->Y    R     AOI21x1_ASAP7_75t_SL           2  2.4    40    22     937    (-,-) 
  aitb_g27340__4319/Y                                          -       B->Y    F     NAND4xp75_ASAP7_75t_SL         5  3.7    49    26     962    (-,-) 
  aitb_g27335__5107/Y                                          -       B->Y    R     NOR2xp33_ASAP7_75t_SL          1  1.2    50    28     991    (-,-) 
  aitb_g27329__2346/Y                                          -       C->Y    R     AO211x2_ASAP7_75t_SL           2  2.3    22    32    1023    (-,-) 
  aitb_g27326/Y                                                -       A->Y    F     INVx2_ASAP7_75t_SL             1  1.3    11     7    1030    (-,-) 
  aitb_g27323__9315/Y                                          -       A->Y    F     AND2x4_ASAP7_75t_SL            5  3.9    14    21    1051    (-,-) 
  aitb_g27314__5115/Y                                          -       A2->Y   R     AOI21xp5_ASAP7_75t_L           1  1.8    52    27    1078    (-,-) 
  aitb_g27310__8246/Y                                          -       A->Y    F     NAND2x1p5_ASAP7_75t_SL         2  2.5    25    11    1089    (-,-) 
  aitb_g27309__5122/Y                                          -       A2->Y   R     AOI21x1_ASAP7_75t_SL           1  1.6    30    16    1105    (-,-) 
  aitb_g27307__2802/Y                                          -       B->Y    F     NOR3x1_ASAP7_75t_SL            2  1.9    30    20    1126    (-,-) 
  aitb_g27303__3680/Y                                          -       B->Y    F     AND2x4_ASAP7_75t_SL            9  7.6    20    28    1154    (-,-) 
  aitb_g27302/Y                                                -       A->Y    R     INVx2_ASAP7_75t_SL             2  2.2    17    12    1165    (-,-) 
  aitb_g27292__7410/Y                                          -       A2->Y   R     AO22x2_ASAP7_75t_SL            3  2.3    20    26    1191    (-,-) 
  aitb_g27245/Y                                                -       A->Y    R     BUFx8_ASAP7_75t_SL            21 19.1    32    33    1224    (-,-) 
  aitb_g27244/Y                                                -       A->Y    F     INVx5_ASAP7_75t_SL            19 14.0    29    18    1243    (-,-) 
  aitb_g27095__8246/Y                                          -       A1->Y   R     AOI22xp5_ASAP7_75t_SL          2  2.0    52    28    1270    (-,-) 
  aitb_g27056__6131/Y                                          -       B2->Y   F     OAI22x1_ASAP7_75t_SL           4  2.5    35    17    1287    (-,-) 
  g47850/Y                                                     -       A->Y    F     HB1xp67_ASAP7_75t_SRAM         2  2.6    61    71    1359    (-,-) 
  aitb_inc_FP32_ALU_col1_roundingAdder_add_274_18_spec1_g561/Y -       A->Y    R     NAND2x1p5_ASAP7_75t_SL         2  2.3    37    25    1384    (-,-) 
  aitb_inc_FP32_ALU_col1_roundingAdder_add_274_18_spec1_g558/Y -       B->Y    F     NOR2x1p5_ASAP7_75t_SL          2  1.6    19    12    1396    (-,-) 
  aitb_inc_FP32_ALU_col1_roundingAdder_add_274_18_spec1_g556/Y -       B->Y    R     NAND2xp5_ASAP7_75t_SL          2  1.3    44    17    1413    (-,-) 
  aitb_inc_FP32_ALU_col1_roundingAdder_add_274_18_spec1_g552/Y -       B->Y    R     OR2x2_ASAP7_75t_SL             2  2.6    20    27    1440    (-,-) 
  aitb_inc_FP32_ALU_col1_roundingAdder_add_274_18_spec1_g549/Y -       B->Y    F     NOR2x1p5_ASAP7_75t_SL          2  2.4    26    13    1453    (-,-) 
  aitb_inc_FP32_ALU_col1_roundingAdder_add_274_18_spec1_g542/Y -       B->Y    R     NAND2x1p5_ASAP7_75t_SL         2  2.3    23    16    1469    (-,-) 
  aitb_inc_FP32_ALU_col1_roundingAdder_add_274_18_spec1_g534/Y -       B->Y    F     NOR2x1p5_ASAP7_75t_SL          2  2.4    24    13    1482    (-,-) 
  aitb_inc_FP32_ALU_col1_roundingAdder_add_274_18_spec1_g523/Y -       B->Y    R     NAND2x1p5_ASAP7_75t_SL         2  2.6    29    17    1499    (-,-) 
  aitb_inc_FP32_ALU_col1_roundingAdder_add_274_18_spec1_g509/Y -       B->Y    F     NOR2x1p5_ASAP7_75t_SL          2  1.4    20    11    1510    (-,-) 
  aitb_inc_FP32_ALU_col1_roundingAdder_add_274_18_spec1_g489/Y -       A->Y    F     AND3x2_ASAP7_75t_SL            2  1.9    14    20    1529    (-,-) 
  aitb_inc_FP32_ALU_col1_roundingAdder_add_274_18_spec1_g483/Y -       B->Y    F     AND2x4_ASAP7_75t_SL            2  2.6    14    19    1549    (-,-) 
  aitb_inc_FP32_ALU_col1_roundingAdder_add_274_18_spec1_g481/Y -       B->Y    R     NAND2x1p5_ASAP7_75t_SL         3  3.7    33    17    1566    (-,-) 
  aitb_inc_FP32_ALU_col1_roundingAdder_add_274_18_spec1_g478/Y -       B->Y    F     NOR2x1p5_ASAP7_75t_SL          2  1.8    19    13    1578    (-,-) 
  aitb_inc_FP32_ALU_col1_roundingAdder_add_274_18_spec1_g475/Y -       B->Y    F     AND2x4_ASAP7_75t_SL            3  3.5    15    22    1600    (-,-) 
  aitb_inc_FP32_ALU_col1_roundingAdder_add_274_18_spec1_g471/Y -       B->Y    R     NAND2x1_ASAP7_75t_SL           1  1.2    32    13    1614    (-,-) 
  aitb_inc_FP32_ALU_col1_roundingAdder_add_274_18_spec1_g469/Y -       B->Y    R     XNOR2xp5_ASAP7_75t_SL          1  0.8    34    20    1633    (-,-) 
  aitb_g26574/Y                                                -       A1->Y   F     AOI22xp5_ASAP7_75t_SL          2  1.5    38    18    1650    (-,-) 
  aitb_g26566/Y                                                -       A->Y    R     NOR4xp25_ASAP7_75t_SL          1  1.4    77    40    1690    (-,-) 
  aitb_g26559/Y                                                -       A1->Y   F     AOI21x1_ASAP7_75t_SL          10  7.2    69    40    1730    (-,-) 
  aitb_g26556/Y                                                -       B->Y    R     NAND2xp5_ASAP7_75t_L           2  2.0    53    38    1768    (-,-) 
  aitb_g26537/Y                                                -       B->Y    F     NOR2xp33_ASAP7_75t_SL          3  2.1    60    38    1806    (-,-) 
  aitb_g26515/Y                                                -       B->Y    F     AND2x2_ASAP7_75t_L             5  3.4    22    41    1847    (-,-) 
  aitb_g26467/Y                                                -       A2->Y   R     AOI21xp5_ASAP7_75t_L           1  0.9    32    20    1867    (-,-) 
  aitb_PIPE_OUT_col1_stage_reg_reg[0][1]/D                     -       -       R     ASYNC_DFFHx1_ASAP7_75t_SL      1    -     -     0    1867    (-,-) 
#-------------------------------------------------------------------------------------------------------------------------------------------------------



Path 10: MET (23 ps) Setup Check with Pin aitb_PIPE_OUT_col1_stage_reg_reg[0][4]/CLK->D
           View: PVT_0P63V_100C.setup_view
          Group: clk
     Startpoint: (R) aitb_PIPE_cascade_in_col1_stage_reg_reg[0][12]/CLK
          Clock: (R) clk
       Endpoint: (R) aitb_PIPE_OUT_col1_stage_reg_reg[0][4]/D
          Clock: (R) clk

                     Capture       Launch     
        Clock Edge:+    2000            0     
       Src Latency:+       0            0     
       Net Latency:+       0 (I)        0 (I) 
           Arrival:=    2000            0     
                                              
             Setup:-      15                  
       Uncertainty:-     100                  
     Required Time:=    1885                  
      Launch Clock:-       0                  
         Data Path:-    1862                  
             Slack:=      23                  

#-------------------------------------------------------------------------------------------------------------------------------------------------------
#                        Timing Point                          Flags    Arc    Edge           Cell             Fanout Load Trans Delay Arrival Instance 
#                                                                                                                     (fF)  (ps)  (ps)   (ps)  Location 
#-------------------------------------------------------------------------------------------------------------------------------------------------------
  aitb_PIPE_cascade_in_col1_stage_reg_reg[0][12]/CLK           -       -       R     (arrival)                   1147    -     0     0       0    (-,-) 
  aitb_PIPE_cascade_in_col1_stage_reg_reg[0][12]/QN            -       CLK->QN R     ASYNC_DFFHx1_ASAP7_75t_SL      1  0.8    24    48      48    (-,-) 
  aitb_g46931/Y                                                -       B->Y    F     NAND2xp5_ASAP7_75t_SL          2  1.7    52    18      65    (-,-) 
  aitb_g46899/Y                                                -       A->Y    R     INVx1_ASAP7_75t_SL             1  0.8    24    14      80    (-,-) 
  aitb_g46883/Y                                                -       B->Y    F     AOI21xp5_ASAP7_75t_L           3  2.0    61    23     102    (-,-) 
  aitb_g46107/Y                                                -       B->Y    F     AND2x2_ASAP7_75t_SL            1  0.9    13    28     131    (-,-) 
  aitb_g46060/Y                                                -       A->Y    R     MAJIxp5_ASAP7_75t_SL           1  0.8    42    16     147    (-,-) 
  aitb_g46030/Y                                                -       B1->Y   F     OAI321xp33_ASAP7_75t_SL        1  0.8    40    22     169    (-,-) 
  aitb_g45975/Y                                                -       B->Y    R     AOI21xp5_ASAP7_75t_SL          1  0.8    32    20     189    (-,-) 
  aitb_g45865/Y                                                -       C->Y    F     OAI211xp5_ASAP7_75t_SL         1  1.3    45    19     208    (-,-) 
  aitb_g45849/Y                                                -       A2->Y   R     AOI21x1_ASAP7_75t_SL           1  2.6    41    23     231    (-,-) 
  aitb_g45846/Y                                                -       A->Y    R     BUFx12f_ASAP7_75t_SL          30 22.5    27    28     259    (-,-) 
  aitb_g45792/Y                                                -       A->Y    F     INVx3_ASAP7_75t_SL             4  3.5    16    10     269    (-,-) 
  aitb_g45789/Y                                                -       A->Y    R     INVx2_ASAP7_75t_SL             4  3.1    20    13     282    (-,-) 
  aitb_g45695/Y                                                -       A2->Y   F     OAI21xp5_ASAP7_75t_SL          1  1.3    29    16     297    (-,-) 
  aitb_g45602/Y                                                -       A2->Y   R     AOI21x1_ASAP7_75t_SL           2  2.5    41    20     317    (-,-) 
  aitb_g45563__4733/Y                                          -       A->Y    F     NAND2x1p5_ASAP7_75t_SL         2  1.6    18     9     326    (-,-) 
  aitb_g45536__2398/Y                                          -       B->Y    F     OR2x2_ASAP7_75t_SL             2  2.7    19    27     353    (-,-) 
  aitb_g45523/Y                                                -       A->Y    R     INVx2_ASAP7_75t_SL             1  1.4    13     9     362    (-,-) 
  aitb_g45467__3680/Y                                          -       A1->Y   F     AOI21x1_ASAP7_75t_SL           1  1.8    22    12     374    (-,-) 
  aitb_g45451__1666/Y                                          -       A->Y    R     NAND2x1p5_ASAP7_75t_SL         2  2.1    25    16     390    (-,-) 
  aitb_g45442/Y                                                -       A->Y    F     INVx1_ASAP7_75t_SL             2  2.1    22    14     405    (-,-) 
  aitb_g45424__8428/Y                                          -       B->Y    F     AND2x4_ASAP7_75t_SL            9  8.5    22    27     432    (-,-) 
  aitb_g45359__1617/Y                                          -       A2->Y   F     AO22x1_ASAP7_75t_SL            2  2.1    24    30     462    (-,-) 
  aitb_g45287__3680/Y                                          -       B1->Y   R     AOI22xp5_ASAP7_75t_SL          2  2.1    55    29     492    (-,-) 
  aitb_g45226__1705/Y                                          -       A1->Y   F     OAI22x1_ASAP7_75t_SL           2  2.5    43    22     513    (-,-) 
  aitb_g45199__7098/Y                                          -       B1->Y   R     AOI22x1_ASAP7_75t_SL           1  1.3    34    20     533    (-,-) 
  aitb_g45173__7482/Y                                          -       B->Y    R     XOR2xp5_ASAP7_75t_SL           2  1.3    54    29     561    (-,-) 
  aitb_addinc_FP32_ALU_col1_fracAdder_add_113_18_g1237/Y       -       B->Y    F     NOR2xp33_ASAP7_75t_SL          3  2.5    75    42     603    (-,-) 
  aitb_addinc_FP32_ALU_col1_fracAdder_add_113_18_g1140/Y       -       A2->Y   R     OAI21xp5_ASAP7_75t_SL          1  0.8    41    24     628    (-,-) 
  aitb_addinc_FP32_ALU_col1_fracAdder_add_113_18_g1085/Y       -       B->Y    F     AOI21xp5_ASAP7_75t_SL          1  0.9    28    15     643    (-,-) 
  aitb_addinc_FP32_ALU_col1_fracAdder_add_113_18_g1077/Y       -       B->Y    F     OA21x2_ASAP7_75t_SL            3  2.9    19    24     668    (-,-) 
  aitb_addinc_FP32_ALU_col1_fracAdder_add_113_18_g1075/Y       -       A->Y    F     BUFx3_ASAP7_75t_SL             5  3.9    16    23     690    (-,-) 
  aitb_addinc_FP32_ALU_col1_fracAdder_add_113_18_g1050/Y       -       A2->Y   R     OAI21xp5_ASAP7_75t_SL          1  1.3    33    19     710    (-,-) 
  aitb_addinc_FP32_ALU_col1_fracAdder_add_113_18_g1040/Y       -       B->Y    F     XOR2xp5_ASAP7_75t_SL           2  1.4    36    19     729    (-,-) 
  aitb_g27383__4319/Y                                          -       A->Y    F     OR3x1_ASAP7_75t_SL             1  1.8    22    36     764    (-,-) 
  aitb_g27380__5107/Y                                          -       D->Y    R     NOR4xp75_ASAP7_75t_SL          1  1.3    46    23     788    (-,-) 
  aitb_g27379__2398/Y                                          -       C->Y    R     AND3x4_ASAP7_75t_SL            9  9.8    34    36     824    (-,-) 
  aitb_g27373__6417/Y                                          -       A2->Y   F     AOI21x1_ASAP7_75t_SL           2  2.3    35    14     838    (-,-) 
  aitb_g27361__4733/Y                                          -       D->Y    R     NAND4xp75_ASAP7_75t_L          1  1.8    31    23     861    (-,-) 
  aitb_g27359__5115/Y                                          -       B->Y    F     NOR2x1p5_ASAP7_75t_SL          5  4.5    31    20     880    (-,-) 
  aitb_g27358/Y                                                -       A->Y    R     INVx3_ASAP7_75t_SL             6  5.1    26    17     897    (-,-) 
  aitb_g27350__2802/Y                                          -       A2->Y   F     OAI21xp5_ASAP7_75t_SL          1  1.4    32    17     914    (-,-) 
  aitb_g27347__6783/Y                                          -       B->Y    R     AOI21x1_ASAP7_75t_SL           2  2.4    40    22     937    (-,-) 
  aitb_g27340__4319/Y                                          -       B->Y    F     NAND4xp75_ASAP7_75t_SL         5  3.7    49    26     962    (-,-) 
  aitb_g27335__5107/Y                                          -       B->Y    R     NOR2xp33_ASAP7_75t_SL          1  1.2    50    28     991    (-,-) 
  aitb_g27329__2346/Y                                          -       C->Y    R     AO211x2_ASAP7_75t_SL           2  2.3    22    32    1023    (-,-) 
  aitb_g27326/Y                                                -       A->Y    F     INVx2_ASAP7_75t_SL             1  1.3    11     7    1030    (-,-) 
  aitb_g27323__9315/Y                                          -       A->Y    F     AND2x4_ASAP7_75t_SL            5  3.9    14    21    1051    (-,-) 
  aitb_g27314__5115/Y                                          -       A2->Y   R     AOI21xp5_ASAP7_75t_L           1  1.8    52    27    1078    (-,-) 
  aitb_g27310__8246/Y                                          -       A->Y    F     NAND2x1p5_ASAP7_75t_SL         2  2.5    25    11    1089    (-,-) 
  aitb_g27309__5122/Y                                          -       A2->Y   R     AOI21x1_ASAP7_75t_SL           1  1.6    30    16    1105    (-,-) 
  aitb_g27307__2802/Y                                          -       B->Y    F     NOR3x1_ASAP7_75t_SL            2  1.9    30    20    1126    (-,-) 
  aitb_g27303__3680/Y                                          -       B->Y    F     AND2x4_ASAP7_75t_SL            9  7.6    20    28    1154    (-,-) 
  aitb_g27302/Y                                                -       A->Y    R     INVx2_ASAP7_75t_SL             2  2.2    17    12    1165    (-,-) 
  aitb_g27292__7410/Y                                          -       A2->Y   R     AO22x2_ASAP7_75t_SL            3  2.3    20    26    1191    (-,-) 
  aitb_g27245/Y                                                -       A->Y    R     BUFx8_ASAP7_75t_SL            21 19.1    32    33    1224    (-,-) 
  aitb_g27244/Y                                                -       A->Y    F     INVx5_ASAP7_75t_SL            19 14.0    29    18    1243    (-,-) 
  aitb_g27095__8246/Y                                          -       A1->Y   R     AOI22xp5_ASAP7_75t_SL          2  2.0    52    28    1270    (-,-) 
  aitb_g27056__6131/Y                                          -       B2->Y   F     OAI22x1_ASAP7_75t_SL           4  2.5    35    17    1287    (-,-) 
  g47850/Y                                                     -       A->Y    F     HB1xp67_ASAP7_75t_SRAM         2  2.6    61    71    1359    (-,-) 
  aitb_inc_FP32_ALU_col1_roundingAdder_add_274_18_spec1_g561/Y -       A->Y    R     NAND2x1p5_ASAP7_75t_SL         2  2.3    37    25    1384    (-,-) 
  aitb_inc_FP32_ALU_col1_roundingAdder_add_274_18_spec1_g558/Y -       B->Y    F     NOR2x1p5_ASAP7_75t_SL          2  1.6    19    12    1396    (-,-) 
  aitb_inc_FP32_ALU_col1_roundingAdder_add_274_18_spec1_g556/Y -       B->Y    R     NAND2xp5_ASAP7_75t_SL          2  1.3    44    17    1413    (-,-) 
  aitb_inc_FP32_ALU_col1_roundingAdder_add_274_18_spec1_g552/Y -       B->Y    R     OR2x2_ASAP7_75t_SL             2  2.6    20    27    1440    (-,-) 
  aitb_inc_FP32_ALU_col1_roundingAdder_add_274_18_spec1_g549/Y -       B->Y    F     NOR2x1p5_ASAP7_75t_SL          2  2.4    26    13    1453    (-,-) 
  aitb_inc_FP32_ALU_col1_roundingAdder_add_274_18_spec1_g542/Y -       B->Y    R     NAND2x1p5_ASAP7_75t_SL         2  2.3    23    16    1469    (-,-) 
  aitb_inc_FP32_ALU_col1_roundingAdder_add_274_18_spec1_g534/Y -       B->Y    F     NOR2x1p5_ASAP7_75t_SL          2  2.4    24    13    1482    (-,-) 
  aitb_inc_FP32_ALU_col1_roundingAdder_add_274_18_spec1_g523/Y -       B->Y    R     NAND2x1p5_ASAP7_75t_SL         2  2.6    29    17    1499    (-,-) 
  aitb_inc_FP32_ALU_col1_roundingAdder_add_274_18_spec1_g509/Y -       B->Y    F     NOR2x1p5_ASAP7_75t_SL          2  1.4    20    11    1510    (-,-) 
  aitb_inc_FP32_ALU_col1_roundingAdder_add_274_18_spec1_g489/Y -       A->Y    F     AND3x2_ASAP7_75t_SL            2  1.9    14    20    1529    (-,-) 
  aitb_inc_FP32_ALU_col1_roundingAdder_add_274_18_spec1_g483/Y -       B->Y    F     AND2x4_ASAP7_75t_SL            2  2.6    14    19    1549    (-,-) 
  aitb_inc_FP32_ALU_col1_roundingAdder_add_274_18_spec1_g481/Y -       B->Y    R     NAND2x1p5_ASAP7_75t_SL         3  3.7    33    17    1566    (-,-) 
  aitb_inc_FP32_ALU_col1_roundingAdder_add_274_18_spec1_g478/Y -       B->Y    F     NOR2x1p5_ASAP7_75t_SL          2  1.8    19    13    1578    (-,-) 
  aitb_inc_FP32_ALU_col1_roundingAdder_add_274_18_spec1_g475/Y -       B->Y    F     AND2x4_ASAP7_75t_SL            3  3.5    15    22    1600    (-,-) 
  aitb_inc_FP32_ALU_col1_roundingAdder_add_274_18_spec1_g471/Y -       B->Y    R     NAND2x1_ASAP7_75t_SL           1  1.2    32    13    1614    (-,-) 
  aitb_inc_FP32_ALU_col1_roundingAdder_add_274_18_spec1_g469/Y -       B->Y    R     XNOR2xp5_ASAP7_75t_SL          1  0.8    34    20    1633    (-,-) 
  aitb_g26574/Y                                                -       A1->Y   F     AOI22xp5_ASAP7_75t_SL          2  1.5    38    18    1650    (-,-) 
  aitb_g26566/Y                                                -       A->Y    R     NOR4xp25_ASAP7_75t_SL          1  1.4    77    40    1690    (-,-) 
  aitb_g26559/Y                                                -       A1->Y   F     AOI21x1_ASAP7_75t_SL          10  7.2    69    40    1730    (-,-) 
  aitb_g26556/Y                                                -       B->Y    R     NAND2xp5_ASAP7_75t_L           2  2.0    53    38    1768    (-,-) 
  aitb_g26537/Y                                                -       B->Y    F     NOR2xp33_ASAP7_75t_SL          3  2.1    60    38    1806    (-,-) 
  aitb_g26515/Y                                                -       B->Y    F     AND2x2_ASAP7_75t_L             5  3.4    22    41    1847    (-,-) 
  aitb_g26470/Y                                                -       A1->Y   R     AOI21xp5_ASAP7_75t_SL          1  0.9    33    16    1862    (-,-) 
  aitb_PIPE_OUT_col1_stage_reg_reg[0][4]/D                     -       -       R     ASYNC_DFFHx1_ASAP7_75t_SL      1    -     -     0    1862    (-,-) 
#-------------------------------------------------------------------------------------------------------------------------------------------------------



Path 11: MET (23 ps) Setup Check with Pin aitb_PIPE_OUT_col1_stage_reg_reg[0][2]/CLK->D
           View: PVT_0P63V_100C.setup_view
          Group: clk
     Startpoint: (R) aitb_PIPE_cascade_in_col1_stage_reg_reg[0][12]/CLK
          Clock: (R) clk
       Endpoint: (R) aitb_PIPE_OUT_col1_stage_reg_reg[0][2]/D
          Clock: (R) clk

                     Capture       Launch     
        Clock Edge:+    2000            0     
       Src Latency:+       0            0     
       Net Latency:+       0 (I)        0 (I) 
           Arrival:=    2000            0     
                                              
             Setup:-      15                  
       Uncertainty:-     100                  
     Required Time:=    1885                  
      Launch Clock:-       0                  
         Data Path:-    1862                  
             Slack:=      23                  

#-------------------------------------------------------------------------------------------------------------------------------------------------------
#                        Timing Point                          Flags    Arc    Edge           Cell             Fanout Load Trans Delay Arrival Instance 
#                                                                                                                     (fF)  (ps)  (ps)   (ps)  Location 
#-------------------------------------------------------------------------------------------------------------------------------------------------------
  aitb_PIPE_cascade_in_col1_stage_reg_reg[0][12]/CLK           -       -       R     (arrival)                   1147    -     0     0       0    (-,-) 
  aitb_PIPE_cascade_in_col1_stage_reg_reg[0][12]/QN            -       CLK->QN R     ASYNC_DFFHx1_ASAP7_75t_SL      1  0.8    24    48      48    (-,-) 
  aitb_g46931/Y                                                -       B->Y    F     NAND2xp5_ASAP7_75t_SL          2  1.7    52    18      65    (-,-) 
  aitb_g46899/Y                                                -       A->Y    R     INVx1_ASAP7_75t_SL             1  0.8    24    14      80    (-,-) 
  aitb_g46883/Y                                                -       B->Y    F     AOI21xp5_ASAP7_75t_L           3  2.0    61    23     102    (-,-) 
  aitb_g46107/Y                                                -       B->Y    F     AND2x2_ASAP7_75t_SL            1  0.9    13    28     131    (-,-) 
  aitb_g46060/Y                                                -       A->Y    R     MAJIxp5_ASAP7_75t_SL           1  0.8    42    16     147    (-,-) 
  aitb_g46030/Y                                                -       B1->Y   F     OAI321xp33_ASAP7_75t_SL        1  0.8    40    22     169    (-,-) 
  aitb_g45975/Y                                                -       B->Y    R     AOI21xp5_ASAP7_75t_SL          1  0.8    32    20     189    (-,-) 
  aitb_g45865/Y                                                -       C->Y    F     OAI211xp5_ASAP7_75t_SL         1  1.3    45    19     208    (-,-) 
  aitb_g45849/Y                                                -       A2->Y   R     AOI21x1_ASAP7_75t_SL           1  2.6    41    23     231    (-,-) 
  aitb_g45846/Y                                                -       A->Y    R     BUFx12f_ASAP7_75t_SL          30 22.5    27    28     259    (-,-) 
  aitb_g45792/Y                                                -       A->Y    F     INVx3_ASAP7_75t_SL             4  3.5    16    10     269    (-,-) 
  aitb_g45789/Y                                                -       A->Y    R     INVx2_ASAP7_75t_SL             4  3.1    20    13     282    (-,-) 
  aitb_g45695/Y                                                -       A2->Y   F     OAI21xp5_ASAP7_75t_SL          1  1.3    29    16     297    (-,-) 
  aitb_g45602/Y                                                -       A2->Y   R     AOI21x1_ASAP7_75t_SL           2  2.5    41    20     317    (-,-) 
  aitb_g45563__4733/Y                                          -       A->Y    F     NAND2x1p5_ASAP7_75t_SL         2  1.6    18     9     326    (-,-) 
  aitb_g45536__2398/Y                                          -       B->Y    F     OR2x2_ASAP7_75t_SL             2  2.7    19    27     353    (-,-) 
  aitb_g45523/Y                                                -       A->Y    R     INVx2_ASAP7_75t_SL             1  1.4    13     9     362    (-,-) 
  aitb_g45467__3680/Y                                          -       A1->Y   F     AOI21x1_ASAP7_75t_SL           1  1.8    22    12     374    (-,-) 
  aitb_g45451__1666/Y                                          -       A->Y    R     NAND2x1p5_ASAP7_75t_SL         2  2.1    25    16     390    (-,-) 
  aitb_g45442/Y                                                -       A->Y    F     INVx1_ASAP7_75t_SL             2  2.1    22    14     405    (-,-) 
  aitb_g45424__8428/Y                                          -       B->Y    F     AND2x4_ASAP7_75t_SL            9  8.5    22    27     432    (-,-) 
  aitb_g45359__1617/Y                                          -       A2->Y   F     AO22x1_ASAP7_75t_SL            2  2.1    24    30     462    (-,-) 
  aitb_g45287__3680/Y                                          -       B1->Y   R     AOI22xp5_ASAP7_75t_SL          2  2.1    55    29     492    (-,-) 
  aitb_g45226__1705/Y                                          -       A1->Y   F     OAI22x1_ASAP7_75t_SL           2  2.5    43    22     513    (-,-) 
  aitb_g45199__7098/Y                                          -       B1->Y   R     AOI22x1_ASAP7_75t_SL           1  1.3    34    20     533    (-,-) 
  aitb_g45173__7482/Y                                          -       B->Y    R     XOR2xp5_ASAP7_75t_SL           2  1.3    54    29     561    (-,-) 
  aitb_addinc_FP32_ALU_col1_fracAdder_add_113_18_g1237/Y       -       B->Y    F     NOR2xp33_ASAP7_75t_SL          3  2.5    75    42     603    (-,-) 
  aitb_addinc_FP32_ALU_col1_fracAdder_add_113_18_g1140/Y       -       A2->Y   R     OAI21xp5_ASAP7_75t_SL          1  0.8    41    24     628    (-,-) 
  aitb_addinc_FP32_ALU_col1_fracAdder_add_113_18_g1085/Y       -       B->Y    F     AOI21xp5_ASAP7_75t_SL          1  0.9    28    15     643    (-,-) 
  aitb_addinc_FP32_ALU_col1_fracAdder_add_113_18_g1077/Y       -       B->Y    F     OA21x2_ASAP7_75t_SL            3  2.9    19    24     668    (-,-) 
  aitb_addinc_FP32_ALU_col1_fracAdder_add_113_18_g1075/Y       -       A->Y    F     BUFx3_ASAP7_75t_SL             5  3.9    16    23     690    (-,-) 
  aitb_addinc_FP32_ALU_col1_fracAdder_add_113_18_g1050/Y       -       A2->Y   R     OAI21xp5_ASAP7_75t_SL          1  1.3    33    19     710    (-,-) 
  aitb_addinc_FP32_ALU_col1_fracAdder_add_113_18_g1040/Y       -       B->Y    F     XOR2xp5_ASAP7_75t_SL           2  1.4    36    19     729    (-,-) 
  aitb_g27383__4319/Y                                          -       A->Y    F     OR3x1_ASAP7_75t_SL             1  1.8    22    36     764    (-,-) 
  aitb_g27380__5107/Y                                          -       D->Y    R     NOR4xp75_ASAP7_75t_SL          1  1.3    46    23     788    (-,-) 
  aitb_g27379__2398/Y                                          -       C->Y    R     AND3x4_ASAP7_75t_SL            9  9.8    34    36     824    (-,-) 
  aitb_g27373__6417/Y                                          -       A2->Y   F     AOI21x1_ASAP7_75t_SL           2  2.3    35    14     838    (-,-) 
  aitb_g27361__4733/Y                                          -       D->Y    R     NAND4xp75_ASAP7_75t_L          1  1.8    31    23     861    (-,-) 
  aitb_g27359__5115/Y                                          -       B->Y    F     NOR2x1p5_ASAP7_75t_SL          5  4.5    31    20     880    (-,-) 
  aitb_g27358/Y                                                -       A->Y    R     INVx3_ASAP7_75t_SL             6  5.1    26    17     897    (-,-) 
  aitb_g27350__2802/Y                                          -       A2->Y   F     OAI21xp5_ASAP7_75t_SL          1  1.4    32    17     914    (-,-) 
  aitb_g27347__6783/Y                                          -       B->Y    R     AOI21x1_ASAP7_75t_SL           2  2.4    40    22     937    (-,-) 
  aitb_g27340__4319/Y                                          -       B->Y    F     NAND4xp75_ASAP7_75t_SL         5  3.7    49    26     962    (-,-) 
  aitb_g27335__5107/Y                                          -       B->Y    R     NOR2xp33_ASAP7_75t_SL          1  1.2    50    28     991    (-,-) 
  aitb_g27329__2346/Y                                          -       C->Y    R     AO211x2_ASAP7_75t_SL           2  2.3    22    32    1023    (-,-) 
  aitb_g27326/Y                                                -       A->Y    F     INVx2_ASAP7_75t_SL             1  1.3    11     7    1030    (-,-) 
  aitb_g27323__9315/Y                                          -       A->Y    F     AND2x4_ASAP7_75t_SL            5  3.9    14    21    1051    (-,-) 
  aitb_g27314__5115/Y                                          -       A2->Y   R     AOI21xp5_ASAP7_75t_L           1  1.8    52    27    1078    (-,-) 
  aitb_g27310__8246/Y                                          -       A->Y    F     NAND2x1p5_ASAP7_75t_SL         2  2.5    25    11    1089    (-,-) 
  aitb_g27309__5122/Y                                          -       A2->Y   R     AOI21x1_ASAP7_75t_SL           1  1.6    30    16    1105    (-,-) 
  aitb_g27307__2802/Y                                          -       B->Y    F     NOR3x1_ASAP7_75t_SL            2  1.9    30    20    1126    (-,-) 
  aitb_g27303__3680/Y                                          -       B->Y    F     AND2x4_ASAP7_75t_SL            9  7.6    20    28    1154    (-,-) 
  aitb_g27302/Y                                                -       A->Y    R     INVx2_ASAP7_75t_SL             2  2.2    17    12    1165    (-,-) 
  aitb_g27292__7410/Y                                          -       A2->Y   R     AO22x2_ASAP7_75t_SL            3  2.3    20    26    1191    (-,-) 
  aitb_g27245/Y                                                -       A->Y    R     BUFx8_ASAP7_75t_SL            21 19.1    32    33    1224    (-,-) 
  aitb_g27244/Y                                                -       A->Y    F     INVx5_ASAP7_75t_SL            19 14.0    29    18    1243    (-,-) 
  aitb_g27095__8246/Y                                          -       A1->Y   R     AOI22xp5_ASAP7_75t_SL          2  2.0    52    28    1270    (-,-) 
  aitb_g27056__6131/Y                                          -       B2->Y   F     OAI22x1_ASAP7_75t_SL           4  2.5    35    17    1287    (-,-) 
  g47850/Y                                                     -       A->Y    F     HB1xp67_ASAP7_75t_SRAM         2  2.6    61    71    1359    (-,-) 
  aitb_inc_FP32_ALU_col1_roundingAdder_add_274_18_spec1_g561/Y -       A->Y    R     NAND2x1p5_ASAP7_75t_SL         2  2.3    37    25    1384    (-,-) 
  aitb_inc_FP32_ALU_col1_roundingAdder_add_274_18_spec1_g558/Y -       B->Y    F     NOR2x1p5_ASAP7_75t_SL          2  1.6    19    12    1396    (-,-) 
  aitb_inc_FP32_ALU_col1_roundingAdder_add_274_18_spec1_g556/Y -       B->Y    R     NAND2xp5_ASAP7_75t_SL          2  1.3    44    17    1413    (-,-) 
  aitb_inc_FP32_ALU_col1_roundingAdder_add_274_18_spec1_g552/Y -       B->Y    R     OR2x2_ASAP7_75t_SL             2  2.6    20    27    1440    (-,-) 
  aitb_inc_FP32_ALU_col1_roundingAdder_add_274_18_spec1_g549/Y -       B->Y    F     NOR2x1p5_ASAP7_75t_SL          2  2.4    26    13    1453    (-,-) 
  aitb_inc_FP32_ALU_col1_roundingAdder_add_274_18_spec1_g542/Y -       B->Y    R     NAND2x1p5_ASAP7_75t_SL         2  2.3    23    16    1469    (-,-) 
  aitb_inc_FP32_ALU_col1_roundingAdder_add_274_18_spec1_g534/Y -       B->Y    F     NOR2x1p5_ASAP7_75t_SL          2  2.4    24    13    1482    (-,-) 
  aitb_inc_FP32_ALU_col1_roundingAdder_add_274_18_spec1_g523/Y -       B->Y    R     NAND2x1p5_ASAP7_75t_SL         2  2.6    29    17    1499    (-,-) 
  aitb_inc_FP32_ALU_col1_roundingAdder_add_274_18_spec1_g509/Y -       B->Y    F     NOR2x1p5_ASAP7_75t_SL          2  1.4    20    11    1510    (-,-) 
  aitb_inc_FP32_ALU_col1_roundingAdder_add_274_18_spec1_g489/Y -       A->Y    F     AND3x2_ASAP7_75t_SL            2  1.9    14    20    1529    (-,-) 
  aitb_inc_FP32_ALU_col1_roundingAdder_add_274_18_spec1_g483/Y -       B->Y    F     AND2x4_ASAP7_75t_SL            2  2.6    14    19    1549    (-,-) 
  aitb_inc_FP32_ALU_col1_roundingAdder_add_274_18_spec1_g481/Y -       B->Y    R     NAND2x1p5_ASAP7_75t_SL         3  3.7    33    17    1566    (-,-) 
  aitb_inc_FP32_ALU_col1_roundingAdder_add_274_18_spec1_g478/Y -       B->Y    F     NOR2x1p5_ASAP7_75t_SL          2  1.8    19    13    1578    (-,-) 
  aitb_inc_FP32_ALU_col1_roundingAdder_add_274_18_spec1_g475/Y -       B->Y    F     AND2x4_ASAP7_75t_SL            3  3.5    15    22    1600    (-,-) 
  aitb_inc_FP32_ALU_col1_roundingAdder_add_274_18_spec1_g471/Y -       B->Y    R     NAND2x1_ASAP7_75t_SL           1  1.2    32    13    1614    (-,-) 
  aitb_inc_FP32_ALU_col1_roundingAdder_add_274_18_spec1_g469/Y -       B->Y    R     XNOR2xp5_ASAP7_75t_SL          1  0.8    34    20    1633    (-,-) 
  aitb_g26574/Y                                                -       A1->Y   F     AOI22xp5_ASAP7_75t_SL          2  1.5    38    18    1650    (-,-) 
  aitb_g26566/Y                                                -       A->Y    R     NOR4xp25_ASAP7_75t_SL          1  1.4    77    40    1690    (-,-) 
  aitb_g26559/Y                                                -       A1->Y   F     AOI21x1_ASAP7_75t_SL          10  7.2    69    40    1730    (-,-) 
  aitb_g26556/Y                                                -       B->Y    R     NAND2xp5_ASAP7_75t_L           2  2.0    53    38    1768    (-,-) 
  aitb_g26537/Y                                                -       B->Y    F     NOR2xp33_ASAP7_75t_SL          3  2.1    60    38    1806    (-,-) 
  aitb_g26515/Y                                                -       B->Y    F     AND2x2_ASAP7_75t_L             5  3.4    22    41    1847    (-,-) 
  aitb_g26488/Y                                                -       A1->Y   R     AOI21xp5_ASAP7_75t_SL          1  0.9    33    16    1862    (-,-) 
  aitb_PIPE_OUT_col1_stage_reg_reg[0][2]/D                     -       -       R     ASYNC_DFFHx1_ASAP7_75t_SL      1    -     -     0    1862    (-,-) 
#-------------------------------------------------------------------------------------------------------------------------------------------------------



Path 12: MET (23 ps) Setup Check with Pin aitb_PIPE_OUT_col1_stage_reg_reg[0][0]/CLK->D
           View: PVT_0P63V_100C.setup_view
          Group: clk
     Startpoint: (R) aitb_PIPE_cascade_in_col1_stage_reg_reg[0][12]/CLK
          Clock: (R) clk
       Endpoint: (R) aitb_PIPE_OUT_col1_stage_reg_reg[0][0]/D
          Clock: (R) clk

                     Capture       Launch     
        Clock Edge:+    2000            0     
       Src Latency:+       0            0     
       Net Latency:+       0 (I)        0 (I) 
           Arrival:=    2000            0     
                                              
             Setup:-      15                  
       Uncertainty:-     100                  
     Required Time:=    1885                  
      Launch Clock:-       0                  
         Data Path:-    1862                  
             Slack:=      23                  

#-------------------------------------------------------------------------------------------------------------------------------------------------------
#                        Timing Point                          Flags    Arc    Edge           Cell             Fanout Load Trans Delay Arrival Instance 
#                                                                                                                     (fF)  (ps)  (ps)   (ps)  Location 
#-------------------------------------------------------------------------------------------------------------------------------------------------------
  aitb_PIPE_cascade_in_col1_stage_reg_reg[0][12]/CLK           -       -       R     (arrival)                   1147    -     0     0       0    (-,-) 
  aitb_PIPE_cascade_in_col1_stage_reg_reg[0][12]/QN            -       CLK->QN R     ASYNC_DFFHx1_ASAP7_75t_SL      1  0.8    24    48      48    (-,-) 
  aitb_g46931/Y                                                -       B->Y    F     NAND2xp5_ASAP7_75t_SL          2  1.7    52    18      65    (-,-) 
  aitb_g46899/Y                                                -       A->Y    R     INVx1_ASAP7_75t_SL             1  0.8    24    14      80    (-,-) 
  aitb_g46883/Y                                                -       B->Y    F     AOI21xp5_ASAP7_75t_L           3  2.0    61    23     102    (-,-) 
  aitb_g46107/Y                                                -       B->Y    F     AND2x2_ASAP7_75t_SL            1  0.9    13    28     131    (-,-) 
  aitb_g46060/Y                                                -       A->Y    R     MAJIxp5_ASAP7_75t_SL           1  0.8    42    16     147    (-,-) 
  aitb_g46030/Y                                                -       B1->Y   F     OAI321xp33_ASAP7_75t_SL        1  0.8    40    22     169    (-,-) 
  aitb_g45975/Y                                                -       B->Y    R     AOI21xp5_ASAP7_75t_SL          1  0.8    32    20     189    (-,-) 
  aitb_g45865/Y                                                -       C->Y    F     OAI211xp5_ASAP7_75t_SL         1  1.3    45    19     208    (-,-) 
  aitb_g45849/Y                                                -       A2->Y   R     AOI21x1_ASAP7_75t_SL           1  2.6    41    23     231    (-,-) 
  aitb_g45846/Y                                                -       A->Y    R     BUFx12f_ASAP7_75t_SL          30 22.5    27    28     259    (-,-) 
  aitb_g45792/Y                                                -       A->Y    F     INVx3_ASAP7_75t_SL             4  3.5    16    10     269    (-,-) 
  aitb_g45789/Y                                                -       A->Y    R     INVx2_ASAP7_75t_SL             4  3.1    20    13     282    (-,-) 
  aitb_g45695/Y                                                -       A2->Y   F     OAI21xp5_ASAP7_75t_SL          1  1.3    29    16     297    (-,-) 
  aitb_g45602/Y                                                -       A2->Y   R     AOI21x1_ASAP7_75t_SL           2  2.5    41    20     317    (-,-) 
  aitb_g45563__4733/Y                                          -       A->Y    F     NAND2x1p5_ASAP7_75t_SL         2  1.6    18     9     326    (-,-) 
  aitb_g45536__2398/Y                                          -       B->Y    F     OR2x2_ASAP7_75t_SL             2  2.7    19    27     353    (-,-) 
  aitb_g45523/Y                                                -       A->Y    R     INVx2_ASAP7_75t_SL             1  1.4    13     9     362    (-,-) 
  aitb_g45467__3680/Y                                          -       A1->Y   F     AOI21x1_ASAP7_75t_SL           1  1.8    22    12     374    (-,-) 
  aitb_g45451__1666/Y                                          -       A->Y    R     NAND2x1p5_ASAP7_75t_SL         2  2.1    25    16     390    (-,-) 
  aitb_g45442/Y                                                -       A->Y    F     INVx1_ASAP7_75t_SL             2  2.1    22    14     405    (-,-) 
  aitb_g45424__8428/Y                                          -       B->Y    F     AND2x4_ASAP7_75t_SL            9  8.5    22    27     432    (-,-) 
  aitb_g45359__1617/Y                                          -       A2->Y   F     AO22x1_ASAP7_75t_SL            2  2.1    24    30     462    (-,-) 
  aitb_g45287__3680/Y                                          -       B1->Y   R     AOI22xp5_ASAP7_75t_SL          2  2.1    55    29     492    (-,-) 
  aitb_g45226__1705/Y                                          -       A1->Y   F     OAI22x1_ASAP7_75t_SL           2  2.5    43    22     513    (-,-) 
  aitb_g45199__7098/Y                                          -       B1->Y   R     AOI22x1_ASAP7_75t_SL           1  1.3    34    20     533    (-,-) 
  aitb_g45173__7482/Y                                          -       B->Y    R     XOR2xp5_ASAP7_75t_SL           2  1.3    54    29     561    (-,-) 
  aitb_addinc_FP32_ALU_col1_fracAdder_add_113_18_g1237/Y       -       B->Y    F     NOR2xp33_ASAP7_75t_SL          3  2.5    75    42     603    (-,-) 
  aitb_addinc_FP32_ALU_col1_fracAdder_add_113_18_g1140/Y       -       A2->Y   R     OAI21xp5_ASAP7_75t_SL          1  0.8    41    24     628    (-,-) 
  aitb_addinc_FP32_ALU_col1_fracAdder_add_113_18_g1085/Y       -       B->Y    F     AOI21xp5_ASAP7_75t_SL          1  0.9    28    15     643    (-,-) 
  aitb_addinc_FP32_ALU_col1_fracAdder_add_113_18_g1077/Y       -       B->Y    F     OA21x2_ASAP7_75t_SL            3  2.9    19    24     668    (-,-) 
  aitb_addinc_FP32_ALU_col1_fracAdder_add_113_18_g1075/Y       -       A->Y    F     BUFx3_ASAP7_75t_SL             5  3.9    16    23     690    (-,-) 
  aitb_addinc_FP32_ALU_col1_fracAdder_add_113_18_g1050/Y       -       A2->Y   R     OAI21xp5_ASAP7_75t_SL          1  1.3    33    19     710    (-,-) 
  aitb_addinc_FP32_ALU_col1_fracAdder_add_113_18_g1040/Y       -       B->Y    F     XOR2xp5_ASAP7_75t_SL           2  1.4    36    19     729    (-,-) 
  aitb_g27383__4319/Y                                          -       A->Y    F     OR3x1_ASAP7_75t_SL             1  1.8    22    36     764    (-,-) 
  aitb_g27380__5107/Y                                          -       D->Y    R     NOR4xp75_ASAP7_75t_SL          1  1.3    46    23     788    (-,-) 
  aitb_g27379__2398/Y                                          -       C->Y    R     AND3x4_ASAP7_75t_SL            9  9.8    34    36     824    (-,-) 
  aitb_g27373__6417/Y                                          -       A2->Y   F     AOI21x1_ASAP7_75t_SL           2  2.3    35    14     838    (-,-) 
  aitb_g27361__4733/Y                                          -       D->Y    R     NAND4xp75_ASAP7_75t_L          1  1.8    31    23     861    (-,-) 
  aitb_g27359__5115/Y                                          -       B->Y    F     NOR2x1p5_ASAP7_75t_SL          5  4.5    31    20     880    (-,-) 
  aitb_g27358/Y                                                -       A->Y    R     INVx3_ASAP7_75t_SL             6  5.1    26    17     897    (-,-) 
  aitb_g27350__2802/Y                                          -       A2->Y   F     OAI21xp5_ASAP7_75t_SL          1  1.4    32    17     914    (-,-) 
  aitb_g27347__6783/Y                                          -       B->Y    R     AOI21x1_ASAP7_75t_SL           2  2.4    40    22     937    (-,-) 
  aitb_g27340__4319/Y                                          -       B->Y    F     NAND4xp75_ASAP7_75t_SL         5  3.7    49    26     962    (-,-) 
  aitb_g27335__5107/Y                                          -       B->Y    R     NOR2xp33_ASAP7_75t_SL          1  1.2    50    28     991    (-,-) 
  aitb_g27329__2346/Y                                          -       C->Y    R     AO211x2_ASAP7_75t_SL           2  2.3    22    32    1023    (-,-) 
  aitb_g27326/Y                                                -       A->Y    F     INVx2_ASAP7_75t_SL             1  1.3    11     7    1030    (-,-) 
  aitb_g27323__9315/Y                                          -       A->Y    F     AND2x4_ASAP7_75t_SL            5  3.9    14    21    1051    (-,-) 
  aitb_g27314__5115/Y                                          -       A2->Y   R     AOI21xp5_ASAP7_75t_L           1  1.8    52    27    1078    (-,-) 
  aitb_g27310__8246/Y                                          -       A->Y    F     NAND2x1p5_ASAP7_75t_SL         2  2.5    25    11    1089    (-,-) 
  aitb_g27309__5122/Y                                          -       A2->Y   R     AOI21x1_ASAP7_75t_SL           1  1.6    30    16    1105    (-,-) 
  aitb_g27307__2802/Y                                          -       B->Y    F     NOR3x1_ASAP7_75t_SL            2  1.9    30    20    1126    (-,-) 
  aitb_g27303__3680/Y                                          -       B->Y    F     AND2x4_ASAP7_75t_SL            9  7.6    20    28    1154    (-,-) 
  aitb_g27302/Y                                                -       A->Y    R     INVx2_ASAP7_75t_SL             2  2.2    17    12    1165    (-,-) 
  aitb_g27292__7410/Y                                          -       A2->Y   R     AO22x2_ASAP7_75t_SL            3  2.3    20    26    1191    (-,-) 
  aitb_g27245/Y                                                -       A->Y    R     BUFx8_ASAP7_75t_SL            21 19.1    32    33    1224    (-,-) 
  aitb_g27244/Y                                                -       A->Y    F     INVx5_ASAP7_75t_SL            19 14.0    29    18    1243    (-,-) 
  aitb_g27095__8246/Y                                          -       A1->Y   R     AOI22xp5_ASAP7_75t_SL          2  2.0    52    28    1270    (-,-) 
  aitb_g27056__6131/Y                                          -       B2->Y   F     OAI22x1_ASAP7_75t_SL           4  2.5    35    17    1287    (-,-) 
  g47850/Y                                                     -       A->Y    F     HB1xp67_ASAP7_75t_SRAM         2  2.6    61    71    1359    (-,-) 
  aitb_inc_FP32_ALU_col1_roundingAdder_add_274_18_spec1_g561/Y -       A->Y    R     NAND2x1p5_ASAP7_75t_SL         2  2.3    37    25    1384    (-,-) 
  aitb_inc_FP32_ALU_col1_roundingAdder_add_274_18_spec1_g558/Y -       B->Y    F     NOR2x1p5_ASAP7_75t_SL          2  1.6    19    12    1396    (-,-) 
  aitb_inc_FP32_ALU_col1_roundingAdder_add_274_18_spec1_g556/Y -       B->Y    R     NAND2xp5_ASAP7_75t_SL          2  1.3    44    17    1413    (-,-) 
  aitb_inc_FP32_ALU_col1_roundingAdder_add_274_18_spec1_g552/Y -       B->Y    R     OR2x2_ASAP7_75t_SL             2  2.6    20    27    1440    (-,-) 
  aitb_inc_FP32_ALU_col1_roundingAdder_add_274_18_spec1_g549/Y -       B->Y    F     NOR2x1p5_ASAP7_75t_SL          2  2.4    26    13    1453    (-,-) 
  aitb_inc_FP32_ALU_col1_roundingAdder_add_274_18_spec1_g542/Y -       B->Y    R     NAND2x1p5_ASAP7_75t_SL         2  2.3    23    16    1469    (-,-) 
  aitb_inc_FP32_ALU_col1_roundingAdder_add_274_18_spec1_g534/Y -       B->Y    F     NOR2x1p5_ASAP7_75t_SL          2  2.4    24    13    1482    (-,-) 
  aitb_inc_FP32_ALU_col1_roundingAdder_add_274_18_spec1_g523/Y -       B->Y    R     NAND2x1p5_ASAP7_75t_SL         2  2.6    29    17    1499    (-,-) 
  aitb_inc_FP32_ALU_col1_roundingAdder_add_274_18_spec1_g509/Y -       B->Y    F     NOR2x1p5_ASAP7_75t_SL          2  1.4    20    11    1510    (-,-) 
  aitb_inc_FP32_ALU_col1_roundingAdder_add_274_18_spec1_g489/Y -       A->Y    F     AND3x2_ASAP7_75t_SL            2  1.9    14    20    1529    (-,-) 
  aitb_inc_FP32_ALU_col1_roundingAdder_add_274_18_spec1_g483/Y -       B->Y    F     AND2x4_ASAP7_75t_SL            2  2.6    14    19    1549    (-,-) 
  aitb_inc_FP32_ALU_col1_roundingAdder_add_274_18_spec1_g481/Y -       B->Y    R     NAND2x1p5_ASAP7_75t_SL         3  3.7    33    17    1566    (-,-) 
  aitb_inc_FP32_ALU_col1_roundingAdder_add_274_18_spec1_g478/Y -       B->Y    F     NOR2x1p5_ASAP7_75t_SL          2  1.8    19    13    1578    (-,-) 
  aitb_inc_FP32_ALU_col1_roundingAdder_add_274_18_spec1_g475/Y -       B->Y    F     AND2x4_ASAP7_75t_SL            3  3.5    15    22    1600    (-,-) 
  aitb_inc_FP32_ALU_col1_roundingAdder_add_274_18_spec1_g471/Y -       B->Y    R     NAND2x1_ASAP7_75t_SL           1  1.2    32    13    1614    (-,-) 
  aitb_inc_FP32_ALU_col1_roundingAdder_add_274_18_spec1_g469/Y -       B->Y    R     XNOR2xp5_ASAP7_75t_SL          1  0.8    34    20    1633    (-,-) 
  aitb_g26574/Y                                                -       A1->Y   F     AOI22xp5_ASAP7_75t_SL          2  1.5    38    18    1650    (-,-) 
  aitb_g26566/Y                                                -       A->Y    R     NOR4xp25_ASAP7_75t_SL          1  1.4    77    40    1690    (-,-) 
  aitb_g26559/Y                                                -       A1->Y   F     AOI21x1_ASAP7_75t_SL          10  7.2    69    40    1730    (-,-) 
  aitb_g26556/Y                                                -       B->Y    R     NAND2xp5_ASAP7_75t_L           2  2.0    53    38    1768    (-,-) 
  aitb_g26537/Y                                                -       B->Y    F     NOR2xp33_ASAP7_75t_SL          3  2.1    60    38    1806    (-,-) 
  aitb_g26515/Y                                                -       B->Y    F     AND2x2_ASAP7_75t_L             5  3.4    22    41    1847    (-,-) 
  aitb_g26448/Y                                                -       A1->Y   R     AOI21xp5_ASAP7_75t_SL          1  0.9    33    16    1862    (-,-) 
  aitb_PIPE_OUT_col1_stage_reg_reg[0][0]/D                     -       -       R     ASYNC_DFFHx1_ASAP7_75t_SL      1    -     -     0    1862    (-,-) 
#-------------------------------------------------------------------------------------------------------------------------------------------------------



Path 13: MET (40 ps) Setup Check with Pin aitb_PIPE_3_fix2float_col1_stage_reg_reg[0][22]/CLK->D
           View: PVT_0P63V_100C.setup_view
          Group: clk
     Startpoint: (R) aitb_PIPE_3_dot_col1_stage_reg_reg[0][1]/CLK
          Clock: (R) clk
       Endpoint: (F) aitb_PIPE_3_fix2float_col1_stage_reg_reg[0][22]/D
          Clock: (R) clk

                     Capture       Launch     
        Clock Edge:+    2000            0     
       Src Latency:+       0            0     
       Net Latency:+       0 (I)        0 (I) 
           Arrival:=    2000            0     
                                              
             Setup:-      19                  
       Uncertainty:-     100                  
     Required Time:=    1881                  
      Launch Clock:-       0                  
         Data Path:-    1842                  
             Slack:=      40                  

#------------------------------------------------------------------------------------------------------------------------------------------------
#                     Timing Point                      Flags    Arc    Edge           Cell             Fanout Load Trans Delay Arrival Instance 
#                                                                                                              (fF)  (ps)  (ps)   (ps)  Location 
#------------------------------------------------------------------------------------------------------------------------------------------------
  aitb_PIPE_3_dot_col1_stage_reg_reg[0][1]/CLK          -       -       R     (arrival)                   1147    -     0     0       0    (-,-) 
  aitb_PIPE_3_dot_col1_stage_reg_reg[0][1]/QN           -       CLK->QN R     ASYNC_DFFHx1_ASAP7_75t_SL      3  2.7    43    59      59    (-,-) 
  aitb_g23993/Y                                         -       A->Y    F     INVx2_ASAP7_75t_SL             2  1.6    17     9      68    (-,-) 
  aitb_u_fix2fp32_col1_ADD_TC_OP_g693/Y                 -       B->Y    F     AND2x2_ASAP7_75t_SL            2  1.4    12    21      89    (-,-) 
  aitb_u_fix2fp32_col1_ADD_TC_OP_g690/Y                 -       B->Y    F     AND2x2_ASAP7_75t_SL            3  3.2    18    24     113    (-,-) 
  aitb_u_fix2fp32_col1_ADD_TC_OP_g688/Y                 -       B->Y    R     NAND2x1p5_ASAP7_75t_SL         3  2.7    29    16     129    (-,-) 
  aitb_u_fix2fp32_col1_ADD_TC_OP_g686/Y                 -       B->Y    F     NOR2x1_ASAP7_75t_SL            3  3.2    33    21     150    (-,-) 
  aitb_u_fix2fp32_col1_ADD_TC_OP_g684/Y                 -       B->Y    R     NAND2x1p5_ASAP7_75t_SL         3  3.2    32    20     170    (-,-) 
  aitb_u_fix2fp32_col1_ADD_TC_OP_g682/Y                 -       B->Y    F     NOR2x1p5_ASAP7_75t_SL          3  3.2    26    16     187    (-,-) 
  aitb_u_fix2fp32_col1_ADD_TC_OP_g680/Y                 -       B->Y    R     NAND2x1p5_ASAP7_75t_SL         3  2.6    29    17     204    (-,-) 
  aitb_u_fix2fp32_col1_ADD_TC_OP_g678/Y                 -       B->Y    F     NOR2x1_ASAP7_75t_SL            3  2.6    29    19     223    (-,-) 
  aitb_u_fix2fp32_col1_ADD_TC_OP_g676/Y                 -       B->Y    R     NAND2x1_ASAP7_75t_SL           3  2.6    38    23     246    (-,-) 
  aitb_u_fix2fp32_col1_ADD_TC_OP_g674/Y                 -       B->Y    F     NOR2x1_ASAP7_75t_SL            3  2.6    30    21     267    (-,-) 
  aitb_u_fix2fp32_col1_ADD_TC_OP_g672/Y                 -       B->Y    R     NAND2x1_ASAP7_75t_SL           3  2.6    38    23     290    (-,-) 
  aitb_u_fix2fp32_col1_ADD_TC_OP_g670/Y                 -       B->Y    F     NOR2x1_ASAP7_75t_SL            3  2.1    26    19     309    (-,-) 
  aitb_u_fix2fp32_col1_ADD_TC_OP_g668/Y                 -       B->Y    R     NAND2xp5_ASAP7_75t_SL          3  2.6    47    27     336    (-,-) 
  aitb_u_fix2fp32_col1_ADD_TC_OP_g666/Y                 -       B->Y    F     NOR2x1_ASAP7_75t_SL            3  2.1    29    20     356    (-,-) 
  aitb_u_fix2fp32_col1_ADD_TC_OP_g664/Y                 -       B->Y    R     NAND2xp5_ASAP7_75t_SL          3  2.6    47    28     384    (-,-) 
  aitb_u_fix2fp32_col1_ADD_TC_OP_g662/Y                 -       B->Y    F     NOR2x1_ASAP7_75t_SL            3  2.1    29    20     403    (-,-) 
  aitb_u_fix2fp32_col1_ADD_TC_OP_g660/Y                 -       B->Y    R     NAND2xp5_ASAP7_75t_SL          3  2.6    47    28     431    (-,-) 
  aitb_u_fix2fp32_col1_ADD_TC_OP_g658/Y                 -       B->Y    F     NOR2x1_ASAP7_75t_SL            3  2.1    29    20     451    (-,-) 
  aitb_u_fix2fp32_col1_ADD_TC_OP_g656/Y                 -       B->Y    R     NAND2xp5_ASAP7_75t_SL          3  2.6    47    28     479    (-,-) 
  aitb_u_fix2fp32_col1_ADD_TC_OP_g654/Y                 -       B->Y    F     NOR2x1_ASAP7_75t_SL            3  2.1    29    20     499    (-,-) 
  aitb_u_fix2fp32_col1_ADD_TC_OP_g652/Y                 -       B->Y    R     NAND2xp5_ASAP7_75t_SL          3  2.6    47    28     527    (-,-) 
  aitb_u_fix2fp32_col1_ADD_TC_OP_g650/Y                 -       B->Y    F     NOR2x1_ASAP7_75t_SL            4  2.8    34    23     550    (-,-) 
  aitb_u_fix2fp32_col1_ADD_TC_OP_g642/Y                 -       A->Y    F     AND5x1_ASAP7_75t_SL            2  1.8    19    27     577    (-,-) 
  aitb_u_fix2fp32_col1_ADD_TC_OP_g632/Y                 -       A->Y    F     AND5x2_ASAP7_75t_SL            3  3.2    21    26     604    (-,-) 
  aitb_u_fix2fp32_col1_ADD_TC_OP_g630/Y                 -       B->Y    R     NAND2x1p5_ASAP7_75t_SL         3  2.6    29    16     620    (-,-) 
  aitb_u_fix2fp32_col1_ADD_TC_OP_g628/Y                 -       B->Y    F     NOR2x1_ASAP7_75t_SL            3  2.1    26    17     637    (-,-) 
  aitb_u_fix2fp32_col1_ADD_TC_OP_g625/Y                 -       B->Y    F     AND2x2_ASAP7_75t_SL            2  1.9    14    24     661    (-,-) 
  aitb_u_fix2fp32_col1_ADD_TC_OP_g622/Y                 -       B->Y    R     NAND2x1_ASAP7_75t_SL           3  2.0    32    16     677    (-,-) 
  aitb_u_fix2fp32_col1_ADD_TC_OP_g618/Y                 -       B->Y    R     OR2x2_ASAP7_75t_SL             3  1.9    16    23     701    (-,-) 
  aitb_u_fix2fp32_col1_ADD_TC_OP_g615/Y                 -       B->Y    R     OR2x2_ASAP7_75t_SL             3  2.1    17    21     722    (-,-) 
  aitb_u_fix2fp32_col1_ADD_TC_OP_g610/Y                 -       A2->Y   F     AOI21xp33_ASAP7_75t_SL         1  0.7    24    12     734    (-,-) 
  aitb_g27604__7482/Y                                   -       B2->Y   F     AO22x1_ASAP7_75t_SL            2  1.5    25    30     764    (-,-) 
  aitb_g27568__1881/Y                                   -       A->Y    F     OR5x1_ASAP7_75t_SL             1  0.8    22    37     801    (-,-) 
  aitb_g27567__6131/Y                                   -       B->Y    R     NOR5xp2_ASAP7_75t_SL           1  0.8    70    34     834    (-,-) 
  aitb_g27564__5122/Y                                   -       B->Y    R     AND2x2_ASAP7_75t_SL            9  6.6    40    38     872    (-,-) 
  aitb_g27558__5526/Y                                   -       A1->Y   F     AOI21xp5_ASAP7_75t_SL          2  1.6    35    21     893    (-,-) 
  aitb_g27046__2346/Y                                   -       C->Y    R     NAND4xp25_ASAP7_75t_SL         1  0.8    31    20     913    (-,-) 
  aitb_g27042__6161/Y                                   -       A->Y    R     OR2x2_ASAP7_75t_SL            26 18.3    95    60     974    (-,-) 
  aitb_g27041/Y                                         -       A->Y    F     INVx1_ASAP7_75t_SL             1  0.8    30    11     984    (-,-) 
  aitb_g27526__1666/Y                                   -       A1->Y   R     AOI21xp5_ASAP7_75t_SL          2  1.7    44    23    1008    (-,-) 
  aitb_g27518/Y                                         -       A->Y    F     INVx1_ASAP7_75t_SL             1  0.8    18    10    1017    (-,-) 
  aitb_g27517__5115/Y                                   -       D->Y    R     NOR4xp25_ASAP7_75t_SL          1  0.8    59    28    1046    (-,-) 
  aitb_g27513__8246/Y                                   -       B->Y    R     AND2x2_ASAP7_75t_SL            7  5.4    34    34    1080    (-,-) 
  aitb_g27512/Y                                         -       A->Y    F     INVx2_ASAP7_75t_SL            20 15.1    60    35    1115    (-,-) 
  aitb_g26985__2398/Y                                   -       A2->Y   R     OAI21xp5_ASAP7_75t_SL          2  1.6    50    30    1146    (-,-) 
  aitb_g26975__2883/Y                                   -       C->Y    R     OR3x2_ASAP7_75t_SL            27 19.3   100    61    1206    (-,-) 
  aitb_g26968__7482/Y                                   -       A2->Y   F     OAI21xp5_ASAP7_75t_SL          3  2.1    56    29    1236    (-,-) 
  aitb_g26961__8246/Y                                   -       A1->Y   R     OAI21xp5_ASAP7_75t_SL          3  2.7    66    35    1271    (-,-) 
  aitb_g23913/Y                                         -       A->Y    F     INVx1_ASAP7_75t_SL             2  1.9    32    17    1288    (-,-) 
  aitb_u_fix2fp32_col1_csa_tree_SUB_TC_OP_groupi_g578/Y -       A->Y    R     INVxp67_ASAP7_75t_SL           1  0.9    24    15    1304    (-,-) 
  aitb_u_fix2fp32_col1_csa_tree_SUB_TC_OP_groupi_g568/Y -       A->Y    F     MAJIxp5_ASAP7_75t_SL           2  2.0    46    22    1325    (-,-) 
  aitb_u_fix2fp32_col1_csa_tree_SUB_TC_OP_groupi_g542/Y -       A->Y    R     MAJIxp5_ASAP7_75t_SL           2  1.9    64    32    1358    (-,-) 
  aitb_u_fix2fp32_col1_csa_tree_SUB_TC_OP_groupi_g541/Y -       A->Y    F     INVxp67_ASAP7_75t_SL           1  1.4    33    19    1376    (-,-) 
  aitb_u_fix2fp32_col1_csa_tree_SUB_TC_OP_groupi_g531/Y -       B->Y    R     MAJIxp5_ASAP7_75t_SL           2  1.9    56    32    1408    (-,-) 
  aitb_u_fix2fp32_col1_csa_tree_SUB_TC_OP_groupi_g530/Y -       A->Y    F     INVxp67_ASAP7_75t_SL           1  0.9    25    14    1422    (-,-) 
  aitb_u_fix2fp32_col1_csa_tree_SUB_TC_OP_groupi_g526/Y -       A->Y    R     MAJIxp5_ASAP7_75t_SL           2  2.1    62    29    1451    (-,-) 
  aitb_u_fix2fp32_col1_csa_tree_SUB_TC_OP_groupi_g523/Y -       A->Y    F     MAJIxp5_ASAP7_75t_SL           2  2.0    55    27    1478    (-,-) 
  aitb_u_fix2fp32_col1_csa_tree_SUB_TC_OP_groupi_g521/Y -       A->Y    F     MAJx2_ASAP7_75t_SL             2  2.0    19    35    1514    (-,-) 
  aitb_u_fix2fp32_col1_csa_tree_SUB_TC_OP_groupi_g519/Y -       A->Y    F     MAJx2_ASAP7_75t_SL             2  2.4    20    29    1543    (-,-) 
  aitb_u_fix2fp32_col1_csa_tree_SUB_TC_OP_groupi_g517/Y -       C->Y    R     MAJIxp5_ASAP7_75t_SL           2  1.8    57    26    1568    (-,-) 
  aitb_u_fix2fp32_col1_csa_tree_SUB_TC_OP_groupi_g515/Y -       B->Y    F     NOR2xp33_ASAP7_75t_SL          1  1.3    44    29    1598    (-,-) 
  aitb_g46416/Y                                         -       B->Y    R     NOR2x1_ASAP7_75t_SL           10  6.8    75    41    1639    (-,-) 
  aitb_g46398/Y                                         -       A->Y    F     INVx1_ASAP7_75t_L              1  0.8    24    16    1654    (-,-) 
  aitb_g46347/Y                                         -       A->Y    R     NOR3xp33_ASAP7_75t_SL          2  1.4    57    28    1683    (-,-) 
  aitb_g46310/Y                                         -       A->Y    F     NAND2xp5_ASAP7_75t_L          14  9.4   146    77    1760    (-,-) 
  aitb_g46291/Y                                         -       A->Y    R     INVx1_ASAP7_75t_SL            10  6.8   104    65    1824    (-,-) 
  aitb_g46209/Y                                         -       B->Y    F     O2A1O1Ixp33_ASAP7_75t_SL       1  0.9    44    17    1841    (-,-) 
  aitb_PIPE_3_fix2float_col1_stage_reg_reg[0][22]/D     -       -       F     ASYNC_DFFHx1_ASAP7_75t_SL      1    -     -     0    1842    (-,-) 
#------------------------------------------------------------------------------------------------------------------------------------------------



Path 14: MET (40 ps) Setup Check with Pin aitb_PIPE_OUT_col1_stage_reg_reg[0][6]/CLK->D
           View: PVT_0P63V_100C.setup_view
          Group: clk
     Startpoint: (R) aitb_PIPE_cascade_in_col1_stage_reg_reg[0][12]/CLK
          Clock: (R) clk
       Endpoint: (R) aitb_PIPE_OUT_col1_stage_reg_reg[0][6]/D
          Clock: (R) clk

                     Capture       Launch     
        Clock Edge:+    2000            0     
       Src Latency:+       0            0     
       Net Latency:+       0 (I)        0 (I) 
           Arrival:=    2000            0     
                                              
             Setup:-      17                  
       Uncertainty:-     100                  
     Required Time:=    1883                  
      Launch Clock:-       0                  
         Data Path:-    1843                  
             Slack:=      40                  

#-------------------------------------------------------------------------------------------------------------------------------------------------------
#                        Timing Point                          Flags    Arc    Edge           Cell             Fanout Load Trans Delay Arrival Instance 
#                                                                                                                     (fF)  (ps)  (ps)   (ps)  Location 
#-------------------------------------------------------------------------------------------------------------------------------------------------------
  aitb_PIPE_cascade_in_col1_stage_reg_reg[0][12]/CLK           -       -       R     (arrival)                   1147    -     0     0       0    (-,-) 
  aitb_PIPE_cascade_in_col1_stage_reg_reg[0][12]/QN            -       CLK->QN R     ASYNC_DFFHx1_ASAP7_75t_SL      1  0.8    24    48      48    (-,-) 
  aitb_g46931/Y                                                -       B->Y    F     NAND2xp5_ASAP7_75t_SL          2  1.7    52    18      65    (-,-) 
  aitb_g46899/Y                                                -       A->Y    R     INVx1_ASAP7_75t_SL             1  0.8    24    14      80    (-,-) 
  aitb_g46883/Y                                                -       B->Y    F     AOI21xp5_ASAP7_75t_L           3  2.0    61    23     102    (-,-) 
  aitb_g46107/Y                                                -       B->Y    F     AND2x2_ASAP7_75t_SL            1  0.9    13    28     131    (-,-) 
  aitb_g46060/Y                                                -       A->Y    R     MAJIxp5_ASAP7_75t_SL           1  0.8    42    16     147    (-,-) 
  aitb_g46030/Y                                                -       B1->Y   F     OAI321xp33_ASAP7_75t_SL        1  0.8    40    22     169    (-,-) 
  aitb_g45975/Y                                                -       B->Y    R     AOI21xp5_ASAP7_75t_SL          1  0.8    32    20     189    (-,-) 
  aitb_g45865/Y                                                -       C->Y    F     OAI211xp5_ASAP7_75t_SL         1  1.3    45    19     208    (-,-) 
  aitb_g45849/Y                                                -       A2->Y   R     AOI21x1_ASAP7_75t_SL           1  2.6    41    23     231    (-,-) 
  aitb_g45846/Y                                                -       A->Y    R     BUFx12f_ASAP7_75t_SL          30 22.5    27    28     259    (-,-) 
  aitb_g45792/Y                                                -       A->Y    F     INVx3_ASAP7_75t_SL             4  3.5    16    10     269    (-,-) 
  aitb_g45789/Y                                                -       A->Y    R     INVx2_ASAP7_75t_SL             4  3.1    20    13     282    (-,-) 
  aitb_g45695/Y                                                -       A2->Y   F     OAI21xp5_ASAP7_75t_SL          1  1.3    29    16     297    (-,-) 
  aitb_g45602/Y                                                -       A2->Y   R     AOI21x1_ASAP7_75t_SL           2  2.5    41    20     317    (-,-) 
  aitb_g45563__4733/Y                                          -       A->Y    F     NAND2x1p5_ASAP7_75t_SL         2  1.6    18     9     326    (-,-) 
  aitb_g45536__2398/Y                                          -       B->Y    F     OR2x2_ASAP7_75t_SL             2  2.7    19    27     353    (-,-) 
  aitb_g45523/Y                                                -       A->Y    R     INVx2_ASAP7_75t_SL             1  1.4    13     9     362    (-,-) 
  aitb_g45467__3680/Y                                          -       A1->Y   F     AOI21x1_ASAP7_75t_SL           1  1.8    22    12     374    (-,-) 
  aitb_g45451__1666/Y                                          -       A->Y    R     NAND2x1p5_ASAP7_75t_SL         2  2.1    25    16     390    (-,-) 
  aitb_g45442/Y                                                -       A->Y    F     INVx1_ASAP7_75t_SL             2  2.1    22    14     405    (-,-) 
  aitb_g45424__8428/Y                                          -       B->Y    F     AND2x4_ASAP7_75t_SL            9  8.5    22    27     432    (-,-) 
  aitb_g45359__1617/Y                                          -       A2->Y   F     AO22x1_ASAP7_75t_SL            2  2.1    24    30     462    (-,-) 
  aitb_g45287__3680/Y                                          -       B1->Y   R     AOI22xp5_ASAP7_75t_SL          2  2.1    55    29     492    (-,-) 
  aitb_g45226__1705/Y                                          -       A1->Y   F     OAI22x1_ASAP7_75t_SL           2  2.5    43    22     513    (-,-) 
  aitb_g45199__7098/Y                                          -       B1->Y   R     AOI22x1_ASAP7_75t_SL           1  1.3    34    20     533    (-,-) 
  aitb_g45173__7482/Y                                          -       B->Y    R     XOR2xp5_ASAP7_75t_SL           2  1.3    54    29     561    (-,-) 
  aitb_addinc_FP32_ALU_col1_fracAdder_add_113_18_g1237/Y       -       B->Y    F     NOR2xp33_ASAP7_75t_SL          3  2.5    75    42     603    (-,-) 
  aitb_addinc_FP32_ALU_col1_fracAdder_add_113_18_g1140/Y       -       A2->Y   R     OAI21xp5_ASAP7_75t_SL          1  0.8    41    24     628    (-,-) 
  aitb_addinc_FP32_ALU_col1_fracAdder_add_113_18_g1085/Y       -       B->Y    F     AOI21xp5_ASAP7_75t_SL          1  0.9    28    15     643    (-,-) 
  aitb_addinc_FP32_ALU_col1_fracAdder_add_113_18_g1077/Y       -       B->Y    F     OA21x2_ASAP7_75t_SL            3  2.9    19    24     668    (-,-) 
  aitb_addinc_FP32_ALU_col1_fracAdder_add_113_18_g1075/Y       -       A->Y    F     BUFx3_ASAP7_75t_SL             5  3.9    16    23     690    (-,-) 
  aitb_addinc_FP32_ALU_col1_fracAdder_add_113_18_g1050/Y       -       A2->Y   R     OAI21xp5_ASAP7_75t_SL          1  1.3    33    19     710    (-,-) 
  aitb_addinc_FP32_ALU_col1_fracAdder_add_113_18_g1040/Y       -       B->Y    F     XOR2xp5_ASAP7_75t_SL           2  1.4    36    19     729    (-,-) 
  aitb_g27383__4319/Y                                          -       A->Y    F     OR3x1_ASAP7_75t_SL             1  1.8    22    36     764    (-,-) 
  aitb_g27380__5107/Y                                          -       D->Y    R     NOR4xp75_ASAP7_75t_SL          1  1.3    46    23     788    (-,-) 
  aitb_g27379__2398/Y                                          -       C->Y    R     AND3x4_ASAP7_75t_SL            9  9.8    34    36     824    (-,-) 
  aitb_g27373__6417/Y                                          -       A2->Y   F     AOI21x1_ASAP7_75t_SL           2  2.3    35    14     838    (-,-) 
  aitb_g27361__4733/Y                                          -       D->Y    R     NAND4xp75_ASAP7_75t_L          1  1.8    31    23     861    (-,-) 
  aitb_g27359__5115/Y                                          -       B->Y    F     NOR2x1p5_ASAP7_75t_SL          5  4.5    31    20     880    (-,-) 
  aitb_g27358/Y                                                -       A->Y    R     INVx3_ASAP7_75t_SL             6  5.1    26    17     897    (-,-) 
  aitb_g27350__2802/Y                                          -       A2->Y   F     OAI21xp5_ASAP7_75t_SL          1  1.4    32    17     914    (-,-) 
  aitb_g27347__6783/Y                                          -       B->Y    R     AOI21x1_ASAP7_75t_SL           2  2.4    40    22     937    (-,-) 
  aitb_g27340__4319/Y                                          -       B->Y    F     NAND4xp75_ASAP7_75t_SL         5  3.7    49    26     962    (-,-) 
  aitb_g27335__5107/Y                                          -       B->Y    R     NOR2xp33_ASAP7_75t_SL          1  1.2    50    28     991    (-,-) 
  aitb_g27329__2346/Y                                          -       C->Y    R     AO211x2_ASAP7_75t_SL           2  2.3    22    32    1023    (-,-) 
  aitb_g27326/Y                                                -       A->Y    F     INVx2_ASAP7_75t_SL             1  1.3    11     7    1030    (-,-) 
  aitb_g27323__9315/Y                                          -       A->Y    F     AND2x4_ASAP7_75t_SL            5  3.9    14    21    1051    (-,-) 
  aitb_g27314__5115/Y                                          -       A2->Y   R     AOI21xp5_ASAP7_75t_L           1  1.8    52    27    1078    (-,-) 
  aitb_g27310__8246/Y                                          -       A->Y    F     NAND2x1p5_ASAP7_75t_SL         2  2.5    25    11    1089    (-,-) 
  aitb_g27309__5122/Y                                          -       A2->Y   R     AOI21x1_ASAP7_75t_SL           1  1.6    30    16    1105    (-,-) 
  aitb_g27307__2802/Y                                          -       B->Y    F     NOR3x1_ASAP7_75t_SL            2  1.9    30    20    1126    (-,-) 
  aitb_g27303__3680/Y                                          -       B->Y    F     AND2x4_ASAP7_75t_SL            9  7.6    20    28    1154    (-,-) 
  aitb_g27302/Y                                                -       A->Y    R     INVx2_ASAP7_75t_SL             2  2.2    17    12    1165    (-,-) 
  aitb_g27292__7410/Y                                          -       A2->Y   R     AO22x2_ASAP7_75t_SL            3  2.3    20    26    1191    (-,-) 
  aitb_g27245/Y                                                -       A->Y    R     BUFx8_ASAP7_75t_SL            21 19.1    32    33    1224    (-,-) 
  aitb_g27244/Y                                                -       A->Y    F     INVx5_ASAP7_75t_SL            19 14.0    29    18    1243    (-,-) 
  aitb_g27095__8246/Y                                          -       A1->Y   R     AOI22xp5_ASAP7_75t_SL          2  2.0    52    28    1270    (-,-) 
  aitb_g27056__6131/Y                                          -       B2->Y   F     OAI22x1_ASAP7_75t_SL           4  2.5    35    17    1287    (-,-) 
  g47850/Y                                                     -       A->Y    F     HB1xp67_ASAP7_75t_SRAM         2  2.6    61    71    1359    (-,-) 
  aitb_inc_FP32_ALU_col1_roundingAdder_add_274_18_spec1_g561/Y -       A->Y    R     NAND2x1p5_ASAP7_75t_SL         2  2.3    37    25    1384    (-,-) 
  aitb_inc_FP32_ALU_col1_roundingAdder_add_274_18_spec1_g558/Y -       B->Y    F     NOR2x1p5_ASAP7_75t_SL          2  1.6    19    12    1396    (-,-) 
  aitb_inc_FP32_ALU_col1_roundingAdder_add_274_18_spec1_g556/Y -       B->Y    R     NAND2xp5_ASAP7_75t_SL          2  1.3    44    17    1413    (-,-) 
  aitb_inc_FP32_ALU_col1_roundingAdder_add_274_18_spec1_g552/Y -       B->Y    R     OR2x2_ASAP7_75t_SL             2  2.6    20    27    1440    (-,-) 
  aitb_inc_FP32_ALU_col1_roundingAdder_add_274_18_spec1_g549/Y -       B->Y    F     NOR2x1p5_ASAP7_75t_SL          2  2.4    26    13    1453    (-,-) 
  aitb_inc_FP32_ALU_col1_roundingAdder_add_274_18_spec1_g542/Y -       B->Y    R     NAND2x1p5_ASAP7_75t_SL         2  2.3    23    16    1469    (-,-) 
  aitb_inc_FP32_ALU_col1_roundingAdder_add_274_18_spec1_g534/Y -       B->Y    F     NOR2x1p5_ASAP7_75t_SL          2  2.4    24    13    1482    (-,-) 
  aitb_inc_FP32_ALU_col1_roundingAdder_add_274_18_spec1_g523/Y -       B->Y    R     NAND2x1p5_ASAP7_75t_SL         2  2.6    29    17    1499    (-,-) 
  aitb_inc_FP32_ALU_col1_roundingAdder_add_274_18_spec1_g509/Y -       B->Y    F     NOR2x1p5_ASAP7_75t_SL          2  1.4    20    11    1510    (-,-) 
  aitb_inc_FP32_ALU_col1_roundingAdder_add_274_18_spec1_g489/Y -       A->Y    F     AND3x2_ASAP7_75t_SL            2  1.9    14    20    1529    (-,-) 
  aitb_inc_FP32_ALU_col1_roundingAdder_add_274_18_spec1_g483/Y -       B->Y    F     AND2x4_ASAP7_75t_SL            2  2.6    14    19    1549    (-,-) 
  aitb_inc_FP32_ALU_col1_roundingAdder_add_274_18_spec1_g481/Y -       B->Y    R     NAND2x1p5_ASAP7_75t_SL         3  3.7    33    17    1566    (-,-) 
  aitb_inc_FP32_ALU_col1_roundingAdder_add_274_18_spec1_g478/Y -       B->Y    F     NOR2x1p5_ASAP7_75t_SL          2  1.8    19    13    1578    (-,-) 
  aitb_inc_FP32_ALU_col1_roundingAdder_add_274_18_spec1_g475/Y -       B->Y    F     AND2x4_ASAP7_75t_SL            3  3.5    15    22    1600    (-,-) 
  aitb_inc_FP32_ALU_col1_roundingAdder_add_274_18_spec1_g471/Y -       B->Y    R     NAND2x1_ASAP7_75t_SL           1  1.2    32    13    1614    (-,-) 
  aitb_inc_FP32_ALU_col1_roundingAdder_add_274_18_spec1_g469/Y -       B->Y    R     XNOR2xp5_ASAP7_75t_SL          1  0.8    34    20    1633    (-,-) 
  aitb_g26574/Y                                                -       A1->Y   F     AOI22xp5_ASAP7_75t_SL          2  1.5    38    18    1650    (-,-) 
  aitb_g26566/Y                                                -       A->Y    R     NOR4xp25_ASAP7_75t_SL          1  1.4    77    40    1690    (-,-) 
  aitb_g26559/Y                                                -       A1->Y   F     AOI21x1_ASAP7_75t_SL          10  7.2    69    40    1730    (-,-) 
  aitb_g26556/Y                                                -       B->Y    R     NAND2xp5_ASAP7_75t_L           2  2.0    53    38    1768    (-,-) 
  aitb_g26537/Y                                                -       B->Y    F     NOR2xp33_ASAP7_75t_SL          3  2.1    60    38    1806    (-,-) 
  aitb_g26472/Y                                                -       B1->Y   R     AOI221xp5_ASAP7_75t_L          1  0.9    70    36    1842    (-,-) 
  aitb_PIPE_OUT_col1_stage_reg_reg[0][6]/D                     -       -       R     ASYNC_DFFHx1_ASAP7_75t_SL      1    -     -     0    1843    (-,-) 
#-------------------------------------------------------------------------------------------------------------------------------------------------------



Path 15: MET (40 ps) Setup Check with Pin aitb_PIPE_OUT_col1_stage_reg_reg[0][5]/CLK->D
           View: PVT_0P63V_100C.setup_view
          Group: clk
     Startpoint: (R) aitb_PIPE_cascade_in_col1_stage_reg_reg[0][12]/CLK
          Clock: (R) clk
       Endpoint: (R) aitb_PIPE_OUT_col1_stage_reg_reg[0][5]/D
          Clock: (R) clk

                     Capture       Launch     
        Clock Edge:+    2000            0     
       Src Latency:+       0            0     
       Net Latency:+       0 (I)        0 (I) 
           Arrival:=    2000            0     
                                              
             Setup:-      17                  
       Uncertainty:-     100                  
     Required Time:=    1883                  
      Launch Clock:-       0                  
         Data Path:-    1843                  
             Slack:=      40                  

#-------------------------------------------------------------------------------------------------------------------------------------------------------
#                        Timing Point                          Flags    Arc    Edge           Cell             Fanout Load Trans Delay Arrival Instance 
#                                                                                                                     (fF)  (ps)  (ps)   (ps)  Location 
#-------------------------------------------------------------------------------------------------------------------------------------------------------
  aitb_PIPE_cascade_in_col1_stage_reg_reg[0][12]/CLK           -       -       R     (arrival)                   1147    -     0     0       0    (-,-) 
  aitb_PIPE_cascade_in_col1_stage_reg_reg[0][12]/QN            -       CLK->QN R     ASYNC_DFFHx1_ASAP7_75t_SL      1  0.8    24    48      48    (-,-) 
  aitb_g46931/Y                                                -       B->Y    F     NAND2xp5_ASAP7_75t_SL          2  1.7    52    18      65    (-,-) 
  aitb_g46899/Y                                                -       A->Y    R     INVx1_ASAP7_75t_SL             1  0.8    24    14      80    (-,-) 
  aitb_g46883/Y                                                -       B->Y    F     AOI21xp5_ASAP7_75t_L           3  2.0    61    23     102    (-,-) 
  aitb_g46107/Y                                                -       B->Y    F     AND2x2_ASAP7_75t_SL            1  0.9    13    28     131    (-,-) 
  aitb_g46060/Y                                                -       A->Y    R     MAJIxp5_ASAP7_75t_SL           1  0.8    42    16     147    (-,-) 
  aitb_g46030/Y                                                -       B1->Y   F     OAI321xp33_ASAP7_75t_SL        1  0.8    40    22     169    (-,-) 
  aitb_g45975/Y                                                -       B->Y    R     AOI21xp5_ASAP7_75t_SL          1  0.8    32    20     189    (-,-) 
  aitb_g45865/Y                                                -       C->Y    F     OAI211xp5_ASAP7_75t_SL         1  1.3    45    19     208    (-,-) 
  aitb_g45849/Y                                                -       A2->Y   R     AOI21x1_ASAP7_75t_SL           1  2.6    41    23     231    (-,-) 
  aitb_g45846/Y                                                -       A->Y    R     BUFx12f_ASAP7_75t_SL          30 22.5    27    28     259    (-,-) 
  aitb_g45792/Y                                                -       A->Y    F     INVx3_ASAP7_75t_SL             4  3.5    16    10     269    (-,-) 
  aitb_g45789/Y                                                -       A->Y    R     INVx2_ASAP7_75t_SL             4  3.1    20    13     282    (-,-) 
  aitb_g45695/Y                                                -       A2->Y   F     OAI21xp5_ASAP7_75t_SL          1  1.3    29    16     297    (-,-) 
  aitb_g45602/Y                                                -       A2->Y   R     AOI21x1_ASAP7_75t_SL           2  2.5    41    20     317    (-,-) 
  aitb_g45563__4733/Y                                          -       A->Y    F     NAND2x1p5_ASAP7_75t_SL         2  1.6    18     9     326    (-,-) 
  aitb_g45536__2398/Y                                          -       B->Y    F     OR2x2_ASAP7_75t_SL             2  2.7    19    27     353    (-,-) 
  aitb_g45523/Y                                                -       A->Y    R     INVx2_ASAP7_75t_SL             1  1.4    13     9     362    (-,-) 
  aitb_g45467__3680/Y                                          -       A1->Y   F     AOI21x1_ASAP7_75t_SL           1  1.8    22    12     374    (-,-) 
  aitb_g45451__1666/Y                                          -       A->Y    R     NAND2x1p5_ASAP7_75t_SL         2  2.1    25    16     390    (-,-) 
  aitb_g45442/Y                                                -       A->Y    F     INVx1_ASAP7_75t_SL             2  2.1    22    14     405    (-,-) 
  aitb_g45424__8428/Y                                          -       B->Y    F     AND2x4_ASAP7_75t_SL            9  8.5    22    27     432    (-,-) 
  aitb_g45359__1617/Y                                          -       A2->Y   F     AO22x1_ASAP7_75t_SL            2  2.1    24    30     462    (-,-) 
  aitb_g45287__3680/Y                                          -       B1->Y   R     AOI22xp5_ASAP7_75t_SL          2  2.1    55    29     492    (-,-) 
  aitb_g45226__1705/Y                                          -       A1->Y   F     OAI22x1_ASAP7_75t_SL           2  2.5    43    22     513    (-,-) 
  aitb_g45199__7098/Y                                          -       B1->Y   R     AOI22x1_ASAP7_75t_SL           1  1.3    34    20     533    (-,-) 
  aitb_g45173__7482/Y                                          -       B->Y    R     XOR2xp5_ASAP7_75t_SL           2  1.3    54    29     561    (-,-) 
  aitb_addinc_FP32_ALU_col1_fracAdder_add_113_18_g1237/Y       -       B->Y    F     NOR2xp33_ASAP7_75t_SL          3  2.5    75    42     603    (-,-) 
  aitb_addinc_FP32_ALU_col1_fracAdder_add_113_18_g1140/Y       -       A2->Y   R     OAI21xp5_ASAP7_75t_SL          1  0.8    41    24     628    (-,-) 
  aitb_addinc_FP32_ALU_col1_fracAdder_add_113_18_g1085/Y       -       B->Y    F     AOI21xp5_ASAP7_75t_SL          1  0.9    28    15     643    (-,-) 
  aitb_addinc_FP32_ALU_col1_fracAdder_add_113_18_g1077/Y       -       B->Y    F     OA21x2_ASAP7_75t_SL            3  2.9    19    24     668    (-,-) 
  aitb_addinc_FP32_ALU_col1_fracAdder_add_113_18_g1075/Y       -       A->Y    F     BUFx3_ASAP7_75t_SL             5  3.9    16    23     690    (-,-) 
  aitb_addinc_FP32_ALU_col1_fracAdder_add_113_18_g1050/Y       -       A2->Y   R     OAI21xp5_ASAP7_75t_SL          1  1.3    33    19     710    (-,-) 
  aitb_addinc_FP32_ALU_col1_fracAdder_add_113_18_g1040/Y       -       B->Y    F     XOR2xp5_ASAP7_75t_SL           2  1.4    36    19     729    (-,-) 
  aitb_g27383__4319/Y                                          -       A->Y    F     OR3x1_ASAP7_75t_SL             1  1.8    22    36     764    (-,-) 
  aitb_g27380__5107/Y                                          -       D->Y    R     NOR4xp75_ASAP7_75t_SL          1  1.3    46    23     788    (-,-) 
  aitb_g27379__2398/Y                                          -       C->Y    R     AND3x4_ASAP7_75t_SL            9  9.8    34    36     824    (-,-) 
  aitb_g27373__6417/Y                                          -       A2->Y   F     AOI21x1_ASAP7_75t_SL           2  2.3    35    14     838    (-,-) 
  aitb_g27361__4733/Y                                          -       D->Y    R     NAND4xp75_ASAP7_75t_L          1  1.8    31    23     861    (-,-) 
  aitb_g27359__5115/Y                                          -       B->Y    F     NOR2x1p5_ASAP7_75t_SL          5  4.5    31    20     880    (-,-) 
  aitb_g27358/Y                                                -       A->Y    R     INVx3_ASAP7_75t_SL             6  5.1    26    17     897    (-,-) 
  aitb_g27350__2802/Y                                          -       A2->Y   F     OAI21xp5_ASAP7_75t_SL          1  1.4    32    17     914    (-,-) 
  aitb_g27347__6783/Y                                          -       B->Y    R     AOI21x1_ASAP7_75t_SL           2  2.4    40    22     937    (-,-) 
  aitb_g27340__4319/Y                                          -       B->Y    F     NAND4xp75_ASAP7_75t_SL         5  3.7    49    26     962    (-,-) 
  aitb_g27335__5107/Y                                          -       B->Y    R     NOR2xp33_ASAP7_75t_SL          1  1.2    50    28     991    (-,-) 
  aitb_g27329__2346/Y                                          -       C->Y    R     AO211x2_ASAP7_75t_SL           2  2.3    22    32    1023    (-,-) 
  aitb_g27326/Y                                                -       A->Y    F     INVx2_ASAP7_75t_SL             1  1.3    11     7    1030    (-,-) 
  aitb_g27323__9315/Y                                          -       A->Y    F     AND2x4_ASAP7_75t_SL            5  3.9    14    21    1051    (-,-) 
  aitb_g27314__5115/Y                                          -       A2->Y   R     AOI21xp5_ASAP7_75t_L           1  1.8    52    27    1078    (-,-) 
  aitb_g27310__8246/Y                                          -       A->Y    F     NAND2x1p5_ASAP7_75t_SL         2  2.5    25    11    1089    (-,-) 
  aitb_g27309__5122/Y                                          -       A2->Y   R     AOI21x1_ASAP7_75t_SL           1  1.6    30    16    1105    (-,-) 
  aitb_g27307__2802/Y                                          -       B->Y    F     NOR3x1_ASAP7_75t_SL            2  1.9    30    20    1126    (-,-) 
  aitb_g27303__3680/Y                                          -       B->Y    F     AND2x4_ASAP7_75t_SL            9  7.6    20    28    1154    (-,-) 
  aitb_g27302/Y                                                -       A->Y    R     INVx2_ASAP7_75t_SL             2  2.2    17    12    1165    (-,-) 
  aitb_g27292__7410/Y                                          -       A2->Y   R     AO22x2_ASAP7_75t_SL            3  2.3    20    26    1191    (-,-) 
  aitb_g27245/Y                                                -       A->Y    R     BUFx8_ASAP7_75t_SL            21 19.1    32    33    1224    (-,-) 
  aitb_g27244/Y                                                -       A->Y    F     INVx5_ASAP7_75t_SL            19 14.0    29    18    1243    (-,-) 
  aitb_g27095__8246/Y                                          -       A1->Y   R     AOI22xp5_ASAP7_75t_SL          2  2.0    52    28    1270    (-,-) 
  aitb_g27056__6131/Y                                          -       B2->Y   F     OAI22x1_ASAP7_75t_SL           4  2.5    35    17    1287    (-,-) 
  g47850/Y                                                     -       A->Y    F     HB1xp67_ASAP7_75t_SRAM         2  2.6    61    71    1359    (-,-) 
  aitb_inc_FP32_ALU_col1_roundingAdder_add_274_18_spec1_g561/Y -       A->Y    R     NAND2x1p5_ASAP7_75t_SL         2  2.3    37    25    1384    (-,-) 
  aitb_inc_FP32_ALU_col1_roundingAdder_add_274_18_spec1_g558/Y -       B->Y    F     NOR2x1p5_ASAP7_75t_SL          2  1.6    19    12    1396    (-,-) 
  aitb_inc_FP32_ALU_col1_roundingAdder_add_274_18_spec1_g556/Y -       B->Y    R     NAND2xp5_ASAP7_75t_SL          2  1.3    44    17    1413    (-,-) 
  aitb_inc_FP32_ALU_col1_roundingAdder_add_274_18_spec1_g552/Y -       B->Y    R     OR2x2_ASAP7_75t_SL             2  2.6    20    27    1440    (-,-) 
  aitb_inc_FP32_ALU_col1_roundingAdder_add_274_18_spec1_g549/Y -       B->Y    F     NOR2x1p5_ASAP7_75t_SL          2  2.4    26    13    1453    (-,-) 
  aitb_inc_FP32_ALU_col1_roundingAdder_add_274_18_spec1_g542/Y -       B->Y    R     NAND2x1p5_ASAP7_75t_SL         2  2.3    23    16    1469    (-,-) 
  aitb_inc_FP32_ALU_col1_roundingAdder_add_274_18_spec1_g534/Y -       B->Y    F     NOR2x1p5_ASAP7_75t_SL          2  2.4    24    13    1482    (-,-) 
  aitb_inc_FP32_ALU_col1_roundingAdder_add_274_18_spec1_g523/Y -       B->Y    R     NAND2x1p5_ASAP7_75t_SL         2  2.6    29    17    1499    (-,-) 
  aitb_inc_FP32_ALU_col1_roundingAdder_add_274_18_spec1_g509/Y -       B->Y    F     NOR2x1p5_ASAP7_75t_SL          2  1.4    20    11    1510    (-,-) 
  aitb_inc_FP32_ALU_col1_roundingAdder_add_274_18_spec1_g489/Y -       A->Y    F     AND3x2_ASAP7_75t_SL            2  1.9    14    20    1529    (-,-) 
  aitb_inc_FP32_ALU_col1_roundingAdder_add_274_18_spec1_g483/Y -       B->Y    F     AND2x4_ASAP7_75t_SL            2  2.6    14    19    1549    (-,-) 
  aitb_inc_FP32_ALU_col1_roundingAdder_add_274_18_spec1_g481/Y -       B->Y    R     NAND2x1p5_ASAP7_75t_SL         3  3.7    33    17    1566    (-,-) 
  aitb_inc_FP32_ALU_col1_roundingAdder_add_274_18_spec1_g478/Y -       B->Y    F     NOR2x1p5_ASAP7_75t_SL          2  1.8    19    13    1578    (-,-) 
  aitb_inc_FP32_ALU_col1_roundingAdder_add_274_18_spec1_g475/Y -       B->Y    F     AND2x4_ASAP7_75t_SL            3  3.5    15    22    1600    (-,-) 
  aitb_inc_FP32_ALU_col1_roundingAdder_add_274_18_spec1_g471/Y -       B->Y    R     NAND2x1_ASAP7_75t_SL           1  1.2    32    13    1614    (-,-) 
  aitb_inc_FP32_ALU_col1_roundingAdder_add_274_18_spec1_g469/Y -       B->Y    R     XNOR2xp5_ASAP7_75t_SL          1  0.8    34    20    1633    (-,-) 
  aitb_g26574/Y                                                -       A1->Y   F     AOI22xp5_ASAP7_75t_SL          2  1.5    38    18    1650    (-,-) 
  aitb_g26566/Y                                                -       A->Y    R     NOR4xp25_ASAP7_75t_SL          1  1.4    77    40    1690    (-,-) 
  aitb_g26559/Y                                                -       A1->Y   F     AOI21x1_ASAP7_75t_SL          10  7.2    69    40    1730    (-,-) 
  aitb_g26556/Y                                                -       B->Y    R     NAND2xp5_ASAP7_75t_L           2  2.0    53    38    1768    (-,-) 
  aitb_g26537/Y                                                -       B->Y    F     NOR2xp33_ASAP7_75t_SL          3  2.1    60    38    1806    (-,-) 
  aitb_g26471/Y                                                -       B1->Y   R     AOI221xp5_ASAP7_75t_L          1  0.9    70    36    1842    (-,-) 
  aitb_PIPE_OUT_col1_stage_reg_reg[0][5]/D                     -       -       R     ASYNC_DFFHx1_ASAP7_75t_SL      1    -     -     0    1843    (-,-) 
#-------------------------------------------------------------------------------------------------------------------------------------------------------



Path 16: MET (40 ps) Setup Check with Pin aitb_PIPE_3_fix2float_col1_stage_reg_reg[0][3]/CLK->D
           View: PVT_0P63V_100C.setup_view
          Group: clk
     Startpoint: (R) aitb_PIPE_3_dot_col1_stage_reg_reg[0][1]/CLK
          Clock: (R) clk
       Endpoint: (F) aitb_PIPE_3_fix2float_col1_stage_reg_reg[0][3]/D
          Clock: (R) clk

                     Capture       Launch     
        Clock Edge:+    2000            0     
       Src Latency:+       0            0     
       Net Latency:+       0 (I)        0 (I) 
           Arrival:=    2000            0     
                                              
             Setup:-      19                  
       Uncertainty:-     100                  
     Required Time:=    1881                  
      Launch Clock:-       0                  
         Data Path:-    1840                  
             Slack:=      40                  

#------------------------------------------------------------------------------------------------------------------------------------------------
#                     Timing Point                      Flags    Arc    Edge           Cell             Fanout Load Trans Delay Arrival Instance 
#                                                                                                              (fF)  (ps)  (ps)   (ps)  Location 
#------------------------------------------------------------------------------------------------------------------------------------------------
  aitb_PIPE_3_dot_col1_stage_reg_reg[0][1]/CLK          -       -       R     (arrival)                   1147    -     0     0       0    (-,-) 
  aitb_PIPE_3_dot_col1_stage_reg_reg[0][1]/QN           -       CLK->QN R     ASYNC_DFFHx1_ASAP7_75t_SL      3  2.7    43    59      59    (-,-) 
  aitb_g23993/Y                                         -       A->Y    F     INVx2_ASAP7_75t_SL             2  1.6    17     9      68    (-,-) 
  aitb_u_fix2fp32_col1_ADD_TC_OP_g693/Y                 -       B->Y    F     AND2x2_ASAP7_75t_SL            2  1.4    12    21      89    (-,-) 
  aitb_u_fix2fp32_col1_ADD_TC_OP_g690/Y                 -       B->Y    F     AND2x2_ASAP7_75t_SL            3  3.2    18    24     113    (-,-) 
  aitb_u_fix2fp32_col1_ADD_TC_OP_g688/Y                 -       B->Y    R     NAND2x1p5_ASAP7_75t_SL         3  2.7    29    16     129    (-,-) 
  aitb_u_fix2fp32_col1_ADD_TC_OP_g686/Y                 -       B->Y    F     NOR2x1_ASAP7_75t_SL            3  3.2    33    21     150    (-,-) 
  aitb_u_fix2fp32_col1_ADD_TC_OP_g684/Y                 -       B->Y    R     NAND2x1p5_ASAP7_75t_SL         3  3.2    32    20     170    (-,-) 
  aitb_u_fix2fp32_col1_ADD_TC_OP_g682/Y                 -       B->Y    F     NOR2x1p5_ASAP7_75t_SL          3  3.2    26    16     187    (-,-) 
  aitb_u_fix2fp32_col1_ADD_TC_OP_g680/Y                 -       B->Y    R     NAND2x1p5_ASAP7_75t_SL         3  2.6    29    17     204    (-,-) 
  aitb_u_fix2fp32_col1_ADD_TC_OP_g678/Y                 -       B->Y    F     NOR2x1_ASAP7_75t_SL            3  2.6    29    19     223    (-,-) 
  aitb_u_fix2fp32_col1_ADD_TC_OP_g676/Y                 -       B->Y    R     NAND2x1_ASAP7_75t_SL           3  2.6    38    23     246    (-,-) 
  aitb_u_fix2fp32_col1_ADD_TC_OP_g674/Y                 -       B->Y    F     NOR2x1_ASAP7_75t_SL            3  2.6    30    21     267    (-,-) 
  aitb_u_fix2fp32_col1_ADD_TC_OP_g672/Y                 -       B->Y    R     NAND2x1_ASAP7_75t_SL           3  2.6    38    23     290    (-,-) 
  aitb_u_fix2fp32_col1_ADD_TC_OP_g670/Y                 -       B->Y    F     NOR2x1_ASAP7_75t_SL            3  2.1    26    19     309    (-,-) 
  aitb_u_fix2fp32_col1_ADD_TC_OP_g668/Y                 -       B->Y    R     NAND2xp5_ASAP7_75t_SL          3  2.6    47    27     336    (-,-) 
  aitb_u_fix2fp32_col1_ADD_TC_OP_g666/Y                 -       B->Y    F     NOR2x1_ASAP7_75t_SL            3  2.1    29    20     356    (-,-) 
  aitb_u_fix2fp32_col1_ADD_TC_OP_g664/Y                 -       B->Y    R     NAND2xp5_ASAP7_75t_SL          3  2.6    47    28     384    (-,-) 
  aitb_u_fix2fp32_col1_ADD_TC_OP_g662/Y                 -       B->Y    F     NOR2x1_ASAP7_75t_SL            3  2.1    29    20     403    (-,-) 
  aitb_u_fix2fp32_col1_ADD_TC_OP_g660/Y                 -       B->Y    R     NAND2xp5_ASAP7_75t_SL          3  2.6    47    28     431    (-,-) 
  aitb_u_fix2fp32_col1_ADD_TC_OP_g658/Y                 -       B->Y    F     NOR2x1_ASAP7_75t_SL            3  2.1    29    20     451    (-,-) 
  aitb_u_fix2fp32_col1_ADD_TC_OP_g656/Y                 -       B->Y    R     NAND2xp5_ASAP7_75t_SL          3  2.6    47    28     479    (-,-) 
  aitb_u_fix2fp32_col1_ADD_TC_OP_g654/Y                 -       B->Y    F     NOR2x1_ASAP7_75t_SL            3  2.1    29    20     499    (-,-) 
  aitb_u_fix2fp32_col1_ADD_TC_OP_g652/Y                 -       B->Y    R     NAND2xp5_ASAP7_75t_SL          3  2.6    47    28     527    (-,-) 
  aitb_u_fix2fp32_col1_ADD_TC_OP_g650/Y                 -       B->Y    F     NOR2x1_ASAP7_75t_SL            4  2.8    34    23     550    (-,-) 
  aitb_u_fix2fp32_col1_ADD_TC_OP_g642/Y                 -       A->Y    F     AND5x1_ASAP7_75t_SL            2  1.8    19    27     577    (-,-) 
  aitb_u_fix2fp32_col1_ADD_TC_OP_g632/Y                 -       A->Y    F     AND5x2_ASAP7_75t_SL            3  3.2    21    26     604    (-,-) 
  aitb_u_fix2fp32_col1_ADD_TC_OP_g630/Y                 -       B->Y    R     NAND2x1p5_ASAP7_75t_SL         3  2.6    29    16     620    (-,-) 
  aitb_u_fix2fp32_col1_ADD_TC_OP_g628/Y                 -       B->Y    F     NOR2x1_ASAP7_75t_SL            3  2.1    26    17     637    (-,-) 
  aitb_u_fix2fp32_col1_ADD_TC_OP_g625/Y                 -       B->Y    F     AND2x2_ASAP7_75t_SL            2  1.9    14    24     661    (-,-) 
  aitb_u_fix2fp32_col1_ADD_TC_OP_g622/Y                 -       B->Y    R     NAND2x1_ASAP7_75t_SL           3  2.0    32    16     677    (-,-) 
  aitb_u_fix2fp32_col1_ADD_TC_OP_g618/Y                 -       B->Y    R     OR2x2_ASAP7_75t_SL             3  1.9    16    23     701    (-,-) 
  aitb_u_fix2fp32_col1_ADD_TC_OP_g615/Y                 -       B->Y    R     OR2x2_ASAP7_75t_SL             3  2.1    17    21     722    (-,-) 
  aitb_u_fix2fp32_col1_ADD_TC_OP_g610/Y                 -       A2->Y   F     AOI21xp33_ASAP7_75t_SL         1  0.7    24    12     734    (-,-) 
  aitb_g27604__7482/Y                                   -       B2->Y   F     AO22x1_ASAP7_75t_SL            2  1.5    25    30     764    (-,-) 
  aitb_g27568__1881/Y                                   -       A->Y    F     OR5x1_ASAP7_75t_SL             1  0.8    22    37     801    (-,-) 
  aitb_g27567__6131/Y                                   -       B->Y    R     NOR5xp2_ASAP7_75t_SL           1  0.8    70    34     834    (-,-) 
  aitb_g27564__5122/Y                                   -       B->Y    R     AND2x2_ASAP7_75t_SL            9  6.6    40    38     872    (-,-) 
  aitb_g27558__5526/Y                                   -       A1->Y   F     AOI21xp5_ASAP7_75t_SL          2  1.6    35    21     893    (-,-) 
  aitb_g27046__2346/Y                                   -       C->Y    R     NAND4xp25_ASAP7_75t_SL         1  0.8    31    20     913    (-,-) 
  aitb_g27042__6161/Y                                   -       A->Y    R     OR2x2_ASAP7_75t_SL            26 18.3    95    60     974    (-,-) 
  aitb_g27041/Y                                         -       A->Y    F     INVx1_ASAP7_75t_SL             1  0.8    30    11     984    (-,-) 
  aitb_g27526__1666/Y                                   -       A1->Y   R     AOI21xp5_ASAP7_75t_SL          2  1.7    44    23    1008    (-,-) 
  aitb_g27518/Y                                         -       A->Y    F     INVx1_ASAP7_75t_SL             1  0.8    18    10    1017    (-,-) 
  aitb_g27517__5115/Y                                   -       D->Y    R     NOR4xp25_ASAP7_75t_SL          1  0.8    59    28    1046    (-,-) 
  aitb_g27513__8246/Y                                   -       B->Y    R     AND2x2_ASAP7_75t_SL            7  5.4    34    34    1080    (-,-) 
  aitb_g27512/Y                                         -       A->Y    F     INVx2_ASAP7_75t_SL            20 15.1    60    35    1115    (-,-) 
  aitb_g26985__2398/Y                                   -       A2->Y   R     OAI21xp5_ASAP7_75t_SL          2  1.6    50    30    1146    (-,-) 
  aitb_g26975__2883/Y                                   -       C->Y    R     OR3x2_ASAP7_75t_SL            27 19.3   100    61    1206    (-,-) 
  aitb_g26968__7482/Y                                   -       A2->Y   F     OAI21xp5_ASAP7_75t_SL          3  2.1    56    29    1236    (-,-) 
  aitb_g26961__8246/Y                                   -       A1->Y   R     OAI21xp5_ASAP7_75t_SL          3  2.7    66    35    1271    (-,-) 
  aitb_g23913/Y                                         -       A->Y    F     INVx1_ASAP7_75t_SL             2  1.9    32    17    1288    (-,-) 
  aitb_u_fix2fp32_col1_csa_tree_SUB_TC_OP_groupi_g578/Y -       A->Y    R     INVxp67_ASAP7_75t_SL           1  0.9    24    15    1304    (-,-) 
  aitb_u_fix2fp32_col1_csa_tree_SUB_TC_OP_groupi_g568/Y -       A->Y    F     MAJIxp5_ASAP7_75t_SL           2  2.0    46    22    1325    (-,-) 
  aitb_u_fix2fp32_col1_csa_tree_SUB_TC_OP_groupi_g542/Y -       A->Y    R     MAJIxp5_ASAP7_75t_SL           2  1.9    64    32    1358    (-,-) 
  aitb_u_fix2fp32_col1_csa_tree_SUB_TC_OP_groupi_g541/Y -       A->Y    F     INVxp67_ASAP7_75t_SL           1  1.4    33    19    1376    (-,-) 
  aitb_u_fix2fp32_col1_csa_tree_SUB_TC_OP_groupi_g531/Y -       B->Y    R     MAJIxp5_ASAP7_75t_SL           2  1.9    56    32    1408    (-,-) 
  aitb_u_fix2fp32_col1_csa_tree_SUB_TC_OP_groupi_g530/Y -       A->Y    F     INVxp67_ASAP7_75t_SL           1  0.9    25    14    1422    (-,-) 
  aitb_u_fix2fp32_col1_csa_tree_SUB_TC_OP_groupi_g526/Y -       A->Y    R     MAJIxp5_ASAP7_75t_SL           2  2.1    62    29    1451    (-,-) 
  aitb_u_fix2fp32_col1_csa_tree_SUB_TC_OP_groupi_g523/Y -       A->Y    F     MAJIxp5_ASAP7_75t_SL           2  2.0    55    27    1478    (-,-) 
  aitb_u_fix2fp32_col1_csa_tree_SUB_TC_OP_groupi_g521/Y -       A->Y    F     MAJx2_ASAP7_75t_SL             2  2.0    19    35    1514    (-,-) 
  aitb_u_fix2fp32_col1_csa_tree_SUB_TC_OP_groupi_g519/Y -       A->Y    F     MAJx2_ASAP7_75t_SL             2  2.4    20    29    1543    (-,-) 
  aitb_u_fix2fp32_col1_csa_tree_SUB_TC_OP_groupi_g517/Y -       C->Y    R     MAJIxp5_ASAP7_75t_SL           2  1.8    57    26    1568    (-,-) 
  aitb_u_fix2fp32_col1_csa_tree_SUB_TC_OP_groupi_g515/Y -       B->Y    F     NOR2xp33_ASAP7_75t_SL          1  1.3    44    29    1598    (-,-) 
  aitb_g46416/Y                                         -       B->Y    R     NOR2x1_ASAP7_75t_SL           10  6.8    75    41    1639    (-,-) 
  aitb_g46398/Y                                         -       A->Y    F     INVx1_ASAP7_75t_L              1  0.8    24    16    1654    (-,-) 
  aitb_g46347/Y                                         -       A->Y    R     NOR3xp33_ASAP7_75t_SL          2  1.4    57    28    1683    (-,-) 
  aitb_g46310/Y                                         -       A->Y    F     NAND2xp5_ASAP7_75t_L          14  9.4   146    77    1760    (-,-) 
  aitb_g46291/Y                                         -       A->Y    R     INVx1_ASAP7_75t_SL            10  6.8   104    65    1824    (-,-) 
  aitb_g46241/Y                                         -       A1->Y   F     AOI22xp5_ASAP7_75t_SL          1  0.9    45    16    1840    (-,-) 
  aitb_PIPE_3_fix2float_col1_stage_reg_reg[0][3]/D      -       -       F     ASYNC_DFFHx1_ASAP7_75t_SL      1    -     -     0    1840    (-,-) 
#------------------------------------------------------------------------------------------------------------------------------------------------



Path 17: MET (40 ps) Setup Check with Pin aitb_PIPE_3_fix2float_col1_stage_reg_reg[0][1]/CLK->D
           View: PVT_0P63V_100C.setup_view
          Group: clk
     Startpoint: (R) aitb_PIPE_3_dot_col1_stage_reg_reg[0][1]/CLK
          Clock: (R) clk
       Endpoint: (F) aitb_PIPE_3_fix2float_col1_stage_reg_reg[0][1]/D
          Clock: (R) clk

                     Capture       Launch     
        Clock Edge:+    2000            0     
       Src Latency:+       0            0     
       Net Latency:+       0 (I)        0 (I) 
           Arrival:=    2000            0     
                                              
             Setup:-      19                  
       Uncertainty:-     100                  
     Required Time:=    1881                  
      Launch Clock:-       0                  
         Data Path:-    1840                  
             Slack:=      40                  

#------------------------------------------------------------------------------------------------------------------------------------------------
#                     Timing Point                      Flags    Arc    Edge           Cell             Fanout Load Trans Delay Arrival Instance 
#                                                                                                              (fF)  (ps)  (ps)   (ps)  Location 
#------------------------------------------------------------------------------------------------------------------------------------------------
  aitb_PIPE_3_dot_col1_stage_reg_reg[0][1]/CLK          -       -       R     (arrival)                   1147    -     0     0       0    (-,-) 
  aitb_PIPE_3_dot_col1_stage_reg_reg[0][1]/QN           -       CLK->QN R     ASYNC_DFFHx1_ASAP7_75t_SL      3  2.7    43    59      59    (-,-) 
  aitb_g23993/Y                                         -       A->Y    F     INVx2_ASAP7_75t_SL             2  1.6    17     9      68    (-,-) 
  aitb_u_fix2fp32_col1_ADD_TC_OP_g693/Y                 -       B->Y    F     AND2x2_ASAP7_75t_SL            2  1.4    12    21      89    (-,-) 
  aitb_u_fix2fp32_col1_ADD_TC_OP_g690/Y                 -       B->Y    F     AND2x2_ASAP7_75t_SL            3  3.2    18    24     113    (-,-) 
  aitb_u_fix2fp32_col1_ADD_TC_OP_g688/Y                 -       B->Y    R     NAND2x1p5_ASAP7_75t_SL         3  2.7    29    16     129    (-,-) 
  aitb_u_fix2fp32_col1_ADD_TC_OP_g686/Y                 -       B->Y    F     NOR2x1_ASAP7_75t_SL            3  3.2    33    21     150    (-,-) 
  aitb_u_fix2fp32_col1_ADD_TC_OP_g684/Y                 -       B->Y    R     NAND2x1p5_ASAP7_75t_SL         3  3.2    32    20     170    (-,-) 
  aitb_u_fix2fp32_col1_ADD_TC_OP_g682/Y                 -       B->Y    F     NOR2x1p5_ASAP7_75t_SL          3  3.2    26    16     187    (-,-) 
  aitb_u_fix2fp32_col1_ADD_TC_OP_g680/Y                 -       B->Y    R     NAND2x1p5_ASAP7_75t_SL         3  2.6    29    17     204    (-,-) 
  aitb_u_fix2fp32_col1_ADD_TC_OP_g678/Y                 -       B->Y    F     NOR2x1_ASAP7_75t_SL            3  2.6    29    19     223    (-,-) 
  aitb_u_fix2fp32_col1_ADD_TC_OP_g676/Y                 -       B->Y    R     NAND2x1_ASAP7_75t_SL           3  2.6    38    23     246    (-,-) 
  aitb_u_fix2fp32_col1_ADD_TC_OP_g674/Y                 -       B->Y    F     NOR2x1_ASAP7_75t_SL            3  2.6    30    21     267    (-,-) 
  aitb_u_fix2fp32_col1_ADD_TC_OP_g672/Y                 -       B->Y    R     NAND2x1_ASAP7_75t_SL           3  2.6    38    23     290    (-,-) 
  aitb_u_fix2fp32_col1_ADD_TC_OP_g670/Y                 -       B->Y    F     NOR2x1_ASAP7_75t_SL            3  2.1    26    19     309    (-,-) 
  aitb_u_fix2fp32_col1_ADD_TC_OP_g668/Y                 -       B->Y    R     NAND2xp5_ASAP7_75t_SL          3  2.6    47    27     336    (-,-) 
  aitb_u_fix2fp32_col1_ADD_TC_OP_g666/Y                 -       B->Y    F     NOR2x1_ASAP7_75t_SL            3  2.1    29    20     356    (-,-) 
  aitb_u_fix2fp32_col1_ADD_TC_OP_g664/Y                 -       B->Y    R     NAND2xp5_ASAP7_75t_SL          3  2.6    47    28     384    (-,-) 
  aitb_u_fix2fp32_col1_ADD_TC_OP_g662/Y                 -       B->Y    F     NOR2x1_ASAP7_75t_SL            3  2.1    29    20     403    (-,-) 
  aitb_u_fix2fp32_col1_ADD_TC_OP_g660/Y                 -       B->Y    R     NAND2xp5_ASAP7_75t_SL          3  2.6    47    28     431    (-,-) 
  aitb_u_fix2fp32_col1_ADD_TC_OP_g658/Y                 -       B->Y    F     NOR2x1_ASAP7_75t_SL            3  2.1    29    20     451    (-,-) 
  aitb_u_fix2fp32_col1_ADD_TC_OP_g656/Y                 -       B->Y    R     NAND2xp5_ASAP7_75t_SL          3  2.6    47    28     479    (-,-) 
  aitb_u_fix2fp32_col1_ADD_TC_OP_g654/Y                 -       B->Y    F     NOR2x1_ASAP7_75t_SL            3  2.1    29    20     499    (-,-) 
  aitb_u_fix2fp32_col1_ADD_TC_OP_g652/Y                 -       B->Y    R     NAND2xp5_ASAP7_75t_SL          3  2.6    47    28     527    (-,-) 
  aitb_u_fix2fp32_col1_ADD_TC_OP_g650/Y                 -       B->Y    F     NOR2x1_ASAP7_75t_SL            4  2.8    34    23     550    (-,-) 
  aitb_u_fix2fp32_col1_ADD_TC_OP_g642/Y                 -       A->Y    F     AND5x1_ASAP7_75t_SL            2  1.8    19    27     577    (-,-) 
  aitb_u_fix2fp32_col1_ADD_TC_OP_g632/Y                 -       A->Y    F     AND5x2_ASAP7_75t_SL            3  3.2    21    26     604    (-,-) 
  aitb_u_fix2fp32_col1_ADD_TC_OP_g630/Y                 -       B->Y    R     NAND2x1p5_ASAP7_75t_SL         3  2.6    29    16     620    (-,-) 
  aitb_u_fix2fp32_col1_ADD_TC_OP_g628/Y                 -       B->Y    F     NOR2x1_ASAP7_75t_SL            3  2.1    26    17     637    (-,-) 
  aitb_u_fix2fp32_col1_ADD_TC_OP_g625/Y                 -       B->Y    F     AND2x2_ASAP7_75t_SL            2  1.9    14    24     661    (-,-) 
  aitb_u_fix2fp32_col1_ADD_TC_OP_g622/Y                 -       B->Y    R     NAND2x1_ASAP7_75t_SL           3  2.0    32    16     677    (-,-) 
  aitb_u_fix2fp32_col1_ADD_TC_OP_g618/Y                 -       B->Y    R     OR2x2_ASAP7_75t_SL             3  1.9    16    23     701    (-,-) 
  aitb_u_fix2fp32_col1_ADD_TC_OP_g615/Y                 -       B->Y    R     OR2x2_ASAP7_75t_SL             3  2.1    17    21     722    (-,-) 
  aitb_u_fix2fp32_col1_ADD_TC_OP_g610/Y                 -       A2->Y   F     AOI21xp33_ASAP7_75t_SL         1  0.7    24    12     734    (-,-) 
  aitb_g27604__7482/Y                                   -       B2->Y   F     AO22x1_ASAP7_75t_SL            2  1.5    25    30     764    (-,-) 
  aitb_g27568__1881/Y                                   -       A->Y    F     OR5x1_ASAP7_75t_SL             1  0.8    22    37     801    (-,-) 
  aitb_g27567__6131/Y                                   -       B->Y    R     NOR5xp2_ASAP7_75t_SL           1  0.8    70    34     834    (-,-) 
  aitb_g27564__5122/Y                                   -       B->Y    R     AND2x2_ASAP7_75t_SL            9  6.6    40    38     872    (-,-) 
  aitb_g27558__5526/Y                                   -       A1->Y   F     AOI21xp5_ASAP7_75t_SL          2  1.6    35    21     893    (-,-) 
  aitb_g27046__2346/Y                                   -       C->Y    R     NAND4xp25_ASAP7_75t_SL         1  0.8    31    20     913    (-,-) 
  aitb_g27042__6161/Y                                   -       A->Y    R     OR2x2_ASAP7_75t_SL            26 18.3    95    60     974    (-,-) 
  aitb_g27041/Y                                         -       A->Y    F     INVx1_ASAP7_75t_SL             1  0.8    30    11     984    (-,-) 
  aitb_g27526__1666/Y                                   -       A1->Y   R     AOI21xp5_ASAP7_75t_SL          2  1.7    44    23    1008    (-,-) 
  aitb_g27518/Y                                         -       A->Y    F     INVx1_ASAP7_75t_SL             1  0.8    18    10    1017    (-,-) 
  aitb_g27517__5115/Y                                   -       D->Y    R     NOR4xp25_ASAP7_75t_SL          1  0.8    59    28    1046    (-,-) 
  aitb_g27513__8246/Y                                   -       B->Y    R     AND2x2_ASAP7_75t_SL            7  5.4    34    34    1080    (-,-) 
  aitb_g27512/Y                                         -       A->Y    F     INVx2_ASAP7_75t_SL            20 15.1    60    35    1115    (-,-) 
  aitb_g26985__2398/Y                                   -       A2->Y   R     OAI21xp5_ASAP7_75t_SL          2  1.6    50    30    1146    (-,-) 
  aitb_g26975__2883/Y                                   -       C->Y    R     OR3x2_ASAP7_75t_SL            27 19.3   100    61    1206    (-,-) 
  aitb_g26968__7482/Y                                   -       A2->Y   F     OAI21xp5_ASAP7_75t_SL          3  2.1    56    29    1236    (-,-) 
  aitb_g26961__8246/Y                                   -       A1->Y   R     OAI21xp5_ASAP7_75t_SL          3  2.7    66    35    1271    (-,-) 
  aitb_g23913/Y                                         -       A->Y    F     INVx1_ASAP7_75t_SL             2  1.9    32    17    1288    (-,-) 
  aitb_u_fix2fp32_col1_csa_tree_SUB_TC_OP_groupi_g578/Y -       A->Y    R     INVxp67_ASAP7_75t_SL           1  0.9    24    15    1304    (-,-) 
  aitb_u_fix2fp32_col1_csa_tree_SUB_TC_OP_groupi_g568/Y -       A->Y    F     MAJIxp5_ASAP7_75t_SL           2  2.0    46    22    1325    (-,-) 
  aitb_u_fix2fp32_col1_csa_tree_SUB_TC_OP_groupi_g542/Y -       A->Y    R     MAJIxp5_ASAP7_75t_SL           2  1.9    64    32    1358    (-,-) 
  aitb_u_fix2fp32_col1_csa_tree_SUB_TC_OP_groupi_g541/Y -       A->Y    F     INVxp67_ASAP7_75t_SL           1  1.4    33    19    1376    (-,-) 
  aitb_u_fix2fp32_col1_csa_tree_SUB_TC_OP_groupi_g531/Y -       B->Y    R     MAJIxp5_ASAP7_75t_SL           2  1.9    56    32    1408    (-,-) 
  aitb_u_fix2fp32_col1_csa_tree_SUB_TC_OP_groupi_g530/Y -       A->Y    F     INVxp67_ASAP7_75t_SL           1  0.9    25    14    1422    (-,-) 
  aitb_u_fix2fp32_col1_csa_tree_SUB_TC_OP_groupi_g526/Y -       A->Y    R     MAJIxp5_ASAP7_75t_SL           2  2.1    62    29    1451    (-,-) 
  aitb_u_fix2fp32_col1_csa_tree_SUB_TC_OP_groupi_g523/Y -       A->Y    F     MAJIxp5_ASAP7_75t_SL           2  2.0    55    27    1478    (-,-) 
  aitb_u_fix2fp32_col1_csa_tree_SUB_TC_OP_groupi_g521/Y -       A->Y    F     MAJx2_ASAP7_75t_SL             2  2.0    19    35    1514    (-,-) 
  aitb_u_fix2fp32_col1_csa_tree_SUB_TC_OP_groupi_g519/Y -       A->Y    F     MAJx2_ASAP7_75t_SL             2  2.4    20    29    1543    (-,-) 
  aitb_u_fix2fp32_col1_csa_tree_SUB_TC_OP_groupi_g517/Y -       C->Y    R     MAJIxp5_ASAP7_75t_SL           2  1.8    57    26    1568    (-,-) 
  aitb_u_fix2fp32_col1_csa_tree_SUB_TC_OP_groupi_g515/Y -       B->Y    F     NOR2xp33_ASAP7_75t_SL          1  1.3    44    29    1598    (-,-) 
  aitb_g46416/Y                                         -       B->Y    R     NOR2x1_ASAP7_75t_SL           10  6.8    75    41    1639    (-,-) 
  aitb_g46398/Y                                         -       A->Y    F     INVx1_ASAP7_75t_L              1  0.8    24    16    1654    (-,-) 
  aitb_g46347/Y                                         -       A->Y    R     NOR3xp33_ASAP7_75t_SL          2  1.4    57    28    1683    (-,-) 
  aitb_g46310/Y                                         -       A->Y    F     NAND2xp5_ASAP7_75t_L          14  9.4   146    77    1760    (-,-) 
  aitb_g46291/Y                                         -       A->Y    R     INVx1_ASAP7_75t_SL            10  6.8   104    65    1824    (-,-) 
  aitb_g46207/Y                                         -       A1->Y   F     AOI22xp5_ASAP7_75t_SL          1  0.9    45    16    1840    (-,-) 
  aitb_PIPE_3_fix2float_col1_stage_reg_reg[0][1]/D      -       -       F     ASYNC_DFFHx1_ASAP7_75t_SL      1    -     -     0    1840    (-,-) 
#------------------------------------------------------------------------------------------------------------------------------------------------



Path 18: MET (44 ps) Setup Check with Pin aitb_PIPE_3_fix2float_col1_stage_reg_reg[0][20]/CLK->D
           View: PVT_0P63V_100C.setup_view
          Group: clk
     Startpoint: (R) aitb_PIPE_3_dot_col1_stage_reg_reg[0][1]/CLK
          Clock: (R) clk
       Endpoint: (F) aitb_PIPE_3_fix2float_col1_stage_reg_reg[0][20]/D
          Clock: (R) clk

                     Capture       Launch     
        Clock Edge:+    2000            0     
       Src Latency:+       0            0     
       Net Latency:+       0 (I)        0 (I) 
           Arrival:=    2000            0     
                                              
             Setup:-      19                  
       Uncertainty:-     100                  
     Required Time:=    1881                  
      Launch Clock:-       0                  
         Data Path:-    1838                  
             Slack:=      44                  

#------------------------------------------------------------------------------------------------------------------------------------------------
#                     Timing Point                      Flags    Arc    Edge           Cell             Fanout Load Trans Delay Arrival Instance 
#                                                                                                              (fF)  (ps)  (ps)   (ps)  Location 
#------------------------------------------------------------------------------------------------------------------------------------------------
  aitb_PIPE_3_dot_col1_stage_reg_reg[0][1]/CLK          -       -       R     (arrival)                   1147    -     0     0       0    (-,-) 
  aitb_PIPE_3_dot_col1_stage_reg_reg[0][1]/QN           -       CLK->QN R     ASYNC_DFFHx1_ASAP7_75t_SL      3  2.7    43    59      59    (-,-) 
  aitb_g23993/Y                                         -       A->Y    F     INVx2_ASAP7_75t_SL             2  1.6    17     9      68    (-,-) 
  aitb_u_fix2fp32_col1_ADD_TC_OP_g693/Y                 -       B->Y    F     AND2x2_ASAP7_75t_SL            2  1.4    12    21      89    (-,-) 
  aitb_u_fix2fp32_col1_ADD_TC_OP_g690/Y                 -       B->Y    F     AND2x2_ASAP7_75t_SL            3  3.2    18    24     113    (-,-) 
  aitb_u_fix2fp32_col1_ADD_TC_OP_g688/Y                 -       B->Y    R     NAND2x1p5_ASAP7_75t_SL         3  2.7    29    16     129    (-,-) 
  aitb_u_fix2fp32_col1_ADD_TC_OP_g686/Y                 -       B->Y    F     NOR2x1_ASAP7_75t_SL            3  3.2    33    21     150    (-,-) 
  aitb_u_fix2fp32_col1_ADD_TC_OP_g684/Y                 -       B->Y    R     NAND2x1p5_ASAP7_75t_SL         3  3.2    32    20     170    (-,-) 
  aitb_u_fix2fp32_col1_ADD_TC_OP_g682/Y                 -       B->Y    F     NOR2x1p5_ASAP7_75t_SL          3  3.2    26    16     187    (-,-) 
  aitb_u_fix2fp32_col1_ADD_TC_OP_g680/Y                 -       B->Y    R     NAND2x1p5_ASAP7_75t_SL         3  2.6    29    17     204    (-,-) 
  aitb_u_fix2fp32_col1_ADD_TC_OP_g678/Y                 -       B->Y    F     NOR2x1_ASAP7_75t_SL            3  2.6    29    19     223    (-,-) 
  aitb_u_fix2fp32_col1_ADD_TC_OP_g676/Y                 -       B->Y    R     NAND2x1_ASAP7_75t_SL           3  2.6    38    23     246    (-,-) 
  aitb_u_fix2fp32_col1_ADD_TC_OP_g674/Y                 -       B->Y    F     NOR2x1_ASAP7_75t_SL            3  2.6    30    21     267    (-,-) 
  aitb_u_fix2fp32_col1_ADD_TC_OP_g672/Y                 -       B->Y    R     NAND2x1_ASAP7_75t_SL           3  2.6    38    23     290    (-,-) 
  aitb_u_fix2fp32_col1_ADD_TC_OP_g670/Y                 -       B->Y    F     NOR2x1_ASAP7_75t_SL            3  2.1    26    19     309    (-,-) 
  aitb_u_fix2fp32_col1_ADD_TC_OP_g668/Y                 -       B->Y    R     NAND2xp5_ASAP7_75t_SL          3  2.6    47    27     336    (-,-) 
  aitb_u_fix2fp32_col1_ADD_TC_OP_g666/Y                 -       B->Y    F     NOR2x1_ASAP7_75t_SL            3  2.1    29    20     356    (-,-) 
  aitb_u_fix2fp32_col1_ADD_TC_OP_g664/Y                 -       B->Y    R     NAND2xp5_ASAP7_75t_SL          3  2.6    47    28     384    (-,-) 
  aitb_u_fix2fp32_col1_ADD_TC_OP_g662/Y                 -       B->Y    F     NOR2x1_ASAP7_75t_SL            3  2.1    29    20     403    (-,-) 
  aitb_u_fix2fp32_col1_ADD_TC_OP_g660/Y                 -       B->Y    R     NAND2xp5_ASAP7_75t_SL          3  2.6    47    28     431    (-,-) 
  aitb_u_fix2fp32_col1_ADD_TC_OP_g658/Y                 -       B->Y    F     NOR2x1_ASAP7_75t_SL            3  2.1    29    20     451    (-,-) 
  aitb_u_fix2fp32_col1_ADD_TC_OP_g656/Y                 -       B->Y    R     NAND2xp5_ASAP7_75t_SL          3  2.6    47    28     479    (-,-) 
  aitb_u_fix2fp32_col1_ADD_TC_OP_g654/Y                 -       B->Y    F     NOR2x1_ASAP7_75t_SL            3  2.1    29    20     499    (-,-) 
  aitb_u_fix2fp32_col1_ADD_TC_OP_g652/Y                 -       B->Y    R     NAND2xp5_ASAP7_75t_SL          3  2.6    47    28     527    (-,-) 
  aitb_u_fix2fp32_col1_ADD_TC_OP_g650/Y                 -       B->Y    F     NOR2x1_ASAP7_75t_SL            4  2.8    34    23     550    (-,-) 
  aitb_u_fix2fp32_col1_ADD_TC_OP_g642/Y                 -       A->Y    F     AND5x1_ASAP7_75t_SL            2  1.8    19    27     577    (-,-) 
  aitb_u_fix2fp32_col1_ADD_TC_OP_g632/Y                 -       A->Y    F     AND5x2_ASAP7_75t_SL            3  3.2    21    26     604    (-,-) 
  aitb_u_fix2fp32_col1_ADD_TC_OP_g630/Y                 -       B->Y    R     NAND2x1p5_ASAP7_75t_SL         3  2.6    29    16     620    (-,-) 
  aitb_u_fix2fp32_col1_ADD_TC_OP_g628/Y                 -       B->Y    F     NOR2x1_ASAP7_75t_SL            3  2.1    26    17     637    (-,-) 
  aitb_u_fix2fp32_col1_ADD_TC_OP_g625/Y                 -       B->Y    F     AND2x2_ASAP7_75t_SL            2  1.9    14    24     661    (-,-) 
  aitb_u_fix2fp32_col1_ADD_TC_OP_g622/Y                 -       B->Y    R     NAND2x1_ASAP7_75t_SL           3  2.0    32    16     677    (-,-) 
  aitb_u_fix2fp32_col1_ADD_TC_OP_g618/Y                 -       B->Y    R     OR2x2_ASAP7_75t_SL             3  1.9    16    23     701    (-,-) 
  aitb_u_fix2fp32_col1_ADD_TC_OP_g615/Y                 -       B->Y    R     OR2x2_ASAP7_75t_SL             3  2.1    17    21     722    (-,-) 
  aitb_u_fix2fp32_col1_ADD_TC_OP_g610/Y                 -       A2->Y   F     AOI21xp33_ASAP7_75t_SL         1  0.7    24    12     734    (-,-) 
  aitb_g27604__7482/Y                                   -       B2->Y   F     AO22x1_ASAP7_75t_SL            2  1.5    25    30     764    (-,-) 
  aitb_g27568__1881/Y                                   -       A->Y    F     OR5x1_ASAP7_75t_SL             1  0.8    22    37     801    (-,-) 
  aitb_g27567__6131/Y                                   -       B->Y    R     NOR5xp2_ASAP7_75t_SL           1  0.8    70    34     834    (-,-) 
  aitb_g27564__5122/Y                                   -       B->Y    R     AND2x2_ASAP7_75t_SL            9  6.6    40    38     872    (-,-) 
  aitb_g27558__5526/Y                                   -       A1->Y   F     AOI21xp5_ASAP7_75t_SL          2  1.6    35    21     893    (-,-) 
  aitb_g27046__2346/Y                                   -       C->Y    R     NAND4xp25_ASAP7_75t_SL         1  0.8    31    20     913    (-,-) 
  aitb_g27042__6161/Y                                   -       A->Y    R     OR2x2_ASAP7_75t_SL            26 18.3    95    60     974    (-,-) 
  aitb_g27041/Y                                         -       A->Y    F     INVx1_ASAP7_75t_SL             1  0.8    30    11     984    (-,-) 
  aitb_g27526__1666/Y                                   -       A1->Y   R     AOI21xp5_ASAP7_75t_SL          2  1.7    44    23    1008    (-,-) 
  aitb_g27518/Y                                         -       A->Y    F     INVx1_ASAP7_75t_SL             1  0.8    18    10    1017    (-,-) 
  aitb_g27517__5115/Y                                   -       D->Y    R     NOR4xp25_ASAP7_75t_SL          1  0.8    59    28    1046    (-,-) 
  aitb_g27513__8246/Y                                   -       B->Y    R     AND2x2_ASAP7_75t_SL            7  5.4    34    34    1080    (-,-) 
  aitb_g27512/Y                                         -       A->Y    F     INVx2_ASAP7_75t_SL            20 15.1    60    35    1115    (-,-) 
  aitb_g26985__2398/Y                                   -       A2->Y   R     OAI21xp5_ASAP7_75t_SL          2  1.6    50    30    1146    (-,-) 
  aitb_g26975__2883/Y                                   -       C->Y    R     OR3x2_ASAP7_75t_SL            27 19.3   100    61    1206    (-,-) 
  aitb_g26968__7482/Y                                   -       A2->Y   F     OAI21xp5_ASAP7_75t_SL          3  2.1    56    29    1236    (-,-) 
  aitb_g26961__8246/Y                                   -       A1->Y   R     OAI21xp5_ASAP7_75t_SL          3  2.7    66    35    1271    (-,-) 
  aitb_g23913/Y                                         -       A->Y    F     INVx1_ASAP7_75t_SL             2  1.9    32    17    1288    (-,-) 
  aitb_u_fix2fp32_col1_csa_tree_SUB_TC_OP_groupi_g578/Y -       A->Y    R     INVxp67_ASAP7_75t_SL           1  0.9    24    15    1304    (-,-) 
  aitb_u_fix2fp32_col1_csa_tree_SUB_TC_OP_groupi_g568/Y -       A->Y    F     MAJIxp5_ASAP7_75t_SL           2  2.0    46    22    1325    (-,-) 
  aitb_u_fix2fp32_col1_csa_tree_SUB_TC_OP_groupi_g542/Y -       A->Y    R     MAJIxp5_ASAP7_75t_SL           2  1.9    64    32    1358    (-,-) 
  aitb_u_fix2fp32_col1_csa_tree_SUB_TC_OP_groupi_g541/Y -       A->Y    F     INVxp67_ASAP7_75t_SL           1  1.4    33    19    1376    (-,-) 
  aitb_u_fix2fp32_col1_csa_tree_SUB_TC_OP_groupi_g531/Y -       B->Y    R     MAJIxp5_ASAP7_75t_SL           2  1.9    56    32    1408    (-,-) 
  aitb_u_fix2fp32_col1_csa_tree_SUB_TC_OP_groupi_g530/Y -       A->Y    F     INVxp67_ASAP7_75t_SL           1  0.9    25    14    1422    (-,-) 
  aitb_u_fix2fp32_col1_csa_tree_SUB_TC_OP_groupi_g526/Y -       A->Y    R     MAJIxp5_ASAP7_75t_SL           2  2.1    62    29    1451    (-,-) 
  aitb_u_fix2fp32_col1_csa_tree_SUB_TC_OP_groupi_g523/Y -       A->Y    F     MAJIxp5_ASAP7_75t_SL           2  2.0    55    27    1478    (-,-) 
  aitb_u_fix2fp32_col1_csa_tree_SUB_TC_OP_groupi_g521/Y -       A->Y    F     MAJx2_ASAP7_75t_SL             2  2.0    19    35    1514    (-,-) 
  aitb_u_fix2fp32_col1_csa_tree_SUB_TC_OP_groupi_g519/Y -       A->Y    F     MAJx2_ASAP7_75t_SL             2  2.4    20    29    1543    (-,-) 
  aitb_u_fix2fp32_col1_csa_tree_SUB_TC_OP_groupi_g517/Y -       C->Y    R     MAJIxp5_ASAP7_75t_SL           2  1.8    57    26    1568    (-,-) 
  aitb_u_fix2fp32_col1_csa_tree_SUB_TC_OP_groupi_g515/Y -       B->Y    F     NOR2xp33_ASAP7_75t_SL          1  1.3    44    29    1598    (-,-) 
  aitb_g46416/Y                                         -       B->Y    R     NOR2x1_ASAP7_75t_SL           10  6.8    75    41    1639    (-,-) 
  aitb_g46398/Y                                         -       A->Y    F     INVx1_ASAP7_75t_L              1  0.8    24    16    1654    (-,-) 
  aitb_g46347/Y                                         -       A->Y    R     NOR3xp33_ASAP7_75t_SL          2  1.4    57    28    1683    (-,-) 
  aitb_g46310/Y                                         -       A->Y    F     NAND2xp5_ASAP7_75t_L          14  9.4   146    77    1760    (-,-) 
  aitb_g46291/Y                                         -       A->Y    R     INVx1_ASAP7_75t_SL            10  6.8   104    65    1824    (-,-) 
  aitb_g46244/Y                                         -       B1->Y   F     AOI22xp5_ASAP7_75t_SL          1  0.9    43    13    1838    (-,-) 
  aitb_PIPE_3_fix2float_col1_stage_reg_reg[0][20]/D     -       -       F     ASYNC_DFFHx1_ASAP7_75t_SL      1    -     -     0    1838    (-,-) 
#------------------------------------------------------------------------------------------------------------------------------------------------



Path 19: MET (44 ps) Setup Check with Pin aitb_PIPE_3_fix2float_col1_stage_reg_reg[0][2]/CLK->D
           View: PVT_0P63V_100C.setup_view
          Group: clk
     Startpoint: (R) aitb_PIPE_3_dot_col1_stage_reg_reg[0][1]/CLK
          Clock: (R) clk
       Endpoint: (F) aitb_PIPE_3_fix2float_col1_stage_reg_reg[0][2]/D
          Clock: (R) clk

                     Capture       Launch     
        Clock Edge:+    2000            0     
       Src Latency:+       0            0     
       Net Latency:+       0 (I)        0 (I) 
           Arrival:=    2000            0     
                                              
             Setup:-      19                  
       Uncertainty:-     100                  
     Required Time:=    1881                  
      Launch Clock:-       0                  
         Data Path:-    1838                  
             Slack:=      44                  

#------------------------------------------------------------------------------------------------------------------------------------------------
#                     Timing Point                      Flags    Arc    Edge           Cell             Fanout Load Trans Delay Arrival Instance 
#                                                                                                              (fF)  (ps)  (ps)   (ps)  Location 
#------------------------------------------------------------------------------------------------------------------------------------------------
  aitb_PIPE_3_dot_col1_stage_reg_reg[0][1]/CLK          -       -       R     (arrival)                   1147    -     0     0       0    (-,-) 
  aitb_PIPE_3_dot_col1_stage_reg_reg[0][1]/QN           -       CLK->QN R     ASYNC_DFFHx1_ASAP7_75t_SL      3  2.7    43    59      59    (-,-) 
  aitb_g23993/Y                                         -       A->Y    F     INVx2_ASAP7_75t_SL             2  1.6    17     9      68    (-,-) 
  aitb_u_fix2fp32_col1_ADD_TC_OP_g693/Y                 -       B->Y    F     AND2x2_ASAP7_75t_SL            2  1.4    12    21      89    (-,-) 
  aitb_u_fix2fp32_col1_ADD_TC_OP_g690/Y                 -       B->Y    F     AND2x2_ASAP7_75t_SL            3  3.2    18    24     113    (-,-) 
  aitb_u_fix2fp32_col1_ADD_TC_OP_g688/Y                 -       B->Y    R     NAND2x1p5_ASAP7_75t_SL         3  2.7    29    16     129    (-,-) 
  aitb_u_fix2fp32_col1_ADD_TC_OP_g686/Y                 -       B->Y    F     NOR2x1_ASAP7_75t_SL            3  3.2    33    21     150    (-,-) 
  aitb_u_fix2fp32_col1_ADD_TC_OP_g684/Y                 -       B->Y    R     NAND2x1p5_ASAP7_75t_SL         3  3.2    32    20     170    (-,-) 
  aitb_u_fix2fp32_col1_ADD_TC_OP_g682/Y                 -       B->Y    F     NOR2x1p5_ASAP7_75t_SL          3  3.2    26    16     187    (-,-) 
  aitb_u_fix2fp32_col1_ADD_TC_OP_g680/Y                 -       B->Y    R     NAND2x1p5_ASAP7_75t_SL         3  2.6    29    17     204    (-,-) 
  aitb_u_fix2fp32_col1_ADD_TC_OP_g678/Y                 -       B->Y    F     NOR2x1_ASAP7_75t_SL            3  2.6    29    19     223    (-,-) 
  aitb_u_fix2fp32_col1_ADD_TC_OP_g676/Y                 -       B->Y    R     NAND2x1_ASAP7_75t_SL           3  2.6    38    23     246    (-,-) 
  aitb_u_fix2fp32_col1_ADD_TC_OP_g674/Y                 -       B->Y    F     NOR2x1_ASAP7_75t_SL            3  2.6    30    21     267    (-,-) 
  aitb_u_fix2fp32_col1_ADD_TC_OP_g672/Y                 -       B->Y    R     NAND2x1_ASAP7_75t_SL           3  2.6    38    23     290    (-,-) 
  aitb_u_fix2fp32_col1_ADD_TC_OP_g670/Y                 -       B->Y    F     NOR2x1_ASAP7_75t_SL            3  2.1    26    19     309    (-,-) 
  aitb_u_fix2fp32_col1_ADD_TC_OP_g668/Y                 -       B->Y    R     NAND2xp5_ASAP7_75t_SL          3  2.6    47    27     336    (-,-) 
  aitb_u_fix2fp32_col1_ADD_TC_OP_g666/Y                 -       B->Y    F     NOR2x1_ASAP7_75t_SL            3  2.1    29    20     356    (-,-) 
  aitb_u_fix2fp32_col1_ADD_TC_OP_g664/Y                 -       B->Y    R     NAND2xp5_ASAP7_75t_SL          3  2.6    47    28     384    (-,-) 
  aitb_u_fix2fp32_col1_ADD_TC_OP_g662/Y                 -       B->Y    F     NOR2x1_ASAP7_75t_SL            3  2.1    29    20     403    (-,-) 
  aitb_u_fix2fp32_col1_ADD_TC_OP_g660/Y                 -       B->Y    R     NAND2xp5_ASAP7_75t_SL          3  2.6    47    28     431    (-,-) 
  aitb_u_fix2fp32_col1_ADD_TC_OP_g658/Y                 -       B->Y    F     NOR2x1_ASAP7_75t_SL            3  2.1    29    20     451    (-,-) 
  aitb_u_fix2fp32_col1_ADD_TC_OP_g656/Y                 -       B->Y    R     NAND2xp5_ASAP7_75t_SL          3  2.6    47    28     479    (-,-) 
  aitb_u_fix2fp32_col1_ADD_TC_OP_g654/Y                 -       B->Y    F     NOR2x1_ASAP7_75t_SL            3  2.1    29    20     499    (-,-) 
  aitb_u_fix2fp32_col1_ADD_TC_OP_g652/Y                 -       B->Y    R     NAND2xp5_ASAP7_75t_SL          3  2.6    47    28     527    (-,-) 
  aitb_u_fix2fp32_col1_ADD_TC_OP_g650/Y                 -       B->Y    F     NOR2x1_ASAP7_75t_SL            4  2.8    34    23     550    (-,-) 
  aitb_u_fix2fp32_col1_ADD_TC_OP_g642/Y                 -       A->Y    F     AND5x1_ASAP7_75t_SL            2  1.8    19    27     577    (-,-) 
  aitb_u_fix2fp32_col1_ADD_TC_OP_g632/Y                 -       A->Y    F     AND5x2_ASAP7_75t_SL            3  3.2    21    26     604    (-,-) 
  aitb_u_fix2fp32_col1_ADD_TC_OP_g630/Y                 -       B->Y    R     NAND2x1p5_ASAP7_75t_SL         3  2.6    29    16     620    (-,-) 
  aitb_u_fix2fp32_col1_ADD_TC_OP_g628/Y                 -       B->Y    F     NOR2x1_ASAP7_75t_SL            3  2.1    26    17     637    (-,-) 
  aitb_u_fix2fp32_col1_ADD_TC_OP_g625/Y                 -       B->Y    F     AND2x2_ASAP7_75t_SL            2  1.9    14    24     661    (-,-) 
  aitb_u_fix2fp32_col1_ADD_TC_OP_g622/Y                 -       B->Y    R     NAND2x1_ASAP7_75t_SL           3  2.0    32    16     677    (-,-) 
  aitb_u_fix2fp32_col1_ADD_TC_OP_g618/Y                 -       B->Y    R     OR2x2_ASAP7_75t_SL             3  1.9    16    23     701    (-,-) 
  aitb_u_fix2fp32_col1_ADD_TC_OP_g615/Y                 -       B->Y    R     OR2x2_ASAP7_75t_SL             3  2.1    17    21     722    (-,-) 
  aitb_u_fix2fp32_col1_ADD_TC_OP_g610/Y                 -       A2->Y   F     AOI21xp33_ASAP7_75t_SL         1  0.7    24    12     734    (-,-) 
  aitb_g27604__7482/Y                                   -       B2->Y   F     AO22x1_ASAP7_75t_SL            2  1.5    25    30     764    (-,-) 
  aitb_g27568__1881/Y                                   -       A->Y    F     OR5x1_ASAP7_75t_SL             1  0.8    22    37     801    (-,-) 
  aitb_g27567__6131/Y                                   -       B->Y    R     NOR5xp2_ASAP7_75t_SL           1  0.8    70    34     834    (-,-) 
  aitb_g27564__5122/Y                                   -       B->Y    R     AND2x2_ASAP7_75t_SL            9  6.6    40    38     872    (-,-) 
  aitb_g27558__5526/Y                                   -       A1->Y   F     AOI21xp5_ASAP7_75t_SL          2  1.6    35    21     893    (-,-) 
  aitb_g27046__2346/Y                                   -       C->Y    R     NAND4xp25_ASAP7_75t_SL         1  0.8    31    20     913    (-,-) 
  aitb_g27042__6161/Y                                   -       A->Y    R     OR2x2_ASAP7_75t_SL            26 18.3    95    60     974    (-,-) 
  aitb_g27041/Y                                         -       A->Y    F     INVx1_ASAP7_75t_SL             1  0.8    30    11     984    (-,-) 
  aitb_g27526__1666/Y                                   -       A1->Y   R     AOI21xp5_ASAP7_75t_SL          2  1.7    44    23    1008    (-,-) 
  aitb_g27518/Y                                         -       A->Y    F     INVx1_ASAP7_75t_SL             1  0.8    18    10    1017    (-,-) 
  aitb_g27517__5115/Y                                   -       D->Y    R     NOR4xp25_ASAP7_75t_SL          1  0.8    59    28    1046    (-,-) 
  aitb_g27513__8246/Y                                   -       B->Y    R     AND2x2_ASAP7_75t_SL            7  5.4    34    34    1080    (-,-) 
  aitb_g27512/Y                                         -       A->Y    F     INVx2_ASAP7_75t_SL            20 15.1    60    35    1115    (-,-) 
  aitb_g26985__2398/Y                                   -       A2->Y   R     OAI21xp5_ASAP7_75t_SL          2  1.6    50    30    1146    (-,-) 
  aitb_g26975__2883/Y                                   -       C->Y    R     OR3x2_ASAP7_75t_SL            27 19.3   100    61    1206    (-,-) 
  aitb_g26968__7482/Y                                   -       A2->Y   F     OAI21xp5_ASAP7_75t_SL          3  2.1    56    29    1236    (-,-) 
  aitb_g26961__8246/Y                                   -       A1->Y   R     OAI21xp5_ASAP7_75t_SL          3  2.7    66    35    1271    (-,-) 
  aitb_g23913/Y                                         -       A->Y    F     INVx1_ASAP7_75t_SL             2  1.9    32    17    1288    (-,-) 
  aitb_u_fix2fp32_col1_csa_tree_SUB_TC_OP_groupi_g578/Y -       A->Y    R     INVxp67_ASAP7_75t_SL           1  0.9    24    15    1304    (-,-) 
  aitb_u_fix2fp32_col1_csa_tree_SUB_TC_OP_groupi_g568/Y -       A->Y    F     MAJIxp5_ASAP7_75t_SL           2  2.0    46    22    1325    (-,-) 
  aitb_u_fix2fp32_col1_csa_tree_SUB_TC_OP_groupi_g542/Y -       A->Y    R     MAJIxp5_ASAP7_75t_SL           2  1.9    64    32    1358    (-,-) 
  aitb_u_fix2fp32_col1_csa_tree_SUB_TC_OP_groupi_g541/Y -       A->Y    F     INVxp67_ASAP7_75t_SL           1  1.4    33    19    1376    (-,-) 
  aitb_u_fix2fp32_col1_csa_tree_SUB_TC_OP_groupi_g531/Y -       B->Y    R     MAJIxp5_ASAP7_75t_SL           2  1.9    56    32    1408    (-,-) 
  aitb_u_fix2fp32_col1_csa_tree_SUB_TC_OP_groupi_g530/Y -       A->Y    F     INVxp67_ASAP7_75t_SL           1  0.9    25    14    1422    (-,-) 
  aitb_u_fix2fp32_col1_csa_tree_SUB_TC_OP_groupi_g526/Y -       A->Y    R     MAJIxp5_ASAP7_75t_SL           2  2.1    62    29    1451    (-,-) 
  aitb_u_fix2fp32_col1_csa_tree_SUB_TC_OP_groupi_g523/Y -       A->Y    F     MAJIxp5_ASAP7_75t_SL           2  2.0    55    27    1478    (-,-) 
  aitb_u_fix2fp32_col1_csa_tree_SUB_TC_OP_groupi_g521/Y -       A->Y    F     MAJx2_ASAP7_75t_SL             2  2.0    19    35    1514    (-,-) 
  aitb_u_fix2fp32_col1_csa_tree_SUB_TC_OP_groupi_g519/Y -       A->Y    F     MAJx2_ASAP7_75t_SL             2  2.4    20    29    1543    (-,-) 
  aitb_u_fix2fp32_col1_csa_tree_SUB_TC_OP_groupi_g517/Y -       C->Y    R     MAJIxp5_ASAP7_75t_SL           2  1.8    57    26    1568    (-,-) 
  aitb_u_fix2fp32_col1_csa_tree_SUB_TC_OP_groupi_g515/Y -       B->Y    F     NOR2xp33_ASAP7_75t_SL          1  1.3    44    29    1598    (-,-) 
  aitb_g46416/Y                                         -       B->Y    R     NOR2x1_ASAP7_75t_SL           10  6.8    75    41    1639    (-,-) 
  aitb_g46398/Y                                         -       A->Y    F     INVx1_ASAP7_75t_L              1  0.8    24    16    1654    (-,-) 
  aitb_g46347/Y                                         -       A->Y    R     NOR3xp33_ASAP7_75t_SL          2  1.4    57    28    1683    (-,-) 
  aitb_g46310/Y                                         -       A->Y    F     NAND2xp5_ASAP7_75t_L          14  9.4   146    77    1760    (-,-) 
  aitb_g46291/Y                                         -       A->Y    R     INVx1_ASAP7_75t_SL            10  6.8   104    65    1824    (-,-) 
  aitb_g46240/Y                                         -       B1->Y   F     AOI22xp5_ASAP7_75t_SL          1  0.9    43    13    1838    (-,-) 
  aitb_PIPE_3_fix2float_col1_stage_reg_reg[0][2]/D      -       -       F     ASYNC_DFFHx1_ASAP7_75t_SL      1    -     -     0    1838    (-,-) 
#------------------------------------------------------------------------------------------------------------------------------------------------



Path 20: MET (44 ps) Setup Check with Pin aitb_PIPE_3_fix2float_col1_stage_reg_reg[0][21]/CLK->D
           View: PVT_0P63V_100C.setup_view
          Group: clk
     Startpoint: (R) aitb_PIPE_3_dot_col1_stage_reg_reg[0][1]/CLK
          Clock: (R) clk
       Endpoint: (F) aitb_PIPE_3_fix2float_col1_stage_reg_reg[0][21]/D
          Clock: (R) clk

                     Capture       Launch     
        Clock Edge:+    2000            0     
       Src Latency:+       0            0     
       Net Latency:+       0 (I)        0 (I) 
           Arrival:=    2000            0     
                                              
             Setup:-      19                  
       Uncertainty:-     100                  
     Required Time:=    1881                  
      Launch Clock:-       0                  
         Data Path:-    1838                  
             Slack:=      44                  

#------------------------------------------------------------------------------------------------------------------------------------------------
#                     Timing Point                      Flags    Arc    Edge           Cell             Fanout Load Trans Delay Arrival Instance 
#                                                                                                              (fF)  (ps)  (ps)   (ps)  Location 
#------------------------------------------------------------------------------------------------------------------------------------------------
  aitb_PIPE_3_dot_col1_stage_reg_reg[0][1]/CLK          -       -       R     (arrival)                   1147    -     0     0       0    (-,-) 
  aitb_PIPE_3_dot_col1_stage_reg_reg[0][1]/QN           -       CLK->QN R     ASYNC_DFFHx1_ASAP7_75t_SL      3  2.7    43    59      59    (-,-) 
  aitb_g23993/Y                                         -       A->Y    F     INVx2_ASAP7_75t_SL             2  1.6    17     9      68    (-,-) 
  aitb_u_fix2fp32_col1_ADD_TC_OP_g693/Y                 -       B->Y    F     AND2x2_ASAP7_75t_SL            2  1.4    12    21      89    (-,-) 
  aitb_u_fix2fp32_col1_ADD_TC_OP_g690/Y                 -       B->Y    F     AND2x2_ASAP7_75t_SL            3  3.2    18    24     113    (-,-) 
  aitb_u_fix2fp32_col1_ADD_TC_OP_g688/Y                 -       B->Y    R     NAND2x1p5_ASAP7_75t_SL         3  2.7    29    16     129    (-,-) 
  aitb_u_fix2fp32_col1_ADD_TC_OP_g686/Y                 -       B->Y    F     NOR2x1_ASAP7_75t_SL            3  3.2    33    21     150    (-,-) 
  aitb_u_fix2fp32_col1_ADD_TC_OP_g684/Y                 -       B->Y    R     NAND2x1p5_ASAP7_75t_SL         3  3.2    32    20     170    (-,-) 
  aitb_u_fix2fp32_col1_ADD_TC_OP_g682/Y                 -       B->Y    F     NOR2x1p5_ASAP7_75t_SL          3  3.2    26    16     187    (-,-) 
  aitb_u_fix2fp32_col1_ADD_TC_OP_g680/Y                 -       B->Y    R     NAND2x1p5_ASAP7_75t_SL         3  2.6    29    17     204    (-,-) 
  aitb_u_fix2fp32_col1_ADD_TC_OP_g678/Y                 -       B->Y    F     NOR2x1_ASAP7_75t_SL            3  2.6    29    19     223    (-,-) 
  aitb_u_fix2fp32_col1_ADD_TC_OP_g676/Y                 -       B->Y    R     NAND2x1_ASAP7_75t_SL           3  2.6    38    23     246    (-,-) 
  aitb_u_fix2fp32_col1_ADD_TC_OP_g674/Y                 -       B->Y    F     NOR2x1_ASAP7_75t_SL            3  2.6    30    21     267    (-,-) 
  aitb_u_fix2fp32_col1_ADD_TC_OP_g672/Y                 -       B->Y    R     NAND2x1_ASAP7_75t_SL           3  2.6    38    23     290    (-,-) 
  aitb_u_fix2fp32_col1_ADD_TC_OP_g670/Y                 -       B->Y    F     NOR2x1_ASAP7_75t_SL            3  2.1    26    19     309    (-,-) 
  aitb_u_fix2fp32_col1_ADD_TC_OP_g668/Y                 -       B->Y    R     NAND2xp5_ASAP7_75t_SL          3  2.6    47    27     336    (-,-) 
  aitb_u_fix2fp32_col1_ADD_TC_OP_g666/Y                 -       B->Y    F     NOR2x1_ASAP7_75t_SL            3  2.1    29    20     356    (-,-) 
  aitb_u_fix2fp32_col1_ADD_TC_OP_g664/Y                 -       B->Y    R     NAND2xp5_ASAP7_75t_SL          3  2.6    47    28     384    (-,-) 
  aitb_u_fix2fp32_col1_ADD_TC_OP_g662/Y                 -       B->Y    F     NOR2x1_ASAP7_75t_SL            3  2.1    29    20     403    (-,-) 
  aitb_u_fix2fp32_col1_ADD_TC_OP_g660/Y                 -       B->Y    R     NAND2xp5_ASAP7_75t_SL          3  2.6    47    28     431    (-,-) 
  aitb_u_fix2fp32_col1_ADD_TC_OP_g658/Y                 -       B->Y    F     NOR2x1_ASAP7_75t_SL            3  2.1    29    20     451    (-,-) 
  aitb_u_fix2fp32_col1_ADD_TC_OP_g656/Y                 -       B->Y    R     NAND2xp5_ASAP7_75t_SL          3  2.6    47    28     479    (-,-) 
  aitb_u_fix2fp32_col1_ADD_TC_OP_g654/Y                 -       B->Y    F     NOR2x1_ASAP7_75t_SL            3  2.1    29    20     499    (-,-) 
  aitb_u_fix2fp32_col1_ADD_TC_OP_g652/Y                 -       B->Y    R     NAND2xp5_ASAP7_75t_SL          3  2.6    47    28     527    (-,-) 
  aitb_u_fix2fp32_col1_ADD_TC_OP_g650/Y                 -       B->Y    F     NOR2x1_ASAP7_75t_SL            4  2.8    34    23     550    (-,-) 
  aitb_u_fix2fp32_col1_ADD_TC_OP_g642/Y                 -       A->Y    F     AND5x1_ASAP7_75t_SL            2  1.8    19    27     577    (-,-) 
  aitb_u_fix2fp32_col1_ADD_TC_OP_g632/Y                 -       A->Y    F     AND5x2_ASAP7_75t_SL            3  3.2    21    26     604    (-,-) 
  aitb_u_fix2fp32_col1_ADD_TC_OP_g630/Y                 -       B->Y    R     NAND2x1p5_ASAP7_75t_SL         3  2.6    29    16     620    (-,-) 
  aitb_u_fix2fp32_col1_ADD_TC_OP_g628/Y                 -       B->Y    F     NOR2x1_ASAP7_75t_SL            3  2.1    26    17     637    (-,-) 
  aitb_u_fix2fp32_col1_ADD_TC_OP_g625/Y                 -       B->Y    F     AND2x2_ASAP7_75t_SL            2  1.9    14    24     661    (-,-) 
  aitb_u_fix2fp32_col1_ADD_TC_OP_g622/Y                 -       B->Y    R     NAND2x1_ASAP7_75t_SL           3  2.0    32    16     677    (-,-) 
  aitb_u_fix2fp32_col1_ADD_TC_OP_g618/Y                 -       B->Y    R     OR2x2_ASAP7_75t_SL             3  1.9    16    23     701    (-,-) 
  aitb_u_fix2fp32_col1_ADD_TC_OP_g615/Y                 -       B->Y    R     OR2x2_ASAP7_75t_SL             3  2.1    17    21     722    (-,-) 
  aitb_u_fix2fp32_col1_ADD_TC_OP_g610/Y                 -       A2->Y   F     AOI21xp33_ASAP7_75t_SL         1  0.7    24    12     734    (-,-) 
  aitb_g27604__7482/Y                                   -       B2->Y   F     AO22x1_ASAP7_75t_SL            2  1.5    25    30     764    (-,-) 
  aitb_g27568__1881/Y                                   -       A->Y    F     OR5x1_ASAP7_75t_SL             1  0.8    22    37     801    (-,-) 
  aitb_g27567__6131/Y                                   -       B->Y    R     NOR5xp2_ASAP7_75t_SL           1  0.8    70    34     834    (-,-) 
  aitb_g27564__5122/Y                                   -       B->Y    R     AND2x2_ASAP7_75t_SL            9  6.6    40    38     872    (-,-) 
  aitb_g27558__5526/Y                                   -       A1->Y   F     AOI21xp5_ASAP7_75t_SL          2  1.6    35    21     893    (-,-) 
  aitb_g27046__2346/Y                                   -       C->Y    R     NAND4xp25_ASAP7_75t_SL         1  0.8    31    20     913    (-,-) 
  aitb_g27042__6161/Y                                   -       A->Y    R     OR2x2_ASAP7_75t_SL            26 18.3    95    60     974    (-,-) 
  aitb_g27041/Y                                         -       A->Y    F     INVx1_ASAP7_75t_SL             1  0.8    30    11     984    (-,-) 
  aitb_g27526__1666/Y                                   -       A1->Y   R     AOI21xp5_ASAP7_75t_SL          2  1.7    44    23    1008    (-,-) 
  aitb_g27518/Y                                         -       A->Y    F     INVx1_ASAP7_75t_SL             1  0.8    18    10    1017    (-,-) 
  aitb_g27517__5115/Y                                   -       D->Y    R     NOR4xp25_ASAP7_75t_SL          1  0.8    59    28    1046    (-,-) 
  aitb_g27513__8246/Y                                   -       B->Y    R     AND2x2_ASAP7_75t_SL            7  5.4    34    34    1080    (-,-) 
  aitb_g27512/Y                                         -       A->Y    F     INVx2_ASAP7_75t_SL            20 15.1    60    35    1115    (-,-) 
  aitb_g26985__2398/Y                                   -       A2->Y   R     OAI21xp5_ASAP7_75t_SL          2  1.6    50    30    1146    (-,-) 
  aitb_g26975__2883/Y                                   -       C->Y    R     OR3x2_ASAP7_75t_SL            27 19.3   100    61    1206    (-,-) 
  aitb_g26968__7482/Y                                   -       A2->Y   F     OAI21xp5_ASAP7_75t_SL          3  2.1    56    29    1236    (-,-) 
  aitb_g26961__8246/Y                                   -       A1->Y   R     OAI21xp5_ASAP7_75t_SL          3  2.7    66    35    1271    (-,-) 
  aitb_g23913/Y                                         -       A->Y    F     INVx1_ASAP7_75t_SL             2  1.9    32    17    1288    (-,-) 
  aitb_u_fix2fp32_col1_csa_tree_SUB_TC_OP_groupi_g578/Y -       A->Y    R     INVxp67_ASAP7_75t_SL           1  0.9    24    15    1304    (-,-) 
  aitb_u_fix2fp32_col1_csa_tree_SUB_TC_OP_groupi_g568/Y -       A->Y    F     MAJIxp5_ASAP7_75t_SL           2  2.0    46    22    1325    (-,-) 
  aitb_u_fix2fp32_col1_csa_tree_SUB_TC_OP_groupi_g542/Y -       A->Y    R     MAJIxp5_ASAP7_75t_SL           2  1.9    64    32    1358    (-,-) 
  aitb_u_fix2fp32_col1_csa_tree_SUB_TC_OP_groupi_g541/Y -       A->Y    F     INVxp67_ASAP7_75t_SL           1  1.4    33    19    1376    (-,-) 
  aitb_u_fix2fp32_col1_csa_tree_SUB_TC_OP_groupi_g531/Y -       B->Y    R     MAJIxp5_ASAP7_75t_SL           2  1.9    56    32    1408    (-,-) 
  aitb_u_fix2fp32_col1_csa_tree_SUB_TC_OP_groupi_g530/Y -       A->Y    F     INVxp67_ASAP7_75t_SL           1  0.9    25    14    1422    (-,-) 
  aitb_u_fix2fp32_col1_csa_tree_SUB_TC_OP_groupi_g526/Y -       A->Y    R     MAJIxp5_ASAP7_75t_SL           2  2.1    62    29    1451    (-,-) 
  aitb_u_fix2fp32_col1_csa_tree_SUB_TC_OP_groupi_g523/Y -       A->Y    F     MAJIxp5_ASAP7_75t_SL           2  2.0    55    27    1478    (-,-) 
  aitb_u_fix2fp32_col1_csa_tree_SUB_TC_OP_groupi_g521/Y -       A->Y    F     MAJx2_ASAP7_75t_SL             2  2.0    19    35    1514    (-,-) 
  aitb_u_fix2fp32_col1_csa_tree_SUB_TC_OP_groupi_g519/Y -       A->Y    F     MAJx2_ASAP7_75t_SL             2  2.4    20    29    1543    (-,-) 
  aitb_u_fix2fp32_col1_csa_tree_SUB_TC_OP_groupi_g517/Y -       C->Y    R     MAJIxp5_ASAP7_75t_SL           2  1.8    57    26    1568    (-,-) 
  aitb_u_fix2fp32_col1_csa_tree_SUB_TC_OP_groupi_g515/Y -       B->Y    F     NOR2xp33_ASAP7_75t_SL          1  1.3    44    29    1598    (-,-) 
  aitb_g46416/Y                                         -       B->Y    R     NOR2x1_ASAP7_75t_SL           10  6.8    75    41    1639    (-,-) 
  aitb_g46398/Y                                         -       A->Y    F     INVx1_ASAP7_75t_L              1  0.8    24    16    1654    (-,-) 
  aitb_g46347/Y                                         -       A->Y    R     NOR3xp33_ASAP7_75t_SL          2  1.4    57    28    1683    (-,-) 
  aitb_g46310/Y                                         -       A->Y    F     NAND2xp5_ASAP7_75t_L          14  9.4   146    77    1760    (-,-) 
  aitb_g46291/Y                                         -       A->Y    R     INVx1_ASAP7_75t_SL            10  6.8   104    65    1824    (-,-) 
  aitb_g46206/Y                                         -       B1->Y   F     AOI22xp5_ASAP7_75t_SL          1  0.9    42    13    1838    (-,-) 
  aitb_PIPE_3_fix2float_col1_stage_reg_reg[0][21]/D     -       -       F     ASYNC_DFFHx1_ASAP7_75t_SL      1    -     -     0    1838    (-,-) 
#------------------------------------------------------------------------------------------------------------------------------------------------



Path 21: MET (44 ps) Setup Check with Pin aitb_PIPE_3_fix2float_col1_stage_reg_reg[0][19]/CLK->D
           View: PVT_0P63V_100C.setup_view
          Group: clk
     Startpoint: (R) aitb_PIPE_3_dot_col1_stage_reg_reg[0][1]/CLK
          Clock: (R) clk
       Endpoint: (F) aitb_PIPE_3_fix2float_col1_stage_reg_reg[0][19]/D
          Clock: (R) clk

                     Capture       Launch     
        Clock Edge:+    2000            0     
       Src Latency:+       0            0     
       Net Latency:+       0 (I)        0 (I) 
           Arrival:=    2000            0     
                                              
             Setup:-      19                  
       Uncertainty:-     100                  
     Required Time:=    1881                  
      Launch Clock:-       0                  
         Data Path:-    1838                  
             Slack:=      44                  

#------------------------------------------------------------------------------------------------------------------------------------------------
#                     Timing Point                      Flags    Arc    Edge           Cell             Fanout Load Trans Delay Arrival Instance 
#                                                                                                              (fF)  (ps)  (ps)   (ps)  Location 
#------------------------------------------------------------------------------------------------------------------------------------------------
  aitb_PIPE_3_dot_col1_stage_reg_reg[0][1]/CLK          -       -       R     (arrival)                   1147    -     0     0       0    (-,-) 
  aitb_PIPE_3_dot_col1_stage_reg_reg[0][1]/QN           -       CLK->QN R     ASYNC_DFFHx1_ASAP7_75t_SL      3  2.7    43    59      59    (-,-) 
  aitb_g23993/Y                                         -       A->Y    F     INVx2_ASAP7_75t_SL             2  1.6    17     9      68    (-,-) 
  aitb_u_fix2fp32_col1_ADD_TC_OP_g693/Y                 -       B->Y    F     AND2x2_ASAP7_75t_SL            2  1.4    12    21      89    (-,-) 
  aitb_u_fix2fp32_col1_ADD_TC_OP_g690/Y                 -       B->Y    F     AND2x2_ASAP7_75t_SL            3  3.2    18    24     113    (-,-) 
  aitb_u_fix2fp32_col1_ADD_TC_OP_g688/Y                 -       B->Y    R     NAND2x1p5_ASAP7_75t_SL         3  2.7    29    16     129    (-,-) 
  aitb_u_fix2fp32_col1_ADD_TC_OP_g686/Y                 -       B->Y    F     NOR2x1_ASAP7_75t_SL            3  3.2    33    21     150    (-,-) 
  aitb_u_fix2fp32_col1_ADD_TC_OP_g684/Y                 -       B->Y    R     NAND2x1p5_ASAP7_75t_SL         3  3.2    32    20     170    (-,-) 
  aitb_u_fix2fp32_col1_ADD_TC_OP_g682/Y                 -       B->Y    F     NOR2x1p5_ASAP7_75t_SL          3  3.2    26    16     187    (-,-) 
  aitb_u_fix2fp32_col1_ADD_TC_OP_g680/Y                 -       B->Y    R     NAND2x1p5_ASAP7_75t_SL         3  2.6    29    17     204    (-,-) 
  aitb_u_fix2fp32_col1_ADD_TC_OP_g678/Y                 -       B->Y    F     NOR2x1_ASAP7_75t_SL            3  2.6    29    19     223    (-,-) 
  aitb_u_fix2fp32_col1_ADD_TC_OP_g676/Y                 -       B->Y    R     NAND2x1_ASAP7_75t_SL           3  2.6    38    23     246    (-,-) 
  aitb_u_fix2fp32_col1_ADD_TC_OP_g674/Y                 -       B->Y    F     NOR2x1_ASAP7_75t_SL            3  2.6    30    21     267    (-,-) 
  aitb_u_fix2fp32_col1_ADD_TC_OP_g672/Y                 -       B->Y    R     NAND2x1_ASAP7_75t_SL           3  2.6    38    23     290    (-,-) 
  aitb_u_fix2fp32_col1_ADD_TC_OP_g670/Y                 -       B->Y    F     NOR2x1_ASAP7_75t_SL            3  2.1    26    19     309    (-,-) 
  aitb_u_fix2fp32_col1_ADD_TC_OP_g668/Y                 -       B->Y    R     NAND2xp5_ASAP7_75t_SL          3  2.6    47    27     336    (-,-) 
  aitb_u_fix2fp32_col1_ADD_TC_OP_g666/Y                 -       B->Y    F     NOR2x1_ASAP7_75t_SL            3  2.1    29    20     356    (-,-) 
  aitb_u_fix2fp32_col1_ADD_TC_OP_g664/Y                 -       B->Y    R     NAND2xp5_ASAP7_75t_SL          3  2.6    47    28     384    (-,-) 
  aitb_u_fix2fp32_col1_ADD_TC_OP_g662/Y                 -       B->Y    F     NOR2x1_ASAP7_75t_SL            3  2.1    29    20     403    (-,-) 
  aitb_u_fix2fp32_col1_ADD_TC_OP_g660/Y                 -       B->Y    R     NAND2xp5_ASAP7_75t_SL          3  2.6    47    28     431    (-,-) 
  aitb_u_fix2fp32_col1_ADD_TC_OP_g658/Y                 -       B->Y    F     NOR2x1_ASAP7_75t_SL            3  2.1    29    20     451    (-,-) 
  aitb_u_fix2fp32_col1_ADD_TC_OP_g656/Y                 -       B->Y    R     NAND2xp5_ASAP7_75t_SL          3  2.6    47    28     479    (-,-) 
  aitb_u_fix2fp32_col1_ADD_TC_OP_g654/Y                 -       B->Y    F     NOR2x1_ASAP7_75t_SL            3  2.1    29    20     499    (-,-) 
  aitb_u_fix2fp32_col1_ADD_TC_OP_g652/Y                 -       B->Y    R     NAND2xp5_ASAP7_75t_SL          3  2.6    47    28     527    (-,-) 
  aitb_u_fix2fp32_col1_ADD_TC_OP_g650/Y                 -       B->Y    F     NOR2x1_ASAP7_75t_SL            4  2.8    34    23     550    (-,-) 
  aitb_u_fix2fp32_col1_ADD_TC_OP_g642/Y                 -       A->Y    F     AND5x1_ASAP7_75t_SL            2  1.8    19    27     577    (-,-) 
  aitb_u_fix2fp32_col1_ADD_TC_OP_g632/Y                 -       A->Y    F     AND5x2_ASAP7_75t_SL            3  3.2    21    26     604    (-,-) 
  aitb_u_fix2fp32_col1_ADD_TC_OP_g630/Y                 -       B->Y    R     NAND2x1p5_ASAP7_75t_SL         3  2.6    29    16     620    (-,-) 
  aitb_u_fix2fp32_col1_ADD_TC_OP_g628/Y                 -       B->Y    F     NOR2x1_ASAP7_75t_SL            3  2.1    26    17     637    (-,-) 
  aitb_u_fix2fp32_col1_ADD_TC_OP_g625/Y                 -       B->Y    F     AND2x2_ASAP7_75t_SL            2  1.9    14    24     661    (-,-) 
  aitb_u_fix2fp32_col1_ADD_TC_OP_g622/Y                 -       B->Y    R     NAND2x1_ASAP7_75t_SL           3  2.0    32    16     677    (-,-) 
  aitb_u_fix2fp32_col1_ADD_TC_OP_g618/Y                 -       B->Y    R     OR2x2_ASAP7_75t_SL             3  1.9    16    23     701    (-,-) 
  aitb_u_fix2fp32_col1_ADD_TC_OP_g615/Y                 -       B->Y    R     OR2x2_ASAP7_75t_SL             3  2.1    17    21     722    (-,-) 
  aitb_u_fix2fp32_col1_ADD_TC_OP_g610/Y                 -       A2->Y   F     AOI21xp33_ASAP7_75t_SL         1  0.7    24    12     734    (-,-) 
  aitb_g27604__7482/Y                                   -       B2->Y   F     AO22x1_ASAP7_75t_SL            2  1.5    25    30     764    (-,-) 
  aitb_g27568__1881/Y                                   -       A->Y    F     OR5x1_ASAP7_75t_SL             1  0.8    22    37     801    (-,-) 
  aitb_g27567__6131/Y                                   -       B->Y    R     NOR5xp2_ASAP7_75t_SL           1  0.8    70    34     834    (-,-) 
  aitb_g27564__5122/Y                                   -       B->Y    R     AND2x2_ASAP7_75t_SL            9  6.6    40    38     872    (-,-) 
  aitb_g27558__5526/Y                                   -       A1->Y   F     AOI21xp5_ASAP7_75t_SL          2  1.6    35    21     893    (-,-) 
  aitb_g27046__2346/Y                                   -       C->Y    R     NAND4xp25_ASAP7_75t_SL         1  0.8    31    20     913    (-,-) 
  aitb_g27042__6161/Y                                   -       A->Y    R     OR2x2_ASAP7_75t_SL            26 18.3    95    60     974    (-,-) 
  aitb_g27041/Y                                         -       A->Y    F     INVx1_ASAP7_75t_SL             1  0.8    30    11     984    (-,-) 
  aitb_g27526__1666/Y                                   -       A1->Y   R     AOI21xp5_ASAP7_75t_SL          2  1.7    44    23    1008    (-,-) 
  aitb_g27518/Y                                         -       A->Y    F     INVx1_ASAP7_75t_SL             1  0.8    18    10    1017    (-,-) 
  aitb_g27517__5115/Y                                   -       D->Y    R     NOR4xp25_ASAP7_75t_SL          1  0.8    59    28    1046    (-,-) 
  aitb_g27513__8246/Y                                   -       B->Y    R     AND2x2_ASAP7_75t_SL            7  5.4    34    34    1080    (-,-) 
  aitb_g27512/Y                                         -       A->Y    F     INVx2_ASAP7_75t_SL            20 15.1    60    35    1115    (-,-) 
  aitb_g26985__2398/Y                                   -       A2->Y   R     OAI21xp5_ASAP7_75t_SL          2  1.6    50    30    1146    (-,-) 
  aitb_g26975__2883/Y                                   -       C->Y    R     OR3x2_ASAP7_75t_SL            27 19.3   100    61    1206    (-,-) 
  aitb_g26968__7482/Y                                   -       A2->Y   F     OAI21xp5_ASAP7_75t_SL          3  2.1    56    29    1236    (-,-) 
  aitb_g26961__8246/Y                                   -       A1->Y   R     OAI21xp5_ASAP7_75t_SL          3  2.7    66    35    1271    (-,-) 
  aitb_g23913/Y                                         -       A->Y    F     INVx1_ASAP7_75t_SL             2  1.9    32    17    1288    (-,-) 
  aitb_u_fix2fp32_col1_csa_tree_SUB_TC_OP_groupi_g578/Y -       A->Y    R     INVxp67_ASAP7_75t_SL           1  0.9    24    15    1304    (-,-) 
  aitb_u_fix2fp32_col1_csa_tree_SUB_TC_OP_groupi_g568/Y -       A->Y    F     MAJIxp5_ASAP7_75t_SL           2  2.0    46    22    1325    (-,-) 
  aitb_u_fix2fp32_col1_csa_tree_SUB_TC_OP_groupi_g542/Y -       A->Y    R     MAJIxp5_ASAP7_75t_SL           2  1.9    64    32    1358    (-,-) 
  aitb_u_fix2fp32_col1_csa_tree_SUB_TC_OP_groupi_g541/Y -       A->Y    F     INVxp67_ASAP7_75t_SL           1  1.4    33    19    1376    (-,-) 
  aitb_u_fix2fp32_col1_csa_tree_SUB_TC_OP_groupi_g531/Y -       B->Y    R     MAJIxp5_ASAP7_75t_SL           2  1.9    56    32    1408    (-,-) 
  aitb_u_fix2fp32_col1_csa_tree_SUB_TC_OP_groupi_g530/Y -       A->Y    F     INVxp67_ASAP7_75t_SL           1  0.9    25    14    1422    (-,-) 
  aitb_u_fix2fp32_col1_csa_tree_SUB_TC_OP_groupi_g526/Y -       A->Y    R     MAJIxp5_ASAP7_75t_SL           2  2.1    62    29    1451    (-,-) 
  aitb_u_fix2fp32_col1_csa_tree_SUB_TC_OP_groupi_g523/Y -       A->Y    F     MAJIxp5_ASAP7_75t_SL           2  2.0    55    27    1478    (-,-) 
  aitb_u_fix2fp32_col1_csa_tree_SUB_TC_OP_groupi_g521/Y -       A->Y    F     MAJx2_ASAP7_75t_SL             2  2.0    19    35    1514    (-,-) 
  aitb_u_fix2fp32_col1_csa_tree_SUB_TC_OP_groupi_g519/Y -       A->Y    F     MAJx2_ASAP7_75t_SL             2  2.4    20    29    1543    (-,-) 
  aitb_u_fix2fp32_col1_csa_tree_SUB_TC_OP_groupi_g517/Y -       C->Y    R     MAJIxp5_ASAP7_75t_SL           2  1.8    57    26    1568    (-,-) 
  aitb_u_fix2fp32_col1_csa_tree_SUB_TC_OP_groupi_g515/Y -       B->Y    F     NOR2xp33_ASAP7_75t_SL          1  1.3    44    29    1598    (-,-) 
  aitb_g46416/Y                                         -       B->Y    R     NOR2x1_ASAP7_75t_SL           10  6.8    75    41    1639    (-,-) 
  aitb_g46398/Y                                         -       A->Y    F     INVx1_ASAP7_75t_L              1  0.8    24    16    1654    (-,-) 
  aitb_g46347/Y                                         -       A->Y    R     NOR3xp33_ASAP7_75t_SL          2  1.4    57    28    1683    (-,-) 
  aitb_g46310/Y                                         -       A->Y    F     NAND2xp5_ASAP7_75t_L          14  9.4   146    77    1760    (-,-) 
  aitb_g46291/Y                                         -       A->Y    R     INVx1_ASAP7_75t_SL            10  6.8   104    65    1824    (-,-) 
  aitb_g46245/Y                                         -       B1->Y   F     AOI22xp5_ASAP7_75t_SL          1  0.9    42    13    1838    (-,-) 
  aitb_PIPE_3_fix2float_col1_stage_reg_reg[0][19]/D     -       -       F     ASYNC_DFFHx1_ASAP7_75t_SL      1    -     -     0    1838    (-,-) 
#------------------------------------------------------------------------------------------------------------------------------------------------



Path 22: MET (44 ps) Setup Check with Pin aitb_PIPE_3_fix2float_col1_stage_reg_reg[0][18]/CLK->D
           View: PVT_0P63V_100C.setup_view
          Group: clk
     Startpoint: (R) aitb_PIPE_3_dot_col1_stage_reg_reg[0][1]/CLK
          Clock: (R) clk
       Endpoint: (F) aitb_PIPE_3_fix2float_col1_stage_reg_reg[0][18]/D
          Clock: (R) clk

                     Capture       Launch     
        Clock Edge:+    2000            0     
       Src Latency:+       0            0     
       Net Latency:+       0 (I)        0 (I) 
           Arrival:=    2000            0     
                                              
             Setup:-      19                  
       Uncertainty:-     100                  
     Required Time:=    1881                  
      Launch Clock:-       0                  
         Data Path:-    1838                  
             Slack:=      44                  

#------------------------------------------------------------------------------------------------------------------------------------------------
#                     Timing Point                      Flags    Arc    Edge           Cell             Fanout Load Trans Delay Arrival Instance 
#                                                                                                              (fF)  (ps)  (ps)   (ps)  Location 
#------------------------------------------------------------------------------------------------------------------------------------------------
  aitb_PIPE_3_dot_col1_stage_reg_reg[0][1]/CLK          -       -       R     (arrival)                   1147    -     0     0       0    (-,-) 
  aitb_PIPE_3_dot_col1_stage_reg_reg[0][1]/QN           -       CLK->QN R     ASYNC_DFFHx1_ASAP7_75t_SL      3  2.7    43    59      59    (-,-) 
  aitb_g23993/Y                                         -       A->Y    F     INVx2_ASAP7_75t_SL             2  1.6    17     9      68    (-,-) 
  aitb_u_fix2fp32_col1_ADD_TC_OP_g693/Y                 -       B->Y    F     AND2x2_ASAP7_75t_SL            2  1.4    12    21      89    (-,-) 
  aitb_u_fix2fp32_col1_ADD_TC_OP_g690/Y                 -       B->Y    F     AND2x2_ASAP7_75t_SL            3  3.2    18    24     113    (-,-) 
  aitb_u_fix2fp32_col1_ADD_TC_OP_g688/Y                 -       B->Y    R     NAND2x1p5_ASAP7_75t_SL         3  2.7    29    16     129    (-,-) 
  aitb_u_fix2fp32_col1_ADD_TC_OP_g686/Y                 -       B->Y    F     NOR2x1_ASAP7_75t_SL            3  3.2    33    21     150    (-,-) 
  aitb_u_fix2fp32_col1_ADD_TC_OP_g684/Y                 -       B->Y    R     NAND2x1p5_ASAP7_75t_SL         3  3.2    32    20     170    (-,-) 
  aitb_u_fix2fp32_col1_ADD_TC_OP_g682/Y                 -       B->Y    F     NOR2x1p5_ASAP7_75t_SL          3  3.2    26    16     187    (-,-) 
  aitb_u_fix2fp32_col1_ADD_TC_OP_g680/Y                 -       B->Y    R     NAND2x1p5_ASAP7_75t_SL         3  2.6    29    17     204    (-,-) 
  aitb_u_fix2fp32_col1_ADD_TC_OP_g678/Y                 -       B->Y    F     NOR2x1_ASAP7_75t_SL            3  2.6    29    19     223    (-,-) 
  aitb_u_fix2fp32_col1_ADD_TC_OP_g676/Y                 -       B->Y    R     NAND2x1_ASAP7_75t_SL           3  2.6    38    23     246    (-,-) 
  aitb_u_fix2fp32_col1_ADD_TC_OP_g674/Y                 -       B->Y    F     NOR2x1_ASAP7_75t_SL            3  2.6    30    21     267    (-,-) 
  aitb_u_fix2fp32_col1_ADD_TC_OP_g672/Y                 -       B->Y    R     NAND2x1_ASAP7_75t_SL           3  2.6    38    23     290    (-,-) 
  aitb_u_fix2fp32_col1_ADD_TC_OP_g670/Y                 -       B->Y    F     NOR2x1_ASAP7_75t_SL            3  2.1    26    19     309    (-,-) 
  aitb_u_fix2fp32_col1_ADD_TC_OP_g668/Y                 -       B->Y    R     NAND2xp5_ASAP7_75t_SL          3  2.6    47    27     336    (-,-) 
  aitb_u_fix2fp32_col1_ADD_TC_OP_g666/Y                 -       B->Y    F     NOR2x1_ASAP7_75t_SL            3  2.1    29    20     356    (-,-) 
  aitb_u_fix2fp32_col1_ADD_TC_OP_g664/Y                 -       B->Y    R     NAND2xp5_ASAP7_75t_SL          3  2.6    47    28     384    (-,-) 
  aitb_u_fix2fp32_col1_ADD_TC_OP_g662/Y                 -       B->Y    F     NOR2x1_ASAP7_75t_SL            3  2.1    29    20     403    (-,-) 
  aitb_u_fix2fp32_col1_ADD_TC_OP_g660/Y                 -       B->Y    R     NAND2xp5_ASAP7_75t_SL          3  2.6    47    28     431    (-,-) 
  aitb_u_fix2fp32_col1_ADD_TC_OP_g658/Y                 -       B->Y    F     NOR2x1_ASAP7_75t_SL            3  2.1    29    20     451    (-,-) 
  aitb_u_fix2fp32_col1_ADD_TC_OP_g656/Y                 -       B->Y    R     NAND2xp5_ASAP7_75t_SL          3  2.6    47    28     479    (-,-) 
  aitb_u_fix2fp32_col1_ADD_TC_OP_g654/Y                 -       B->Y    F     NOR2x1_ASAP7_75t_SL            3  2.1    29    20     499    (-,-) 
  aitb_u_fix2fp32_col1_ADD_TC_OP_g652/Y                 -       B->Y    R     NAND2xp5_ASAP7_75t_SL          3  2.6    47    28     527    (-,-) 
  aitb_u_fix2fp32_col1_ADD_TC_OP_g650/Y                 -       B->Y    F     NOR2x1_ASAP7_75t_SL            4  2.8    34    23     550    (-,-) 
  aitb_u_fix2fp32_col1_ADD_TC_OP_g642/Y                 -       A->Y    F     AND5x1_ASAP7_75t_SL            2  1.8    19    27     577    (-,-) 
  aitb_u_fix2fp32_col1_ADD_TC_OP_g632/Y                 -       A->Y    F     AND5x2_ASAP7_75t_SL            3  3.2    21    26     604    (-,-) 
  aitb_u_fix2fp32_col1_ADD_TC_OP_g630/Y                 -       B->Y    R     NAND2x1p5_ASAP7_75t_SL         3  2.6    29    16     620    (-,-) 
  aitb_u_fix2fp32_col1_ADD_TC_OP_g628/Y                 -       B->Y    F     NOR2x1_ASAP7_75t_SL            3  2.1    26    17     637    (-,-) 
  aitb_u_fix2fp32_col1_ADD_TC_OP_g625/Y                 -       B->Y    F     AND2x2_ASAP7_75t_SL            2  1.9    14    24     661    (-,-) 
  aitb_u_fix2fp32_col1_ADD_TC_OP_g622/Y                 -       B->Y    R     NAND2x1_ASAP7_75t_SL           3  2.0    32    16     677    (-,-) 
  aitb_u_fix2fp32_col1_ADD_TC_OP_g618/Y                 -       B->Y    R     OR2x2_ASAP7_75t_SL             3  1.9    16    23     701    (-,-) 
  aitb_u_fix2fp32_col1_ADD_TC_OP_g615/Y                 -       B->Y    R     OR2x2_ASAP7_75t_SL             3  2.1    17    21     722    (-,-) 
  aitb_u_fix2fp32_col1_ADD_TC_OP_g610/Y                 -       A2->Y   F     AOI21xp33_ASAP7_75t_SL         1  0.7    24    12     734    (-,-) 
  aitb_g27604__7482/Y                                   -       B2->Y   F     AO22x1_ASAP7_75t_SL            2  1.5    25    30     764    (-,-) 
  aitb_g27568__1881/Y                                   -       A->Y    F     OR5x1_ASAP7_75t_SL             1  0.8    22    37     801    (-,-) 
  aitb_g27567__6131/Y                                   -       B->Y    R     NOR5xp2_ASAP7_75t_SL           1  0.8    70    34     834    (-,-) 
  aitb_g27564__5122/Y                                   -       B->Y    R     AND2x2_ASAP7_75t_SL            9  6.6    40    38     872    (-,-) 
  aitb_g27558__5526/Y                                   -       A1->Y   F     AOI21xp5_ASAP7_75t_SL          2  1.6    35    21     893    (-,-) 
  aitb_g27046__2346/Y                                   -       C->Y    R     NAND4xp25_ASAP7_75t_SL         1  0.8    31    20     913    (-,-) 
  aitb_g27042__6161/Y                                   -       A->Y    R     OR2x2_ASAP7_75t_SL            26 18.3    95    60     974    (-,-) 
  aitb_g27041/Y                                         -       A->Y    F     INVx1_ASAP7_75t_SL             1  0.8    30    11     984    (-,-) 
  aitb_g27526__1666/Y                                   -       A1->Y   R     AOI21xp5_ASAP7_75t_SL          2  1.7    44    23    1008    (-,-) 
  aitb_g27518/Y                                         -       A->Y    F     INVx1_ASAP7_75t_SL             1  0.8    18    10    1017    (-,-) 
  aitb_g27517__5115/Y                                   -       D->Y    R     NOR4xp25_ASAP7_75t_SL          1  0.8    59    28    1046    (-,-) 
  aitb_g27513__8246/Y                                   -       B->Y    R     AND2x2_ASAP7_75t_SL            7  5.4    34    34    1080    (-,-) 
  aitb_g27512/Y                                         -       A->Y    F     INVx2_ASAP7_75t_SL            20 15.1    60    35    1115    (-,-) 
  aitb_g26985__2398/Y                                   -       A2->Y   R     OAI21xp5_ASAP7_75t_SL          2  1.6    50    30    1146    (-,-) 
  aitb_g26975__2883/Y                                   -       C->Y    R     OR3x2_ASAP7_75t_SL            27 19.3   100    61    1206    (-,-) 
  aitb_g26968__7482/Y                                   -       A2->Y   F     OAI21xp5_ASAP7_75t_SL          3  2.1    56    29    1236    (-,-) 
  aitb_g26961__8246/Y                                   -       A1->Y   R     OAI21xp5_ASAP7_75t_SL          3  2.7    66    35    1271    (-,-) 
  aitb_g23913/Y                                         -       A->Y    F     INVx1_ASAP7_75t_SL             2  1.9    32    17    1288    (-,-) 
  aitb_u_fix2fp32_col1_csa_tree_SUB_TC_OP_groupi_g578/Y -       A->Y    R     INVxp67_ASAP7_75t_SL           1  0.9    24    15    1304    (-,-) 
  aitb_u_fix2fp32_col1_csa_tree_SUB_TC_OP_groupi_g568/Y -       A->Y    F     MAJIxp5_ASAP7_75t_SL           2  2.0    46    22    1325    (-,-) 
  aitb_u_fix2fp32_col1_csa_tree_SUB_TC_OP_groupi_g542/Y -       A->Y    R     MAJIxp5_ASAP7_75t_SL           2  1.9    64    32    1358    (-,-) 
  aitb_u_fix2fp32_col1_csa_tree_SUB_TC_OP_groupi_g541/Y -       A->Y    F     INVxp67_ASAP7_75t_SL           1  1.4    33    19    1376    (-,-) 
  aitb_u_fix2fp32_col1_csa_tree_SUB_TC_OP_groupi_g531/Y -       B->Y    R     MAJIxp5_ASAP7_75t_SL           2  1.9    56    32    1408    (-,-) 
  aitb_u_fix2fp32_col1_csa_tree_SUB_TC_OP_groupi_g530/Y -       A->Y    F     INVxp67_ASAP7_75t_SL           1  0.9    25    14    1422    (-,-) 
  aitb_u_fix2fp32_col1_csa_tree_SUB_TC_OP_groupi_g526/Y -       A->Y    R     MAJIxp5_ASAP7_75t_SL           2  2.1    62    29    1451    (-,-) 
  aitb_u_fix2fp32_col1_csa_tree_SUB_TC_OP_groupi_g523/Y -       A->Y    F     MAJIxp5_ASAP7_75t_SL           2  2.0    55    27    1478    (-,-) 
  aitb_u_fix2fp32_col1_csa_tree_SUB_TC_OP_groupi_g521/Y -       A->Y    F     MAJx2_ASAP7_75t_SL             2  2.0    19    35    1514    (-,-) 
  aitb_u_fix2fp32_col1_csa_tree_SUB_TC_OP_groupi_g519/Y -       A->Y    F     MAJx2_ASAP7_75t_SL             2  2.4    20    29    1543    (-,-) 
  aitb_u_fix2fp32_col1_csa_tree_SUB_TC_OP_groupi_g517/Y -       C->Y    R     MAJIxp5_ASAP7_75t_SL           2  1.8    57    26    1568    (-,-) 
  aitb_u_fix2fp32_col1_csa_tree_SUB_TC_OP_groupi_g515/Y -       B->Y    F     NOR2xp33_ASAP7_75t_SL          1  1.3    44    29    1598    (-,-) 
  aitb_g46416/Y                                         -       B->Y    R     NOR2x1_ASAP7_75t_SL           10  6.8    75    41    1639    (-,-) 
  aitb_g46398/Y                                         -       A->Y    F     INVx1_ASAP7_75t_L              1  0.8    24    16    1654    (-,-) 
  aitb_g46347/Y                                         -       A->Y    R     NOR3xp33_ASAP7_75t_SL          2  1.4    57    28    1683    (-,-) 
  aitb_g46310/Y                                         -       A->Y    F     NAND2xp5_ASAP7_75t_L          14  9.4   146    77    1760    (-,-) 
  aitb_g46291/Y                                         -       A->Y    R     INVx1_ASAP7_75t_SL            10  6.8   104    65    1824    (-,-) 
  aitb_g46248/Y                                         -       B1->Y   F     AOI22xp5_ASAP7_75t_SL          1  0.9    42    13    1838    (-,-) 
  aitb_PIPE_3_fix2float_col1_stage_reg_reg[0][18]/D     -       -       F     ASYNC_DFFHx1_ASAP7_75t_SL      1    -     -     0    1838    (-,-) 
#------------------------------------------------------------------------------------------------------------------------------------------------



Path 23: MET (44 ps) Setup Check with Pin aitb_PIPE_3_fix2float_col1_stage_reg_reg[0][17]/CLK->D
           View: PVT_0P63V_100C.setup_view
          Group: clk
     Startpoint: (R) aitb_PIPE_3_dot_col1_stage_reg_reg[0][1]/CLK
          Clock: (R) clk
       Endpoint: (F) aitb_PIPE_3_fix2float_col1_stage_reg_reg[0][17]/D
          Clock: (R) clk

                     Capture       Launch     
        Clock Edge:+    2000            0     
       Src Latency:+       0            0     
       Net Latency:+       0 (I)        0 (I) 
           Arrival:=    2000            0     
                                              
             Setup:-      19                  
       Uncertainty:-     100                  
     Required Time:=    1881                  
      Launch Clock:-       0                  
         Data Path:-    1838                  
             Slack:=      44                  

#------------------------------------------------------------------------------------------------------------------------------------------------
#                     Timing Point                      Flags    Arc    Edge           Cell             Fanout Load Trans Delay Arrival Instance 
#                                                                                                              (fF)  (ps)  (ps)   (ps)  Location 
#------------------------------------------------------------------------------------------------------------------------------------------------
  aitb_PIPE_3_dot_col1_stage_reg_reg[0][1]/CLK          -       -       R     (arrival)                   1147    -     0     0       0    (-,-) 
  aitb_PIPE_3_dot_col1_stage_reg_reg[0][1]/QN           -       CLK->QN R     ASYNC_DFFHx1_ASAP7_75t_SL      3  2.7    43    59      59    (-,-) 
  aitb_g23993/Y                                         -       A->Y    F     INVx2_ASAP7_75t_SL             2  1.6    17     9      68    (-,-) 
  aitb_u_fix2fp32_col1_ADD_TC_OP_g693/Y                 -       B->Y    F     AND2x2_ASAP7_75t_SL            2  1.4    12    21      89    (-,-) 
  aitb_u_fix2fp32_col1_ADD_TC_OP_g690/Y                 -       B->Y    F     AND2x2_ASAP7_75t_SL            3  3.2    18    24     113    (-,-) 
  aitb_u_fix2fp32_col1_ADD_TC_OP_g688/Y                 -       B->Y    R     NAND2x1p5_ASAP7_75t_SL         3  2.7    29    16     129    (-,-) 
  aitb_u_fix2fp32_col1_ADD_TC_OP_g686/Y                 -       B->Y    F     NOR2x1_ASAP7_75t_SL            3  3.2    33    21     150    (-,-) 
  aitb_u_fix2fp32_col1_ADD_TC_OP_g684/Y                 -       B->Y    R     NAND2x1p5_ASAP7_75t_SL         3  3.2    32    20     170    (-,-) 
  aitb_u_fix2fp32_col1_ADD_TC_OP_g682/Y                 -       B->Y    F     NOR2x1p5_ASAP7_75t_SL          3  3.2    26    16     187    (-,-) 
  aitb_u_fix2fp32_col1_ADD_TC_OP_g680/Y                 -       B->Y    R     NAND2x1p5_ASAP7_75t_SL         3  2.6    29    17     204    (-,-) 
  aitb_u_fix2fp32_col1_ADD_TC_OP_g678/Y                 -       B->Y    F     NOR2x1_ASAP7_75t_SL            3  2.6    29    19     223    (-,-) 
  aitb_u_fix2fp32_col1_ADD_TC_OP_g676/Y                 -       B->Y    R     NAND2x1_ASAP7_75t_SL           3  2.6    38    23     246    (-,-) 
  aitb_u_fix2fp32_col1_ADD_TC_OP_g674/Y                 -       B->Y    F     NOR2x1_ASAP7_75t_SL            3  2.6    30    21     267    (-,-) 
  aitb_u_fix2fp32_col1_ADD_TC_OP_g672/Y                 -       B->Y    R     NAND2x1_ASAP7_75t_SL           3  2.6    38    23     290    (-,-) 
  aitb_u_fix2fp32_col1_ADD_TC_OP_g670/Y                 -       B->Y    F     NOR2x1_ASAP7_75t_SL            3  2.1    26    19     309    (-,-) 
  aitb_u_fix2fp32_col1_ADD_TC_OP_g668/Y                 -       B->Y    R     NAND2xp5_ASAP7_75t_SL          3  2.6    47    27     336    (-,-) 
  aitb_u_fix2fp32_col1_ADD_TC_OP_g666/Y                 -       B->Y    F     NOR2x1_ASAP7_75t_SL            3  2.1    29    20     356    (-,-) 
  aitb_u_fix2fp32_col1_ADD_TC_OP_g664/Y                 -       B->Y    R     NAND2xp5_ASAP7_75t_SL          3  2.6    47    28     384    (-,-) 
  aitb_u_fix2fp32_col1_ADD_TC_OP_g662/Y                 -       B->Y    F     NOR2x1_ASAP7_75t_SL            3  2.1    29    20     403    (-,-) 
  aitb_u_fix2fp32_col1_ADD_TC_OP_g660/Y                 -       B->Y    R     NAND2xp5_ASAP7_75t_SL          3  2.6    47    28     431    (-,-) 
  aitb_u_fix2fp32_col1_ADD_TC_OP_g658/Y                 -       B->Y    F     NOR2x1_ASAP7_75t_SL            3  2.1    29    20     451    (-,-) 
  aitb_u_fix2fp32_col1_ADD_TC_OP_g656/Y                 -       B->Y    R     NAND2xp5_ASAP7_75t_SL          3  2.6    47    28     479    (-,-) 
  aitb_u_fix2fp32_col1_ADD_TC_OP_g654/Y                 -       B->Y    F     NOR2x1_ASAP7_75t_SL            3  2.1    29    20     499    (-,-) 
  aitb_u_fix2fp32_col1_ADD_TC_OP_g652/Y                 -       B->Y    R     NAND2xp5_ASAP7_75t_SL          3  2.6    47    28     527    (-,-) 
  aitb_u_fix2fp32_col1_ADD_TC_OP_g650/Y                 -       B->Y    F     NOR2x1_ASAP7_75t_SL            4  2.8    34    23     550    (-,-) 
  aitb_u_fix2fp32_col1_ADD_TC_OP_g642/Y                 -       A->Y    F     AND5x1_ASAP7_75t_SL            2  1.8    19    27     577    (-,-) 
  aitb_u_fix2fp32_col1_ADD_TC_OP_g632/Y                 -       A->Y    F     AND5x2_ASAP7_75t_SL            3  3.2    21    26     604    (-,-) 
  aitb_u_fix2fp32_col1_ADD_TC_OP_g630/Y                 -       B->Y    R     NAND2x1p5_ASAP7_75t_SL         3  2.6    29    16     620    (-,-) 
  aitb_u_fix2fp32_col1_ADD_TC_OP_g628/Y                 -       B->Y    F     NOR2x1_ASAP7_75t_SL            3  2.1    26    17     637    (-,-) 
  aitb_u_fix2fp32_col1_ADD_TC_OP_g625/Y                 -       B->Y    F     AND2x2_ASAP7_75t_SL            2  1.9    14    24     661    (-,-) 
  aitb_u_fix2fp32_col1_ADD_TC_OP_g622/Y                 -       B->Y    R     NAND2x1_ASAP7_75t_SL           3  2.0    32    16     677    (-,-) 
  aitb_u_fix2fp32_col1_ADD_TC_OP_g618/Y                 -       B->Y    R     OR2x2_ASAP7_75t_SL             3  1.9    16    23     701    (-,-) 
  aitb_u_fix2fp32_col1_ADD_TC_OP_g615/Y                 -       B->Y    R     OR2x2_ASAP7_75t_SL             3  2.1    17    21     722    (-,-) 
  aitb_u_fix2fp32_col1_ADD_TC_OP_g610/Y                 -       A2->Y   F     AOI21xp33_ASAP7_75t_SL         1  0.7    24    12     734    (-,-) 
  aitb_g27604__7482/Y                                   -       B2->Y   F     AO22x1_ASAP7_75t_SL            2  1.5    25    30     764    (-,-) 
  aitb_g27568__1881/Y                                   -       A->Y    F     OR5x1_ASAP7_75t_SL             1  0.8    22    37     801    (-,-) 
  aitb_g27567__6131/Y                                   -       B->Y    R     NOR5xp2_ASAP7_75t_SL           1  0.8    70    34     834    (-,-) 
  aitb_g27564__5122/Y                                   -       B->Y    R     AND2x2_ASAP7_75t_SL            9  6.6    40    38     872    (-,-) 
  aitb_g27558__5526/Y                                   -       A1->Y   F     AOI21xp5_ASAP7_75t_SL          2  1.6    35    21     893    (-,-) 
  aitb_g27046__2346/Y                                   -       C->Y    R     NAND4xp25_ASAP7_75t_SL         1  0.8    31    20     913    (-,-) 
  aitb_g27042__6161/Y                                   -       A->Y    R     OR2x2_ASAP7_75t_SL            26 18.3    95    60     974    (-,-) 
  aitb_g27041/Y                                         -       A->Y    F     INVx1_ASAP7_75t_SL             1  0.8    30    11     984    (-,-) 
  aitb_g27526__1666/Y                                   -       A1->Y   R     AOI21xp5_ASAP7_75t_SL          2  1.7    44    23    1008    (-,-) 
  aitb_g27518/Y                                         -       A->Y    F     INVx1_ASAP7_75t_SL             1  0.8    18    10    1017    (-,-) 
  aitb_g27517__5115/Y                                   -       D->Y    R     NOR4xp25_ASAP7_75t_SL          1  0.8    59    28    1046    (-,-) 
  aitb_g27513__8246/Y                                   -       B->Y    R     AND2x2_ASAP7_75t_SL            7  5.4    34    34    1080    (-,-) 
  aitb_g27512/Y                                         -       A->Y    F     INVx2_ASAP7_75t_SL            20 15.1    60    35    1115    (-,-) 
  aitb_g26985__2398/Y                                   -       A2->Y   R     OAI21xp5_ASAP7_75t_SL          2  1.6    50    30    1146    (-,-) 
  aitb_g26975__2883/Y                                   -       C->Y    R     OR3x2_ASAP7_75t_SL            27 19.3   100    61    1206    (-,-) 
  aitb_g26968__7482/Y                                   -       A2->Y   F     OAI21xp5_ASAP7_75t_SL          3  2.1    56    29    1236    (-,-) 
  aitb_g26961__8246/Y                                   -       A1->Y   R     OAI21xp5_ASAP7_75t_SL          3  2.7    66    35    1271    (-,-) 
  aitb_g23913/Y                                         -       A->Y    F     INVx1_ASAP7_75t_SL             2  1.9    32    17    1288    (-,-) 
  aitb_u_fix2fp32_col1_csa_tree_SUB_TC_OP_groupi_g578/Y -       A->Y    R     INVxp67_ASAP7_75t_SL           1  0.9    24    15    1304    (-,-) 
  aitb_u_fix2fp32_col1_csa_tree_SUB_TC_OP_groupi_g568/Y -       A->Y    F     MAJIxp5_ASAP7_75t_SL           2  2.0    46    22    1325    (-,-) 
  aitb_u_fix2fp32_col1_csa_tree_SUB_TC_OP_groupi_g542/Y -       A->Y    R     MAJIxp5_ASAP7_75t_SL           2  1.9    64    32    1358    (-,-) 
  aitb_u_fix2fp32_col1_csa_tree_SUB_TC_OP_groupi_g541/Y -       A->Y    F     INVxp67_ASAP7_75t_SL           1  1.4    33    19    1376    (-,-) 
  aitb_u_fix2fp32_col1_csa_tree_SUB_TC_OP_groupi_g531/Y -       B->Y    R     MAJIxp5_ASAP7_75t_SL           2  1.9    56    32    1408    (-,-) 
  aitb_u_fix2fp32_col1_csa_tree_SUB_TC_OP_groupi_g530/Y -       A->Y    F     INVxp67_ASAP7_75t_SL           1  0.9    25    14    1422    (-,-) 
  aitb_u_fix2fp32_col1_csa_tree_SUB_TC_OP_groupi_g526/Y -       A->Y    R     MAJIxp5_ASAP7_75t_SL           2  2.1    62    29    1451    (-,-) 
  aitb_u_fix2fp32_col1_csa_tree_SUB_TC_OP_groupi_g523/Y -       A->Y    F     MAJIxp5_ASAP7_75t_SL           2  2.0    55    27    1478    (-,-) 
  aitb_u_fix2fp32_col1_csa_tree_SUB_TC_OP_groupi_g521/Y -       A->Y    F     MAJx2_ASAP7_75t_SL             2  2.0    19    35    1514    (-,-) 
  aitb_u_fix2fp32_col1_csa_tree_SUB_TC_OP_groupi_g519/Y -       A->Y    F     MAJx2_ASAP7_75t_SL             2  2.4    20    29    1543    (-,-) 
  aitb_u_fix2fp32_col1_csa_tree_SUB_TC_OP_groupi_g517/Y -       C->Y    R     MAJIxp5_ASAP7_75t_SL           2  1.8    57    26    1568    (-,-) 
  aitb_u_fix2fp32_col1_csa_tree_SUB_TC_OP_groupi_g515/Y -       B->Y    F     NOR2xp33_ASAP7_75t_SL          1  1.3    44    29    1598    (-,-) 
  aitb_g46416/Y                                         -       B->Y    R     NOR2x1_ASAP7_75t_SL           10  6.8    75    41    1639    (-,-) 
  aitb_g46398/Y                                         -       A->Y    F     INVx1_ASAP7_75t_L              1  0.8    24    16    1654    (-,-) 
  aitb_g46347/Y                                         -       A->Y    R     NOR3xp33_ASAP7_75t_SL          2  1.4    57    28    1683    (-,-) 
  aitb_g46310/Y                                         -       A->Y    F     NAND2xp5_ASAP7_75t_L          14  9.4   146    77    1760    (-,-) 
  aitb_g46291/Y                                         -       A->Y    R     INVx1_ASAP7_75t_SL            10  6.8   104    65    1824    (-,-) 
  aitb_g46247/Y                                         -       B1->Y   F     AOI22xp5_ASAP7_75t_SL          1  0.9    41    13    1838    (-,-) 
  aitb_PIPE_3_fix2float_col1_stage_reg_reg[0][17]/D     -       -       F     ASYNC_DFFHx1_ASAP7_75t_SL      1    -     -     0    1838    (-,-) 
#------------------------------------------------------------------------------------------------------------------------------------------------



Path 24: MET (44 ps) Setup Check with Pin aitb_PIPE_3_fix2float_col1_stage_reg_reg[0][0]/CLK->D
           View: PVT_0P63V_100C.setup_view
          Group: clk
     Startpoint: (R) aitb_PIPE_3_dot_col1_stage_reg_reg[0][1]/CLK
          Clock: (R) clk
       Endpoint: (F) aitb_PIPE_3_fix2float_col1_stage_reg_reg[0][0]/D
          Clock: (R) clk

                     Capture       Launch     
        Clock Edge:+    2000            0     
       Src Latency:+       0            0     
       Net Latency:+       0 (I)        0 (I) 
           Arrival:=    2000            0     
                                              
             Setup:-      19                  
       Uncertainty:-     100                  
     Required Time:=    1881                  
      Launch Clock:-       0                  
         Data Path:-    1838                  
             Slack:=      44                  

#------------------------------------------------------------------------------------------------------------------------------------------------
#                     Timing Point                      Flags    Arc    Edge           Cell             Fanout Load Trans Delay Arrival Instance 
#                                                                                                              (fF)  (ps)  (ps)   (ps)  Location 
#------------------------------------------------------------------------------------------------------------------------------------------------
  aitb_PIPE_3_dot_col1_stage_reg_reg[0][1]/CLK          -       -       R     (arrival)                   1147    -     0     0       0    (-,-) 
  aitb_PIPE_3_dot_col1_stage_reg_reg[0][1]/QN           -       CLK->QN R     ASYNC_DFFHx1_ASAP7_75t_SL      3  2.7    43    59      59    (-,-) 
  aitb_g23993/Y                                         -       A->Y    F     INVx2_ASAP7_75t_SL             2  1.6    17     9      68    (-,-) 
  aitb_u_fix2fp32_col1_ADD_TC_OP_g693/Y                 -       B->Y    F     AND2x2_ASAP7_75t_SL            2  1.4    12    21      89    (-,-) 
  aitb_u_fix2fp32_col1_ADD_TC_OP_g690/Y                 -       B->Y    F     AND2x2_ASAP7_75t_SL            3  3.2    18    24     113    (-,-) 
  aitb_u_fix2fp32_col1_ADD_TC_OP_g688/Y                 -       B->Y    R     NAND2x1p5_ASAP7_75t_SL         3  2.7    29    16     129    (-,-) 
  aitb_u_fix2fp32_col1_ADD_TC_OP_g686/Y                 -       B->Y    F     NOR2x1_ASAP7_75t_SL            3  3.2    33    21     150    (-,-) 
  aitb_u_fix2fp32_col1_ADD_TC_OP_g684/Y                 -       B->Y    R     NAND2x1p5_ASAP7_75t_SL         3  3.2    32    20     170    (-,-) 
  aitb_u_fix2fp32_col1_ADD_TC_OP_g682/Y                 -       B->Y    F     NOR2x1p5_ASAP7_75t_SL          3  3.2    26    16     187    (-,-) 
  aitb_u_fix2fp32_col1_ADD_TC_OP_g680/Y                 -       B->Y    R     NAND2x1p5_ASAP7_75t_SL         3  2.6    29    17     204    (-,-) 
  aitb_u_fix2fp32_col1_ADD_TC_OP_g678/Y                 -       B->Y    F     NOR2x1_ASAP7_75t_SL            3  2.6    29    19     223    (-,-) 
  aitb_u_fix2fp32_col1_ADD_TC_OP_g676/Y                 -       B->Y    R     NAND2x1_ASAP7_75t_SL           3  2.6    38    23     246    (-,-) 
  aitb_u_fix2fp32_col1_ADD_TC_OP_g674/Y                 -       B->Y    F     NOR2x1_ASAP7_75t_SL            3  2.6    30    21     267    (-,-) 
  aitb_u_fix2fp32_col1_ADD_TC_OP_g672/Y                 -       B->Y    R     NAND2x1_ASAP7_75t_SL           3  2.6    38    23     290    (-,-) 
  aitb_u_fix2fp32_col1_ADD_TC_OP_g670/Y                 -       B->Y    F     NOR2x1_ASAP7_75t_SL            3  2.1    26    19     309    (-,-) 
  aitb_u_fix2fp32_col1_ADD_TC_OP_g668/Y                 -       B->Y    R     NAND2xp5_ASAP7_75t_SL          3  2.6    47    27     336    (-,-) 
  aitb_u_fix2fp32_col1_ADD_TC_OP_g666/Y                 -       B->Y    F     NOR2x1_ASAP7_75t_SL            3  2.1    29    20     356    (-,-) 
  aitb_u_fix2fp32_col1_ADD_TC_OP_g664/Y                 -       B->Y    R     NAND2xp5_ASAP7_75t_SL          3  2.6    47    28     384    (-,-) 
  aitb_u_fix2fp32_col1_ADD_TC_OP_g662/Y                 -       B->Y    F     NOR2x1_ASAP7_75t_SL            3  2.1    29    20     403    (-,-) 
  aitb_u_fix2fp32_col1_ADD_TC_OP_g660/Y                 -       B->Y    R     NAND2xp5_ASAP7_75t_SL          3  2.6    47    28     431    (-,-) 
  aitb_u_fix2fp32_col1_ADD_TC_OP_g658/Y                 -       B->Y    F     NOR2x1_ASAP7_75t_SL            3  2.1    29    20     451    (-,-) 
  aitb_u_fix2fp32_col1_ADD_TC_OP_g656/Y                 -       B->Y    R     NAND2xp5_ASAP7_75t_SL          3  2.6    47    28     479    (-,-) 
  aitb_u_fix2fp32_col1_ADD_TC_OP_g654/Y                 -       B->Y    F     NOR2x1_ASAP7_75t_SL            3  2.1    29    20     499    (-,-) 
  aitb_u_fix2fp32_col1_ADD_TC_OP_g652/Y                 -       B->Y    R     NAND2xp5_ASAP7_75t_SL          3  2.6    47    28     527    (-,-) 
  aitb_u_fix2fp32_col1_ADD_TC_OP_g650/Y                 -       B->Y    F     NOR2x1_ASAP7_75t_SL            4  2.8    34    23     550    (-,-) 
  aitb_u_fix2fp32_col1_ADD_TC_OP_g642/Y                 -       A->Y    F     AND5x1_ASAP7_75t_SL            2  1.8    19    27     577    (-,-) 
  aitb_u_fix2fp32_col1_ADD_TC_OP_g632/Y                 -       A->Y    F     AND5x2_ASAP7_75t_SL            3  3.2    21    26     604    (-,-) 
  aitb_u_fix2fp32_col1_ADD_TC_OP_g630/Y                 -       B->Y    R     NAND2x1p5_ASAP7_75t_SL         3  2.6    29    16     620    (-,-) 
  aitb_u_fix2fp32_col1_ADD_TC_OP_g628/Y                 -       B->Y    F     NOR2x1_ASAP7_75t_SL            3  2.1    26    17     637    (-,-) 
  aitb_u_fix2fp32_col1_ADD_TC_OP_g625/Y                 -       B->Y    F     AND2x2_ASAP7_75t_SL            2  1.9    14    24     661    (-,-) 
  aitb_u_fix2fp32_col1_ADD_TC_OP_g622/Y                 -       B->Y    R     NAND2x1_ASAP7_75t_SL           3  2.0    32    16     677    (-,-) 
  aitb_u_fix2fp32_col1_ADD_TC_OP_g618/Y                 -       B->Y    R     OR2x2_ASAP7_75t_SL             3  1.9    16    23     701    (-,-) 
  aitb_u_fix2fp32_col1_ADD_TC_OP_g615/Y                 -       B->Y    R     OR2x2_ASAP7_75t_SL             3  2.1    17    21     722    (-,-) 
  aitb_u_fix2fp32_col1_ADD_TC_OP_g610/Y                 -       A2->Y   F     AOI21xp33_ASAP7_75t_SL         1  0.7    24    12     734    (-,-) 
  aitb_g27604__7482/Y                                   -       B2->Y   F     AO22x1_ASAP7_75t_SL            2  1.5    25    30     764    (-,-) 
  aitb_g27568__1881/Y                                   -       A->Y    F     OR5x1_ASAP7_75t_SL             1  0.8    22    37     801    (-,-) 
  aitb_g27567__6131/Y                                   -       B->Y    R     NOR5xp2_ASAP7_75t_SL           1  0.8    70    34     834    (-,-) 
  aitb_g27564__5122/Y                                   -       B->Y    R     AND2x2_ASAP7_75t_SL            9  6.6    40    38     872    (-,-) 
  aitb_g27558__5526/Y                                   -       A1->Y   F     AOI21xp5_ASAP7_75t_SL          2  1.6    35    21     893    (-,-) 
  aitb_g27046__2346/Y                                   -       C->Y    R     NAND4xp25_ASAP7_75t_SL         1  0.8    31    20     913    (-,-) 
  aitb_g27042__6161/Y                                   -       A->Y    R     OR2x2_ASAP7_75t_SL            26 18.3    95    60     974    (-,-) 
  aitb_g27041/Y                                         -       A->Y    F     INVx1_ASAP7_75t_SL             1  0.8    30    11     984    (-,-) 
  aitb_g27526__1666/Y                                   -       A1->Y   R     AOI21xp5_ASAP7_75t_SL          2  1.7    44    23    1008    (-,-) 
  aitb_g27518/Y                                         -       A->Y    F     INVx1_ASAP7_75t_SL             1  0.8    18    10    1017    (-,-) 
  aitb_g27517__5115/Y                                   -       D->Y    R     NOR4xp25_ASAP7_75t_SL          1  0.8    59    28    1046    (-,-) 
  aitb_g27513__8246/Y                                   -       B->Y    R     AND2x2_ASAP7_75t_SL            7  5.4    34    34    1080    (-,-) 
  aitb_g27512/Y                                         -       A->Y    F     INVx2_ASAP7_75t_SL            20 15.1    60    35    1115    (-,-) 
  aitb_g26985__2398/Y                                   -       A2->Y   R     OAI21xp5_ASAP7_75t_SL          2  1.6    50    30    1146    (-,-) 
  aitb_g26975__2883/Y                                   -       C->Y    R     OR3x2_ASAP7_75t_SL            27 19.3   100    61    1206    (-,-) 
  aitb_g26968__7482/Y                                   -       A2->Y   F     OAI21xp5_ASAP7_75t_SL          3  2.1    56    29    1236    (-,-) 
  aitb_g26961__8246/Y                                   -       A1->Y   R     OAI21xp5_ASAP7_75t_SL          3  2.7    66    35    1271    (-,-) 
  aitb_g23913/Y                                         -       A->Y    F     INVx1_ASAP7_75t_SL             2  1.9    32    17    1288    (-,-) 
  aitb_u_fix2fp32_col1_csa_tree_SUB_TC_OP_groupi_g578/Y -       A->Y    R     INVxp67_ASAP7_75t_SL           1  0.9    24    15    1304    (-,-) 
  aitb_u_fix2fp32_col1_csa_tree_SUB_TC_OP_groupi_g568/Y -       A->Y    F     MAJIxp5_ASAP7_75t_SL           2  2.0    46    22    1325    (-,-) 
  aitb_u_fix2fp32_col1_csa_tree_SUB_TC_OP_groupi_g542/Y -       A->Y    R     MAJIxp5_ASAP7_75t_SL           2  1.9    64    32    1358    (-,-) 
  aitb_u_fix2fp32_col1_csa_tree_SUB_TC_OP_groupi_g541/Y -       A->Y    F     INVxp67_ASAP7_75t_SL           1  1.4    33    19    1376    (-,-) 
  aitb_u_fix2fp32_col1_csa_tree_SUB_TC_OP_groupi_g531/Y -       B->Y    R     MAJIxp5_ASAP7_75t_SL           2  1.9    56    32    1408    (-,-) 
  aitb_u_fix2fp32_col1_csa_tree_SUB_TC_OP_groupi_g530/Y -       A->Y    F     INVxp67_ASAP7_75t_SL           1  0.9    25    14    1422    (-,-) 
  aitb_u_fix2fp32_col1_csa_tree_SUB_TC_OP_groupi_g526/Y -       A->Y    R     MAJIxp5_ASAP7_75t_SL           2  2.1    62    29    1451    (-,-) 
  aitb_u_fix2fp32_col1_csa_tree_SUB_TC_OP_groupi_g523/Y -       A->Y    F     MAJIxp5_ASAP7_75t_SL           2  2.0    55    27    1478    (-,-) 
  aitb_u_fix2fp32_col1_csa_tree_SUB_TC_OP_groupi_g521/Y -       A->Y    F     MAJx2_ASAP7_75t_SL             2  2.0    19    35    1514    (-,-) 
  aitb_u_fix2fp32_col1_csa_tree_SUB_TC_OP_groupi_g519/Y -       A->Y    F     MAJx2_ASAP7_75t_SL             2  2.4    20    29    1543    (-,-) 
  aitb_u_fix2fp32_col1_csa_tree_SUB_TC_OP_groupi_g517/Y -       C->Y    R     MAJIxp5_ASAP7_75t_SL           2  1.8    57    26    1568    (-,-) 
  aitb_u_fix2fp32_col1_csa_tree_SUB_TC_OP_groupi_g515/Y -       B->Y    F     NOR2xp33_ASAP7_75t_SL          1  1.3    44    29    1598    (-,-) 
  aitb_g46416/Y                                         -       B->Y    R     NOR2x1_ASAP7_75t_SL           10  6.8    75    41    1639    (-,-) 
  aitb_g46398/Y                                         -       A->Y    F     INVx1_ASAP7_75t_L              1  0.8    24    16    1654    (-,-) 
  aitb_g46347/Y                                         -       A->Y    R     NOR3xp33_ASAP7_75t_SL          2  1.4    57    28    1683    (-,-) 
  aitb_g46310/Y                                         -       A->Y    F     NAND2xp5_ASAP7_75t_L          14  9.4   146    77    1760    (-,-) 
  aitb_g46291/Y                                         -       A->Y    R     INVx1_ASAP7_75t_SL            10  6.8   104    65    1824    (-,-) 
  aitb_g46246/Y                                         -       B1->Y   F     AOI22xp5_ASAP7_75t_SL          1  0.9    41    13    1838    (-,-) 
  aitb_PIPE_3_fix2float_col1_stage_reg_reg[0][0]/D      -       -       F     ASYNC_DFFHx1_ASAP7_75t_SL      1    -     -     0    1838    (-,-) 
#------------------------------------------------------------------------------------------------------------------------------------------------



Path 25: MET (48 ps) Setup Check with Pin aitb_PIPE_3_fix2float_col2_stage_reg_reg[0][7]/CLK->D
           View: PVT_0P63V_100C.setup_view
          Group: clk
     Startpoint: (R) aitb_PIPE_3_dot_col2_stage_reg_reg[0][0]/CLK
          Clock: (R) clk
       Endpoint: (F) aitb_PIPE_3_fix2float_col2_stage_reg_reg[0][7]/D
          Clock: (R) clk

                     Capture       Launch     
        Clock Edge:+    2000            0     
       Src Latency:+       0            0     
       Net Latency:+       0 (I)        0 (I) 
           Arrival:=    2000            0     
                                              
             Setup:-      16                  
       Uncertainty:-     100                  
     Required Time:=    1884                  
      Launch Clock:-       0                  
         Data Path:-    1836                  
             Slack:=      48                  

#------------------------------------------------------------------------------------------------------------------------------------------------
#                     Timing Point                      Flags    Arc    Edge           Cell             Fanout Load Trans Delay Arrival Instance 
#                                                                                                              (fF)  (ps)  (ps)   (ps)  Location 
#------------------------------------------------------------------------------------------------------------------------------------------------
  aitb_PIPE_3_dot_col2_stage_reg_reg[0][0]/CLK          -       -       R     (arrival)                   1147    -     0     0       0    (-,-) 
  aitb_PIPE_3_dot_col2_stage_reg_reg[0][0]/QN           -       CLK->QN R     ASYNC_DFFHx1_ASAP7_75t_SL      1  0.9    25    48      48    (-,-) 
  aitb_g23956/Y                                         -       A->Y    F     INVx1_ASAP7_75t_SL             3  2.1    22    14      62    (-,-) 
  aitb_u_fix2fp32_col2_ADD_TC_OP_g693/Y                 -       A->Y    R     NAND2xp5_ASAP7_75t_SL          2  1.7    34    21      83    (-,-) 
  aitb_u_fix2fp32_col2_ADD_TC_OP_g692/Y                 -       A->Y    F     INVx1_ASAP7_75t_SL             2  1.6    21    13      97    (-,-) 
  aitb_u_fix2fp32_col2_ADD_TC_OP_g690/Y                 -       B->Y    R     NAND2xp5_ASAP7_75t_SL          3  2.6    47    26     123    (-,-) 
  aitb_u_fix2fp32_col2_ADD_TC_OP_g688/Y                 -       B->Y    F     NOR2x1_ASAP7_75t_SL            3  2.1    29    20     142    (-,-) 
  aitb_u_fix2fp32_col2_ADD_TC_OP_g686/Y                 -       B->Y    R     NAND2xp5_ASAP7_75t_SL          3  2.6    47    28     170    (-,-) 
  aitb_u_fix2fp32_col2_ADD_TC_OP_g684/Y                 -       B->Y    F     NOR2x1_ASAP7_75t_SL            3  2.1    29    20     190    (-,-) 
  aitb_u_fix2fp32_col2_ADD_TC_OP_g682/Y                 -       B->Y    R     NAND2xp5_ASAP7_75t_SL          4  2.5    46    27     217    (-,-) 
  aitb_u_fix2fp32_col2_ADD_TC_OP_g674/Y                 -       B->Y    F     NOR5xp2_ASAP7_75t_L            3  2.6    46    34     251    (-,-) 
  aitb_u_fix2fp32_col2_ADD_TC_OP_g672/Y                 -       B->Y    R     NAND2x1_ASAP7_75t_SL           3  3.1    44    30     281    (-,-) 
  aitb_u_fix2fp32_col2_ADD_TC_OP_g670/Y                 -       B->Y    F     NOR2x1p5_ASAP7_75t_SL          3  3.1    26    18     299    (-,-) 
  aitb_u_fix2fp32_col2_ADD_TC_OP_g668/Y                 -       B->Y    R     NAND2x1p5_ASAP7_75t_SL         3  2.6    29    17     316    (-,-) 
  aitb_u_fix2fp32_col2_ADD_TC_OP_g666/Y                 -       B->Y    F     NOR2x1_ASAP7_75t_SL            3  2.6    29    19     335    (-,-) 
  aitb_u_fix2fp32_col2_ADD_TC_OP_g664/Y                 -       B->Y    R     NAND2x1_ASAP7_75t_SL           3  2.6    38    23     358    (-,-) 
  aitb_u_fix2fp32_col2_ADD_TC_OP_g662/Y                 -       B->Y    F     NOR2x1_ASAP7_75t_SL            3  2.6    30    21     379    (-,-) 
  aitb_u_fix2fp32_col2_ADD_TC_OP_g660/Y                 -       B->Y    R     NAND2x1_ASAP7_75t_SL           3  2.6    38    23     402    (-,-) 
  aitb_u_fix2fp32_col2_ADD_TC_OP_g658/Y                 -       B->Y    F     NOR2x1_ASAP7_75t_SL            3  2.6    30    21     423    (-,-) 
  aitb_u_fix2fp32_col2_ADD_TC_OP_g656/Y                 -       B->Y    R     NAND2x1_ASAP7_75t_SL           3  2.6    38    23     446    (-,-) 
  aitb_u_fix2fp32_col2_ADD_TC_OP_g654/Y                 -       B->Y    F     NOR2x1_ASAP7_75t_SL            3  2.6    30    21     467    (-,-) 
  aitb_u_fix2fp32_col2_ADD_TC_OP_g652/Y                 -       B->Y    R     NAND2x1_ASAP7_75t_SL           3  2.6    38    23     490    (-,-) 
  aitb_u_fix2fp32_col2_ADD_TC_OP_g650/Y                 -       B->Y    F     NOR2x1_ASAP7_75t_SL            3  2.6    30    21     511    (-,-) 
  aitb_u_fix2fp32_col2_ADD_TC_OP_g648/Y                 -       B->Y    R     NAND2x1_ASAP7_75t_SL           3  2.6    38    23     535    (-,-) 
  aitb_u_fix2fp32_col2_ADD_TC_OP_g646/Y                 -       B->Y    F     NOR2x1_ASAP7_75t_SL            3  2.1    26    19     553    (-,-) 
  aitb_u_fix2fp32_col2_ADD_TC_OP_g644/Y                 -       B->Y    R     NAND2xp5_ASAP7_75t_SL          3  2.6    47    27     580    (-,-) 
  aitb_u_fix2fp32_col2_ADD_TC_OP_g642/Y                 -       B->Y    F     NOR2x1_ASAP7_75t_SL            4  3.3    37    25     606    (-,-) 
  aitb_u_fix2fp32_col2_ADD_TC_OP_g640/Y                 -       B->Y    R     NAND2xp5_ASAP7_75t_SL          3  2.6    49    30     636    (-,-) 
  aitb_u_fix2fp32_col2_ADD_TC_OP_g638/Y                 -       B->Y    F     NOR2x1_ASAP7_75t_SL            3  2.1    29    20     655    (-,-) 
  aitb_u_fix2fp32_col2_ADD_TC_OP_g636/Y                 -       B->Y    R     NAND2xp5_ASAP7_75t_SL          2  1.5    34    21     676    (-,-) 
  aitb_u_fix2fp32_col2_ADD_TC_OP_g632/Y                 -       A2->Y   F     AOI21xp33_ASAP7_75t_SL         1  0.9    30    16     692    (-,-) 
  aitb_g27613__6417/Y                                   -       B2->Y   R     AOI22xp5_ASAP7_75t_SL          2  1.6    52    26     717    (-,-) 
  aitb_g27078__7410/Y                                   -       A->Y    R     AND5x1_ASAP7_75t_SL            1  0.8    20    39     756    (-,-) 
  aitb_g27573__6161/Y                                   -       A->Y    F     NAND5xp2_ASAP7_75t_SL          2  1.4    69    29     786    (-,-) 
  aitb_g27566__7098/Y                                   -       A->Y    F     OR5x1_ASAP7_75t_SL             1  0.8    23    47     833    (-,-) 
  aitb_g27565__8246/Y                                   -       A->Y    R     NOR3xp33_ASAP7_75t_SL          9  6.6   195    88     921    (-,-) 
  aitb_g27554__6260/Y                                   -       A1->Y   F     AOI21xp5_ASAP7_75t_SL          2  1.6    79    31     952    (-,-) 
  aitb_g27548__9945/Y                                   -       D->Y    R     NAND4xp25_ASAP7_75t_SL         1  0.8    48    28     981    (-,-) 
  aitb_g27547__9315/Y                                   -       B->Y    R     OR2x2_ASAP7_75t_SL            26 18.1    95    61    1042    (-,-) 
  aitb_g27524__2883/Y                                   -       A2->Y   F     OAI21xp5_ASAP7_75t_SL          2  1.5    47    24    1066    (-,-) 
  aitb_g27514__7098/Y                                   -       B->Y    R     NOR4xp25_ASAP7_75t_SL          1  0.8    59    32    1097    (-,-) 
  aitb_g27511__5122/Y                                   -       B->Y    R     AND2x2_ASAP7_75t_SL            8  5.5    34    35    1132    (-,-) 
  aitb_g26982__7410/Y                                   -       A1->Y   F     AOI21xp5_ASAP7_75t_SL          2  1.6    36    20    1152    (-,-) 
  aitb_g26977__1666/Y                                   -       A->Y    R     NAND2xp5_ASAP7_75t_SL          1  0.9    28    19    1171    (-,-) 
  aitb_g26974__9945/Y                                   -       A->Y    R     OR3x2_ASAP7_75t_SL            26 18.7    97    56    1227    (-,-) 
  aitb_g26973__9315/Y                                   -       A2->Y   F     OAI21xp5_ASAP7_75t_SL          3  2.1    55    29    1256    (-,-) 
  aitb_g26960__5122/Y                                   -       A1->Y   R     OAI21xp5_ASAP7_75t_SL          3  3.2    75    39    1295    (-,-) 
  aitb_g23912/Y                                         -       A->Y    F     INVx1_ASAP7_75t_SL             2  1.9    34    18    1313    (-,-) 
  aitb_u_fix2fp32_col2_csa_tree_SUB_TC_OP_groupi_g578/Y -       A->Y    R     INVxp67_ASAP7_75t_SL           1  0.9    24    16    1329    (-,-) 
  aitb_u_fix2fp32_col2_csa_tree_SUB_TC_OP_groupi_g568/Y -       A->Y    F     MAJIxp5_ASAP7_75t_SL           2  2.0    46    22    1350    (-,-) 
  aitb_u_fix2fp32_col2_csa_tree_SUB_TC_OP_groupi_g542/Y -       A->Y    R     MAJIxp5_ASAP7_75t_SL           2  1.9    64    32    1383    (-,-) 
  aitb_u_fix2fp32_col2_csa_tree_SUB_TC_OP_groupi_g541/Y -       A->Y    F     INVxp67_ASAP7_75t_SL           1  1.4    33    19    1401    (-,-) 
  aitb_u_fix2fp32_col2_csa_tree_SUB_TC_OP_groupi_g531/Y -       B->Y    R     MAJIxp5_ASAP7_75t_SL           2  1.9    56    32    1433    (-,-) 
  aitb_u_fix2fp32_col2_csa_tree_SUB_TC_OP_groupi_g530/Y -       A->Y    F     INVxp67_ASAP7_75t_SL           1  1.3    30    17    1451    (-,-) 
  aitb_u_fix2fp32_col2_csa_tree_SUB_TC_OP_groupi_g526/Y -       C->Y    R     MAJIxp5_ASAP7_75t_SL           2  2.1    62    29    1480    (-,-) 
  aitb_u_fix2fp32_col2_csa_tree_SUB_TC_OP_groupi_g523/Y -       A->Y    F     MAJIxp5_ASAP7_75t_SL           2  2.0    55    27    1507    (-,-) 
  aitb_u_fix2fp32_col2_csa_tree_SUB_TC_OP_groupi_g521/Y -       A->Y    F     MAJx2_ASAP7_75t_SL             2  2.0    19    35    1542    (-,-) 
  aitb_u_fix2fp32_col2_csa_tree_SUB_TC_OP_groupi_g519/Y -       A->Y    F     MAJx2_ASAP7_75t_SL             2  2.4    20    29    1572    (-,-) 
  aitb_u_fix2fp32_col2_csa_tree_SUB_TC_OP_groupi_g517/Y -       C->Y    R     MAJIxp5_ASAP7_75t_SL           2  1.8    57    26    1597    (-,-) 
  aitb_u_fix2fp32_col2_csa_tree_SUB_TC_OP_groupi_g515/Y -       B->Y    F     NOR2xp33_ASAP7_75t_SL          1  1.3    44    29    1626    (-,-) 
  aitb_g46513/Y                                         -       B->Y    R     NOR2x1_ASAP7_75t_SL           10  6.8    75    41    1667    (-,-) 
  aitb_g46512/Y                                         -       A->Y    F     INVx1_ASAP7_75t_L              1  0.8    24    16    1683    (-,-) 
  aitb_g46511/Y                                         -       A->Y    R     NOR3xp33_ASAP7_75t_SL          2  1.9    70    34    1717    (-,-) 
  aitb_g46509/Y                                         -       A->Y    F     INVxp67_ASAP7_75t_SL           1  1.3    33    18    1735    (-,-) 
  aitb_g46501/Y                                         -       A->Y    R     NOR2x1_ASAP7_75t_SL            9  6.7    79    37    1772    (-,-) 
  aitb_g46496/Y                                         -       A->Y    F     INVx2_ASAP7_75t_SL            15  9.9    55    34    1806    (-,-) 
  aitb_g46461/Y                                         -       B1->Y   F     OA22x2_ASAP7_75t_SL            1  0.9    17    30    1836    (-,-) 
  aitb_PIPE_3_fix2float_col2_stage_reg_reg[0][7]/D      -       -       F     ASYNC_DFFHx1_ASAP7_75t_SL      1    -     -     0    1836    (-,-) 
#------------------------------------------------------------------------------------------------------------------------------------------------



Path 26: MET (48 ps) Setup Check with Pin aitb_PIPE_3_fix2float_col2_stage_reg_reg[0][5]/CLK->D
           View: PVT_0P63V_100C.setup_view
          Group: clk
     Startpoint: (R) aitb_PIPE_3_dot_col2_stage_reg_reg[0][0]/CLK
          Clock: (R) clk
       Endpoint: (F) aitb_PIPE_3_fix2float_col2_stage_reg_reg[0][5]/D
          Clock: (R) clk

                     Capture       Launch     
        Clock Edge:+    2000            0     
       Src Latency:+       0            0     
       Net Latency:+       0 (I)        0 (I) 
           Arrival:=    2000            0     
                                              
             Setup:-      16                  
       Uncertainty:-     100                  
     Required Time:=    1884                  
      Launch Clock:-       0                  
         Data Path:-    1836                  
             Slack:=      48                  

#------------------------------------------------------------------------------------------------------------------------------------------------
#                     Timing Point                      Flags    Arc    Edge           Cell             Fanout Load Trans Delay Arrival Instance 
#                                                                                                              (fF)  (ps)  (ps)   (ps)  Location 
#------------------------------------------------------------------------------------------------------------------------------------------------
  aitb_PIPE_3_dot_col2_stage_reg_reg[0][0]/CLK          -       -       R     (arrival)                   1147    -     0     0       0    (-,-) 
  aitb_PIPE_3_dot_col2_stage_reg_reg[0][0]/QN           -       CLK->QN R     ASYNC_DFFHx1_ASAP7_75t_SL      1  0.9    25    48      48    (-,-) 
  aitb_g23956/Y                                         -       A->Y    F     INVx1_ASAP7_75t_SL             3  2.1    22    14      62    (-,-) 
  aitb_u_fix2fp32_col2_ADD_TC_OP_g693/Y                 -       A->Y    R     NAND2xp5_ASAP7_75t_SL          2  1.7    34    21      83    (-,-) 
  aitb_u_fix2fp32_col2_ADD_TC_OP_g692/Y                 -       A->Y    F     INVx1_ASAP7_75t_SL             2  1.6    21    13      97    (-,-) 
  aitb_u_fix2fp32_col2_ADD_TC_OP_g690/Y                 -       B->Y    R     NAND2xp5_ASAP7_75t_SL          3  2.6    47    26     123    (-,-) 
  aitb_u_fix2fp32_col2_ADD_TC_OP_g688/Y                 -       B->Y    F     NOR2x1_ASAP7_75t_SL            3  2.1    29    20     142    (-,-) 
  aitb_u_fix2fp32_col2_ADD_TC_OP_g686/Y                 -       B->Y    R     NAND2xp5_ASAP7_75t_SL          3  2.6    47    28     170    (-,-) 
  aitb_u_fix2fp32_col2_ADD_TC_OP_g684/Y                 -       B->Y    F     NOR2x1_ASAP7_75t_SL            3  2.1    29    20     190    (-,-) 
  aitb_u_fix2fp32_col2_ADD_TC_OP_g682/Y                 -       B->Y    R     NAND2xp5_ASAP7_75t_SL          4  2.5    46    27     217    (-,-) 
  aitb_u_fix2fp32_col2_ADD_TC_OP_g674/Y                 -       B->Y    F     NOR5xp2_ASAP7_75t_L            3  2.6    46    34     251    (-,-) 
  aitb_u_fix2fp32_col2_ADD_TC_OP_g672/Y                 -       B->Y    R     NAND2x1_ASAP7_75t_SL           3  3.1    44    30     281    (-,-) 
  aitb_u_fix2fp32_col2_ADD_TC_OP_g670/Y                 -       B->Y    F     NOR2x1p5_ASAP7_75t_SL          3  3.1    26    18     299    (-,-) 
  aitb_u_fix2fp32_col2_ADD_TC_OP_g668/Y                 -       B->Y    R     NAND2x1p5_ASAP7_75t_SL         3  2.6    29    17     316    (-,-) 
  aitb_u_fix2fp32_col2_ADD_TC_OP_g666/Y                 -       B->Y    F     NOR2x1_ASAP7_75t_SL            3  2.6    29    19     335    (-,-) 
  aitb_u_fix2fp32_col2_ADD_TC_OP_g664/Y                 -       B->Y    R     NAND2x1_ASAP7_75t_SL           3  2.6    38    23     358    (-,-) 
  aitb_u_fix2fp32_col2_ADD_TC_OP_g662/Y                 -       B->Y    F     NOR2x1_ASAP7_75t_SL            3  2.6    30    21     379    (-,-) 
  aitb_u_fix2fp32_col2_ADD_TC_OP_g660/Y                 -       B->Y    R     NAND2x1_ASAP7_75t_SL           3  2.6    38    23     402    (-,-) 
  aitb_u_fix2fp32_col2_ADD_TC_OP_g658/Y                 -       B->Y    F     NOR2x1_ASAP7_75t_SL            3  2.6    30    21     423    (-,-) 
  aitb_u_fix2fp32_col2_ADD_TC_OP_g656/Y                 -       B->Y    R     NAND2x1_ASAP7_75t_SL           3  2.6    38    23     446    (-,-) 
  aitb_u_fix2fp32_col2_ADD_TC_OP_g654/Y                 -       B->Y    F     NOR2x1_ASAP7_75t_SL            3  2.6    30    21     467    (-,-) 
  aitb_u_fix2fp32_col2_ADD_TC_OP_g652/Y                 -       B->Y    R     NAND2x1_ASAP7_75t_SL           3  2.6    38    23     490    (-,-) 
  aitb_u_fix2fp32_col2_ADD_TC_OP_g650/Y                 -       B->Y    F     NOR2x1_ASAP7_75t_SL            3  2.6    30    21     511    (-,-) 
  aitb_u_fix2fp32_col2_ADD_TC_OP_g648/Y                 -       B->Y    R     NAND2x1_ASAP7_75t_SL           3  2.6    38    23     535    (-,-) 
  aitb_u_fix2fp32_col2_ADD_TC_OP_g646/Y                 -       B->Y    F     NOR2x1_ASAP7_75t_SL            3  2.1    26    19     553    (-,-) 
  aitb_u_fix2fp32_col2_ADD_TC_OP_g644/Y                 -       B->Y    R     NAND2xp5_ASAP7_75t_SL          3  2.6    47    27     580    (-,-) 
  aitb_u_fix2fp32_col2_ADD_TC_OP_g642/Y                 -       B->Y    F     NOR2x1_ASAP7_75t_SL            4  3.3    37    25     606    (-,-) 
  aitb_u_fix2fp32_col2_ADD_TC_OP_g640/Y                 -       B->Y    R     NAND2xp5_ASAP7_75t_SL          3  2.6    49    30     636    (-,-) 
  aitb_u_fix2fp32_col2_ADD_TC_OP_g638/Y                 -       B->Y    F     NOR2x1_ASAP7_75t_SL            3  2.1    29    20     655    (-,-) 
  aitb_u_fix2fp32_col2_ADD_TC_OP_g636/Y                 -       B->Y    R     NAND2xp5_ASAP7_75t_SL          2  1.5    34    21     676    (-,-) 
  aitb_u_fix2fp32_col2_ADD_TC_OP_g632/Y                 -       A2->Y   F     AOI21xp33_ASAP7_75t_SL         1  0.9    30    16     692    (-,-) 
  aitb_g27613__6417/Y                                   -       B2->Y   R     AOI22xp5_ASAP7_75t_SL          2  1.6    52    26     717    (-,-) 
  aitb_g27078__7410/Y                                   -       A->Y    R     AND5x1_ASAP7_75t_SL            1  0.8    20    39     756    (-,-) 
  aitb_g27573__6161/Y                                   -       A->Y    F     NAND5xp2_ASAP7_75t_SL          2  1.4    69    29     786    (-,-) 
  aitb_g27566__7098/Y                                   -       A->Y    F     OR5x1_ASAP7_75t_SL             1  0.8    23    47     833    (-,-) 
  aitb_g27565__8246/Y                                   -       A->Y    R     NOR3xp33_ASAP7_75t_SL          9  6.6   195    88     921    (-,-) 
  aitb_g27554__6260/Y                                   -       A1->Y   F     AOI21xp5_ASAP7_75t_SL          2  1.6    79    31     952    (-,-) 
  aitb_g27548__9945/Y                                   -       D->Y    R     NAND4xp25_ASAP7_75t_SL         1  0.8    48    28     981    (-,-) 
  aitb_g27547__9315/Y                                   -       B->Y    R     OR2x2_ASAP7_75t_SL            26 18.1    95    61    1042    (-,-) 
  aitb_g27524__2883/Y                                   -       A2->Y   F     OAI21xp5_ASAP7_75t_SL          2  1.5    47    24    1066    (-,-) 
  aitb_g27514__7098/Y                                   -       B->Y    R     NOR4xp25_ASAP7_75t_SL          1  0.8    59    32    1097    (-,-) 
  aitb_g27511__5122/Y                                   -       B->Y    R     AND2x2_ASAP7_75t_SL            8  5.5    34    35    1132    (-,-) 
  aitb_g26982__7410/Y                                   -       A1->Y   F     AOI21xp5_ASAP7_75t_SL          2  1.6    36    20    1152    (-,-) 
  aitb_g26977__1666/Y                                   -       A->Y    R     NAND2xp5_ASAP7_75t_SL          1  0.9    28    19    1171    (-,-) 
  aitb_g26974__9945/Y                                   -       A->Y    R     OR3x2_ASAP7_75t_SL            26 18.7    97    56    1227    (-,-) 
  aitb_g26973__9315/Y                                   -       A2->Y   F     OAI21xp5_ASAP7_75t_SL          3  2.1    55    29    1256    (-,-) 
  aitb_g26960__5122/Y                                   -       A1->Y   R     OAI21xp5_ASAP7_75t_SL          3  3.2    75    39    1295    (-,-) 
  aitb_g23912/Y                                         -       A->Y    F     INVx1_ASAP7_75t_SL             2  1.9    34    18    1313    (-,-) 
  aitb_u_fix2fp32_col2_csa_tree_SUB_TC_OP_groupi_g578/Y -       A->Y    R     INVxp67_ASAP7_75t_SL           1  0.9    24    16    1329    (-,-) 
  aitb_u_fix2fp32_col2_csa_tree_SUB_TC_OP_groupi_g568/Y -       A->Y    F     MAJIxp5_ASAP7_75t_SL           2  2.0    46    22    1350    (-,-) 
  aitb_u_fix2fp32_col2_csa_tree_SUB_TC_OP_groupi_g542/Y -       A->Y    R     MAJIxp5_ASAP7_75t_SL           2  1.9    64    32    1383    (-,-) 
  aitb_u_fix2fp32_col2_csa_tree_SUB_TC_OP_groupi_g541/Y -       A->Y    F     INVxp67_ASAP7_75t_SL           1  1.4    33    19    1401    (-,-) 
  aitb_u_fix2fp32_col2_csa_tree_SUB_TC_OP_groupi_g531/Y -       B->Y    R     MAJIxp5_ASAP7_75t_SL           2  1.9    56    32    1433    (-,-) 
  aitb_u_fix2fp32_col2_csa_tree_SUB_TC_OP_groupi_g530/Y -       A->Y    F     INVxp67_ASAP7_75t_SL           1  1.3    30    17    1451    (-,-) 
  aitb_u_fix2fp32_col2_csa_tree_SUB_TC_OP_groupi_g526/Y -       C->Y    R     MAJIxp5_ASAP7_75t_SL           2  2.1    62    29    1480    (-,-) 
  aitb_u_fix2fp32_col2_csa_tree_SUB_TC_OP_groupi_g523/Y -       A->Y    F     MAJIxp5_ASAP7_75t_SL           2  2.0    55    27    1507    (-,-) 
  aitb_u_fix2fp32_col2_csa_tree_SUB_TC_OP_groupi_g521/Y -       A->Y    F     MAJx2_ASAP7_75t_SL             2  2.0    19    35    1542    (-,-) 
  aitb_u_fix2fp32_col2_csa_tree_SUB_TC_OP_groupi_g519/Y -       A->Y    F     MAJx2_ASAP7_75t_SL             2  2.4    20    29    1572    (-,-) 
  aitb_u_fix2fp32_col2_csa_tree_SUB_TC_OP_groupi_g517/Y -       C->Y    R     MAJIxp5_ASAP7_75t_SL           2  1.8    57    26    1597    (-,-) 
  aitb_u_fix2fp32_col2_csa_tree_SUB_TC_OP_groupi_g515/Y -       B->Y    F     NOR2xp33_ASAP7_75t_SL          1  1.3    44    29    1626    (-,-) 
  aitb_g46513/Y                                         -       B->Y    R     NOR2x1_ASAP7_75t_SL           10  6.8    75    41    1667    (-,-) 
  aitb_g46512/Y                                         -       A->Y    F     INVx1_ASAP7_75t_L              1  0.8    24    16    1683    (-,-) 
  aitb_g46511/Y                                         -       A->Y    R     NOR3xp33_ASAP7_75t_SL          2  1.9    70    34    1717    (-,-) 
  aitb_g46509/Y                                         -       A->Y    F     INVxp67_ASAP7_75t_SL           1  1.3    33    18    1735    (-,-) 
  aitb_g46501/Y                                         -       A->Y    R     NOR2x1_ASAP7_75t_SL            9  6.7    79    37    1772    (-,-) 
  aitb_g46496/Y                                         -       A->Y    F     INVx2_ASAP7_75t_SL            15  9.9    55    34    1806    (-,-) 
  aitb_g46463/Y                                         -       B1->Y   F     OA22x2_ASAP7_75t_SL            1  0.9    17    30    1836    (-,-) 
  aitb_PIPE_3_fix2float_col2_stage_reg_reg[0][5]/D      -       -       F     ASYNC_DFFHx1_ASAP7_75t_SL      1    -     -     0    1836    (-,-) 
#------------------------------------------------------------------------------------------------------------------------------------------------



Path 27: MET (48 ps) Setup Check with Pin aitb_PIPE_3_fix2float_col2_stage_reg_reg[0][3]/CLK->D
           View: PVT_0P63V_100C.setup_view
          Group: clk
     Startpoint: (R) aitb_PIPE_3_dot_col2_stage_reg_reg[0][0]/CLK
          Clock: (R) clk
       Endpoint: (F) aitb_PIPE_3_fix2float_col2_stage_reg_reg[0][3]/D
          Clock: (R) clk

                     Capture       Launch     
        Clock Edge:+    2000            0     
       Src Latency:+       0            0     
       Net Latency:+       0 (I)        0 (I) 
           Arrival:=    2000            0     
                                              
             Setup:-      16                  
       Uncertainty:-     100                  
     Required Time:=    1884                  
      Launch Clock:-       0                  
         Data Path:-    1836                  
             Slack:=      48                  

#------------------------------------------------------------------------------------------------------------------------------------------------
#                     Timing Point                      Flags    Arc    Edge           Cell             Fanout Load Trans Delay Arrival Instance 
#                                                                                                              (fF)  (ps)  (ps)   (ps)  Location 
#------------------------------------------------------------------------------------------------------------------------------------------------
  aitb_PIPE_3_dot_col2_stage_reg_reg[0][0]/CLK          -       -       R     (arrival)                   1147    -     0     0       0    (-,-) 
  aitb_PIPE_3_dot_col2_stage_reg_reg[0][0]/QN           -       CLK->QN R     ASYNC_DFFHx1_ASAP7_75t_SL      1  0.9    25    48      48    (-,-) 
  aitb_g23956/Y                                         -       A->Y    F     INVx1_ASAP7_75t_SL             3  2.1    22    14      62    (-,-) 
  aitb_u_fix2fp32_col2_ADD_TC_OP_g693/Y                 -       A->Y    R     NAND2xp5_ASAP7_75t_SL          2  1.7    34    21      83    (-,-) 
  aitb_u_fix2fp32_col2_ADD_TC_OP_g692/Y                 -       A->Y    F     INVx1_ASAP7_75t_SL             2  1.6    21    13      97    (-,-) 
  aitb_u_fix2fp32_col2_ADD_TC_OP_g690/Y                 -       B->Y    R     NAND2xp5_ASAP7_75t_SL          3  2.6    47    26     123    (-,-) 
  aitb_u_fix2fp32_col2_ADD_TC_OP_g688/Y                 -       B->Y    F     NOR2x1_ASAP7_75t_SL            3  2.1    29    20     142    (-,-) 
  aitb_u_fix2fp32_col2_ADD_TC_OP_g686/Y                 -       B->Y    R     NAND2xp5_ASAP7_75t_SL          3  2.6    47    28     170    (-,-) 
  aitb_u_fix2fp32_col2_ADD_TC_OP_g684/Y                 -       B->Y    F     NOR2x1_ASAP7_75t_SL            3  2.1    29    20     190    (-,-) 
  aitb_u_fix2fp32_col2_ADD_TC_OP_g682/Y                 -       B->Y    R     NAND2xp5_ASAP7_75t_SL          4  2.5    46    27     217    (-,-) 
  aitb_u_fix2fp32_col2_ADD_TC_OP_g674/Y                 -       B->Y    F     NOR5xp2_ASAP7_75t_L            3  2.6    46    34     251    (-,-) 
  aitb_u_fix2fp32_col2_ADD_TC_OP_g672/Y                 -       B->Y    R     NAND2x1_ASAP7_75t_SL           3  3.1    44    30     281    (-,-) 
  aitb_u_fix2fp32_col2_ADD_TC_OP_g670/Y                 -       B->Y    F     NOR2x1p5_ASAP7_75t_SL          3  3.1    26    18     299    (-,-) 
  aitb_u_fix2fp32_col2_ADD_TC_OP_g668/Y                 -       B->Y    R     NAND2x1p5_ASAP7_75t_SL         3  2.6    29    17     316    (-,-) 
  aitb_u_fix2fp32_col2_ADD_TC_OP_g666/Y                 -       B->Y    F     NOR2x1_ASAP7_75t_SL            3  2.6    29    19     335    (-,-) 
  aitb_u_fix2fp32_col2_ADD_TC_OP_g664/Y                 -       B->Y    R     NAND2x1_ASAP7_75t_SL           3  2.6    38    23     358    (-,-) 
  aitb_u_fix2fp32_col2_ADD_TC_OP_g662/Y                 -       B->Y    F     NOR2x1_ASAP7_75t_SL            3  2.6    30    21     379    (-,-) 
  aitb_u_fix2fp32_col2_ADD_TC_OP_g660/Y                 -       B->Y    R     NAND2x1_ASAP7_75t_SL           3  2.6    38    23     402    (-,-) 
  aitb_u_fix2fp32_col2_ADD_TC_OP_g658/Y                 -       B->Y    F     NOR2x1_ASAP7_75t_SL            3  2.6    30    21     423    (-,-) 
  aitb_u_fix2fp32_col2_ADD_TC_OP_g656/Y                 -       B->Y    R     NAND2x1_ASAP7_75t_SL           3  2.6    38    23     446    (-,-) 
  aitb_u_fix2fp32_col2_ADD_TC_OP_g654/Y                 -       B->Y    F     NOR2x1_ASAP7_75t_SL            3  2.6    30    21     467    (-,-) 
  aitb_u_fix2fp32_col2_ADD_TC_OP_g652/Y                 -       B->Y    R     NAND2x1_ASAP7_75t_SL           3  2.6    38    23     490    (-,-) 
  aitb_u_fix2fp32_col2_ADD_TC_OP_g650/Y                 -       B->Y    F     NOR2x1_ASAP7_75t_SL            3  2.6    30    21     511    (-,-) 
  aitb_u_fix2fp32_col2_ADD_TC_OP_g648/Y                 -       B->Y    R     NAND2x1_ASAP7_75t_SL           3  2.6    38    23     535    (-,-) 
  aitb_u_fix2fp32_col2_ADD_TC_OP_g646/Y                 -       B->Y    F     NOR2x1_ASAP7_75t_SL            3  2.1    26    19     553    (-,-) 
  aitb_u_fix2fp32_col2_ADD_TC_OP_g644/Y                 -       B->Y    R     NAND2xp5_ASAP7_75t_SL          3  2.6    47    27     580    (-,-) 
  aitb_u_fix2fp32_col2_ADD_TC_OP_g642/Y                 -       B->Y    F     NOR2x1_ASAP7_75t_SL            4  3.3    37    25     606    (-,-) 
  aitb_u_fix2fp32_col2_ADD_TC_OP_g640/Y                 -       B->Y    R     NAND2xp5_ASAP7_75t_SL          3  2.6    49    30     636    (-,-) 
  aitb_u_fix2fp32_col2_ADD_TC_OP_g638/Y                 -       B->Y    F     NOR2x1_ASAP7_75t_SL            3  2.1    29    20     655    (-,-) 
  aitb_u_fix2fp32_col2_ADD_TC_OP_g636/Y                 -       B->Y    R     NAND2xp5_ASAP7_75t_SL          2  1.5    34    21     676    (-,-) 
  aitb_u_fix2fp32_col2_ADD_TC_OP_g632/Y                 -       A2->Y   F     AOI21xp33_ASAP7_75t_SL         1  0.9    30    16     692    (-,-) 
  aitb_g27613__6417/Y                                   -       B2->Y   R     AOI22xp5_ASAP7_75t_SL          2  1.6    52    26     717    (-,-) 
  aitb_g27078__7410/Y                                   -       A->Y    R     AND5x1_ASAP7_75t_SL            1  0.8    20    39     756    (-,-) 
  aitb_g27573__6161/Y                                   -       A->Y    F     NAND5xp2_ASAP7_75t_SL          2  1.4    69    29     786    (-,-) 
  aitb_g27566__7098/Y                                   -       A->Y    F     OR5x1_ASAP7_75t_SL             1  0.8    23    47     833    (-,-) 
  aitb_g27565__8246/Y                                   -       A->Y    R     NOR3xp33_ASAP7_75t_SL          9  6.6   195    88     921    (-,-) 
  aitb_g27554__6260/Y                                   -       A1->Y   F     AOI21xp5_ASAP7_75t_SL          2  1.6    79    31     952    (-,-) 
  aitb_g27548__9945/Y                                   -       D->Y    R     NAND4xp25_ASAP7_75t_SL         1  0.8    48    28     981    (-,-) 
  aitb_g27547__9315/Y                                   -       B->Y    R     OR2x2_ASAP7_75t_SL            26 18.1    95    61    1042    (-,-) 
  aitb_g27524__2883/Y                                   -       A2->Y   F     OAI21xp5_ASAP7_75t_SL          2  1.5    47    24    1066    (-,-) 
  aitb_g27514__7098/Y                                   -       B->Y    R     NOR4xp25_ASAP7_75t_SL          1  0.8    59    32    1097    (-,-) 
  aitb_g27511__5122/Y                                   -       B->Y    R     AND2x2_ASAP7_75t_SL            8  5.5    34    35    1132    (-,-) 
  aitb_g26982__7410/Y                                   -       A1->Y   F     AOI21xp5_ASAP7_75t_SL          2  1.6    36    20    1152    (-,-) 
  aitb_g26977__1666/Y                                   -       A->Y    R     NAND2xp5_ASAP7_75t_SL          1  0.9    28    19    1171    (-,-) 
  aitb_g26974__9945/Y                                   -       A->Y    R     OR3x2_ASAP7_75t_SL            26 18.7    97    56    1227    (-,-) 
  aitb_g26973__9315/Y                                   -       A2->Y   F     OAI21xp5_ASAP7_75t_SL          3  2.1    55    29    1256    (-,-) 
  aitb_g26960__5122/Y                                   -       A1->Y   R     OAI21xp5_ASAP7_75t_SL          3  3.2    75    39    1295    (-,-) 
  aitb_g23912/Y                                         -       A->Y    F     INVx1_ASAP7_75t_SL             2  1.9    34    18    1313    (-,-) 
  aitb_u_fix2fp32_col2_csa_tree_SUB_TC_OP_groupi_g578/Y -       A->Y    R     INVxp67_ASAP7_75t_SL           1  0.9    24    16    1329    (-,-) 
  aitb_u_fix2fp32_col2_csa_tree_SUB_TC_OP_groupi_g568/Y -       A->Y    F     MAJIxp5_ASAP7_75t_SL           2  2.0    46    22    1350    (-,-) 
  aitb_u_fix2fp32_col2_csa_tree_SUB_TC_OP_groupi_g542/Y -       A->Y    R     MAJIxp5_ASAP7_75t_SL           2  1.9    64    32    1383    (-,-) 
  aitb_u_fix2fp32_col2_csa_tree_SUB_TC_OP_groupi_g541/Y -       A->Y    F     INVxp67_ASAP7_75t_SL           1  1.4    33    19    1401    (-,-) 
  aitb_u_fix2fp32_col2_csa_tree_SUB_TC_OP_groupi_g531/Y -       B->Y    R     MAJIxp5_ASAP7_75t_SL           2  1.9    56    32    1433    (-,-) 
  aitb_u_fix2fp32_col2_csa_tree_SUB_TC_OP_groupi_g530/Y -       A->Y    F     INVxp67_ASAP7_75t_SL           1  1.3    30    17    1451    (-,-) 
  aitb_u_fix2fp32_col2_csa_tree_SUB_TC_OP_groupi_g526/Y -       C->Y    R     MAJIxp5_ASAP7_75t_SL           2  2.1    62    29    1480    (-,-) 
  aitb_u_fix2fp32_col2_csa_tree_SUB_TC_OP_groupi_g523/Y -       A->Y    F     MAJIxp5_ASAP7_75t_SL           2  2.0    55    27    1507    (-,-) 
  aitb_u_fix2fp32_col2_csa_tree_SUB_TC_OP_groupi_g521/Y -       A->Y    F     MAJx2_ASAP7_75t_SL             2  2.0    19    35    1542    (-,-) 
  aitb_u_fix2fp32_col2_csa_tree_SUB_TC_OP_groupi_g519/Y -       A->Y    F     MAJx2_ASAP7_75t_SL             2  2.4    20    29    1572    (-,-) 
  aitb_u_fix2fp32_col2_csa_tree_SUB_TC_OP_groupi_g517/Y -       C->Y    R     MAJIxp5_ASAP7_75t_SL           2  1.8    57    26    1597    (-,-) 
  aitb_u_fix2fp32_col2_csa_tree_SUB_TC_OP_groupi_g515/Y -       B->Y    F     NOR2xp33_ASAP7_75t_SL          1  1.3    44    29    1626    (-,-) 
  aitb_g46513/Y                                         -       B->Y    R     NOR2x1_ASAP7_75t_SL           10  6.8    75    41    1667    (-,-) 
  aitb_g46512/Y                                         -       A->Y    F     INVx1_ASAP7_75t_L              1  0.8    24    16    1683    (-,-) 
  aitb_g46511/Y                                         -       A->Y    R     NOR3xp33_ASAP7_75t_SL          2  1.9    70    34    1717    (-,-) 
  aitb_g46509/Y                                         -       A->Y    F     INVxp67_ASAP7_75t_SL           1  1.3    33    18    1735    (-,-) 
  aitb_g46501/Y                                         -       A->Y    R     NOR2x1_ASAP7_75t_SL            9  6.7    79    37    1772    (-,-) 
  aitb_g46496/Y                                         -       A->Y    F     INVx2_ASAP7_75t_SL            15  9.9    55    34    1806    (-,-) 
  aitb_g46462/Y                                         -       B1->Y   F     OA22x2_ASAP7_75t_SL            1  0.9    17    30    1836    (-,-) 
  aitb_PIPE_3_fix2float_col2_stage_reg_reg[0][3]/D      -       -       F     ASYNC_DFFHx1_ASAP7_75t_SL      1    -     -     0    1836    (-,-) 
#------------------------------------------------------------------------------------------------------------------------------------------------



Path 28: MET (50 ps) Setup Check with Pin aitb_PIPE_3_fix2float_col2_stage_reg_reg[0][15]/CLK->D
           View: PVT_0P63V_100C.setup_view
          Group: clk
     Startpoint: (R) aitb_PIPE_3_dot_col2_stage_reg_reg[0][0]/CLK
          Clock: (R) clk
       Endpoint: (F) aitb_PIPE_3_fix2float_col2_stage_reg_reg[0][15]/D
          Clock: (R) clk

                     Capture       Launch     
        Clock Edge:+    2000            0     
       Src Latency:+       0            0     
       Net Latency:+       0 (I)        0 (I) 
           Arrival:=    2000            0     
                                              
             Setup:-      16                  
       Uncertainty:-     100                  
     Required Time:=    1884                  
      Launch Clock:-       0                  
         Data Path:-    1834                  
             Slack:=      50                  

#------------------------------------------------------------------------------------------------------------------------------------------------
#                     Timing Point                      Flags    Arc    Edge           Cell             Fanout Load Trans Delay Arrival Instance 
#                                                                                                              (fF)  (ps)  (ps)   (ps)  Location 
#------------------------------------------------------------------------------------------------------------------------------------------------
  aitb_PIPE_3_dot_col2_stage_reg_reg[0][0]/CLK          -       -       R     (arrival)                   1147    -     0     0       0    (-,-) 
  aitb_PIPE_3_dot_col2_stage_reg_reg[0][0]/QN           -       CLK->QN R     ASYNC_DFFHx1_ASAP7_75t_SL      1  0.9    25    48      48    (-,-) 
  aitb_g23956/Y                                         -       A->Y    F     INVx1_ASAP7_75t_SL             3  2.1    22    14      62    (-,-) 
  aitb_u_fix2fp32_col2_ADD_TC_OP_g693/Y                 -       A->Y    R     NAND2xp5_ASAP7_75t_SL          2  1.7    34    21      83    (-,-) 
  aitb_u_fix2fp32_col2_ADD_TC_OP_g692/Y                 -       A->Y    F     INVx1_ASAP7_75t_SL             2  1.6    21    13      97    (-,-) 
  aitb_u_fix2fp32_col2_ADD_TC_OP_g690/Y                 -       B->Y    R     NAND2xp5_ASAP7_75t_SL          3  2.6    47    26     123    (-,-) 
  aitb_u_fix2fp32_col2_ADD_TC_OP_g688/Y                 -       B->Y    F     NOR2x1_ASAP7_75t_SL            3  2.1    29    20     142    (-,-) 
  aitb_u_fix2fp32_col2_ADD_TC_OP_g686/Y                 -       B->Y    R     NAND2xp5_ASAP7_75t_SL          3  2.6    47    28     170    (-,-) 
  aitb_u_fix2fp32_col2_ADD_TC_OP_g684/Y                 -       B->Y    F     NOR2x1_ASAP7_75t_SL            3  2.1    29    20     190    (-,-) 
  aitb_u_fix2fp32_col2_ADD_TC_OP_g682/Y                 -       B->Y    R     NAND2xp5_ASAP7_75t_SL          4  2.5    46    27     217    (-,-) 
  aitb_u_fix2fp32_col2_ADD_TC_OP_g674/Y                 -       B->Y    F     NOR5xp2_ASAP7_75t_L            3  2.6    46    34     251    (-,-) 
  aitb_u_fix2fp32_col2_ADD_TC_OP_g672/Y                 -       B->Y    R     NAND2x1_ASAP7_75t_SL           3  3.1    44    30     281    (-,-) 
  aitb_u_fix2fp32_col2_ADD_TC_OP_g670/Y                 -       B->Y    F     NOR2x1p5_ASAP7_75t_SL          3  3.1    26    18     299    (-,-) 
  aitb_u_fix2fp32_col2_ADD_TC_OP_g668/Y                 -       B->Y    R     NAND2x1p5_ASAP7_75t_SL         3  2.6    29    17     316    (-,-) 
  aitb_u_fix2fp32_col2_ADD_TC_OP_g666/Y                 -       B->Y    F     NOR2x1_ASAP7_75t_SL            3  2.6    29    19     335    (-,-) 
  aitb_u_fix2fp32_col2_ADD_TC_OP_g664/Y                 -       B->Y    R     NAND2x1_ASAP7_75t_SL           3  2.6    38    23     358    (-,-) 
  aitb_u_fix2fp32_col2_ADD_TC_OP_g662/Y                 -       B->Y    F     NOR2x1_ASAP7_75t_SL            3  2.6    30    21     379    (-,-) 
  aitb_u_fix2fp32_col2_ADD_TC_OP_g660/Y                 -       B->Y    R     NAND2x1_ASAP7_75t_SL           3  2.6    38    23     402    (-,-) 
  aitb_u_fix2fp32_col2_ADD_TC_OP_g658/Y                 -       B->Y    F     NOR2x1_ASAP7_75t_SL            3  2.6    30    21     423    (-,-) 
  aitb_u_fix2fp32_col2_ADD_TC_OP_g656/Y                 -       B->Y    R     NAND2x1_ASAP7_75t_SL           3  2.6    38    23     446    (-,-) 
  aitb_u_fix2fp32_col2_ADD_TC_OP_g654/Y                 -       B->Y    F     NOR2x1_ASAP7_75t_SL            3  2.6    30    21     467    (-,-) 
  aitb_u_fix2fp32_col2_ADD_TC_OP_g652/Y                 -       B->Y    R     NAND2x1_ASAP7_75t_SL           3  2.6    38    23     490    (-,-) 
  aitb_u_fix2fp32_col2_ADD_TC_OP_g650/Y                 -       B->Y    F     NOR2x1_ASAP7_75t_SL            3  2.6    30    21     511    (-,-) 
  aitb_u_fix2fp32_col2_ADD_TC_OP_g648/Y                 -       B->Y    R     NAND2x1_ASAP7_75t_SL           3  2.6    38    23     535    (-,-) 
  aitb_u_fix2fp32_col2_ADD_TC_OP_g646/Y                 -       B->Y    F     NOR2x1_ASAP7_75t_SL            3  2.1    26    19     553    (-,-) 
  aitb_u_fix2fp32_col2_ADD_TC_OP_g644/Y                 -       B->Y    R     NAND2xp5_ASAP7_75t_SL          3  2.6    47    27     580    (-,-) 
  aitb_u_fix2fp32_col2_ADD_TC_OP_g642/Y                 -       B->Y    F     NOR2x1_ASAP7_75t_SL            4  3.3    37    25     606    (-,-) 
  aitb_u_fix2fp32_col2_ADD_TC_OP_g640/Y                 -       B->Y    R     NAND2xp5_ASAP7_75t_SL          3  2.6    49    30     636    (-,-) 
  aitb_u_fix2fp32_col2_ADD_TC_OP_g638/Y                 -       B->Y    F     NOR2x1_ASAP7_75t_SL            3  2.1    29    20     655    (-,-) 
  aitb_u_fix2fp32_col2_ADD_TC_OP_g636/Y                 -       B->Y    R     NAND2xp5_ASAP7_75t_SL          2  1.5    34    21     676    (-,-) 
  aitb_u_fix2fp32_col2_ADD_TC_OP_g632/Y                 -       A2->Y   F     AOI21xp33_ASAP7_75t_SL         1  0.9    30    16     692    (-,-) 
  aitb_g27613__6417/Y                                   -       B2->Y   R     AOI22xp5_ASAP7_75t_SL          2  1.6    52    26     717    (-,-) 
  aitb_g27078__7410/Y                                   -       A->Y    R     AND5x1_ASAP7_75t_SL            1  0.8    20    39     756    (-,-) 
  aitb_g27573__6161/Y                                   -       A->Y    F     NAND5xp2_ASAP7_75t_SL          2  1.4    69    29     786    (-,-) 
  aitb_g27566__7098/Y                                   -       A->Y    F     OR5x1_ASAP7_75t_SL             1  0.8    23    47     833    (-,-) 
  aitb_g27565__8246/Y                                   -       A->Y    R     NOR3xp33_ASAP7_75t_SL          9  6.6   195    88     921    (-,-) 
  aitb_g27554__6260/Y                                   -       A1->Y   F     AOI21xp5_ASAP7_75t_SL          2  1.6    79    31     952    (-,-) 
  aitb_g27548__9945/Y                                   -       D->Y    R     NAND4xp25_ASAP7_75t_SL         1  0.8    48    28     981    (-,-) 
  aitb_g27547__9315/Y                                   -       B->Y    R     OR2x2_ASAP7_75t_SL            26 18.1    95    61    1042    (-,-) 
  aitb_g27524__2883/Y                                   -       A2->Y   F     OAI21xp5_ASAP7_75t_SL          2  1.5    47    24    1066    (-,-) 
  aitb_g27514__7098/Y                                   -       B->Y    R     NOR4xp25_ASAP7_75t_SL          1  0.8    59    32    1097    (-,-) 
  aitb_g27511__5122/Y                                   -       B->Y    R     AND2x2_ASAP7_75t_SL            8  5.5    34    35    1132    (-,-) 
  aitb_g26982__7410/Y                                   -       A1->Y   F     AOI21xp5_ASAP7_75t_SL          2  1.6    36    20    1152    (-,-) 
  aitb_g26977__1666/Y                                   -       A->Y    R     NAND2xp5_ASAP7_75t_SL          1  0.9    28    19    1171    (-,-) 
  aitb_g26974__9945/Y                                   -       A->Y    R     OR3x2_ASAP7_75t_SL            26 18.7    97    56    1227    (-,-) 
  aitb_g26973__9315/Y                                   -       A2->Y   F     OAI21xp5_ASAP7_75t_SL          3  2.1    55    29    1256    (-,-) 
  aitb_g26960__5122/Y                                   -       A1->Y   R     OAI21xp5_ASAP7_75t_SL          3  3.2    75    39    1295    (-,-) 
  aitb_g23912/Y                                         -       A->Y    F     INVx1_ASAP7_75t_SL             2  1.9    34    18    1313    (-,-) 
  aitb_u_fix2fp32_col2_csa_tree_SUB_TC_OP_groupi_g578/Y -       A->Y    R     INVxp67_ASAP7_75t_SL           1  0.9    24    16    1329    (-,-) 
  aitb_u_fix2fp32_col2_csa_tree_SUB_TC_OP_groupi_g568/Y -       A->Y    F     MAJIxp5_ASAP7_75t_SL           2  2.0    46    22    1350    (-,-) 
  aitb_u_fix2fp32_col2_csa_tree_SUB_TC_OP_groupi_g542/Y -       A->Y    R     MAJIxp5_ASAP7_75t_SL           2  1.9    64    32    1383    (-,-) 
  aitb_u_fix2fp32_col2_csa_tree_SUB_TC_OP_groupi_g541/Y -       A->Y    F     INVxp67_ASAP7_75t_SL           1  1.4    33    19    1401    (-,-) 
  aitb_u_fix2fp32_col2_csa_tree_SUB_TC_OP_groupi_g531/Y -       B->Y    R     MAJIxp5_ASAP7_75t_SL           2  1.9    56    32    1433    (-,-) 
  aitb_u_fix2fp32_col2_csa_tree_SUB_TC_OP_groupi_g530/Y -       A->Y    F     INVxp67_ASAP7_75t_SL           1  1.3    30    17    1451    (-,-) 
  aitb_u_fix2fp32_col2_csa_tree_SUB_TC_OP_groupi_g526/Y -       C->Y    R     MAJIxp5_ASAP7_75t_SL           2  2.1    62    29    1480    (-,-) 
  aitb_u_fix2fp32_col2_csa_tree_SUB_TC_OP_groupi_g523/Y -       A->Y    F     MAJIxp5_ASAP7_75t_SL           2  2.0    55    27    1507    (-,-) 
  aitb_u_fix2fp32_col2_csa_tree_SUB_TC_OP_groupi_g521/Y -       A->Y    F     MAJx2_ASAP7_75t_SL             2  2.0    19    35    1542    (-,-) 
  aitb_u_fix2fp32_col2_csa_tree_SUB_TC_OP_groupi_g519/Y -       A->Y    F     MAJx2_ASAP7_75t_SL             2  2.4    20    29    1572    (-,-) 
  aitb_u_fix2fp32_col2_csa_tree_SUB_TC_OP_groupi_g517/Y -       C->Y    R     MAJIxp5_ASAP7_75t_SL           2  1.8    57    26    1597    (-,-) 
  aitb_u_fix2fp32_col2_csa_tree_SUB_TC_OP_groupi_g515/Y -       B->Y    F     NOR2xp33_ASAP7_75t_SL          1  1.3    44    29    1626    (-,-) 
  aitb_g46513/Y                                         -       B->Y    R     NOR2x1_ASAP7_75t_SL           10  6.8    75    41    1667    (-,-) 
  aitb_g46512/Y                                         -       A->Y    F     INVx1_ASAP7_75t_L              1  0.8    24    16    1683    (-,-) 
  aitb_g46511/Y                                         -       A->Y    R     NOR3xp33_ASAP7_75t_SL          2  1.9    70    34    1717    (-,-) 
  aitb_g46509/Y                                         -       A->Y    F     INVxp67_ASAP7_75t_SL           1  1.3    33    18    1735    (-,-) 
  aitb_g46501/Y                                         -       A->Y    R     NOR2x1_ASAP7_75t_SL            9  6.7    79    37    1772    (-,-) 
  aitb_g46496/Y                                         -       A->Y    F     INVx2_ASAP7_75t_SL            15  9.9    55    34    1806    (-,-) 
  aitb_g46460/Y                                         -       A1->Y   F     OA22x2_ASAP7_75t_SL            1  0.9    17    28    1834    (-,-) 
  aitb_PIPE_3_fix2float_col2_stage_reg_reg[0][15]/D     -       -       F     ASYNC_DFFHx1_ASAP7_75t_SL      1    -     -     0    1834    (-,-) 
#------------------------------------------------------------------------------------------------------------------------------------------------



Path 29: MET (50 ps) Setup Check with Pin aitb_PIPE_3_fix2float_col2_stage_reg_reg[0][11]/CLK->D
           View: PVT_0P63V_100C.setup_view
          Group: clk
     Startpoint: (R) aitb_PIPE_3_dot_col2_stage_reg_reg[0][0]/CLK
          Clock: (R) clk
       Endpoint: (F) aitb_PIPE_3_fix2float_col2_stage_reg_reg[0][11]/D
          Clock: (R) clk

                     Capture       Launch     
        Clock Edge:+    2000            0     
       Src Latency:+       0            0     
       Net Latency:+       0 (I)        0 (I) 
           Arrival:=    2000            0     
                                              
             Setup:-      16                  
       Uncertainty:-     100                  
     Required Time:=    1884                  
      Launch Clock:-       0                  
         Data Path:-    1834                  
             Slack:=      50                  

#------------------------------------------------------------------------------------------------------------------------------------------------
#                     Timing Point                      Flags    Arc    Edge           Cell             Fanout Load Trans Delay Arrival Instance 
#                                                                                                              (fF)  (ps)  (ps)   (ps)  Location 
#------------------------------------------------------------------------------------------------------------------------------------------------
  aitb_PIPE_3_dot_col2_stage_reg_reg[0][0]/CLK          -       -       R     (arrival)                   1147    -     0     0       0    (-,-) 
  aitb_PIPE_3_dot_col2_stage_reg_reg[0][0]/QN           -       CLK->QN R     ASYNC_DFFHx1_ASAP7_75t_SL      1  0.9    25    48      48    (-,-) 
  aitb_g23956/Y                                         -       A->Y    F     INVx1_ASAP7_75t_SL             3  2.1    22    14      62    (-,-) 
  aitb_u_fix2fp32_col2_ADD_TC_OP_g693/Y                 -       A->Y    R     NAND2xp5_ASAP7_75t_SL          2  1.7    34    21      83    (-,-) 
  aitb_u_fix2fp32_col2_ADD_TC_OP_g692/Y                 -       A->Y    F     INVx1_ASAP7_75t_SL             2  1.6    21    13      97    (-,-) 
  aitb_u_fix2fp32_col2_ADD_TC_OP_g690/Y                 -       B->Y    R     NAND2xp5_ASAP7_75t_SL          3  2.6    47    26     123    (-,-) 
  aitb_u_fix2fp32_col2_ADD_TC_OP_g688/Y                 -       B->Y    F     NOR2x1_ASAP7_75t_SL            3  2.1    29    20     142    (-,-) 
  aitb_u_fix2fp32_col2_ADD_TC_OP_g686/Y                 -       B->Y    R     NAND2xp5_ASAP7_75t_SL          3  2.6    47    28     170    (-,-) 
  aitb_u_fix2fp32_col2_ADD_TC_OP_g684/Y                 -       B->Y    F     NOR2x1_ASAP7_75t_SL            3  2.1    29    20     190    (-,-) 
  aitb_u_fix2fp32_col2_ADD_TC_OP_g682/Y                 -       B->Y    R     NAND2xp5_ASAP7_75t_SL          4  2.5    46    27     217    (-,-) 
  aitb_u_fix2fp32_col2_ADD_TC_OP_g674/Y                 -       B->Y    F     NOR5xp2_ASAP7_75t_L            3  2.6    46    34     251    (-,-) 
  aitb_u_fix2fp32_col2_ADD_TC_OP_g672/Y                 -       B->Y    R     NAND2x1_ASAP7_75t_SL           3  3.1    44    30     281    (-,-) 
  aitb_u_fix2fp32_col2_ADD_TC_OP_g670/Y                 -       B->Y    F     NOR2x1p5_ASAP7_75t_SL          3  3.1    26    18     299    (-,-) 
  aitb_u_fix2fp32_col2_ADD_TC_OP_g668/Y                 -       B->Y    R     NAND2x1p5_ASAP7_75t_SL         3  2.6    29    17     316    (-,-) 
  aitb_u_fix2fp32_col2_ADD_TC_OP_g666/Y                 -       B->Y    F     NOR2x1_ASAP7_75t_SL            3  2.6    29    19     335    (-,-) 
  aitb_u_fix2fp32_col2_ADD_TC_OP_g664/Y                 -       B->Y    R     NAND2x1_ASAP7_75t_SL           3  2.6    38    23     358    (-,-) 
  aitb_u_fix2fp32_col2_ADD_TC_OP_g662/Y                 -       B->Y    F     NOR2x1_ASAP7_75t_SL            3  2.6    30    21     379    (-,-) 
  aitb_u_fix2fp32_col2_ADD_TC_OP_g660/Y                 -       B->Y    R     NAND2x1_ASAP7_75t_SL           3  2.6    38    23     402    (-,-) 
  aitb_u_fix2fp32_col2_ADD_TC_OP_g658/Y                 -       B->Y    F     NOR2x1_ASAP7_75t_SL            3  2.6    30    21     423    (-,-) 
  aitb_u_fix2fp32_col2_ADD_TC_OP_g656/Y                 -       B->Y    R     NAND2x1_ASAP7_75t_SL           3  2.6    38    23     446    (-,-) 
  aitb_u_fix2fp32_col2_ADD_TC_OP_g654/Y                 -       B->Y    F     NOR2x1_ASAP7_75t_SL            3  2.6    30    21     467    (-,-) 
  aitb_u_fix2fp32_col2_ADD_TC_OP_g652/Y                 -       B->Y    R     NAND2x1_ASAP7_75t_SL           3  2.6    38    23     490    (-,-) 
  aitb_u_fix2fp32_col2_ADD_TC_OP_g650/Y                 -       B->Y    F     NOR2x1_ASAP7_75t_SL            3  2.6    30    21     511    (-,-) 
  aitb_u_fix2fp32_col2_ADD_TC_OP_g648/Y                 -       B->Y    R     NAND2x1_ASAP7_75t_SL           3  2.6    38    23     535    (-,-) 
  aitb_u_fix2fp32_col2_ADD_TC_OP_g646/Y                 -       B->Y    F     NOR2x1_ASAP7_75t_SL            3  2.1    26    19     553    (-,-) 
  aitb_u_fix2fp32_col2_ADD_TC_OP_g644/Y                 -       B->Y    R     NAND2xp5_ASAP7_75t_SL          3  2.6    47    27     580    (-,-) 
  aitb_u_fix2fp32_col2_ADD_TC_OP_g642/Y                 -       B->Y    F     NOR2x1_ASAP7_75t_SL            4  3.3    37    25     606    (-,-) 
  aitb_u_fix2fp32_col2_ADD_TC_OP_g640/Y                 -       B->Y    R     NAND2xp5_ASAP7_75t_SL          3  2.6    49    30     636    (-,-) 
  aitb_u_fix2fp32_col2_ADD_TC_OP_g638/Y                 -       B->Y    F     NOR2x1_ASAP7_75t_SL            3  2.1    29    20     655    (-,-) 
  aitb_u_fix2fp32_col2_ADD_TC_OP_g636/Y                 -       B->Y    R     NAND2xp5_ASAP7_75t_SL          2  1.5    34    21     676    (-,-) 
  aitb_u_fix2fp32_col2_ADD_TC_OP_g632/Y                 -       A2->Y   F     AOI21xp33_ASAP7_75t_SL         1  0.9    30    16     692    (-,-) 
  aitb_g27613__6417/Y                                   -       B2->Y   R     AOI22xp5_ASAP7_75t_SL          2  1.6    52    26     717    (-,-) 
  aitb_g27078__7410/Y                                   -       A->Y    R     AND5x1_ASAP7_75t_SL            1  0.8    20    39     756    (-,-) 
  aitb_g27573__6161/Y                                   -       A->Y    F     NAND5xp2_ASAP7_75t_SL          2  1.4    69    29     786    (-,-) 
  aitb_g27566__7098/Y                                   -       A->Y    F     OR5x1_ASAP7_75t_SL             1  0.8    23    47     833    (-,-) 
  aitb_g27565__8246/Y                                   -       A->Y    R     NOR3xp33_ASAP7_75t_SL          9  6.6   195    88     921    (-,-) 
  aitb_g27554__6260/Y                                   -       A1->Y   F     AOI21xp5_ASAP7_75t_SL          2  1.6    79    31     952    (-,-) 
  aitb_g27548__9945/Y                                   -       D->Y    R     NAND4xp25_ASAP7_75t_SL         1  0.8    48    28     981    (-,-) 
  aitb_g27547__9315/Y                                   -       B->Y    R     OR2x2_ASAP7_75t_SL            26 18.1    95    61    1042    (-,-) 
  aitb_g27524__2883/Y                                   -       A2->Y   F     OAI21xp5_ASAP7_75t_SL          2  1.5    47    24    1066    (-,-) 
  aitb_g27514__7098/Y                                   -       B->Y    R     NOR4xp25_ASAP7_75t_SL          1  0.8    59    32    1097    (-,-) 
  aitb_g27511__5122/Y                                   -       B->Y    R     AND2x2_ASAP7_75t_SL            8  5.5    34    35    1132    (-,-) 
  aitb_g26982__7410/Y                                   -       A1->Y   F     AOI21xp5_ASAP7_75t_SL          2  1.6    36    20    1152    (-,-) 
  aitb_g26977__1666/Y                                   -       A->Y    R     NAND2xp5_ASAP7_75t_SL          1  0.9    28    19    1171    (-,-) 
  aitb_g26974__9945/Y                                   -       A->Y    R     OR3x2_ASAP7_75t_SL            26 18.7    97    56    1227    (-,-) 
  aitb_g26973__9315/Y                                   -       A2->Y   F     OAI21xp5_ASAP7_75t_SL          3  2.1    55    29    1256    (-,-) 
  aitb_g26960__5122/Y                                   -       A1->Y   R     OAI21xp5_ASAP7_75t_SL          3  3.2    75    39    1295    (-,-) 
  aitb_g23912/Y                                         -       A->Y    F     INVx1_ASAP7_75t_SL             2  1.9    34    18    1313    (-,-) 
  aitb_u_fix2fp32_col2_csa_tree_SUB_TC_OP_groupi_g578/Y -       A->Y    R     INVxp67_ASAP7_75t_SL           1  0.9    24    16    1329    (-,-) 
  aitb_u_fix2fp32_col2_csa_tree_SUB_TC_OP_groupi_g568/Y -       A->Y    F     MAJIxp5_ASAP7_75t_SL           2  2.0    46    22    1350    (-,-) 
  aitb_u_fix2fp32_col2_csa_tree_SUB_TC_OP_groupi_g542/Y -       A->Y    R     MAJIxp5_ASAP7_75t_SL           2  1.9    64    32    1383    (-,-) 
  aitb_u_fix2fp32_col2_csa_tree_SUB_TC_OP_groupi_g541/Y -       A->Y    F     INVxp67_ASAP7_75t_SL           1  1.4    33    19    1401    (-,-) 
  aitb_u_fix2fp32_col2_csa_tree_SUB_TC_OP_groupi_g531/Y -       B->Y    R     MAJIxp5_ASAP7_75t_SL           2  1.9    56    32    1433    (-,-) 
  aitb_u_fix2fp32_col2_csa_tree_SUB_TC_OP_groupi_g530/Y -       A->Y    F     INVxp67_ASAP7_75t_SL           1  1.3    30    17    1451    (-,-) 
  aitb_u_fix2fp32_col2_csa_tree_SUB_TC_OP_groupi_g526/Y -       C->Y    R     MAJIxp5_ASAP7_75t_SL           2  2.1    62    29    1480    (-,-) 
  aitb_u_fix2fp32_col2_csa_tree_SUB_TC_OP_groupi_g523/Y -       A->Y    F     MAJIxp5_ASAP7_75t_SL           2  2.0    55    27    1507    (-,-) 
  aitb_u_fix2fp32_col2_csa_tree_SUB_TC_OP_groupi_g521/Y -       A->Y    F     MAJx2_ASAP7_75t_SL             2  2.0    19    35    1542    (-,-) 
  aitb_u_fix2fp32_col2_csa_tree_SUB_TC_OP_groupi_g519/Y -       A->Y    F     MAJx2_ASAP7_75t_SL             2  2.4    20    29    1572    (-,-) 
  aitb_u_fix2fp32_col2_csa_tree_SUB_TC_OP_groupi_g517/Y -       C->Y    R     MAJIxp5_ASAP7_75t_SL           2  1.8    57    26    1597    (-,-) 
  aitb_u_fix2fp32_col2_csa_tree_SUB_TC_OP_groupi_g515/Y -       B->Y    F     NOR2xp33_ASAP7_75t_SL          1  1.3    44    29    1626    (-,-) 
  aitb_g46513/Y                                         -       B->Y    R     NOR2x1_ASAP7_75t_SL           10  6.8    75    41    1667    (-,-) 
  aitb_g46512/Y                                         -       A->Y    F     INVx1_ASAP7_75t_L              1  0.8    24    16    1683    (-,-) 
  aitb_g46511/Y                                         -       A->Y    R     NOR3xp33_ASAP7_75t_SL          2  1.9    70    34    1717    (-,-) 
  aitb_g46509/Y                                         -       A->Y    F     INVxp67_ASAP7_75t_SL           1  1.3    33    18    1735    (-,-) 
  aitb_g46501/Y                                         -       A->Y    R     NOR2x1_ASAP7_75t_SL            9  6.7    79    37    1772    (-,-) 
  aitb_g46496/Y                                         -       A->Y    F     INVx2_ASAP7_75t_SL            15  9.9    55    34    1806    (-,-) 
  aitb_g46472/Y                                         -       A1->Y   F     OA22x2_ASAP7_75t_SL            1  0.9    17    28    1834    (-,-) 
  aitb_PIPE_3_fix2float_col2_stage_reg_reg[0][11]/D     -       -       F     ASYNC_DFFHx1_ASAP7_75t_SL      1    -     -     0    1834    (-,-) 
#------------------------------------------------------------------------------------------------------------------------------------------------



Path 30: MET (50 ps) Setup Check with Pin aitb_PIPE_3_fix2float_col2_stage_reg_reg[0][6]/CLK->D
           View: PVT_0P63V_100C.setup_view
          Group: clk
     Startpoint: (R) aitb_PIPE_3_dot_col2_stage_reg_reg[0][0]/CLK
          Clock: (R) clk
       Endpoint: (F) aitb_PIPE_3_fix2float_col2_stage_reg_reg[0][6]/D
          Clock: (R) clk

                     Capture       Launch     
        Clock Edge:+    2000            0     
       Src Latency:+       0            0     
       Net Latency:+       0 (I)        0 (I) 
           Arrival:=    2000            0     
                                              
             Setup:-      16                  
       Uncertainty:-     100                  
     Required Time:=    1884                  
      Launch Clock:-       0                  
         Data Path:-    1834                  
             Slack:=      50                  

#------------------------------------------------------------------------------------------------------------------------------------------------
#                     Timing Point                      Flags    Arc    Edge           Cell             Fanout Load Trans Delay Arrival Instance 
#                                                                                                              (fF)  (ps)  (ps)   (ps)  Location 
#------------------------------------------------------------------------------------------------------------------------------------------------
  aitb_PIPE_3_dot_col2_stage_reg_reg[0][0]/CLK          -       -       R     (arrival)                   1147    -     0     0       0    (-,-) 
  aitb_PIPE_3_dot_col2_stage_reg_reg[0][0]/QN           -       CLK->QN R     ASYNC_DFFHx1_ASAP7_75t_SL      1  0.9    25    48      48    (-,-) 
  aitb_g23956/Y                                         -       A->Y    F     INVx1_ASAP7_75t_SL             3  2.1    22    14      62    (-,-) 
  aitb_u_fix2fp32_col2_ADD_TC_OP_g693/Y                 -       A->Y    R     NAND2xp5_ASAP7_75t_SL          2  1.7    34    21      83    (-,-) 
  aitb_u_fix2fp32_col2_ADD_TC_OP_g692/Y                 -       A->Y    F     INVx1_ASAP7_75t_SL             2  1.6    21    13      97    (-,-) 
  aitb_u_fix2fp32_col2_ADD_TC_OP_g690/Y                 -       B->Y    R     NAND2xp5_ASAP7_75t_SL          3  2.6    47    26     123    (-,-) 
  aitb_u_fix2fp32_col2_ADD_TC_OP_g688/Y                 -       B->Y    F     NOR2x1_ASAP7_75t_SL            3  2.1    29    20     142    (-,-) 
  aitb_u_fix2fp32_col2_ADD_TC_OP_g686/Y                 -       B->Y    R     NAND2xp5_ASAP7_75t_SL          3  2.6    47    28     170    (-,-) 
  aitb_u_fix2fp32_col2_ADD_TC_OP_g684/Y                 -       B->Y    F     NOR2x1_ASAP7_75t_SL            3  2.1    29    20     190    (-,-) 
  aitb_u_fix2fp32_col2_ADD_TC_OP_g682/Y                 -       B->Y    R     NAND2xp5_ASAP7_75t_SL          4  2.5    46    27     217    (-,-) 
  aitb_u_fix2fp32_col2_ADD_TC_OP_g674/Y                 -       B->Y    F     NOR5xp2_ASAP7_75t_L            3  2.6    46    34     251    (-,-) 
  aitb_u_fix2fp32_col2_ADD_TC_OP_g672/Y                 -       B->Y    R     NAND2x1_ASAP7_75t_SL           3  3.1    44    30     281    (-,-) 
  aitb_u_fix2fp32_col2_ADD_TC_OP_g670/Y                 -       B->Y    F     NOR2x1p5_ASAP7_75t_SL          3  3.1    26    18     299    (-,-) 
  aitb_u_fix2fp32_col2_ADD_TC_OP_g668/Y                 -       B->Y    R     NAND2x1p5_ASAP7_75t_SL         3  2.6    29    17     316    (-,-) 
  aitb_u_fix2fp32_col2_ADD_TC_OP_g666/Y                 -       B->Y    F     NOR2x1_ASAP7_75t_SL            3  2.6    29    19     335    (-,-) 
  aitb_u_fix2fp32_col2_ADD_TC_OP_g664/Y                 -       B->Y    R     NAND2x1_ASAP7_75t_SL           3  2.6    38    23     358    (-,-) 
  aitb_u_fix2fp32_col2_ADD_TC_OP_g662/Y                 -       B->Y    F     NOR2x1_ASAP7_75t_SL            3  2.6    30    21     379    (-,-) 
  aitb_u_fix2fp32_col2_ADD_TC_OP_g660/Y                 -       B->Y    R     NAND2x1_ASAP7_75t_SL           3  2.6    38    23     402    (-,-) 
  aitb_u_fix2fp32_col2_ADD_TC_OP_g658/Y                 -       B->Y    F     NOR2x1_ASAP7_75t_SL            3  2.6    30    21     423    (-,-) 
  aitb_u_fix2fp32_col2_ADD_TC_OP_g656/Y                 -       B->Y    R     NAND2x1_ASAP7_75t_SL           3  2.6    38    23     446    (-,-) 
  aitb_u_fix2fp32_col2_ADD_TC_OP_g654/Y                 -       B->Y    F     NOR2x1_ASAP7_75t_SL            3  2.6    30    21     467    (-,-) 
  aitb_u_fix2fp32_col2_ADD_TC_OP_g652/Y                 -       B->Y    R     NAND2x1_ASAP7_75t_SL           3  2.6    38    23     490    (-,-) 
  aitb_u_fix2fp32_col2_ADD_TC_OP_g650/Y                 -       B->Y    F     NOR2x1_ASAP7_75t_SL            3  2.6    30    21     511    (-,-) 
  aitb_u_fix2fp32_col2_ADD_TC_OP_g648/Y                 -       B->Y    R     NAND2x1_ASAP7_75t_SL           3  2.6    38    23     535    (-,-) 
  aitb_u_fix2fp32_col2_ADD_TC_OP_g646/Y                 -       B->Y    F     NOR2x1_ASAP7_75t_SL            3  2.1    26    19     553    (-,-) 
  aitb_u_fix2fp32_col2_ADD_TC_OP_g644/Y                 -       B->Y    R     NAND2xp5_ASAP7_75t_SL          3  2.6    47    27     580    (-,-) 
  aitb_u_fix2fp32_col2_ADD_TC_OP_g642/Y                 -       B->Y    F     NOR2x1_ASAP7_75t_SL            4  3.3    37    25     606    (-,-) 
  aitb_u_fix2fp32_col2_ADD_TC_OP_g640/Y                 -       B->Y    R     NAND2xp5_ASAP7_75t_SL          3  2.6    49    30     636    (-,-) 
  aitb_u_fix2fp32_col2_ADD_TC_OP_g638/Y                 -       B->Y    F     NOR2x1_ASAP7_75t_SL            3  2.1    29    20     655    (-,-) 
  aitb_u_fix2fp32_col2_ADD_TC_OP_g636/Y                 -       B->Y    R     NAND2xp5_ASAP7_75t_SL          2  1.5    34    21     676    (-,-) 
  aitb_u_fix2fp32_col2_ADD_TC_OP_g632/Y                 -       A2->Y   F     AOI21xp33_ASAP7_75t_SL         1  0.9    30    16     692    (-,-) 
  aitb_g27613__6417/Y                                   -       B2->Y   R     AOI22xp5_ASAP7_75t_SL          2  1.6    52    26     717    (-,-) 
  aitb_g27078__7410/Y                                   -       A->Y    R     AND5x1_ASAP7_75t_SL            1  0.8    20    39     756    (-,-) 
  aitb_g27573__6161/Y                                   -       A->Y    F     NAND5xp2_ASAP7_75t_SL          2  1.4    69    29     786    (-,-) 
  aitb_g27566__7098/Y                                   -       A->Y    F     OR5x1_ASAP7_75t_SL             1  0.8    23    47     833    (-,-) 
  aitb_g27565__8246/Y                                   -       A->Y    R     NOR3xp33_ASAP7_75t_SL          9  6.6   195    88     921    (-,-) 
  aitb_g27554__6260/Y                                   -       A1->Y   F     AOI21xp5_ASAP7_75t_SL          2  1.6    79    31     952    (-,-) 
  aitb_g27548__9945/Y                                   -       D->Y    R     NAND4xp25_ASAP7_75t_SL         1  0.8    48    28     981    (-,-) 
  aitb_g27547__9315/Y                                   -       B->Y    R     OR2x2_ASAP7_75t_SL            26 18.1    95    61    1042    (-,-) 
  aitb_g27524__2883/Y                                   -       A2->Y   F     OAI21xp5_ASAP7_75t_SL          2  1.5    47    24    1066    (-,-) 
  aitb_g27514__7098/Y                                   -       B->Y    R     NOR4xp25_ASAP7_75t_SL          1  0.8    59    32    1097    (-,-) 
  aitb_g27511__5122/Y                                   -       B->Y    R     AND2x2_ASAP7_75t_SL            8  5.5    34    35    1132    (-,-) 
  aitb_g26982__7410/Y                                   -       A1->Y   F     AOI21xp5_ASAP7_75t_SL          2  1.6    36    20    1152    (-,-) 
  aitb_g26977__1666/Y                                   -       A->Y    R     NAND2xp5_ASAP7_75t_SL          1  0.9    28    19    1171    (-,-) 
  aitb_g26974__9945/Y                                   -       A->Y    R     OR3x2_ASAP7_75t_SL            26 18.7    97    56    1227    (-,-) 
  aitb_g26973__9315/Y                                   -       A2->Y   F     OAI21xp5_ASAP7_75t_SL          3  2.1    55    29    1256    (-,-) 
  aitb_g26960__5122/Y                                   -       A1->Y   R     OAI21xp5_ASAP7_75t_SL          3  3.2    75    39    1295    (-,-) 
  aitb_g23912/Y                                         -       A->Y    F     INVx1_ASAP7_75t_SL             2  1.9    34    18    1313    (-,-) 
  aitb_u_fix2fp32_col2_csa_tree_SUB_TC_OP_groupi_g578/Y -       A->Y    R     INVxp67_ASAP7_75t_SL           1  0.9    24    16    1329    (-,-) 
  aitb_u_fix2fp32_col2_csa_tree_SUB_TC_OP_groupi_g568/Y -       A->Y    F     MAJIxp5_ASAP7_75t_SL           2  2.0    46    22    1350    (-,-) 
  aitb_u_fix2fp32_col2_csa_tree_SUB_TC_OP_groupi_g542/Y -       A->Y    R     MAJIxp5_ASAP7_75t_SL           2  1.9    64    32    1383    (-,-) 
  aitb_u_fix2fp32_col2_csa_tree_SUB_TC_OP_groupi_g541/Y -       A->Y    F     INVxp67_ASAP7_75t_SL           1  1.4    33    19    1401    (-,-) 
  aitb_u_fix2fp32_col2_csa_tree_SUB_TC_OP_groupi_g531/Y -       B->Y    R     MAJIxp5_ASAP7_75t_SL           2  1.9    56    32    1433    (-,-) 
  aitb_u_fix2fp32_col2_csa_tree_SUB_TC_OP_groupi_g530/Y -       A->Y    F     INVxp67_ASAP7_75t_SL           1  1.3    30    17    1451    (-,-) 
  aitb_u_fix2fp32_col2_csa_tree_SUB_TC_OP_groupi_g526/Y -       C->Y    R     MAJIxp5_ASAP7_75t_SL           2  2.1    62    29    1480    (-,-) 
  aitb_u_fix2fp32_col2_csa_tree_SUB_TC_OP_groupi_g523/Y -       A->Y    F     MAJIxp5_ASAP7_75t_SL           2  2.0    55    27    1507    (-,-) 
  aitb_u_fix2fp32_col2_csa_tree_SUB_TC_OP_groupi_g521/Y -       A->Y    F     MAJx2_ASAP7_75t_SL             2  2.0    19    35    1542    (-,-) 
  aitb_u_fix2fp32_col2_csa_tree_SUB_TC_OP_groupi_g519/Y -       A->Y    F     MAJx2_ASAP7_75t_SL             2  2.4    20    29    1572    (-,-) 
  aitb_u_fix2fp32_col2_csa_tree_SUB_TC_OP_groupi_g517/Y -       C->Y    R     MAJIxp5_ASAP7_75t_SL           2  1.8    57    26    1597    (-,-) 
  aitb_u_fix2fp32_col2_csa_tree_SUB_TC_OP_groupi_g515/Y -       B->Y    F     NOR2xp33_ASAP7_75t_SL          1  1.3    44    29    1626    (-,-) 
  aitb_g46513/Y                                         -       B->Y    R     NOR2x1_ASAP7_75t_SL           10  6.8    75    41    1667    (-,-) 
  aitb_g46512/Y                                         -       A->Y    F     INVx1_ASAP7_75t_L              1  0.8    24    16    1683    (-,-) 
  aitb_g46511/Y                                         -       A->Y    R     NOR3xp33_ASAP7_75t_SL          2  1.9    70    34    1717    (-,-) 
  aitb_g46509/Y                                         -       A->Y    F     INVxp67_ASAP7_75t_SL           1  1.3    33    18    1735    (-,-) 
  aitb_g46501/Y                                         -       A->Y    R     NOR2x1_ASAP7_75t_SL            9  6.7    79    37    1772    (-,-) 
  aitb_g46496/Y                                         -       A->Y    F     INVx2_ASAP7_75t_SL            15  9.9    55    34    1806    (-,-) 
  aitb_g46471/Y                                         -       A1->Y   F     OA22x2_ASAP7_75t_SL            1  0.9    17    28    1834    (-,-) 
  aitb_PIPE_3_fix2float_col2_stage_reg_reg[0][6]/D      -       -       F     ASYNC_DFFHx1_ASAP7_75t_SL      1    -     -     0    1834    (-,-) 
#------------------------------------------------------------------------------------------------------------------------------------------------



Path 31: MET (50 ps) Setup Check with Pin aitb_PIPE_3_fix2float_col2_stage_reg_reg[0][4]/CLK->D
           View: PVT_0P63V_100C.setup_view
          Group: clk
     Startpoint: (R) aitb_PIPE_3_dot_col2_stage_reg_reg[0][0]/CLK
          Clock: (R) clk
       Endpoint: (F) aitb_PIPE_3_fix2float_col2_stage_reg_reg[0][4]/D
          Clock: (R) clk

                     Capture       Launch     
        Clock Edge:+    2000            0     
       Src Latency:+       0            0     
       Net Latency:+       0 (I)        0 (I) 
           Arrival:=    2000            0     
                                              
             Setup:-      16                  
       Uncertainty:-     100                  
     Required Time:=    1884                  
      Launch Clock:-       0                  
         Data Path:-    1834                  
             Slack:=      50                  

#------------------------------------------------------------------------------------------------------------------------------------------------
#                     Timing Point                      Flags    Arc    Edge           Cell             Fanout Load Trans Delay Arrival Instance 
#                                                                                                              (fF)  (ps)  (ps)   (ps)  Location 
#------------------------------------------------------------------------------------------------------------------------------------------------
  aitb_PIPE_3_dot_col2_stage_reg_reg[0][0]/CLK          -       -       R     (arrival)                   1147    -     0     0       0    (-,-) 
  aitb_PIPE_3_dot_col2_stage_reg_reg[0][0]/QN           -       CLK->QN R     ASYNC_DFFHx1_ASAP7_75t_SL      1  0.9    25    48      48    (-,-) 
  aitb_g23956/Y                                         -       A->Y    F     INVx1_ASAP7_75t_SL             3  2.1    22    14      62    (-,-) 
  aitb_u_fix2fp32_col2_ADD_TC_OP_g693/Y                 -       A->Y    R     NAND2xp5_ASAP7_75t_SL          2  1.7    34    21      83    (-,-) 
  aitb_u_fix2fp32_col2_ADD_TC_OP_g692/Y                 -       A->Y    F     INVx1_ASAP7_75t_SL             2  1.6    21    13      97    (-,-) 
  aitb_u_fix2fp32_col2_ADD_TC_OP_g690/Y                 -       B->Y    R     NAND2xp5_ASAP7_75t_SL          3  2.6    47    26     123    (-,-) 
  aitb_u_fix2fp32_col2_ADD_TC_OP_g688/Y                 -       B->Y    F     NOR2x1_ASAP7_75t_SL            3  2.1    29    20     142    (-,-) 
  aitb_u_fix2fp32_col2_ADD_TC_OP_g686/Y                 -       B->Y    R     NAND2xp5_ASAP7_75t_SL          3  2.6    47    28     170    (-,-) 
  aitb_u_fix2fp32_col2_ADD_TC_OP_g684/Y                 -       B->Y    F     NOR2x1_ASAP7_75t_SL            3  2.1    29    20     190    (-,-) 
  aitb_u_fix2fp32_col2_ADD_TC_OP_g682/Y                 -       B->Y    R     NAND2xp5_ASAP7_75t_SL          4  2.5    46    27     217    (-,-) 
  aitb_u_fix2fp32_col2_ADD_TC_OP_g674/Y                 -       B->Y    F     NOR5xp2_ASAP7_75t_L            3  2.6    46    34     251    (-,-) 
  aitb_u_fix2fp32_col2_ADD_TC_OP_g672/Y                 -       B->Y    R     NAND2x1_ASAP7_75t_SL           3  3.1    44    30     281    (-,-) 
  aitb_u_fix2fp32_col2_ADD_TC_OP_g670/Y                 -       B->Y    F     NOR2x1p5_ASAP7_75t_SL          3  3.1    26    18     299    (-,-) 
  aitb_u_fix2fp32_col2_ADD_TC_OP_g668/Y                 -       B->Y    R     NAND2x1p5_ASAP7_75t_SL         3  2.6    29    17     316    (-,-) 
  aitb_u_fix2fp32_col2_ADD_TC_OP_g666/Y                 -       B->Y    F     NOR2x1_ASAP7_75t_SL            3  2.6    29    19     335    (-,-) 
  aitb_u_fix2fp32_col2_ADD_TC_OP_g664/Y                 -       B->Y    R     NAND2x1_ASAP7_75t_SL           3  2.6    38    23     358    (-,-) 
  aitb_u_fix2fp32_col2_ADD_TC_OP_g662/Y                 -       B->Y    F     NOR2x1_ASAP7_75t_SL            3  2.6    30    21     379    (-,-) 
  aitb_u_fix2fp32_col2_ADD_TC_OP_g660/Y                 -       B->Y    R     NAND2x1_ASAP7_75t_SL           3  2.6    38    23     402    (-,-) 
  aitb_u_fix2fp32_col2_ADD_TC_OP_g658/Y                 -       B->Y    F     NOR2x1_ASAP7_75t_SL            3  2.6    30    21     423    (-,-) 
  aitb_u_fix2fp32_col2_ADD_TC_OP_g656/Y                 -       B->Y    R     NAND2x1_ASAP7_75t_SL           3  2.6    38    23     446    (-,-) 
  aitb_u_fix2fp32_col2_ADD_TC_OP_g654/Y                 -       B->Y    F     NOR2x1_ASAP7_75t_SL            3  2.6    30    21     467    (-,-) 
  aitb_u_fix2fp32_col2_ADD_TC_OP_g652/Y                 -       B->Y    R     NAND2x1_ASAP7_75t_SL           3  2.6    38    23     490    (-,-) 
  aitb_u_fix2fp32_col2_ADD_TC_OP_g650/Y                 -       B->Y    F     NOR2x1_ASAP7_75t_SL            3  2.6    30    21     511    (-,-) 
  aitb_u_fix2fp32_col2_ADD_TC_OP_g648/Y                 -       B->Y    R     NAND2x1_ASAP7_75t_SL           3  2.6    38    23     535    (-,-) 
  aitb_u_fix2fp32_col2_ADD_TC_OP_g646/Y                 -       B->Y    F     NOR2x1_ASAP7_75t_SL            3  2.1    26    19     553    (-,-) 
  aitb_u_fix2fp32_col2_ADD_TC_OP_g644/Y                 -       B->Y    R     NAND2xp5_ASAP7_75t_SL          3  2.6    47    27     580    (-,-) 
  aitb_u_fix2fp32_col2_ADD_TC_OP_g642/Y                 -       B->Y    F     NOR2x1_ASAP7_75t_SL            4  3.3    37    25     606    (-,-) 
  aitb_u_fix2fp32_col2_ADD_TC_OP_g640/Y                 -       B->Y    R     NAND2xp5_ASAP7_75t_SL          3  2.6    49    30     636    (-,-) 
  aitb_u_fix2fp32_col2_ADD_TC_OP_g638/Y                 -       B->Y    F     NOR2x1_ASAP7_75t_SL            3  2.1    29    20     655    (-,-) 
  aitb_u_fix2fp32_col2_ADD_TC_OP_g636/Y                 -       B->Y    R     NAND2xp5_ASAP7_75t_SL          2  1.5    34    21     676    (-,-) 
  aitb_u_fix2fp32_col2_ADD_TC_OP_g632/Y                 -       A2->Y   F     AOI21xp33_ASAP7_75t_SL         1  0.9    30    16     692    (-,-) 
  aitb_g27613__6417/Y                                   -       B2->Y   R     AOI22xp5_ASAP7_75t_SL          2  1.6    52    26     717    (-,-) 
  aitb_g27078__7410/Y                                   -       A->Y    R     AND5x1_ASAP7_75t_SL            1  0.8    20    39     756    (-,-) 
  aitb_g27573__6161/Y                                   -       A->Y    F     NAND5xp2_ASAP7_75t_SL          2  1.4    69    29     786    (-,-) 
  aitb_g27566__7098/Y                                   -       A->Y    F     OR5x1_ASAP7_75t_SL             1  0.8    23    47     833    (-,-) 
  aitb_g27565__8246/Y                                   -       A->Y    R     NOR3xp33_ASAP7_75t_SL          9  6.6   195    88     921    (-,-) 
  aitb_g27554__6260/Y                                   -       A1->Y   F     AOI21xp5_ASAP7_75t_SL          2  1.6    79    31     952    (-,-) 
  aitb_g27548__9945/Y                                   -       D->Y    R     NAND4xp25_ASAP7_75t_SL         1  0.8    48    28     981    (-,-) 
  aitb_g27547__9315/Y                                   -       B->Y    R     OR2x2_ASAP7_75t_SL            26 18.1    95    61    1042    (-,-) 
  aitb_g27524__2883/Y                                   -       A2->Y   F     OAI21xp5_ASAP7_75t_SL          2  1.5    47    24    1066    (-,-) 
  aitb_g27514__7098/Y                                   -       B->Y    R     NOR4xp25_ASAP7_75t_SL          1  0.8    59    32    1097    (-,-) 
  aitb_g27511__5122/Y                                   -       B->Y    R     AND2x2_ASAP7_75t_SL            8  5.5    34    35    1132    (-,-) 
  aitb_g26982__7410/Y                                   -       A1->Y   F     AOI21xp5_ASAP7_75t_SL          2  1.6    36    20    1152    (-,-) 
  aitb_g26977__1666/Y                                   -       A->Y    R     NAND2xp5_ASAP7_75t_SL          1  0.9    28    19    1171    (-,-) 
  aitb_g26974__9945/Y                                   -       A->Y    R     OR3x2_ASAP7_75t_SL            26 18.7    97    56    1227    (-,-) 
  aitb_g26973__9315/Y                                   -       A2->Y   F     OAI21xp5_ASAP7_75t_SL          3  2.1    55    29    1256    (-,-) 
  aitb_g26960__5122/Y                                   -       A1->Y   R     OAI21xp5_ASAP7_75t_SL          3  3.2    75    39    1295    (-,-) 
  aitb_g23912/Y                                         -       A->Y    F     INVx1_ASAP7_75t_SL             2  1.9    34    18    1313    (-,-) 
  aitb_u_fix2fp32_col2_csa_tree_SUB_TC_OP_groupi_g578/Y -       A->Y    R     INVxp67_ASAP7_75t_SL           1  0.9    24    16    1329    (-,-) 
  aitb_u_fix2fp32_col2_csa_tree_SUB_TC_OP_groupi_g568/Y -       A->Y    F     MAJIxp5_ASAP7_75t_SL           2  2.0    46    22    1350    (-,-) 
  aitb_u_fix2fp32_col2_csa_tree_SUB_TC_OP_groupi_g542/Y -       A->Y    R     MAJIxp5_ASAP7_75t_SL           2  1.9    64    32    1383    (-,-) 
  aitb_u_fix2fp32_col2_csa_tree_SUB_TC_OP_groupi_g541/Y -       A->Y    F     INVxp67_ASAP7_75t_SL           1  1.4    33    19    1401    (-,-) 
  aitb_u_fix2fp32_col2_csa_tree_SUB_TC_OP_groupi_g531/Y -       B->Y    R     MAJIxp5_ASAP7_75t_SL           2  1.9    56    32    1433    (-,-) 
  aitb_u_fix2fp32_col2_csa_tree_SUB_TC_OP_groupi_g530/Y -       A->Y    F     INVxp67_ASAP7_75t_SL           1  1.3    30    17    1451    (-,-) 
  aitb_u_fix2fp32_col2_csa_tree_SUB_TC_OP_groupi_g526/Y -       C->Y    R     MAJIxp5_ASAP7_75t_SL           2  2.1    62    29    1480    (-,-) 
  aitb_u_fix2fp32_col2_csa_tree_SUB_TC_OP_groupi_g523/Y -       A->Y    F     MAJIxp5_ASAP7_75t_SL           2  2.0    55    27    1507    (-,-) 
  aitb_u_fix2fp32_col2_csa_tree_SUB_TC_OP_groupi_g521/Y -       A->Y    F     MAJx2_ASAP7_75t_SL             2  2.0    19    35    1542    (-,-) 
  aitb_u_fix2fp32_col2_csa_tree_SUB_TC_OP_groupi_g519/Y -       A->Y    F     MAJx2_ASAP7_75t_SL             2  2.4    20    29    1572    (-,-) 
  aitb_u_fix2fp32_col2_csa_tree_SUB_TC_OP_groupi_g517/Y -       C->Y    R     MAJIxp5_ASAP7_75t_SL           2  1.8    57    26    1597    (-,-) 
  aitb_u_fix2fp32_col2_csa_tree_SUB_TC_OP_groupi_g515/Y -       B->Y    F     NOR2xp33_ASAP7_75t_SL          1  1.3    44    29    1626    (-,-) 
  aitb_g46513/Y                                         -       B->Y    R     NOR2x1_ASAP7_75t_SL           10  6.8    75    41    1667    (-,-) 
  aitb_g46512/Y                                         -       A->Y    F     INVx1_ASAP7_75t_L              1  0.8    24    16    1683    (-,-) 
  aitb_g46511/Y                                         -       A->Y    R     NOR3xp33_ASAP7_75t_SL          2  1.9    70    34    1717    (-,-) 
  aitb_g46509/Y                                         -       A->Y    F     INVxp67_ASAP7_75t_SL           1  1.3    33    18    1735    (-,-) 
  aitb_g46501/Y                                         -       A->Y    R     NOR2x1_ASAP7_75t_SL            9  6.7    79    37    1772    (-,-) 
  aitb_g46496/Y                                         -       A->Y    F     INVx2_ASAP7_75t_SL            15  9.9    55    34    1806    (-,-) 
  aitb_g46479/Y                                         -       A1->Y   F     OA22x2_ASAP7_75t_SL            1  0.9    17    28    1834    (-,-) 
  aitb_PIPE_3_fix2float_col2_stage_reg_reg[0][4]/D      -       -       F     ASYNC_DFFHx1_ASAP7_75t_SL      1    -     -     0    1834    (-,-) 
#------------------------------------------------------------------------------------------------------------------------------------------------



Path 32: MET (50 ps) Setup Check with Pin aitb_PIPE_3_fix2float_col2_stage_reg_reg[0][2]/CLK->D
           View: PVT_0P63V_100C.setup_view
          Group: clk
     Startpoint: (R) aitb_PIPE_3_dot_col2_stage_reg_reg[0][0]/CLK
          Clock: (R) clk
       Endpoint: (F) aitb_PIPE_3_fix2float_col2_stage_reg_reg[0][2]/D
          Clock: (R) clk

                     Capture       Launch     
        Clock Edge:+    2000            0     
       Src Latency:+       0            0     
       Net Latency:+       0 (I)        0 (I) 
           Arrival:=    2000            0     
                                              
             Setup:-      16                  
       Uncertainty:-     100                  
     Required Time:=    1884                  
      Launch Clock:-       0                  
         Data Path:-    1834                  
             Slack:=      50                  

#------------------------------------------------------------------------------------------------------------------------------------------------
#                     Timing Point                      Flags    Arc    Edge           Cell             Fanout Load Trans Delay Arrival Instance 
#                                                                                                              (fF)  (ps)  (ps)   (ps)  Location 
#------------------------------------------------------------------------------------------------------------------------------------------------
  aitb_PIPE_3_dot_col2_stage_reg_reg[0][0]/CLK          -       -       R     (arrival)                   1147    -     0     0       0    (-,-) 
  aitb_PIPE_3_dot_col2_stage_reg_reg[0][0]/QN           -       CLK->QN R     ASYNC_DFFHx1_ASAP7_75t_SL      1  0.9    25    48      48    (-,-) 
  aitb_g23956/Y                                         -       A->Y    F     INVx1_ASAP7_75t_SL             3  2.1    22    14      62    (-,-) 
  aitb_u_fix2fp32_col2_ADD_TC_OP_g693/Y                 -       A->Y    R     NAND2xp5_ASAP7_75t_SL          2  1.7    34    21      83    (-,-) 
  aitb_u_fix2fp32_col2_ADD_TC_OP_g692/Y                 -       A->Y    F     INVx1_ASAP7_75t_SL             2  1.6    21    13      97    (-,-) 
  aitb_u_fix2fp32_col2_ADD_TC_OP_g690/Y                 -       B->Y    R     NAND2xp5_ASAP7_75t_SL          3  2.6    47    26     123    (-,-) 
  aitb_u_fix2fp32_col2_ADD_TC_OP_g688/Y                 -       B->Y    F     NOR2x1_ASAP7_75t_SL            3  2.1    29    20     142    (-,-) 
  aitb_u_fix2fp32_col2_ADD_TC_OP_g686/Y                 -       B->Y    R     NAND2xp5_ASAP7_75t_SL          3  2.6    47    28     170    (-,-) 
  aitb_u_fix2fp32_col2_ADD_TC_OP_g684/Y                 -       B->Y    F     NOR2x1_ASAP7_75t_SL            3  2.1    29    20     190    (-,-) 
  aitb_u_fix2fp32_col2_ADD_TC_OP_g682/Y                 -       B->Y    R     NAND2xp5_ASAP7_75t_SL          4  2.5    46    27     217    (-,-) 
  aitb_u_fix2fp32_col2_ADD_TC_OP_g674/Y                 -       B->Y    F     NOR5xp2_ASAP7_75t_L            3  2.6    46    34     251    (-,-) 
  aitb_u_fix2fp32_col2_ADD_TC_OP_g672/Y                 -       B->Y    R     NAND2x1_ASAP7_75t_SL           3  3.1    44    30     281    (-,-) 
  aitb_u_fix2fp32_col2_ADD_TC_OP_g670/Y                 -       B->Y    F     NOR2x1p5_ASAP7_75t_SL          3  3.1    26    18     299    (-,-) 
  aitb_u_fix2fp32_col2_ADD_TC_OP_g668/Y                 -       B->Y    R     NAND2x1p5_ASAP7_75t_SL         3  2.6    29    17     316    (-,-) 
  aitb_u_fix2fp32_col2_ADD_TC_OP_g666/Y                 -       B->Y    F     NOR2x1_ASAP7_75t_SL            3  2.6    29    19     335    (-,-) 
  aitb_u_fix2fp32_col2_ADD_TC_OP_g664/Y                 -       B->Y    R     NAND2x1_ASAP7_75t_SL           3  2.6    38    23     358    (-,-) 
  aitb_u_fix2fp32_col2_ADD_TC_OP_g662/Y                 -       B->Y    F     NOR2x1_ASAP7_75t_SL            3  2.6    30    21     379    (-,-) 
  aitb_u_fix2fp32_col2_ADD_TC_OP_g660/Y                 -       B->Y    R     NAND2x1_ASAP7_75t_SL           3  2.6    38    23     402    (-,-) 
  aitb_u_fix2fp32_col2_ADD_TC_OP_g658/Y                 -       B->Y    F     NOR2x1_ASAP7_75t_SL            3  2.6    30    21     423    (-,-) 
  aitb_u_fix2fp32_col2_ADD_TC_OP_g656/Y                 -       B->Y    R     NAND2x1_ASAP7_75t_SL           3  2.6    38    23     446    (-,-) 
  aitb_u_fix2fp32_col2_ADD_TC_OP_g654/Y                 -       B->Y    F     NOR2x1_ASAP7_75t_SL            3  2.6    30    21     467    (-,-) 
  aitb_u_fix2fp32_col2_ADD_TC_OP_g652/Y                 -       B->Y    R     NAND2x1_ASAP7_75t_SL           3  2.6    38    23     490    (-,-) 
  aitb_u_fix2fp32_col2_ADD_TC_OP_g650/Y                 -       B->Y    F     NOR2x1_ASAP7_75t_SL            3  2.6    30    21     511    (-,-) 
  aitb_u_fix2fp32_col2_ADD_TC_OP_g648/Y                 -       B->Y    R     NAND2x1_ASAP7_75t_SL           3  2.6    38    23     535    (-,-) 
  aitb_u_fix2fp32_col2_ADD_TC_OP_g646/Y                 -       B->Y    F     NOR2x1_ASAP7_75t_SL            3  2.1    26    19     553    (-,-) 
  aitb_u_fix2fp32_col2_ADD_TC_OP_g644/Y                 -       B->Y    R     NAND2xp5_ASAP7_75t_SL          3  2.6    47    27     580    (-,-) 
  aitb_u_fix2fp32_col2_ADD_TC_OP_g642/Y                 -       B->Y    F     NOR2x1_ASAP7_75t_SL            4  3.3    37    25     606    (-,-) 
  aitb_u_fix2fp32_col2_ADD_TC_OP_g640/Y                 -       B->Y    R     NAND2xp5_ASAP7_75t_SL          3  2.6    49    30     636    (-,-) 
  aitb_u_fix2fp32_col2_ADD_TC_OP_g638/Y                 -       B->Y    F     NOR2x1_ASAP7_75t_SL            3  2.1    29    20     655    (-,-) 
  aitb_u_fix2fp32_col2_ADD_TC_OP_g636/Y                 -       B->Y    R     NAND2xp5_ASAP7_75t_SL          2  1.5    34    21     676    (-,-) 
  aitb_u_fix2fp32_col2_ADD_TC_OP_g632/Y                 -       A2->Y   F     AOI21xp33_ASAP7_75t_SL         1  0.9    30    16     692    (-,-) 
  aitb_g27613__6417/Y                                   -       B2->Y   R     AOI22xp5_ASAP7_75t_SL          2  1.6    52    26     717    (-,-) 
  aitb_g27078__7410/Y                                   -       A->Y    R     AND5x1_ASAP7_75t_SL            1  0.8    20    39     756    (-,-) 
  aitb_g27573__6161/Y                                   -       A->Y    F     NAND5xp2_ASAP7_75t_SL          2  1.4    69    29     786    (-,-) 
  aitb_g27566__7098/Y                                   -       A->Y    F     OR5x1_ASAP7_75t_SL             1  0.8    23    47     833    (-,-) 
  aitb_g27565__8246/Y                                   -       A->Y    R     NOR3xp33_ASAP7_75t_SL          9  6.6   195    88     921    (-,-) 
  aitb_g27554__6260/Y                                   -       A1->Y   F     AOI21xp5_ASAP7_75t_SL          2  1.6    79    31     952    (-,-) 
  aitb_g27548__9945/Y                                   -       D->Y    R     NAND4xp25_ASAP7_75t_SL         1  0.8    48    28     981    (-,-) 
  aitb_g27547__9315/Y                                   -       B->Y    R     OR2x2_ASAP7_75t_SL            26 18.1    95    61    1042    (-,-) 
  aitb_g27524__2883/Y                                   -       A2->Y   F     OAI21xp5_ASAP7_75t_SL          2  1.5    47    24    1066    (-,-) 
  aitb_g27514__7098/Y                                   -       B->Y    R     NOR4xp25_ASAP7_75t_SL          1  0.8    59    32    1097    (-,-) 
  aitb_g27511__5122/Y                                   -       B->Y    R     AND2x2_ASAP7_75t_SL            8  5.5    34    35    1132    (-,-) 
  aitb_g26982__7410/Y                                   -       A1->Y   F     AOI21xp5_ASAP7_75t_SL          2  1.6    36    20    1152    (-,-) 
  aitb_g26977__1666/Y                                   -       A->Y    R     NAND2xp5_ASAP7_75t_SL          1  0.9    28    19    1171    (-,-) 
  aitb_g26974__9945/Y                                   -       A->Y    R     OR3x2_ASAP7_75t_SL            26 18.7    97    56    1227    (-,-) 
  aitb_g26973__9315/Y                                   -       A2->Y   F     OAI21xp5_ASAP7_75t_SL          3  2.1    55    29    1256    (-,-) 
  aitb_g26960__5122/Y                                   -       A1->Y   R     OAI21xp5_ASAP7_75t_SL          3  3.2    75    39    1295    (-,-) 
  aitb_g23912/Y                                         -       A->Y    F     INVx1_ASAP7_75t_SL             2  1.9    34    18    1313    (-,-) 
  aitb_u_fix2fp32_col2_csa_tree_SUB_TC_OP_groupi_g578/Y -       A->Y    R     INVxp67_ASAP7_75t_SL           1  0.9    24    16    1329    (-,-) 
  aitb_u_fix2fp32_col2_csa_tree_SUB_TC_OP_groupi_g568/Y -       A->Y    F     MAJIxp5_ASAP7_75t_SL           2  2.0    46    22    1350    (-,-) 
  aitb_u_fix2fp32_col2_csa_tree_SUB_TC_OP_groupi_g542/Y -       A->Y    R     MAJIxp5_ASAP7_75t_SL           2  1.9    64    32    1383    (-,-) 
  aitb_u_fix2fp32_col2_csa_tree_SUB_TC_OP_groupi_g541/Y -       A->Y    F     INVxp67_ASAP7_75t_SL           1  1.4    33    19    1401    (-,-) 
  aitb_u_fix2fp32_col2_csa_tree_SUB_TC_OP_groupi_g531/Y -       B->Y    R     MAJIxp5_ASAP7_75t_SL           2  1.9    56    32    1433    (-,-) 
  aitb_u_fix2fp32_col2_csa_tree_SUB_TC_OP_groupi_g530/Y -       A->Y    F     INVxp67_ASAP7_75t_SL           1  1.3    30    17    1451    (-,-) 
  aitb_u_fix2fp32_col2_csa_tree_SUB_TC_OP_groupi_g526/Y -       C->Y    R     MAJIxp5_ASAP7_75t_SL           2  2.1    62    29    1480    (-,-) 
  aitb_u_fix2fp32_col2_csa_tree_SUB_TC_OP_groupi_g523/Y -       A->Y    F     MAJIxp5_ASAP7_75t_SL           2  2.0    55    27    1507    (-,-) 
  aitb_u_fix2fp32_col2_csa_tree_SUB_TC_OP_groupi_g521/Y -       A->Y    F     MAJx2_ASAP7_75t_SL             2  2.0    19    35    1542    (-,-) 
  aitb_u_fix2fp32_col2_csa_tree_SUB_TC_OP_groupi_g519/Y -       A->Y    F     MAJx2_ASAP7_75t_SL             2  2.4    20    29    1572    (-,-) 
  aitb_u_fix2fp32_col2_csa_tree_SUB_TC_OP_groupi_g517/Y -       C->Y    R     MAJIxp5_ASAP7_75t_SL           2  1.8    57    26    1597    (-,-) 
  aitb_u_fix2fp32_col2_csa_tree_SUB_TC_OP_groupi_g515/Y -       B->Y    F     NOR2xp33_ASAP7_75t_SL          1  1.3    44    29    1626    (-,-) 
  aitb_g46513/Y                                         -       B->Y    R     NOR2x1_ASAP7_75t_SL           10  6.8    75    41    1667    (-,-) 
  aitb_g46512/Y                                         -       A->Y    F     INVx1_ASAP7_75t_L              1  0.8    24    16    1683    (-,-) 
  aitb_g46511/Y                                         -       A->Y    R     NOR3xp33_ASAP7_75t_SL          2  1.9    70    34    1717    (-,-) 
  aitb_g46509/Y                                         -       A->Y    F     INVxp67_ASAP7_75t_SL           1  1.3    33    18    1735    (-,-) 
  aitb_g46501/Y                                         -       A->Y    R     NOR2x1_ASAP7_75t_SL            9  6.7    79    37    1772    (-,-) 
  aitb_g46496/Y                                         -       A->Y    F     INVx2_ASAP7_75t_SL            15  9.9    55    34    1806    (-,-) 
  aitb_g46438/Y                                         -       A1->Y   F     OA22x2_ASAP7_75t_SL            1  0.9    17    28    1834    (-,-) 
  aitb_PIPE_3_fix2float_col2_stage_reg_reg[0][2]/D      -       -       F     ASYNC_DFFHx1_ASAP7_75t_SL      1    -     -     0    1834    (-,-) 
#------------------------------------------------------------------------------------------------------------------------------------------------



Path 33: MET (50 ps) Setup Check with Pin aitb_PIPE_3_fix2float_col2_stage_reg_reg[0][16]/CLK->D
           View: PVT_0P63V_100C.setup_view
          Group: clk
     Startpoint: (R) aitb_PIPE_3_dot_col2_stage_reg_reg[0][0]/CLK
          Clock: (R) clk
       Endpoint: (F) aitb_PIPE_3_fix2float_col2_stage_reg_reg[0][16]/D
          Clock: (R) clk

                     Capture       Launch     
        Clock Edge:+    2000            0     
       Src Latency:+       0            0     
       Net Latency:+       0 (I)        0 (I) 
           Arrival:=    2000            0     
                                              
             Setup:-      16                  
       Uncertainty:-     100                  
     Required Time:=    1884                  
      Launch Clock:-       0                  
         Data Path:-    1834                  
             Slack:=      50                  

#------------------------------------------------------------------------------------------------------------------------------------------------
#                     Timing Point                      Flags    Arc    Edge           Cell             Fanout Load Trans Delay Arrival Instance 
#                                                                                                              (fF)  (ps)  (ps)   (ps)  Location 
#------------------------------------------------------------------------------------------------------------------------------------------------
  aitb_PIPE_3_dot_col2_stage_reg_reg[0][0]/CLK          -       -       R     (arrival)                   1147    -     0     0       0    (-,-) 
  aitb_PIPE_3_dot_col2_stage_reg_reg[0][0]/QN           -       CLK->QN R     ASYNC_DFFHx1_ASAP7_75t_SL      1  0.9    25    48      48    (-,-) 
  aitb_g23956/Y                                         -       A->Y    F     INVx1_ASAP7_75t_SL             3  2.1    22    14      62    (-,-) 
  aitb_u_fix2fp32_col2_ADD_TC_OP_g693/Y                 -       A->Y    R     NAND2xp5_ASAP7_75t_SL          2  1.7    34    21      83    (-,-) 
  aitb_u_fix2fp32_col2_ADD_TC_OP_g692/Y                 -       A->Y    F     INVx1_ASAP7_75t_SL             2  1.6    21    13      97    (-,-) 
  aitb_u_fix2fp32_col2_ADD_TC_OP_g690/Y                 -       B->Y    R     NAND2xp5_ASAP7_75t_SL          3  2.6    47    26     123    (-,-) 
  aitb_u_fix2fp32_col2_ADD_TC_OP_g688/Y                 -       B->Y    F     NOR2x1_ASAP7_75t_SL            3  2.1    29    20     142    (-,-) 
  aitb_u_fix2fp32_col2_ADD_TC_OP_g686/Y                 -       B->Y    R     NAND2xp5_ASAP7_75t_SL          3  2.6    47    28     170    (-,-) 
  aitb_u_fix2fp32_col2_ADD_TC_OP_g684/Y                 -       B->Y    F     NOR2x1_ASAP7_75t_SL            3  2.1    29    20     190    (-,-) 
  aitb_u_fix2fp32_col2_ADD_TC_OP_g682/Y                 -       B->Y    R     NAND2xp5_ASAP7_75t_SL          4  2.5    46    27     217    (-,-) 
  aitb_u_fix2fp32_col2_ADD_TC_OP_g674/Y                 -       B->Y    F     NOR5xp2_ASAP7_75t_L            3  2.6    46    34     251    (-,-) 
  aitb_u_fix2fp32_col2_ADD_TC_OP_g672/Y                 -       B->Y    R     NAND2x1_ASAP7_75t_SL           3  3.1    44    30     281    (-,-) 
  aitb_u_fix2fp32_col2_ADD_TC_OP_g670/Y                 -       B->Y    F     NOR2x1p5_ASAP7_75t_SL          3  3.1    26    18     299    (-,-) 
  aitb_u_fix2fp32_col2_ADD_TC_OP_g668/Y                 -       B->Y    R     NAND2x1p5_ASAP7_75t_SL         3  2.6    29    17     316    (-,-) 
  aitb_u_fix2fp32_col2_ADD_TC_OP_g666/Y                 -       B->Y    F     NOR2x1_ASAP7_75t_SL            3  2.6    29    19     335    (-,-) 
  aitb_u_fix2fp32_col2_ADD_TC_OP_g664/Y                 -       B->Y    R     NAND2x1_ASAP7_75t_SL           3  2.6    38    23     358    (-,-) 
  aitb_u_fix2fp32_col2_ADD_TC_OP_g662/Y                 -       B->Y    F     NOR2x1_ASAP7_75t_SL            3  2.6    30    21     379    (-,-) 
  aitb_u_fix2fp32_col2_ADD_TC_OP_g660/Y                 -       B->Y    R     NAND2x1_ASAP7_75t_SL           3  2.6    38    23     402    (-,-) 
  aitb_u_fix2fp32_col2_ADD_TC_OP_g658/Y                 -       B->Y    F     NOR2x1_ASAP7_75t_SL            3  2.6    30    21     423    (-,-) 
  aitb_u_fix2fp32_col2_ADD_TC_OP_g656/Y                 -       B->Y    R     NAND2x1_ASAP7_75t_SL           3  2.6    38    23     446    (-,-) 
  aitb_u_fix2fp32_col2_ADD_TC_OP_g654/Y                 -       B->Y    F     NOR2x1_ASAP7_75t_SL            3  2.6    30    21     467    (-,-) 
  aitb_u_fix2fp32_col2_ADD_TC_OP_g652/Y                 -       B->Y    R     NAND2x1_ASAP7_75t_SL           3  2.6    38    23     490    (-,-) 
  aitb_u_fix2fp32_col2_ADD_TC_OP_g650/Y                 -       B->Y    F     NOR2x1_ASAP7_75t_SL            3  2.6    30    21     511    (-,-) 
  aitb_u_fix2fp32_col2_ADD_TC_OP_g648/Y                 -       B->Y    R     NAND2x1_ASAP7_75t_SL           3  2.6    38    23     535    (-,-) 
  aitb_u_fix2fp32_col2_ADD_TC_OP_g646/Y                 -       B->Y    F     NOR2x1_ASAP7_75t_SL            3  2.1    26    19     553    (-,-) 
  aitb_u_fix2fp32_col2_ADD_TC_OP_g644/Y                 -       B->Y    R     NAND2xp5_ASAP7_75t_SL          3  2.6    47    27     580    (-,-) 
  aitb_u_fix2fp32_col2_ADD_TC_OP_g642/Y                 -       B->Y    F     NOR2x1_ASAP7_75t_SL            4  3.3    37    25     606    (-,-) 
  aitb_u_fix2fp32_col2_ADD_TC_OP_g640/Y                 -       B->Y    R     NAND2xp5_ASAP7_75t_SL          3  2.6    49    30     636    (-,-) 
  aitb_u_fix2fp32_col2_ADD_TC_OP_g638/Y                 -       B->Y    F     NOR2x1_ASAP7_75t_SL            3  2.1    29    20     655    (-,-) 
  aitb_u_fix2fp32_col2_ADD_TC_OP_g636/Y                 -       B->Y    R     NAND2xp5_ASAP7_75t_SL          2  1.5    34    21     676    (-,-) 
  aitb_u_fix2fp32_col2_ADD_TC_OP_g632/Y                 -       A2->Y   F     AOI21xp33_ASAP7_75t_SL         1  0.9    30    16     692    (-,-) 
  aitb_g27613__6417/Y                                   -       B2->Y   R     AOI22xp5_ASAP7_75t_SL          2  1.6    52    26     717    (-,-) 
  aitb_g27078__7410/Y                                   -       A->Y    R     AND5x1_ASAP7_75t_SL            1  0.8    20    39     756    (-,-) 
  aitb_g27573__6161/Y                                   -       A->Y    F     NAND5xp2_ASAP7_75t_SL          2  1.4    69    29     786    (-,-) 
  aitb_g27566__7098/Y                                   -       A->Y    F     OR5x1_ASAP7_75t_SL             1  0.8    23    47     833    (-,-) 
  aitb_g27565__8246/Y                                   -       A->Y    R     NOR3xp33_ASAP7_75t_SL          9  6.6   195    88     921    (-,-) 
  aitb_g27554__6260/Y                                   -       A1->Y   F     AOI21xp5_ASAP7_75t_SL          2  1.6    79    31     952    (-,-) 
  aitb_g27548__9945/Y                                   -       D->Y    R     NAND4xp25_ASAP7_75t_SL         1  0.8    48    28     981    (-,-) 
  aitb_g27547__9315/Y                                   -       B->Y    R     OR2x2_ASAP7_75t_SL            26 18.1    95    61    1042    (-,-) 
  aitb_g27524__2883/Y                                   -       A2->Y   F     OAI21xp5_ASAP7_75t_SL          2  1.5    47    24    1066    (-,-) 
  aitb_g27514__7098/Y                                   -       B->Y    R     NOR4xp25_ASAP7_75t_SL          1  0.8    59    32    1097    (-,-) 
  aitb_g27511__5122/Y                                   -       B->Y    R     AND2x2_ASAP7_75t_SL            8  5.5    34    35    1132    (-,-) 
  aitb_g26982__7410/Y                                   -       A1->Y   F     AOI21xp5_ASAP7_75t_SL          2  1.6    36    20    1152    (-,-) 
  aitb_g26977__1666/Y                                   -       A->Y    R     NAND2xp5_ASAP7_75t_SL          1  0.9    28    19    1171    (-,-) 
  aitb_g26974__9945/Y                                   -       A->Y    R     OR3x2_ASAP7_75t_SL            26 18.7    97    56    1227    (-,-) 
  aitb_g26973__9315/Y                                   -       A2->Y   F     OAI21xp5_ASAP7_75t_SL          3  2.1    55    29    1256    (-,-) 
  aitb_g26960__5122/Y                                   -       A1->Y   R     OAI21xp5_ASAP7_75t_SL          3  3.2    75    39    1295    (-,-) 
  aitb_g23912/Y                                         -       A->Y    F     INVx1_ASAP7_75t_SL             2  1.9    34    18    1313    (-,-) 
  aitb_u_fix2fp32_col2_csa_tree_SUB_TC_OP_groupi_g578/Y -       A->Y    R     INVxp67_ASAP7_75t_SL           1  0.9    24    16    1329    (-,-) 
  aitb_u_fix2fp32_col2_csa_tree_SUB_TC_OP_groupi_g568/Y -       A->Y    F     MAJIxp5_ASAP7_75t_SL           2  2.0    46    22    1350    (-,-) 
  aitb_u_fix2fp32_col2_csa_tree_SUB_TC_OP_groupi_g542/Y -       A->Y    R     MAJIxp5_ASAP7_75t_SL           2  1.9    64    32    1383    (-,-) 
  aitb_u_fix2fp32_col2_csa_tree_SUB_TC_OP_groupi_g541/Y -       A->Y    F     INVxp67_ASAP7_75t_SL           1  1.4    33    19    1401    (-,-) 
  aitb_u_fix2fp32_col2_csa_tree_SUB_TC_OP_groupi_g531/Y -       B->Y    R     MAJIxp5_ASAP7_75t_SL           2  1.9    56    32    1433    (-,-) 
  aitb_u_fix2fp32_col2_csa_tree_SUB_TC_OP_groupi_g530/Y -       A->Y    F     INVxp67_ASAP7_75t_SL           1  1.3    30    17    1451    (-,-) 
  aitb_u_fix2fp32_col2_csa_tree_SUB_TC_OP_groupi_g526/Y -       C->Y    R     MAJIxp5_ASAP7_75t_SL           2  2.1    62    29    1480    (-,-) 
  aitb_u_fix2fp32_col2_csa_tree_SUB_TC_OP_groupi_g523/Y -       A->Y    F     MAJIxp5_ASAP7_75t_SL           2  2.0    55    27    1507    (-,-) 
  aitb_u_fix2fp32_col2_csa_tree_SUB_TC_OP_groupi_g521/Y -       A->Y    F     MAJx2_ASAP7_75t_SL             2  2.0    19    35    1542    (-,-) 
  aitb_u_fix2fp32_col2_csa_tree_SUB_TC_OP_groupi_g519/Y -       A->Y    F     MAJx2_ASAP7_75t_SL             2  2.4    20    29    1572    (-,-) 
  aitb_u_fix2fp32_col2_csa_tree_SUB_TC_OP_groupi_g517/Y -       C->Y    R     MAJIxp5_ASAP7_75t_SL           2  1.8    57    26    1597    (-,-) 
  aitb_u_fix2fp32_col2_csa_tree_SUB_TC_OP_groupi_g515/Y -       B->Y    F     NOR2xp33_ASAP7_75t_SL          1  1.3    44    29    1626    (-,-) 
  aitb_g46513/Y                                         -       B->Y    R     NOR2x1_ASAP7_75t_SL           10  6.8    75    41    1667    (-,-) 
  aitb_g46512/Y                                         -       A->Y    F     INVx1_ASAP7_75t_L              1  0.8    24    16    1683    (-,-) 
  aitb_g46511/Y                                         -       A->Y    R     NOR3xp33_ASAP7_75t_SL          2  1.9    70    34    1717    (-,-) 
  aitb_g46509/Y                                         -       A->Y    F     INVxp67_ASAP7_75t_SL           1  1.3    33    18    1735    (-,-) 
  aitb_g46501/Y                                         -       A->Y    R     NOR2x1_ASAP7_75t_SL            9  6.7    79    37    1772    (-,-) 
  aitb_g46496/Y                                         -       A->Y    F     INVx2_ASAP7_75t_SL            15  9.9    55    34    1806    (-,-) 
  aitb_g46467/Y                                         -       A1->Y   F     OA22x2_ASAP7_75t_SL            1  0.9    17    28    1834    (-,-) 
  aitb_PIPE_3_fix2float_col2_stage_reg_reg[0][16]/D     -       -       F     ASYNC_DFFHx1_ASAP7_75t_SL      1    -     -     0    1834    (-,-) 
#------------------------------------------------------------------------------------------------------------------------------------------------



Path 34: MET (50 ps) Setup Check with Pin aitb_PIPE_3_fix2float_col2_stage_reg_reg[0][14]/CLK->D
           View: PVT_0P63V_100C.setup_view
          Group: clk
     Startpoint: (R) aitb_PIPE_3_dot_col2_stage_reg_reg[0][0]/CLK
          Clock: (R) clk
       Endpoint: (F) aitb_PIPE_3_fix2float_col2_stage_reg_reg[0][14]/D
          Clock: (R) clk

                     Capture       Launch     
        Clock Edge:+    2000            0     
       Src Latency:+       0            0     
       Net Latency:+       0 (I)        0 (I) 
           Arrival:=    2000            0     
                                              
             Setup:-      16                  
       Uncertainty:-     100                  
     Required Time:=    1884                  
      Launch Clock:-       0                  
         Data Path:-    1834                  
             Slack:=      50                  

#------------------------------------------------------------------------------------------------------------------------------------------------
#                     Timing Point                      Flags    Arc    Edge           Cell             Fanout Load Trans Delay Arrival Instance 
#                                                                                                              (fF)  (ps)  (ps)   (ps)  Location 
#------------------------------------------------------------------------------------------------------------------------------------------------
  aitb_PIPE_3_dot_col2_stage_reg_reg[0][0]/CLK          -       -       R     (arrival)                   1147    -     0     0       0    (-,-) 
  aitb_PIPE_3_dot_col2_stage_reg_reg[0][0]/QN           -       CLK->QN R     ASYNC_DFFHx1_ASAP7_75t_SL      1  0.9    25    48      48    (-,-) 
  aitb_g23956/Y                                         -       A->Y    F     INVx1_ASAP7_75t_SL             3  2.1    22    14      62    (-,-) 
  aitb_u_fix2fp32_col2_ADD_TC_OP_g693/Y                 -       A->Y    R     NAND2xp5_ASAP7_75t_SL          2  1.7    34    21      83    (-,-) 
  aitb_u_fix2fp32_col2_ADD_TC_OP_g692/Y                 -       A->Y    F     INVx1_ASAP7_75t_SL             2  1.6    21    13      97    (-,-) 
  aitb_u_fix2fp32_col2_ADD_TC_OP_g690/Y                 -       B->Y    R     NAND2xp5_ASAP7_75t_SL          3  2.6    47    26     123    (-,-) 
  aitb_u_fix2fp32_col2_ADD_TC_OP_g688/Y                 -       B->Y    F     NOR2x1_ASAP7_75t_SL            3  2.1    29    20     142    (-,-) 
  aitb_u_fix2fp32_col2_ADD_TC_OP_g686/Y                 -       B->Y    R     NAND2xp5_ASAP7_75t_SL          3  2.6    47    28     170    (-,-) 
  aitb_u_fix2fp32_col2_ADD_TC_OP_g684/Y                 -       B->Y    F     NOR2x1_ASAP7_75t_SL            3  2.1    29    20     190    (-,-) 
  aitb_u_fix2fp32_col2_ADD_TC_OP_g682/Y                 -       B->Y    R     NAND2xp5_ASAP7_75t_SL          4  2.5    46    27     217    (-,-) 
  aitb_u_fix2fp32_col2_ADD_TC_OP_g674/Y                 -       B->Y    F     NOR5xp2_ASAP7_75t_L            3  2.6    46    34     251    (-,-) 
  aitb_u_fix2fp32_col2_ADD_TC_OP_g672/Y                 -       B->Y    R     NAND2x1_ASAP7_75t_SL           3  3.1    44    30     281    (-,-) 
  aitb_u_fix2fp32_col2_ADD_TC_OP_g670/Y                 -       B->Y    F     NOR2x1p5_ASAP7_75t_SL          3  3.1    26    18     299    (-,-) 
  aitb_u_fix2fp32_col2_ADD_TC_OP_g668/Y                 -       B->Y    R     NAND2x1p5_ASAP7_75t_SL         3  2.6    29    17     316    (-,-) 
  aitb_u_fix2fp32_col2_ADD_TC_OP_g666/Y                 -       B->Y    F     NOR2x1_ASAP7_75t_SL            3  2.6    29    19     335    (-,-) 
  aitb_u_fix2fp32_col2_ADD_TC_OP_g664/Y                 -       B->Y    R     NAND2x1_ASAP7_75t_SL           3  2.6    38    23     358    (-,-) 
  aitb_u_fix2fp32_col2_ADD_TC_OP_g662/Y                 -       B->Y    F     NOR2x1_ASAP7_75t_SL            3  2.6    30    21     379    (-,-) 
  aitb_u_fix2fp32_col2_ADD_TC_OP_g660/Y                 -       B->Y    R     NAND2x1_ASAP7_75t_SL           3  2.6    38    23     402    (-,-) 
  aitb_u_fix2fp32_col2_ADD_TC_OP_g658/Y                 -       B->Y    F     NOR2x1_ASAP7_75t_SL            3  2.6    30    21     423    (-,-) 
  aitb_u_fix2fp32_col2_ADD_TC_OP_g656/Y                 -       B->Y    R     NAND2x1_ASAP7_75t_SL           3  2.6    38    23     446    (-,-) 
  aitb_u_fix2fp32_col2_ADD_TC_OP_g654/Y                 -       B->Y    F     NOR2x1_ASAP7_75t_SL            3  2.6    30    21     467    (-,-) 
  aitb_u_fix2fp32_col2_ADD_TC_OP_g652/Y                 -       B->Y    R     NAND2x1_ASAP7_75t_SL           3  2.6    38    23     490    (-,-) 
  aitb_u_fix2fp32_col2_ADD_TC_OP_g650/Y                 -       B->Y    F     NOR2x1_ASAP7_75t_SL            3  2.6    30    21     511    (-,-) 
  aitb_u_fix2fp32_col2_ADD_TC_OP_g648/Y                 -       B->Y    R     NAND2x1_ASAP7_75t_SL           3  2.6    38    23     535    (-,-) 
  aitb_u_fix2fp32_col2_ADD_TC_OP_g646/Y                 -       B->Y    F     NOR2x1_ASAP7_75t_SL            3  2.1    26    19     553    (-,-) 
  aitb_u_fix2fp32_col2_ADD_TC_OP_g644/Y                 -       B->Y    R     NAND2xp5_ASAP7_75t_SL          3  2.6    47    27     580    (-,-) 
  aitb_u_fix2fp32_col2_ADD_TC_OP_g642/Y                 -       B->Y    F     NOR2x1_ASAP7_75t_SL            4  3.3    37    25     606    (-,-) 
  aitb_u_fix2fp32_col2_ADD_TC_OP_g640/Y                 -       B->Y    R     NAND2xp5_ASAP7_75t_SL          3  2.6    49    30     636    (-,-) 
  aitb_u_fix2fp32_col2_ADD_TC_OP_g638/Y                 -       B->Y    F     NOR2x1_ASAP7_75t_SL            3  2.1    29    20     655    (-,-) 
  aitb_u_fix2fp32_col2_ADD_TC_OP_g636/Y                 -       B->Y    R     NAND2xp5_ASAP7_75t_SL          2  1.5    34    21     676    (-,-) 
  aitb_u_fix2fp32_col2_ADD_TC_OP_g632/Y                 -       A2->Y   F     AOI21xp33_ASAP7_75t_SL         1  0.9    30    16     692    (-,-) 
  aitb_g27613__6417/Y                                   -       B2->Y   R     AOI22xp5_ASAP7_75t_SL          2  1.6    52    26     717    (-,-) 
  aitb_g27078__7410/Y                                   -       A->Y    R     AND5x1_ASAP7_75t_SL            1  0.8    20    39     756    (-,-) 
  aitb_g27573__6161/Y                                   -       A->Y    F     NAND5xp2_ASAP7_75t_SL          2  1.4    69    29     786    (-,-) 
  aitb_g27566__7098/Y                                   -       A->Y    F     OR5x1_ASAP7_75t_SL             1  0.8    23    47     833    (-,-) 
  aitb_g27565__8246/Y                                   -       A->Y    R     NOR3xp33_ASAP7_75t_SL          9  6.6   195    88     921    (-,-) 
  aitb_g27554__6260/Y                                   -       A1->Y   F     AOI21xp5_ASAP7_75t_SL          2  1.6    79    31     952    (-,-) 
  aitb_g27548__9945/Y                                   -       D->Y    R     NAND4xp25_ASAP7_75t_SL         1  0.8    48    28     981    (-,-) 
  aitb_g27547__9315/Y                                   -       B->Y    R     OR2x2_ASAP7_75t_SL            26 18.1    95    61    1042    (-,-) 
  aitb_g27524__2883/Y                                   -       A2->Y   F     OAI21xp5_ASAP7_75t_SL          2  1.5    47    24    1066    (-,-) 
  aitb_g27514__7098/Y                                   -       B->Y    R     NOR4xp25_ASAP7_75t_SL          1  0.8    59    32    1097    (-,-) 
  aitb_g27511__5122/Y                                   -       B->Y    R     AND2x2_ASAP7_75t_SL            8  5.5    34    35    1132    (-,-) 
  aitb_g26982__7410/Y                                   -       A1->Y   F     AOI21xp5_ASAP7_75t_SL          2  1.6    36    20    1152    (-,-) 
  aitb_g26977__1666/Y                                   -       A->Y    R     NAND2xp5_ASAP7_75t_SL          1  0.9    28    19    1171    (-,-) 
  aitb_g26974__9945/Y                                   -       A->Y    R     OR3x2_ASAP7_75t_SL            26 18.7    97    56    1227    (-,-) 
  aitb_g26973__9315/Y                                   -       A2->Y   F     OAI21xp5_ASAP7_75t_SL          3  2.1    55    29    1256    (-,-) 
  aitb_g26960__5122/Y                                   -       A1->Y   R     OAI21xp5_ASAP7_75t_SL          3  3.2    75    39    1295    (-,-) 
  aitb_g23912/Y                                         -       A->Y    F     INVx1_ASAP7_75t_SL             2  1.9    34    18    1313    (-,-) 
  aitb_u_fix2fp32_col2_csa_tree_SUB_TC_OP_groupi_g578/Y -       A->Y    R     INVxp67_ASAP7_75t_SL           1  0.9    24    16    1329    (-,-) 
  aitb_u_fix2fp32_col2_csa_tree_SUB_TC_OP_groupi_g568/Y -       A->Y    F     MAJIxp5_ASAP7_75t_SL           2  2.0    46    22    1350    (-,-) 
  aitb_u_fix2fp32_col2_csa_tree_SUB_TC_OP_groupi_g542/Y -       A->Y    R     MAJIxp5_ASAP7_75t_SL           2  1.9    64    32    1383    (-,-) 
  aitb_u_fix2fp32_col2_csa_tree_SUB_TC_OP_groupi_g541/Y -       A->Y    F     INVxp67_ASAP7_75t_SL           1  1.4    33    19    1401    (-,-) 
  aitb_u_fix2fp32_col2_csa_tree_SUB_TC_OP_groupi_g531/Y -       B->Y    R     MAJIxp5_ASAP7_75t_SL           2  1.9    56    32    1433    (-,-) 
  aitb_u_fix2fp32_col2_csa_tree_SUB_TC_OP_groupi_g530/Y -       A->Y    F     INVxp67_ASAP7_75t_SL           1  1.3    30    17    1451    (-,-) 
  aitb_u_fix2fp32_col2_csa_tree_SUB_TC_OP_groupi_g526/Y -       C->Y    R     MAJIxp5_ASAP7_75t_SL           2  2.1    62    29    1480    (-,-) 
  aitb_u_fix2fp32_col2_csa_tree_SUB_TC_OP_groupi_g523/Y -       A->Y    F     MAJIxp5_ASAP7_75t_SL           2  2.0    55    27    1507    (-,-) 
  aitb_u_fix2fp32_col2_csa_tree_SUB_TC_OP_groupi_g521/Y -       A->Y    F     MAJx2_ASAP7_75t_SL             2  2.0    19    35    1542    (-,-) 
  aitb_u_fix2fp32_col2_csa_tree_SUB_TC_OP_groupi_g519/Y -       A->Y    F     MAJx2_ASAP7_75t_SL             2  2.4    20    29    1572    (-,-) 
  aitb_u_fix2fp32_col2_csa_tree_SUB_TC_OP_groupi_g517/Y -       C->Y    R     MAJIxp5_ASAP7_75t_SL           2  1.8    57    26    1597    (-,-) 
  aitb_u_fix2fp32_col2_csa_tree_SUB_TC_OP_groupi_g515/Y -       B->Y    F     NOR2xp33_ASAP7_75t_SL          1  1.3    44    29    1626    (-,-) 
  aitb_g46513/Y                                         -       B->Y    R     NOR2x1_ASAP7_75t_SL           10  6.8    75    41    1667    (-,-) 
  aitb_g46512/Y                                         -       A->Y    F     INVx1_ASAP7_75t_L              1  0.8    24    16    1683    (-,-) 
  aitb_g46511/Y                                         -       A->Y    R     NOR3xp33_ASAP7_75t_SL          2  1.9    70    34    1717    (-,-) 
  aitb_g46509/Y                                         -       A->Y    F     INVxp67_ASAP7_75t_SL           1  1.3    33    18    1735    (-,-) 
  aitb_g46501/Y                                         -       A->Y    R     NOR2x1_ASAP7_75t_SL            9  6.7    79    37    1772    (-,-) 
  aitb_g46496/Y                                         -       A->Y    F     INVx2_ASAP7_75t_SL            15  9.9    55    34    1806    (-,-) 
  aitb_g46464/Y                                         -       A1->Y   F     OA22x2_ASAP7_75t_SL            1  0.9    17    28    1834    (-,-) 
  aitb_PIPE_3_fix2float_col2_stage_reg_reg[0][14]/D     -       -       F     ASYNC_DFFHx1_ASAP7_75t_SL      1    -     -     0    1834    (-,-) 
#------------------------------------------------------------------------------------------------------------------------------------------------



Path 35: MET (50 ps) Setup Check with Pin aitb_PIPE_3_fix2float_col2_stage_reg_reg[0][13]/CLK->D
           View: PVT_0P63V_100C.setup_view
          Group: clk
     Startpoint: (R) aitb_PIPE_3_dot_col2_stage_reg_reg[0][0]/CLK
          Clock: (R) clk
       Endpoint: (F) aitb_PIPE_3_fix2float_col2_stage_reg_reg[0][13]/D
          Clock: (R) clk

                     Capture       Launch     
        Clock Edge:+    2000            0     
       Src Latency:+       0            0     
       Net Latency:+       0 (I)        0 (I) 
           Arrival:=    2000            0     
                                              
             Setup:-      16                  
       Uncertainty:-     100                  
     Required Time:=    1884                  
      Launch Clock:-       0                  
         Data Path:-    1834                  
             Slack:=      50                  

#------------------------------------------------------------------------------------------------------------------------------------------------
#                     Timing Point                      Flags    Arc    Edge           Cell             Fanout Load Trans Delay Arrival Instance 
#                                                                                                              (fF)  (ps)  (ps)   (ps)  Location 
#------------------------------------------------------------------------------------------------------------------------------------------------
  aitb_PIPE_3_dot_col2_stage_reg_reg[0][0]/CLK          -       -       R     (arrival)                   1147    -     0     0       0    (-,-) 
  aitb_PIPE_3_dot_col2_stage_reg_reg[0][0]/QN           -       CLK->QN R     ASYNC_DFFHx1_ASAP7_75t_SL      1  0.9    25    48      48    (-,-) 
  aitb_g23956/Y                                         -       A->Y    F     INVx1_ASAP7_75t_SL             3  2.1    22    14      62    (-,-) 
  aitb_u_fix2fp32_col2_ADD_TC_OP_g693/Y                 -       A->Y    R     NAND2xp5_ASAP7_75t_SL          2  1.7    34    21      83    (-,-) 
  aitb_u_fix2fp32_col2_ADD_TC_OP_g692/Y                 -       A->Y    F     INVx1_ASAP7_75t_SL             2  1.6    21    13      97    (-,-) 
  aitb_u_fix2fp32_col2_ADD_TC_OP_g690/Y                 -       B->Y    R     NAND2xp5_ASAP7_75t_SL          3  2.6    47    26     123    (-,-) 
  aitb_u_fix2fp32_col2_ADD_TC_OP_g688/Y                 -       B->Y    F     NOR2x1_ASAP7_75t_SL            3  2.1    29    20     142    (-,-) 
  aitb_u_fix2fp32_col2_ADD_TC_OP_g686/Y                 -       B->Y    R     NAND2xp5_ASAP7_75t_SL          3  2.6    47    28     170    (-,-) 
  aitb_u_fix2fp32_col2_ADD_TC_OP_g684/Y                 -       B->Y    F     NOR2x1_ASAP7_75t_SL            3  2.1    29    20     190    (-,-) 
  aitb_u_fix2fp32_col2_ADD_TC_OP_g682/Y                 -       B->Y    R     NAND2xp5_ASAP7_75t_SL          4  2.5    46    27     217    (-,-) 
  aitb_u_fix2fp32_col2_ADD_TC_OP_g674/Y                 -       B->Y    F     NOR5xp2_ASAP7_75t_L            3  2.6    46    34     251    (-,-) 
  aitb_u_fix2fp32_col2_ADD_TC_OP_g672/Y                 -       B->Y    R     NAND2x1_ASAP7_75t_SL           3  3.1    44    30     281    (-,-) 
  aitb_u_fix2fp32_col2_ADD_TC_OP_g670/Y                 -       B->Y    F     NOR2x1p5_ASAP7_75t_SL          3  3.1    26    18     299    (-,-) 
  aitb_u_fix2fp32_col2_ADD_TC_OP_g668/Y                 -       B->Y    R     NAND2x1p5_ASAP7_75t_SL         3  2.6    29    17     316    (-,-) 
  aitb_u_fix2fp32_col2_ADD_TC_OP_g666/Y                 -       B->Y    F     NOR2x1_ASAP7_75t_SL            3  2.6    29    19     335    (-,-) 
  aitb_u_fix2fp32_col2_ADD_TC_OP_g664/Y                 -       B->Y    R     NAND2x1_ASAP7_75t_SL           3  2.6    38    23     358    (-,-) 
  aitb_u_fix2fp32_col2_ADD_TC_OP_g662/Y                 -       B->Y    F     NOR2x1_ASAP7_75t_SL            3  2.6    30    21     379    (-,-) 
  aitb_u_fix2fp32_col2_ADD_TC_OP_g660/Y                 -       B->Y    R     NAND2x1_ASAP7_75t_SL           3  2.6    38    23     402    (-,-) 
  aitb_u_fix2fp32_col2_ADD_TC_OP_g658/Y                 -       B->Y    F     NOR2x1_ASAP7_75t_SL            3  2.6    30    21     423    (-,-) 
  aitb_u_fix2fp32_col2_ADD_TC_OP_g656/Y                 -       B->Y    R     NAND2x1_ASAP7_75t_SL           3  2.6    38    23     446    (-,-) 
  aitb_u_fix2fp32_col2_ADD_TC_OP_g654/Y                 -       B->Y    F     NOR2x1_ASAP7_75t_SL            3  2.6    30    21     467    (-,-) 
  aitb_u_fix2fp32_col2_ADD_TC_OP_g652/Y                 -       B->Y    R     NAND2x1_ASAP7_75t_SL           3  2.6    38    23     490    (-,-) 
  aitb_u_fix2fp32_col2_ADD_TC_OP_g650/Y                 -       B->Y    F     NOR2x1_ASAP7_75t_SL            3  2.6    30    21     511    (-,-) 
  aitb_u_fix2fp32_col2_ADD_TC_OP_g648/Y                 -       B->Y    R     NAND2x1_ASAP7_75t_SL           3  2.6    38    23     535    (-,-) 
  aitb_u_fix2fp32_col2_ADD_TC_OP_g646/Y                 -       B->Y    F     NOR2x1_ASAP7_75t_SL            3  2.1    26    19     553    (-,-) 
  aitb_u_fix2fp32_col2_ADD_TC_OP_g644/Y                 -       B->Y    R     NAND2xp5_ASAP7_75t_SL          3  2.6    47    27     580    (-,-) 
  aitb_u_fix2fp32_col2_ADD_TC_OP_g642/Y                 -       B->Y    F     NOR2x1_ASAP7_75t_SL            4  3.3    37    25     606    (-,-) 
  aitb_u_fix2fp32_col2_ADD_TC_OP_g640/Y                 -       B->Y    R     NAND2xp5_ASAP7_75t_SL          3  2.6    49    30     636    (-,-) 
  aitb_u_fix2fp32_col2_ADD_TC_OP_g638/Y                 -       B->Y    F     NOR2x1_ASAP7_75t_SL            3  2.1    29    20     655    (-,-) 
  aitb_u_fix2fp32_col2_ADD_TC_OP_g636/Y                 -       B->Y    R     NAND2xp5_ASAP7_75t_SL          2  1.5    34    21     676    (-,-) 
  aitb_u_fix2fp32_col2_ADD_TC_OP_g632/Y                 -       A2->Y   F     AOI21xp33_ASAP7_75t_SL         1  0.9    30    16     692    (-,-) 
  aitb_g27613__6417/Y                                   -       B2->Y   R     AOI22xp5_ASAP7_75t_SL          2  1.6    52    26     717    (-,-) 
  aitb_g27078__7410/Y                                   -       A->Y    R     AND5x1_ASAP7_75t_SL            1  0.8    20    39     756    (-,-) 
  aitb_g27573__6161/Y                                   -       A->Y    F     NAND5xp2_ASAP7_75t_SL          2  1.4    69    29     786    (-,-) 
  aitb_g27566__7098/Y                                   -       A->Y    F     OR5x1_ASAP7_75t_SL             1  0.8    23    47     833    (-,-) 
  aitb_g27565__8246/Y                                   -       A->Y    R     NOR3xp33_ASAP7_75t_SL          9  6.6   195    88     921    (-,-) 
  aitb_g27554__6260/Y                                   -       A1->Y   F     AOI21xp5_ASAP7_75t_SL          2  1.6    79    31     952    (-,-) 
  aitb_g27548__9945/Y                                   -       D->Y    R     NAND4xp25_ASAP7_75t_SL         1  0.8    48    28     981    (-,-) 
  aitb_g27547__9315/Y                                   -       B->Y    R     OR2x2_ASAP7_75t_SL            26 18.1    95    61    1042    (-,-) 
  aitb_g27524__2883/Y                                   -       A2->Y   F     OAI21xp5_ASAP7_75t_SL          2  1.5    47    24    1066    (-,-) 
  aitb_g27514__7098/Y                                   -       B->Y    R     NOR4xp25_ASAP7_75t_SL          1  0.8    59    32    1097    (-,-) 
  aitb_g27511__5122/Y                                   -       B->Y    R     AND2x2_ASAP7_75t_SL            8  5.5    34    35    1132    (-,-) 
  aitb_g26982__7410/Y                                   -       A1->Y   F     AOI21xp5_ASAP7_75t_SL          2  1.6    36    20    1152    (-,-) 
  aitb_g26977__1666/Y                                   -       A->Y    R     NAND2xp5_ASAP7_75t_SL          1  0.9    28    19    1171    (-,-) 
  aitb_g26974__9945/Y                                   -       A->Y    R     OR3x2_ASAP7_75t_SL            26 18.7    97    56    1227    (-,-) 
  aitb_g26973__9315/Y                                   -       A2->Y   F     OAI21xp5_ASAP7_75t_SL          3  2.1    55    29    1256    (-,-) 
  aitb_g26960__5122/Y                                   -       A1->Y   R     OAI21xp5_ASAP7_75t_SL          3  3.2    75    39    1295    (-,-) 
  aitb_g23912/Y                                         -       A->Y    F     INVx1_ASAP7_75t_SL             2  1.9    34    18    1313    (-,-) 
  aitb_u_fix2fp32_col2_csa_tree_SUB_TC_OP_groupi_g578/Y -       A->Y    R     INVxp67_ASAP7_75t_SL           1  0.9    24    16    1329    (-,-) 
  aitb_u_fix2fp32_col2_csa_tree_SUB_TC_OP_groupi_g568/Y -       A->Y    F     MAJIxp5_ASAP7_75t_SL           2  2.0    46    22    1350    (-,-) 
  aitb_u_fix2fp32_col2_csa_tree_SUB_TC_OP_groupi_g542/Y -       A->Y    R     MAJIxp5_ASAP7_75t_SL           2  1.9    64    32    1383    (-,-) 
  aitb_u_fix2fp32_col2_csa_tree_SUB_TC_OP_groupi_g541/Y -       A->Y    F     INVxp67_ASAP7_75t_SL           1  1.4    33    19    1401    (-,-) 
  aitb_u_fix2fp32_col2_csa_tree_SUB_TC_OP_groupi_g531/Y -       B->Y    R     MAJIxp5_ASAP7_75t_SL           2  1.9    56    32    1433    (-,-) 
  aitb_u_fix2fp32_col2_csa_tree_SUB_TC_OP_groupi_g530/Y -       A->Y    F     INVxp67_ASAP7_75t_SL           1  1.3    30    17    1451    (-,-) 
  aitb_u_fix2fp32_col2_csa_tree_SUB_TC_OP_groupi_g526/Y -       C->Y    R     MAJIxp5_ASAP7_75t_SL           2  2.1    62    29    1480    (-,-) 
  aitb_u_fix2fp32_col2_csa_tree_SUB_TC_OP_groupi_g523/Y -       A->Y    F     MAJIxp5_ASAP7_75t_SL           2  2.0    55    27    1507    (-,-) 
  aitb_u_fix2fp32_col2_csa_tree_SUB_TC_OP_groupi_g521/Y -       A->Y    F     MAJx2_ASAP7_75t_SL             2  2.0    19    35    1542    (-,-) 
  aitb_u_fix2fp32_col2_csa_tree_SUB_TC_OP_groupi_g519/Y -       A->Y    F     MAJx2_ASAP7_75t_SL             2  2.4    20    29    1572    (-,-) 
  aitb_u_fix2fp32_col2_csa_tree_SUB_TC_OP_groupi_g517/Y -       C->Y    R     MAJIxp5_ASAP7_75t_SL           2  1.8    57    26    1597    (-,-) 
  aitb_u_fix2fp32_col2_csa_tree_SUB_TC_OP_groupi_g515/Y -       B->Y    F     NOR2xp33_ASAP7_75t_SL          1  1.3    44    29    1626    (-,-) 
  aitb_g46513/Y                                         -       B->Y    R     NOR2x1_ASAP7_75t_SL           10  6.8    75    41    1667    (-,-) 
  aitb_g46512/Y                                         -       A->Y    F     INVx1_ASAP7_75t_L              1  0.8    24    16    1683    (-,-) 
  aitb_g46511/Y                                         -       A->Y    R     NOR3xp33_ASAP7_75t_SL          2  1.9    70    34    1717    (-,-) 
  aitb_g46509/Y                                         -       A->Y    F     INVxp67_ASAP7_75t_SL           1  1.3    33    18    1735    (-,-) 
  aitb_g46501/Y                                         -       A->Y    R     NOR2x1_ASAP7_75t_SL            9  6.7    79    37    1772    (-,-) 
  aitb_g46496/Y                                         -       A->Y    F     INVx2_ASAP7_75t_SL            15  9.9    55    34    1806    (-,-) 
  aitb_g46466/Y                                         -       A1->Y   F     OA22x2_ASAP7_75t_SL            1  0.9    17    28    1834    (-,-) 
  aitb_PIPE_3_fix2float_col2_stage_reg_reg[0][13]/D     -       -       F     ASYNC_DFFHx1_ASAP7_75t_SL      1    -     -     0    1834    (-,-) 
#------------------------------------------------------------------------------------------------------------------------------------------------



Path 36: MET (50 ps) Setup Check with Pin aitb_PIPE_3_fix2float_col2_stage_reg_reg[0][12]/CLK->D
           View: PVT_0P63V_100C.setup_view
          Group: clk
     Startpoint: (R) aitb_PIPE_3_dot_col2_stage_reg_reg[0][0]/CLK
          Clock: (R) clk
       Endpoint: (F) aitb_PIPE_3_fix2float_col2_stage_reg_reg[0][12]/D
          Clock: (R) clk

                     Capture       Launch     
        Clock Edge:+    2000            0     
       Src Latency:+       0            0     
       Net Latency:+       0 (I)        0 (I) 
           Arrival:=    2000            0     
                                              
             Setup:-      16                  
       Uncertainty:-     100                  
     Required Time:=    1884                  
      Launch Clock:-       0                  
         Data Path:-    1834                  
             Slack:=      50                  

#------------------------------------------------------------------------------------------------------------------------------------------------
#                     Timing Point                      Flags    Arc    Edge           Cell             Fanout Load Trans Delay Arrival Instance 
#                                                                                                              (fF)  (ps)  (ps)   (ps)  Location 
#------------------------------------------------------------------------------------------------------------------------------------------------
  aitb_PIPE_3_dot_col2_stage_reg_reg[0][0]/CLK          -       -       R     (arrival)                   1147    -     0     0       0    (-,-) 
  aitb_PIPE_3_dot_col2_stage_reg_reg[0][0]/QN           -       CLK->QN R     ASYNC_DFFHx1_ASAP7_75t_SL      1  0.9    25    48      48    (-,-) 
  aitb_g23956/Y                                         -       A->Y    F     INVx1_ASAP7_75t_SL             3  2.1    22    14      62    (-,-) 
  aitb_u_fix2fp32_col2_ADD_TC_OP_g693/Y                 -       A->Y    R     NAND2xp5_ASAP7_75t_SL          2  1.7    34    21      83    (-,-) 
  aitb_u_fix2fp32_col2_ADD_TC_OP_g692/Y                 -       A->Y    F     INVx1_ASAP7_75t_SL             2  1.6    21    13      97    (-,-) 
  aitb_u_fix2fp32_col2_ADD_TC_OP_g690/Y                 -       B->Y    R     NAND2xp5_ASAP7_75t_SL          3  2.6    47    26     123    (-,-) 
  aitb_u_fix2fp32_col2_ADD_TC_OP_g688/Y                 -       B->Y    F     NOR2x1_ASAP7_75t_SL            3  2.1    29    20     142    (-,-) 
  aitb_u_fix2fp32_col2_ADD_TC_OP_g686/Y                 -       B->Y    R     NAND2xp5_ASAP7_75t_SL          3  2.6    47    28     170    (-,-) 
  aitb_u_fix2fp32_col2_ADD_TC_OP_g684/Y                 -       B->Y    F     NOR2x1_ASAP7_75t_SL            3  2.1    29    20     190    (-,-) 
  aitb_u_fix2fp32_col2_ADD_TC_OP_g682/Y                 -       B->Y    R     NAND2xp5_ASAP7_75t_SL          4  2.5    46    27     217    (-,-) 
  aitb_u_fix2fp32_col2_ADD_TC_OP_g674/Y                 -       B->Y    F     NOR5xp2_ASAP7_75t_L            3  2.6    46    34     251    (-,-) 
  aitb_u_fix2fp32_col2_ADD_TC_OP_g672/Y                 -       B->Y    R     NAND2x1_ASAP7_75t_SL           3  3.1    44    30     281    (-,-) 
  aitb_u_fix2fp32_col2_ADD_TC_OP_g670/Y                 -       B->Y    F     NOR2x1p5_ASAP7_75t_SL          3  3.1    26    18     299    (-,-) 
  aitb_u_fix2fp32_col2_ADD_TC_OP_g668/Y                 -       B->Y    R     NAND2x1p5_ASAP7_75t_SL         3  2.6    29    17     316    (-,-) 
  aitb_u_fix2fp32_col2_ADD_TC_OP_g666/Y                 -       B->Y    F     NOR2x1_ASAP7_75t_SL            3  2.6    29    19     335    (-,-) 
  aitb_u_fix2fp32_col2_ADD_TC_OP_g664/Y                 -       B->Y    R     NAND2x1_ASAP7_75t_SL           3  2.6    38    23     358    (-,-) 
  aitb_u_fix2fp32_col2_ADD_TC_OP_g662/Y                 -       B->Y    F     NOR2x1_ASAP7_75t_SL            3  2.6    30    21     379    (-,-) 
  aitb_u_fix2fp32_col2_ADD_TC_OP_g660/Y                 -       B->Y    R     NAND2x1_ASAP7_75t_SL           3  2.6    38    23     402    (-,-) 
  aitb_u_fix2fp32_col2_ADD_TC_OP_g658/Y                 -       B->Y    F     NOR2x1_ASAP7_75t_SL            3  2.6    30    21     423    (-,-) 
  aitb_u_fix2fp32_col2_ADD_TC_OP_g656/Y                 -       B->Y    R     NAND2x1_ASAP7_75t_SL           3  2.6    38    23     446    (-,-) 
  aitb_u_fix2fp32_col2_ADD_TC_OP_g654/Y                 -       B->Y    F     NOR2x1_ASAP7_75t_SL            3  2.6    30    21     467    (-,-) 
  aitb_u_fix2fp32_col2_ADD_TC_OP_g652/Y                 -       B->Y    R     NAND2x1_ASAP7_75t_SL           3  2.6    38    23     490    (-,-) 
  aitb_u_fix2fp32_col2_ADD_TC_OP_g650/Y                 -       B->Y    F     NOR2x1_ASAP7_75t_SL            3  2.6    30    21     511    (-,-) 
  aitb_u_fix2fp32_col2_ADD_TC_OP_g648/Y                 -       B->Y    R     NAND2x1_ASAP7_75t_SL           3  2.6    38    23     535    (-,-) 
  aitb_u_fix2fp32_col2_ADD_TC_OP_g646/Y                 -       B->Y    F     NOR2x1_ASAP7_75t_SL            3  2.1    26    19     553    (-,-) 
  aitb_u_fix2fp32_col2_ADD_TC_OP_g644/Y                 -       B->Y    R     NAND2xp5_ASAP7_75t_SL          3  2.6    47    27     580    (-,-) 
  aitb_u_fix2fp32_col2_ADD_TC_OP_g642/Y                 -       B->Y    F     NOR2x1_ASAP7_75t_SL            4  3.3    37    25     606    (-,-) 
  aitb_u_fix2fp32_col2_ADD_TC_OP_g640/Y                 -       B->Y    R     NAND2xp5_ASAP7_75t_SL          3  2.6    49    30     636    (-,-) 
  aitb_u_fix2fp32_col2_ADD_TC_OP_g638/Y                 -       B->Y    F     NOR2x1_ASAP7_75t_SL            3  2.1    29    20     655    (-,-) 
  aitb_u_fix2fp32_col2_ADD_TC_OP_g636/Y                 -       B->Y    R     NAND2xp5_ASAP7_75t_SL          2  1.5    34    21     676    (-,-) 
  aitb_u_fix2fp32_col2_ADD_TC_OP_g632/Y                 -       A2->Y   F     AOI21xp33_ASAP7_75t_SL         1  0.9    30    16     692    (-,-) 
  aitb_g27613__6417/Y                                   -       B2->Y   R     AOI22xp5_ASAP7_75t_SL          2  1.6    52    26     717    (-,-) 
  aitb_g27078__7410/Y                                   -       A->Y    R     AND5x1_ASAP7_75t_SL            1  0.8    20    39     756    (-,-) 
  aitb_g27573__6161/Y                                   -       A->Y    F     NAND5xp2_ASAP7_75t_SL          2  1.4    69    29     786    (-,-) 
  aitb_g27566__7098/Y                                   -       A->Y    F     OR5x1_ASAP7_75t_SL             1  0.8    23    47     833    (-,-) 
  aitb_g27565__8246/Y                                   -       A->Y    R     NOR3xp33_ASAP7_75t_SL          9  6.6   195    88     921    (-,-) 
  aitb_g27554__6260/Y                                   -       A1->Y   F     AOI21xp5_ASAP7_75t_SL          2  1.6    79    31     952    (-,-) 
  aitb_g27548__9945/Y                                   -       D->Y    R     NAND4xp25_ASAP7_75t_SL         1  0.8    48    28     981    (-,-) 
  aitb_g27547__9315/Y                                   -       B->Y    R     OR2x2_ASAP7_75t_SL            26 18.1    95    61    1042    (-,-) 
  aitb_g27524__2883/Y                                   -       A2->Y   F     OAI21xp5_ASAP7_75t_SL          2  1.5    47    24    1066    (-,-) 
  aitb_g27514__7098/Y                                   -       B->Y    R     NOR4xp25_ASAP7_75t_SL          1  0.8    59    32    1097    (-,-) 
  aitb_g27511__5122/Y                                   -       B->Y    R     AND2x2_ASAP7_75t_SL            8  5.5    34    35    1132    (-,-) 
  aitb_g26982__7410/Y                                   -       A1->Y   F     AOI21xp5_ASAP7_75t_SL          2  1.6    36    20    1152    (-,-) 
  aitb_g26977__1666/Y                                   -       A->Y    R     NAND2xp5_ASAP7_75t_SL          1  0.9    28    19    1171    (-,-) 
  aitb_g26974__9945/Y                                   -       A->Y    R     OR3x2_ASAP7_75t_SL            26 18.7    97    56    1227    (-,-) 
  aitb_g26973__9315/Y                                   -       A2->Y   F     OAI21xp5_ASAP7_75t_SL          3  2.1    55    29    1256    (-,-) 
  aitb_g26960__5122/Y                                   -       A1->Y   R     OAI21xp5_ASAP7_75t_SL          3  3.2    75    39    1295    (-,-) 
  aitb_g23912/Y                                         -       A->Y    F     INVx1_ASAP7_75t_SL             2  1.9    34    18    1313    (-,-) 
  aitb_u_fix2fp32_col2_csa_tree_SUB_TC_OP_groupi_g578/Y -       A->Y    R     INVxp67_ASAP7_75t_SL           1  0.9    24    16    1329    (-,-) 
  aitb_u_fix2fp32_col2_csa_tree_SUB_TC_OP_groupi_g568/Y -       A->Y    F     MAJIxp5_ASAP7_75t_SL           2  2.0    46    22    1350    (-,-) 
  aitb_u_fix2fp32_col2_csa_tree_SUB_TC_OP_groupi_g542/Y -       A->Y    R     MAJIxp5_ASAP7_75t_SL           2  1.9    64    32    1383    (-,-) 
  aitb_u_fix2fp32_col2_csa_tree_SUB_TC_OP_groupi_g541/Y -       A->Y    F     INVxp67_ASAP7_75t_SL           1  1.4    33    19    1401    (-,-) 
  aitb_u_fix2fp32_col2_csa_tree_SUB_TC_OP_groupi_g531/Y -       B->Y    R     MAJIxp5_ASAP7_75t_SL           2  1.9    56    32    1433    (-,-) 
  aitb_u_fix2fp32_col2_csa_tree_SUB_TC_OP_groupi_g530/Y -       A->Y    F     INVxp67_ASAP7_75t_SL           1  1.3    30    17    1451    (-,-) 
  aitb_u_fix2fp32_col2_csa_tree_SUB_TC_OP_groupi_g526/Y -       C->Y    R     MAJIxp5_ASAP7_75t_SL           2  2.1    62    29    1480    (-,-) 
  aitb_u_fix2fp32_col2_csa_tree_SUB_TC_OP_groupi_g523/Y -       A->Y    F     MAJIxp5_ASAP7_75t_SL           2  2.0    55    27    1507    (-,-) 
  aitb_u_fix2fp32_col2_csa_tree_SUB_TC_OP_groupi_g521/Y -       A->Y    F     MAJx2_ASAP7_75t_SL             2  2.0    19    35    1542    (-,-) 
  aitb_u_fix2fp32_col2_csa_tree_SUB_TC_OP_groupi_g519/Y -       A->Y    F     MAJx2_ASAP7_75t_SL             2  2.4    20    29    1572    (-,-) 
  aitb_u_fix2fp32_col2_csa_tree_SUB_TC_OP_groupi_g517/Y -       C->Y    R     MAJIxp5_ASAP7_75t_SL           2  1.8    57    26    1597    (-,-) 
  aitb_u_fix2fp32_col2_csa_tree_SUB_TC_OP_groupi_g515/Y -       B->Y    F     NOR2xp33_ASAP7_75t_SL          1  1.3    44    29    1626    (-,-) 
  aitb_g46513/Y                                         -       B->Y    R     NOR2x1_ASAP7_75t_SL           10  6.8    75    41    1667    (-,-) 
  aitb_g46512/Y                                         -       A->Y    F     INVx1_ASAP7_75t_L              1  0.8    24    16    1683    (-,-) 
  aitb_g46511/Y                                         -       A->Y    R     NOR3xp33_ASAP7_75t_SL          2  1.9    70    34    1717    (-,-) 
  aitb_g46509/Y                                         -       A->Y    F     INVxp67_ASAP7_75t_SL           1  1.3    33    18    1735    (-,-) 
  aitb_g46501/Y                                         -       A->Y    R     NOR2x1_ASAP7_75t_SL            9  6.7    79    37    1772    (-,-) 
  aitb_g46496/Y                                         -       A->Y    F     INVx2_ASAP7_75t_SL            15  9.9    55    34    1806    (-,-) 
  aitb_g46469/Y                                         -       A1->Y   F     OA22x2_ASAP7_75t_SL            1  0.9    17    28    1834    (-,-) 
  aitb_PIPE_3_fix2float_col2_stage_reg_reg[0][12]/D     -       -       F     ASYNC_DFFHx1_ASAP7_75t_SL      1    -     -     0    1834    (-,-) 
#------------------------------------------------------------------------------------------------------------------------------------------------



Path 37: MET (50 ps) Setup Check with Pin aitb_PIPE_3_fix2float_col2_stage_reg_reg[0][10]/CLK->D
           View: PVT_0P63V_100C.setup_view
          Group: clk
     Startpoint: (R) aitb_PIPE_3_dot_col2_stage_reg_reg[0][0]/CLK
          Clock: (R) clk
       Endpoint: (F) aitb_PIPE_3_fix2float_col2_stage_reg_reg[0][10]/D
          Clock: (R) clk

                     Capture       Launch     
        Clock Edge:+    2000            0     
       Src Latency:+       0            0     
       Net Latency:+       0 (I)        0 (I) 
           Arrival:=    2000            0     
                                              
             Setup:-      16                  
       Uncertainty:-     100                  
     Required Time:=    1884                  
      Launch Clock:-       0                  
         Data Path:-    1834                  
             Slack:=      50                  

#------------------------------------------------------------------------------------------------------------------------------------------------
#                     Timing Point                      Flags    Arc    Edge           Cell             Fanout Load Trans Delay Arrival Instance 
#                                                                                                              (fF)  (ps)  (ps)   (ps)  Location 
#------------------------------------------------------------------------------------------------------------------------------------------------
  aitb_PIPE_3_dot_col2_stage_reg_reg[0][0]/CLK          -       -       R     (arrival)                   1147    -     0     0       0    (-,-) 
  aitb_PIPE_3_dot_col2_stage_reg_reg[0][0]/QN           -       CLK->QN R     ASYNC_DFFHx1_ASAP7_75t_SL      1  0.9    25    48      48    (-,-) 
  aitb_g23956/Y                                         -       A->Y    F     INVx1_ASAP7_75t_SL             3  2.1    22    14      62    (-,-) 
  aitb_u_fix2fp32_col2_ADD_TC_OP_g693/Y                 -       A->Y    R     NAND2xp5_ASAP7_75t_SL          2  1.7    34    21      83    (-,-) 
  aitb_u_fix2fp32_col2_ADD_TC_OP_g692/Y                 -       A->Y    F     INVx1_ASAP7_75t_SL             2  1.6    21    13      97    (-,-) 
  aitb_u_fix2fp32_col2_ADD_TC_OP_g690/Y                 -       B->Y    R     NAND2xp5_ASAP7_75t_SL          3  2.6    47    26     123    (-,-) 
  aitb_u_fix2fp32_col2_ADD_TC_OP_g688/Y                 -       B->Y    F     NOR2x1_ASAP7_75t_SL            3  2.1    29    20     142    (-,-) 
  aitb_u_fix2fp32_col2_ADD_TC_OP_g686/Y                 -       B->Y    R     NAND2xp5_ASAP7_75t_SL          3  2.6    47    28     170    (-,-) 
  aitb_u_fix2fp32_col2_ADD_TC_OP_g684/Y                 -       B->Y    F     NOR2x1_ASAP7_75t_SL            3  2.1    29    20     190    (-,-) 
  aitb_u_fix2fp32_col2_ADD_TC_OP_g682/Y                 -       B->Y    R     NAND2xp5_ASAP7_75t_SL          4  2.5    46    27     217    (-,-) 
  aitb_u_fix2fp32_col2_ADD_TC_OP_g674/Y                 -       B->Y    F     NOR5xp2_ASAP7_75t_L            3  2.6    46    34     251    (-,-) 
  aitb_u_fix2fp32_col2_ADD_TC_OP_g672/Y                 -       B->Y    R     NAND2x1_ASAP7_75t_SL           3  3.1    44    30     281    (-,-) 
  aitb_u_fix2fp32_col2_ADD_TC_OP_g670/Y                 -       B->Y    F     NOR2x1p5_ASAP7_75t_SL          3  3.1    26    18     299    (-,-) 
  aitb_u_fix2fp32_col2_ADD_TC_OP_g668/Y                 -       B->Y    R     NAND2x1p5_ASAP7_75t_SL         3  2.6    29    17     316    (-,-) 
  aitb_u_fix2fp32_col2_ADD_TC_OP_g666/Y                 -       B->Y    F     NOR2x1_ASAP7_75t_SL            3  2.6    29    19     335    (-,-) 
  aitb_u_fix2fp32_col2_ADD_TC_OP_g664/Y                 -       B->Y    R     NAND2x1_ASAP7_75t_SL           3  2.6    38    23     358    (-,-) 
  aitb_u_fix2fp32_col2_ADD_TC_OP_g662/Y                 -       B->Y    F     NOR2x1_ASAP7_75t_SL            3  2.6    30    21     379    (-,-) 
  aitb_u_fix2fp32_col2_ADD_TC_OP_g660/Y                 -       B->Y    R     NAND2x1_ASAP7_75t_SL           3  2.6    38    23     402    (-,-) 
  aitb_u_fix2fp32_col2_ADD_TC_OP_g658/Y                 -       B->Y    F     NOR2x1_ASAP7_75t_SL            3  2.6    30    21     423    (-,-) 
  aitb_u_fix2fp32_col2_ADD_TC_OP_g656/Y                 -       B->Y    R     NAND2x1_ASAP7_75t_SL           3  2.6    38    23     446    (-,-) 
  aitb_u_fix2fp32_col2_ADD_TC_OP_g654/Y                 -       B->Y    F     NOR2x1_ASAP7_75t_SL            3  2.6    30    21     467    (-,-) 
  aitb_u_fix2fp32_col2_ADD_TC_OP_g652/Y                 -       B->Y    R     NAND2x1_ASAP7_75t_SL           3  2.6    38    23     490    (-,-) 
  aitb_u_fix2fp32_col2_ADD_TC_OP_g650/Y                 -       B->Y    F     NOR2x1_ASAP7_75t_SL            3  2.6    30    21     511    (-,-) 
  aitb_u_fix2fp32_col2_ADD_TC_OP_g648/Y                 -       B->Y    R     NAND2x1_ASAP7_75t_SL           3  2.6    38    23     535    (-,-) 
  aitb_u_fix2fp32_col2_ADD_TC_OP_g646/Y                 -       B->Y    F     NOR2x1_ASAP7_75t_SL            3  2.1    26    19     553    (-,-) 
  aitb_u_fix2fp32_col2_ADD_TC_OP_g644/Y                 -       B->Y    R     NAND2xp5_ASAP7_75t_SL          3  2.6    47    27     580    (-,-) 
  aitb_u_fix2fp32_col2_ADD_TC_OP_g642/Y                 -       B->Y    F     NOR2x1_ASAP7_75t_SL            4  3.3    37    25     606    (-,-) 
  aitb_u_fix2fp32_col2_ADD_TC_OP_g640/Y                 -       B->Y    R     NAND2xp5_ASAP7_75t_SL          3  2.6    49    30     636    (-,-) 
  aitb_u_fix2fp32_col2_ADD_TC_OP_g638/Y                 -       B->Y    F     NOR2x1_ASAP7_75t_SL            3  2.1    29    20     655    (-,-) 
  aitb_u_fix2fp32_col2_ADD_TC_OP_g636/Y                 -       B->Y    R     NAND2xp5_ASAP7_75t_SL          2  1.5    34    21     676    (-,-) 
  aitb_u_fix2fp32_col2_ADD_TC_OP_g632/Y                 -       A2->Y   F     AOI21xp33_ASAP7_75t_SL         1  0.9    30    16     692    (-,-) 
  aitb_g27613__6417/Y                                   -       B2->Y   R     AOI22xp5_ASAP7_75t_SL          2  1.6    52    26     717    (-,-) 
  aitb_g27078__7410/Y                                   -       A->Y    R     AND5x1_ASAP7_75t_SL            1  0.8    20    39     756    (-,-) 
  aitb_g27573__6161/Y                                   -       A->Y    F     NAND5xp2_ASAP7_75t_SL          2  1.4    69    29     786    (-,-) 
  aitb_g27566__7098/Y                                   -       A->Y    F     OR5x1_ASAP7_75t_SL             1  0.8    23    47     833    (-,-) 
  aitb_g27565__8246/Y                                   -       A->Y    R     NOR3xp33_ASAP7_75t_SL          9  6.6   195    88     921    (-,-) 
  aitb_g27554__6260/Y                                   -       A1->Y   F     AOI21xp5_ASAP7_75t_SL          2  1.6    79    31     952    (-,-) 
  aitb_g27548__9945/Y                                   -       D->Y    R     NAND4xp25_ASAP7_75t_SL         1  0.8    48    28     981    (-,-) 
  aitb_g27547__9315/Y                                   -       B->Y    R     OR2x2_ASAP7_75t_SL            26 18.1    95    61    1042    (-,-) 
  aitb_g27524__2883/Y                                   -       A2->Y   F     OAI21xp5_ASAP7_75t_SL          2  1.5    47    24    1066    (-,-) 
  aitb_g27514__7098/Y                                   -       B->Y    R     NOR4xp25_ASAP7_75t_SL          1  0.8    59    32    1097    (-,-) 
  aitb_g27511__5122/Y                                   -       B->Y    R     AND2x2_ASAP7_75t_SL            8  5.5    34    35    1132    (-,-) 
  aitb_g26982__7410/Y                                   -       A1->Y   F     AOI21xp5_ASAP7_75t_SL          2  1.6    36    20    1152    (-,-) 
  aitb_g26977__1666/Y                                   -       A->Y    R     NAND2xp5_ASAP7_75t_SL          1  0.9    28    19    1171    (-,-) 
  aitb_g26974__9945/Y                                   -       A->Y    R     OR3x2_ASAP7_75t_SL            26 18.7    97    56    1227    (-,-) 
  aitb_g26973__9315/Y                                   -       A2->Y   F     OAI21xp5_ASAP7_75t_SL          3  2.1    55    29    1256    (-,-) 
  aitb_g26960__5122/Y                                   -       A1->Y   R     OAI21xp5_ASAP7_75t_SL          3  3.2    75    39    1295    (-,-) 
  aitb_g23912/Y                                         -       A->Y    F     INVx1_ASAP7_75t_SL             2  1.9    34    18    1313    (-,-) 
  aitb_u_fix2fp32_col2_csa_tree_SUB_TC_OP_groupi_g578/Y -       A->Y    R     INVxp67_ASAP7_75t_SL           1  0.9    24    16    1329    (-,-) 
  aitb_u_fix2fp32_col2_csa_tree_SUB_TC_OP_groupi_g568/Y -       A->Y    F     MAJIxp5_ASAP7_75t_SL           2  2.0    46    22    1350    (-,-) 
  aitb_u_fix2fp32_col2_csa_tree_SUB_TC_OP_groupi_g542/Y -       A->Y    R     MAJIxp5_ASAP7_75t_SL           2  1.9    64    32    1383    (-,-) 
  aitb_u_fix2fp32_col2_csa_tree_SUB_TC_OP_groupi_g541/Y -       A->Y    F     INVxp67_ASAP7_75t_SL           1  1.4    33    19    1401    (-,-) 
  aitb_u_fix2fp32_col2_csa_tree_SUB_TC_OP_groupi_g531/Y -       B->Y    R     MAJIxp5_ASAP7_75t_SL           2  1.9    56    32    1433    (-,-) 
  aitb_u_fix2fp32_col2_csa_tree_SUB_TC_OP_groupi_g530/Y -       A->Y    F     INVxp67_ASAP7_75t_SL           1  1.3    30    17    1451    (-,-) 
  aitb_u_fix2fp32_col2_csa_tree_SUB_TC_OP_groupi_g526/Y -       C->Y    R     MAJIxp5_ASAP7_75t_SL           2  2.1    62    29    1480    (-,-) 
  aitb_u_fix2fp32_col2_csa_tree_SUB_TC_OP_groupi_g523/Y -       A->Y    F     MAJIxp5_ASAP7_75t_SL           2  2.0    55    27    1507    (-,-) 
  aitb_u_fix2fp32_col2_csa_tree_SUB_TC_OP_groupi_g521/Y -       A->Y    F     MAJx2_ASAP7_75t_SL             2  2.0    19    35    1542    (-,-) 
  aitb_u_fix2fp32_col2_csa_tree_SUB_TC_OP_groupi_g519/Y -       A->Y    F     MAJx2_ASAP7_75t_SL             2  2.4    20    29    1572    (-,-) 
  aitb_u_fix2fp32_col2_csa_tree_SUB_TC_OP_groupi_g517/Y -       C->Y    R     MAJIxp5_ASAP7_75t_SL           2  1.8    57    26    1597    (-,-) 
  aitb_u_fix2fp32_col2_csa_tree_SUB_TC_OP_groupi_g515/Y -       B->Y    F     NOR2xp33_ASAP7_75t_SL          1  1.3    44    29    1626    (-,-) 
  aitb_g46513/Y                                         -       B->Y    R     NOR2x1_ASAP7_75t_SL           10  6.8    75    41    1667    (-,-) 
  aitb_g46512/Y                                         -       A->Y    F     INVx1_ASAP7_75t_L              1  0.8    24    16    1683    (-,-) 
  aitb_g46511/Y                                         -       A->Y    R     NOR3xp33_ASAP7_75t_SL          2  1.9    70    34    1717    (-,-) 
  aitb_g46509/Y                                         -       A->Y    F     INVxp67_ASAP7_75t_SL           1  1.3    33    18    1735    (-,-) 
  aitb_g46501/Y                                         -       A->Y    R     NOR2x1_ASAP7_75t_SL            9  6.7    79    37    1772    (-,-) 
  aitb_g46496/Y                                         -       A->Y    F     INVx2_ASAP7_75t_SL            15  9.9    55    34    1806    (-,-) 
  aitb_g46470/Y                                         -       A1->Y   F     OA22x2_ASAP7_75t_SL            1  0.9    17    28    1834    (-,-) 
  aitb_PIPE_3_fix2float_col2_stage_reg_reg[0][10]/D     -       -       F     ASYNC_DFFHx1_ASAP7_75t_SL      1    -     -     0    1834    (-,-) 
#------------------------------------------------------------------------------------------------------------------------------------------------



Path 38: MET (50 ps) Setup Check with Pin aitb_PIPE_3_fix2float_col2_stage_reg_reg[0][9]/CLK->D
           View: PVT_0P63V_100C.setup_view
          Group: clk
     Startpoint: (R) aitb_PIPE_3_dot_col2_stage_reg_reg[0][0]/CLK
          Clock: (R) clk
       Endpoint: (F) aitb_PIPE_3_fix2float_col2_stage_reg_reg[0][9]/D
          Clock: (R) clk

                     Capture       Launch     
        Clock Edge:+    2000            0     
       Src Latency:+       0            0     
       Net Latency:+       0 (I)        0 (I) 
           Arrival:=    2000            0     
                                              
             Setup:-      16                  
       Uncertainty:-     100                  
     Required Time:=    1884                  
      Launch Clock:-       0                  
         Data Path:-    1834                  
             Slack:=      50                  

#------------------------------------------------------------------------------------------------------------------------------------------------
#                     Timing Point                      Flags    Arc    Edge           Cell             Fanout Load Trans Delay Arrival Instance 
#                                                                                                              (fF)  (ps)  (ps)   (ps)  Location 
#------------------------------------------------------------------------------------------------------------------------------------------------
  aitb_PIPE_3_dot_col2_stage_reg_reg[0][0]/CLK          -       -       R     (arrival)                   1147    -     0     0       0    (-,-) 
  aitb_PIPE_3_dot_col2_stage_reg_reg[0][0]/QN           -       CLK->QN R     ASYNC_DFFHx1_ASAP7_75t_SL      1  0.9    25    48      48    (-,-) 
  aitb_g23956/Y                                         -       A->Y    F     INVx1_ASAP7_75t_SL             3  2.1    22    14      62    (-,-) 
  aitb_u_fix2fp32_col2_ADD_TC_OP_g693/Y                 -       A->Y    R     NAND2xp5_ASAP7_75t_SL          2  1.7    34    21      83    (-,-) 
  aitb_u_fix2fp32_col2_ADD_TC_OP_g692/Y                 -       A->Y    F     INVx1_ASAP7_75t_SL             2  1.6    21    13      97    (-,-) 
  aitb_u_fix2fp32_col2_ADD_TC_OP_g690/Y                 -       B->Y    R     NAND2xp5_ASAP7_75t_SL          3  2.6    47    26     123    (-,-) 
  aitb_u_fix2fp32_col2_ADD_TC_OP_g688/Y                 -       B->Y    F     NOR2x1_ASAP7_75t_SL            3  2.1    29    20     142    (-,-) 
  aitb_u_fix2fp32_col2_ADD_TC_OP_g686/Y                 -       B->Y    R     NAND2xp5_ASAP7_75t_SL          3  2.6    47    28     170    (-,-) 
  aitb_u_fix2fp32_col2_ADD_TC_OP_g684/Y                 -       B->Y    F     NOR2x1_ASAP7_75t_SL            3  2.1    29    20     190    (-,-) 
  aitb_u_fix2fp32_col2_ADD_TC_OP_g682/Y                 -       B->Y    R     NAND2xp5_ASAP7_75t_SL          4  2.5    46    27     217    (-,-) 
  aitb_u_fix2fp32_col2_ADD_TC_OP_g674/Y                 -       B->Y    F     NOR5xp2_ASAP7_75t_L            3  2.6    46    34     251    (-,-) 
  aitb_u_fix2fp32_col2_ADD_TC_OP_g672/Y                 -       B->Y    R     NAND2x1_ASAP7_75t_SL           3  3.1    44    30     281    (-,-) 
  aitb_u_fix2fp32_col2_ADD_TC_OP_g670/Y                 -       B->Y    F     NOR2x1p5_ASAP7_75t_SL          3  3.1    26    18     299    (-,-) 
  aitb_u_fix2fp32_col2_ADD_TC_OP_g668/Y                 -       B->Y    R     NAND2x1p5_ASAP7_75t_SL         3  2.6    29    17     316    (-,-) 
  aitb_u_fix2fp32_col2_ADD_TC_OP_g666/Y                 -       B->Y    F     NOR2x1_ASAP7_75t_SL            3  2.6    29    19     335    (-,-) 
  aitb_u_fix2fp32_col2_ADD_TC_OP_g664/Y                 -       B->Y    R     NAND2x1_ASAP7_75t_SL           3  2.6    38    23     358    (-,-) 
  aitb_u_fix2fp32_col2_ADD_TC_OP_g662/Y                 -       B->Y    F     NOR2x1_ASAP7_75t_SL            3  2.6    30    21     379    (-,-) 
  aitb_u_fix2fp32_col2_ADD_TC_OP_g660/Y                 -       B->Y    R     NAND2x1_ASAP7_75t_SL           3  2.6    38    23     402    (-,-) 
  aitb_u_fix2fp32_col2_ADD_TC_OP_g658/Y                 -       B->Y    F     NOR2x1_ASAP7_75t_SL            3  2.6    30    21     423    (-,-) 
  aitb_u_fix2fp32_col2_ADD_TC_OP_g656/Y                 -       B->Y    R     NAND2x1_ASAP7_75t_SL           3  2.6    38    23     446    (-,-) 
  aitb_u_fix2fp32_col2_ADD_TC_OP_g654/Y                 -       B->Y    F     NOR2x1_ASAP7_75t_SL            3  2.6    30    21     467    (-,-) 
  aitb_u_fix2fp32_col2_ADD_TC_OP_g652/Y                 -       B->Y    R     NAND2x1_ASAP7_75t_SL           3  2.6    38    23     490    (-,-) 
  aitb_u_fix2fp32_col2_ADD_TC_OP_g650/Y                 -       B->Y    F     NOR2x1_ASAP7_75t_SL            3  2.6    30    21     511    (-,-) 
  aitb_u_fix2fp32_col2_ADD_TC_OP_g648/Y                 -       B->Y    R     NAND2x1_ASAP7_75t_SL           3  2.6    38    23     535    (-,-) 
  aitb_u_fix2fp32_col2_ADD_TC_OP_g646/Y                 -       B->Y    F     NOR2x1_ASAP7_75t_SL            3  2.1    26    19     553    (-,-) 
  aitb_u_fix2fp32_col2_ADD_TC_OP_g644/Y                 -       B->Y    R     NAND2xp5_ASAP7_75t_SL          3  2.6    47    27     580    (-,-) 
  aitb_u_fix2fp32_col2_ADD_TC_OP_g642/Y                 -       B->Y    F     NOR2x1_ASAP7_75t_SL            4  3.3    37    25     606    (-,-) 
  aitb_u_fix2fp32_col2_ADD_TC_OP_g640/Y                 -       B->Y    R     NAND2xp5_ASAP7_75t_SL          3  2.6    49    30     636    (-,-) 
  aitb_u_fix2fp32_col2_ADD_TC_OP_g638/Y                 -       B->Y    F     NOR2x1_ASAP7_75t_SL            3  2.1    29    20     655    (-,-) 
  aitb_u_fix2fp32_col2_ADD_TC_OP_g636/Y                 -       B->Y    R     NAND2xp5_ASAP7_75t_SL          2  1.5    34    21     676    (-,-) 
  aitb_u_fix2fp32_col2_ADD_TC_OP_g632/Y                 -       A2->Y   F     AOI21xp33_ASAP7_75t_SL         1  0.9    30    16     692    (-,-) 
  aitb_g27613__6417/Y                                   -       B2->Y   R     AOI22xp5_ASAP7_75t_SL          2  1.6    52    26     717    (-,-) 
  aitb_g27078__7410/Y                                   -       A->Y    R     AND5x1_ASAP7_75t_SL            1  0.8    20    39     756    (-,-) 
  aitb_g27573__6161/Y                                   -       A->Y    F     NAND5xp2_ASAP7_75t_SL          2  1.4    69    29     786    (-,-) 
  aitb_g27566__7098/Y                                   -       A->Y    F     OR5x1_ASAP7_75t_SL             1  0.8    23    47     833    (-,-) 
  aitb_g27565__8246/Y                                   -       A->Y    R     NOR3xp33_ASAP7_75t_SL          9  6.6   195    88     921    (-,-) 
  aitb_g27554__6260/Y                                   -       A1->Y   F     AOI21xp5_ASAP7_75t_SL          2  1.6    79    31     952    (-,-) 
  aitb_g27548__9945/Y                                   -       D->Y    R     NAND4xp25_ASAP7_75t_SL         1  0.8    48    28     981    (-,-) 
  aitb_g27547__9315/Y                                   -       B->Y    R     OR2x2_ASAP7_75t_SL            26 18.1    95    61    1042    (-,-) 
  aitb_g27524__2883/Y                                   -       A2->Y   F     OAI21xp5_ASAP7_75t_SL          2  1.5    47    24    1066    (-,-) 
  aitb_g27514__7098/Y                                   -       B->Y    R     NOR4xp25_ASAP7_75t_SL          1  0.8    59    32    1097    (-,-) 
  aitb_g27511__5122/Y                                   -       B->Y    R     AND2x2_ASAP7_75t_SL            8  5.5    34    35    1132    (-,-) 
  aitb_g26982__7410/Y                                   -       A1->Y   F     AOI21xp5_ASAP7_75t_SL          2  1.6    36    20    1152    (-,-) 
  aitb_g26977__1666/Y                                   -       A->Y    R     NAND2xp5_ASAP7_75t_SL          1  0.9    28    19    1171    (-,-) 
  aitb_g26974__9945/Y                                   -       A->Y    R     OR3x2_ASAP7_75t_SL            26 18.7    97    56    1227    (-,-) 
  aitb_g26973__9315/Y                                   -       A2->Y   F     OAI21xp5_ASAP7_75t_SL          3  2.1    55    29    1256    (-,-) 
  aitb_g26960__5122/Y                                   -       A1->Y   R     OAI21xp5_ASAP7_75t_SL          3  3.2    75    39    1295    (-,-) 
  aitb_g23912/Y                                         -       A->Y    F     INVx1_ASAP7_75t_SL             2  1.9    34    18    1313    (-,-) 
  aitb_u_fix2fp32_col2_csa_tree_SUB_TC_OP_groupi_g578/Y -       A->Y    R     INVxp67_ASAP7_75t_SL           1  0.9    24    16    1329    (-,-) 
  aitb_u_fix2fp32_col2_csa_tree_SUB_TC_OP_groupi_g568/Y -       A->Y    F     MAJIxp5_ASAP7_75t_SL           2  2.0    46    22    1350    (-,-) 
  aitb_u_fix2fp32_col2_csa_tree_SUB_TC_OP_groupi_g542/Y -       A->Y    R     MAJIxp5_ASAP7_75t_SL           2  1.9    64    32    1383    (-,-) 
  aitb_u_fix2fp32_col2_csa_tree_SUB_TC_OP_groupi_g541/Y -       A->Y    F     INVxp67_ASAP7_75t_SL           1  1.4    33    19    1401    (-,-) 
  aitb_u_fix2fp32_col2_csa_tree_SUB_TC_OP_groupi_g531/Y -       B->Y    R     MAJIxp5_ASAP7_75t_SL           2  1.9    56    32    1433    (-,-) 
  aitb_u_fix2fp32_col2_csa_tree_SUB_TC_OP_groupi_g530/Y -       A->Y    F     INVxp67_ASAP7_75t_SL           1  1.3    30    17    1451    (-,-) 
  aitb_u_fix2fp32_col2_csa_tree_SUB_TC_OP_groupi_g526/Y -       C->Y    R     MAJIxp5_ASAP7_75t_SL           2  2.1    62    29    1480    (-,-) 
  aitb_u_fix2fp32_col2_csa_tree_SUB_TC_OP_groupi_g523/Y -       A->Y    F     MAJIxp5_ASAP7_75t_SL           2  2.0    55    27    1507    (-,-) 
  aitb_u_fix2fp32_col2_csa_tree_SUB_TC_OP_groupi_g521/Y -       A->Y    F     MAJx2_ASAP7_75t_SL             2  2.0    19    35    1542    (-,-) 
  aitb_u_fix2fp32_col2_csa_tree_SUB_TC_OP_groupi_g519/Y -       A->Y    F     MAJx2_ASAP7_75t_SL             2  2.4    20    29    1572    (-,-) 
  aitb_u_fix2fp32_col2_csa_tree_SUB_TC_OP_groupi_g517/Y -       C->Y    R     MAJIxp5_ASAP7_75t_SL           2  1.8    57    26    1597    (-,-) 
  aitb_u_fix2fp32_col2_csa_tree_SUB_TC_OP_groupi_g515/Y -       B->Y    F     NOR2xp33_ASAP7_75t_SL          1  1.3    44    29    1626    (-,-) 
  aitb_g46513/Y                                         -       B->Y    R     NOR2x1_ASAP7_75t_SL           10  6.8    75    41    1667    (-,-) 
  aitb_g46512/Y                                         -       A->Y    F     INVx1_ASAP7_75t_L              1  0.8    24    16    1683    (-,-) 
  aitb_g46511/Y                                         -       A->Y    R     NOR3xp33_ASAP7_75t_SL          2  1.9    70    34    1717    (-,-) 
  aitb_g46509/Y                                         -       A->Y    F     INVxp67_ASAP7_75t_SL           1  1.3    33    18    1735    (-,-) 
  aitb_g46501/Y                                         -       A->Y    R     NOR2x1_ASAP7_75t_SL            9  6.7    79    37    1772    (-,-) 
  aitb_g46496/Y                                         -       A->Y    F     INVx2_ASAP7_75t_SL            15  9.9    55    34    1806    (-,-) 
  aitb_g46465/Y                                         -       A1->Y   F     OA22x2_ASAP7_75t_SL            1  0.9    17    28    1834    (-,-) 
  aitb_PIPE_3_fix2float_col2_stage_reg_reg[0][9]/D      -       -       F     ASYNC_DFFHx1_ASAP7_75t_SL      1    -     -     0    1834    (-,-) 
#------------------------------------------------------------------------------------------------------------------------------------------------



Path 39: MET (50 ps) Setup Check with Pin aitb_PIPE_3_fix2float_col2_stage_reg_reg[0][8]/CLK->D
           View: PVT_0P63V_100C.setup_view
          Group: clk
     Startpoint: (R) aitb_PIPE_3_dot_col2_stage_reg_reg[0][0]/CLK
          Clock: (R) clk
       Endpoint: (F) aitb_PIPE_3_fix2float_col2_stage_reg_reg[0][8]/D
          Clock: (R) clk

                     Capture       Launch     
        Clock Edge:+    2000            0     
       Src Latency:+       0            0     
       Net Latency:+       0 (I)        0 (I) 
           Arrival:=    2000            0     
                                              
             Setup:-      16                  
       Uncertainty:-     100                  
     Required Time:=    1884                  
      Launch Clock:-       0                  
         Data Path:-    1834                  
             Slack:=      50                  

#------------------------------------------------------------------------------------------------------------------------------------------------
#                     Timing Point                      Flags    Arc    Edge           Cell             Fanout Load Trans Delay Arrival Instance 
#                                                                                                              (fF)  (ps)  (ps)   (ps)  Location 
#------------------------------------------------------------------------------------------------------------------------------------------------
  aitb_PIPE_3_dot_col2_stage_reg_reg[0][0]/CLK          -       -       R     (arrival)                   1147    -     0     0       0    (-,-) 
  aitb_PIPE_3_dot_col2_stage_reg_reg[0][0]/QN           -       CLK->QN R     ASYNC_DFFHx1_ASAP7_75t_SL      1  0.9    25    48      48    (-,-) 
  aitb_g23956/Y                                         -       A->Y    F     INVx1_ASAP7_75t_SL             3  2.1    22    14      62    (-,-) 
  aitb_u_fix2fp32_col2_ADD_TC_OP_g693/Y                 -       A->Y    R     NAND2xp5_ASAP7_75t_SL          2  1.7    34    21      83    (-,-) 
  aitb_u_fix2fp32_col2_ADD_TC_OP_g692/Y                 -       A->Y    F     INVx1_ASAP7_75t_SL             2  1.6    21    13      97    (-,-) 
  aitb_u_fix2fp32_col2_ADD_TC_OP_g690/Y                 -       B->Y    R     NAND2xp5_ASAP7_75t_SL          3  2.6    47    26     123    (-,-) 
  aitb_u_fix2fp32_col2_ADD_TC_OP_g688/Y                 -       B->Y    F     NOR2x1_ASAP7_75t_SL            3  2.1    29    20     142    (-,-) 
  aitb_u_fix2fp32_col2_ADD_TC_OP_g686/Y                 -       B->Y    R     NAND2xp5_ASAP7_75t_SL          3  2.6    47    28     170    (-,-) 
  aitb_u_fix2fp32_col2_ADD_TC_OP_g684/Y                 -       B->Y    F     NOR2x1_ASAP7_75t_SL            3  2.1    29    20     190    (-,-) 
  aitb_u_fix2fp32_col2_ADD_TC_OP_g682/Y                 -       B->Y    R     NAND2xp5_ASAP7_75t_SL          4  2.5    46    27     217    (-,-) 
  aitb_u_fix2fp32_col2_ADD_TC_OP_g674/Y                 -       B->Y    F     NOR5xp2_ASAP7_75t_L            3  2.6    46    34     251    (-,-) 
  aitb_u_fix2fp32_col2_ADD_TC_OP_g672/Y                 -       B->Y    R     NAND2x1_ASAP7_75t_SL           3  3.1    44    30     281    (-,-) 
  aitb_u_fix2fp32_col2_ADD_TC_OP_g670/Y                 -       B->Y    F     NOR2x1p5_ASAP7_75t_SL          3  3.1    26    18     299    (-,-) 
  aitb_u_fix2fp32_col2_ADD_TC_OP_g668/Y                 -       B->Y    R     NAND2x1p5_ASAP7_75t_SL         3  2.6    29    17     316    (-,-) 
  aitb_u_fix2fp32_col2_ADD_TC_OP_g666/Y                 -       B->Y    F     NOR2x1_ASAP7_75t_SL            3  2.6    29    19     335    (-,-) 
  aitb_u_fix2fp32_col2_ADD_TC_OP_g664/Y                 -       B->Y    R     NAND2x1_ASAP7_75t_SL           3  2.6    38    23     358    (-,-) 
  aitb_u_fix2fp32_col2_ADD_TC_OP_g662/Y                 -       B->Y    F     NOR2x1_ASAP7_75t_SL            3  2.6    30    21     379    (-,-) 
  aitb_u_fix2fp32_col2_ADD_TC_OP_g660/Y                 -       B->Y    R     NAND2x1_ASAP7_75t_SL           3  2.6    38    23     402    (-,-) 
  aitb_u_fix2fp32_col2_ADD_TC_OP_g658/Y                 -       B->Y    F     NOR2x1_ASAP7_75t_SL            3  2.6    30    21     423    (-,-) 
  aitb_u_fix2fp32_col2_ADD_TC_OP_g656/Y                 -       B->Y    R     NAND2x1_ASAP7_75t_SL           3  2.6    38    23     446    (-,-) 
  aitb_u_fix2fp32_col2_ADD_TC_OP_g654/Y                 -       B->Y    F     NOR2x1_ASAP7_75t_SL            3  2.6    30    21     467    (-,-) 
  aitb_u_fix2fp32_col2_ADD_TC_OP_g652/Y                 -       B->Y    R     NAND2x1_ASAP7_75t_SL           3  2.6    38    23     490    (-,-) 
  aitb_u_fix2fp32_col2_ADD_TC_OP_g650/Y                 -       B->Y    F     NOR2x1_ASAP7_75t_SL            3  2.6    30    21     511    (-,-) 
  aitb_u_fix2fp32_col2_ADD_TC_OP_g648/Y                 -       B->Y    R     NAND2x1_ASAP7_75t_SL           3  2.6    38    23     535    (-,-) 
  aitb_u_fix2fp32_col2_ADD_TC_OP_g646/Y                 -       B->Y    F     NOR2x1_ASAP7_75t_SL            3  2.1    26    19     553    (-,-) 
  aitb_u_fix2fp32_col2_ADD_TC_OP_g644/Y                 -       B->Y    R     NAND2xp5_ASAP7_75t_SL          3  2.6    47    27     580    (-,-) 
  aitb_u_fix2fp32_col2_ADD_TC_OP_g642/Y                 -       B->Y    F     NOR2x1_ASAP7_75t_SL            4  3.3    37    25     606    (-,-) 
  aitb_u_fix2fp32_col2_ADD_TC_OP_g640/Y                 -       B->Y    R     NAND2xp5_ASAP7_75t_SL          3  2.6    49    30     636    (-,-) 
  aitb_u_fix2fp32_col2_ADD_TC_OP_g638/Y                 -       B->Y    F     NOR2x1_ASAP7_75t_SL            3  2.1    29    20     655    (-,-) 
  aitb_u_fix2fp32_col2_ADD_TC_OP_g636/Y                 -       B->Y    R     NAND2xp5_ASAP7_75t_SL          2  1.5    34    21     676    (-,-) 
  aitb_u_fix2fp32_col2_ADD_TC_OP_g632/Y                 -       A2->Y   F     AOI21xp33_ASAP7_75t_SL         1  0.9    30    16     692    (-,-) 
  aitb_g27613__6417/Y                                   -       B2->Y   R     AOI22xp5_ASAP7_75t_SL          2  1.6    52    26     717    (-,-) 
  aitb_g27078__7410/Y                                   -       A->Y    R     AND5x1_ASAP7_75t_SL            1  0.8    20    39     756    (-,-) 
  aitb_g27573__6161/Y                                   -       A->Y    F     NAND5xp2_ASAP7_75t_SL          2  1.4    69    29     786    (-,-) 
  aitb_g27566__7098/Y                                   -       A->Y    F     OR5x1_ASAP7_75t_SL             1  0.8    23    47     833    (-,-) 
  aitb_g27565__8246/Y                                   -       A->Y    R     NOR3xp33_ASAP7_75t_SL          9  6.6   195    88     921    (-,-) 
  aitb_g27554__6260/Y                                   -       A1->Y   F     AOI21xp5_ASAP7_75t_SL          2  1.6    79    31     952    (-,-) 
  aitb_g27548__9945/Y                                   -       D->Y    R     NAND4xp25_ASAP7_75t_SL         1  0.8    48    28     981    (-,-) 
  aitb_g27547__9315/Y                                   -       B->Y    R     OR2x2_ASAP7_75t_SL            26 18.1    95    61    1042    (-,-) 
  aitb_g27524__2883/Y                                   -       A2->Y   F     OAI21xp5_ASAP7_75t_SL          2  1.5    47    24    1066    (-,-) 
  aitb_g27514__7098/Y                                   -       B->Y    R     NOR4xp25_ASAP7_75t_SL          1  0.8    59    32    1097    (-,-) 
  aitb_g27511__5122/Y                                   -       B->Y    R     AND2x2_ASAP7_75t_SL            8  5.5    34    35    1132    (-,-) 
  aitb_g26982__7410/Y                                   -       A1->Y   F     AOI21xp5_ASAP7_75t_SL          2  1.6    36    20    1152    (-,-) 
  aitb_g26977__1666/Y                                   -       A->Y    R     NAND2xp5_ASAP7_75t_SL          1  0.9    28    19    1171    (-,-) 
  aitb_g26974__9945/Y                                   -       A->Y    R     OR3x2_ASAP7_75t_SL            26 18.7    97    56    1227    (-,-) 
  aitb_g26973__9315/Y                                   -       A2->Y   F     OAI21xp5_ASAP7_75t_SL          3  2.1    55    29    1256    (-,-) 
  aitb_g26960__5122/Y                                   -       A1->Y   R     OAI21xp5_ASAP7_75t_SL          3  3.2    75    39    1295    (-,-) 
  aitb_g23912/Y                                         -       A->Y    F     INVx1_ASAP7_75t_SL             2  1.9    34    18    1313    (-,-) 
  aitb_u_fix2fp32_col2_csa_tree_SUB_TC_OP_groupi_g578/Y -       A->Y    R     INVxp67_ASAP7_75t_SL           1  0.9    24    16    1329    (-,-) 
  aitb_u_fix2fp32_col2_csa_tree_SUB_TC_OP_groupi_g568/Y -       A->Y    F     MAJIxp5_ASAP7_75t_SL           2  2.0    46    22    1350    (-,-) 
  aitb_u_fix2fp32_col2_csa_tree_SUB_TC_OP_groupi_g542/Y -       A->Y    R     MAJIxp5_ASAP7_75t_SL           2  1.9    64    32    1383    (-,-) 
  aitb_u_fix2fp32_col2_csa_tree_SUB_TC_OP_groupi_g541/Y -       A->Y    F     INVxp67_ASAP7_75t_SL           1  1.4    33    19    1401    (-,-) 
  aitb_u_fix2fp32_col2_csa_tree_SUB_TC_OP_groupi_g531/Y -       B->Y    R     MAJIxp5_ASAP7_75t_SL           2  1.9    56    32    1433    (-,-) 
  aitb_u_fix2fp32_col2_csa_tree_SUB_TC_OP_groupi_g530/Y -       A->Y    F     INVxp67_ASAP7_75t_SL           1  1.3    30    17    1451    (-,-) 
  aitb_u_fix2fp32_col2_csa_tree_SUB_TC_OP_groupi_g526/Y -       C->Y    R     MAJIxp5_ASAP7_75t_SL           2  2.1    62    29    1480    (-,-) 
  aitb_u_fix2fp32_col2_csa_tree_SUB_TC_OP_groupi_g523/Y -       A->Y    F     MAJIxp5_ASAP7_75t_SL           2  2.0    55    27    1507    (-,-) 
  aitb_u_fix2fp32_col2_csa_tree_SUB_TC_OP_groupi_g521/Y -       A->Y    F     MAJx2_ASAP7_75t_SL             2  2.0    19    35    1542    (-,-) 
  aitb_u_fix2fp32_col2_csa_tree_SUB_TC_OP_groupi_g519/Y -       A->Y    F     MAJx2_ASAP7_75t_SL             2  2.4    20    29    1572    (-,-) 
  aitb_u_fix2fp32_col2_csa_tree_SUB_TC_OP_groupi_g517/Y -       C->Y    R     MAJIxp5_ASAP7_75t_SL           2  1.8    57    26    1597    (-,-) 
  aitb_u_fix2fp32_col2_csa_tree_SUB_TC_OP_groupi_g515/Y -       B->Y    F     NOR2xp33_ASAP7_75t_SL          1  1.3    44    29    1626    (-,-) 
  aitb_g46513/Y                                         -       B->Y    R     NOR2x1_ASAP7_75t_SL           10  6.8    75    41    1667    (-,-) 
  aitb_g46512/Y                                         -       A->Y    F     INVx1_ASAP7_75t_L              1  0.8    24    16    1683    (-,-) 
  aitb_g46511/Y                                         -       A->Y    R     NOR3xp33_ASAP7_75t_SL          2  1.9    70    34    1717    (-,-) 
  aitb_g46509/Y                                         -       A->Y    F     INVxp67_ASAP7_75t_SL           1  1.3    33    18    1735    (-,-) 
  aitb_g46501/Y                                         -       A->Y    R     NOR2x1_ASAP7_75t_SL            9  6.7    79    37    1772    (-,-) 
  aitb_g46496/Y                                         -       A->Y    F     INVx2_ASAP7_75t_SL            15  9.9    55    34    1806    (-,-) 
  aitb_g46468/Y                                         -       A1->Y   F     OA22x2_ASAP7_75t_SL            1  0.9    17    28    1834    (-,-) 
  aitb_PIPE_3_fix2float_col2_stage_reg_reg[0][8]/D      -       -       F     ASYNC_DFFHx1_ASAP7_75t_SL      1    -     -     0    1834    (-,-) 
#------------------------------------------------------------------------------------------------------------------------------------------------



Path 40: MET (51 ps) Setup Check with Pin aitb_PIPE_OUT_col2_stage_reg_reg[0][19]/CLK->D
           View: PVT_0P63V_100C.setup_view
          Group: clk
     Startpoint: (R) aitb_PIPE_cascade_in_col2_stage_reg_reg[0][1]/CLK
          Clock: (R) clk
       Endpoint: (F) aitb_PIPE_OUT_col2_stage_reg_reg[0][19]/D
          Clock: (R) clk

                     Capture       Launch     
        Clock Edge:+    2000            0     
       Src Latency:+       0            0     
       Net Latency:+       0 (I)        0 (I) 
           Arrival:=    2000            0     
                                              
             Setup:-      21                  
       Uncertainty:-     100                  
     Required Time:=    1879                  
      Launch Clock:-       0                  
         Data Path:-    1828                  
             Slack:=      51                  

#-------------------------------------------------------------------------------------------------------------------------------------------------------
#                        Timing Point                          Flags    Arc    Edge           Cell             Fanout Load Trans Delay Arrival Instance 
#                                                                                                                     (fF)  (ps)  (ps)   (ps)  Location 
#-------------------------------------------------------------------------------------------------------------------------------------------------------
  aitb_PIPE_cascade_in_col2_stage_reg_reg[0][1]/CLK            -       -       R     (arrival)                   1147    -     0     0       0    (-,-) 
  aitb_PIPE_cascade_in_col2_stage_reg_reg[0][1]/QN             -       CLK->QN R     ASYNC_DFFHx1_ASAP7_75t_SL      1  0.8    24    48      48    (-,-) 
  aitb_g46925/Y                                                -       B->Y    R     AND2x2_ASAP7_75t_SL            1  1.4    18    21      69    (-,-) 
  aitb_g46773/Y                                                -       B->Y    F     AOI21x1_ASAP7_75t_SL           4  2.8    56    15      84    (-,-) 
  aitb_g46317/Y                                                -       B1->Y   R     OAI22xp5_ASAP7_75t_SL          1  1.4    50    27     111    (-,-) 
  aitb_g46265/Y                                                -       B->Y    F     AOI21x1_ASAP7_75t_SL           2  1.6    26    15     126    (-,-) 
  aitb_g46210/Y                                                -       A->Y    R     NOR3xp33_ASAP7_75t_SL          1  0.8    40    22     148    (-,-) 
  aitb_g46073/Y                                                -       A1->Y   F     O2A1O1Ixp33_ASAP7_75t_SL       1  0.8    29    16     164    (-,-) 
  aitb_g46058/Y                                                -       B->Y    R     NAND2xp5_ASAP7_75t_SL          1  0.8    22    16     180    (-,-) 
  aitb_g46037/Y                                                -       B->Y    R     AND2x2_ASAP7_75t_SL            2  1.7    16    22     202    (-,-) 
  aitb_g46020/Y                                                -       A2->Y   F     OAI21xp5_ASAP7_75t_SL          1  1.5    37    16     218    (-,-) 
  aitb_g45999/Y                                                -       A->Y    F     BUFx6f_ASAP7_75t_SL           11  7.9    17    26     244    (-,-) 
  aitb_g45998/Y                                                -       A->Y    F     BUFx3_ASAP7_75t_SL             7  5.2    18    24     268    (-,-) 
  aitb_g45966/Y                                                -       B1->Y   R     AOI22xp5_ASAP7_75t_SL          3  2.1    53    28     295    (-,-) 
  aitb_g45883/Y                                                -       B->Y    R     AND2x2_ASAP7_75t_SL            2  1.5    16    25     320    (-,-) 
  aitb_g45783/Y                                                -       A->Y    F     NAND3xp33_ASAP7_75t_SL         2  1.7    47    22     342    (-,-) 
  aitb_g45629/Y                                                -       A1->Y   R     OAI21xp5_ASAP7_75t_SL          1  0.8    32    18     359    (-,-) 
  aitb_g45615/Y                                                -       B->Y    R     OR2x4_ASAP7_75t_SL             7 10.6    34    39     398    (-,-) 
  aitb_g45609/Y                                                -       A->Y    F     INVx8_ASAP7_75t_SL             9 10.7    20    12     410    (-,-) 
  aitb_g45590__8246/Y                                          -       A->Y    F     AND2x4_ASAP7_75t_SL           12 10.2    24    30     440    (-,-) 
  aitb_g45545__6783/Y                                          -       A2->Y   F     AO22x1_ASAP7_75t_SL            2  2.0    24    30     470    (-,-) 
  aitb_g45476__5115/Y                                          -       B1->Y   R     AOI22x1_ASAP7_75t_SL           2  2.7    42    22     493    (-,-) 
  aitb_g45436__5115/Y                                          -       A1->Y   F     OAI22x1_ASAP7_75t_SL           2  1.5    30    17     510    (-,-) 
  aitb_g45379__5477/Y                                          -       B1->Y   R     AOI22xp5_ASAP7_75t_SL          1  1.2    41    24     533    (-,-) 
  aitb_g45302__9315/Y                                          -       B->Y    F     XNOR2x2_ASAP7_75t_SL           2  2.0    20    37     570    (-,-) 
  aitb_addinc_FP32_ALU_col2_fracAdder_add_113_18_g1251/Y       -       B->Y    R     NOR2x1_ASAP7_75t_SL            3  2.0    34    16     586    (-,-) 
  aitb_addinc_FP32_ALU_col2_fracAdder_add_113_18_g1223/Y       -       A->Y    F     INVx1_ASAP7_75t_L              1  0.8    16    12     598    (-,-) 
  aitb_addinc_FP32_ALU_col2_fracAdder_add_113_18_g1113/Y       -       A2->Y   R     AOI21xp5_ASAP7_75t_L           3  2.4    63    34     632    (-,-) 
  aitb_addinc_FP32_ALU_col2_fracAdder_add_113_18_g1058/Y       -       A2->Y   F     OAI21xp5_ASAP7_75t_SL          1  0.8    30    16     647    (-,-) 
  aitb_addinc_FP32_ALU_col2_fracAdder_add_113_18_g1047/Y       -       B->Y    R     AOI21xp5_ASAP7_75t_SL          1  0.9    31    19     667    (-,-) 
  aitb_addinc_FP32_ALU_col2_fracAdder_add_113_18_g1025/Y       -       B->Y    R     OA21x2_ASAP7_75t_SL            4  4.8    31    31     698    (-,-) 
  aitb_addinc_FP32_ALU_col2_fracAdder_add_113_18_g1019/Y       -       A->Y    F     INVx4_ASAP7_75t_SL             9  7.6    22    14     712    (-,-) 
  aitb_addinc_FP32_ALU_col2_fracAdder_add_113_18_g1008/Y       -       A2->Y   R     AOI21xp5_ASAP7_75t_L           1  1.3    42    24     736    (-,-) 
  aitb_addinc_FP32_ALU_col2_fracAdder_add_113_18_g995/Y        -       B->Y    R     XOR2xp5_ASAP7_75t_SL           2  2.3    57    37     773    (-,-) 
  aitb_g27961__7098/Y                                          -       D->Y    F     NOR4xp75_ASAP7_75t_SL          1  1.2    30    14     786    (-,-) 
  aitb_g27955__6783/Y                                          -       B->Y    F     AND3x4_ASAP7_75t_SL           10  8.0    25    36     823    (-,-) 
  aitb_g27953__5526/Y                                          -       A2->Y   R     AOI21xp5_ASAP7_75t_L           2  2.6    69    37     860    (-,-) 
  aitb_g27945__1666/Y                                          -       C->Y    F     NAND4xp75_ASAP7_75t_SL         1  1.8    41    19     879    (-,-) 
  aitb_g27943__2883/Y                                          -       B->Y    R     NOR2x1p5_ASAP7_75t_SL          4  4.4    42    24     904    (-,-) 
  aitb_g27942/Y                                                -       A->Y    F     INVx4_ASAP7_75t_SL             7  5.7    22    13     917    (-,-) 
  aitb_g27936__5115/Y                                          -       A2->Y   R     OAI21xp5_ASAP7_75t_SL          1  1.3    36    20     937    (-,-) 
  aitb_g27929__5122/Y                                          -       A->Y    F     NOR2x1_ASAP7_75t_SL            2  2.4    32    21     958    (-,-) 
  aitb_g27927__2802/Y                                          -       C->Y    R     NAND4xp75_ASAP7_75t_SL         5  3.9    42    23     981    (-,-) 
  aitb_g27375__3680/Y                                          -       B->Y    F     NOR2x1_ASAP7_75t_SL            3  3.1    34    24    1005    (-,-) 
  aitb_g27918__5477/Y                                          -       A2->Y   R     AOI21x1_ASAP7_75t_SL           2  2.2    37    20    1024    (-,-) 
  aitb_g27916/Y                                                -       A->Y    F     INVx2_ASAP7_75t_SL             1  0.9    14     7    1031    (-,-) 
  aitb_g27912__2346/Y                                          -       A2->Y   F     OA21x2_ASAP7_75t_SL            3  2.0    16    25    1056    (-,-) 
  aitb_g27905__4733/Y                                          -       B->Y    R     NAND2xp5_ASAP7_75t_SL          1  0.9    26    13    1070    (-,-) 
  aitb_g27903__5115/Y                                          -       A1->Y   F     OAI21xp5_ASAP7_75t_SL          2  2.0    36    21    1091    (-,-) 
  aitb_g27901__6131/Y                                          -       A2->Y   R     AOI21x1_ASAP7_75t_SL           2  1.9    38    19    1110    (-,-) 
  aitb_g27898__8246/Y                                          -       B->Y    F     NOR2x1_ASAP7_75t_SL            1  1.8    25    17    1127    (-,-) 
  aitb_g27897__5122/Y                                          -       A->Y    R     NAND2x1p5_ASAP7_75t_SL         3  2.3    26    18    1144    (-,-) 
  aitb_g27896/Y                                                -       A->Y    F     INVx1_ASAP7_75t_L              1  0.8    14    11    1156    (-,-) 
  aitb_g27890__3680/Y                                          -       B->Y    R     NAND2xp5_ASAP7_75t_SL          1  1.3    30    16    1171    (-,-) 
  aitb_g27877__6417/Y                                          -       A->Y    R     AND2x6_ASAP7_75t_SL           25 26.2    51    41    1212    (-,-) 
  aitb_g27873/Y                                                -       A->Y    F     CKINVDCx16_ASAP7_75t_SL       26 18.7    24    14    1226    (-,-) 
  aitb_g27231__2398/Y                                          -       B1->Y   R     AOI22xp5_ASAP7_75t_SL          2  2.7    68    34    1260    (-,-) 
  aitb_g27815__1617/Y                                          -       A1->Y   F     OAI22x1_ASAP7_75t_SL           5  3.7    49    28    1287    (-,-) 
  g47847/Y                                                     -       A->Y    F     HB1xp67_ASAP7_75t_SRAM         4  4.1    91    92    1379    (-,-) 
  aitb_inc_FP32_ALU_col2_roundingAdder_add_274_18_spec1_g575/Y -       A->Y    R     NAND2x1p5_ASAP7_75t_SL         2  2.3    46    30    1410    (-,-) 
  aitb_inc_FP32_ALU_col2_roundingAdder_add_274_18_spec1_g562/Y -       B->Y    F     NOR2x1p5_ASAP7_75t_SL          2  2.4    24    16    1426    (-,-) 
  aitb_inc_FP32_ALU_col2_roundingAdder_add_274_18_spec1_g559/Y -       B->Y    R     NAND2x1p5_ASAP7_75t_SL         4  3.4    45    19    1445    (-,-) 
  aitb_inc_FP32_ALU_col2_roundingAdder_add_274_18_spec1_g555/Y -       B->Y    F     NOR2x1p5_ASAP7_75t_SL          2  1.8    22    14    1458    (-,-) 
  aitb_inc_FP32_ALU_col2_roundingAdder_add_274_18_spec1_g548/Y -       B->Y    R     NAND2x1_ASAP7_75t_SL           2  2.6    36    21    1480    (-,-) 
  aitb_inc_FP32_ALU_col2_roundingAdder_add_274_18_spec1_g537/Y -       B->Y    F     NOR2x1p5_ASAP7_75t_SL          2  2.4    21    15    1494    (-,-) 
  aitb_inc_FP32_ALU_col2_roundingAdder_add_274_18_spec1_g524/Y -       B->Y    R     NAND2x1p5_ASAP7_75t_SL         2  2.1    22    15    1509    (-,-) 
  aitb_inc_FP32_ALU_col2_roundingAdder_add_274_18_spec1_g509/Y -       B->Y    F     NOR2x1_ASAP7_75t_SL            2  1.4    24    13    1522    (-,-) 
  aitb_inc_FP32_ALU_col2_roundingAdder_add_274_18_spec1_g489/Y -       A->Y    F     AND3x2_ASAP7_75t_SL            2  1.9    14    20    1543    (-,-) 
  aitb_inc_FP32_ALU_col2_roundingAdder_add_274_18_spec1_g483/Y -       B->Y    R     NAND2x1_ASAP7_75t_SL           2  1.9    38    16    1559    (-,-) 
  aitb_inc_FP32_ALU_col2_roundingAdder_add_274_18_spec1_g480/Y -       B->Y    F     NOR2x1_ASAP7_75t_SL            2  1.4    22    15    1574    (-,-) 
  aitb_inc_FP32_ALU_col2_roundingAdder_add_274_18_spec1_g475/Y -       B->Y    F     AND2x2_ASAP7_75t_SL            2  2.6    17    25    1599    (-,-) 
  aitb_inc_FP32_ALU_col2_roundingAdder_add_274_18_spec1_g473/Y -       B->Y    R     NAND2x1p5_ASAP7_75t_SL         3  3.1    39    17    1616    (-,-) 
  aitb_inc_FP32_ALU_col2_roundingAdder_add_274_18_spec1_g471/Y -       B->Y    F     NOR2x1_ASAP7_75t_SL            1  1.2    22    14    1630    (-,-) 
  aitb_inc_FP32_ALU_col2_roundingAdder_add_274_18_spec1_g469/Y -       B->Y    F     XOR2xp5_ASAP7_75t_SL           1  0.8    28    21    1651    (-,-) 
  aitb_g26591/Y                                                -       A1->Y   R     AOI22xp5_ASAP7_75t_SL          2  2.4    68    31    1682    (-,-) 
  aitb_g26568/Y                                                -       A->Y    F     NOR4xp75_ASAP7_75t_SL          1  1.4    34    11    1693    (-,-) 
  aitb_g26555/Y                                                -       A1->Y   R     AOI21x1_ASAP7_75t_SL           2  2.2    35    19    1712    (-,-) 
  aitb_g26549/Y                                                -       A->Y    F     INVx2_ASAP7_75t_SL             9  4.9    26    17    1729    (-,-) 
  aitb_g26538/Y                                                -       B->Y    R     NOR2x1_ASAP7_75t_L            17 11.7   137    69    1798    (-,-) 
  aitb_g26462/Y                                                -       B1->Y   F     AOI221xp5_ASAP7_75t_SL         1  0.9    62    30    1828    (-,-) 
  aitb_PIPE_OUT_col2_stage_reg_reg[0][19]/D                    -       -       F     ASYNC_DFFHx1_ASAP7_75t_SL      1    -     -     0    1828    (-,-) 
#-------------------------------------------------------------------------------------------------------------------------------------------------------



Path 41: MET (51 ps) Setup Check with Pin aitb_PIPE_OUT_col2_stage_reg_reg[0][18]/CLK->D
           View: PVT_0P63V_100C.setup_view
          Group: clk
     Startpoint: (R) aitb_PIPE_cascade_in_col2_stage_reg_reg[0][1]/CLK
          Clock: (R) clk
       Endpoint: (F) aitb_PIPE_OUT_col2_stage_reg_reg[0][18]/D
          Clock: (R) clk

                     Capture       Launch     
        Clock Edge:+    2000            0     
       Src Latency:+       0            0     
       Net Latency:+       0 (I)        0 (I) 
           Arrival:=    2000            0     
                                              
             Setup:-      21                  
       Uncertainty:-     100                  
     Required Time:=    1879                  
      Launch Clock:-       0                  
         Data Path:-    1828                  
             Slack:=      51                  

#-------------------------------------------------------------------------------------------------------------------------------------------------------
#                        Timing Point                          Flags    Arc    Edge           Cell             Fanout Load Trans Delay Arrival Instance 
#                                                                                                                     (fF)  (ps)  (ps)   (ps)  Location 
#-------------------------------------------------------------------------------------------------------------------------------------------------------
  aitb_PIPE_cascade_in_col2_stage_reg_reg[0][1]/CLK            -       -       R     (arrival)                   1147    -     0     0       0    (-,-) 
  aitb_PIPE_cascade_in_col2_stage_reg_reg[0][1]/QN             -       CLK->QN R     ASYNC_DFFHx1_ASAP7_75t_SL      1  0.8    24    48      48    (-,-) 
  aitb_g46925/Y                                                -       B->Y    R     AND2x2_ASAP7_75t_SL            1  1.4    18    21      69    (-,-) 
  aitb_g46773/Y                                                -       B->Y    F     AOI21x1_ASAP7_75t_SL           4  2.8    56    15      84    (-,-) 
  aitb_g46317/Y                                                -       B1->Y   R     OAI22xp5_ASAP7_75t_SL          1  1.4    50    27     111    (-,-) 
  aitb_g46265/Y                                                -       B->Y    F     AOI21x1_ASAP7_75t_SL           2  1.6    26    15     126    (-,-) 
  aitb_g46210/Y                                                -       A->Y    R     NOR3xp33_ASAP7_75t_SL          1  0.8    40    22     148    (-,-) 
  aitb_g46073/Y                                                -       A1->Y   F     O2A1O1Ixp33_ASAP7_75t_SL       1  0.8    29    16     164    (-,-) 
  aitb_g46058/Y                                                -       B->Y    R     NAND2xp5_ASAP7_75t_SL          1  0.8    22    16     180    (-,-) 
  aitb_g46037/Y                                                -       B->Y    R     AND2x2_ASAP7_75t_SL            2  1.7    16    22     202    (-,-) 
  aitb_g46020/Y                                                -       A2->Y   F     OAI21xp5_ASAP7_75t_SL          1  1.5    37    16     218    (-,-) 
  aitb_g45999/Y                                                -       A->Y    F     BUFx6f_ASAP7_75t_SL           11  7.9    17    26     244    (-,-) 
  aitb_g45998/Y                                                -       A->Y    F     BUFx3_ASAP7_75t_SL             7  5.2    18    24     268    (-,-) 
  aitb_g45966/Y                                                -       B1->Y   R     AOI22xp5_ASAP7_75t_SL          3  2.1    53    28     295    (-,-) 
  aitb_g45883/Y                                                -       B->Y    R     AND2x2_ASAP7_75t_SL            2  1.5    16    25     320    (-,-) 
  aitb_g45783/Y                                                -       A->Y    F     NAND3xp33_ASAP7_75t_SL         2  1.7    47    22     342    (-,-) 
  aitb_g45629/Y                                                -       A1->Y   R     OAI21xp5_ASAP7_75t_SL          1  0.8    32    18     359    (-,-) 
  aitb_g45615/Y                                                -       B->Y    R     OR2x4_ASAP7_75t_SL             7 10.6    34    39     398    (-,-) 
  aitb_g45609/Y                                                -       A->Y    F     INVx8_ASAP7_75t_SL             9 10.7    20    12     410    (-,-) 
  aitb_g45590__8246/Y                                          -       A->Y    F     AND2x4_ASAP7_75t_SL           12 10.2    24    30     440    (-,-) 
  aitb_g45545__6783/Y                                          -       A2->Y   F     AO22x1_ASAP7_75t_SL            2  2.0    24    30     470    (-,-) 
  aitb_g45476__5115/Y                                          -       B1->Y   R     AOI22x1_ASAP7_75t_SL           2  2.7    42    22     493    (-,-) 
  aitb_g45436__5115/Y                                          -       A1->Y   F     OAI22x1_ASAP7_75t_SL           2  1.5    30    17     510    (-,-) 
  aitb_g45379__5477/Y                                          -       B1->Y   R     AOI22xp5_ASAP7_75t_SL          1  1.2    41    24     533    (-,-) 
  aitb_g45302__9315/Y                                          -       B->Y    F     XNOR2x2_ASAP7_75t_SL           2  2.0    20    37     570    (-,-) 
  aitb_addinc_FP32_ALU_col2_fracAdder_add_113_18_g1251/Y       -       B->Y    R     NOR2x1_ASAP7_75t_SL            3  2.0    34    16     586    (-,-) 
  aitb_addinc_FP32_ALU_col2_fracAdder_add_113_18_g1223/Y       -       A->Y    F     INVx1_ASAP7_75t_L              1  0.8    16    12     598    (-,-) 
  aitb_addinc_FP32_ALU_col2_fracAdder_add_113_18_g1113/Y       -       A2->Y   R     AOI21xp5_ASAP7_75t_L           3  2.4    63    34     632    (-,-) 
  aitb_addinc_FP32_ALU_col2_fracAdder_add_113_18_g1058/Y       -       A2->Y   F     OAI21xp5_ASAP7_75t_SL          1  0.8    30    16     647    (-,-) 
  aitb_addinc_FP32_ALU_col2_fracAdder_add_113_18_g1047/Y       -       B->Y    R     AOI21xp5_ASAP7_75t_SL          1  0.9    31    19     667    (-,-) 
  aitb_addinc_FP32_ALU_col2_fracAdder_add_113_18_g1025/Y       -       B->Y    R     OA21x2_ASAP7_75t_SL            4  4.8    31    31     698    (-,-) 
  aitb_addinc_FP32_ALU_col2_fracAdder_add_113_18_g1019/Y       -       A->Y    F     INVx4_ASAP7_75t_SL             9  7.6    22    14     712    (-,-) 
  aitb_addinc_FP32_ALU_col2_fracAdder_add_113_18_g1008/Y       -       A2->Y   R     AOI21xp5_ASAP7_75t_L           1  1.3    42    24     736    (-,-) 
  aitb_addinc_FP32_ALU_col2_fracAdder_add_113_18_g995/Y        -       B->Y    R     XOR2xp5_ASAP7_75t_SL           2  2.3    57    37     773    (-,-) 
  aitb_g27961__7098/Y                                          -       D->Y    F     NOR4xp75_ASAP7_75t_SL          1  1.2    30    14     786    (-,-) 
  aitb_g27955__6783/Y                                          -       B->Y    F     AND3x4_ASAP7_75t_SL           10  8.0    25    36     823    (-,-) 
  aitb_g27953__5526/Y                                          -       A2->Y   R     AOI21xp5_ASAP7_75t_L           2  2.6    69    37     860    (-,-) 
  aitb_g27945__1666/Y                                          -       C->Y    F     NAND4xp75_ASAP7_75t_SL         1  1.8    41    19     879    (-,-) 
  aitb_g27943__2883/Y                                          -       B->Y    R     NOR2x1p5_ASAP7_75t_SL          4  4.4    42    24     904    (-,-) 
  aitb_g27942/Y                                                -       A->Y    F     INVx4_ASAP7_75t_SL             7  5.7    22    13     917    (-,-) 
  aitb_g27936__5115/Y                                          -       A2->Y   R     OAI21xp5_ASAP7_75t_SL          1  1.3    36    20     937    (-,-) 
  aitb_g27929__5122/Y                                          -       A->Y    F     NOR2x1_ASAP7_75t_SL            2  2.4    32    21     958    (-,-) 
  aitb_g27927__2802/Y                                          -       C->Y    R     NAND4xp75_ASAP7_75t_SL         5  3.9    42    23     981    (-,-) 
  aitb_g27375__3680/Y                                          -       B->Y    F     NOR2x1_ASAP7_75t_SL            3  3.1    34    24    1005    (-,-) 
  aitb_g27918__5477/Y                                          -       A2->Y   R     AOI21x1_ASAP7_75t_SL           2  2.2    37    20    1024    (-,-) 
  aitb_g27916/Y                                                -       A->Y    F     INVx2_ASAP7_75t_SL             1  0.9    14     7    1031    (-,-) 
  aitb_g27912__2346/Y                                          -       A2->Y   F     OA21x2_ASAP7_75t_SL            3  2.0    16    25    1056    (-,-) 
  aitb_g27905__4733/Y                                          -       B->Y    R     NAND2xp5_ASAP7_75t_SL          1  0.9    26    13    1070    (-,-) 
  aitb_g27903__5115/Y                                          -       A1->Y   F     OAI21xp5_ASAP7_75t_SL          2  2.0    36    21    1091    (-,-) 
  aitb_g27901__6131/Y                                          -       A2->Y   R     AOI21x1_ASAP7_75t_SL           2  1.9    38    19    1110    (-,-) 
  aitb_g27898__8246/Y                                          -       B->Y    F     NOR2x1_ASAP7_75t_SL            1  1.8    25    17    1127    (-,-) 
  aitb_g27897__5122/Y                                          -       A->Y    R     NAND2x1p5_ASAP7_75t_SL         3  2.3    26    18    1144    (-,-) 
  aitb_g27896/Y                                                -       A->Y    F     INVx1_ASAP7_75t_L              1  0.8    14    11    1156    (-,-) 
  aitb_g27890__3680/Y                                          -       B->Y    R     NAND2xp5_ASAP7_75t_SL          1  1.3    30    16    1171    (-,-) 
  aitb_g27877__6417/Y                                          -       A->Y    R     AND2x6_ASAP7_75t_SL           25 26.2    51    41    1212    (-,-) 
  aitb_g27873/Y                                                -       A->Y    F     CKINVDCx16_ASAP7_75t_SL       26 18.7    24    14    1226    (-,-) 
  aitb_g27231__2398/Y                                          -       B1->Y   R     AOI22xp5_ASAP7_75t_SL          2  2.7    68    34    1260    (-,-) 
  aitb_g27815__1617/Y                                          -       A1->Y   F     OAI22x1_ASAP7_75t_SL           5  3.7    49    28    1287    (-,-) 
  g47847/Y                                                     -       A->Y    F     HB1xp67_ASAP7_75t_SRAM         4  4.1    91    92    1379    (-,-) 
  aitb_inc_FP32_ALU_col2_roundingAdder_add_274_18_spec1_g575/Y -       A->Y    R     NAND2x1p5_ASAP7_75t_SL         2  2.3    46    30    1410    (-,-) 
  aitb_inc_FP32_ALU_col2_roundingAdder_add_274_18_spec1_g562/Y -       B->Y    F     NOR2x1p5_ASAP7_75t_SL          2  2.4    24    16    1426    (-,-) 
  aitb_inc_FP32_ALU_col2_roundingAdder_add_274_18_spec1_g559/Y -       B->Y    R     NAND2x1p5_ASAP7_75t_SL         4  3.4    45    19    1445    (-,-) 
  aitb_inc_FP32_ALU_col2_roundingAdder_add_274_18_spec1_g555/Y -       B->Y    F     NOR2x1p5_ASAP7_75t_SL          2  1.8    22    14    1458    (-,-) 
  aitb_inc_FP32_ALU_col2_roundingAdder_add_274_18_spec1_g548/Y -       B->Y    R     NAND2x1_ASAP7_75t_SL           2  2.6    36    21    1480    (-,-) 
  aitb_inc_FP32_ALU_col2_roundingAdder_add_274_18_spec1_g537/Y -       B->Y    F     NOR2x1p5_ASAP7_75t_SL          2  2.4    21    15    1494    (-,-) 
  aitb_inc_FP32_ALU_col2_roundingAdder_add_274_18_spec1_g524/Y -       B->Y    R     NAND2x1p5_ASAP7_75t_SL         2  2.1    22    15    1509    (-,-) 
  aitb_inc_FP32_ALU_col2_roundingAdder_add_274_18_spec1_g509/Y -       B->Y    F     NOR2x1_ASAP7_75t_SL            2  1.4    24    13    1522    (-,-) 
  aitb_inc_FP32_ALU_col2_roundingAdder_add_274_18_spec1_g489/Y -       A->Y    F     AND3x2_ASAP7_75t_SL            2  1.9    14    20    1543    (-,-) 
  aitb_inc_FP32_ALU_col2_roundingAdder_add_274_18_spec1_g483/Y -       B->Y    R     NAND2x1_ASAP7_75t_SL           2  1.9    38    16    1559    (-,-) 
  aitb_inc_FP32_ALU_col2_roundingAdder_add_274_18_spec1_g480/Y -       B->Y    F     NOR2x1_ASAP7_75t_SL            2  1.4    22    15    1574    (-,-) 
  aitb_inc_FP32_ALU_col2_roundingAdder_add_274_18_spec1_g475/Y -       B->Y    F     AND2x2_ASAP7_75t_SL            2  2.6    17    25    1599    (-,-) 
  aitb_inc_FP32_ALU_col2_roundingAdder_add_274_18_spec1_g473/Y -       B->Y    R     NAND2x1p5_ASAP7_75t_SL         3  3.1    39    17    1616    (-,-) 
  aitb_inc_FP32_ALU_col2_roundingAdder_add_274_18_spec1_g471/Y -       B->Y    F     NOR2x1_ASAP7_75t_SL            1  1.2    22    14    1630    (-,-) 
  aitb_inc_FP32_ALU_col2_roundingAdder_add_274_18_spec1_g469/Y -       B->Y    F     XOR2xp5_ASAP7_75t_SL           1  0.8    28    21    1651    (-,-) 
  aitb_g26591/Y                                                -       A1->Y   R     AOI22xp5_ASAP7_75t_SL          2  2.4    68    31    1682    (-,-) 
  aitb_g26568/Y                                                -       A->Y    F     NOR4xp75_ASAP7_75t_SL          1  1.4    34    11    1693    (-,-) 
  aitb_g26555/Y                                                -       A1->Y   R     AOI21x1_ASAP7_75t_SL           2  2.2    35    19    1712    (-,-) 
  aitb_g26549/Y                                                -       A->Y    F     INVx2_ASAP7_75t_SL             9  4.9    26    17    1729    (-,-) 
  aitb_g26538/Y                                                -       B->Y    R     NOR2x1_ASAP7_75t_L            17 11.7   137    69    1798    (-,-) 
  aitb_g26463/Y                                                -       B1->Y   F     AOI221xp5_ASAP7_75t_SL         1  0.9    62    30    1828    (-,-) 
  aitb_PIPE_OUT_col2_stage_reg_reg[0][18]/D                    -       -       F     ASYNC_DFFHx1_ASAP7_75t_SL      1    -     -     0    1828    (-,-) 
#-------------------------------------------------------------------------------------------------------------------------------------------------------



Path 42: MET (51 ps) Setup Check with Pin aitb_PIPE_OUT_col2_stage_reg_reg[0][17]/CLK->D
           View: PVT_0P63V_100C.setup_view
          Group: clk
     Startpoint: (R) aitb_PIPE_cascade_in_col2_stage_reg_reg[0][1]/CLK
          Clock: (R) clk
       Endpoint: (F) aitb_PIPE_OUT_col2_stage_reg_reg[0][17]/D
          Clock: (R) clk

                     Capture       Launch     
        Clock Edge:+    2000            0     
       Src Latency:+       0            0     
       Net Latency:+       0 (I)        0 (I) 
           Arrival:=    2000            0     
                                              
             Setup:-      21                  
       Uncertainty:-     100                  
     Required Time:=    1879                  
      Launch Clock:-       0                  
         Data Path:-    1828                  
             Slack:=      51                  

#-------------------------------------------------------------------------------------------------------------------------------------------------------
#                        Timing Point                          Flags    Arc    Edge           Cell             Fanout Load Trans Delay Arrival Instance 
#                                                                                                                     (fF)  (ps)  (ps)   (ps)  Location 
#-------------------------------------------------------------------------------------------------------------------------------------------------------
  aitb_PIPE_cascade_in_col2_stage_reg_reg[0][1]/CLK            -       -       R     (arrival)                   1147    -     0     0       0    (-,-) 
  aitb_PIPE_cascade_in_col2_stage_reg_reg[0][1]/QN             -       CLK->QN R     ASYNC_DFFHx1_ASAP7_75t_SL      1  0.8    24    48      48    (-,-) 
  aitb_g46925/Y                                                -       B->Y    R     AND2x2_ASAP7_75t_SL            1  1.4    18    21      69    (-,-) 
  aitb_g46773/Y                                                -       B->Y    F     AOI21x1_ASAP7_75t_SL           4  2.8    56    15      84    (-,-) 
  aitb_g46317/Y                                                -       B1->Y   R     OAI22xp5_ASAP7_75t_SL          1  1.4    50    27     111    (-,-) 
  aitb_g46265/Y                                                -       B->Y    F     AOI21x1_ASAP7_75t_SL           2  1.6    26    15     126    (-,-) 
  aitb_g46210/Y                                                -       A->Y    R     NOR3xp33_ASAP7_75t_SL          1  0.8    40    22     148    (-,-) 
  aitb_g46073/Y                                                -       A1->Y   F     O2A1O1Ixp33_ASAP7_75t_SL       1  0.8    29    16     164    (-,-) 
  aitb_g46058/Y                                                -       B->Y    R     NAND2xp5_ASAP7_75t_SL          1  0.8    22    16     180    (-,-) 
  aitb_g46037/Y                                                -       B->Y    R     AND2x2_ASAP7_75t_SL            2  1.7    16    22     202    (-,-) 
  aitb_g46020/Y                                                -       A2->Y   F     OAI21xp5_ASAP7_75t_SL          1  1.5    37    16     218    (-,-) 
  aitb_g45999/Y                                                -       A->Y    F     BUFx6f_ASAP7_75t_SL           11  7.9    17    26     244    (-,-) 
  aitb_g45998/Y                                                -       A->Y    F     BUFx3_ASAP7_75t_SL             7  5.2    18    24     268    (-,-) 
  aitb_g45966/Y                                                -       B1->Y   R     AOI22xp5_ASAP7_75t_SL          3  2.1    53    28     295    (-,-) 
  aitb_g45883/Y                                                -       B->Y    R     AND2x2_ASAP7_75t_SL            2  1.5    16    25     320    (-,-) 
  aitb_g45783/Y                                                -       A->Y    F     NAND3xp33_ASAP7_75t_SL         2  1.7    47    22     342    (-,-) 
  aitb_g45629/Y                                                -       A1->Y   R     OAI21xp5_ASAP7_75t_SL          1  0.8    32    18     359    (-,-) 
  aitb_g45615/Y                                                -       B->Y    R     OR2x4_ASAP7_75t_SL             7 10.6    34    39     398    (-,-) 
  aitb_g45609/Y                                                -       A->Y    F     INVx8_ASAP7_75t_SL             9 10.7    20    12     410    (-,-) 
  aitb_g45590__8246/Y                                          -       A->Y    F     AND2x4_ASAP7_75t_SL           12 10.2    24    30     440    (-,-) 
  aitb_g45545__6783/Y                                          -       A2->Y   F     AO22x1_ASAP7_75t_SL            2  2.0    24    30     470    (-,-) 
  aitb_g45476__5115/Y                                          -       B1->Y   R     AOI22x1_ASAP7_75t_SL           2  2.7    42    22     493    (-,-) 
  aitb_g45436__5115/Y                                          -       A1->Y   F     OAI22x1_ASAP7_75t_SL           2  1.5    30    17     510    (-,-) 
  aitb_g45379__5477/Y                                          -       B1->Y   R     AOI22xp5_ASAP7_75t_SL          1  1.2    41    24     533    (-,-) 
  aitb_g45302__9315/Y                                          -       B->Y    F     XNOR2x2_ASAP7_75t_SL           2  2.0    20    37     570    (-,-) 
  aitb_addinc_FP32_ALU_col2_fracAdder_add_113_18_g1251/Y       -       B->Y    R     NOR2x1_ASAP7_75t_SL            3  2.0    34    16     586    (-,-) 
  aitb_addinc_FP32_ALU_col2_fracAdder_add_113_18_g1223/Y       -       A->Y    F     INVx1_ASAP7_75t_L              1  0.8    16    12     598    (-,-) 
  aitb_addinc_FP32_ALU_col2_fracAdder_add_113_18_g1113/Y       -       A2->Y   R     AOI21xp5_ASAP7_75t_L           3  2.4    63    34     632    (-,-) 
  aitb_addinc_FP32_ALU_col2_fracAdder_add_113_18_g1058/Y       -       A2->Y   F     OAI21xp5_ASAP7_75t_SL          1  0.8    30    16     647    (-,-) 
  aitb_addinc_FP32_ALU_col2_fracAdder_add_113_18_g1047/Y       -       B->Y    R     AOI21xp5_ASAP7_75t_SL          1  0.9    31    19     667    (-,-) 
  aitb_addinc_FP32_ALU_col2_fracAdder_add_113_18_g1025/Y       -       B->Y    R     OA21x2_ASAP7_75t_SL            4  4.8    31    31     698    (-,-) 
  aitb_addinc_FP32_ALU_col2_fracAdder_add_113_18_g1019/Y       -       A->Y    F     INVx4_ASAP7_75t_SL             9  7.6    22    14     712    (-,-) 
  aitb_addinc_FP32_ALU_col2_fracAdder_add_113_18_g1008/Y       -       A2->Y   R     AOI21xp5_ASAP7_75t_L           1  1.3    42    24     736    (-,-) 
  aitb_addinc_FP32_ALU_col2_fracAdder_add_113_18_g995/Y        -       B->Y    R     XOR2xp5_ASAP7_75t_SL           2  2.3    57    37     773    (-,-) 
  aitb_g27961__7098/Y                                          -       D->Y    F     NOR4xp75_ASAP7_75t_SL          1  1.2    30    14     786    (-,-) 
  aitb_g27955__6783/Y                                          -       B->Y    F     AND3x4_ASAP7_75t_SL           10  8.0    25    36     823    (-,-) 
  aitb_g27953__5526/Y                                          -       A2->Y   R     AOI21xp5_ASAP7_75t_L           2  2.6    69    37     860    (-,-) 
  aitb_g27945__1666/Y                                          -       C->Y    F     NAND4xp75_ASAP7_75t_SL         1  1.8    41    19     879    (-,-) 
  aitb_g27943__2883/Y                                          -       B->Y    R     NOR2x1p5_ASAP7_75t_SL          4  4.4    42    24     904    (-,-) 
  aitb_g27942/Y                                                -       A->Y    F     INVx4_ASAP7_75t_SL             7  5.7    22    13     917    (-,-) 
  aitb_g27936__5115/Y                                          -       A2->Y   R     OAI21xp5_ASAP7_75t_SL          1  1.3    36    20     937    (-,-) 
  aitb_g27929__5122/Y                                          -       A->Y    F     NOR2x1_ASAP7_75t_SL            2  2.4    32    21     958    (-,-) 
  aitb_g27927__2802/Y                                          -       C->Y    R     NAND4xp75_ASAP7_75t_SL         5  3.9    42    23     981    (-,-) 
  aitb_g27375__3680/Y                                          -       B->Y    F     NOR2x1_ASAP7_75t_SL            3  3.1    34    24    1005    (-,-) 
  aitb_g27918__5477/Y                                          -       A2->Y   R     AOI21x1_ASAP7_75t_SL           2  2.2    37    20    1024    (-,-) 
  aitb_g27916/Y                                                -       A->Y    F     INVx2_ASAP7_75t_SL             1  0.9    14     7    1031    (-,-) 
  aitb_g27912__2346/Y                                          -       A2->Y   F     OA21x2_ASAP7_75t_SL            3  2.0    16    25    1056    (-,-) 
  aitb_g27905__4733/Y                                          -       B->Y    R     NAND2xp5_ASAP7_75t_SL          1  0.9    26    13    1070    (-,-) 
  aitb_g27903__5115/Y                                          -       A1->Y   F     OAI21xp5_ASAP7_75t_SL          2  2.0    36    21    1091    (-,-) 
  aitb_g27901__6131/Y                                          -       A2->Y   R     AOI21x1_ASAP7_75t_SL           2  1.9    38    19    1110    (-,-) 
  aitb_g27898__8246/Y                                          -       B->Y    F     NOR2x1_ASAP7_75t_SL            1  1.8    25    17    1127    (-,-) 
  aitb_g27897__5122/Y                                          -       A->Y    R     NAND2x1p5_ASAP7_75t_SL         3  2.3    26    18    1144    (-,-) 
  aitb_g27896/Y                                                -       A->Y    F     INVx1_ASAP7_75t_L              1  0.8    14    11    1156    (-,-) 
  aitb_g27890__3680/Y                                          -       B->Y    R     NAND2xp5_ASAP7_75t_SL          1  1.3    30    16    1171    (-,-) 
  aitb_g27877__6417/Y                                          -       A->Y    R     AND2x6_ASAP7_75t_SL           25 26.2    51    41    1212    (-,-) 
  aitb_g27873/Y                                                -       A->Y    F     CKINVDCx16_ASAP7_75t_SL       26 18.7    24    14    1226    (-,-) 
  aitb_g27231__2398/Y                                          -       B1->Y   R     AOI22xp5_ASAP7_75t_SL          2  2.7    68    34    1260    (-,-) 
  aitb_g27815__1617/Y                                          -       A1->Y   F     OAI22x1_ASAP7_75t_SL           5  3.7    49    28    1287    (-,-) 
  g47847/Y                                                     -       A->Y    F     HB1xp67_ASAP7_75t_SRAM         4  4.1    91    92    1379    (-,-) 
  aitb_inc_FP32_ALU_col2_roundingAdder_add_274_18_spec1_g575/Y -       A->Y    R     NAND2x1p5_ASAP7_75t_SL         2  2.3    46    30    1410    (-,-) 
  aitb_inc_FP32_ALU_col2_roundingAdder_add_274_18_spec1_g562/Y -       B->Y    F     NOR2x1p5_ASAP7_75t_SL          2  2.4    24    16    1426    (-,-) 
  aitb_inc_FP32_ALU_col2_roundingAdder_add_274_18_spec1_g559/Y -       B->Y    R     NAND2x1p5_ASAP7_75t_SL         4  3.4    45    19    1445    (-,-) 
  aitb_inc_FP32_ALU_col2_roundingAdder_add_274_18_spec1_g555/Y -       B->Y    F     NOR2x1p5_ASAP7_75t_SL          2  1.8    22    14    1458    (-,-) 
  aitb_inc_FP32_ALU_col2_roundingAdder_add_274_18_spec1_g548/Y -       B->Y    R     NAND2x1_ASAP7_75t_SL           2  2.6    36    21    1480    (-,-) 
  aitb_inc_FP32_ALU_col2_roundingAdder_add_274_18_spec1_g537/Y -       B->Y    F     NOR2x1p5_ASAP7_75t_SL          2  2.4    21    15    1494    (-,-) 
  aitb_inc_FP32_ALU_col2_roundingAdder_add_274_18_spec1_g524/Y -       B->Y    R     NAND2x1p5_ASAP7_75t_SL         2  2.1    22    15    1509    (-,-) 
  aitb_inc_FP32_ALU_col2_roundingAdder_add_274_18_spec1_g509/Y -       B->Y    F     NOR2x1_ASAP7_75t_SL            2  1.4    24    13    1522    (-,-) 
  aitb_inc_FP32_ALU_col2_roundingAdder_add_274_18_spec1_g489/Y -       A->Y    F     AND3x2_ASAP7_75t_SL            2  1.9    14    20    1543    (-,-) 
  aitb_inc_FP32_ALU_col2_roundingAdder_add_274_18_spec1_g483/Y -       B->Y    R     NAND2x1_ASAP7_75t_SL           2  1.9    38    16    1559    (-,-) 
  aitb_inc_FP32_ALU_col2_roundingAdder_add_274_18_spec1_g480/Y -       B->Y    F     NOR2x1_ASAP7_75t_SL            2  1.4    22    15    1574    (-,-) 
  aitb_inc_FP32_ALU_col2_roundingAdder_add_274_18_spec1_g475/Y -       B->Y    F     AND2x2_ASAP7_75t_SL            2  2.6    17    25    1599    (-,-) 
  aitb_inc_FP32_ALU_col2_roundingAdder_add_274_18_spec1_g473/Y -       B->Y    R     NAND2x1p5_ASAP7_75t_SL         3  3.1    39    17    1616    (-,-) 
  aitb_inc_FP32_ALU_col2_roundingAdder_add_274_18_spec1_g471/Y -       B->Y    F     NOR2x1_ASAP7_75t_SL            1  1.2    22    14    1630    (-,-) 
  aitb_inc_FP32_ALU_col2_roundingAdder_add_274_18_spec1_g469/Y -       B->Y    F     XOR2xp5_ASAP7_75t_SL           1  0.8    28    21    1651    (-,-) 
  aitb_g26591/Y                                                -       A1->Y   R     AOI22xp5_ASAP7_75t_SL          2  2.4    68    31    1682    (-,-) 
  aitb_g26568/Y                                                -       A->Y    F     NOR4xp75_ASAP7_75t_SL          1  1.4    34    11    1693    (-,-) 
  aitb_g26555/Y                                                -       A1->Y   R     AOI21x1_ASAP7_75t_SL           2  2.2    35    19    1712    (-,-) 
  aitb_g26549/Y                                                -       A->Y    F     INVx2_ASAP7_75t_SL             9  4.9    26    17    1729    (-,-) 
  aitb_g26538/Y                                                -       B->Y    R     NOR2x1_ASAP7_75t_L            17 11.7   137    69    1798    (-,-) 
  aitb_g26461/Y                                                -       B1->Y   F     AOI221xp5_ASAP7_75t_SL         1  0.9    62    30    1828    (-,-) 
  aitb_PIPE_OUT_col2_stage_reg_reg[0][17]/D                    -       -       F     ASYNC_DFFHx1_ASAP7_75t_SL      1    -     -     0    1828    (-,-) 
#-------------------------------------------------------------------------------------------------------------------------------------------------------



Path 43: MET (51 ps) Setup Check with Pin aitb_PIPE_OUT_col2_stage_reg_reg[0][16]/CLK->D
           View: PVT_0P63V_100C.setup_view
          Group: clk
     Startpoint: (R) aitb_PIPE_cascade_in_col2_stage_reg_reg[0][1]/CLK
          Clock: (R) clk
       Endpoint: (F) aitb_PIPE_OUT_col2_stage_reg_reg[0][16]/D
          Clock: (R) clk

                     Capture       Launch     
        Clock Edge:+    2000            0     
       Src Latency:+       0            0     
       Net Latency:+       0 (I)        0 (I) 
           Arrival:=    2000            0     
                                              
             Setup:-      21                  
       Uncertainty:-     100                  
     Required Time:=    1879                  
      Launch Clock:-       0                  
         Data Path:-    1828                  
             Slack:=      51                  

#-------------------------------------------------------------------------------------------------------------------------------------------------------
#                        Timing Point                          Flags    Arc    Edge           Cell             Fanout Load Trans Delay Arrival Instance 
#                                                                                                                     (fF)  (ps)  (ps)   (ps)  Location 
#-------------------------------------------------------------------------------------------------------------------------------------------------------
  aitb_PIPE_cascade_in_col2_stage_reg_reg[0][1]/CLK            -       -       R     (arrival)                   1147    -     0     0       0    (-,-) 
  aitb_PIPE_cascade_in_col2_stage_reg_reg[0][1]/QN             -       CLK->QN R     ASYNC_DFFHx1_ASAP7_75t_SL      1  0.8    24    48      48    (-,-) 
  aitb_g46925/Y                                                -       B->Y    R     AND2x2_ASAP7_75t_SL            1  1.4    18    21      69    (-,-) 
  aitb_g46773/Y                                                -       B->Y    F     AOI21x1_ASAP7_75t_SL           4  2.8    56    15      84    (-,-) 
  aitb_g46317/Y                                                -       B1->Y   R     OAI22xp5_ASAP7_75t_SL          1  1.4    50    27     111    (-,-) 
  aitb_g46265/Y                                                -       B->Y    F     AOI21x1_ASAP7_75t_SL           2  1.6    26    15     126    (-,-) 
  aitb_g46210/Y                                                -       A->Y    R     NOR3xp33_ASAP7_75t_SL          1  0.8    40    22     148    (-,-) 
  aitb_g46073/Y                                                -       A1->Y   F     O2A1O1Ixp33_ASAP7_75t_SL       1  0.8    29    16     164    (-,-) 
  aitb_g46058/Y                                                -       B->Y    R     NAND2xp5_ASAP7_75t_SL          1  0.8    22    16     180    (-,-) 
  aitb_g46037/Y                                                -       B->Y    R     AND2x2_ASAP7_75t_SL            2  1.7    16    22     202    (-,-) 
  aitb_g46020/Y                                                -       A2->Y   F     OAI21xp5_ASAP7_75t_SL          1  1.5    37    16     218    (-,-) 
  aitb_g45999/Y                                                -       A->Y    F     BUFx6f_ASAP7_75t_SL           11  7.9    17    26     244    (-,-) 
  aitb_g45998/Y                                                -       A->Y    F     BUFx3_ASAP7_75t_SL             7  5.2    18    24     268    (-,-) 
  aitb_g45966/Y                                                -       B1->Y   R     AOI22xp5_ASAP7_75t_SL          3  2.1    53    28     295    (-,-) 
  aitb_g45883/Y                                                -       B->Y    R     AND2x2_ASAP7_75t_SL            2  1.5    16    25     320    (-,-) 
  aitb_g45783/Y                                                -       A->Y    F     NAND3xp33_ASAP7_75t_SL         2  1.7    47    22     342    (-,-) 
  aitb_g45629/Y                                                -       A1->Y   R     OAI21xp5_ASAP7_75t_SL          1  0.8    32    18     359    (-,-) 
  aitb_g45615/Y                                                -       B->Y    R     OR2x4_ASAP7_75t_SL             7 10.6    34    39     398    (-,-) 
  aitb_g45609/Y                                                -       A->Y    F     INVx8_ASAP7_75t_SL             9 10.7    20    12     410    (-,-) 
  aitb_g45590__8246/Y                                          -       A->Y    F     AND2x4_ASAP7_75t_SL           12 10.2    24    30     440    (-,-) 
  aitb_g45545__6783/Y                                          -       A2->Y   F     AO22x1_ASAP7_75t_SL            2  2.0    24    30     470    (-,-) 
  aitb_g45476__5115/Y                                          -       B1->Y   R     AOI22x1_ASAP7_75t_SL           2  2.7    42    22     493    (-,-) 
  aitb_g45436__5115/Y                                          -       A1->Y   F     OAI22x1_ASAP7_75t_SL           2  1.5    30    17     510    (-,-) 
  aitb_g45379__5477/Y                                          -       B1->Y   R     AOI22xp5_ASAP7_75t_SL          1  1.2    41    24     533    (-,-) 
  aitb_g45302__9315/Y                                          -       B->Y    F     XNOR2x2_ASAP7_75t_SL           2  2.0    20    37     570    (-,-) 
  aitb_addinc_FP32_ALU_col2_fracAdder_add_113_18_g1251/Y       -       B->Y    R     NOR2x1_ASAP7_75t_SL            3  2.0    34    16     586    (-,-) 
  aitb_addinc_FP32_ALU_col2_fracAdder_add_113_18_g1223/Y       -       A->Y    F     INVx1_ASAP7_75t_L              1  0.8    16    12     598    (-,-) 
  aitb_addinc_FP32_ALU_col2_fracAdder_add_113_18_g1113/Y       -       A2->Y   R     AOI21xp5_ASAP7_75t_L           3  2.4    63    34     632    (-,-) 
  aitb_addinc_FP32_ALU_col2_fracAdder_add_113_18_g1058/Y       -       A2->Y   F     OAI21xp5_ASAP7_75t_SL          1  0.8    30    16     647    (-,-) 
  aitb_addinc_FP32_ALU_col2_fracAdder_add_113_18_g1047/Y       -       B->Y    R     AOI21xp5_ASAP7_75t_SL          1  0.9    31    19     667    (-,-) 
  aitb_addinc_FP32_ALU_col2_fracAdder_add_113_18_g1025/Y       -       B->Y    R     OA21x2_ASAP7_75t_SL            4  4.8    31    31     698    (-,-) 
  aitb_addinc_FP32_ALU_col2_fracAdder_add_113_18_g1019/Y       -       A->Y    F     INVx4_ASAP7_75t_SL             9  7.6    22    14     712    (-,-) 
  aitb_addinc_FP32_ALU_col2_fracAdder_add_113_18_g1008/Y       -       A2->Y   R     AOI21xp5_ASAP7_75t_L           1  1.3    42    24     736    (-,-) 
  aitb_addinc_FP32_ALU_col2_fracAdder_add_113_18_g995/Y        -       B->Y    R     XOR2xp5_ASAP7_75t_SL           2  2.3    57    37     773    (-,-) 
  aitb_g27961__7098/Y                                          -       D->Y    F     NOR4xp75_ASAP7_75t_SL          1  1.2    30    14     786    (-,-) 
  aitb_g27955__6783/Y                                          -       B->Y    F     AND3x4_ASAP7_75t_SL           10  8.0    25    36     823    (-,-) 
  aitb_g27953__5526/Y                                          -       A2->Y   R     AOI21xp5_ASAP7_75t_L           2  2.6    69    37     860    (-,-) 
  aitb_g27945__1666/Y                                          -       C->Y    F     NAND4xp75_ASAP7_75t_SL         1  1.8    41    19     879    (-,-) 
  aitb_g27943__2883/Y                                          -       B->Y    R     NOR2x1p5_ASAP7_75t_SL          4  4.4    42    24     904    (-,-) 
  aitb_g27942/Y                                                -       A->Y    F     INVx4_ASAP7_75t_SL             7  5.7    22    13     917    (-,-) 
  aitb_g27936__5115/Y                                          -       A2->Y   R     OAI21xp5_ASAP7_75t_SL          1  1.3    36    20     937    (-,-) 
  aitb_g27929__5122/Y                                          -       A->Y    F     NOR2x1_ASAP7_75t_SL            2  2.4    32    21     958    (-,-) 
  aitb_g27927__2802/Y                                          -       C->Y    R     NAND4xp75_ASAP7_75t_SL         5  3.9    42    23     981    (-,-) 
  aitb_g27375__3680/Y                                          -       B->Y    F     NOR2x1_ASAP7_75t_SL            3  3.1    34    24    1005    (-,-) 
  aitb_g27918__5477/Y                                          -       A2->Y   R     AOI21x1_ASAP7_75t_SL           2  2.2    37    20    1024    (-,-) 
  aitb_g27916/Y                                                -       A->Y    F     INVx2_ASAP7_75t_SL             1  0.9    14     7    1031    (-,-) 
  aitb_g27912__2346/Y                                          -       A2->Y   F     OA21x2_ASAP7_75t_SL            3  2.0    16    25    1056    (-,-) 
  aitb_g27905__4733/Y                                          -       B->Y    R     NAND2xp5_ASAP7_75t_SL          1  0.9    26    13    1070    (-,-) 
  aitb_g27903__5115/Y                                          -       A1->Y   F     OAI21xp5_ASAP7_75t_SL          2  2.0    36    21    1091    (-,-) 
  aitb_g27901__6131/Y                                          -       A2->Y   R     AOI21x1_ASAP7_75t_SL           2  1.9    38    19    1110    (-,-) 
  aitb_g27898__8246/Y                                          -       B->Y    F     NOR2x1_ASAP7_75t_SL            1  1.8    25    17    1127    (-,-) 
  aitb_g27897__5122/Y                                          -       A->Y    R     NAND2x1p5_ASAP7_75t_SL         3  2.3    26    18    1144    (-,-) 
  aitb_g27896/Y                                                -       A->Y    F     INVx1_ASAP7_75t_L              1  0.8    14    11    1156    (-,-) 
  aitb_g27890__3680/Y                                          -       B->Y    R     NAND2xp5_ASAP7_75t_SL          1  1.3    30    16    1171    (-,-) 
  aitb_g27877__6417/Y                                          -       A->Y    R     AND2x6_ASAP7_75t_SL           25 26.2    51    41    1212    (-,-) 
  aitb_g27873/Y                                                -       A->Y    F     CKINVDCx16_ASAP7_75t_SL       26 18.7    24    14    1226    (-,-) 
  aitb_g27231__2398/Y                                          -       B1->Y   R     AOI22xp5_ASAP7_75t_SL          2  2.7    68    34    1260    (-,-) 
  aitb_g27815__1617/Y                                          -       A1->Y   F     OAI22x1_ASAP7_75t_SL           5  3.7    49    28    1287    (-,-) 
  g47847/Y                                                     -       A->Y    F     HB1xp67_ASAP7_75t_SRAM         4  4.1    91    92    1379    (-,-) 
  aitb_inc_FP32_ALU_col2_roundingAdder_add_274_18_spec1_g575/Y -       A->Y    R     NAND2x1p5_ASAP7_75t_SL         2  2.3    46    30    1410    (-,-) 
  aitb_inc_FP32_ALU_col2_roundingAdder_add_274_18_spec1_g562/Y -       B->Y    F     NOR2x1p5_ASAP7_75t_SL          2  2.4    24    16    1426    (-,-) 
  aitb_inc_FP32_ALU_col2_roundingAdder_add_274_18_spec1_g559/Y -       B->Y    R     NAND2x1p5_ASAP7_75t_SL         4  3.4    45    19    1445    (-,-) 
  aitb_inc_FP32_ALU_col2_roundingAdder_add_274_18_spec1_g555/Y -       B->Y    F     NOR2x1p5_ASAP7_75t_SL          2  1.8    22    14    1458    (-,-) 
  aitb_inc_FP32_ALU_col2_roundingAdder_add_274_18_spec1_g548/Y -       B->Y    R     NAND2x1_ASAP7_75t_SL           2  2.6    36    21    1480    (-,-) 
  aitb_inc_FP32_ALU_col2_roundingAdder_add_274_18_spec1_g537/Y -       B->Y    F     NOR2x1p5_ASAP7_75t_SL          2  2.4    21    15    1494    (-,-) 
  aitb_inc_FP32_ALU_col2_roundingAdder_add_274_18_spec1_g524/Y -       B->Y    R     NAND2x1p5_ASAP7_75t_SL         2  2.1    22    15    1509    (-,-) 
  aitb_inc_FP32_ALU_col2_roundingAdder_add_274_18_spec1_g509/Y -       B->Y    F     NOR2x1_ASAP7_75t_SL            2  1.4    24    13    1522    (-,-) 
  aitb_inc_FP32_ALU_col2_roundingAdder_add_274_18_spec1_g489/Y -       A->Y    F     AND3x2_ASAP7_75t_SL            2  1.9    14    20    1543    (-,-) 
  aitb_inc_FP32_ALU_col2_roundingAdder_add_274_18_spec1_g483/Y -       B->Y    R     NAND2x1_ASAP7_75t_SL           2  1.9    38    16    1559    (-,-) 
  aitb_inc_FP32_ALU_col2_roundingAdder_add_274_18_spec1_g480/Y -       B->Y    F     NOR2x1_ASAP7_75t_SL            2  1.4    22    15    1574    (-,-) 
  aitb_inc_FP32_ALU_col2_roundingAdder_add_274_18_spec1_g475/Y -       B->Y    F     AND2x2_ASAP7_75t_SL            2  2.6    17    25    1599    (-,-) 
  aitb_inc_FP32_ALU_col2_roundingAdder_add_274_18_spec1_g473/Y -       B->Y    R     NAND2x1p5_ASAP7_75t_SL         3  3.1    39    17    1616    (-,-) 
  aitb_inc_FP32_ALU_col2_roundingAdder_add_274_18_spec1_g471/Y -       B->Y    F     NOR2x1_ASAP7_75t_SL            1  1.2    22    14    1630    (-,-) 
  aitb_inc_FP32_ALU_col2_roundingAdder_add_274_18_spec1_g469/Y -       B->Y    F     XOR2xp5_ASAP7_75t_SL           1  0.8    28    21    1651    (-,-) 
  aitb_g26591/Y                                                -       A1->Y   R     AOI22xp5_ASAP7_75t_SL          2  2.4    68    31    1682    (-,-) 
  aitb_g26568/Y                                                -       A->Y    F     NOR4xp75_ASAP7_75t_SL          1  1.4    34    11    1693    (-,-) 
  aitb_g26555/Y                                                -       A1->Y   R     AOI21x1_ASAP7_75t_SL           2  2.2    35    19    1712    (-,-) 
  aitb_g26549/Y                                                -       A->Y    F     INVx2_ASAP7_75t_SL             9  4.9    26    17    1729    (-,-) 
  aitb_g26538/Y                                                -       B->Y    R     NOR2x1_ASAP7_75t_L            17 11.7   137    69    1798    (-,-) 
  aitb_g26460/Y                                                -       B1->Y   F     AOI221xp5_ASAP7_75t_SL         1  0.9    62    30    1828    (-,-) 
  aitb_PIPE_OUT_col2_stage_reg_reg[0][16]/D                    -       -       F     ASYNC_DFFHx1_ASAP7_75t_SL      1    -     -     0    1828    (-,-) 
#-------------------------------------------------------------------------------------------------------------------------------------------------------



Path 44: MET (51 ps) Setup Check with Pin aitb_PIPE_OUT_col2_stage_reg_reg[0][15]/CLK->D
           View: PVT_0P63V_100C.setup_view
          Group: clk
     Startpoint: (R) aitb_PIPE_cascade_in_col2_stage_reg_reg[0][1]/CLK
          Clock: (R) clk
       Endpoint: (F) aitb_PIPE_OUT_col2_stage_reg_reg[0][15]/D
          Clock: (R) clk

                     Capture       Launch     
        Clock Edge:+    2000            0     
       Src Latency:+       0            0     
       Net Latency:+       0 (I)        0 (I) 
           Arrival:=    2000            0     
                                              
             Setup:-      21                  
       Uncertainty:-     100                  
     Required Time:=    1879                  
      Launch Clock:-       0                  
         Data Path:-    1828                  
             Slack:=      51                  

#-------------------------------------------------------------------------------------------------------------------------------------------------------
#                        Timing Point                          Flags    Arc    Edge           Cell             Fanout Load Trans Delay Arrival Instance 
#                                                                                                                     (fF)  (ps)  (ps)   (ps)  Location 
#-------------------------------------------------------------------------------------------------------------------------------------------------------
  aitb_PIPE_cascade_in_col2_stage_reg_reg[0][1]/CLK            -       -       R     (arrival)                   1147    -     0     0       0    (-,-) 
  aitb_PIPE_cascade_in_col2_stage_reg_reg[0][1]/QN             -       CLK->QN R     ASYNC_DFFHx1_ASAP7_75t_SL      1  0.8    24    48      48    (-,-) 
  aitb_g46925/Y                                                -       B->Y    R     AND2x2_ASAP7_75t_SL            1  1.4    18    21      69    (-,-) 
  aitb_g46773/Y                                                -       B->Y    F     AOI21x1_ASAP7_75t_SL           4  2.8    56    15      84    (-,-) 
  aitb_g46317/Y                                                -       B1->Y   R     OAI22xp5_ASAP7_75t_SL          1  1.4    50    27     111    (-,-) 
  aitb_g46265/Y                                                -       B->Y    F     AOI21x1_ASAP7_75t_SL           2  1.6    26    15     126    (-,-) 
  aitb_g46210/Y                                                -       A->Y    R     NOR3xp33_ASAP7_75t_SL          1  0.8    40    22     148    (-,-) 
  aitb_g46073/Y                                                -       A1->Y   F     O2A1O1Ixp33_ASAP7_75t_SL       1  0.8    29    16     164    (-,-) 
  aitb_g46058/Y                                                -       B->Y    R     NAND2xp5_ASAP7_75t_SL          1  0.8    22    16     180    (-,-) 
  aitb_g46037/Y                                                -       B->Y    R     AND2x2_ASAP7_75t_SL            2  1.7    16    22     202    (-,-) 
  aitb_g46020/Y                                                -       A2->Y   F     OAI21xp5_ASAP7_75t_SL          1  1.5    37    16     218    (-,-) 
  aitb_g45999/Y                                                -       A->Y    F     BUFx6f_ASAP7_75t_SL           11  7.9    17    26     244    (-,-) 
  aitb_g45998/Y                                                -       A->Y    F     BUFx3_ASAP7_75t_SL             7  5.2    18    24     268    (-,-) 
  aitb_g45966/Y                                                -       B1->Y   R     AOI22xp5_ASAP7_75t_SL          3  2.1    53    28     295    (-,-) 
  aitb_g45883/Y                                                -       B->Y    R     AND2x2_ASAP7_75t_SL            2  1.5    16    25     320    (-,-) 
  aitb_g45783/Y                                                -       A->Y    F     NAND3xp33_ASAP7_75t_SL         2  1.7    47    22     342    (-,-) 
  aitb_g45629/Y                                                -       A1->Y   R     OAI21xp5_ASAP7_75t_SL          1  0.8    32    18     359    (-,-) 
  aitb_g45615/Y                                                -       B->Y    R     OR2x4_ASAP7_75t_SL             7 10.6    34    39     398    (-,-) 
  aitb_g45609/Y                                                -       A->Y    F     INVx8_ASAP7_75t_SL             9 10.7    20    12     410    (-,-) 
  aitb_g45590__8246/Y                                          -       A->Y    F     AND2x4_ASAP7_75t_SL           12 10.2    24    30     440    (-,-) 
  aitb_g45545__6783/Y                                          -       A2->Y   F     AO22x1_ASAP7_75t_SL            2  2.0    24    30     470    (-,-) 
  aitb_g45476__5115/Y                                          -       B1->Y   R     AOI22x1_ASAP7_75t_SL           2  2.7    42    22     493    (-,-) 
  aitb_g45436__5115/Y                                          -       A1->Y   F     OAI22x1_ASAP7_75t_SL           2  1.5    30    17     510    (-,-) 
  aitb_g45379__5477/Y                                          -       B1->Y   R     AOI22xp5_ASAP7_75t_SL          1  1.2    41    24     533    (-,-) 
  aitb_g45302__9315/Y                                          -       B->Y    F     XNOR2x2_ASAP7_75t_SL           2  2.0    20    37     570    (-,-) 
  aitb_addinc_FP32_ALU_col2_fracAdder_add_113_18_g1251/Y       -       B->Y    R     NOR2x1_ASAP7_75t_SL            3  2.0    34    16     586    (-,-) 
  aitb_addinc_FP32_ALU_col2_fracAdder_add_113_18_g1223/Y       -       A->Y    F     INVx1_ASAP7_75t_L              1  0.8    16    12     598    (-,-) 
  aitb_addinc_FP32_ALU_col2_fracAdder_add_113_18_g1113/Y       -       A2->Y   R     AOI21xp5_ASAP7_75t_L           3  2.4    63    34     632    (-,-) 
  aitb_addinc_FP32_ALU_col2_fracAdder_add_113_18_g1058/Y       -       A2->Y   F     OAI21xp5_ASAP7_75t_SL          1  0.8    30    16     647    (-,-) 
  aitb_addinc_FP32_ALU_col2_fracAdder_add_113_18_g1047/Y       -       B->Y    R     AOI21xp5_ASAP7_75t_SL          1  0.9    31    19     667    (-,-) 
  aitb_addinc_FP32_ALU_col2_fracAdder_add_113_18_g1025/Y       -       B->Y    R     OA21x2_ASAP7_75t_SL            4  4.8    31    31     698    (-,-) 
  aitb_addinc_FP32_ALU_col2_fracAdder_add_113_18_g1019/Y       -       A->Y    F     INVx4_ASAP7_75t_SL             9  7.6    22    14     712    (-,-) 
  aitb_addinc_FP32_ALU_col2_fracAdder_add_113_18_g1008/Y       -       A2->Y   R     AOI21xp5_ASAP7_75t_L           1  1.3    42    24     736    (-,-) 
  aitb_addinc_FP32_ALU_col2_fracAdder_add_113_18_g995/Y        -       B->Y    R     XOR2xp5_ASAP7_75t_SL           2  2.3    57    37     773    (-,-) 
  aitb_g27961__7098/Y                                          -       D->Y    F     NOR4xp75_ASAP7_75t_SL          1  1.2    30    14     786    (-,-) 
  aitb_g27955__6783/Y                                          -       B->Y    F     AND3x4_ASAP7_75t_SL           10  8.0    25    36     823    (-,-) 
  aitb_g27953__5526/Y                                          -       A2->Y   R     AOI21xp5_ASAP7_75t_L           2  2.6    69    37     860    (-,-) 
  aitb_g27945__1666/Y                                          -       C->Y    F     NAND4xp75_ASAP7_75t_SL         1  1.8    41    19     879    (-,-) 
  aitb_g27943__2883/Y                                          -       B->Y    R     NOR2x1p5_ASAP7_75t_SL          4  4.4    42    24     904    (-,-) 
  aitb_g27942/Y                                                -       A->Y    F     INVx4_ASAP7_75t_SL             7  5.7    22    13     917    (-,-) 
  aitb_g27936__5115/Y                                          -       A2->Y   R     OAI21xp5_ASAP7_75t_SL          1  1.3    36    20     937    (-,-) 
  aitb_g27929__5122/Y                                          -       A->Y    F     NOR2x1_ASAP7_75t_SL            2  2.4    32    21     958    (-,-) 
  aitb_g27927__2802/Y                                          -       C->Y    R     NAND4xp75_ASAP7_75t_SL         5  3.9    42    23     981    (-,-) 
  aitb_g27375__3680/Y                                          -       B->Y    F     NOR2x1_ASAP7_75t_SL            3  3.1    34    24    1005    (-,-) 
  aitb_g27918__5477/Y                                          -       A2->Y   R     AOI21x1_ASAP7_75t_SL           2  2.2    37    20    1024    (-,-) 
  aitb_g27916/Y                                                -       A->Y    F     INVx2_ASAP7_75t_SL             1  0.9    14     7    1031    (-,-) 
  aitb_g27912__2346/Y                                          -       A2->Y   F     OA21x2_ASAP7_75t_SL            3  2.0    16    25    1056    (-,-) 
  aitb_g27905__4733/Y                                          -       B->Y    R     NAND2xp5_ASAP7_75t_SL          1  0.9    26    13    1070    (-,-) 
  aitb_g27903__5115/Y                                          -       A1->Y   F     OAI21xp5_ASAP7_75t_SL          2  2.0    36    21    1091    (-,-) 
  aitb_g27901__6131/Y                                          -       A2->Y   R     AOI21x1_ASAP7_75t_SL           2  1.9    38    19    1110    (-,-) 
  aitb_g27898__8246/Y                                          -       B->Y    F     NOR2x1_ASAP7_75t_SL            1  1.8    25    17    1127    (-,-) 
  aitb_g27897__5122/Y                                          -       A->Y    R     NAND2x1p5_ASAP7_75t_SL         3  2.3    26    18    1144    (-,-) 
  aitb_g27896/Y                                                -       A->Y    F     INVx1_ASAP7_75t_L              1  0.8    14    11    1156    (-,-) 
  aitb_g27890__3680/Y                                          -       B->Y    R     NAND2xp5_ASAP7_75t_SL          1  1.3    30    16    1171    (-,-) 
  aitb_g27877__6417/Y                                          -       A->Y    R     AND2x6_ASAP7_75t_SL           25 26.2    51    41    1212    (-,-) 
  aitb_g27873/Y                                                -       A->Y    F     CKINVDCx16_ASAP7_75t_SL       26 18.7    24    14    1226    (-,-) 
  aitb_g27231__2398/Y                                          -       B1->Y   R     AOI22xp5_ASAP7_75t_SL          2  2.7    68    34    1260    (-,-) 
  aitb_g27815__1617/Y                                          -       A1->Y   F     OAI22x1_ASAP7_75t_SL           5  3.7    49    28    1287    (-,-) 
  g47847/Y                                                     -       A->Y    F     HB1xp67_ASAP7_75t_SRAM         4  4.1    91    92    1379    (-,-) 
  aitb_inc_FP32_ALU_col2_roundingAdder_add_274_18_spec1_g575/Y -       A->Y    R     NAND2x1p5_ASAP7_75t_SL         2  2.3    46    30    1410    (-,-) 
  aitb_inc_FP32_ALU_col2_roundingAdder_add_274_18_spec1_g562/Y -       B->Y    F     NOR2x1p5_ASAP7_75t_SL          2  2.4    24    16    1426    (-,-) 
  aitb_inc_FP32_ALU_col2_roundingAdder_add_274_18_spec1_g559/Y -       B->Y    R     NAND2x1p5_ASAP7_75t_SL         4  3.4    45    19    1445    (-,-) 
  aitb_inc_FP32_ALU_col2_roundingAdder_add_274_18_spec1_g555/Y -       B->Y    F     NOR2x1p5_ASAP7_75t_SL          2  1.8    22    14    1458    (-,-) 
  aitb_inc_FP32_ALU_col2_roundingAdder_add_274_18_spec1_g548/Y -       B->Y    R     NAND2x1_ASAP7_75t_SL           2  2.6    36    21    1480    (-,-) 
  aitb_inc_FP32_ALU_col2_roundingAdder_add_274_18_spec1_g537/Y -       B->Y    F     NOR2x1p5_ASAP7_75t_SL          2  2.4    21    15    1494    (-,-) 
  aitb_inc_FP32_ALU_col2_roundingAdder_add_274_18_spec1_g524/Y -       B->Y    R     NAND2x1p5_ASAP7_75t_SL         2  2.1    22    15    1509    (-,-) 
  aitb_inc_FP32_ALU_col2_roundingAdder_add_274_18_spec1_g509/Y -       B->Y    F     NOR2x1_ASAP7_75t_SL            2  1.4    24    13    1522    (-,-) 
  aitb_inc_FP32_ALU_col2_roundingAdder_add_274_18_spec1_g489/Y -       A->Y    F     AND3x2_ASAP7_75t_SL            2  1.9    14    20    1543    (-,-) 
  aitb_inc_FP32_ALU_col2_roundingAdder_add_274_18_spec1_g483/Y -       B->Y    R     NAND2x1_ASAP7_75t_SL           2  1.9    38    16    1559    (-,-) 
  aitb_inc_FP32_ALU_col2_roundingAdder_add_274_18_spec1_g480/Y -       B->Y    F     NOR2x1_ASAP7_75t_SL            2  1.4    22    15    1574    (-,-) 
  aitb_inc_FP32_ALU_col2_roundingAdder_add_274_18_spec1_g475/Y -       B->Y    F     AND2x2_ASAP7_75t_SL            2  2.6    17    25    1599    (-,-) 
  aitb_inc_FP32_ALU_col2_roundingAdder_add_274_18_spec1_g473/Y -       B->Y    R     NAND2x1p5_ASAP7_75t_SL         3  3.1    39    17    1616    (-,-) 
  aitb_inc_FP32_ALU_col2_roundingAdder_add_274_18_spec1_g471/Y -       B->Y    F     NOR2x1_ASAP7_75t_SL            1  1.2    22    14    1630    (-,-) 
  aitb_inc_FP32_ALU_col2_roundingAdder_add_274_18_spec1_g469/Y -       B->Y    F     XOR2xp5_ASAP7_75t_SL           1  0.8    28    21    1651    (-,-) 
  aitb_g26591/Y                                                -       A1->Y   R     AOI22xp5_ASAP7_75t_SL          2  2.4    68    31    1682    (-,-) 
  aitb_g26568/Y                                                -       A->Y    F     NOR4xp75_ASAP7_75t_SL          1  1.4    34    11    1693    (-,-) 
  aitb_g26555/Y                                                -       A1->Y   R     AOI21x1_ASAP7_75t_SL           2  2.2    35    19    1712    (-,-) 
  aitb_g26549/Y                                                -       A->Y    F     INVx2_ASAP7_75t_SL             9  4.9    26    17    1729    (-,-) 
  aitb_g26538/Y                                                -       B->Y    R     NOR2x1_ASAP7_75t_L            17 11.7   137    69    1798    (-,-) 
  aitb_g26459/Y                                                -       B1->Y   F     AOI221xp5_ASAP7_75t_SL         1  0.9    62    30    1828    (-,-) 
  aitb_PIPE_OUT_col2_stage_reg_reg[0][15]/D                    -       -       F     ASYNC_DFFHx1_ASAP7_75t_SL      1    -     -     0    1828    (-,-) 
#-------------------------------------------------------------------------------------------------------------------------------------------------------



Path 45: MET (51 ps) Setup Check with Pin aitb_PIPE_OUT_col2_stage_reg_reg[0][14]/CLK->D
           View: PVT_0P63V_100C.setup_view
          Group: clk
     Startpoint: (R) aitb_PIPE_cascade_in_col2_stage_reg_reg[0][1]/CLK
          Clock: (R) clk
       Endpoint: (F) aitb_PIPE_OUT_col2_stage_reg_reg[0][14]/D
          Clock: (R) clk

                     Capture       Launch     
        Clock Edge:+    2000            0     
       Src Latency:+       0            0     
       Net Latency:+       0 (I)        0 (I) 
           Arrival:=    2000            0     
                                              
             Setup:-      21                  
       Uncertainty:-     100                  
     Required Time:=    1879                  
      Launch Clock:-       0                  
         Data Path:-    1828                  
             Slack:=      51                  

#-------------------------------------------------------------------------------------------------------------------------------------------------------
#                        Timing Point                          Flags    Arc    Edge           Cell             Fanout Load Trans Delay Arrival Instance 
#                                                                                                                     (fF)  (ps)  (ps)   (ps)  Location 
#-------------------------------------------------------------------------------------------------------------------------------------------------------
  aitb_PIPE_cascade_in_col2_stage_reg_reg[0][1]/CLK            -       -       R     (arrival)                   1147    -     0     0       0    (-,-) 
  aitb_PIPE_cascade_in_col2_stage_reg_reg[0][1]/QN             -       CLK->QN R     ASYNC_DFFHx1_ASAP7_75t_SL      1  0.8    24    48      48    (-,-) 
  aitb_g46925/Y                                                -       B->Y    R     AND2x2_ASAP7_75t_SL            1  1.4    18    21      69    (-,-) 
  aitb_g46773/Y                                                -       B->Y    F     AOI21x1_ASAP7_75t_SL           4  2.8    56    15      84    (-,-) 
  aitb_g46317/Y                                                -       B1->Y   R     OAI22xp5_ASAP7_75t_SL          1  1.4    50    27     111    (-,-) 
  aitb_g46265/Y                                                -       B->Y    F     AOI21x1_ASAP7_75t_SL           2  1.6    26    15     126    (-,-) 
  aitb_g46210/Y                                                -       A->Y    R     NOR3xp33_ASAP7_75t_SL          1  0.8    40    22     148    (-,-) 
  aitb_g46073/Y                                                -       A1->Y   F     O2A1O1Ixp33_ASAP7_75t_SL       1  0.8    29    16     164    (-,-) 
  aitb_g46058/Y                                                -       B->Y    R     NAND2xp5_ASAP7_75t_SL          1  0.8    22    16     180    (-,-) 
  aitb_g46037/Y                                                -       B->Y    R     AND2x2_ASAP7_75t_SL            2  1.7    16    22     202    (-,-) 
  aitb_g46020/Y                                                -       A2->Y   F     OAI21xp5_ASAP7_75t_SL          1  1.5    37    16     218    (-,-) 
  aitb_g45999/Y                                                -       A->Y    F     BUFx6f_ASAP7_75t_SL           11  7.9    17    26     244    (-,-) 
  aitb_g45998/Y                                                -       A->Y    F     BUFx3_ASAP7_75t_SL             7  5.2    18    24     268    (-,-) 
  aitb_g45966/Y                                                -       B1->Y   R     AOI22xp5_ASAP7_75t_SL          3  2.1    53    28     295    (-,-) 
  aitb_g45883/Y                                                -       B->Y    R     AND2x2_ASAP7_75t_SL            2  1.5    16    25     320    (-,-) 
  aitb_g45783/Y                                                -       A->Y    F     NAND3xp33_ASAP7_75t_SL         2  1.7    47    22     342    (-,-) 
  aitb_g45629/Y                                                -       A1->Y   R     OAI21xp5_ASAP7_75t_SL          1  0.8    32    18     359    (-,-) 
  aitb_g45615/Y                                                -       B->Y    R     OR2x4_ASAP7_75t_SL             7 10.6    34    39     398    (-,-) 
  aitb_g45609/Y                                                -       A->Y    F     INVx8_ASAP7_75t_SL             9 10.7    20    12     410    (-,-) 
  aitb_g45590__8246/Y                                          -       A->Y    F     AND2x4_ASAP7_75t_SL           12 10.2    24    30     440    (-,-) 
  aitb_g45545__6783/Y                                          -       A2->Y   F     AO22x1_ASAP7_75t_SL            2  2.0    24    30     470    (-,-) 
  aitb_g45476__5115/Y                                          -       B1->Y   R     AOI22x1_ASAP7_75t_SL           2  2.7    42    22     493    (-,-) 
  aitb_g45436__5115/Y                                          -       A1->Y   F     OAI22x1_ASAP7_75t_SL           2  1.5    30    17     510    (-,-) 
  aitb_g45379__5477/Y                                          -       B1->Y   R     AOI22xp5_ASAP7_75t_SL          1  1.2    41    24     533    (-,-) 
  aitb_g45302__9315/Y                                          -       B->Y    F     XNOR2x2_ASAP7_75t_SL           2  2.0    20    37     570    (-,-) 
  aitb_addinc_FP32_ALU_col2_fracAdder_add_113_18_g1251/Y       -       B->Y    R     NOR2x1_ASAP7_75t_SL            3  2.0    34    16     586    (-,-) 
  aitb_addinc_FP32_ALU_col2_fracAdder_add_113_18_g1223/Y       -       A->Y    F     INVx1_ASAP7_75t_L              1  0.8    16    12     598    (-,-) 
  aitb_addinc_FP32_ALU_col2_fracAdder_add_113_18_g1113/Y       -       A2->Y   R     AOI21xp5_ASAP7_75t_L           3  2.4    63    34     632    (-,-) 
  aitb_addinc_FP32_ALU_col2_fracAdder_add_113_18_g1058/Y       -       A2->Y   F     OAI21xp5_ASAP7_75t_SL          1  0.8    30    16     647    (-,-) 
  aitb_addinc_FP32_ALU_col2_fracAdder_add_113_18_g1047/Y       -       B->Y    R     AOI21xp5_ASAP7_75t_SL          1  0.9    31    19     667    (-,-) 
  aitb_addinc_FP32_ALU_col2_fracAdder_add_113_18_g1025/Y       -       B->Y    R     OA21x2_ASAP7_75t_SL            4  4.8    31    31     698    (-,-) 
  aitb_addinc_FP32_ALU_col2_fracAdder_add_113_18_g1019/Y       -       A->Y    F     INVx4_ASAP7_75t_SL             9  7.6    22    14     712    (-,-) 
  aitb_addinc_FP32_ALU_col2_fracAdder_add_113_18_g1008/Y       -       A2->Y   R     AOI21xp5_ASAP7_75t_L           1  1.3    42    24     736    (-,-) 
  aitb_addinc_FP32_ALU_col2_fracAdder_add_113_18_g995/Y        -       B->Y    R     XOR2xp5_ASAP7_75t_SL           2  2.3    57    37     773    (-,-) 
  aitb_g27961__7098/Y                                          -       D->Y    F     NOR4xp75_ASAP7_75t_SL          1  1.2    30    14     786    (-,-) 
  aitb_g27955__6783/Y                                          -       B->Y    F     AND3x4_ASAP7_75t_SL           10  8.0    25    36     823    (-,-) 
  aitb_g27953__5526/Y                                          -       A2->Y   R     AOI21xp5_ASAP7_75t_L           2  2.6    69    37     860    (-,-) 
  aitb_g27945__1666/Y                                          -       C->Y    F     NAND4xp75_ASAP7_75t_SL         1  1.8    41    19     879    (-,-) 
  aitb_g27943__2883/Y                                          -       B->Y    R     NOR2x1p5_ASAP7_75t_SL          4  4.4    42    24     904    (-,-) 
  aitb_g27942/Y                                                -       A->Y    F     INVx4_ASAP7_75t_SL             7  5.7    22    13     917    (-,-) 
  aitb_g27936__5115/Y                                          -       A2->Y   R     OAI21xp5_ASAP7_75t_SL          1  1.3    36    20     937    (-,-) 
  aitb_g27929__5122/Y                                          -       A->Y    F     NOR2x1_ASAP7_75t_SL            2  2.4    32    21     958    (-,-) 
  aitb_g27927__2802/Y                                          -       C->Y    R     NAND4xp75_ASAP7_75t_SL         5  3.9    42    23     981    (-,-) 
  aitb_g27375__3680/Y                                          -       B->Y    F     NOR2x1_ASAP7_75t_SL            3  3.1    34    24    1005    (-,-) 
  aitb_g27918__5477/Y                                          -       A2->Y   R     AOI21x1_ASAP7_75t_SL           2  2.2    37    20    1024    (-,-) 
  aitb_g27916/Y                                                -       A->Y    F     INVx2_ASAP7_75t_SL             1  0.9    14     7    1031    (-,-) 
  aitb_g27912__2346/Y                                          -       A2->Y   F     OA21x2_ASAP7_75t_SL            3  2.0    16    25    1056    (-,-) 
  aitb_g27905__4733/Y                                          -       B->Y    R     NAND2xp5_ASAP7_75t_SL          1  0.9    26    13    1070    (-,-) 
  aitb_g27903__5115/Y                                          -       A1->Y   F     OAI21xp5_ASAP7_75t_SL          2  2.0    36    21    1091    (-,-) 
  aitb_g27901__6131/Y                                          -       A2->Y   R     AOI21x1_ASAP7_75t_SL           2  1.9    38    19    1110    (-,-) 
  aitb_g27898__8246/Y                                          -       B->Y    F     NOR2x1_ASAP7_75t_SL            1  1.8    25    17    1127    (-,-) 
  aitb_g27897__5122/Y                                          -       A->Y    R     NAND2x1p5_ASAP7_75t_SL         3  2.3    26    18    1144    (-,-) 
  aitb_g27896/Y                                                -       A->Y    F     INVx1_ASAP7_75t_L              1  0.8    14    11    1156    (-,-) 
  aitb_g27890__3680/Y                                          -       B->Y    R     NAND2xp5_ASAP7_75t_SL          1  1.3    30    16    1171    (-,-) 
  aitb_g27877__6417/Y                                          -       A->Y    R     AND2x6_ASAP7_75t_SL           25 26.2    51    41    1212    (-,-) 
  aitb_g27873/Y                                                -       A->Y    F     CKINVDCx16_ASAP7_75t_SL       26 18.7    24    14    1226    (-,-) 
  aitb_g27231__2398/Y                                          -       B1->Y   R     AOI22xp5_ASAP7_75t_SL          2  2.7    68    34    1260    (-,-) 
  aitb_g27815__1617/Y                                          -       A1->Y   F     OAI22x1_ASAP7_75t_SL           5  3.7    49    28    1287    (-,-) 
  g47847/Y                                                     -       A->Y    F     HB1xp67_ASAP7_75t_SRAM         4  4.1    91    92    1379    (-,-) 
  aitb_inc_FP32_ALU_col2_roundingAdder_add_274_18_spec1_g575/Y -       A->Y    R     NAND2x1p5_ASAP7_75t_SL         2  2.3    46    30    1410    (-,-) 
  aitb_inc_FP32_ALU_col2_roundingAdder_add_274_18_spec1_g562/Y -       B->Y    F     NOR2x1p5_ASAP7_75t_SL          2  2.4    24    16    1426    (-,-) 
  aitb_inc_FP32_ALU_col2_roundingAdder_add_274_18_spec1_g559/Y -       B->Y    R     NAND2x1p5_ASAP7_75t_SL         4  3.4    45    19    1445    (-,-) 
  aitb_inc_FP32_ALU_col2_roundingAdder_add_274_18_spec1_g555/Y -       B->Y    F     NOR2x1p5_ASAP7_75t_SL          2  1.8    22    14    1458    (-,-) 
  aitb_inc_FP32_ALU_col2_roundingAdder_add_274_18_spec1_g548/Y -       B->Y    R     NAND2x1_ASAP7_75t_SL           2  2.6    36    21    1480    (-,-) 
  aitb_inc_FP32_ALU_col2_roundingAdder_add_274_18_spec1_g537/Y -       B->Y    F     NOR2x1p5_ASAP7_75t_SL          2  2.4    21    15    1494    (-,-) 
  aitb_inc_FP32_ALU_col2_roundingAdder_add_274_18_spec1_g524/Y -       B->Y    R     NAND2x1p5_ASAP7_75t_SL         2  2.1    22    15    1509    (-,-) 
  aitb_inc_FP32_ALU_col2_roundingAdder_add_274_18_spec1_g509/Y -       B->Y    F     NOR2x1_ASAP7_75t_SL            2  1.4    24    13    1522    (-,-) 
  aitb_inc_FP32_ALU_col2_roundingAdder_add_274_18_spec1_g489/Y -       A->Y    F     AND3x2_ASAP7_75t_SL            2  1.9    14    20    1543    (-,-) 
  aitb_inc_FP32_ALU_col2_roundingAdder_add_274_18_spec1_g483/Y -       B->Y    R     NAND2x1_ASAP7_75t_SL           2  1.9    38    16    1559    (-,-) 
  aitb_inc_FP32_ALU_col2_roundingAdder_add_274_18_spec1_g480/Y -       B->Y    F     NOR2x1_ASAP7_75t_SL            2  1.4    22    15    1574    (-,-) 
  aitb_inc_FP32_ALU_col2_roundingAdder_add_274_18_spec1_g475/Y -       B->Y    F     AND2x2_ASAP7_75t_SL            2  2.6    17    25    1599    (-,-) 
  aitb_inc_FP32_ALU_col2_roundingAdder_add_274_18_spec1_g473/Y -       B->Y    R     NAND2x1p5_ASAP7_75t_SL         3  3.1    39    17    1616    (-,-) 
  aitb_inc_FP32_ALU_col2_roundingAdder_add_274_18_spec1_g471/Y -       B->Y    F     NOR2x1_ASAP7_75t_SL            1  1.2    22    14    1630    (-,-) 
  aitb_inc_FP32_ALU_col2_roundingAdder_add_274_18_spec1_g469/Y -       B->Y    F     XOR2xp5_ASAP7_75t_SL           1  0.8    28    21    1651    (-,-) 
  aitb_g26591/Y                                                -       A1->Y   R     AOI22xp5_ASAP7_75t_SL          2  2.4    68    31    1682    (-,-) 
  aitb_g26568/Y                                                -       A->Y    F     NOR4xp75_ASAP7_75t_SL          1  1.4    34    11    1693    (-,-) 
  aitb_g26555/Y                                                -       A1->Y   R     AOI21x1_ASAP7_75t_SL           2  2.2    35    19    1712    (-,-) 
  aitb_g26549/Y                                                -       A->Y    F     INVx2_ASAP7_75t_SL             9  4.9    26    17    1729    (-,-) 
  aitb_g26538/Y                                                -       B->Y    R     NOR2x1_ASAP7_75t_L            17 11.7   137    69    1798    (-,-) 
  aitb_g26458/Y                                                -       B1->Y   F     AOI221xp5_ASAP7_75t_SL         1  0.9    62    30    1828    (-,-) 
  aitb_PIPE_OUT_col2_stage_reg_reg[0][14]/D                    -       -       F     ASYNC_DFFHx1_ASAP7_75t_SL      1    -     -     0    1828    (-,-) 
#-------------------------------------------------------------------------------------------------------------------------------------------------------



Path 46: MET (51 ps) Setup Check with Pin aitb_PIPE_OUT_col2_stage_reg_reg[0][13]/CLK->D
           View: PVT_0P63V_100C.setup_view
          Group: clk
     Startpoint: (R) aitb_PIPE_cascade_in_col2_stage_reg_reg[0][1]/CLK
          Clock: (R) clk
       Endpoint: (F) aitb_PIPE_OUT_col2_stage_reg_reg[0][13]/D
          Clock: (R) clk

                     Capture       Launch     
        Clock Edge:+    2000            0     
       Src Latency:+       0            0     
       Net Latency:+       0 (I)        0 (I) 
           Arrival:=    2000            0     
                                              
             Setup:-      21                  
       Uncertainty:-     100                  
     Required Time:=    1879                  
      Launch Clock:-       0                  
         Data Path:-    1828                  
             Slack:=      51                  

#-------------------------------------------------------------------------------------------------------------------------------------------------------
#                        Timing Point                          Flags    Arc    Edge           Cell             Fanout Load Trans Delay Arrival Instance 
#                                                                                                                     (fF)  (ps)  (ps)   (ps)  Location 
#-------------------------------------------------------------------------------------------------------------------------------------------------------
  aitb_PIPE_cascade_in_col2_stage_reg_reg[0][1]/CLK            -       -       R     (arrival)                   1147    -     0     0       0    (-,-) 
  aitb_PIPE_cascade_in_col2_stage_reg_reg[0][1]/QN             -       CLK->QN R     ASYNC_DFFHx1_ASAP7_75t_SL      1  0.8    24    48      48    (-,-) 
  aitb_g46925/Y                                                -       B->Y    R     AND2x2_ASAP7_75t_SL            1  1.4    18    21      69    (-,-) 
  aitb_g46773/Y                                                -       B->Y    F     AOI21x1_ASAP7_75t_SL           4  2.8    56    15      84    (-,-) 
  aitb_g46317/Y                                                -       B1->Y   R     OAI22xp5_ASAP7_75t_SL          1  1.4    50    27     111    (-,-) 
  aitb_g46265/Y                                                -       B->Y    F     AOI21x1_ASAP7_75t_SL           2  1.6    26    15     126    (-,-) 
  aitb_g46210/Y                                                -       A->Y    R     NOR3xp33_ASAP7_75t_SL          1  0.8    40    22     148    (-,-) 
  aitb_g46073/Y                                                -       A1->Y   F     O2A1O1Ixp33_ASAP7_75t_SL       1  0.8    29    16     164    (-,-) 
  aitb_g46058/Y                                                -       B->Y    R     NAND2xp5_ASAP7_75t_SL          1  0.8    22    16     180    (-,-) 
  aitb_g46037/Y                                                -       B->Y    R     AND2x2_ASAP7_75t_SL            2  1.7    16    22     202    (-,-) 
  aitb_g46020/Y                                                -       A2->Y   F     OAI21xp5_ASAP7_75t_SL          1  1.5    37    16     218    (-,-) 
  aitb_g45999/Y                                                -       A->Y    F     BUFx6f_ASAP7_75t_SL           11  7.9    17    26     244    (-,-) 
  aitb_g45998/Y                                                -       A->Y    F     BUFx3_ASAP7_75t_SL             7  5.2    18    24     268    (-,-) 
  aitb_g45966/Y                                                -       B1->Y   R     AOI22xp5_ASAP7_75t_SL          3  2.1    53    28     295    (-,-) 
  aitb_g45883/Y                                                -       B->Y    R     AND2x2_ASAP7_75t_SL            2  1.5    16    25     320    (-,-) 
  aitb_g45783/Y                                                -       A->Y    F     NAND3xp33_ASAP7_75t_SL         2  1.7    47    22     342    (-,-) 
  aitb_g45629/Y                                                -       A1->Y   R     OAI21xp5_ASAP7_75t_SL          1  0.8    32    18     359    (-,-) 
  aitb_g45615/Y                                                -       B->Y    R     OR2x4_ASAP7_75t_SL             7 10.6    34    39     398    (-,-) 
  aitb_g45609/Y                                                -       A->Y    F     INVx8_ASAP7_75t_SL             9 10.7    20    12     410    (-,-) 
  aitb_g45590__8246/Y                                          -       A->Y    F     AND2x4_ASAP7_75t_SL           12 10.2    24    30     440    (-,-) 
  aitb_g45545__6783/Y                                          -       A2->Y   F     AO22x1_ASAP7_75t_SL            2  2.0    24    30     470    (-,-) 
  aitb_g45476__5115/Y                                          -       B1->Y   R     AOI22x1_ASAP7_75t_SL           2  2.7    42    22     493    (-,-) 
  aitb_g45436__5115/Y                                          -       A1->Y   F     OAI22x1_ASAP7_75t_SL           2  1.5    30    17     510    (-,-) 
  aitb_g45379__5477/Y                                          -       B1->Y   R     AOI22xp5_ASAP7_75t_SL          1  1.2    41    24     533    (-,-) 
  aitb_g45302__9315/Y                                          -       B->Y    F     XNOR2x2_ASAP7_75t_SL           2  2.0    20    37     570    (-,-) 
  aitb_addinc_FP32_ALU_col2_fracAdder_add_113_18_g1251/Y       -       B->Y    R     NOR2x1_ASAP7_75t_SL            3  2.0    34    16     586    (-,-) 
  aitb_addinc_FP32_ALU_col2_fracAdder_add_113_18_g1223/Y       -       A->Y    F     INVx1_ASAP7_75t_L              1  0.8    16    12     598    (-,-) 
  aitb_addinc_FP32_ALU_col2_fracAdder_add_113_18_g1113/Y       -       A2->Y   R     AOI21xp5_ASAP7_75t_L           3  2.4    63    34     632    (-,-) 
  aitb_addinc_FP32_ALU_col2_fracAdder_add_113_18_g1058/Y       -       A2->Y   F     OAI21xp5_ASAP7_75t_SL          1  0.8    30    16     647    (-,-) 
  aitb_addinc_FP32_ALU_col2_fracAdder_add_113_18_g1047/Y       -       B->Y    R     AOI21xp5_ASAP7_75t_SL          1  0.9    31    19     667    (-,-) 
  aitb_addinc_FP32_ALU_col2_fracAdder_add_113_18_g1025/Y       -       B->Y    R     OA21x2_ASAP7_75t_SL            4  4.8    31    31     698    (-,-) 
  aitb_addinc_FP32_ALU_col2_fracAdder_add_113_18_g1019/Y       -       A->Y    F     INVx4_ASAP7_75t_SL             9  7.6    22    14     712    (-,-) 
  aitb_addinc_FP32_ALU_col2_fracAdder_add_113_18_g1008/Y       -       A2->Y   R     AOI21xp5_ASAP7_75t_L           1  1.3    42    24     736    (-,-) 
  aitb_addinc_FP32_ALU_col2_fracAdder_add_113_18_g995/Y        -       B->Y    R     XOR2xp5_ASAP7_75t_SL           2  2.3    57    37     773    (-,-) 
  aitb_g27961__7098/Y                                          -       D->Y    F     NOR4xp75_ASAP7_75t_SL          1  1.2    30    14     786    (-,-) 
  aitb_g27955__6783/Y                                          -       B->Y    F     AND3x4_ASAP7_75t_SL           10  8.0    25    36     823    (-,-) 
  aitb_g27953__5526/Y                                          -       A2->Y   R     AOI21xp5_ASAP7_75t_L           2  2.6    69    37     860    (-,-) 
  aitb_g27945__1666/Y                                          -       C->Y    F     NAND4xp75_ASAP7_75t_SL         1  1.8    41    19     879    (-,-) 
  aitb_g27943__2883/Y                                          -       B->Y    R     NOR2x1p5_ASAP7_75t_SL          4  4.4    42    24     904    (-,-) 
  aitb_g27942/Y                                                -       A->Y    F     INVx4_ASAP7_75t_SL             7  5.7    22    13     917    (-,-) 
  aitb_g27936__5115/Y                                          -       A2->Y   R     OAI21xp5_ASAP7_75t_SL          1  1.3    36    20     937    (-,-) 
  aitb_g27929__5122/Y                                          -       A->Y    F     NOR2x1_ASAP7_75t_SL            2  2.4    32    21     958    (-,-) 
  aitb_g27927__2802/Y                                          -       C->Y    R     NAND4xp75_ASAP7_75t_SL         5  3.9    42    23     981    (-,-) 
  aitb_g27375__3680/Y                                          -       B->Y    F     NOR2x1_ASAP7_75t_SL            3  3.1    34    24    1005    (-,-) 
  aitb_g27918__5477/Y                                          -       A2->Y   R     AOI21x1_ASAP7_75t_SL           2  2.2    37    20    1024    (-,-) 
  aitb_g27916/Y                                                -       A->Y    F     INVx2_ASAP7_75t_SL             1  0.9    14     7    1031    (-,-) 
  aitb_g27912__2346/Y                                          -       A2->Y   F     OA21x2_ASAP7_75t_SL            3  2.0    16    25    1056    (-,-) 
  aitb_g27905__4733/Y                                          -       B->Y    R     NAND2xp5_ASAP7_75t_SL          1  0.9    26    13    1070    (-,-) 
  aitb_g27903__5115/Y                                          -       A1->Y   F     OAI21xp5_ASAP7_75t_SL          2  2.0    36    21    1091    (-,-) 
  aitb_g27901__6131/Y                                          -       A2->Y   R     AOI21x1_ASAP7_75t_SL           2  1.9    38    19    1110    (-,-) 
  aitb_g27898__8246/Y                                          -       B->Y    F     NOR2x1_ASAP7_75t_SL            1  1.8    25    17    1127    (-,-) 
  aitb_g27897__5122/Y                                          -       A->Y    R     NAND2x1p5_ASAP7_75t_SL         3  2.3    26    18    1144    (-,-) 
  aitb_g27896/Y                                                -       A->Y    F     INVx1_ASAP7_75t_L              1  0.8    14    11    1156    (-,-) 
  aitb_g27890__3680/Y                                          -       B->Y    R     NAND2xp5_ASAP7_75t_SL          1  1.3    30    16    1171    (-,-) 
  aitb_g27877__6417/Y                                          -       A->Y    R     AND2x6_ASAP7_75t_SL           25 26.2    51    41    1212    (-,-) 
  aitb_g27873/Y                                                -       A->Y    F     CKINVDCx16_ASAP7_75t_SL       26 18.7    24    14    1226    (-,-) 
  aitb_g27231__2398/Y                                          -       B1->Y   R     AOI22xp5_ASAP7_75t_SL          2  2.7    68    34    1260    (-,-) 
  aitb_g27815__1617/Y                                          -       A1->Y   F     OAI22x1_ASAP7_75t_SL           5  3.7    49    28    1287    (-,-) 
  g47847/Y                                                     -       A->Y    F     HB1xp67_ASAP7_75t_SRAM         4  4.1    91    92    1379    (-,-) 
  aitb_inc_FP32_ALU_col2_roundingAdder_add_274_18_spec1_g575/Y -       A->Y    R     NAND2x1p5_ASAP7_75t_SL         2  2.3    46    30    1410    (-,-) 
  aitb_inc_FP32_ALU_col2_roundingAdder_add_274_18_spec1_g562/Y -       B->Y    F     NOR2x1p5_ASAP7_75t_SL          2  2.4    24    16    1426    (-,-) 
  aitb_inc_FP32_ALU_col2_roundingAdder_add_274_18_spec1_g559/Y -       B->Y    R     NAND2x1p5_ASAP7_75t_SL         4  3.4    45    19    1445    (-,-) 
  aitb_inc_FP32_ALU_col2_roundingAdder_add_274_18_spec1_g555/Y -       B->Y    F     NOR2x1p5_ASAP7_75t_SL          2  1.8    22    14    1458    (-,-) 
  aitb_inc_FP32_ALU_col2_roundingAdder_add_274_18_spec1_g548/Y -       B->Y    R     NAND2x1_ASAP7_75t_SL           2  2.6    36    21    1480    (-,-) 
  aitb_inc_FP32_ALU_col2_roundingAdder_add_274_18_spec1_g537/Y -       B->Y    F     NOR2x1p5_ASAP7_75t_SL          2  2.4    21    15    1494    (-,-) 
  aitb_inc_FP32_ALU_col2_roundingAdder_add_274_18_spec1_g524/Y -       B->Y    R     NAND2x1p5_ASAP7_75t_SL         2  2.1    22    15    1509    (-,-) 
  aitb_inc_FP32_ALU_col2_roundingAdder_add_274_18_spec1_g509/Y -       B->Y    F     NOR2x1_ASAP7_75t_SL            2  1.4    24    13    1522    (-,-) 
  aitb_inc_FP32_ALU_col2_roundingAdder_add_274_18_spec1_g489/Y -       A->Y    F     AND3x2_ASAP7_75t_SL            2  1.9    14    20    1543    (-,-) 
  aitb_inc_FP32_ALU_col2_roundingAdder_add_274_18_spec1_g483/Y -       B->Y    R     NAND2x1_ASAP7_75t_SL           2  1.9    38    16    1559    (-,-) 
  aitb_inc_FP32_ALU_col2_roundingAdder_add_274_18_spec1_g480/Y -       B->Y    F     NOR2x1_ASAP7_75t_SL            2  1.4    22    15    1574    (-,-) 
  aitb_inc_FP32_ALU_col2_roundingAdder_add_274_18_spec1_g475/Y -       B->Y    F     AND2x2_ASAP7_75t_SL            2  2.6    17    25    1599    (-,-) 
  aitb_inc_FP32_ALU_col2_roundingAdder_add_274_18_spec1_g473/Y -       B->Y    R     NAND2x1p5_ASAP7_75t_SL         3  3.1    39    17    1616    (-,-) 
  aitb_inc_FP32_ALU_col2_roundingAdder_add_274_18_spec1_g471/Y -       B->Y    F     NOR2x1_ASAP7_75t_SL            1  1.2    22    14    1630    (-,-) 
  aitb_inc_FP32_ALU_col2_roundingAdder_add_274_18_spec1_g469/Y -       B->Y    F     XOR2xp5_ASAP7_75t_SL           1  0.8    28    21    1651    (-,-) 
  aitb_g26591/Y                                                -       A1->Y   R     AOI22xp5_ASAP7_75t_SL          2  2.4    68    31    1682    (-,-) 
  aitb_g26568/Y                                                -       A->Y    F     NOR4xp75_ASAP7_75t_SL          1  1.4    34    11    1693    (-,-) 
  aitb_g26555/Y                                                -       A1->Y   R     AOI21x1_ASAP7_75t_SL           2  2.2    35    19    1712    (-,-) 
  aitb_g26549/Y                                                -       A->Y    F     INVx2_ASAP7_75t_SL             9  4.9    26    17    1729    (-,-) 
  aitb_g26538/Y                                                -       B->Y    R     NOR2x1_ASAP7_75t_L            17 11.7   137    69    1798    (-,-) 
  aitb_g26456/Y                                                -       B1->Y   F     AOI221xp5_ASAP7_75t_SL         1  0.9    62    30    1828    (-,-) 
  aitb_PIPE_OUT_col2_stage_reg_reg[0][13]/D                    -       -       F     ASYNC_DFFHx1_ASAP7_75t_SL      1    -     -     0    1828    (-,-) 
#-------------------------------------------------------------------------------------------------------------------------------------------------------



Path 47: MET (51 ps) Setup Check with Pin aitb_PIPE_OUT_col2_stage_reg_reg[0][12]/CLK->D
           View: PVT_0P63V_100C.setup_view
          Group: clk
     Startpoint: (R) aitb_PIPE_cascade_in_col2_stage_reg_reg[0][1]/CLK
          Clock: (R) clk
       Endpoint: (F) aitb_PIPE_OUT_col2_stage_reg_reg[0][12]/D
          Clock: (R) clk

                     Capture       Launch     
        Clock Edge:+    2000            0     
       Src Latency:+       0            0     
       Net Latency:+       0 (I)        0 (I) 
           Arrival:=    2000            0     
                                              
             Setup:-      21                  
       Uncertainty:-     100                  
     Required Time:=    1879                  
      Launch Clock:-       0                  
         Data Path:-    1828                  
             Slack:=      51                  

#-------------------------------------------------------------------------------------------------------------------------------------------------------
#                        Timing Point                          Flags    Arc    Edge           Cell             Fanout Load Trans Delay Arrival Instance 
#                                                                                                                     (fF)  (ps)  (ps)   (ps)  Location 
#-------------------------------------------------------------------------------------------------------------------------------------------------------
  aitb_PIPE_cascade_in_col2_stage_reg_reg[0][1]/CLK            -       -       R     (arrival)                   1147    -     0     0       0    (-,-) 
  aitb_PIPE_cascade_in_col2_stage_reg_reg[0][1]/QN             -       CLK->QN R     ASYNC_DFFHx1_ASAP7_75t_SL      1  0.8    24    48      48    (-,-) 
  aitb_g46925/Y                                                -       B->Y    R     AND2x2_ASAP7_75t_SL            1  1.4    18    21      69    (-,-) 
  aitb_g46773/Y                                                -       B->Y    F     AOI21x1_ASAP7_75t_SL           4  2.8    56    15      84    (-,-) 
  aitb_g46317/Y                                                -       B1->Y   R     OAI22xp5_ASAP7_75t_SL          1  1.4    50    27     111    (-,-) 
  aitb_g46265/Y                                                -       B->Y    F     AOI21x1_ASAP7_75t_SL           2  1.6    26    15     126    (-,-) 
  aitb_g46210/Y                                                -       A->Y    R     NOR3xp33_ASAP7_75t_SL          1  0.8    40    22     148    (-,-) 
  aitb_g46073/Y                                                -       A1->Y   F     O2A1O1Ixp33_ASAP7_75t_SL       1  0.8    29    16     164    (-,-) 
  aitb_g46058/Y                                                -       B->Y    R     NAND2xp5_ASAP7_75t_SL          1  0.8    22    16     180    (-,-) 
  aitb_g46037/Y                                                -       B->Y    R     AND2x2_ASAP7_75t_SL            2  1.7    16    22     202    (-,-) 
  aitb_g46020/Y                                                -       A2->Y   F     OAI21xp5_ASAP7_75t_SL          1  1.5    37    16     218    (-,-) 
  aitb_g45999/Y                                                -       A->Y    F     BUFx6f_ASAP7_75t_SL           11  7.9    17    26     244    (-,-) 
  aitb_g45998/Y                                                -       A->Y    F     BUFx3_ASAP7_75t_SL             7  5.2    18    24     268    (-,-) 
  aitb_g45966/Y                                                -       B1->Y   R     AOI22xp5_ASAP7_75t_SL          3  2.1    53    28     295    (-,-) 
  aitb_g45883/Y                                                -       B->Y    R     AND2x2_ASAP7_75t_SL            2  1.5    16    25     320    (-,-) 
  aitb_g45783/Y                                                -       A->Y    F     NAND3xp33_ASAP7_75t_SL         2  1.7    47    22     342    (-,-) 
  aitb_g45629/Y                                                -       A1->Y   R     OAI21xp5_ASAP7_75t_SL          1  0.8    32    18     359    (-,-) 
  aitb_g45615/Y                                                -       B->Y    R     OR2x4_ASAP7_75t_SL             7 10.6    34    39     398    (-,-) 
  aitb_g45609/Y                                                -       A->Y    F     INVx8_ASAP7_75t_SL             9 10.7    20    12     410    (-,-) 
  aitb_g45590__8246/Y                                          -       A->Y    F     AND2x4_ASAP7_75t_SL           12 10.2    24    30     440    (-,-) 
  aitb_g45545__6783/Y                                          -       A2->Y   F     AO22x1_ASAP7_75t_SL            2  2.0    24    30     470    (-,-) 
  aitb_g45476__5115/Y                                          -       B1->Y   R     AOI22x1_ASAP7_75t_SL           2  2.7    42    22     493    (-,-) 
  aitb_g45436__5115/Y                                          -       A1->Y   F     OAI22x1_ASAP7_75t_SL           2  1.5    30    17     510    (-,-) 
  aitb_g45379__5477/Y                                          -       B1->Y   R     AOI22xp5_ASAP7_75t_SL          1  1.2    41    24     533    (-,-) 
  aitb_g45302__9315/Y                                          -       B->Y    F     XNOR2x2_ASAP7_75t_SL           2  2.0    20    37     570    (-,-) 
  aitb_addinc_FP32_ALU_col2_fracAdder_add_113_18_g1251/Y       -       B->Y    R     NOR2x1_ASAP7_75t_SL            3  2.0    34    16     586    (-,-) 
  aitb_addinc_FP32_ALU_col2_fracAdder_add_113_18_g1223/Y       -       A->Y    F     INVx1_ASAP7_75t_L              1  0.8    16    12     598    (-,-) 
  aitb_addinc_FP32_ALU_col2_fracAdder_add_113_18_g1113/Y       -       A2->Y   R     AOI21xp5_ASAP7_75t_L           3  2.4    63    34     632    (-,-) 
  aitb_addinc_FP32_ALU_col2_fracAdder_add_113_18_g1058/Y       -       A2->Y   F     OAI21xp5_ASAP7_75t_SL          1  0.8    30    16     647    (-,-) 
  aitb_addinc_FP32_ALU_col2_fracAdder_add_113_18_g1047/Y       -       B->Y    R     AOI21xp5_ASAP7_75t_SL          1  0.9    31    19     667    (-,-) 
  aitb_addinc_FP32_ALU_col2_fracAdder_add_113_18_g1025/Y       -       B->Y    R     OA21x2_ASAP7_75t_SL            4  4.8    31    31     698    (-,-) 
  aitb_addinc_FP32_ALU_col2_fracAdder_add_113_18_g1019/Y       -       A->Y    F     INVx4_ASAP7_75t_SL             9  7.6    22    14     712    (-,-) 
  aitb_addinc_FP32_ALU_col2_fracAdder_add_113_18_g1008/Y       -       A2->Y   R     AOI21xp5_ASAP7_75t_L           1  1.3    42    24     736    (-,-) 
  aitb_addinc_FP32_ALU_col2_fracAdder_add_113_18_g995/Y        -       B->Y    R     XOR2xp5_ASAP7_75t_SL           2  2.3    57    37     773    (-,-) 
  aitb_g27961__7098/Y                                          -       D->Y    F     NOR4xp75_ASAP7_75t_SL          1  1.2    30    14     786    (-,-) 
  aitb_g27955__6783/Y                                          -       B->Y    F     AND3x4_ASAP7_75t_SL           10  8.0    25    36     823    (-,-) 
  aitb_g27953__5526/Y                                          -       A2->Y   R     AOI21xp5_ASAP7_75t_L           2  2.6    69    37     860    (-,-) 
  aitb_g27945__1666/Y                                          -       C->Y    F     NAND4xp75_ASAP7_75t_SL         1  1.8    41    19     879    (-,-) 
  aitb_g27943__2883/Y                                          -       B->Y    R     NOR2x1p5_ASAP7_75t_SL          4  4.4    42    24     904    (-,-) 
  aitb_g27942/Y                                                -       A->Y    F     INVx4_ASAP7_75t_SL             7  5.7    22    13     917    (-,-) 
  aitb_g27936__5115/Y                                          -       A2->Y   R     OAI21xp5_ASAP7_75t_SL          1  1.3    36    20     937    (-,-) 
  aitb_g27929__5122/Y                                          -       A->Y    F     NOR2x1_ASAP7_75t_SL            2  2.4    32    21     958    (-,-) 
  aitb_g27927__2802/Y                                          -       C->Y    R     NAND4xp75_ASAP7_75t_SL         5  3.9    42    23     981    (-,-) 
  aitb_g27375__3680/Y                                          -       B->Y    F     NOR2x1_ASAP7_75t_SL            3  3.1    34    24    1005    (-,-) 
  aitb_g27918__5477/Y                                          -       A2->Y   R     AOI21x1_ASAP7_75t_SL           2  2.2    37    20    1024    (-,-) 
  aitb_g27916/Y                                                -       A->Y    F     INVx2_ASAP7_75t_SL             1  0.9    14     7    1031    (-,-) 
  aitb_g27912__2346/Y                                          -       A2->Y   F     OA21x2_ASAP7_75t_SL            3  2.0    16    25    1056    (-,-) 
  aitb_g27905__4733/Y                                          -       B->Y    R     NAND2xp5_ASAP7_75t_SL          1  0.9    26    13    1070    (-,-) 
  aitb_g27903__5115/Y                                          -       A1->Y   F     OAI21xp5_ASAP7_75t_SL          2  2.0    36    21    1091    (-,-) 
  aitb_g27901__6131/Y                                          -       A2->Y   R     AOI21x1_ASAP7_75t_SL           2  1.9    38    19    1110    (-,-) 
  aitb_g27898__8246/Y                                          -       B->Y    F     NOR2x1_ASAP7_75t_SL            1  1.8    25    17    1127    (-,-) 
  aitb_g27897__5122/Y                                          -       A->Y    R     NAND2x1p5_ASAP7_75t_SL         3  2.3    26    18    1144    (-,-) 
  aitb_g27896/Y                                                -       A->Y    F     INVx1_ASAP7_75t_L              1  0.8    14    11    1156    (-,-) 
  aitb_g27890__3680/Y                                          -       B->Y    R     NAND2xp5_ASAP7_75t_SL          1  1.3    30    16    1171    (-,-) 
  aitb_g27877__6417/Y                                          -       A->Y    R     AND2x6_ASAP7_75t_SL           25 26.2    51    41    1212    (-,-) 
  aitb_g27873/Y                                                -       A->Y    F     CKINVDCx16_ASAP7_75t_SL       26 18.7    24    14    1226    (-,-) 
  aitb_g27231__2398/Y                                          -       B1->Y   R     AOI22xp5_ASAP7_75t_SL          2  2.7    68    34    1260    (-,-) 
  aitb_g27815__1617/Y                                          -       A1->Y   F     OAI22x1_ASAP7_75t_SL           5  3.7    49    28    1287    (-,-) 
  g47847/Y                                                     -       A->Y    F     HB1xp67_ASAP7_75t_SRAM         4  4.1    91    92    1379    (-,-) 
  aitb_inc_FP32_ALU_col2_roundingAdder_add_274_18_spec1_g575/Y -       A->Y    R     NAND2x1p5_ASAP7_75t_SL         2  2.3    46    30    1410    (-,-) 
  aitb_inc_FP32_ALU_col2_roundingAdder_add_274_18_spec1_g562/Y -       B->Y    F     NOR2x1p5_ASAP7_75t_SL          2  2.4    24    16    1426    (-,-) 
  aitb_inc_FP32_ALU_col2_roundingAdder_add_274_18_spec1_g559/Y -       B->Y    R     NAND2x1p5_ASAP7_75t_SL         4  3.4    45    19    1445    (-,-) 
  aitb_inc_FP32_ALU_col2_roundingAdder_add_274_18_spec1_g555/Y -       B->Y    F     NOR2x1p5_ASAP7_75t_SL          2  1.8    22    14    1458    (-,-) 
  aitb_inc_FP32_ALU_col2_roundingAdder_add_274_18_spec1_g548/Y -       B->Y    R     NAND2x1_ASAP7_75t_SL           2  2.6    36    21    1480    (-,-) 
  aitb_inc_FP32_ALU_col2_roundingAdder_add_274_18_spec1_g537/Y -       B->Y    F     NOR2x1p5_ASAP7_75t_SL          2  2.4    21    15    1494    (-,-) 
  aitb_inc_FP32_ALU_col2_roundingAdder_add_274_18_spec1_g524/Y -       B->Y    R     NAND2x1p5_ASAP7_75t_SL         2  2.1    22    15    1509    (-,-) 
  aitb_inc_FP32_ALU_col2_roundingAdder_add_274_18_spec1_g509/Y -       B->Y    F     NOR2x1_ASAP7_75t_SL            2  1.4    24    13    1522    (-,-) 
  aitb_inc_FP32_ALU_col2_roundingAdder_add_274_18_spec1_g489/Y -       A->Y    F     AND3x2_ASAP7_75t_SL            2  1.9    14    20    1543    (-,-) 
  aitb_inc_FP32_ALU_col2_roundingAdder_add_274_18_spec1_g483/Y -       B->Y    R     NAND2x1_ASAP7_75t_SL           2  1.9    38    16    1559    (-,-) 
  aitb_inc_FP32_ALU_col2_roundingAdder_add_274_18_spec1_g480/Y -       B->Y    F     NOR2x1_ASAP7_75t_SL            2  1.4    22    15    1574    (-,-) 
  aitb_inc_FP32_ALU_col2_roundingAdder_add_274_18_spec1_g475/Y -       B->Y    F     AND2x2_ASAP7_75t_SL            2  2.6    17    25    1599    (-,-) 
  aitb_inc_FP32_ALU_col2_roundingAdder_add_274_18_spec1_g473/Y -       B->Y    R     NAND2x1p5_ASAP7_75t_SL         3  3.1    39    17    1616    (-,-) 
  aitb_inc_FP32_ALU_col2_roundingAdder_add_274_18_spec1_g471/Y -       B->Y    F     NOR2x1_ASAP7_75t_SL            1  1.2    22    14    1630    (-,-) 
  aitb_inc_FP32_ALU_col2_roundingAdder_add_274_18_spec1_g469/Y -       B->Y    F     XOR2xp5_ASAP7_75t_SL           1  0.8    28    21    1651    (-,-) 
  aitb_g26591/Y                                                -       A1->Y   R     AOI22xp5_ASAP7_75t_SL          2  2.4    68    31    1682    (-,-) 
  aitb_g26568/Y                                                -       A->Y    F     NOR4xp75_ASAP7_75t_SL          1  1.4    34    11    1693    (-,-) 
  aitb_g26555/Y                                                -       A1->Y   R     AOI21x1_ASAP7_75t_SL           2  2.2    35    19    1712    (-,-) 
  aitb_g26549/Y                                                -       A->Y    F     INVx2_ASAP7_75t_SL             9  4.9    26    17    1729    (-,-) 
  aitb_g26538/Y                                                -       B->Y    R     NOR2x1_ASAP7_75t_L            17 11.7   137    69    1798    (-,-) 
  aitb_g26455/Y                                                -       B1->Y   F     AOI221xp5_ASAP7_75t_SL         1  0.9    62    30    1828    (-,-) 
  aitb_PIPE_OUT_col2_stage_reg_reg[0][12]/D                    -       -       F     ASYNC_DFFHx1_ASAP7_75t_SL      1    -     -     0    1828    (-,-) 
#-------------------------------------------------------------------------------------------------------------------------------------------------------



Path 48: MET (51 ps) Setup Check with Pin aitb_PIPE_OUT_col2_stage_reg_reg[0][9]/CLK->D
           View: PVT_0P63V_100C.setup_view
          Group: clk
     Startpoint: (R) aitb_PIPE_cascade_in_col2_stage_reg_reg[0][1]/CLK
          Clock: (R) clk
       Endpoint: (F) aitb_PIPE_OUT_col2_stage_reg_reg[0][9]/D
          Clock: (R) clk

                     Capture       Launch     
        Clock Edge:+    2000            0     
       Src Latency:+       0            0     
       Net Latency:+       0 (I)        0 (I) 
           Arrival:=    2000            0     
                                              
             Setup:-      21                  
       Uncertainty:-     100                  
     Required Time:=    1879                  
      Launch Clock:-       0                  
         Data Path:-    1828                  
             Slack:=      51                  

#-------------------------------------------------------------------------------------------------------------------------------------------------------
#                        Timing Point                          Flags    Arc    Edge           Cell             Fanout Load Trans Delay Arrival Instance 
#                                                                                                                     (fF)  (ps)  (ps)   (ps)  Location 
#-------------------------------------------------------------------------------------------------------------------------------------------------------
  aitb_PIPE_cascade_in_col2_stage_reg_reg[0][1]/CLK            -       -       R     (arrival)                   1147    -     0     0       0    (-,-) 
  aitb_PIPE_cascade_in_col2_stage_reg_reg[0][1]/QN             -       CLK->QN R     ASYNC_DFFHx1_ASAP7_75t_SL      1  0.8    24    48      48    (-,-) 
  aitb_g46925/Y                                                -       B->Y    R     AND2x2_ASAP7_75t_SL            1  1.4    18    21      69    (-,-) 
  aitb_g46773/Y                                                -       B->Y    F     AOI21x1_ASAP7_75t_SL           4  2.8    56    15      84    (-,-) 
  aitb_g46317/Y                                                -       B1->Y   R     OAI22xp5_ASAP7_75t_SL          1  1.4    50    27     111    (-,-) 
  aitb_g46265/Y                                                -       B->Y    F     AOI21x1_ASAP7_75t_SL           2  1.6    26    15     126    (-,-) 
  aitb_g46210/Y                                                -       A->Y    R     NOR3xp33_ASAP7_75t_SL          1  0.8    40    22     148    (-,-) 
  aitb_g46073/Y                                                -       A1->Y   F     O2A1O1Ixp33_ASAP7_75t_SL       1  0.8    29    16     164    (-,-) 
  aitb_g46058/Y                                                -       B->Y    R     NAND2xp5_ASAP7_75t_SL          1  0.8    22    16     180    (-,-) 
  aitb_g46037/Y                                                -       B->Y    R     AND2x2_ASAP7_75t_SL            2  1.7    16    22     202    (-,-) 
  aitb_g46020/Y                                                -       A2->Y   F     OAI21xp5_ASAP7_75t_SL          1  1.5    37    16     218    (-,-) 
  aitb_g45999/Y                                                -       A->Y    F     BUFx6f_ASAP7_75t_SL           11  7.9    17    26     244    (-,-) 
  aitb_g45998/Y                                                -       A->Y    F     BUFx3_ASAP7_75t_SL             7  5.2    18    24     268    (-,-) 
  aitb_g45966/Y                                                -       B1->Y   R     AOI22xp5_ASAP7_75t_SL          3  2.1    53    28     295    (-,-) 
  aitb_g45883/Y                                                -       B->Y    R     AND2x2_ASAP7_75t_SL            2  1.5    16    25     320    (-,-) 
  aitb_g45783/Y                                                -       A->Y    F     NAND3xp33_ASAP7_75t_SL         2  1.7    47    22     342    (-,-) 
  aitb_g45629/Y                                                -       A1->Y   R     OAI21xp5_ASAP7_75t_SL          1  0.8    32    18     359    (-,-) 
  aitb_g45615/Y                                                -       B->Y    R     OR2x4_ASAP7_75t_SL             7 10.6    34    39     398    (-,-) 
  aitb_g45609/Y                                                -       A->Y    F     INVx8_ASAP7_75t_SL             9 10.7    20    12     410    (-,-) 
  aitb_g45590__8246/Y                                          -       A->Y    F     AND2x4_ASAP7_75t_SL           12 10.2    24    30     440    (-,-) 
  aitb_g45545__6783/Y                                          -       A2->Y   F     AO22x1_ASAP7_75t_SL            2  2.0    24    30     470    (-,-) 
  aitb_g45476__5115/Y                                          -       B1->Y   R     AOI22x1_ASAP7_75t_SL           2  2.7    42    22     493    (-,-) 
  aitb_g45436__5115/Y                                          -       A1->Y   F     OAI22x1_ASAP7_75t_SL           2  1.5    30    17     510    (-,-) 
  aitb_g45379__5477/Y                                          -       B1->Y   R     AOI22xp5_ASAP7_75t_SL          1  1.2    41    24     533    (-,-) 
  aitb_g45302__9315/Y                                          -       B->Y    F     XNOR2x2_ASAP7_75t_SL           2  2.0    20    37     570    (-,-) 
  aitb_addinc_FP32_ALU_col2_fracAdder_add_113_18_g1251/Y       -       B->Y    R     NOR2x1_ASAP7_75t_SL            3  2.0    34    16     586    (-,-) 
  aitb_addinc_FP32_ALU_col2_fracAdder_add_113_18_g1223/Y       -       A->Y    F     INVx1_ASAP7_75t_L              1  0.8    16    12     598    (-,-) 
  aitb_addinc_FP32_ALU_col2_fracAdder_add_113_18_g1113/Y       -       A2->Y   R     AOI21xp5_ASAP7_75t_L           3  2.4    63    34     632    (-,-) 
  aitb_addinc_FP32_ALU_col2_fracAdder_add_113_18_g1058/Y       -       A2->Y   F     OAI21xp5_ASAP7_75t_SL          1  0.8    30    16     647    (-,-) 
  aitb_addinc_FP32_ALU_col2_fracAdder_add_113_18_g1047/Y       -       B->Y    R     AOI21xp5_ASAP7_75t_SL          1  0.9    31    19     667    (-,-) 
  aitb_addinc_FP32_ALU_col2_fracAdder_add_113_18_g1025/Y       -       B->Y    R     OA21x2_ASAP7_75t_SL            4  4.8    31    31     698    (-,-) 
  aitb_addinc_FP32_ALU_col2_fracAdder_add_113_18_g1019/Y       -       A->Y    F     INVx4_ASAP7_75t_SL             9  7.6    22    14     712    (-,-) 
  aitb_addinc_FP32_ALU_col2_fracAdder_add_113_18_g1008/Y       -       A2->Y   R     AOI21xp5_ASAP7_75t_L           1  1.3    42    24     736    (-,-) 
  aitb_addinc_FP32_ALU_col2_fracAdder_add_113_18_g995/Y        -       B->Y    R     XOR2xp5_ASAP7_75t_SL           2  2.3    57    37     773    (-,-) 
  aitb_g27961__7098/Y                                          -       D->Y    F     NOR4xp75_ASAP7_75t_SL          1  1.2    30    14     786    (-,-) 
  aitb_g27955__6783/Y                                          -       B->Y    F     AND3x4_ASAP7_75t_SL           10  8.0    25    36     823    (-,-) 
  aitb_g27953__5526/Y                                          -       A2->Y   R     AOI21xp5_ASAP7_75t_L           2  2.6    69    37     860    (-,-) 
  aitb_g27945__1666/Y                                          -       C->Y    F     NAND4xp75_ASAP7_75t_SL         1  1.8    41    19     879    (-,-) 
  aitb_g27943__2883/Y                                          -       B->Y    R     NOR2x1p5_ASAP7_75t_SL          4  4.4    42    24     904    (-,-) 
  aitb_g27942/Y                                                -       A->Y    F     INVx4_ASAP7_75t_SL             7  5.7    22    13     917    (-,-) 
  aitb_g27936__5115/Y                                          -       A2->Y   R     OAI21xp5_ASAP7_75t_SL          1  1.3    36    20     937    (-,-) 
  aitb_g27929__5122/Y                                          -       A->Y    F     NOR2x1_ASAP7_75t_SL            2  2.4    32    21     958    (-,-) 
  aitb_g27927__2802/Y                                          -       C->Y    R     NAND4xp75_ASAP7_75t_SL         5  3.9    42    23     981    (-,-) 
  aitb_g27375__3680/Y                                          -       B->Y    F     NOR2x1_ASAP7_75t_SL            3  3.1    34    24    1005    (-,-) 
  aitb_g27918__5477/Y                                          -       A2->Y   R     AOI21x1_ASAP7_75t_SL           2  2.2    37    20    1024    (-,-) 
  aitb_g27916/Y                                                -       A->Y    F     INVx2_ASAP7_75t_SL             1  0.9    14     7    1031    (-,-) 
  aitb_g27912__2346/Y                                          -       A2->Y   F     OA21x2_ASAP7_75t_SL            3  2.0    16    25    1056    (-,-) 
  aitb_g27905__4733/Y                                          -       B->Y    R     NAND2xp5_ASAP7_75t_SL          1  0.9    26    13    1070    (-,-) 
  aitb_g27903__5115/Y                                          -       A1->Y   F     OAI21xp5_ASAP7_75t_SL          2  2.0    36    21    1091    (-,-) 
  aitb_g27901__6131/Y                                          -       A2->Y   R     AOI21x1_ASAP7_75t_SL           2  1.9    38    19    1110    (-,-) 
  aitb_g27898__8246/Y                                          -       B->Y    F     NOR2x1_ASAP7_75t_SL            1  1.8    25    17    1127    (-,-) 
  aitb_g27897__5122/Y                                          -       A->Y    R     NAND2x1p5_ASAP7_75t_SL         3  2.3    26    18    1144    (-,-) 
  aitb_g27896/Y                                                -       A->Y    F     INVx1_ASAP7_75t_L              1  0.8    14    11    1156    (-,-) 
  aitb_g27890__3680/Y                                          -       B->Y    R     NAND2xp5_ASAP7_75t_SL          1  1.3    30    16    1171    (-,-) 
  aitb_g27877__6417/Y                                          -       A->Y    R     AND2x6_ASAP7_75t_SL           25 26.2    51    41    1212    (-,-) 
  aitb_g27873/Y                                                -       A->Y    F     CKINVDCx16_ASAP7_75t_SL       26 18.7    24    14    1226    (-,-) 
  aitb_g27231__2398/Y                                          -       B1->Y   R     AOI22xp5_ASAP7_75t_SL          2  2.7    68    34    1260    (-,-) 
  aitb_g27815__1617/Y                                          -       A1->Y   F     OAI22x1_ASAP7_75t_SL           5  3.7    49    28    1287    (-,-) 
  g47847/Y                                                     -       A->Y    F     HB1xp67_ASAP7_75t_SRAM         4  4.1    91    92    1379    (-,-) 
  aitb_inc_FP32_ALU_col2_roundingAdder_add_274_18_spec1_g575/Y -       A->Y    R     NAND2x1p5_ASAP7_75t_SL         2  2.3    46    30    1410    (-,-) 
  aitb_inc_FP32_ALU_col2_roundingAdder_add_274_18_spec1_g562/Y -       B->Y    F     NOR2x1p5_ASAP7_75t_SL          2  2.4    24    16    1426    (-,-) 
  aitb_inc_FP32_ALU_col2_roundingAdder_add_274_18_spec1_g559/Y -       B->Y    R     NAND2x1p5_ASAP7_75t_SL         4  3.4    45    19    1445    (-,-) 
  aitb_inc_FP32_ALU_col2_roundingAdder_add_274_18_spec1_g555/Y -       B->Y    F     NOR2x1p5_ASAP7_75t_SL          2  1.8    22    14    1458    (-,-) 
  aitb_inc_FP32_ALU_col2_roundingAdder_add_274_18_spec1_g548/Y -       B->Y    R     NAND2x1_ASAP7_75t_SL           2  2.6    36    21    1480    (-,-) 
  aitb_inc_FP32_ALU_col2_roundingAdder_add_274_18_spec1_g537/Y -       B->Y    F     NOR2x1p5_ASAP7_75t_SL          2  2.4    21    15    1494    (-,-) 
  aitb_inc_FP32_ALU_col2_roundingAdder_add_274_18_spec1_g524/Y -       B->Y    R     NAND2x1p5_ASAP7_75t_SL         2  2.1    22    15    1509    (-,-) 
  aitb_inc_FP32_ALU_col2_roundingAdder_add_274_18_spec1_g509/Y -       B->Y    F     NOR2x1_ASAP7_75t_SL            2  1.4    24    13    1522    (-,-) 
  aitb_inc_FP32_ALU_col2_roundingAdder_add_274_18_spec1_g489/Y -       A->Y    F     AND3x2_ASAP7_75t_SL            2  1.9    14    20    1543    (-,-) 
  aitb_inc_FP32_ALU_col2_roundingAdder_add_274_18_spec1_g483/Y -       B->Y    R     NAND2x1_ASAP7_75t_SL           2  1.9    38    16    1559    (-,-) 
  aitb_inc_FP32_ALU_col2_roundingAdder_add_274_18_spec1_g480/Y -       B->Y    F     NOR2x1_ASAP7_75t_SL            2  1.4    22    15    1574    (-,-) 
  aitb_inc_FP32_ALU_col2_roundingAdder_add_274_18_spec1_g475/Y -       B->Y    F     AND2x2_ASAP7_75t_SL            2  2.6    17    25    1599    (-,-) 
  aitb_inc_FP32_ALU_col2_roundingAdder_add_274_18_spec1_g473/Y -       B->Y    R     NAND2x1p5_ASAP7_75t_SL         3  3.1    39    17    1616    (-,-) 
  aitb_inc_FP32_ALU_col2_roundingAdder_add_274_18_spec1_g471/Y -       B->Y    F     NOR2x1_ASAP7_75t_SL            1  1.2    22    14    1630    (-,-) 
  aitb_inc_FP32_ALU_col2_roundingAdder_add_274_18_spec1_g469/Y -       B->Y    F     XOR2xp5_ASAP7_75t_SL           1  0.8    28    21    1651    (-,-) 
  aitb_g26591/Y                                                -       A1->Y   R     AOI22xp5_ASAP7_75t_SL          2  2.4    68    31    1682    (-,-) 
  aitb_g26568/Y                                                -       A->Y    F     NOR4xp75_ASAP7_75t_SL          1  1.4    34    11    1693    (-,-) 
  aitb_g26555/Y                                                -       A1->Y   R     AOI21x1_ASAP7_75t_SL           2  2.2    35    19    1712    (-,-) 
  aitb_g26549/Y                                                -       A->Y    F     INVx2_ASAP7_75t_SL             9  4.9    26    17    1729    (-,-) 
  aitb_g26538/Y                                                -       B->Y    R     NOR2x1_ASAP7_75t_L            17 11.7   137    69    1798    (-,-) 
  aitb_g26453/Y                                                -       B1->Y   F     AOI221xp5_ASAP7_75t_SL         1  0.9    62    30    1828    (-,-) 
  aitb_PIPE_OUT_col2_stage_reg_reg[0][9]/D                     -       -       F     ASYNC_DFFHx1_ASAP7_75t_SL      1    -     -     0    1828    (-,-) 
#-------------------------------------------------------------------------------------------------------------------------------------------------------



Path 49: MET (51 ps) Setup Check with Pin aitb_PIPE_OUT_col2_stage_reg_reg[0][8]/CLK->D
           View: PVT_0P63V_100C.setup_view
          Group: clk
     Startpoint: (R) aitb_PIPE_cascade_in_col2_stage_reg_reg[0][1]/CLK
          Clock: (R) clk
       Endpoint: (F) aitb_PIPE_OUT_col2_stage_reg_reg[0][8]/D
          Clock: (R) clk

                     Capture       Launch     
        Clock Edge:+    2000            0     
       Src Latency:+       0            0     
       Net Latency:+       0 (I)        0 (I) 
           Arrival:=    2000            0     
                                              
             Setup:-      21                  
       Uncertainty:-     100                  
     Required Time:=    1879                  
      Launch Clock:-       0                  
         Data Path:-    1828                  
             Slack:=      51                  

#-------------------------------------------------------------------------------------------------------------------------------------------------------
#                        Timing Point                          Flags    Arc    Edge           Cell             Fanout Load Trans Delay Arrival Instance 
#                                                                                                                     (fF)  (ps)  (ps)   (ps)  Location 
#-------------------------------------------------------------------------------------------------------------------------------------------------------
  aitb_PIPE_cascade_in_col2_stage_reg_reg[0][1]/CLK            -       -       R     (arrival)                   1147    -     0     0       0    (-,-) 
  aitb_PIPE_cascade_in_col2_stage_reg_reg[0][1]/QN             -       CLK->QN R     ASYNC_DFFHx1_ASAP7_75t_SL      1  0.8    24    48      48    (-,-) 
  aitb_g46925/Y                                                -       B->Y    R     AND2x2_ASAP7_75t_SL            1  1.4    18    21      69    (-,-) 
  aitb_g46773/Y                                                -       B->Y    F     AOI21x1_ASAP7_75t_SL           4  2.8    56    15      84    (-,-) 
  aitb_g46317/Y                                                -       B1->Y   R     OAI22xp5_ASAP7_75t_SL          1  1.4    50    27     111    (-,-) 
  aitb_g46265/Y                                                -       B->Y    F     AOI21x1_ASAP7_75t_SL           2  1.6    26    15     126    (-,-) 
  aitb_g46210/Y                                                -       A->Y    R     NOR3xp33_ASAP7_75t_SL          1  0.8    40    22     148    (-,-) 
  aitb_g46073/Y                                                -       A1->Y   F     O2A1O1Ixp33_ASAP7_75t_SL       1  0.8    29    16     164    (-,-) 
  aitb_g46058/Y                                                -       B->Y    R     NAND2xp5_ASAP7_75t_SL          1  0.8    22    16     180    (-,-) 
  aitb_g46037/Y                                                -       B->Y    R     AND2x2_ASAP7_75t_SL            2  1.7    16    22     202    (-,-) 
  aitb_g46020/Y                                                -       A2->Y   F     OAI21xp5_ASAP7_75t_SL          1  1.5    37    16     218    (-,-) 
  aitb_g45999/Y                                                -       A->Y    F     BUFx6f_ASAP7_75t_SL           11  7.9    17    26     244    (-,-) 
  aitb_g45998/Y                                                -       A->Y    F     BUFx3_ASAP7_75t_SL             7  5.2    18    24     268    (-,-) 
  aitb_g45966/Y                                                -       B1->Y   R     AOI22xp5_ASAP7_75t_SL          3  2.1    53    28     295    (-,-) 
  aitb_g45883/Y                                                -       B->Y    R     AND2x2_ASAP7_75t_SL            2  1.5    16    25     320    (-,-) 
  aitb_g45783/Y                                                -       A->Y    F     NAND3xp33_ASAP7_75t_SL         2  1.7    47    22     342    (-,-) 
  aitb_g45629/Y                                                -       A1->Y   R     OAI21xp5_ASAP7_75t_SL          1  0.8    32    18     359    (-,-) 
  aitb_g45615/Y                                                -       B->Y    R     OR2x4_ASAP7_75t_SL             7 10.6    34    39     398    (-,-) 
  aitb_g45609/Y                                                -       A->Y    F     INVx8_ASAP7_75t_SL             9 10.7    20    12     410    (-,-) 
  aitb_g45590__8246/Y                                          -       A->Y    F     AND2x4_ASAP7_75t_SL           12 10.2    24    30     440    (-,-) 
  aitb_g45545__6783/Y                                          -       A2->Y   F     AO22x1_ASAP7_75t_SL            2  2.0    24    30     470    (-,-) 
  aitb_g45476__5115/Y                                          -       B1->Y   R     AOI22x1_ASAP7_75t_SL           2  2.7    42    22     493    (-,-) 
  aitb_g45436__5115/Y                                          -       A1->Y   F     OAI22x1_ASAP7_75t_SL           2  1.5    30    17     510    (-,-) 
  aitb_g45379__5477/Y                                          -       B1->Y   R     AOI22xp5_ASAP7_75t_SL          1  1.2    41    24     533    (-,-) 
  aitb_g45302__9315/Y                                          -       B->Y    F     XNOR2x2_ASAP7_75t_SL           2  2.0    20    37     570    (-,-) 
  aitb_addinc_FP32_ALU_col2_fracAdder_add_113_18_g1251/Y       -       B->Y    R     NOR2x1_ASAP7_75t_SL            3  2.0    34    16     586    (-,-) 
  aitb_addinc_FP32_ALU_col2_fracAdder_add_113_18_g1223/Y       -       A->Y    F     INVx1_ASAP7_75t_L              1  0.8    16    12     598    (-,-) 
  aitb_addinc_FP32_ALU_col2_fracAdder_add_113_18_g1113/Y       -       A2->Y   R     AOI21xp5_ASAP7_75t_L           3  2.4    63    34     632    (-,-) 
  aitb_addinc_FP32_ALU_col2_fracAdder_add_113_18_g1058/Y       -       A2->Y   F     OAI21xp5_ASAP7_75t_SL          1  0.8    30    16     647    (-,-) 
  aitb_addinc_FP32_ALU_col2_fracAdder_add_113_18_g1047/Y       -       B->Y    R     AOI21xp5_ASAP7_75t_SL          1  0.9    31    19     667    (-,-) 
  aitb_addinc_FP32_ALU_col2_fracAdder_add_113_18_g1025/Y       -       B->Y    R     OA21x2_ASAP7_75t_SL            4  4.8    31    31     698    (-,-) 
  aitb_addinc_FP32_ALU_col2_fracAdder_add_113_18_g1019/Y       -       A->Y    F     INVx4_ASAP7_75t_SL             9  7.6    22    14     712    (-,-) 
  aitb_addinc_FP32_ALU_col2_fracAdder_add_113_18_g1008/Y       -       A2->Y   R     AOI21xp5_ASAP7_75t_L           1  1.3    42    24     736    (-,-) 
  aitb_addinc_FP32_ALU_col2_fracAdder_add_113_18_g995/Y        -       B->Y    R     XOR2xp5_ASAP7_75t_SL           2  2.3    57    37     773    (-,-) 
  aitb_g27961__7098/Y                                          -       D->Y    F     NOR4xp75_ASAP7_75t_SL          1  1.2    30    14     786    (-,-) 
  aitb_g27955__6783/Y                                          -       B->Y    F     AND3x4_ASAP7_75t_SL           10  8.0    25    36     823    (-,-) 
  aitb_g27953__5526/Y                                          -       A2->Y   R     AOI21xp5_ASAP7_75t_L           2  2.6    69    37     860    (-,-) 
  aitb_g27945__1666/Y                                          -       C->Y    F     NAND4xp75_ASAP7_75t_SL         1  1.8    41    19     879    (-,-) 
  aitb_g27943__2883/Y                                          -       B->Y    R     NOR2x1p5_ASAP7_75t_SL          4  4.4    42    24     904    (-,-) 
  aitb_g27942/Y                                                -       A->Y    F     INVx4_ASAP7_75t_SL             7  5.7    22    13     917    (-,-) 
  aitb_g27936__5115/Y                                          -       A2->Y   R     OAI21xp5_ASAP7_75t_SL          1  1.3    36    20     937    (-,-) 
  aitb_g27929__5122/Y                                          -       A->Y    F     NOR2x1_ASAP7_75t_SL            2  2.4    32    21     958    (-,-) 
  aitb_g27927__2802/Y                                          -       C->Y    R     NAND4xp75_ASAP7_75t_SL         5  3.9    42    23     981    (-,-) 
  aitb_g27375__3680/Y                                          -       B->Y    F     NOR2x1_ASAP7_75t_SL            3  3.1    34    24    1005    (-,-) 
  aitb_g27918__5477/Y                                          -       A2->Y   R     AOI21x1_ASAP7_75t_SL           2  2.2    37    20    1024    (-,-) 
  aitb_g27916/Y                                                -       A->Y    F     INVx2_ASAP7_75t_SL             1  0.9    14     7    1031    (-,-) 
  aitb_g27912__2346/Y                                          -       A2->Y   F     OA21x2_ASAP7_75t_SL            3  2.0    16    25    1056    (-,-) 
  aitb_g27905__4733/Y                                          -       B->Y    R     NAND2xp5_ASAP7_75t_SL          1  0.9    26    13    1070    (-,-) 
  aitb_g27903__5115/Y                                          -       A1->Y   F     OAI21xp5_ASAP7_75t_SL          2  2.0    36    21    1091    (-,-) 
  aitb_g27901__6131/Y                                          -       A2->Y   R     AOI21x1_ASAP7_75t_SL           2  1.9    38    19    1110    (-,-) 
  aitb_g27898__8246/Y                                          -       B->Y    F     NOR2x1_ASAP7_75t_SL            1  1.8    25    17    1127    (-,-) 
  aitb_g27897__5122/Y                                          -       A->Y    R     NAND2x1p5_ASAP7_75t_SL         3  2.3    26    18    1144    (-,-) 
  aitb_g27896/Y                                                -       A->Y    F     INVx1_ASAP7_75t_L              1  0.8    14    11    1156    (-,-) 
  aitb_g27890__3680/Y                                          -       B->Y    R     NAND2xp5_ASAP7_75t_SL          1  1.3    30    16    1171    (-,-) 
  aitb_g27877__6417/Y                                          -       A->Y    R     AND2x6_ASAP7_75t_SL           25 26.2    51    41    1212    (-,-) 
  aitb_g27873/Y                                                -       A->Y    F     CKINVDCx16_ASAP7_75t_SL       26 18.7    24    14    1226    (-,-) 
  aitb_g27231__2398/Y                                          -       B1->Y   R     AOI22xp5_ASAP7_75t_SL          2  2.7    68    34    1260    (-,-) 
  aitb_g27815__1617/Y                                          -       A1->Y   F     OAI22x1_ASAP7_75t_SL           5  3.7    49    28    1287    (-,-) 
  g47847/Y                                                     -       A->Y    F     HB1xp67_ASAP7_75t_SRAM         4  4.1    91    92    1379    (-,-) 
  aitb_inc_FP32_ALU_col2_roundingAdder_add_274_18_spec1_g575/Y -       A->Y    R     NAND2x1p5_ASAP7_75t_SL         2  2.3    46    30    1410    (-,-) 
  aitb_inc_FP32_ALU_col2_roundingAdder_add_274_18_spec1_g562/Y -       B->Y    F     NOR2x1p5_ASAP7_75t_SL          2  2.4    24    16    1426    (-,-) 
  aitb_inc_FP32_ALU_col2_roundingAdder_add_274_18_spec1_g559/Y -       B->Y    R     NAND2x1p5_ASAP7_75t_SL         4  3.4    45    19    1445    (-,-) 
  aitb_inc_FP32_ALU_col2_roundingAdder_add_274_18_spec1_g555/Y -       B->Y    F     NOR2x1p5_ASAP7_75t_SL          2  1.8    22    14    1458    (-,-) 
  aitb_inc_FP32_ALU_col2_roundingAdder_add_274_18_spec1_g548/Y -       B->Y    R     NAND2x1_ASAP7_75t_SL           2  2.6    36    21    1480    (-,-) 
  aitb_inc_FP32_ALU_col2_roundingAdder_add_274_18_spec1_g537/Y -       B->Y    F     NOR2x1p5_ASAP7_75t_SL          2  2.4    21    15    1494    (-,-) 
  aitb_inc_FP32_ALU_col2_roundingAdder_add_274_18_spec1_g524/Y -       B->Y    R     NAND2x1p5_ASAP7_75t_SL         2  2.1    22    15    1509    (-,-) 
  aitb_inc_FP32_ALU_col2_roundingAdder_add_274_18_spec1_g509/Y -       B->Y    F     NOR2x1_ASAP7_75t_SL            2  1.4    24    13    1522    (-,-) 
  aitb_inc_FP32_ALU_col2_roundingAdder_add_274_18_spec1_g489/Y -       A->Y    F     AND3x2_ASAP7_75t_SL            2  1.9    14    20    1543    (-,-) 
  aitb_inc_FP32_ALU_col2_roundingAdder_add_274_18_spec1_g483/Y -       B->Y    R     NAND2x1_ASAP7_75t_SL           2  1.9    38    16    1559    (-,-) 
  aitb_inc_FP32_ALU_col2_roundingAdder_add_274_18_spec1_g480/Y -       B->Y    F     NOR2x1_ASAP7_75t_SL            2  1.4    22    15    1574    (-,-) 
  aitb_inc_FP32_ALU_col2_roundingAdder_add_274_18_spec1_g475/Y -       B->Y    F     AND2x2_ASAP7_75t_SL            2  2.6    17    25    1599    (-,-) 
  aitb_inc_FP32_ALU_col2_roundingAdder_add_274_18_spec1_g473/Y -       B->Y    R     NAND2x1p5_ASAP7_75t_SL         3  3.1    39    17    1616    (-,-) 
  aitb_inc_FP32_ALU_col2_roundingAdder_add_274_18_spec1_g471/Y -       B->Y    F     NOR2x1_ASAP7_75t_SL            1  1.2    22    14    1630    (-,-) 
  aitb_inc_FP32_ALU_col2_roundingAdder_add_274_18_spec1_g469/Y -       B->Y    F     XOR2xp5_ASAP7_75t_SL           1  0.8    28    21    1651    (-,-) 
  aitb_g26591/Y                                                -       A1->Y   R     AOI22xp5_ASAP7_75t_SL          2  2.4    68    31    1682    (-,-) 
  aitb_g26568/Y                                                -       A->Y    F     NOR4xp75_ASAP7_75t_SL          1  1.4    34    11    1693    (-,-) 
  aitb_g26555/Y                                                -       A1->Y   R     AOI21x1_ASAP7_75t_SL           2  2.2    35    19    1712    (-,-) 
  aitb_g26549/Y                                                -       A->Y    F     INVx2_ASAP7_75t_SL             9  4.9    26    17    1729    (-,-) 
  aitb_g26538/Y                                                -       B->Y    R     NOR2x1_ASAP7_75t_L            17 11.7   137    69    1798    (-,-) 
  aitb_g26452/Y                                                -       B1->Y   F     AOI221xp5_ASAP7_75t_SL         1  0.9    62    30    1828    (-,-) 
  aitb_PIPE_OUT_col2_stage_reg_reg[0][8]/D                     -       -       F     ASYNC_DFFHx1_ASAP7_75t_SL      1    -     -     0    1828    (-,-) 
#-------------------------------------------------------------------------------------------------------------------------------------------------------



Path 50: MET (51 ps) Setup Check with Pin aitb_PIPE_OUT_col2_stage_reg_reg[0][7]/CLK->D
           View: PVT_0P63V_100C.setup_view
          Group: clk
     Startpoint: (R) aitb_PIPE_cascade_in_col2_stage_reg_reg[0][1]/CLK
          Clock: (R) clk
       Endpoint: (F) aitb_PIPE_OUT_col2_stage_reg_reg[0][7]/D
          Clock: (R) clk

                     Capture       Launch     
        Clock Edge:+    2000            0     
       Src Latency:+       0            0     
       Net Latency:+       0 (I)        0 (I) 
           Arrival:=    2000            0     
                                              
             Setup:-      21                  
       Uncertainty:-     100                  
     Required Time:=    1879                  
      Launch Clock:-       0                  
         Data Path:-    1828                  
             Slack:=      51                  

#-------------------------------------------------------------------------------------------------------------------------------------------------------
#                        Timing Point                          Flags    Arc    Edge           Cell             Fanout Load Trans Delay Arrival Instance 
#                                                                                                                     (fF)  (ps)  (ps)   (ps)  Location 
#-------------------------------------------------------------------------------------------------------------------------------------------------------
  aitb_PIPE_cascade_in_col2_stage_reg_reg[0][1]/CLK            -       -       R     (arrival)                   1147    -     0     0       0    (-,-) 
  aitb_PIPE_cascade_in_col2_stage_reg_reg[0][1]/QN             -       CLK->QN R     ASYNC_DFFHx1_ASAP7_75t_SL      1  0.8    24    48      48    (-,-) 
  aitb_g46925/Y                                                -       B->Y    R     AND2x2_ASAP7_75t_SL            1  1.4    18    21      69    (-,-) 
  aitb_g46773/Y                                                -       B->Y    F     AOI21x1_ASAP7_75t_SL           4  2.8    56    15      84    (-,-) 
  aitb_g46317/Y                                                -       B1->Y   R     OAI22xp5_ASAP7_75t_SL          1  1.4    50    27     111    (-,-) 
  aitb_g46265/Y                                                -       B->Y    F     AOI21x1_ASAP7_75t_SL           2  1.6    26    15     126    (-,-) 
  aitb_g46210/Y                                                -       A->Y    R     NOR3xp33_ASAP7_75t_SL          1  0.8    40    22     148    (-,-) 
  aitb_g46073/Y                                                -       A1->Y   F     O2A1O1Ixp33_ASAP7_75t_SL       1  0.8    29    16     164    (-,-) 
  aitb_g46058/Y                                                -       B->Y    R     NAND2xp5_ASAP7_75t_SL          1  0.8    22    16     180    (-,-) 
  aitb_g46037/Y                                                -       B->Y    R     AND2x2_ASAP7_75t_SL            2  1.7    16    22     202    (-,-) 
  aitb_g46020/Y                                                -       A2->Y   F     OAI21xp5_ASAP7_75t_SL          1  1.5    37    16     218    (-,-) 
  aitb_g45999/Y                                                -       A->Y    F     BUFx6f_ASAP7_75t_SL           11  7.9    17    26     244    (-,-) 
  aitb_g45998/Y                                                -       A->Y    F     BUFx3_ASAP7_75t_SL             7  5.2    18    24     268    (-,-) 
  aitb_g45966/Y                                                -       B1->Y   R     AOI22xp5_ASAP7_75t_SL          3  2.1    53    28     295    (-,-) 
  aitb_g45883/Y                                                -       B->Y    R     AND2x2_ASAP7_75t_SL            2  1.5    16    25     320    (-,-) 
  aitb_g45783/Y                                                -       A->Y    F     NAND3xp33_ASAP7_75t_SL         2  1.7    47    22     342    (-,-) 
  aitb_g45629/Y                                                -       A1->Y   R     OAI21xp5_ASAP7_75t_SL          1  0.8    32    18     359    (-,-) 
  aitb_g45615/Y                                                -       B->Y    R     OR2x4_ASAP7_75t_SL             7 10.6    34    39     398    (-,-) 
  aitb_g45609/Y                                                -       A->Y    F     INVx8_ASAP7_75t_SL             9 10.7    20    12     410    (-,-) 
  aitb_g45590__8246/Y                                          -       A->Y    F     AND2x4_ASAP7_75t_SL           12 10.2    24    30     440    (-,-) 
  aitb_g45545__6783/Y                                          -       A2->Y   F     AO22x1_ASAP7_75t_SL            2  2.0    24    30     470    (-,-) 
  aitb_g45476__5115/Y                                          -       B1->Y   R     AOI22x1_ASAP7_75t_SL           2  2.7    42    22     493    (-,-) 
  aitb_g45436__5115/Y                                          -       A1->Y   F     OAI22x1_ASAP7_75t_SL           2  1.5    30    17     510    (-,-) 
  aitb_g45379__5477/Y                                          -       B1->Y   R     AOI22xp5_ASAP7_75t_SL          1  1.2    41    24     533    (-,-) 
  aitb_g45302__9315/Y                                          -       B->Y    F     XNOR2x2_ASAP7_75t_SL           2  2.0    20    37     570    (-,-) 
  aitb_addinc_FP32_ALU_col2_fracAdder_add_113_18_g1251/Y       -       B->Y    R     NOR2x1_ASAP7_75t_SL            3  2.0    34    16     586    (-,-) 
  aitb_addinc_FP32_ALU_col2_fracAdder_add_113_18_g1223/Y       -       A->Y    F     INVx1_ASAP7_75t_L              1  0.8    16    12     598    (-,-) 
  aitb_addinc_FP32_ALU_col2_fracAdder_add_113_18_g1113/Y       -       A2->Y   R     AOI21xp5_ASAP7_75t_L           3  2.4    63    34     632    (-,-) 
  aitb_addinc_FP32_ALU_col2_fracAdder_add_113_18_g1058/Y       -       A2->Y   F     OAI21xp5_ASAP7_75t_SL          1  0.8    30    16     647    (-,-) 
  aitb_addinc_FP32_ALU_col2_fracAdder_add_113_18_g1047/Y       -       B->Y    R     AOI21xp5_ASAP7_75t_SL          1  0.9    31    19     667    (-,-) 
  aitb_addinc_FP32_ALU_col2_fracAdder_add_113_18_g1025/Y       -       B->Y    R     OA21x2_ASAP7_75t_SL            4  4.8    31    31     698    (-,-) 
  aitb_addinc_FP32_ALU_col2_fracAdder_add_113_18_g1019/Y       -       A->Y    F     INVx4_ASAP7_75t_SL             9  7.6    22    14     712    (-,-) 
  aitb_addinc_FP32_ALU_col2_fracAdder_add_113_18_g1008/Y       -       A2->Y   R     AOI21xp5_ASAP7_75t_L           1  1.3    42    24     736    (-,-) 
  aitb_addinc_FP32_ALU_col2_fracAdder_add_113_18_g995/Y        -       B->Y    R     XOR2xp5_ASAP7_75t_SL           2  2.3    57    37     773    (-,-) 
  aitb_g27961__7098/Y                                          -       D->Y    F     NOR4xp75_ASAP7_75t_SL          1  1.2    30    14     786    (-,-) 
  aitb_g27955__6783/Y                                          -       B->Y    F     AND3x4_ASAP7_75t_SL           10  8.0    25    36     823    (-,-) 
  aitb_g27953__5526/Y                                          -       A2->Y   R     AOI21xp5_ASAP7_75t_L           2  2.6    69    37     860    (-,-) 
  aitb_g27945__1666/Y                                          -       C->Y    F     NAND4xp75_ASAP7_75t_SL         1  1.8    41    19     879    (-,-) 
  aitb_g27943__2883/Y                                          -       B->Y    R     NOR2x1p5_ASAP7_75t_SL          4  4.4    42    24     904    (-,-) 
  aitb_g27942/Y                                                -       A->Y    F     INVx4_ASAP7_75t_SL             7  5.7    22    13     917    (-,-) 
  aitb_g27936__5115/Y                                          -       A2->Y   R     OAI21xp5_ASAP7_75t_SL          1  1.3    36    20     937    (-,-) 
  aitb_g27929__5122/Y                                          -       A->Y    F     NOR2x1_ASAP7_75t_SL            2  2.4    32    21     958    (-,-) 
  aitb_g27927__2802/Y                                          -       C->Y    R     NAND4xp75_ASAP7_75t_SL         5  3.9    42    23     981    (-,-) 
  aitb_g27375__3680/Y                                          -       B->Y    F     NOR2x1_ASAP7_75t_SL            3  3.1    34    24    1005    (-,-) 
  aitb_g27918__5477/Y                                          -       A2->Y   R     AOI21x1_ASAP7_75t_SL           2  2.2    37    20    1024    (-,-) 
  aitb_g27916/Y                                                -       A->Y    F     INVx2_ASAP7_75t_SL             1  0.9    14     7    1031    (-,-) 
  aitb_g27912__2346/Y                                          -       A2->Y   F     OA21x2_ASAP7_75t_SL            3  2.0    16    25    1056    (-,-) 
  aitb_g27905__4733/Y                                          -       B->Y    R     NAND2xp5_ASAP7_75t_SL          1  0.9    26    13    1070    (-,-) 
  aitb_g27903__5115/Y                                          -       A1->Y   F     OAI21xp5_ASAP7_75t_SL          2  2.0    36    21    1091    (-,-) 
  aitb_g27901__6131/Y                                          -       A2->Y   R     AOI21x1_ASAP7_75t_SL           2  1.9    38    19    1110    (-,-) 
  aitb_g27898__8246/Y                                          -       B->Y    F     NOR2x1_ASAP7_75t_SL            1  1.8    25    17    1127    (-,-) 
  aitb_g27897__5122/Y                                          -       A->Y    R     NAND2x1p5_ASAP7_75t_SL         3  2.3    26    18    1144    (-,-) 
  aitb_g27896/Y                                                -       A->Y    F     INVx1_ASAP7_75t_L              1  0.8    14    11    1156    (-,-) 
  aitb_g27890__3680/Y                                          -       B->Y    R     NAND2xp5_ASAP7_75t_SL          1  1.3    30    16    1171    (-,-) 
  aitb_g27877__6417/Y                                          -       A->Y    R     AND2x6_ASAP7_75t_SL           25 26.2    51    41    1212    (-,-) 
  aitb_g27873/Y                                                -       A->Y    F     CKINVDCx16_ASAP7_75t_SL       26 18.7    24    14    1226    (-,-) 
  aitb_g27231__2398/Y                                          -       B1->Y   R     AOI22xp5_ASAP7_75t_SL          2  2.7    68    34    1260    (-,-) 
  aitb_g27815__1617/Y                                          -       A1->Y   F     OAI22x1_ASAP7_75t_SL           5  3.7    49    28    1287    (-,-) 
  g47847/Y                                                     -       A->Y    F     HB1xp67_ASAP7_75t_SRAM         4  4.1    91    92    1379    (-,-) 
  aitb_inc_FP32_ALU_col2_roundingAdder_add_274_18_spec1_g575/Y -       A->Y    R     NAND2x1p5_ASAP7_75t_SL         2  2.3    46    30    1410    (-,-) 
  aitb_inc_FP32_ALU_col2_roundingAdder_add_274_18_spec1_g562/Y -       B->Y    F     NOR2x1p5_ASAP7_75t_SL          2  2.4    24    16    1426    (-,-) 
  aitb_inc_FP32_ALU_col2_roundingAdder_add_274_18_spec1_g559/Y -       B->Y    R     NAND2x1p5_ASAP7_75t_SL         4  3.4    45    19    1445    (-,-) 
  aitb_inc_FP32_ALU_col2_roundingAdder_add_274_18_spec1_g555/Y -       B->Y    F     NOR2x1p5_ASAP7_75t_SL          2  1.8    22    14    1458    (-,-) 
  aitb_inc_FP32_ALU_col2_roundingAdder_add_274_18_spec1_g548/Y -       B->Y    R     NAND2x1_ASAP7_75t_SL           2  2.6    36    21    1480    (-,-) 
  aitb_inc_FP32_ALU_col2_roundingAdder_add_274_18_spec1_g537/Y -       B->Y    F     NOR2x1p5_ASAP7_75t_SL          2  2.4    21    15    1494    (-,-) 
  aitb_inc_FP32_ALU_col2_roundingAdder_add_274_18_spec1_g524/Y -       B->Y    R     NAND2x1p5_ASAP7_75t_SL         2  2.1    22    15    1509    (-,-) 
  aitb_inc_FP32_ALU_col2_roundingAdder_add_274_18_spec1_g509/Y -       B->Y    F     NOR2x1_ASAP7_75t_SL            2  1.4    24    13    1522    (-,-) 
  aitb_inc_FP32_ALU_col2_roundingAdder_add_274_18_spec1_g489/Y -       A->Y    F     AND3x2_ASAP7_75t_SL            2  1.9    14    20    1543    (-,-) 
  aitb_inc_FP32_ALU_col2_roundingAdder_add_274_18_spec1_g483/Y -       B->Y    R     NAND2x1_ASAP7_75t_SL           2  1.9    38    16    1559    (-,-) 
  aitb_inc_FP32_ALU_col2_roundingAdder_add_274_18_spec1_g480/Y -       B->Y    F     NOR2x1_ASAP7_75t_SL            2  1.4    22    15    1574    (-,-) 
  aitb_inc_FP32_ALU_col2_roundingAdder_add_274_18_spec1_g475/Y -       B->Y    F     AND2x2_ASAP7_75t_SL            2  2.6    17    25    1599    (-,-) 
  aitb_inc_FP32_ALU_col2_roundingAdder_add_274_18_spec1_g473/Y -       B->Y    R     NAND2x1p5_ASAP7_75t_SL         3  3.1    39    17    1616    (-,-) 
  aitb_inc_FP32_ALU_col2_roundingAdder_add_274_18_spec1_g471/Y -       B->Y    F     NOR2x1_ASAP7_75t_SL            1  1.2    22    14    1630    (-,-) 
  aitb_inc_FP32_ALU_col2_roundingAdder_add_274_18_spec1_g469/Y -       B->Y    F     XOR2xp5_ASAP7_75t_SL           1  0.8    28    21    1651    (-,-) 
  aitb_g26591/Y                                                -       A1->Y   R     AOI22xp5_ASAP7_75t_SL          2  2.4    68    31    1682    (-,-) 
  aitb_g26568/Y                                                -       A->Y    F     NOR4xp75_ASAP7_75t_SL          1  1.4    34    11    1693    (-,-) 
  aitb_g26555/Y                                                -       A1->Y   R     AOI21x1_ASAP7_75t_SL           2  2.2    35    19    1712    (-,-) 
  aitb_g26549/Y                                                -       A->Y    F     INVx2_ASAP7_75t_SL             9  4.9    26    17    1729    (-,-) 
  aitb_g26538/Y                                                -       B->Y    R     NOR2x1_ASAP7_75t_L            17 11.7   137    69    1798    (-,-) 
  aitb_g26451/Y                                                -       B1->Y   F     AOI221xp5_ASAP7_75t_SL         1  0.9    62    30    1828    (-,-) 
  aitb_PIPE_OUT_col2_stage_reg_reg[0][7]/D                     -       -       F     ASYNC_DFFHx1_ASAP7_75t_SL      1    -     -     0    1828    (-,-) 
#-------------------------------------------------------------------------------------------------------------------------------------------------------

