============================================================
  Generated by:           Genus(TM) Synthesis Solution 21.17-s066_1
  Generated on:           Apr 03 2026  12:17:03 am
  Module:                 nofp8_mxfp_aitb_comp_top
  Operating conditions:   PVT_0P63V_100C 
  Interconnect mode:      global
  Area mode:              physical library
============================================================


Path 1: MET (42 ps) Setup Check with Pin PIPE_OUT_col1_stage_reg_reg[0][4]/CLK->D
           View: PVT_0P63V_100C.setup_view
          Group: clk
     Startpoint: (R) PIPE_3_fix2float_col1_stage_reg_reg[0][28]/CLK
          Clock: (R) clk
       Endpoint: (F) PIPE_OUT_col1_stage_reg_reg[0][4]/D
          Clock: (R) clk

                     Capture       Launch     
        Clock Edge:+    2000            0     
       Src Latency:+       0            0     
       Net Latency:+       0 (I)        0 (I) 
           Arrival:=    2000            0     
                                              
             Setup:-      18                  
       Uncertainty:-     100                  
     Required Time:=    1882                  
      Launch Clock:-       0                  
         Data Path:-    1841                  
             Slack:=      42                  

#--------------------------------------------------------------------------------------------------------------------------------------------------
#                      Timing Point                       Flags    Arc    Edge           Cell             Fanout Load Trans Delay Arrival Instance 
#                                                                                                                (fF)  (ps)  (ps)   (ps)  Location 
#--------------------------------------------------------------------------------------------------------------------------------------------------
  PIPE_3_fix2float_col1_stage_reg_reg[0][28]/CLK          -       -       R     (arrival)                   1073    -     0     0       0    (-,-) 
  PIPE_3_fix2float_col1_stage_reg_reg[0][28]/QN           -       CLK->QN R     ASYNC_DFFHx1_ASAP7_75t_SL      4  3.6    52    64      64    (-,-) 
  g47087/Y                                                -       A->Y    F     INVxp67_ASAP7_75t_SL           2  1.5    30    18      82    (-,-) 
  g47028/Y                                                -       C->Y    F     AO221x1_ASAP7_75t_SL           4  3.9    40    44     126    (-,-) 
  g46945/Y                                                -       B->Y    R     NOR2x1p5_ASAP7_75t_SL          2  1.7    26    15     141    (-,-) 
  g46728/Y                                                -       A2->Y   F     OAI21xp5_ASAP7_75t_SL          1  0.8    26    13     154    (-,-) 
  g46711/Y                                                -       A->Y    R     NAND2xp5_ASAP7_75t_SL          1  1.2    29    19     173    (-,-) 
  g46649/Y                                                -       B->Y    F     AOI211x1_ASAP7_75t_SL          2  2.0    47    18     190    (-,-) 
  g46609__9315/Y                                          -       C->Y    F     OA221x2_ASAP7_75t_SL           8  6.5    36    46     236    (-,-) 
  g46587/Y                                                -       A->Y    F     BUFx12f_ASAP7_75t_SL          14 11.9    16    25     261    (-,-) 
  g46506__4733/Y                                          -       B2->Y   R     OAI22xp5_ASAP7_75t_SL          2  1.6    46    23     284    (-,-) 
  g46353__2802/Y                                          -       B->Y    F     NOR2xp67_ASAP7_75t_SL          1  0.8    23    15     300    (-,-) 
  g46317__2802/Y                                          -       B->Y    F     AND2x2_ASAP7_75t_SL            2  2.5    17    25     324    (-,-) 
  g46303__7410/Y                                          -       B->Y    R     NAND2x1p5_ASAP7_75t_SL         2  2.1    23    14     338    (-,-) 
  g46208__4319/Y                                          -       A2->Y   F     AOI21x1_ASAP7_75t_SL           1  1.3    22    10     348    (-,-) 
  g46203__6417/Y                                          -       A->Y    F     AND2x6_ASAP7_75t_SL           22 17.0    29    36     384    (-,-) 
  g46159__7482/Y                                          -       A->Y    R     NAND2x2_ASAP7_75t_SL          12  9.2    58    34     417    (-,-) 
  g46145/Y                                                -       A->Y    F     INVx1_ASAP7_75t_SL             2  2.5    34    20     437    (-,-) 
  g46038__1881/Y                                          -       B1->Y   R     AOI22x1_ASAP7_75t_SL           2  1.5    39    19     456    (-,-) 
  g45935__9315/Y                                          -       B2->Y   R     OA22x2_ASAP7_75t_SL            2  1.6    16    24     480    (-,-) 
  g45928/Y                                                -       A->Y    F     INVx1_ASAP7_75t_L              1  0.7    11     9     489    (-,-) 
  g45888__1617/Y                                          -       A2->Y   F     AO22x1_ASAP7_75t_SL            2  2.0    24    29     518    (-,-) 
  g45823__4319/Y                                          -       B1->Y   R     AOI22x1_ASAP7_75t_SL           1  1.3    32    17     535    (-,-) 
  g45771__2802/Y                                          -       B->Y    R     XOR2xp5_ASAP7_75t_SL           2  2.0    55    34     569    (-,-) 
  addinc_FP32_ALU_col1_fracAdder_add_113_18_g1294/Y       -       B->Y    F     NOR2x1_ASAP7_75t_SL            3  2.5    43    23     591    (-,-) 
  addinc_FP32_ALU_col1_fracAdder_add_113_18_g1214/Y       -       B->Y    R     NOR2x1_ASAP7_75t_SL            3  2.1    35    20     611    (-,-) 
  addinc_FP32_ALU_col1_fracAdder_add_113_18_g1135/Y       -       A->Y    R     AND2x2_ASAP7_75t_SL            2  2.5    20    23     634    (-,-) 
  addinc_FP32_ALU_col1_fracAdder_add_113_18_g1108/Y       -       A2->Y   F     AOI21x1_ASAP7_75t_SL           1  1.3    28    10     644    (-,-) 
  addinc_FP32_ALU_col1_fracAdder_add_113_18_g1091/Y       -       A->Y    F     AND2x4_ASAP7_75t_SL            3  4.3    15    26     670    (-,-) 
  addinc_FP32_ALU_col1_fracAdder_add_113_18_g1090/Y       -       A->Y    R     INVx4_ASAP7_75t_SL             7  6.6    21    13     683    (-,-) 
  addinc_FP32_ALU_col1_fracAdder_add_113_18_g1072/Y       -       A2->Y   F     AOI21x1_ASAP7_75t_SL           1  1.3    22    10     693    (-,-) 
  addinc_FP32_ALU_col1_fracAdder_add_113_18_g1056/Y       -       B->Y    R     XNOR2xp5_ASAP7_75t_SL          2  1.3    42    22     715    (-,-) 
  g48107/Y                                                -       C->Y    F     NOR3xp33_ASAP7_75t_SL          1  1.5    33    21     736    (-,-) 
  g48103/Y                                                -       C->Y    R     NAND3x1_ASAP7_75t_SL           1  1.3    36    25     761    (-,-) 
  g48101/Y                                                -       B->Y    F     NOR2x1_ASAP7_75t_SL            2  2.2    35    19     780    (-,-) 
  g48100/Y                                                -       A->Y    R     INVx2_ASAP7_75t_SL             1  1.6    18    12     792    (-,-) 
  g48099/Y                                                -       A->Y    F     NOR3x1_ASAP7_75t_SL            1  1.3    30    14     806    (-,-) 
  g48097/Y                                                -       A->Y    F     AND5x2_ASAP7_75t_SL            4  4.8    27    32     837    (-,-) 
  g48092/Y                                                -       A2->Y   R     AOI21x1_ASAP7_75t_SL           2  2.6    40    20     858    (-,-) 
  g30797/Y                                                -       B->Y    F     NAND4xp75_ASAP7_75t_SL         1  1.8    35    18     876    (-,-) 
  g30796/Y                                                -       B->Y    R     NOR2x1p5_ASAP7_75t_SL          2  2.2    28    16     893    (-,-) 
  g30795/Y                                                -       A->Y    F     INVx2_ASAP7_75t_SL             4  3.0    18    12     904    (-,-) 
  g30782/Y                                                -       A2->Y   R     OAI21xp5_ASAP7_75t_SL          1  1.4    38    21     925    (-,-) 
  g30778/Y                                                -       B->Y    F     AOI21x1_ASAP7_75t_SL           2  2.6    38    18     943    (-,-) 
  g48082/Y                                                -       B->Y    R     NAND4xp75_ASAP7_75t_SL         5  3.9    38    23     966    (-,-) 
  g48080/Y                                                -       B->Y    F     NOR2x1_ASAP7_75t_SL            3  3.1    36    23     989    (-,-) 
  g48079/Y                                                -       A2->Y   R     AOI21x1_ASAP7_75t_SL           2  2.7    40    22    1011    (-,-) 
  g48077/Y                                                -       A->Y    F     INVx2_ASAP7_75t_SL             1  0.9    14     7    1018    (-,-) 
  g48072/Y                                                -       A2->Y   F     OA21x2_ASAP7_75t_SL            3  2.0    16    25    1043    (-,-) 
  g48066/Y                                                -       B->Y    R     NAND2xp5_ASAP7_75t_SL          1  0.9    27    13    1056    (-,-) 
  g48064/Y                                                -       A1->Y   F     OAI21xp5_ASAP7_75t_SL          2  2.5    42    24    1080    (-,-) 
  g48062/Y                                                -       A2->Y   R     AOI21x1_ASAP7_75t_SL           1  1.8    34    19    1100    (-,-) 
  g48061/Y                                                -       A->Y    F     NOR2x1p5_ASAP7_75t_SL          2  2.4    24    16    1116    (-,-) 
  g48057/Y                                                -       B->Y    R     NAND2x1p5_ASAP7_75t_SL         3  2.9    28    18    1133    (-,-) 
  g48054/Y                                                -       A->Y    F     INVx2_ASAP7_75t_SL             1  0.9    11     6    1140    (-,-) 
  g48050/Y                                                -       B->Y    R     OAI21xp5_ASAP7_75t_SL          1  1.3    48    12    1152    (-,-) 
  g48045/Y                                                -       B->Y    R     AND2x6_ASAP7_75t_SL           28 25.0    49    44    1196    (-,-) 
  g48037/Y                                                -       A->Y    F     INVx11_ASAP7_75t_SL           27 19.8    28    16    1213    (-,-) 
  g47979/Y                                                -       B1->Y   R     AOI22xp5_ASAP7_75t_SL          2  1.5    46    26    1238    (-,-) 
  g47928/Y                                                -       B2->Y   F     OAI22xp5_ASAP7_75t_L           2  1.4    34    23    1261    (-,-) 
  g47914/Y                                                -       A1->Y   R     AOI22xp5_ASAP7_75t_SL          2  1.7    50    26    1288    (-,-) 
  g47907/Y                                                -       A->Y    F     INVx1_ASAP7_75t_L              1  0.8    19    14    1301    (-,-) 
  g30513/Y                                                -       B1->Y   R     AOI22xp5_ASAP7_75t_SL          2  1.1    37    20    1322    (-,-) 
  g48181/Y                                                -       A->Y    F     INVxp33_ASAP7_75t_SRAM         2  1.3    59    50    1371    (-,-) 
  inc_FP32_ALU_col1_roundingAdder_add_274_18_spec1_g565/Y -       B->Y    F     AND2x2_ASAP7_75t_SL            2  1.5    15    30    1401    (-,-) 
  inc_FP32_ALU_col1_roundingAdder_add_274_18_spec1_g527/Y -       E->Y    F     AND5x1_ASAP7_75t_SL            2  1.8    19    28    1429    (-,-) 
  inc_FP32_ALU_col1_roundingAdder_add_274_18_spec1_g518/Y -       B->Y    F     AND2x4_ASAP7_75t_SL            3  3.2    13    21    1450    (-,-) 
  inc_FP32_ALU_col1_roundingAdder_add_274_18_spec1_g506/Y -       B->Y    R     NAND2x1p5_ASAP7_75t_SL         2  2.3    24    13    1463    (-,-) 
  inc_FP32_ALU_col1_roundingAdder_add_274_18_spec1_g495/Y -       B->Y    F     NOR2x1p5_ASAP7_75t_SL          2  2.3    26    13    1476    (-,-) 
  inc_FP32_ALU_col1_roundingAdder_add_274_18_spec1_g487/Y -       A->Y    R     NAND2x1p5_ASAP7_75t_SL         3  3.5    36    21    1498    (-,-) 
  inc_FP32_ALU_col1_roundingAdder_add_274_18_spec1_g481/Y -       B->Y    F     NOR2x1p5_ASAP7_75t_SL          2  2.4    27    15    1512    (-,-) 
  inc_FP32_ALU_col1_roundingAdder_add_274_18_spec1_g478/Y -       B->Y    R     NAND2x1p5_ASAP7_75t_SL         2  1.9    33    15    1527    (-,-) 
  inc_FP32_ALU_col1_roundingAdder_add_274_18_spec1_g475/Y -       B->Y    F     NOR2x1_ASAP7_75t_SL            2  1.6    27    16    1543    (-,-) 
  inc_FP32_ALU_col1_roundingAdder_add_274_18_spec1_g473/Y -       B->Y    F     AND2x2_ASAP7_75t_SL            2  1.6    14    24    1567    (-,-) 
  inc_FP32_ALU_col1_roundingAdder_add_274_18_spec1_g472/Y -       A->Y    R     INVx1_ASAP7_75t_L              2  2.0    27    18    1584    (-,-) 
  inc_FP32_ALU_col1_roundingAdder_add_274_18_spec1_g469/Y -       B->Y    F     XNOR2xp5_ASAP7_75t_SL          1  0.8    31    12    1596    (-,-) 
  g29249/Y                                                -       A2->Y   R     AOI21xp5_ASAP7_75t_L           2  1.5    46    28    1624    (-,-) 
  g29242/Y                                                -       A->Y    R     OR2x2_ASAP7_75t_SL             1  0.6    11    24    1647    (-,-) 
  g29240/Y                                                -       A->Y    F     NOR2xp33_ASAP7_75t_SL          1  1.4    41    21    1668    (-,-) 
  g29231/Y                                                -       A1->Y   R     AOI21x1_ASAP7_75t_SL          10  7.2    79    40    1709    (-,-) 
  g29226/Y                                                -       B->Y    R     AND2x2_ASAP7_75t_L            17 11.7    74    62    1771    (-,-) 
  g29199/Y                                                -       B->Y    F     NAND2x1_ASAP7_75t_L            2  2.1    35    22    1794    (-,-) 
  g29170/Y                                                -       B->Y    R     NOR2x1_ASAP7_75t_L             5  3.4    48    30    1824    (-,-) 
  g29128/Y                                                -       A1->Y   F     AOI21xp5_ASAP7_75t_SL          1  0.9    30    16    1841    (-,-) 
  PIPE_OUT_col1_stage_reg_reg[0][4]/D                     -       -       F     ASYNC_DFFHx1_ASAP7_75t_SL      1    -     -     0    1841    (-,-) 
#--------------------------------------------------------------------------------------------------------------------------------------------------



Path 2: MET (42 ps) Setup Check with Pin PIPE_OUT_col1_stage_reg_reg[0][3]/CLK->D
           View: PVT_0P63V_100C.setup_view
          Group: clk
     Startpoint: (R) PIPE_3_fix2float_col1_stage_reg_reg[0][28]/CLK
          Clock: (R) clk
       Endpoint: (F) PIPE_OUT_col1_stage_reg_reg[0][3]/D
          Clock: (R) clk

                     Capture       Launch     
        Clock Edge:+    2000            0     
       Src Latency:+       0            0     
       Net Latency:+       0 (I)        0 (I) 
           Arrival:=    2000            0     
                                              
             Setup:-      18                  
       Uncertainty:-     100                  
     Required Time:=    1882                  
      Launch Clock:-       0                  
         Data Path:-    1841                  
             Slack:=      42                  

#--------------------------------------------------------------------------------------------------------------------------------------------------
#                      Timing Point                       Flags    Arc    Edge           Cell             Fanout Load Trans Delay Arrival Instance 
#                                                                                                                (fF)  (ps)  (ps)   (ps)  Location 
#--------------------------------------------------------------------------------------------------------------------------------------------------
  PIPE_3_fix2float_col1_stage_reg_reg[0][28]/CLK          -       -       R     (arrival)                   1073    -     0     0       0    (-,-) 
  PIPE_3_fix2float_col1_stage_reg_reg[0][28]/QN           -       CLK->QN R     ASYNC_DFFHx1_ASAP7_75t_SL      4  3.6    52    64      64    (-,-) 
  g47087/Y                                                -       A->Y    F     INVxp67_ASAP7_75t_SL           2  1.5    30    18      82    (-,-) 
  g47028/Y                                                -       C->Y    F     AO221x1_ASAP7_75t_SL           4  3.9    40    44     126    (-,-) 
  g46945/Y                                                -       B->Y    R     NOR2x1p5_ASAP7_75t_SL          2  1.7    26    15     141    (-,-) 
  g46728/Y                                                -       A2->Y   F     OAI21xp5_ASAP7_75t_SL          1  0.8    26    13     154    (-,-) 
  g46711/Y                                                -       A->Y    R     NAND2xp5_ASAP7_75t_SL          1  1.2    29    19     173    (-,-) 
  g46649/Y                                                -       B->Y    F     AOI211x1_ASAP7_75t_SL          2  2.0    47    18     190    (-,-) 
  g46609__9315/Y                                          -       C->Y    F     OA221x2_ASAP7_75t_SL           8  6.5    36    46     236    (-,-) 
  g46587/Y                                                -       A->Y    F     BUFx12f_ASAP7_75t_SL          14 11.9    16    25     261    (-,-) 
  g46506__4733/Y                                          -       B2->Y   R     OAI22xp5_ASAP7_75t_SL          2  1.6    46    23     284    (-,-) 
  g46353__2802/Y                                          -       B->Y    F     NOR2xp67_ASAP7_75t_SL          1  0.8    23    15     300    (-,-) 
  g46317__2802/Y                                          -       B->Y    F     AND2x2_ASAP7_75t_SL            2  2.5    17    25     324    (-,-) 
  g46303__7410/Y                                          -       B->Y    R     NAND2x1p5_ASAP7_75t_SL         2  2.1    23    14     338    (-,-) 
  g46208__4319/Y                                          -       A2->Y   F     AOI21x1_ASAP7_75t_SL           1  1.3    22    10     348    (-,-) 
  g46203__6417/Y                                          -       A->Y    F     AND2x6_ASAP7_75t_SL           22 17.0    29    36     384    (-,-) 
  g46159__7482/Y                                          -       A->Y    R     NAND2x2_ASAP7_75t_SL          12  9.2    58    34     417    (-,-) 
  g46145/Y                                                -       A->Y    F     INVx1_ASAP7_75t_SL             2  2.5    34    20     437    (-,-) 
  g46038__1881/Y                                          -       B1->Y   R     AOI22x1_ASAP7_75t_SL           2  1.5    39    19     456    (-,-) 
  g45935__9315/Y                                          -       B2->Y   R     OA22x2_ASAP7_75t_SL            2  1.6    16    24     480    (-,-) 
  g45928/Y                                                -       A->Y    F     INVx1_ASAP7_75t_L              1  0.7    11     9     489    (-,-) 
  g45888__1617/Y                                          -       A2->Y   F     AO22x1_ASAP7_75t_SL            2  2.0    24    29     518    (-,-) 
  g45823__4319/Y                                          -       B1->Y   R     AOI22x1_ASAP7_75t_SL           1  1.3    32    17     535    (-,-) 
  g45771__2802/Y                                          -       B->Y    R     XOR2xp5_ASAP7_75t_SL           2  2.0    55    34     569    (-,-) 
  addinc_FP32_ALU_col1_fracAdder_add_113_18_g1294/Y       -       B->Y    F     NOR2x1_ASAP7_75t_SL            3  2.5    43    23     591    (-,-) 
  addinc_FP32_ALU_col1_fracAdder_add_113_18_g1214/Y       -       B->Y    R     NOR2x1_ASAP7_75t_SL            3  2.1    35    20     611    (-,-) 
  addinc_FP32_ALU_col1_fracAdder_add_113_18_g1135/Y       -       A->Y    R     AND2x2_ASAP7_75t_SL            2  2.5    20    23     634    (-,-) 
  addinc_FP32_ALU_col1_fracAdder_add_113_18_g1108/Y       -       A2->Y   F     AOI21x1_ASAP7_75t_SL           1  1.3    28    10     644    (-,-) 
  addinc_FP32_ALU_col1_fracAdder_add_113_18_g1091/Y       -       A->Y    F     AND2x4_ASAP7_75t_SL            3  4.3    15    26     670    (-,-) 
  addinc_FP32_ALU_col1_fracAdder_add_113_18_g1090/Y       -       A->Y    R     INVx4_ASAP7_75t_SL             7  6.6    21    13     683    (-,-) 
  addinc_FP32_ALU_col1_fracAdder_add_113_18_g1072/Y       -       A2->Y   F     AOI21x1_ASAP7_75t_SL           1  1.3    22    10     693    (-,-) 
  addinc_FP32_ALU_col1_fracAdder_add_113_18_g1056/Y       -       B->Y    R     XNOR2xp5_ASAP7_75t_SL          2  1.3    42    22     715    (-,-) 
  g48107/Y                                                -       C->Y    F     NOR3xp33_ASAP7_75t_SL          1  1.5    33    21     736    (-,-) 
  g48103/Y                                                -       C->Y    R     NAND3x1_ASAP7_75t_SL           1  1.3    36    25     761    (-,-) 
  g48101/Y                                                -       B->Y    F     NOR2x1_ASAP7_75t_SL            2  2.2    35    19     780    (-,-) 
  g48100/Y                                                -       A->Y    R     INVx2_ASAP7_75t_SL             1  1.6    18    12     792    (-,-) 
  g48099/Y                                                -       A->Y    F     NOR3x1_ASAP7_75t_SL            1  1.3    30    14     806    (-,-) 
  g48097/Y                                                -       A->Y    F     AND5x2_ASAP7_75t_SL            4  4.8    27    32     837    (-,-) 
  g48092/Y                                                -       A2->Y   R     AOI21x1_ASAP7_75t_SL           2  2.6    40    20     858    (-,-) 
  g30797/Y                                                -       B->Y    F     NAND4xp75_ASAP7_75t_SL         1  1.8    35    18     876    (-,-) 
  g30796/Y                                                -       B->Y    R     NOR2x1p5_ASAP7_75t_SL          2  2.2    28    16     893    (-,-) 
  g30795/Y                                                -       A->Y    F     INVx2_ASAP7_75t_SL             4  3.0    18    12     904    (-,-) 
  g30782/Y                                                -       A2->Y   R     OAI21xp5_ASAP7_75t_SL          1  1.4    38    21     925    (-,-) 
  g30778/Y                                                -       B->Y    F     AOI21x1_ASAP7_75t_SL           2  2.6    38    18     943    (-,-) 
  g48082/Y                                                -       B->Y    R     NAND4xp75_ASAP7_75t_SL         5  3.9    38    23     966    (-,-) 
  g48080/Y                                                -       B->Y    F     NOR2x1_ASAP7_75t_SL            3  3.1    36    23     989    (-,-) 
  g48079/Y                                                -       A2->Y   R     AOI21x1_ASAP7_75t_SL           2  2.7    40    22    1011    (-,-) 
  g48077/Y                                                -       A->Y    F     INVx2_ASAP7_75t_SL             1  0.9    14     7    1018    (-,-) 
  g48072/Y                                                -       A2->Y   F     OA21x2_ASAP7_75t_SL            3  2.0    16    25    1043    (-,-) 
  g48066/Y                                                -       B->Y    R     NAND2xp5_ASAP7_75t_SL          1  0.9    27    13    1056    (-,-) 
  g48064/Y                                                -       A1->Y   F     OAI21xp5_ASAP7_75t_SL          2  2.5    42    24    1080    (-,-) 
  g48062/Y                                                -       A2->Y   R     AOI21x1_ASAP7_75t_SL           1  1.8    34    19    1100    (-,-) 
  g48061/Y                                                -       A->Y    F     NOR2x1p5_ASAP7_75t_SL          2  2.4    24    16    1116    (-,-) 
  g48057/Y                                                -       B->Y    R     NAND2x1p5_ASAP7_75t_SL         3  2.9    28    18    1133    (-,-) 
  g48054/Y                                                -       A->Y    F     INVx2_ASAP7_75t_SL             1  0.9    11     6    1140    (-,-) 
  g48050/Y                                                -       B->Y    R     OAI21xp5_ASAP7_75t_SL          1  1.3    48    12    1152    (-,-) 
  g48045/Y                                                -       B->Y    R     AND2x6_ASAP7_75t_SL           28 25.0    49    44    1196    (-,-) 
  g48037/Y                                                -       A->Y    F     INVx11_ASAP7_75t_SL           27 19.8    28    16    1213    (-,-) 
  g47979/Y                                                -       B1->Y   R     AOI22xp5_ASAP7_75t_SL          2  1.5    46    26    1238    (-,-) 
  g47928/Y                                                -       B2->Y   F     OAI22xp5_ASAP7_75t_L           2  1.4    34    23    1261    (-,-) 
  g47914/Y                                                -       A1->Y   R     AOI22xp5_ASAP7_75t_SL          2  1.7    50    26    1288    (-,-) 
  g47907/Y                                                -       A->Y    F     INVx1_ASAP7_75t_L              1  0.8    19    14    1301    (-,-) 
  g30513/Y                                                -       B1->Y   R     AOI22xp5_ASAP7_75t_SL          2  1.1    37    20    1322    (-,-) 
  g48181/Y                                                -       A->Y    F     INVxp33_ASAP7_75t_SRAM         2  1.3    59    50    1371    (-,-) 
  inc_FP32_ALU_col1_roundingAdder_add_274_18_spec1_g565/Y -       B->Y    F     AND2x2_ASAP7_75t_SL            2  1.5    15    30    1401    (-,-) 
  inc_FP32_ALU_col1_roundingAdder_add_274_18_spec1_g527/Y -       E->Y    F     AND5x1_ASAP7_75t_SL            2  1.8    19    28    1429    (-,-) 
  inc_FP32_ALU_col1_roundingAdder_add_274_18_spec1_g518/Y -       B->Y    F     AND2x4_ASAP7_75t_SL            3  3.2    13    21    1450    (-,-) 
  inc_FP32_ALU_col1_roundingAdder_add_274_18_spec1_g506/Y -       B->Y    R     NAND2x1p5_ASAP7_75t_SL         2  2.3    24    13    1463    (-,-) 
  inc_FP32_ALU_col1_roundingAdder_add_274_18_spec1_g495/Y -       B->Y    F     NOR2x1p5_ASAP7_75t_SL          2  2.3    26    13    1476    (-,-) 
  inc_FP32_ALU_col1_roundingAdder_add_274_18_spec1_g487/Y -       A->Y    R     NAND2x1p5_ASAP7_75t_SL         3  3.5    36    21    1498    (-,-) 
  inc_FP32_ALU_col1_roundingAdder_add_274_18_spec1_g481/Y -       B->Y    F     NOR2x1p5_ASAP7_75t_SL          2  2.4    27    15    1512    (-,-) 
  inc_FP32_ALU_col1_roundingAdder_add_274_18_spec1_g478/Y -       B->Y    R     NAND2x1p5_ASAP7_75t_SL         2  1.9    33    15    1527    (-,-) 
  inc_FP32_ALU_col1_roundingAdder_add_274_18_spec1_g475/Y -       B->Y    F     NOR2x1_ASAP7_75t_SL            2  1.6    27    16    1543    (-,-) 
  inc_FP32_ALU_col1_roundingAdder_add_274_18_spec1_g473/Y -       B->Y    F     AND2x2_ASAP7_75t_SL            2  1.6    14    24    1567    (-,-) 
  inc_FP32_ALU_col1_roundingAdder_add_274_18_spec1_g472/Y -       A->Y    R     INVx1_ASAP7_75t_L              2  2.0    27    18    1584    (-,-) 
  inc_FP32_ALU_col1_roundingAdder_add_274_18_spec1_g469/Y -       B->Y    F     XNOR2xp5_ASAP7_75t_SL          1  0.8    31    12    1596    (-,-) 
  g29249/Y                                                -       A2->Y   R     AOI21xp5_ASAP7_75t_L           2  1.5    46    28    1624    (-,-) 
  g29242/Y                                                -       A->Y    R     OR2x2_ASAP7_75t_SL             1  0.6    11    24    1647    (-,-) 
  g29240/Y                                                -       A->Y    F     NOR2xp33_ASAP7_75t_SL          1  1.4    41    21    1668    (-,-) 
  g29231/Y                                                -       A1->Y   R     AOI21x1_ASAP7_75t_SL          10  7.2    79    40    1709    (-,-) 
  g29226/Y                                                -       B->Y    R     AND2x2_ASAP7_75t_L            17 11.7    74    62    1771    (-,-) 
  g29199/Y                                                -       B->Y    F     NAND2x1_ASAP7_75t_L            2  2.1    35    22    1794    (-,-) 
  g29170/Y                                                -       B->Y    R     NOR2x1_ASAP7_75t_L             5  3.4    48    30    1824    (-,-) 
  g29127/Y                                                -       A1->Y   F     AOI21xp5_ASAP7_75t_SL          1  0.9    30    16    1841    (-,-) 
  PIPE_OUT_col1_stage_reg_reg[0][3]/D                     -       -       F     ASYNC_DFFHx1_ASAP7_75t_SL      1    -     -     0    1841    (-,-) 
#--------------------------------------------------------------------------------------------------------------------------------------------------



Path 3: MET (42 ps) Setup Check with Pin PIPE_OUT_col1_stage_reg_reg[0][2]/CLK->D
           View: PVT_0P63V_100C.setup_view
          Group: clk
     Startpoint: (R) PIPE_3_fix2float_col1_stage_reg_reg[0][28]/CLK
          Clock: (R) clk
       Endpoint: (F) PIPE_OUT_col1_stage_reg_reg[0][2]/D
          Clock: (R) clk

                     Capture       Launch     
        Clock Edge:+    2000            0     
       Src Latency:+       0            0     
       Net Latency:+       0 (I)        0 (I) 
           Arrival:=    2000            0     
                                              
             Setup:-      18                  
       Uncertainty:-     100                  
     Required Time:=    1882                  
      Launch Clock:-       0                  
         Data Path:-    1841                  
             Slack:=      42                  

#--------------------------------------------------------------------------------------------------------------------------------------------------
#                      Timing Point                       Flags    Arc    Edge           Cell             Fanout Load Trans Delay Arrival Instance 
#                                                                                                                (fF)  (ps)  (ps)   (ps)  Location 
#--------------------------------------------------------------------------------------------------------------------------------------------------
  PIPE_3_fix2float_col1_stage_reg_reg[0][28]/CLK          -       -       R     (arrival)                   1073    -     0     0       0    (-,-) 
  PIPE_3_fix2float_col1_stage_reg_reg[0][28]/QN           -       CLK->QN R     ASYNC_DFFHx1_ASAP7_75t_SL      4  3.6    52    64      64    (-,-) 
  g47087/Y                                                -       A->Y    F     INVxp67_ASAP7_75t_SL           2  1.5    30    18      82    (-,-) 
  g47028/Y                                                -       C->Y    F     AO221x1_ASAP7_75t_SL           4  3.9    40    44     126    (-,-) 
  g46945/Y                                                -       B->Y    R     NOR2x1p5_ASAP7_75t_SL          2  1.7    26    15     141    (-,-) 
  g46728/Y                                                -       A2->Y   F     OAI21xp5_ASAP7_75t_SL          1  0.8    26    13     154    (-,-) 
  g46711/Y                                                -       A->Y    R     NAND2xp5_ASAP7_75t_SL          1  1.2    29    19     173    (-,-) 
  g46649/Y                                                -       B->Y    F     AOI211x1_ASAP7_75t_SL          2  2.0    47    18     190    (-,-) 
  g46609__9315/Y                                          -       C->Y    F     OA221x2_ASAP7_75t_SL           8  6.5    36    46     236    (-,-) 
  g46587/Y                                                -       A->Y    F     BUFx12f_ASAP7_75t_SL          14 11.9    16    25     261    (-,-) 
  g46506__4733/Y                                          -       B2->Y   R     OAI22xp5_ASAP7_75t_SL          2  1.6    46    23     284    (-,-) 
  g46353__2802/Y                                          -       B->Y    F     NOR2xp67_ASAP7_75t_SL          1  0.8    23    15     300    (-,-) 
  g46317__2802/Y                                          -       B->Y    F     AND2x2_ASAP7_75t_SL            2  2.5    17    25     324    (-,-) 
  g46303__7410/Y                                          -       B->Y    R     NAND2x1p5_ASAP7_75t_SL         2  2.1    23    14     338    (-,-) 
  g46208__4319/Y                                          -       A2->Y   F     AOI21x1_ASAP7_75t_SL           1  1.3    22    10     348    (-,-) 
  g46203__6417/Y                                          -       A->Y    F     AND2x6_ASAP7_75t_SL           22 17.0    29    36     384    (-,-) 
  g46159__7482/Y                                          -       A->Y    R     NAND2x2_ASAP7_75t_SL          12  9.2    58    34     417    (-,-) 
  g46145/Y                                                -       A->Y    F     INVx1_ASAP7_75t_SL             2  2.5    34    20     437    (-,-) 
  g46038__1881/Y                                          -       B1->Y   R     AOI22x1_ASAP7_75t_SL           2  1.5    39    19     456    (-,-) 
  g45935__9315/Y                                          -       B2->Y   R     OA22x2_ASAP7_75t_SL            2  1.6    16    24     480    (-,-) 
  g45928/Y                                                -       A->Y    F     INVx1_ASAP7_75t_L              1  0.7    11     9     489    (-,-) 
  g45888__1617/Y                                          -       A2->Y   F     AO22x1_ASAP7_75t_SL            2  2.0    24    29     518    (-,-) 
  g45823__4319/Y                                          -       B1->Y   R     AOI22x1_ASAP7_75t_SL           1  1.3    32    17     535    (-,-) 
  g45771__2802/Y                                          -       B->Y    R     XOR2xp5_ASAP7_75t_SL           2  2.0    55    34     569    (-,-) 
  addinc_FP32_ALU_col1_fracAdder_add_113_18_g1294/Y       -       B->Y    F     NOR2x1_ASAP7_75t_SL            3  2.5    43    23     591    (-,-) 
  addinc_FP32_ALU_col1_fracAdder_add_113_18_g1214/Y       -       B->Y    R     NOR2x1_ASAP7_75t_SL            3  2.1    35    20     611    (-,-) 
  addinc_FP32_ALU_col1_fracAdder_add_113_18_g1135/Y       -       A->Y    R     AND2x2_ASAP7_75t_SL            2  2.5    20    23     634    (-,-) 
  addinc_FP32_ALU_col1_fracAdder_add_113_18_g1108/Y       -       A2->Y   F     AOI21x1_ASAP7_75t_SL           1  1.3    28    10     644    (-,-) 
  addinc_FP32_ALU_col1_fracAdder_add_113_18_g1091/Y       -       A->Y    F     AND2x4_ASAP7_75t_SL            3  4.3    15    26     670    (-,-) 
  addinc_FP32_ALU_col1_fracAdder_add_113_18_g1090/Y       -       A->Y    R     INVx4_ASAP7_75t_SL             7  6.6    21    13     683    (-,-) 
  addinc_FP32_ALU_col1_fracAdder_add_113_18_g1072/Y       -       A2->Y   F     AOI21x1_ASAP7_75t_SL           1  1.3    22    10     693    (-,-) 
  addinc_FP32_ALU_col1_fracAdder_add_113_18_g1056/Y       -       B->Y    R     XNOR2xp5_ASAP7_75t_SL          2  1.3    42    22     715    (-,-) 
  g48107/Y                                                -       C->Y    F     NOR3xp33_ASAP7_75t_SL          1  1.5    33    21     736    (-,-) 
  g48103/Y                                                -       C->Y    R     NAND3x1_ASAP7_75t_SL           1  1.3    36    25     761    (-,-) 
  g48101/Y                                                -       B->Y    F     NOR2x1_ASAP7_75t_SL            2  2.2    35    19     780    (-,-) 
  g48100/Y                                                -       A->Y    R     INVx2_ASAP7_75t_SL             1  1.6    18    12     792    (-,-) 
  g48099/Y                                                -       A->Y    F     NOR3x1_ASAP7_75t_SL            1  1.3    30    14     806    (-,-) 
  g48097/Y                                                -       A->Y    F     AND5x2_ASAP7_75t_SL            4  4.8    27    32     837    (-,-) 
  g48092/Y                                                -       A2->Y   R     AOI21x1_ASAP7_75t_SL           2  2.6    40    20     858    (-,-) 
  g30797/Y                                                -       B->Y    F     NAND4xp75_ASAP7_75t_SL         1  1.8    35    18     876    (-,-) 
  g30796/Y                                                -       B->Y    R     NOR2x1p5_ASAP7_75t_SL          2  2.2    28    16     893    (-,-) 
  g30795/Y                                                -       A->Y    F     INVx2_ASAP7_75t_SL             4  3.0    18    12     904    (-,-) 
  g30782/Y                                                -       A2->Y   R     OAI21xp5_ASAP7_75t_SL          1  1.4    38    21     925    (-,-) 
  g30778/Y                                                -       B->Y    F     AOI21x1_ASAP7_75t_SL           2  2.6    38    18     943    (-,-) 
  g48082/Y                                                -       B->Y    R     NAND4xp75_ASAP7_75t_SL         5  3.9    38    23     966    (-,-) 
  g48080/Y                                                -       B->Y    F     NOR2x1_ASAP7_75t_SL            3  3.1    36    23     989    (-,-) 
  g48079/Y                                                -       A2->Y   R     AOI21x1_ASAP7_75t_SL           2  2.7    40    22    1011    (-,-) 
  g48077/Y                                                -       A->Y    F     INVx2_ASAP7_75t_SL             1  0.9    14     7    1018    (-,-) 
  g48072/Y                                                -       A2->Y   F     OA21x2_ASAP7_75t_SL            3  2.0    16    25    1043    (-,-) 
  g48066/Y                                                -       B->Y    R     NAND2xp5_ASAP7_75t_SL          1  0.9    27    13    1056    (-,-) 
  g48064/Y                                                -       A1->Y   F     OAI21xp5_ASAP7_75t_SL          2  2.5    42    24    1080    (-,-) 
  g48062/Y                                                -       A2->Y   R     AOI21x1_ASAP7_75t_SL           1  1.8    34    19    1100    (-,-) 
  g48061/Y                                                -       A->Y    F     NOR2x1p5_ASAP7_75t_SL          2  2.4    24    16    1116    (-,-) 
  g48057/Y                                                -       B->Y    R     NAND2x1p5_ASAP7_75t_SL         3  2.9    28    18    1133    (-,-) 
  g48054/Y                                                -       A->Y    F     INVx2_ASAP7_75t_SL             1  0.9    11     6    1140    (-,-) 
  g48050/Y                                                -       B->Y    R     OAI21xp5_ASAP7_75t_SL          1  1.3    48    12    1152    (-,-) 
  g48045/Y                                                -       B->Y    R     AND2x6_ASAP7_75t_SL           28 25.0    49    44    1196    (-,-) 
  g48037/Y                                                -       A->Y    F     INVx11_ASAP7_75t_SL           27 19.8    28    16    1213    (-,-) 
  g47979/Y                                                -       B1->Y   R     AOI22xp5_ASAP7_75t_SL          2  1.5    46    26    1238    (-,-) 
  g47928/Y                                                -       B2->Y   F     OAI22xp5_ASAP7_75t_L           2  1.4    34    23    1261    (-,-) 
  g47914/Y                                                -       A1->Y   R     AOI22xp5_ASAP7_75t_SL          2  1.7    50    26    1288    (-,-) 
  g47907/Y                                                -       A->Y    F     INVx1_ASAP7_75t_L              1  0.8    19    14    1301    (-,-) 
  g30513/Y                                                -       B1->Y   R     AOI22xp5_ASAP7_75t_SL          2  1.1    37    20    1322    (-,-) 
  g48181/Y                                                -       A->Y    F     INVxp33_ASAP7_75t_SRAM         2  1.3    59    50    1371    (-,-) 
  inc_FP32_ALU_col1_roundingAdder_add_274_18_spec1_g565/Y -       B->Y    F     AND2x2_ASAP7_75t_SL            2  1.5    15    30    1401    (-,-) 
  inc_FP32_ALU_col1_roundingAdder_add_274_18_spec1_g527/Y -       E->Y    F     AND5x1_ASAP7_75t_SL            2  1.8    19    28    1429    (-,-) 
  inc_FP32_ALU_col1_roundingAdder_add_274_18_spec1_g518/Y -       B->Y    F     AND2x4_ASAP7_75t_SL            3  3.2    13    21    1450    (-,-) 
  inc_FP32_ALU_col1_roundingAdder_add_274_18_spec1_g506/Y -       B->Y    R     NAND2x1p5_ASAP7_75t_SL         2  2.3    24    13    1463    (-,-) 
  inc_FP32_ALU_col1_roundingAdder_add_274_18_spec1_g495/Y -       B->Y    F     NOR2x1p5_ASAP7_75t_SL          2  2.3    26    13    1476    (-,-) 
  inc_FP32_ALU_col1_roundingAdder_add_274_18_spec1_g487/Y -       A->Y    R     NAND2x1p5_ASAP7_75t_SL         3  3.5    36    21    1498    (-,-) 
  inc_FP32_ALU_col1_roundingAdder_add_274_18_spec1_g481/Y -       B->Y    F     NOR2x1p5_ASAP7_75t_SL          2  2.4    27    15    1512    (-,-) 
  inc_FP32_ALU_col1_roundingAdder_add_274_18_spec1_g478/Y -       B->Y    R     NAND2x1p5_ASAP7_75t_SL         2  1.9    33    15    1527    (-,-) 
  inc_FP32_ALU_col1_roundingAdder_add_274_18_spec1_g475/Y -       B->Y    F     NOR2x1_ASAP7_75t_SL            2  1.6    27    16    1543    (-,-) 
  inc_FP32_ALU_col1_roundingAdder_add_274_18_spec1_g473/Y -       B->Y    F     AND2x2_ASAP7_75t_SL            2  1.6    14    24    1567    (-,-) 
  inc_FP32_ALU_col1_roundingAdder_add_274_18_spec1_g472/Y -       A->Y    R     INVx1_ASAP7_75t_L              2  2.0    27    18    1584    (-,-) 
  inc_FP32_ALU_col1_roundingAdder_add_274_18_spec1_g469/Y -       B->Y    F     XNOR2xp5_ASAP7_75t_SL          1  0.8    31    12    1596    (-,-) 
  g29249/Y                                                -       A2->Y   R     AOI21xp5_ASAP7_75t_L           2  1.5    46    28    1624    (-,-) 
  g29242/Y                                                -       A->Y    R     OR2x2_ASAP7_75t_SL             1  0.6    11    24    1647    (-,-) 
  g29240/Y                                                -       A->Y    F     NOR2xp33_ASAP7_75t_SL          1  1.4    41    21    1668    (-,-) 
  g29231/Y                                                -       A1->Y   R     AOI21x1_ASAP7_75t_SL          10  7.2    79    40    1709    (-,-) 
  g29226/Y                                                -       B->Y    R     AND2x2_ASAP7_75t_L            17 11.7    74    62    1771    (-,-) 
  g29199/Y                                                -       B->Y    F     NAND2x1_ASAP7_75t_L            2  2.1    35    22    1794    (-,-) 
  g29170/Y                                                -       B->Y    R     NOR2x1_ASAP7_75t_L             5  3.4    48    30    1824    (-,-) 
  g29126/Y                                                -       A1->Y   F     AOI21xp5_ASAP7_75t_SL          1  0.9    30    16    1841    (-,-) 
  PIPE_OUT_col1_stage_reg_reg[0][2]/D                     -       -       F     ASYNC_DFFHx1_ASAP7_75t_SL      1    -     -     0    1841    (-,-) 
#--------------------------------------------------------------------------------------------------------------------------------------------------



Path 4: MET (42 ps) Setup Check with Pin PIPE_OUT_col1_stage_reg_reg[0][1]/CLK->D
           View: PVT_0P63V_100C.setup_view
          Group: clk
     Startpoint: (R) PIPE_3_fix2float_col1_stage_reg_reg[0][28]/CLK
          Clock: (R) clk
       Endpoint: (F) PIPE_OUT_col1_stage_reg_reg[0][1]/D
          Clock: (R) clk

                     Capture       Launch     
        Clock Edge:+    2000            0     
       Src Latency:+       0            0     
       Net Latency:+       0 (I)        0 (I) 
           Arrival:=    2000            0     
                                              
             Setup:-      18                  
       Uncertainty:-     100                  
     Required Time:=    1882                  
      Launch Clock:-       0                  
         Data Path:-    1841                  
             Slack:=      42                  

#--------------------------------------------------------------------------------------------------------------------------------------------------
#                      Timing Point                       Flags    Arc    Edge           Cell             Fanout Load Trans Delay Arrival Instance 
#                                                                                                                (fF)  (ps)  (ps)   (ps)  Location 
#--------------------------------------------------------------------------------------------------------------------------------------------------
  PIPE_3_fix2float_col1_stage_reg_reg[0][28]/CLK          -       -       R     (arrival)                   1073    -     0     0       0    (-,-) 
  PIPE_3_fix2float_col1_stage_reg_reg[0][28]/QN           -       CLK->QN R     ASYNC_DFFHx1_ASAP7_75t_SL      4  3.6    52    64      64    (-,-) 
  g47087/Y                                                -       A->Y    F     INVxp67_ASAP7_75t_SL           2  1.5    30    18      82    (-,-) 
  g47028/Y                                                -       C->Y    F     AO221x1_ASAP7_75t_SL           4  3.9    40    44     126    (-,-) 
  g46945/Y                                                -       B->Y    R     NOR2x1p5_ASAP7_75t_SL          2  1.7    26    15     141    (-,-) 
  g46728/Y                                                -       A2->Y   F     OAI21xp5_ASAP7_75t_SL          1  0.8    26    13     154    (-,-) 
  g46711/Y                                                -       A->Y    R     NAND2xp5_ASAP7_75t_SL          1  1.2    29    19     173    (-,-) 
  g46649/Y                                                -       B->Y    F     AOI211x1_ASAP7_75t_SL          2  2.0    47    18     190    (-,-) 
  g46609__9315/Y                                          -       C->Y    F     OA221x2_ASAP7_75t_SL           8  6.5    36    46     236    (-,-) 
  g46587/Y                                                -       A->Y    F     BUFx12f_ASAP7_75t_SL          14 11.9    16    25     261    (-,-) 
  g46506__4733/Y                                          -       B2->Y   R     OAI22xp5_ASAP7_75t_SL          2  1.6    46    23     284    (-,-) 
  g46353__2802/Y                                          -       B->Y    F     NOR2xp67_ASAP7_75t_SL          1  0.8    23    15     300    (-,-) 
  g46317__2802/Y                                          -       B->Y    F     AND2x2_ASAP7_75t_SL            2  2.5    17    25     324    (-,-) 
  g46303__7410/Y                                          -       B->Y    R     NAND2x1p5_ASAP7_75t_SL         2  2.1    23    14     338    (-,-) 
  g46208__4319/Y                                          -       A2->Y   F     AOI21x1_ASAP7_75t_SL           1  1.3    22    10     348    (-,-) 
  g46203__6417/Y                                          -       A->Y    F     AND2x6_ASAP7_75t_SL           22 17.0    29    36     384    (-,-) 
  g46159__7482/Y                                          -       A->Y    R     NAND2x2_ASAP7_75t_SL          12  9.2    58    34     417    (-,-) 
  g46145/Y                                                -       A->Y    F     INVx1_ASAP7_75t_SL             2  2.5    34    20     437    (-,-) 
  g46038__1881/Y                                          -       B1->Y   R     AOI22x1_ASAP7_75t_SL           2  1.5    39    19     456    (-,-) 
  g45935__9315/Y                                          -       B2->Y   R     OA22x2_ASAP7_75t_SL            2  1.6    16    24     480    (-,-) 
  g45928/Y                                                -       A->Y    F     INVx1_ASAP7_75t_L              1  0.7    11     9     489    (-,-) 
  g45888__1617/Y                                          -       A2->Y   F     AO22x1_ASAP7_75t_SL            2  2.0    24    29     518    (-,-) 
  g45823__4319/Y                                          -       B1->Y   R     AOI22x1_ASAP7_75t_SL           1  1.3    32    17     535    (-,-) 
  g45771__2802/Y                                          -       B->Y    R     XOR2xp5_ASAP7_75t_SL           2  2.0    55    34     569    (-,-) 
  addinc_FP32_ALU_col1_fracAdder_add_113_18_g1294/Y       -       B->Y    F     NOR2x1_ASAP7_75t_SL            3  2.5    43    23     591    (-,-) 
  addinc_FP32_ALU_col1_fracAdder_add_113_18_g1214/Y       -       B->Y    R     NOR2x1_ASAP7_75t_SL            3  2.1    35    20     611    (-,-) 
  addinc_FP32_ALU_col1_fracAdder_add_113_18_g1135/Y       -       A->Y    R     AND2x2_ASAP7_75t_SL            2  2.5    20    23     634    (-,-) 
  addinc_FP32_ALU_col1_fracAdder_add_113_18_g1108/Y       -       A2->Y   F     AOI21x1_ASAP7_75t_SL           1  1.3    28    10     644    (-,-) 
  addinc_FP32_ALU_col1_fracAdder_add_113_18_g1091/Y       -       A->Y    F     AND2x4_ASAP7_75t_SL            3  4.3    15    26     670    (-,-) 
  addinc_FP32_ALU_col1_fracAdder_add_113_18_g1090/Y       -       A->Y    R     INVx4_ASAP7_75t_SL             7  6.6    21    13     683    (-,-) 
  addinc_FP32_ALU_col1_fracAdder_add_113_18_g1072/Y       -       A2->Y   F     AOI21x1_ASAP7_75t_SL           1  1.3    22    10     693    (-,-) 
  addinc_FP32_ALU_col1_fracAdder_add_113_18_g1056/Y       -       B->Y    R     XNOR2xp5_ASAP7_75t_SL          2  1.3    42    22     715    (-,-) 
  g48107/Y                                                -       C->Y    F     NOR3xp33_ASAP7_75t_SL          1  1.5    33    21     736    (-,-) 
  g48103/Y                                                -       C->Y    R     NAND3x1_ASAP7_75t_SL           1  1.3    36    25     761    (-,-) 
  g48101/Y                                                -       B->Y    F     NOR2x1_ASAP7_75t_SL            2  2.2    35    19     780    (-,-) 
  g48100/Y                                                -       A->Y    R     INVx2_ASAP7_75t_SL             1  1.6    18    12     792    (-,-) 
  g48099/Y                                                -       A->Y    F     NOR3x1_ASAP7_75t_SL            1  1.3    30    14     806    (-,-) 
  g48097/Y                                                -       A->Y    F     AND5x2_ASAP7_75t_SL            4  4.8    27    32     837    (-,-) 
  g48092/Y                                                -       A2->Y   R     AOI21x1_ASAP7_75t_SL           2  2.6    40    20     858    (-,-) 
  g30797/Y                                                -       B->Y    F     NAND4xp75_ASAP7_75t_SL         1  1.8    35    18     876    (-,-) 
  g30796/Y                                                -       B->Y    R     NOR2x1p5_ASAP7_75t_SL          2  2.2    28    16     893    (-,-) 
  g30795/Y                                                -       A->Y    F     INVx2_ASAP7_75t_SL             4  3.0    18    12     904    (-,-) 
  g30782/Y                                                -       A2->Y   R     OAI21xp5_ASAP7_75t_SL          1  1.4    38    21     925    (-,-) 
  g30778/Y                                                -       B->Y    F     AOI21x1_ASAP7_75t_SL           2  2.6    38    18     943    (-,-) 
  g48082/Y                                                -       B->Y    R     NAND4xp75_ASAP7_75t_SL         5  3.9    38    23     966    (-,-) 
  g48080/Y                                                -       B->Y    F     NOR2x1_ASAP7_75t_SL            3  3.1    36    23     989    (-,-) 
  g48079/Y                                                -       A2->Y   R     AOI21x1_ASAP7_75t_SL           2  2.7    40    22    1011    (-,-) 
  g48077/Y                                                -       A->Y    F     INVx2_ASAP7_75t_SL             1  0.9    14     7    1018    (-,-) 
  g48072/Y                                                -       A2->Y   F     OA21x2_ASAP7_75t_SL            3  2.0    16    25    1043    (-,-) 
  g48066/Y                                                -       B->Y    R     NAND2xp5_ASAP7_75t_SL          1  0.9    27    13    1056    (-,-) 
  g48064/Y                                                -       A1->Y   F     OAI21xp5_ASAP7_75t_SL          2  2.5    42    24    1080    (-,-) 
  g48062/Y                                                -       A2->Y   R     AOI21x1_ASAP7_75t_SL           1  1.8    34    19    1100    (-,-) 
  g48061/Y                                                -       A->Y    F     NOR2x1p5_ASAP7_75t_SL          2  2.4    24    16    1116    (-,-) 
  g48057/Y                                                -       B->Y    R     NAND2x1p5_ASAP7_75t_SL         3  2.9    28    18    1133    (-,-) 
  g48054/Y                                                -       A->Y    F     INVx2_ASAP7_75t_SL             1  0.9    11     6    1140    (-,-) 
  g48050/Y                                                -       B->Y    R     OAI21xp5_ASAP7_75t_SL          1  1.3    48    12    1152    (-,-) 
  g48045/Y                                                -       B->Y    R     AND2x6_ASAP7_75t_SL           28 25.0    49    44    1196    (-,-) 
  g48037/Y                                                -       A->Y    F     INVx11_ASAP7_75t_SL           27 19.8    28    16    1213    (-,-) 
  g47979/Y                                                -       B1->Y   R     AOI22xp5_ASAP7_75t_SL          2  1.5    46    26    1238    (-,-) 
  g47928/Y                                                -       B2->Y   F     OAI22xp5_ASAP7_75t_L           2  1.4    34    23    1261    (-,-) 
  g47914/Y                                                -       A1->Y   R     AOI22xp5_ASAP7_75t_SL          2  1.7    50    26    1288    (-,-) 
  g47907/Y                                                -       A->Y    F     INVx1_ASAP7_75t_L              1  0.8    19    14    1301    (-,-) 
  g30513/Y                                                -       B1->Y   R     AOI22xp5_ASAP7_75t_SL          2  1.1    37    20    1322    (-,-) 
  g48181/Y                                                -       A->Y    F     INVxp33_ASAP7_75t_SRAM         2  1.3    59    50    1371    (-,-) 
  inc_FP32_ALU_col1_roundingAdder_add_274_18_spec1_g565/Y -       B->Y    F     AND2x2_ASAP7_75t_SL            2  1.5    15    30    1401    (-,-) 
  inc_FP32_ALU_col1_roundingAdder_add_274_18_spec1_g527/Y -       E->Y    F     AND5x1_ASAP7_75t_SL            2  1.8    19    28    1429    (-,-) 
  inc_FP32_ALU_col1_roundingAdder_add_274_18_spec1_g518/Y -       B->Y    F     AND2x4_ASAP7_75t_SL            3  3.2    13    21    1450    (-,-) 
  inc_FP32_ALU_col1_roundingAdder_add_274_18_spec1_g506/Y -       B->Y    R     NAND2x1p5_ASAP7_75t_SL         2  2.3    24    13    1463    (-,-) 
  inc_FP32_ALU_col1_roundingAdder_add_274_18_spec1_g495/Y -       B->Y    F     NOR2x1p5_ASAP7_75t_SL          2  2.3    26    13    1476    (-,-) 
  inc_FP32_ALU_col1_roundingAdder_add_274_18_spec1_g487/Y -       A->Y    R     NAND2x1p5_ASAP7_75t_SL         3  3.5    36    21    1498    (-,-) 
  inc_FP32_ALU_col1_roundingAdder_add_274_18_spec1_g481/Y -       B->Y    F     NOR2x1p5_ASAP7_75t_SL          2  2.4    27    15    1512    (-,-) 
  inc_FP32_ALU_col1_roundingAdder_add_274_18_spec1_g478/Y -       B->Y    R     NAND2x1p5_ASAP7_75t_SL         2  1.9    33    15    1527    (-,-) 
  inc_FP32_ALU_col1_roundingAdder_add_274_18_spec1_g475/Y -       B->Y    F     NOR2x1_ASAP7_75t_SL            2  1.6    27    16    1543    (-,-) 
  inc_FP32_ALU_col1_roundingAdder_add_274_18_spec1_g473/Y -       B->Y    F     AND2x2_ASAP7_75t_SL            2  1.6    14    24    1567    (-,-) 
  inc_FP32_ALU_col1_roundingAdder_add_274_18_spec1_g472/Y -       A->Y    R     INVx1_ASAP7_75t_L              2  2.0    27    18    1584    (-,-) 
  inc_FP32_ALU_col1_roundingAdder_add_274_18_spec1_g469/Y -       B->Y    F     XNOR2xp5_ASAP7_75t_SL          1  0.8    31    12    1596    (-,-) 
  g29249/Y                                                -       A2->Y   R     AOI21xp5_ASAP7_75t_L           2  1.5    46    28    1624    (-,-) 
  g29242/Y                                                -       A->Y    R     OR2x2_ASAP7_75t_SL             1  0.6    11    24    1647    (-,-) 
  g29240/Y                                                -       A->Y    F     NOR2xp33_ASAP7_75t_SL          1  1.4    41    21    1668    (-,-) 
  g29231/Y                                                -       A1->Y   R     AOI21x1_ASAP7_75t_SL          10  7.2    79    40    1709    (-,-) 
  g29226/Y                                                -       B->Y    R     AND2x2_ASAP7_75t_L            17 11.7    74    62    1771    (-,-) 
  g29199/Y                                                -       B->Y    F     NAND2x1_ASAP7_75t_L            2  2.1    35    22    1794    (-,-) 
  g29170/Y                                                -       B->Y    R     NOR2x1_ASAP7_75t_L             5  3.4    48    30    1824    (-,-) 
  g29125/Y                                                -       A1->Y   F     AOI21xp5_ASAP7_75t_SL          1  0.9    30    16    1841    (-,-) 
  PIPE_OUT_col1_stage_reg_reg[0][1]/D                     -       -       F     ASYNC_DFFHx1_ASAP7_75t_SL      1    -     -     0    1841    (-,-) 
#--------------------------------------------------------------------------------------------------------------------------------------------------



Path 5: MET (42 ps) Setup Check with Pin PIPE_OUT_col1_stage_reg_reg[0][0]/CLK->D
           View: PVT_0P63V_100C.setup_view
          Group: clk
     Startpoint: (R) PIPE_3_fix2float_col1_stage_reg_reg[0][28]/CLK
          Clock: (R) clk
       Endpoint: (F) PIPE_OUT_col1_stage_reg_reg[0][0]/D
          Clock: (R) clk

                     Capture       Launch     
        Clock Edge:+    2000            0     
       Src Latency:+       0            0     
       Net Latency:+       0 (I)        0 (I) 
           Arrival:=    2000            0     
                                              
             Setup:-      18                  
       Uncertainty:-     100                  
     Required Time:=    1882                  
      Launch Clock:-       0                  
         Data Path:-    1841                  
             Slack:=      42                  

#--------------------------------------------------------------------------------------------------------------------------------------------------
#                      Timing Point                       Flags    Arc    Edge           Cell             Fanout Load Trans Delay Arrival Instance 
#                                                                                                                (fF)  (ps)  (ps)   (ps)  Location 
#--------------------------------------------------------------------------------------------------------------------------------------------------
  PIPE_3_fix2float_col1_stage_reg_reg[0][28]/CLK          -       -       R     (arrival)                   1073    -     0     0       0    (-,-) 
  PIPE_3_fix2float_col1_stage_reg_reg[0][28]/QN           -       CLK->QN R     ASYNC_DFFHx1_ASAP7_75t_SL      4  3.6    52    64      64    (-,-) 
  g47087/Y                                                -       A->Y    F     INVxp67_ASAP7_75t_SL           2  1.5    30    18      82    (-,-) 
  g47028/Y                                                -       C->Y    F     AO221x1_ASAP7_75t_SL           4  3.9    40    44     126    (-,-) 
  g46945/Y                                                -       B->Y    R     NOR2x1p5_ASAP7_75t_SL          2  1.7    26    15     141    (-,-) 
  g46728/Y                                                -       A2->Y   F     OAI21xp5_ASAP7_75t_SL          1  0.8    26    13     154    (-,-) 
  g46711/Y                                                -       A->Y    R     NAND2xp5_ASAP7_75t_SL          1  1.2    29    19     173    (-,-) 
  g46649/Y                                                -       B->Y    F     AOI211x1_ASAP7_75t_SL          2  2.0    47    18     190    (-,-) 
  g46609__9315/Y                                          -       C->Y    F     OA221x2_ASAP7_75t_SL           8  6.5    36    46     236    (-,-) 
  g46587/Y                                                -       A->Y    F     BUFx12f_ASAP7_75t_SL          14 11.9    16    25     261    (-,-) 
  g46506__4733/Y                                          -       B2->Y   R     OAI22xp5_ASAP7_75t_SL          2  1.6    46    23     284    (-,-) 
  g46353__2802/Y                                          -       B->Y    F     NOR2xp67_ASAP7_75t_SL          1  0.8    23    15     300    (-,-) 
  g46317__2802/Y                                          -       B->Y    F     AND2x2_ASAP7_75t_SL            2  2.5    17    25     324    (-,-) 
  g46303__7410/Y                                          -       B->Y    R     NAND2x1p5_ASAP7_75t_SL         2  2.1    23    14     338    (-,-) 
  g46208__4319/Y                                          -       A2->Y   F     AOI21x1_ASAP7_75t_SL           1  1.3    22    10     348    (-,-) 
  g46203__6417/Y                                          -       A->Y    F     AND2x6_ASAP7_75t_SL           22 17.0    29    36     384    (-,-) 
  g46159__7482/Y                                          -       A->Y    R     NAND2x2_ASAP7_75t_SL          12  9.2    58    34     417    (-,-) 
  g46145/Y                                                -       A->Y    F     INVx1_ASAP7_75t_SL             2  2.5    34    20     437    (-,-) 
  g46038__1881/Y                                          -       B1->Y   R     AOI22x1_ASAP7_75t_SL           2  1.5    39    19     456    (-,-) 
  g45935__9315/Y                                          -       B2->Y   R     OA22x2_ASAP7_75t_SL            2  1.6    16    24     480    (-,-) 
  g45928/Y                                                -       A->Y    F     INVx1_ASAP7_75t_L              1  0.7    11     9     489    (-,-) 
  g45888__1617/Y                                          -       A2->Y   F     AO22x1_ASAP7_75t_SL            2  2.0    24    29     518    (-,-) 
  g45823__4319/Y                                          -       B1->Y   R     AOI22x1_ASAP7_75t_SL           1  1.3    32    17     535    (-,-) 
  g45771__2802/Y                                          -       B->Y    R     XOR2xp5_ASAP7_75t_SL           2  2.0    55    34     569    (-,-) 
  addinc_FP32_ALU_col1_fracAdder_add_113_18_g1294/Y       -       B->Y    F     NOR2x1_ASAP7_75t_SL            3  2.5    43    23     591    (-,-) 
  addinc_FP32_ALU_col1_fracAdder_add_113_18_g1214/Y       -       B->Y    R     NOR2x1_ASAP7_75t_SL            3  2.1    35    20     611    (-,-) 
  addinc_FP32_ALU_col1_fracAdder_add_113_18_g1135/Y       -       A->Y    R     AND2x2_ASAP7_75t_SL            2  2.5    20    23     634    (-,-) 
  addinc_FP32_ALU_col1_fracAdder_add_113_18_g1108/Y       -       A2->Y   F     AOI21x1_ASAP7_75t_SL           1  1.3    28    10     644    (-,-) 
  addinc_FP32_ALU_col1_fracAdder_add_113_18_g1091/Y       -       A->Y    F     AND2x4_ASAP7_75t_SL            3  4.3    15    26     670    (-,-) 
  addinc_FP32_ALU_col1_fracAdder_add_113_18_g1090/Y       -       A->Y    R     INVx4_ASAP7_75t_SL             7  6.6    21    13     683    (-,-) 
  addinc_FP32_ALU_col1_fracAdder_add_113_18_g1072/Y       -       A2->Y   F     AOI21x1_ASAP7_75t_SL           1  1.3    22    10     693    (-,-) 
  addinc_FP32_ALU_col1_fracAdder_add_113_18_g1056/Y       -       B->Y    R     XNOR2xp5_ASAP7_75t_SL          2  1.3    42    22     715    (-,-) 
  g48107/Y                                                -       C->Y    F     NOR3xp33_ASAP7_75t_SL          1  1.5    33    21     736    (-,-) 
  g48103/Y                                                -       C->Y    R     NAND3x1_ASAP7_75t_SL           1  1.3    36    25     761    (-,-) 
  g48101/Y                                                -       B->Y    F     NOR2x1_ASAP7_75t_SL            2  2.2    35    19     780    (-,-) 
  g48100/Y                                                -       A->Y    R     INVx2_ASAP7_75t_SL             1  1.6    18    12     792    (-,-) 
  g48099/Y                                                -       A->Y    F     NOR3x1_ASAP7_75t_SL            1  1.3    30    14     806    (-,-) 
  g48097/Y                                                -       A->Y    F     AND5x2_ASAP7_75t_SL            4  4.8    27    32     837    (-,-) 
  g48092/Y                                                -       A2->Y   R     AOI21x1_ASAP7_75t_SL           2  2.6    40    20     858    (-,-) 
  g30797/Y                                                -       B->Y    F     NAND4xp75_ASAP7_75t_SL         1  1.8    35    18     876    (-,-) 
  g30796/Y                                                -       B->Y    R     NOR2x1p5_ASAP7_75t_SL          2  2.2    28    16     893    (-,-) 
  g30795/Y                                                -       A->Y    F     INVx2_ASAP7_75t_SL             4  3.0    18    12     904    (-,-) 
  g30782/Y                                                -       A2->Y   R     OAI21xp5_ASAP7_75t_SL          1  1.4    38    21     925    (-,-) 
  g30778/Y                                                -       B->Y    F     AOI21x1_ASAP7_75t_SL           2  2.6    38    18     943    (-,-) 
  g48082/Y                                                -       B->Y    R     NAND4xp75_ASAP7_75t_SL         5  3.9    38    23     966    (-,-) 
  g48080/Y                                                -       B->Y    F     NOR2x1_ASAP7_75t_SL            3  3.1    36    23     989    (-,-) 
  g48079/Y                                                -       A2->Y   R     AOI21x1_ASAP7_75t_SL           2  2.7    40    22    1011    (-,-) 
  g48077/Y                                                -       A->Y    F     INVx2_ASAP7_75t_SL             1  0.9    14     7    1018    (-,-) 
  g48072/Y                                                -       A2->Y   F     OA21x2_ASAP7_75t_SL            3  2.0    16    25    1043    (-,-) 
  g48066/Y                                                -       B->Y    R     NAND2xp5_ASAP7_75t_SL          1  0.9    27    13    1056    (-,-) 
  g48064/Y                                                -       A1->Y   F     OAI21xp5_ASAP7_75t_SL          2  2.5    42    24    1080    (-,-) 
  g48062/Y                                                -       A2->Y   R     AOI21x1_ASAP7_75t_SL           1  1.8    34    19    1100    (-,-) 
  g48061/Y                                                -       A->Y    F     NOR2x1p5_ASAP7_75t_SL          2  2.4    24    16    1116    (-,-) 
  g48057/Y                                                -       B->Y    R     NAND2x1p5_ASAP7_75t_SL         3  2.9    28    18    1133    (-,-) 
  g48054/Y                                                -       A->Y    F     INVx2_ASAP7_75t_SL             1  0.9    11     6    1140    (-,-) 
  g48050/Y                                                -       B->Y    R     OAI21xp5_ASAP7_75t_SL          1  1.3    48    12    1152    (-,-) 
  g48045/Y                                                -       B->Y    R     AND2x6_ASAP7_75t_SL           28 25.0    49    44    1196    (-,-) 
  g48037/Y                                                -       A->Y    F     INVx11_ASAP7_75t_SL           27 19.8    28    16    1213    (-,-) 
  g47979/Y                                                -       B1->Y   R     AOI22xp5_ASAP7_75t_SL          2  1.5    46    26    1238    (-,-) 
  g47928/Y                                                -       B2->Y   F     OAI22xp5_ASAP7_75t_L           2  1.4    34    23    1261    (-,-) 
  g47914/Y                                                -       A1->Y   R     AOI22xp5_ASAP7_75t_SL          2  1.7    50    26    1288    (-,-) 
  g47907/Y                                                -       A->Y    F     INVx1_ASAP7_75t_L              1  0.8    19    14    1301    (-,-) 
  g30513/Y                                                -       B1->Y   R     AOI22xp5_ASAP7_75t_SL          2  1.1    37    20    1322    (-,-) 
  g48181/Y                                                -       A->Y    F     INVxp33_ASAP7_75t_SRAM         2  1.3    59    50    1371    (-,-) 
  inc_FP32_ALU_col1_roundingAdder_add_274_18_spec1_g565/Y -       B->Y    F     AND2x2_ASAP7_75t_SL            2  1.5    15    30    1401    (-,-) 
  inc_FP32_ALU_col1_roundingAdder_add_274_18_spec1_g527/Y -       E->Y    F     AND5x1_ASAP7_75t_SL            2  1.8    19    28    1429    (-,-) 
  inc_FP32_ALU_col1_roundingAdder_add_274_18_spec1_g518/Y -       B->Y    F     AND2x4_ASAP7_75t_SL            3  3.2    13    21    1450    (-,-) 
  inc_FP32_ALU_col1_roundingAdder_add_274_18_spec1_g506/Y -       B->Y    R     NAND2x1p5_ASAP7_75t_SL         2  2.3    24    13    1463    (-,-) 
  inc_FP32_ALU_col1_roundingAdder_add_274_18_spec1_g495/Y -       B->Y    F     NOR2x1p5_ASAP7_75t_SL          2  2.3    26    13    1476    (-,-) 
  inc_FP32_ALU_col1_roundingAdder_add_274_18_spec1_g487/Y -       A->Y    R     NAND2x1p5_ASAP7_75t_SL         3  3.5    36    21    1498    (-,-) 
  inc_FP32_ALU_col1_roundingAdder_add_274_18_spec1_g481/Y -       B->Y    F     NOR2x1p5_ASAP7_75t_SL          2  2.4    27    15    1512    (-,-) 
  inc_FP32_ALU_col1_roundingAdder_add_274_18_spec1_g478/Y -       B->Y    R     NAND2x1p5_ASAP7_75t_SL         2  1.9    33    15    1527    (-,-) 
  inc_FP32_ALU_col1_roundingAdder_add_274_18_spec1_g475/Y -       B->Y    F     NOR2x1_ASAP7_75t_SL            2  1.6    27    16    1543    (-,-) 
  inc_FP32_ALU_col1_roundingAdder_add_274_18_spec1_g473/Y -       B->Y    F     AND2x2_ASAP7_75t_SL            2  1.6    14    24    1567    (-,-) 
  inc_FP32_ALU_col1_roundingAdder_add_274_18_spec1_g472/Y -       A->Y    R     INVx1_ASAP7_75t_L              2  2.0    27    18    1584    (-,-) 
  inc_FP32_ALU_col1_roundingAdder_add_274_18_spec1_g469/Y -       B->Y    F     XNOR2xp5_ASAP7_75t_SL          1  0.8    31    12    1596    (-,-) 
  g29249/Y                                                -       A2->Y   R     AOI21xp5_ASAP7_75t_L           2  1.5    46    28    1624    (-,-) 
  g29242/Y                                                -       A->Y    R     OR2x2_ASAP7_75t_SL             1  0.6    11    24    1647    (-,-) 
  g29240/Y                                                -       A->Y    F     NOR2xp33_ASAP7_75t_SL          1  1.4    41    21    1668    (-,-) 
  g29231/Y                                                -       A1->Y   R     AOI21x1_ASAP7_75t_SL          10  7.2    79    40    1709    (-,-) 
  g29226/Y                                                -       B->Y    R     AND2x2_ASAP7_75t_L            17 11.7    74    62    1771    (-,-) 
  g29199/Y                                                -       B->Y    F     NAND2x1_ASAP7_75t_L            2  2.1    35    22    1794    (-,-) 
  g29170/Y                                                -       B->Y    R     NOR2x1_ASAP7_75t_L             5  3.4    48    30    1824    (-,-) 
  g29119/Y                                                -       A1->Y   F     AOI21xp5_ASAP7_75t_SL          1  0.9    30    16    1841    (-,-) 
  PIPE_OUT_col1_stage_reg_reg[0][0]/D                     -       -       F     ASYNC_DFFHx1_ASAP7_75t_SL      1    -     -     0    1841    (-,-) 
#--------------------------------------------------------------------------------------------------------------------------------------------------



Path 6: MET (45 ps) Setup Check with Pin PIPE_OUT_col2_stage_reg_reg[0][4]/CLK->D
           View: PVT_0P63V_100C.setup_view
          Group: clk
     Startpoint: (R) PIPE_cascade_in_col2_stage_reg_reg[0][3]/CLK
          Clock: (R) clk
       Endpoint: (F) PIPE_OUT_col2_stage_reg_reg[0][4]/D
          Clock: (R) clk

                     Capture       Launch     
        Clock Edge:+    2000            0     
       Src Latency:+       0            0     
       Net Latency:+       0 (I)        0 (I) 
           Arrival:=    2000            0     
                                              
             Setup:-      19                  
       Uncertainty:-     100                  
     Required Time:=    1881                  
      Launch Clock:-       0                  
         Data Path:-    1836                  
             Slack:=      45                  

#--------------------------------------------------------------------------------------------------------------------------------------------------
#                      Timing Point                       Flags    Arc    Edge           Cell             Fanout Load Trans Delay Arrival Instance 
#                                                                                                                (fF)  (ps)  (ps)   (ps)  Location 
#--------------------------------------------------------------------------------------------------------------------------------------------------
  PIPE_cascade_in_col2_stage_reg_reg[0][3]/CLK            -       -       R     (arrival)                   1073    -     0     0       0    (-,-) 
  PIPE_cascade_in_col2_stage_reg_reg[0][3]/QN             -       CLK->QN R     ASYNC_DFFHx1_ASAP7_75t_SL      1  0.8    24    48      48    (-,-) 
  g47518/Y                                                -       B->Y    R     AND2x2_ASAP7_75t_SL            1  1.4    18    21      69    (-,-) 
  g47459/Y                                                -       B->Y    F     AOI21x1_ASAP7_75t_SL           3  2.0    51    13      82    (-,-) 
  g46669/Y                                                -       B->Y    R     AOI31xp33_ASAP7_75t_SL         1  0.8    46    30     112    (-,-) 
  g46648/Y                                                -       C->Y    F     O2A1O1Ixp5_ASAP7_75t_SL        1  0.8    28    16     128    (-,-) 
  g46640__6161/Y                                          -       C->Y    R     O2A1O1Ixp5_ASAP7_75t_SL        1  0.9    35    20     149    (-,-) 
  g46621__6260/Y                                          -       A2->Y   F     OAI21xp5_ASAP7_75t_SL          2  1.5    39    19     168    (-,-) 
  g46615__1666/Y                                          -       A->Y    R     NAND3xp33_ASAP7_75t_SL         1  1.1    35    20     188    (-,-) 
  g46610__9945/Y                                          -       A1->Y   F     AOI211x1_ASAP7_75t_SL          1  0.8    34    17     205    (-,-) 
  g46571__7482/Y                                          -       B->Y    F     OR2x2_ASAP7_75t_SL             8  8.0    36    40     245    (-,-) 
  g46503__1881/Y                                          -       A2->Y   F     OA22x2_ASAP7_75t_SL            2  2.4    19    32     277    (-,-) 
  g46338__2883/Y                                          -       B->Y    R     NAND4xp75_ASAP7_75t_SL         1  2.2    38    15     292    (-,-) 
  g46312__8428/Y                                          -       A->Y    F     NOR2x2_ASAP7_75t_SL            4  3.7    29    20     312    (-,-) 
  g46304__6417/Y                                          -       B->Y    R     NAND2x1p5_ASAP7_75t_SL         4  3.6    36    21     332    (-,-) 
  g46300/Y                                                -       A->Y    F     INVx2_ASAP7_75t_SL             3  4.0    24    15     347    (-,-) 
  g46287__7482/Y                                          -       B->Y    R     NAND2x1p5_ASAP7_75t_SL         3  1.9    21    14     362    (-,-) 
  g46210__5526/Y                                          -       B->Y    F     NAND2xp5_ASAP7_75t_SL          1  1.3    24    15     377    (-,-) 
  g46204__5477/Y                                          -       A->Y    F     AND2x6_ASAP7_75t_SL           21 20.9    33    38     415    (-,-) 
  g46186/Y                                                -       A->Y    R     INVx8_ASAP7_75t_SL            23 17.4    32    20     435    (-,-) 
  g46114__6783/Y                                          -       A2->Y   F     AOI22xp5_ASAP7_75t_SL          1  0.8    32    16     450    (-,-) 
  g46055__6417/Y                                          -       B->Y    R     NAND2xp5_ASAP7_75t_L           2  1.4    34    25     475    (-,-) 
  g46041/Y                                                -       A->Y    F     INVxp67_ASAP7_75t_SL           1  0.9    20    12     487    (-,-) 
  g45992__6783/Y                                          -       A2->Y   R     AOI22xp5_ASAP7_75t_SL          2  1.3    42    20     508    (-,-) 
  g45929__6131/Y                                          -       B->Y    F     NOR2xp33_ASAP7_75t_L           1  0.8    38    25     533    (-,-) 
  g45833__7098/Y                                          -       B->Y    R     AOI21xp5_ASAP7_75t_SL          1  1.3    40    24     558    (-,-) 
  g45796__6783/Y                                          -       B->Y    R     XOR2xp5_ASAP7_75t_SL           2  2.0    53    35     592    (-,-) 
  addinc_FP32_ALU_col2_fracAdder_add_113_18_g1257/Y       -       B->Y    F     NOR2x1_ASAP7_75t_SL            3  3.0    56    25     617    (-,-) 
  addinc_FP32_ALU_col2_fracAdder_add_113_18_g1161/Y       -       A2->Y   R     OAI21xp5_ASAP7_75t_SL          3  2.5    64    38     654    (-,-) 
  addinc_FP32_ALU_col2_fracAdder_add_113_18_g1113/Y       -       A2->Y   F     AOI21x1_ASAP7_75t_SL           2  2.3    35    15     670    (-,-) 
  addinc_FP32_ALU_col2_fracAdder_add_113_18_g1104/Y       -       A->Y    R     INVx2_ASAP7_75t_SL             3  2.7    24    15     685    (-,-) 
  addinc_FP32_ALU_col2_fracAdder_add_113_18_g1089/Y       -       A2->Y   F     AOI21x1_ASAP7_75t_SL           3  2.2    26    13     698    (-,-) 
  addinc_FP32_ALU_col2_fracAdder_add_113_18_g1061/Y       -       A2->Y   R     OAI21xp5_ASAP7_75t_SL          1  1.4    45    22     721    (-,-) 
  addinc_FP32_ALU_col2_fracAdder_add_113_18_g1048/Y       -       B->Y    F     AOI21x1_ASAP7_75t_SL           1  1.2    22    13     734    (-,-) 
  addinc_FP32_ALU_col2_fracAdder_add_113_18_g1034/Y       -       B->Y    F     XOR2xp5_ASAP7_75t_SL           3  1.7    35    24     758    (-,-) 
  g30908__6131/Y                                          -       B->Y    R     NOR2xp33_ASAP7_75t_L           1  1.3    54    33     792    (-,-) 
  g30894__6260/Y                                          -       C->Y    R     AND5x2_ASAP7_75t_SL            4  4.8    36    44     836    (-,-) 
  g30883__2883/Y                                          -       A2->Y   F     AOI21x1_ASAP7_75t_SL           2  2.6    35    15     852    (-,-) 
  g30878__4733/Y                                          -       D->Y    R     NAND4xp75_ASAP7_75t_SL         1  1.8    31    19     871    (-,-) 
  g30876__5115/Y                                          -       A->Y    F     NOR2x1p5_ASAP7_75t_SL          2  2.2    23    15     886    (-,-) 
  g30875/Y                                                -       A->Y    R     INVx2_ASAP7_75t_SL             4  3.0    21    14     900    (-,-) 
  g30874/Y                                                -       A->Y    F     INVxp67_ASAP7_75t_SL           2  1.4    21    14     914    (-,-) 
  g30863__5122/Y                                          -       A2->Y   R     AOI21xp5_ASAP7_75t_L           1  1.8    50    29     943    (-,-) 
  g30852__4319/Y                                          -       D->Y    F     NAND4xp75_ASAP7_75t_SL         5  4.4    54    27     970    (-,-) 
  g30846__2398/Y                                          -       A2->Y   R     OAI21xp5_ASAP7_75t_SL          1  1.4    45    28     997    (-,-) 
  g30837__2883/Y                                          -       B->Y    F     AOI21x1_ASAP7_75t_SL           2  2.1    27    17    1014    (-,-) 
  g30836/Y                                                -       A->Y    R     INVx1_ASAP7_75t_SL             1  0.9    18    12    1026    (-,-) 
  g30832__6161/Y                                          -       A2->Y   R     OA21x2_ASAP7_75t_SL            3  3.0    23    26    1052    (-,-) 
  g30826__6131/Y                                          -       B->Y    F     NAND2x1p5_ASAP7_75t_SL         2  1.9    22    10    1062    (-,-) 
  g30823__5122/Y                                          -       A2->Y   R     O2A1O1Ixp33_ASAP7_75t_SL       1  0.9    43    23    1085    (-,-) 
  g30822__1705/Y                                          -       B2->Y   R     OA22x2_ASAP7_75t_SL            2  1.9    18    25    1110    (-,-) 
  g30818__1617/Y                                          -       B->Y    R     AND2x4_ASAP7_75t_SL            8  7.9    27    26    1135    (-,-) 
  g30817/Y                                                -       A->Y    F     INVx4_ASAP7_75t_SL             5  4.1    15     9    1145    (-,-) 
  g30810__6260/Y                                          -       A2->Y   F     AO22x2_ASAP7_75t_SL            1  2.6    19    28    1172    (-,-) 
  g30803/Y                                                -       A->Y    F     BUFx12f_ASAP7_75t_SL          24 26.3    24    26    1199    (-,-) 
  g30790/Y                                                -       A->Y    R     INVx11_ASAP7_75t_SL           20 14.6    22    14    1213    (-,-) 
  g30720__7098/Y                                          -       B2->Y   R     OA22x2_ASAP7_75t_SL            2  2.7    21    25    1238    (-,-) 
  g30640__6131/Y                                          -       B2->Y   F     OAI22x1_ASAP7_75t_SL           2  2.0    29    14    1252    (-,-) 
  g30603__5115/Y                                          -       B1->Y   R     AOI22xp5_ASAP7_75t_SL          2  1.7    48    27    1279    (-,-) 
  g30592/Y                                                -       A->Y    F     INVx1_ASAP7_75t_SL             1  0.8    19    10    1289    (-,-) 
  g30570__2346/Y                                          -       A2->Y   R     AOI21xp5_ASAP7_75t_L           2  1.1    40    22    1310    (-,-) 
  g48178/Y                                                -       A->Y    F     INVxp33_ASAP7_75t_SRAM         2  1.3    59    51    1361    (-,-) 
  inc_FP32_ALU_col2_roundingAdder_add_274_18_spec1_g567/Y -       B->Y    F     AND2x2_ASAP7_75t_SL            3  2.1    17    31    1392    (-,-) 
  inc_FP32_ALU_col2_roundingAdder_add_274_18_spec1_g527/Y -       D->Y    F     AND5x1_ASAP7_75t_SL            2  1.8    19    28    1420    (-,-) 
  inc_FP32_ALU_col2_roundingAdder_add_274_18_spec1_g518/Y -       B->Y    F     AND2x4_ASAP7_75t_SL            3  3.2    13    21    1441    (-,-) 
  inc_FP32_ALU_col2_roundingAdder_add_274_18_spec1_g506/Y -       B->Y    R     NAND2x1p5_ASAP7_75t_SL         2  2.3    24    13    1455    (-,-) 
  inc_FP32_ALU_col2_roundingAdder_add_274_18_spec1_g495/Y -       B->Y    F     NOR2x1p5_ASAP7_75t_SL          2  2.3    26    13    1468    (-,-) 
  inc_FP32_ALU_col2_roundingAdder_add_274_18_spec1_g487/Y -       B->Y    R     NAND2x1p5_ASAP7_75t_SL         3  3.5    40    20    1487    (-,-) 
  inc_FP32_ALU_col2_roundingAdder_add_274_18_spec1_g481/Y -       B->Y    F     NOR2x1p5_ASAP7_75t_SL          2  2.4    27    15    1502    (-,-) 
  inc_FP32_ALU_col2_roundingAdder_add_274_18_spec1_g478/Y -       B->Y    R     NAND2x1p5_ASAP7_75t_SL         2  1.9    34    15    1518    (-,-) 
  inc_FP32_ALU_col2_roundingAdder_add_274_18_spec1_g475/Y -       B->Y    F     NOR2x1_ASAP7_75t_SL            2  1.6    27    16    1533    (-,-) 
  inc_FP32_ALU_col2_roundingAdder_add_274_18_spec1_g473/Y -       B->Y    F     AND2x2_ASAP7_75t_SL            2  1.4    14    23    1557    (-,-) 
  inc_FP32_ALU_col2_roundingAdder_add_274_18_spec1_g470/Y -       B->Y    R     NAND2xp5_ASAP7_75t_SL          1  1.3    37    16    1572    (-,-) 
  inc_FP32_ALU_col2_roundingAdder_add_274_18_spec1_g468/Y -       B->Y    F     XOR2xp5_ASAP7_75t_SL           1  0.8    27    16    1588    (-,-) 
  g29263/Y                                                -       A2->Y   R     AOI21xp5_ASAP7_75t_L           2  1.5    45    27    1615    (-,-) 
  g29244/Y                                                -       B->Y    R     OR2x2_ASAP7_75t_SL             1  1.3    14    24    1638    (-,-) 
  g29241/Y                                                -       A->Y    F     NOR2x1_ASAP7_75t_L             1  1.4    27    15    1654    (-,-) 
  g29234/Y                                                -       A1->Y   R     AOI21x1_ASAP7_75t_SL          10  7.2    79    38    1692    (-,-) 
  g29225/Y                                                -       B->Y    R     AND2x2_ASAP7_75t_L            17 12.2    77    64    1756    (-,-) 
  g29198/Y                                                -       B->Y    F     NAND2x1p5_ASAP7_75t_SL         2  1.4    28    10    1766    (-,-) 
  g29171/Y                                                -       B->Y    R     NOR2xp33_ASAP7_75t_SL          5  3.4   103    51    1816    (-,-) 
  g29124/Y                                                -       A1->Y   F     AOI21xp5_ASAP7_75t_SL          1  0.9    45    20    1836    (-,-) 
  PIPE_OUT_col2_stage_reg_reg[0][4]/D                     -       -       F     ASYNC_DFFHx1_ASAP7_75t_SL      1    -     -     0    1836    (-,-) 
#--------------------------------------------------------------------------------------------------------------------------------------------------



Path 7: MET (45 ps) Setup Check with Pin PIPE_OUT_col2_stage_reg_reg[0][3]/CLK->D
           View: PVT_0P63V_100C.setup_view
          Group: clk
     Startpoint: (R) PIPE_cascade_in_col2_stage_reg_reg[0][3]/CLK
          Clock: (R) clk
       Endpoint: (F) PIPE_OUT_col2_stage_reg_reg[0][3]/D
          Clock: (R) clk

                     Capture       Launch     
        Clock Edge:+    2000            0     
       Src Latency:+       0            0     
       Net Latency:+       0 (I)        0 (I) 
           Arrival:=    2000            0     
                                              
             Setup:-      19                  
       Uncertainty:-     100                  
     Required Time:=    1881                  
      Launch Clock:-       0                  
         Data Path:-    1836                  
             Slack:=      45                  

#--------------------------------------------------------------------------------------------------------------------------------------------------
#                      Timing Point                       Flags    Arc    Edge           Cell             Fanout Load Trans Delay Arrival Instance 
#                                                                                                                (fF)  (ps)  (ps)   (ps)  Location 
#--------------------------------------------------------------------------------------------------------------------------------------------------
  PIPE_cascade_in_col2_stage_reg_reg[0][3]/CLK            -       -       R     (arrival)                   1073    -     0     0       0    (-,-) 
  PIPE_cascade_in_col2_stage_reg_reg[0][3]/QN             -       CLK->QN R     ASYNC_DFFHx1_ASAP7_75t_SL      1  0.8    24    48      48    (-,-) 
  g47518/Y                                                -       B->Y    R     AND2x2_ASAP7_75t_SL            1  1.4    18    21      69    (-,-) 
  g47459/Y                                                -       B->Y    F     AOI21x1_ASAP7_75t_SL           3  2.0    51    13      82    (-,-) 
  g46669/Y                                                -       B->Y    R     AOI31xp33_ASAP7_75t_SL         1  0.8    46    30     112    (-,-) 
  g46648/Y                                                -       C->Y    F     O2A1O1Ixp5_ASAP7_75t_SL        1  0.8    28    16     128    (-,-) 
  g46640__6161/Y                                          -       C->Y    R     O2A1O1Ixp5_ASAP7_75t_SL        1  0.9    35    20     149    (-,-) 
  g46621__6260/Y                                          -       A2->Y   F     OAI21xp5_ASAP7_75t_SL          2  1.5    39    19     168    (-,-) 
  g46615__1666/Y                                          -       A->Y    R     NAND3xp33_ASAP7_75t_SL         1  1.1    35    20     188    (-,-) 
  g46610__9945/Y                                          -       A1->Y   F     AOI211x1_ASAP7_75t_SL          1  0.8    34    17     205    (-,-) 
  g46571__7482/Y                                          -       B->Y    F     OR2x2_ASAP7_75t_SL             8  8.0    36    40     245    (-,-) 
  g46503__1881/Y                                          -       A2->Y   F     OA22x2_ASAP7_75t_SL            2  2.4    19    32     277    (-,-) 
  g46338__2883/Y                                          -       B->Y    R     NAND4xp75_ASAP7_75t_SL         1  2.2    38    15     292    (-,-) 
  g46312__8428/Y                                          -       A->Y    F     NOR2x2_ASAP7_75t_SL            4  3.7    29    20     312    (-,-) 
  g46304__6417/Y                                          -       B->Y    R     NAND2x1p5_ASAP7_75t_SL         4  3.6    36    21     332    (-,-) 
  g46300/Y                                                -       A->Y    F     INVx2_ASAP7_75t_SL             3  4.0    24    15     347    (-,-) 
  g46287__7482/Y                                          -       B->Y    R     NAND2x1p5_ASAP7_75t_SL         3  1.9    21    14     362    (-,-) 
  g46210__5526/Y                                          -       B->Y    F     NAND2xp5_ASAP7_75t_SL          1  1.3    24    15     377    (-,-) 
  g46204__5477/Y                                          -       A->Y    F     AND2x6_ASAP7_75t_SL           21 20.9    33    38     415    (-,-) 
  g46186/Y                                                -       A->Y    R     INVx8_ASAP7_75t_SL            23 17.4    32    20     435    (-,-) 
  g46114__6783/Y                                          -       A2->Y   F     AOI22xp5_ASAP7_75t_SL          1  0.8    32    16     450    (-,-) 
  g46055__6417/Y                                          -       B->Y    R     NAND2xp5_ASAP7_75t_L           2  1.4    34    25     475    (-,-) 
  g46041/Y                                                -       A->Y    F     INVxp67_ASAP7_75t_SL           1  0.9    20    12     487    (-,-) 
  g45992__6783/Y                                          -       A2->Y   R     AOI22xp5_ASAP7_75t_SL          2  1.3    42    20     508    (-,-) 
  g45929__6131/Y                                          -       B->Y    F     NOR2xp33_ASAP7_75t_L           1  0.8    38    25     533    (-,-) 
  g45833__7098/Y                                          -       B->Y    R     AOI21xp5_ASAP7_75t_SL          1  1.3    40    24     558    (-,-) 
  g45796__6783/Y                                          -       B->Y    R     XOR2xp5_ASAP7_75t_SL           2  2.0    53    35     592    (-,-) 
  addinc_FP32_ALU_col2_fracAdder_add_113_18_g1257/Y       -       B->Y    F     NOR2x1_ASAP7_75t_SL            3  3.0    56    25     617    (-,-) 
  addinc_FP32_ALU_col2_fracAdder_add_113_18_g1161/Y       -       A2->Y   R     OAI21xp5_ASAP7_75t_SL          3  2.5    64    38     654    (-,-) 
  addinc_FP32_ALU_col2_fracAdder_add_113_18_g1113/Y       -       A2->Y   F     AOI21x1_ASAP7_75t_SL           2  2.3    35    15     670    (-,-) 
  addinc_FP32_ALU_col2_fracAdder_add_113_18_g1104/Y       -       A->Y    R     INVx2_ASAP7_75t_SL             3  2.7    24    15     685    (-,-) 
  addinc_FP32_ALU_col2_fracAdder_add_113_18_g1089/Y       -       A2->Y   F     AOI21x1_ASAP7_75t_SL           3  2.2    26    13     698    (-,-) 
  addinc_FP32_ALU_col2_fracAdder_add_113_18_g1061/Y       -       A2->Y   R     OAI21xp5_ASAP7_75t_SL          1  1.4    45    22     721    (-,-) 
  addinc_FP32_ALU_col2_fracAdder_add_113_18_g1048/Y       -       B->Y    F     AOI21x1_ASAP7_75t_SL           1  1.2    22    13     734    (-,-) 
  addinc_FP32_ALU_col2_fracAdder_add_113_18_g1034/Y       -       B->Y    F     XOR2xp5_ASAP7_75t_SL           3  1.7    35    24     758    (-,-) 
  g30908__6131/Y                                          -       B->Y    R     NOR2xp33_ASAP7_75t_L           1  1.3    54    33     792    (-,-) 
  g30894__6260/Y                                          -       C->Y    R     AND5x2_ASAP7_75t_SL            4  4.8    36    44     836    (-,-) 
  g30883__2883/Y                                          -       A2->Y   F     AOI21x1_ASAP7_75t_SL           2  2.6    35    15     852    (-,-) 
  g30878__4733/Y                                          -       D->Y    R     NAND4xp75_ASAP7_75t_SL         1  1.8    31    19     871    (-,-) 
  g30876__5115/Y                                          -       A->Y    F     NOR2x1p5_ASAP7_75t_SL          2  2.2    23    15     886    (-,-) 
  g30875/Y                                                -       A->Y    R     INVx2_ASAP7_75t_SL             4  3.0    21    14     900    (-,-) 
  g30874/Y                                                -       A->Y    F     INVxp67_ASAP7_75t_SL           2  1.4    21    14     914    (-,-) 
  g30863__5122/Y                                          -       A2->Y   R     AOI21xp5_ASAP7_75t_L           1  1.8    50    29     943    (-,-) 
  g30852__4319/Y                                          -       D->Y    F     NAND4xp75_ASAP7_75t_SL         5  4.4    54    27     970    (-,-) 
  g30846__2398/Y                                          -       A2->Y   R     OAI21xp5_ASAP7_75t_SL          1  1.4    45    28     997    (-,-) 
  g30837__2883/Y                                          -       B->Y    F     AOI21x1_ASAP7_75t_SL           2  2.1    27    17    1014    (-,-) 
  g30836/Y                                                -       A->Y    R     INVx1_ASAP7_75t_SL             1  0.9    18    12    1026    (-,-) 
  g30832__6161/Y                                          -       A2->Y   R     OA21x2_ASAP7_75t_SL            3  3.0    23    26    1052    (-,-) 
  g30826__6131/Y                                          -       B->Y    F     NAND2x1p5_ASAP7_75t_SL         2  1.9    22    10    1062    (-,-) 
  g30823__5122/Y                                          -       A2->Y   R     O2A1O1Ixp33_ASAP7_75t_SL       1  0.9    43    23    1085    (-,-) 
  g30822__1705/Y                                          -       B2->Y   R     OA22x2_ASAP7_75t_SL            2  1.9    18    25    1110    (-,-) 
  g30818__1617/Y                                          -       B->Y    R     AND2x4_ASAP7_75t_SL            8  7.9    27    26    1135    (-,-) 
  g30817/Y                                                -       A->Y    F     INVx4_ASAP7_75t_SL             5  4.1    15     9    1145    (-,-) 
  g30810__6260/Y                                          -       A2->Y   F     AO22x2_ASAP7_75t_SL            1  2.6    19    28    1172    (-,-) 
  g30803/Y                                                -       A->Y    F     BUFx12f_ASAP7_75t_SL          24 26.3    24    26    1199    (-,-) 
  g30790/Y                                                -       A->Y    R     INVx11_ASAP7_75t_SL           20 14.6    22    14    1213    (-,-) 
  g30720__7098/Y                                          -       B2->Y   R     OA22x2_ASAP7_75t_SL            2  2.7    21    25    1238    (-,-) 
  g30640__6131/Y                                          -       B2->Y   F     OAI22x1_ASAP7_75t_SL           2  2.0    29    14    1252    (-,-) 
  g30603__5115/Y                                          -       B1->Y   R     AOI22xp5_ASAP7_75t_SL          2  1.7    48    27    1279    (-,-) 
  g30592/Y                                                -       A->Y    F     INVx1_ASAP7_75t_SL             1  0.8    19    10    1289    (-,-) 
  g30570__2346/Y                                          -       A2->Y   R     AOI21xp5_ASAP7_75t_L           2  1.1    40    22    1310    (-,-) 
  g48178/Y                                                -       A->Y    F     INVxp33_ASAP7_75t_SRAM         2  1.3    59    51    1361    (-,-) 
  inc_FP32_ALU_col2_roundingAdder_add_274_18_spec1_g567/Y -       B->Y    F     AND2x2_ASAP7_75t_SL            3  2.1    17    31    1392    (-,-) 
  inc_FP32_ALU_col2_roundingAdder_add_274_18_spec1_g527/Y -       D->Y    F     AND5x1_ASAP7_75t_SL            2  1.8    19    28    1420    (-,-) 
  inc_FP32_ALU_col2_roundingAdder_add_274_18_spec1_g518/Y -       B->Y    F     AND2x4_ASAP7_75t_SL            3  3.2    13    21    1441    (-,-) 
  inc_FP32_ALU_col2_roundingAdder_add_274_18_spec1_g506/Y -       B->Y    R     NAND2x1p5_ASAP7_75t_SL         2  2.3    24    13    1455    (-,-) 
  inc_FP32_ALU_col2_roundingAdder_add_274_18_spec1_g495/Y -       B->Y    F     NOR2x1p5_ASAP7_75t_SL          2  2.3    26    13    1468    (-,-) 
  inc_FP32_ALU_col2_roundingAdder_add_274_18_spec1_g487/Y -       B->Y    R     NAND2x1p5_ASAP7_75t_SL         3  3.5    40    20    1487    (-,-) 
  inc_FP32_ALU_col2_roundingAdder_add_274_18_spec1_g481/Y -       B->Y    F     NOR2x1p5_ASAP7_75t_SL          2  2.4    27    15    1502    (-,-) 
  inc_FP32_ALU_col2_roundingAdder_add_274_18_spec1_g478/Y -       B->Y    R     NAND2x1p5_ASAP7_75t_SL         2  1.9    34    15    1518    (-,-) 
  inc_FP32_ALU_col2_roundingAdder_add_274_18_spec1_g475/Y -       B->Y    F     NOR2x1_ASAP7_75t_SL            2  1.6    27    16    1533    (-,-) 
  inc_FP32_ALU_col2_roundingAdder_add_274_18_spec1_g473/Y -       B->Y    F     AND2x2_ASAP7_75t_SL            2  1.4    14    23    1557    (-,-) 
  inc_FP32_ALU_col2_roundingAdder_add_274_18_spec1_g470/Y -       B->Y    R     NAND2xp5_ASAP7_75t_SL          1  1.3    37    16    1572    (-,-) 
  inc_FP32_ALU_col2_roundingAdder_add_274_18_spec1_g468/Y -       B->Y    F     XOR2xp5_ASAP7_75t_SL           1  0.8    27    16    1588    (-,-) 
  g29263/Y                                                -       A2->Y   R     AOI21xp5_ASAP7_75t_L           2  1.5    45    27    1615    (-,-) 
  g29244/Y                                                -       B->Y    R     OR2x2_ASAP7_75t_SL             1  1.3    14    24    1638    (-,-) 
  g29241/Y                                                -       A->Y    F     NOR2x1_ASAP7_75t_L             1  1.4    27    15    1654    (-,-) 
  g29234/Y                                                -       A1->Y   R     AOI21x1_ASAP7_75t_SL          10  7.2    79    38    1692    (-,-) 
  g29225/Y                                                -       B->Y    R     AND2x2_ASAP7_75t_L            17 12.2    77    64    1756    (-,-) 
  g29198/Y                                                -       B->Y    F     NAND2x1p5_ASAP7_75t_SL         2  1.4    28    10    1766    (-,-) 
  g29171/Y                                                -       B->Y    R     NOR2xp33_ASAP7_75t_SL          5  3.4   103    51    1816    (-,-) 
  g29123/Y                                                -       A1->Y   F     AOI21xp5_ASAP7_75t_SL          1  0.9    45    20    1836    (-,-) 
  PIPE_OUT_col2_stage_reg_reg[0][3]/D                     -       -       F     ASYNC_DFFHx1_ASAP7_75t_SL      1    -     -     0    1836    (-,-) 
#--------------------------------------------------------------------------------------------------------------------------------------------------



Path 8: MET (45 ps) Setup Check with Pin PIPE_OUT_col2_stage_reg_reg[0][2]/CLK->D
           View: PVT_0P63V_100C.setup_view
          Group: clk
     Startpoint: (R) PIPE_cascade_in_col2_stage_reg_reg[0][3]/CLK
          Clock: (R) clk
       Endpoint: (F) PIPE_OUT_col2_stage_reg_reg[0][2]/D
          Clock: (R) clk

                     Capture       Launch     
        Clock Edge:+    2000            0     
       Src Latency:+       0            0     
       Net Latency:+       0 (I)        0 (I) 
           Arrival:=    2000            0     
                                              
             Setup:-      19                  
       Uncertainty:-     100                  
     Required Time:=    1881                  
      Launch Clock:-       0                  
         Data Path:-    1836                  
             Slack:=      45                  

#--------------------------------------------------------------------------------------------------------------------------------------------------
#                      Timing Point                       Flags    Arc    Edge           Cell             Fanout Load Trans Delay Arrival Instance 
#                                                                                                                (fF)  (ps)  (ps)   (ps)  Location 
#--------------------------------------------------------------------------------------------------------------------------------------------------
  PIPE_cascade_in_col2_stage_reg_reg[0][3]/CLK            -       -       R     (arrival)                   1073    -     0     0       0    (-,-) 
  PIPE_cascade_in_col2_stage_reg_reg[0][3]/QN             -       CLK->QN R     ASYNC_DFFHx1_ASAP7_75t_SL      1  0.8    24    48      48    (-,-) 
  g47518/Y                                                -       B->Y    R     AND2x2_ASAP7_75t_SL            1  1.4    18    21      69    (-,-) 
  g47459/Y                                                -       B->Y    F     AOI21x1_ASAP7_75t_SL           3  2.0    51    13      82    (-,-) 
  g46669/Y                                                -       B->Y    R     AOI31xp33_ASAP7_75t_SL         1  0.8    46    30     112    (-,-) 
  g46648/Y                                                -       C->Y    F     O2A1O1Ixp5_ASAP7_75t_SL        1  0.8    28    16     128    (-,-) 
  g46640__6161/Y                                          -       C->Y    R     O2A1O1Ixp5_ASAP7_75t_SL        1  0.9    35    20     149    (-,-) 
  g46621__6260/Y                                          -       A2->Y   F     OAI21xp5_ASAP7_75t_SL          2  1.5    39    19     168    (-,-) 
  g46615__1666/Y                                          -       A->Y    R     NAND3xp33_ASAP7_75t_SL         1  1.1    35    20     188    (-,-) 
  g46610__9945/Y                                          -       A1->Y   F     AOI211x1_ASAP7_75t_SL          1  0.8    34    17     205    (-,-) 
  g46571__7482/Y                                          -       B->Y    F     OR2x2_ASAP7_75t_SL             8  8.0    36    40     245    (-,-) 
  g46503__1881/Y                                          -       A2->Y   F     OA22x2_ASAP7_75t_SL            2  2.4    19    32     277    (-,-) 
  g46338__2883/Y                                          -       B->Y    R     NAND4xp75_ASAP7_75t_SL         1  2.2    38    15     292    (-,-) 
  g46312__8428/Y                                          -       A->Y    F     NOR2x2_ASAP7_75t_SL            4  3.7    29    20     312    (-,-) 
  g46304__6417/Y                                          -       B->Y    R     NAND2x1p5_ASAP7_75t_SL         4  3.6    36    21     332    (-,-) 
  g46300/Y                                                -       A->Y    F     INVx2_ASAP7_75t_SL             3  4.0    24    15     347    (-,-) 
  g46287__7482/Y                                          -       B->Y    R     NAND2x1p5_ASAP7_75t_SL         3  1.9    21    14     362    (-,-) 
  g46210__5526/Y                                          -       B->Y    F     NAND2xp5_ASAP7_75t_SL          1  1.3    24    15     377    (-,-) 
  g46204__5477/Y                                          -       A->Y    F     AND2x6_ASAP7_75t_SL           21 20.9    33    38     415    (-,-) 
  g46186/Y                                                -       A->Y    R     INVx8_ASAP7_75t_SL            23 17.4    32    20     435    (-,-) 
  g46114__6783/Y                                          -       A2->Y   F     AOI22xp5_ASAP7_75t_SL          1  0.8    32    16     450    (-,-) 
  g46055__6417/Y                                          -       B->Y    R     NAND2xp5_ASAP7_75t_L           2  1.4    34    25     475    (-,-) 
  g46041/Y                                                -       A->Y    F     INVxp67_ASAP7_75t_SL           1  0.9    20    12     487    (-,-) 
  g45992__6783/Y                                          -       A2->Y   R     AOI22xp5_ASAP7_75t_SL          2  1.3    42    20     508    (-,-) 
  g45929__6131/Y                                          -       B->Y    F     NOR2xp33_ASAP7_75t_L           1  0.8    38    25     533    (-,-) 
  g45833__7098/Y                                          -       B->Y    R     AOI21xp5_ASAP7_75t_SL          1  1.3    40    24     558    (-,-) 
  g45796__6783/Y                                          -       B->Y    R     XOR2xp5_ASAP7_75t_SL           2  2.0    53    35     592    (-,-) 
  addinc_FP32_ALU_col2_fracAdder_add_113_18_g1257/Y       -       B->Y    F     NOR2x1_ASAP7_75t_SL            3  3.0    56    25     617    (-,-) 
  addinc_FP32_ALU_col2_fracAdder_add_113_18_g1161/Y       -       A2->Y   R     OAI21xp5_ASAP7_75t_SL          3  2.5    64    38     654    (-,-) 
  addinc_FP32_ALU_col2_fracAdder_add_113_18_g1113/Y       -       A2->Y   F     AOI21x1_ASAP7_75t_SL           2  2.3    35    15     670    (-,-) 
  addinc_FP32_ALU_col2_fracAdder_add_113_18_g1104/Y       -       A->Y    R     INVx2_ASAP7_75t_SL             3  2.7    24    15     685    (-,-) 
  addinc_FP32_ALU_col2_fracAdder_add_113_18_g1089/Y       -       A2->Y   F     AOI21x1_ASAP7_75t_SL           3  2.2    26    13     698    (-,-) 
  addinc_FP32_ALU_col2_fracAdder_add_113_18_g1061/Y       -       A2->Y   R     OAI21xp5_ASAP7_75t_SL          1  1.4    45    22     721    (-,-) 
  addinc_FP32_ALU_col2_fracAdder_add_113_18_g1048/Y       -       B->Y    F     AOI21x1_ASAP7_75t_SL           1  1.2    22    13     734    (-,-) 
  addinc_FP32_ALU_col2_fracAdder_add_113_18_g1034/Y       -       B->Y    F     XOR2xp5_ASAP7_75t_SL           3  1.7    35    24     758    (-,-) 
  g30908__6131/Y                                          -       B->Y    R     NOR2xp33_ASAP7_75t_L           1  1.3    54    33     792    (-,-) 
  g30894__6260/Y                                          -       C->Y    R     AND5x2_ASAP7_75t_SL            4  4.8    36    44     836    (-,-) 
  g30883__2883/Y                                          -       A2->Y   F     AOI21x1_ASAP7_75t_SL           2  2.6    35    15     852    (-,-) 
  g30878__4733/Y                                          -       D->Y    R     NAND4xp75_ASAP7_75t_SL         1  1.8    31    19     871    (-,-) 
  g30876__5115/Y                                          -       A->Y    F     NOR2x1p5_ASAP7_75t_SL          2  2.2    23    15     886    (-,-) 
  g30875/Y                                                -       A->Y    R     INVx2_ASAP7_75t_SL             4  3.0    21    14     900    (-,-) 
  g30874/Y                                                -       A->Y    F     INVxp67_ASAP7_75t_SL           2  1.4    21    14     914    (-,-) 
  g30863__5122/Y                                          -       A2->Y   R     AOI21xp5_ASAP7_75t_L           1  1.8    50    29     943    (-,-) 
  g30852__4319/Y                                          -       D->Y    F     NAND4xp75_ASAP7_75t_SL         5  4.4    54    27     970    (-,-) 
  g30846__2398/Y                                          -       A2->Y   R     OAI21xp5_ASAP7_75t_SL          1  1.4    45    28     997    (-,-) 
  g30837__2883/Y                                          -       B->Y    F     AOI21x1_ASAP7_75t_SL           2  2.1    27    17    1014    (-,-) 
  g30836/Y                                                -       A->Y    R     INVx1_ASAP7_75t_SL             1  0.9    18    12    1026    (-,-) 
  g30832__6161/Y                                          -       A2->Y   R     OA21x2_ASAP7_75t_SL            3  3.0    23    26    1052    (-,-) 
  g30826__6131/Y                                          -       B->Y    F     NAND2x1p5_ASAP7_75t_SL         2  1.9    22    10    1062    (-,-) 
  g30823__5122/Y                                          -       A2->Y   R     O2A1O1Ixp33_ASAP7_75t_SL       1  0.9    43    23    1085    (-,-) 
  g30822__1705/Y                                          -       B2->Y   R     OA22x2_ASAP7_75t_SL            2  1.9    18    25    1110    (-,-) 
  g30818__1617/Y                                          -       B->Y    R     AND2x4_ASAP7_75t_SL            8  7.9    27    26    1135    (-,-) 
  g30817/Y                                                -       A->Y    F     INVx4_ASAP7_75t_SL             5  4.1    15     9    1145    (-,-) 
  g30810__6260/Y                                          -       A2->Y   F     AO22x2_ASAP7_75t_SL            1  2.6    19    28    1172    (-,-) 
  g30803/Y                                                -       A->Y    F     BUFx12f_ASAP7_75t_SL          24 26.3    24    26    1199    (-,-) 
  g30790/Y                                                -       A->Y    R     INVx11_ASAP7_75t_SL           20 14.6    22    14    1213    (-,-) 
  g30720__7098/Y                                          -       B2->Y   R     OA22x2_ASAP7_75t_SL            2  2.7    21    25    1238    (-,-) 
  g30640__6131/Y                                          -       B2->Y   F     OAI22x1_ASAP7_75t_SL           2  2.0    29    14    1252    (-,-) 
  g30603__5115/Y                                          -       B1->Y   R     AOI22xp5_ASAP7_75t_SL          2  1.7    48    27    1279    (-,-) 
  g30592/Y                                                -       A->Y    F     INVx1_ASAP7_75t_SL             1  0.8    19    10    1289    (-,-) 
  g30570__2346/Y                                          -       A2->Y   R     AOI21xp5_ASAP7_75t_L           2  1.1    40    22    1310    (-,-) 
  g48178/Y                                                -       A->Y    F     INVxp33_ASAP7_75t_SRAM         2  1.3    59    51    1361    (-,-) 
  inc_FP32_ALU_col2_roundingAdder_add_274_18_spec1_g567/Y -       B->Y    F     AND2x2_ASAP7_75t_SL            3  2.1    17    31    1392    (-,-) 
  inc_FP32_ALU_col2_roundingAdder_add_274_18_spec1_g527/Y -       D->Y    F     AND5x1_ASAP7_75t_SL            2  1.8    19    28    1420    (-,-) 
  inc_FP32_ALU_col2_roundingAdder_add_274_18_spec1_g518/Y -       B->Y    F     AND2x4_ASAP7_75t_SL            3  3.2    13    21    1441    (-,-) 
  inc_FP32_ALU_col2_roundingAdder_add_274_18_spec1_g506/Y -       B->Y    R     NAND2x1p5_ASAP7_75t_SL         2  2.3    24    13    1455    (-,-) 
  inc_FP32_ALU_col2_roundingAdder_add_274_18_spec1_g495/Y -       B->Y    F     NOR2x1p5_ASAP7_75t_SL          2  2.3    26    13    1468    (-,-) 
  inc_FP32_ALU_col2_roundingAdder_add_274_18_spec1_g487/Y -       B->Y    R     NAND2x1p5_ASAP7_75t_SL         3  3.5    40    20    1487    (-,-) 
  inc_FP32_ALU_col2_roundingAdder_add_274_18_spec1_g481/Y -       B->Y    F     NOR2x1p5_ASAP7_75t_SL          2  2.4    27    15    1502    (-,-) 
  inc_FP32_ALU_col2_roundingAdder_add_274_18_spec1_g478/Y -       B->Y    R     NAND2x1p5_ASAP7_75t_SL         2  1.9    34    15    1518    (-,-) 
  inc_FP32_ALU_col2_roundingAdder_add_274_18_spec1_g475/Y -       B->Y    F     NOR2x1_ASAP7_75t_SL            2  1.6    27    16    1533    (-,-) 
  inc_FP32_ALU_col2_roundingAdder_add_274_18_spec1_g473/Y -       B->Y    F     AND2x2_ASAP7_75t_SL            2  1.4    14    23    1557    (-,-) 
  inc_FP32_ALU_col2_roundingAdder_add_274_18_spec1_g470/Y -       B->Y    R     NAND2xp5_ASAP7_75t_SL          1  1.3    37    16    1572    (-,-) 
  inc_FP32_ALU_col2_roundingAdder_add_274_18_spec1_g468/Y -       B->Y    F     XOR2xp5_ASAP7_75t_SL           1  0.8    27    16    1588    (-,-) 
  g29263/Y                                                -       A2->Y   R     AOI21xp5_ASAP7_75t_L           2  1.5    45    27    1615    (-,-) 
  g29244/Y                                                -       B->Y    R     OR2x2_ASAP7_75t_SL             1  1.3    14    24    1638    (-,-) 
  g29241/Y                                                -       A->Y    F     NOR2x1_ASAP7_75t_L             1  1.4    27    15    1654    (-,-) 
  g29234/Y                                                -       A1->Y   R     AOI21x1_ASAP7_75t_SL          10  7.2    79    38    1692    (-,-) 
  g29225/Y                                                -       B->Y    R     AND2x2_ASAP7_75t_L            17 12.2    77    64    1756    (-,-) 
  g29198/Y                                                -       B->Y    F     NAND2x1p5_ASAP7_75t_SL         2  1.4    28    10    1766    (-,-) 
  g29171/Y                                                -       B->Y    R     NOR2xp33_ASAP7_75t_SL          5  3.4   103    51    1816    (-,-) 
  g29122/Y                                                -       A1->Y   F     AOI21xp5_ASAP7_75t_SL          1  0.9    45    20    1836    (-,-) 
  PIPE_OUT_col2_stage_reg_reg[0][2]/D                     -       -       F     ASYNC_DFFHx1_ASAP7_75t_SL      1    -     -     0    1836    (-,-) 
#--------------------------------------------------------------------------------------------------------------------------------------------------



Path 9: MET (45 ps) Setup Check with Pin PIPE_OUT_col2_stage_reg_reg[0][1]/CLK->D
           View: PVT_0P63V_100C.setup_view
          Group: clk
     Startpoint: (R) PIPE_cascade_in_col2_stage_reg_reg[0][3]/CLK
          Clock: (R) clk
       Endpoint: (F) PIPE_OUT_col2_stage_reg_reg[0][1]/D
          Clock: (R) clk

                     Capture       Launch     
        Clock Edge:+    2000            0     
       Src Latency:+       0            0     
       Net Latency:+       0 (I)        0 (I) 
           Arrival:=    2000            0     
                                              
             Setup:-      19                  
       Uncertainty:-     100                  
     Required Time:=    1881                  
      Launch Clock:-       0                  
         Data Path:-    1836                  
             Slack:=      45                  

#--------------------------------------------------------------------------------------------------------------------------------------------------
#                      Timing Point                       Flags    Arc    Edge           Cell             Fanout Load Trans Delay Arrival Instance 
#                                                                                                                (fF)  (ps)  (ps)   (ps)  Location 
#--------------------------------------------------------------------------------------------------------------------------------------------------
  PIPE_cascade_in_col2_stage_reg_reg[0][3]/CLK            -       -       R     (arrival)                   1073    -     0     0       0    (-,-) 
  PIPE_cascade_in_col2_stage_reg_reg[0][3]/QN             -       CLK->QN R     ASYNC_DFFHx1_ASAP7_75t_SL      1  0.8    24    48      48    (-,-) 
  g47518/Y                                                -       B->Y    R     AND2x2_ASAP7_75t_SL            1  1.4    18    21      69    (-,-) 
  g47459/Y                                                -       B->Y    F     AOI21x1_ASAP7_75t_SL           3  2.0    51    13      82    (-,-) 
  g46669/Y                                                -       B->Y    R     AOI31xp33_ASAP7_75t_SL         1  0.8    46    30     112    (-,-) 
  g46648/Y                                                -       C->Y    F     O2A1O1Ixp5_ASAP7_75t_SL        1  0.8    28    16     128    (-,-) 
  g46640__6161/Y                                          -       C->Y    R     O2A1O1Ixp5_ASAP7_75t_SL        1  0.9    35    20     149    (-,-) 
  g46621__6260/Y                                          -       A2->Y   F     OAI21xp5_ASAP7_75t_SL          2  1.5    39    19     168    (-,-) 
  g46615__1666/Y                                          -       A->Y    R     NAND3xp33_ASAP7_75t_SL         1  1.1    35    20     188    (-,-) 
  g46610__9945/Y                                          -       A1->Y   F     AOI211x1_ASAP7_75t_SL          1  0.8    34    17     205    (-,-) 
  g46571__7482/Y                                          -       B->Y    F     OR2x2_ASAP7_75t_SL             8  8.0    36    40     245    (-,-) 
  g46503__1881/Y                                          -       A2->Y   F     OA22x2_ASAP7_75t_SL            2  2.4    19    32     277    (-,-) 
  g46338__2883/Y                                          -       B->Y    R     NAND4xp75_ASAP7_75t_SL         1  2.2    38    15     292    (-,-) 
  g46312__8428/Y                                          -       A->Y    F     NOR2x2_ASAP7_75t_SL            4  3.7    29    20     312    (-,-) 
  g46304__6417/Y                                          -       B->Y    R     NAND2x1p5_ASAP7_75t_SL         4  3.6    36    21     332    (-,-) 
  g46300/Y                                                -       A->Y    F     INVx2_ASAP7_75t_SL             3  4.0    24    15     347    (-,-) 
  g46287__7482/Y                                          -       B->Y    R     NAND2x1p5_ASAP7_75t_SL         3  1.9    21    14     362    (-,-) 
  g46210__5526/Y                                          -       B->Y    F     NAND2xp5_ASAP7_75t_SL          1  1.3    24    15     377    (-,-) 
  g46204__5477/Y                                          -       A->Y    F     AND2x6_ASAP7_75t_SL           21 20.9    33    38     415    (-,-) 
  g46186/Y                                                -       A->Y    R     INVx8_ASAP7_75t_SL            23 17.4    32    20     435    (-,-) 
  g46114__6783/Y                                          -       A2->Y   F     AOI22xp5_ASAP7_75t_SL          1  0.8    32    16     450    (-,-) 
  g46055__6417/Y                                          -       B->Y    R     NAND2xp5_ASAP7_75t_L           2  1.4    34    25     475    (-,-) 
  g46041/Y                                                -       A->Y    F     INVxp67_ASAP7_75t_SL           1  0.9    20    12     487    (-,-) 
  g45992__6783/Y                                          -       A2->Y   R     AOI22xp5_ASAP7_75t_SL          2  1.3    42    20     508    (-,-) 
  g45929__6131/Y                                          -       B->Y    F     NOR2xp33_ASAP7_75t_L           1  0.8    38    25     533    (-,-) 
  g45833__7098/Y                                          -       B->Y    R     AOI21xp5_ASAP7_75t_SL          1  1.3    40    24     558    (-,-) 
  g45796__6783/Y                                          -       B->Y    R     XOR2xp5_ASAP7_75t_SL           2  2.0    53    35     592    (-,-) 
  addinc_FP32_ALU_col2_fracAdder_add_113_18_g1257/Y       -       B->Y    F     NOR2x1_ASAP7_75t_SL            3  3.0    56    25     617    (-,-) 
  addinc_FP32_ALU_col2_fracAdder_add_113_18_g1161/Y       -       A2->Y   R     OAI21xp5_ASAP7_75t_SL          3  2.5    64    38     654    (-,-) 
  addinc_FP32_ALU_col2_fracAdder_add_113_18_g1113/Y       -       A2->Y   F     AOI21x1_ASAP7_75t_SL           2  2.3    35    15     670    (-,-) 
  addinc_FP32_ALU_col2_fracAdder_add_113_18_g1104/Y       -       A->Y    R     INVx2_ASAP7_75t_SL             3  2.7    24    15     685    (-,-) 
  addinc_FP32_ALU_col2_fracAdder_add_113_18_g1089/Y       -       A2->Y   F     AOI21x1_ASAP7_75t_SL           3  2.2    26    13     698    (-,-) 
  addinc_FP32_ALU_col2_fracAdder_add_113_18_g1061/Y       -       A2->Y   R     OAI21xp5_ASAP7_75t_SL          1  1.4    45    22     721    (-,-) 
  addinc_FP32_ALU_col2_fracAdder_add_113_18_g1048/Y       -       B->Y    F     AOI21x1_ASAP7_75t_SL           1  1.2    22    13     734    (-,-) 
  addinc_FP32_ALU_col2_fracAdder_add_113_18_g1034/Y       -       B->Y    F     XOR2xp5_ASAP7_75t_SL           3  1.7    35    24     758    (-,-) 
  g30908__6131/Y                                          -       B->Y    R     NOR2xp33_ASAP7_75t_L           1  1.3    54    33     792    (-,-) 
  g30894__6260/Y                                          -       C->Y    R     AND5x2_ASAP7_75t_SL            4  4.8    36    44     836    (-,-) 
  g30883__2883/Y                                          -       A2->Y   F     AOI21x1_ASAP7_75t_SL           2  2.6    35    15     852    (-,-) 
  g30878__4733/Y                                          -       D->Y    R     NAND4xp75_ASAP7_75t_SL         1  1.8    31    19     871    (-,-) 
  g30876__5115/Y                                          -       A->Y    F     NOR2x1p5_ASAP7_75t_SL          2  2.2    23    15     886    (-,-) 
  g30875/Y                                                -       A->Y    R     INVx2_ASAP7_75t_SL             4  3.0    21    14     900    (-,-) 
  g30874/Y                                                -       A->Y    F     INVxp67_ASAP7_75t_SL           2  1.4    21    14     914    (-,-) 
  g30863__5122/Y                                          -       A2->Y   R     AOI21xp5_ASAP7_75t_L           1  1.8    50    29     943    (-,-) 
  g30852__4319/Y                                          -       D->Y    F     NAND4xp75_ASAP7_75t_SL         5  4.4    54    27     970    (-,-) 
  g30846__2398/Y                                          -       A2->Y   R     OAI21xp5_ASAP7_75t_SL          1  1.4    45    28     997    (-,-) 
  g30837__2883/Y                                          -       B->Y    F     AOI21x1_ASAP7_75t_SL           2  2.1    27    17    1014    (-,-) 
  g30836/Y                                                -       A->Y    R     INVx1_ASAP7_75t_SL             1  0.9    18    12    1026    (-,-) 
  g30832__6161/Y                                          -       A2->Y   R     OA21x2_ASAP7_75t_SL            3  3.0    23    26    1052    (-,-) 
  g30826__6131/Y                                          -       B->Y    F     NAND2x1p5_ASAP7_75t_SL         2  1.9    22    10    1062    (-,-) 
  g30823__5122/Y                                          -       A2->Y   R     O2A1O1Ixp33_ASAP7_75t_SL       1  0.9    43    23    1085    (-,-) 
  g30822__1705/Y                                          -       B2->Y   R     OA22x2_ASAP7_75t_SL            2  1.9    18    25    1110    (-,-) 
  g30818__1617/Y                                          -       B->Y    R     AND2x4_ASAP7_75t_SL            8  7.9    27    26    1135    (-,-) 
  g30817/Y                                                -       A->Y    F     INVx4_ASAP7_75t_SL             5  4.1    15     9    1145    (-,-) 
  g30810__6260/Y                                          -       A2->Y   F     AO22x2_ASAP7_75t_SL            1  2.6    19    28    1172    (-,-) 
  g30803/Y                                                -       A->Y    F     BUFx12f_ASAP7_75t_SL          24 26.3    24    26    1199    (-,-) 
  g30790/Y                                                -       A->Y    R     INVx11_ASAP7_75t_SL           20 14.6    22    14    1213    (-,-) 
  g30720__7098/Y                                          -       B2->Y   R     OA22x2_ASAP7_75t_SL            2  2.7    21    25    1238    (-,-) 
  g30640__6131/Y                                          -       B2->Y   F     OAI22x1_ASAP7_75t_SL           2  2.0    29    14    1252    (-,-) 
  g30603__5115/Y                                          -       B1->Y   R     AOI22xp5_ASAP7_75t_SL          2  1.7    48    27    1279    (-,-) 
  g30592/Y                                                -       A->Y    F     INVx1_ASAP7_75t_SL             1  0.8    19    10    1289    (-,-) 
  g30570__2346/Y                                          -       A2->Y   R     AOI21xp5_ASAP7_75t_L           2  1.1    40    22    1310    (-,-) 
  g48178/Y                                                -       A->Y    F     INVxp33_ASAP7_75t_SRAM         2  1.3    59    51    1361    (-,-) 
  inc_FP32_ALU_col2_roundingAdder_add_274_18_spec1_g567/Y -       B->Y    F     AND2x2_ASAP7_75t_SL            3  2.1    17    31    1392    (-,-) 
  inc_FP32_ALU_col2_roundingAdder_add_274_18_spec1_g527/Y -       D->Y    F     AND5x1_ASAP7_75t_SL            2  1.8    19    28    1420    (-,-) 
  inc_FP32_ALU_col2_roundingAdder_add_274_18_spec1_g518/Y -       B->Y    F     AND2x4_ASAP7_75t_SL            3  3.2    13    21    1441    (-,-) 
  inc_FP32_ALU_col2_roundingAdder_add_274_18_spec1_g506/Y -       B->Y    R     NAND2x1p5_ASAP7_75t_SL         2  2.3    24    13    1455    (-,-) 
  inc_FP32_ALU_col2_roundingAdder_add_274_18_spec1_g495/Y -       B->Y    F     NOR2x1p5_ASAP7_75t_SL          2  2.3    26    13    1468    (-,-) 
  inc_FP32_ALU_col2_roundingAdder_add_274_18_spec1_g487/Y -       B->Y    R     NAND2x1p5_ASAP7_75t_SL         3  3.5    40    20    1487    (-,-) 
  inc_FP32_ALU_col2_roundingAdder_add_274_18_spec1_g481/Y -       B->Y    F     NOR2x1p5_ASAP7_75t_SL          2  2.4    27    15    1502    (-,-) 
  inc_FP32_ALU_col2_roundingAdder_add_274_18_spec1_g478/Y -       B->Y    R     NAND2x1p5_ASAP7_75t_SL         2  1.9    34    15    1518    (-,-) 
  inc_FP32_ALU_col2_roundingAdder_add_274_18_spec1_g475/Y -       B->Y    F     NOR2x1_ASAP7_75t_SL            2  1.6    27    16    1533    (-,-) 
  inc_FP32_ALU_col2_roundingAdder_add_274_18_spec1_g473/Y -       B->Y    F     AND2x2_ASAP7_75t_SL            2  1.4    14    23    1557    (-,-) 
  inc_FP32_ALU_col2_roundingAdder_add_274_18_spec1_g470/Y -       B->Y    R     NAND2xp5_ASAP7_75t_SL          1  1.3    37    16    1572    (-,-) 
  inc_FP32_ALU_col2_roundingAdder_add_274_18_spec1_g468/Y -       B->Y    F     XOR2xp5_ASAP7_75t_SL           1  0.8    27    16    1588    (-,-) 
  g29263/Y                                                -       A2->Y   R     AOI21xp5_ASAP7_75t_L           2  1.5    45    27    1615    (-,-) 
  g29244/Y                                                -       B->Y    R     OR2x2_ASAP7_75t_SL             1  1.3    14    24    1638    (-,-) 
  g29241/Y                                                -       A->Y    F     NOR2x1_ASAP7_75t_L             1  1.4    27    15    1654    (-,-) 
  g29234/Y                                                -       A1->Y   R     AOI21x1_ASAP7_75t_SL          10  7.2    79    38    1692    (-,-) 
  g29225/Y                                                -       B->Y    R     AND2x2_ASAP7_75t_L            17 12.2    77    64    1756    (-,-) 
  g29198/Y                                                -       B->Y    F     NAND2x1p5_ASAP7_75t_SL         2  1.4    28    10    1766    (-,-) 
  g29171/Y                                                -       B->Y    R     NOR2xp33_ASAP7_75t_SL          5  3.4   103    51    1816    (-,-) 
  g29121/Y                                                -       A1->Y   F     AOI21xp5_ASAP7_75t_SL          1  0.9    45    20    1836    (-,-) 
  PIPE_OUT_col2_stage_reg_reg[0][1]/D                     -       -       F     ASYNC_DFFHx1_ASAP7_75t_SL      1    -     -     0    1836    (-,-) 
#--------------------------------------------------------------------------------------------------------------------------------------------------



Path 10: MET (45 ps) Setup Check with Pin PIPE_OUT_col2_stage_reg_reg[0][0]/CLK->D
           View: PVT_0P63V_100C.setup_view
          Group: clk
     Startpoint: (R) PIPE_cascade_in_col2_stage_reg_reg[0][3]/CLK
          Clock: (R) clk
       Endpoint: (F) PIPE_OUT_col2_stage_reg_reg[0][0]/D
          Clock: (R) clk

                     Capture       Launch     
        Clock Edge:+    2000            0     
       Src Latency:+       0            0     
       Net Latency:+       0 (I)        0 (I) 
           Arrival:=    2000            0     
                                              
             Setup:-      19                  
       Uncertainty:-     100                  
     Required Time:=    1881                  
      Launch Clock:-       0                  
         Data Path:-    1836                  
             Slack:=      45                  

#--------------------------------------------------------------------------------------------------------------------------------------------------
#                      Timing Point                       Flags    Arc    Edge           Cell             Fanout Load Trans Delay Arrival Instance 
#                                                                                                                (fF)  (ps)  (ps)   (ps)  Location 
#--------------------------------------------------------------------------------------------------------------------------------------------------
  PIPE_cascade_in_col2_stage_reg_reg[0][3]/CLK            -       -       R     (arrival)                   1073    -     0     0       0    (-,-) 
  PIPE_cascade_in_col2_stage_reg_reg[0][3]/QN             -       CLK->QN R     ASYNC_DFFHx1_ASAP7_75t_SL      1  0.8    24    48      48    (-,-) 
  g47518/Y                                                -       B->Y    R     AND2x2_ASAP7_75t_SL            1  1.4    18    21      69    (-,-) 
  g47459/Y                                                -       B->Y    F     AOI21x1_ASAP7_75t_SL           3  2.0    51    13      82    (-,-) 
  g46669/Y                                                -       B->Y    R     AOI31xp33_ASAP7_75t_SL         1  0.8    46    30     112    (-,-) 
  g46648/Y                                                -       C->Y    F     O2A1O1Ixp5_ASAP7_75t_SL        1  0.8    28    16     128    (-,-) 
  g46640__6161/Y                                          -       C->Y    R     O2A1O1Ixp5_ASAP7_75t_SL        1  0.9    35    20     149    (-,-) 
  g46621__6260/Y                                          -       A2->Y   F     OAI21xp5_ASAP7_75t_SL          2  1.5    39    19     168    (-,-) 
  g46615__1666/Y                                          -       A->Y    R     NAND3xp33_ASAP7_75t_SL         1  1.1    35    20     188    (-,-) 
  g46610__9945/Y                                          -       A1->Y   F     AOI211x1_ASAP7_75t_SL          1  0.8    34    17     205    (-,-) 
  g46571__7482/Y                                          -       B->Y    F     OR2x2_ASAP7_75t_SL             8  8.0    36    40     245    (-,-) 
  g46503__1881/Y                                          -       A2->Y   F     OA22x2_ASAP7_75t_SL            2  2.4    19    32     277    (-,-) 
  g46338__2883/Y                                          -       B->Y    R     NAND4xp75_ASAP7_75t_SL         1  2.2    38    15     292    (-,-) 
  g46312__8428/Y                                          -       A->Y    F     NOR2x2_ASAP7_75t_SL            4  3.7    29    20     312    (-,-) 
  g46304__6417/Y                                          -       B->Y    R     NAND2x1p5_ASAP7_75t_SL         4  3.6    36    21     332    (-,-) 
  g46300/Y                                                -       A->Y    F     INVx2_ASAP7_75t_SL             3  4.0    24    15     347    (-,-) 
  g46287__7482/Y                                          -       B->Y    R     NAND2x1p5_ASAP7_75t_SL         3  1.9    21    14     362    (-,-) 
  g46210__5526/Y                                          -       B->Y    F     NAND2xp5_ASAP7_75t_SL          1  1.3    24    15     377    (-,-) 
  g46204__5477/Y                                          -       A->Y    F     AND2x6_ASAP7_75t_SL           21 20.9    33    38     415    (-,-) 
  g46186/Y                                                -       A->Y    R     INVx8_ASAP7_75t_SL            23 17.4    32    20     435    (-,-) 
  g46114__6783/Y                                          -       A2->Y   F     AOI22xp5_ASAP7_75t_SL          1  0.8    32    16     450    (-,-) 
  g46055__6417/Y                                          -       B->Y    R     NAND2xp5_ASAP7_75t_L           2  1.4    34    25     475    (-,-) 
  g46041/Y                                                -       A->Y    F     INVxp67_ASAP7_75t_SL           1  0.9    20    12     487    (-,-) 
  g45992__6783/Y                                          -       A2->Y   R     AOI22xp5_ASAP7_75t_SL          2  1.3    42    20     508    (-,-) 
  g45929__6131/Y                                          -       B->Y    F     NOR2xp33_ASAP7_75t_L           1  0.8    38    25     533    (-,-) 
  g45833__7098/Y                                          -       B->Y    R     AOI21xp5_ASAP7_75t_SL          1  1.3    40    24     558    (-,-) 
  g45796__6783/Y                                          -       B->Y    R     XOR2xp5_ASAP7_75t_SL           2  2.0    53    35     592    (-,-) 
  addinc_FP32_ALU_col2_fracAdder_add_113_18_g1257/Y       -       B->Y    F     NOR2x1_ASAP7_75t_SL            3  3.0    56    25     617    (-,-) 
  addinc_FP32_ALU_col2_fracAdder_add_113_18_g1161/Y       -       A2->Y   R     OAI21xp5_ASAP7_75t_SL          3  2.5    64    38     654    (-,-) 
  addinc_FP32_ALU_col2_fracAdder_add_113_18_g1113/Y       -       A2->Y   F     AOI21x1_ASAP7_75t_SL           2  2.3    35    15     670    (-,-) 
  addinc_FP32_ALU_col2_fracAdder_add_113_18_g1104/Y       -       A->Y    R     INVx2_ASAP7_75t_SL             3  2.7    24    15     685    (-,-) 
  addinc_FP32_ALU_col2_fracAdder_add_113_18_g1089/Y       -       A2->Y   F     AOI21x1_ASAP7_75t_SL           3  2.2    26    13     698    (-,-) 
  addinc_FP32_ALU_col2_fracAdder_add_113_18_g1061/Y       -       A2->Y   R     OAI21xp5_ASAP7_75t_SL          1  1.4    45    22     721    (-,-) 
  addinc_FP32_ALU_col2_fracAdder_add_113_18_g1048/Y       -       B->Y    F     AOI21x1_ASAP7_75t_SL           1  1.2    22    13     734    (-,-) 
  addinc_FP32_ALU_col2_fracAdder_add_113_18_g1034/Y       -       B->Y    F     XOR2xp5_ASAP7_75t_SL           3  1.7    35    24     758    (-,-) 
  g30908__6131/Y                                          -       B->Y    R     NOR2xp33_ASAP7_75t_L           1  1.3    54    33     792    (-,-) 
  g30894__6260/Y                                          -       C->Y    R     AND5x2_ASAP7_75t_SL            4  4.8    36    44     836    (-,-) 
  g30883__2883/Y                                          -       A2->Y   F     AOI21x1_ASAP7_75t_SL           2  2.6    35    15     852    (-,-) 
  g30878__4733/Y                                          -       D->Y    R     NAND4xp75_ASAP7_75t_SL         1  1.8    31    19     871    (-,-) 
  g30876__5115/Y                                          -       A->Y    F     NOR2x1p5_ASAP7_75t_SL          2  2.2    23    15     886    (-,-) 
  g30875/Y                                                -       A->Y    R     INVx2_ASAP7_75t_SL             4  3.0    21    14     900    (-,-) 
  g30874/Y                                                -       A->Y    F     INVxp67_ASAP7_75t_SL           2  1.4    21    14     914    (-,-) 
  g30863__5122/Y                                          -       A2->Y   R     AOI21xp5_ASAP7_75t_L           1  1.8    50    29     943    (-,-) 
  g30852__4319/Y                                          -       D->Y    F     NAND4xp75_ASAP7_75t_SL         5  4.4    54    27     970    (-,-) 
  g30846__2398/Y                                          -       A2->Y   R     OAI21xp5_ASAP7_75t_SL          1  1.4    45    28     997    (-,-) 
  g30837__2883/Y                                          -       B->Y    F     AOI21x1_ASAP7_75t_SL           2  2.1    27    17    1014    (-,-) 
  g30836/Y                                                -       A->Y    R     INVx1_ASAP7_75t_SL             1  0.9    18    12    1026    (-,-) 
  g30832__6161/Y                                          -       A2->Y   R     OA21x2_ASAP7_75t_SL            3  3.0    23    26    1052    (-,-) 
  g30826__6131/Y                                          -       B->Y    F     NAND2x1p5_ASAP7_75t_SL         2  1.9    22    10    1062    (-,-) 
  g30823__5122/Y                                          -       A2->Y   R     O2A1O1Ixp33_ASAP7_75t_SL       1  0.9    43    23    1085    (-,-) 
  g30822__1705/Y                                          -       B2->Y   R     OA22x2_ASAP7_75t_SL            2  1.9    18    25    1110    (-,-) 
  g30818__1617/Y                                          -       B->Y    R     AND2x4_ASAP7_75t_SL            8  7.9    27    26    1135    (-,-) 
  g30817/Y                                                -       A->Y    F     INVx4_ASAP7_75t_SL             5  4.1    15     9    1145    (-,-) 
  g30810__6260/Y                                          -       A2->Y   F     AO22x2_ASAP7_75t_SL            1  2.6    19    28    1172    (-,-) 
  g30803/Y                                                -       A->Y    F     BUFx12f_ASAP7_75t_SL          24 26.3    24    26    1199    (-,-) 
  g30790/Y                                                -       A->Y    R     INVx11_ASAP7_75t_SL           20 14.6    22    14    1213    (-,-) 
  g30720__7098/Y                                          -       B2->Y   R     OA22x2_ASAP7_75t_SL            2  2.7    21    25    1238    (-,-) 
  g30640__6131/Y                                          -       B2->Y   F     OAI22x1_ASAP7_75t_SL           2  2.0    29    14    1252    (-,-) 
  g30603__5115/Y                                          -       B1->Y   R     AOI22xp5_ASAP7_75t_SL          2  1.7    48    27    1279    (-,-) 
  g30592/Y                                                -       A->Y    F     INVx1_ASAP7_75t_SL             1  0.8    19    10    1289    (-,-) 
  g30570__2346/Y                                          -       A2->Y   R     AOI21xp5_ASAP7_75t_L           2  1.1    40    22    1310    (-,-) 
  g48178/Y                                                -       A->Y    F     INVxp33_ASAP7_75t_SRAM         2  1.3    59    51    1361    (-,-) 
  inc_FP32_ALU_col2_roundingAdder_add_274_18_spec1_g567/Y -       B->Y    F     AND2x2_ASAP7_75t_SL            3  2.1    17    31    1392    (-,-) 
  inc_FP32_ALU_col2_roundingAdder_add_274_18_spec1_g527/Y -       D->Y    F     AND5x1_ASAP7_75t_SL            2  1.8    19    28    1420    (-,-) 
  inc_FP32_ALU_col2_roundingAdder_add_274_18_spec1_g518/Y -       B->Y    F     AND2x4_ASAP7_75t_SL            3  3.2    13    21    1441    (-,-) 
  inc_FP32_ALU_col2_roundingAdder_add_274_18_spec1_g506/Y -       B->Y    R     NAND2x1p5_ASAP7_75t_SL         2  2.3    24    13    1455    (-,-) 
  inc_FP32_ALU_col2_roundingAdder_add_274_18_spec1_g495/Y -       B->Y    F     NOR2x1p5_ASAP7_75t_SL          2  2.3    26    13    1468    (-,-) 
  inc_FP32_ALU_col2_roundingAdder_add_274_18_spec1_g487/Y -       B->Y    R     NAND2x1p5_ASAP7_75t_SL         3  3.5    40    20    1487    (-,-) 
  inc_FP32_ALU_col2_roundingAdder_add_274_18_spec1_g481/Y -       B->Y    F     NOR2x1p5_ASAP7_75t_SL          2  2.4    27    15    1502    (-,-) 
  inc_FP32_ALU_col2_roundingAdder_add_274_18_spec1_g478/Y -       B->Y    R     NAND2x1p5_ASAP7_75t_SL         2  1.9    34    15    1518    (-,-) 
  inc_FP32_ALU_col2_roundingAdder_add_274_18_spec1_g475/Y -       B->Y    F     NOR2x1_ASAP7_75t_SL            2  1.6    27    16    1533    (-,-) 
  inc_FP32_ALU_col2_roundingAdder_add_274_18_spec1_g473/Y -       B->Y    F     AND2x2_ASAP7_75t_SL            2  1.4    14    23    1557    (-,-) 
  inc_FP32_ALU_col2_roundingAdder_add_274_18_spec1_g470/Y -       B->Y    R     NAND2xp5_ASAP7_75t_SL          1  1.3    37    16    1572    (-,-) 
  inc_FP32_ALU_col2_roundingAdder_add_274_18_spec1_g468/Y -       B->Y    F     XOR2xp5_ASAP7_75t_SL           1  0.8    27    16    1588    (-,-) 
  g29263/Y                                                -       A2->Y   R     AOI21xp5_ASAP7_75t_L           2  1.5    45    27    1615    (-,-) 
  g29244/Y                                                -       B->Y    R     OR2x2_ASAP7_75t_SL             1  1.3    14    24    1638    (-,-) 
  g29241/Y                                                -       A->Y    F     NOR2x1_ASAP7_75t_L             1  1.4    27    15    1654    (-,-) 
  g29234/Y                                                -       A1->Y   R     AOI21x1_ASAP7_75t_SL          10  7.2    79    38    1692    (-,-) 
  g29225/Y                                                -       B->Y    R     AND2x2_ASAP7_75t_L            17 12.2    77    64    1756    (-,-) 
  g29198/Y                                                -       B->Y    F     NAND2x1p5_ASAP7_75t_SL         2  1.4    28    10    1766    (-,-) 
  g29171/Y                                                -       B->Y    R     NOR2xp33_ASAP7_75t_SL          5  3.4   103    51    1816    (-,-) 
  g29120/Y                                                -       A1->Y   F     AOI21xp5_ASAP7_75t_SL          1  0.9    45    20    1836    (-,-) 
  PIPE_OUT_col2_stage_reg_reg[0][0]/D                     -       -       F     ASYNC_DFFHx1_ASAP7_75t_SL      1    -     -     0    1836    (-,-) 
#--------------------------------------------------------------------------------------------------------------------------------------------------



Path 11: MET (46 ps) Setup Check with Pin PIPE_OUT_col1_stage_reg_reg[0][6]/CLK->D
           View: PVT_0P63V_100C.setup_view
          Group: clk
     Startpoint: (R) PIPE_3_fix2float_col1_stage_reg_reg[0][28]/CLK
          Clock: (R) clk
       Endpoint: (R) PIPE_OUT_col1_stage_reg_reg[0][6]/D
          Clock: (R) clk

                     Capture       Launch     
        Clock Edge:+    2000            0     
       Src Latency:+       0            0     
       Net Latency:+       0 (I)        0 (I) 
           Arrival:=    2000            0     
                                              
             Setup:-      17                  
       Uncertainty:-     100                  
     Required Time:=    1883                  
      Launch Clock:-       0                  
         Data Path:-    1837                  
             Slack:=      46                  

#--------------------------------------------------------------------------------------------------------------------------------------------------
#                      Timing Point                       Flags    Arc    Edge           Cell             Fanout Load Trans Delay Arrival Instance 
#                                                                                                                (fF)  (ps)  (ps)   (ps)  Location 
#--------------------------------------------------------------------------------------------------------------------------------------------------
  PIPE_3_fix2float_col1_stage_reg_reg[0][28]/CLK          -       -       R     (arrival)                   1073    -     0     0       0    (-,-) 
  PIPE_3_fix2float_col1_stage_reg_reg[0][28]/QN           -       CLK->QN R     ASYNC_DFFHx1_ASAP7_75t_SL      4  3.6    52    64      64    (-,-) 
  g47087/Y                                                -       A->Y    F     INVxp67_ASAP7_75t_SL           2  1.5    30    18      82    (-,-) 
  g47028/Y                                                -       C->Y    F     AO221x1_ASAP7_75t_SL           4  3.9    40    44     126    (-,-) 
  g46945/Y                                                -       B->Y    R     NOR2x1p5_ASAP7_75t_SL          2  1.7    26    15     141    (-,-) 
  g46728/Y                                                -       A2->Y   F     OAI21xp5_ASAP7_75t_SL          1  0.8    26    13     154    (-,-) 
  g46711/Y                                                -       A->Y    R     NAND2xp5_ASAP7_75t_SL          1  1.2    29    19     173    (-,-) 
  g46649/Y                                                -       B->Y    F     AOI211x1_ASAP7_75t_SL          2  2.0    47    18     190    (-,-) 
  g46609__9315/Y                                          -       C->Y    F     OA221x2_ASAP7_75t_SL           8  6.5    36    46     236    (-,-) 
  g46587/Y                                                -       A->Y    F     BUFx12f_ASAP7_75t_SL          14 11.9    16    25     261    (-,-) 
  g46506__4733/Y                                          -       B2->Y   R     OAI22xp5_ASAP7_75t_SL          2  1.6    46    23     284    (-,-) 
  g46353__2802/Y                                          -       B->Y    F     NOR2xp67_ASAP7_75t_SL          1  0.8    23    15     300    (-,-) 
  g46317__2802/Y                                          -       B->Y    F     AND2x2_ASAP7_75t_SL            2  2.5    17    25     324    (-,-) 
  g46303__7410/Y                                          -       B->Y    R     NAND2x1p5_ASAP7_75t_SL         2  2.1    23    14     338    (-,-) 
  g46208__4319/Y                                          -       A2->Y   F     AOI21x1_ASAP7_75t_SL           1  1.3    22    10     348    (-,-) 
  g46203__6417/Y                                          -       A->Y    F     AND2x6_ASAP7_75t_SL           22 17.0    29    36     384    (-,-) 
  g46159__7482/Y                                          -       A->Y    R     NAND2x2_ASAP7_75t_SL          12  9.2    58    34     417    (-,-) 
  g46145/Y                                                -       A->Y    F     INVx1_ASAP7_75t_SL             2  2.5    34    20     437    (-,-) 
  g46038__1881/Y                                          -       B1->Y   R     AOI22x1_ASAP7_75t_SL           2  1.5    39    19     456    (-,-) 
  g45935__9315/Y                                          -       B2->Y   R     OA22x2_ASAP7_75t_SL            2  1.6    16    24     480    (-,-) 
  g45928/Y                                                -       A->Y    F     INVx1_ASAP7_75t_L              1  0.7    11     9     489    (-,-) 
  g45888__1617/Y                                          -       A2->Y   F     AO22x1_ASAP7_75t_SL            2  2.0    24    29     518    (-,-) 
  g45823__4319/Y                                          -       B1->Y   R     AOI22x1_ASAP7_75t_SL           1  1.3    32    17     535    (-,-) 
  g45771__2802/Y                                          -       B->Y    R     XOR2xp5_ASAP7_75t_SL           2  2.0    55    34     569    (-,-) 
  addinc_FP32_ALU_col1_fracAdder_add_113_18_g1294/Y       -       B->Y    F     NOR2x1_ASAP7_75t_SL            3  2.5    43    23     591    (-,-) 
  addinc_FP32_ALU_col1_fracAdder_add_113_18_g1214/Y       -       B->Y    R     NOR2x1_ASAP7_75t_SL            3  2.1    35    20     611    (-,-) 
  addinc_FP32_ALU_col1_fracAdder_add_113_18_g1135/Y       -       A->Y    R     AND2x2_ASAP7_75t_SL            2  2.5    20    23     634    (-,-) 
  addinc_FP32_ALU_col1_fracAdder_add_113_18_g1108/Y       -       A2->Y   F     AOI21x1_ASAP7_75t_SL           1  1.3    28    10     644    (-,-) 
  addinc_FP32_ALU_col1_fracAdder_add_113_18_g1091/Y       -       A->Y    F     AND2x4_ASAP7_75t_SL            3  4.3    15    26     670    (-,-) 
  addinc_FP32_ALU_col1_fracAdder_add_113_18_g1090/Y       -       A->Y    R     INVx4_ASAP7_75t_SL             7  6.6    21    13     683    (-,-) 
  addinc_FP32_ALU_col1_fracAdder_add_113_18_g1072/Y       -       A2->Y   F     AOI21x1_ASAP7_75t_SL           1  1.3    22    10     693    (-,-) 
  addinc_FP32_ALU_col1_fracAdder_add_113_18_g1056/Y       -       B->Y    R     XNOR2xp5_ASAP7_75t_SL          2  1.3    42    22     715    (-,-) 
  g48107/Y                                                -       C->Y    F     NOR3xp33_ASAP7_75t_SL          1  1.5    33    21     736    (-,-) 
  g48103/Y                                                -       C->Y    R     NAND3x1_ASAP7_75t_SL           1  1.3    36    25     761    (-,-) 
  g48101/Y                                                -       B->Y    F     NOR2x1_ASAP7_75t_SL            2  2.2    35    19     780    (-,-) 
  g48100/Y                                                -       A->Y    R     INVx2_ASAP7_75t_SL             1  1.6    18    12     792    (-,-) 
  g48099/Y                                                -       A->Y    F     NOR3x1_ASAP7_75t_SL            1  1.3    30    14     806    (-,-) 
  g48097/Y                                                -       A->Y    F     AND5x2_ASAP7_75t_SL            4  4.8    27    32     837    (-,-) 
  g48092/Y                                                -       A2->Y   R     AOI21x1_ASAP7_75t_SL           2  2.6    40    20     858    (-,-) 
  g30797/Y                                                -       B->Y    F     NAND4xp75_ASAP7_75t_SL         1  1.8    35    18     876    (-,-) 
  g30796/Y                                                -       B->Y    R     NOR2x1p5_ASAP7_75t_SL          2  2.2    28    16     893    (-,-) 
  g30795/Y                                                -       A->Y    F     INVx2_ASAP7_75t_SL             4  3.0    18    12     904    (-,-) 
  g30782/Y                                                -       A2->Y   R     OAI21xp5_ASAP7_75t_SL          1  1.4    38    21     925    (-,-) 
  g30778/Y                                                -       B->Y    F     AOI21x1_ASAP7_75t_SL           2  2.6    38    18     943    (-,-) 
  g48082/Y                                                -       B->Y    R     NAND4xp75_ASAP7_75t_SL         5  3.9    38    23     966    (-,-) 
  g48080/Y                                                -       B->Y    F     NOR2x1_ASAP7_75t_SL            3  3.1    36    23     989    (-,-) 
  g48079/Y                                                -       A2->Y   R     AOI21x1_ASAP7_75t_SL           2  2.7    40    22    1011    (-,-) 
  g48077/Y                                                -       A->Y    F     INVx2_ASAP7_75t_SL             1  0.9    14     7    1018    (-,-) 
  g48072/Y                                                -       A2->Y   F     OA21x2_ASAP7_75t_SL            3  2.0    16    25    1043    (-,-) 
  g48066/Y                                                -       B->Y    R     NAND2xp5_ASAP7_75t_SL          1  0.9    27    13    1056    (-,-) 
  g48064/Y                                                -       A1->Y   F     OAI21xp5_ASAP7_75t_SL          2  2.5    42    24    1080    (-,-) 
  g48062/Y                                                -       A2->Y   R     AOI21x1_ASAP7_75t_SL           1  1.8    34    19    1100    (-,-) 
  g48061/Y                                                -       A->Y    F     NOR2x1p5_ASAP7_75t_SL          2  2.4    24    16    1116    (-,-) 
  g48057/Y                                                -       B->Y    R     NAND2x1p5_ASAP7_75t_SL         3  2.9    28    18    1133    (-,-) 
  g48054/Y                                                -       A->Y    F     INVx2_ASAP7_75t_SL             1  0.9    11     6    1140    (-,-) 
  g48050/Y                                                -       B->Y    R     OAI21xp5_ASAP7_75t_SL          1  1.3    48    12    1152    (-,-) 
  g48045/Y                                                -       B->Y    R     AND2x6_ASAP7_75t_SL           28 25.0    49    44    1196    (-,-) 
  g48037/Y                                                -       A->Y    F     INVx11_ASAP7_75t_SL           27 19.8    28    16    1213    (-,-) 
  g47979/Y                                                -       B1->Y   R     AOI22xp5_ASAP7_75t_SL          2  1.5    46    26    1238    (-,-) 
  g47928/Y                                                -       B2->Y   F     OAI22xp5_ASAP7_75t_L           2  1.4    34    23    1261    (-,-) 
  g47914/Y                                                -       A1->Y   R     AOI22xp5_ASAP7_75t_SL          2  1.7    50    26    1288    (-,-) 
  g47907/Y                                                -       A->Y    F     INVx1_ASAP7_75t_L              1  0.8    19    14    1301    (-,-) 
  g30513/Y                                                -       B1->Y   R     AOI22xp5_ASAP7_75t_SL          2  1.1    37    20    1322    (-,-) 
  g48181/Y                                                -       A->Y    F     INVxp33_ASAP7_75t_SRAM         2  1.3    59    50    1371    (-,-) 
  inc_FP32_ALU_col1_roundingAdder_add_274_18_spec1_g565/Y -       B->Y    F     AND2x2_ASAP7_75t_SL            2  1.5    15    30    1401    (-,-) 
  inc_FP32_ALU_col1_roundingAdder_add_274_18_spec1_g527/Y -       E->Y    F     AND5x1_ASAP7_75t_SL            2  1.8    19    28    1429    (-,-) 
  inc_FP32_ALU_col1_roundingAdder_add_274_18_spec1_g518/Y -       B->Y    F     AND2x4_ASAP7_75t_SL            3  3.2    13    21    1450    (-,-) 
  inc_FP32_ALU_col1_roundingAdder_add_274_18_spec1_g506/Y -       B->Y    R     NAND2x1p5_ASAP7_75t_SL         2  2.3    24    13    1463    (-,-) 
  inc_FP32_ALU_col1_roundingAdder_add_274_18_spec1_g495/Y -       B->Y    F     NOR2x1p5_ASAP7_75t_SL          2  2.3    26    13    1476    (-,-) 
  inc_FP32_ALU_col1_roundingAdder_add_274_18_spec1_g487/Y -       A->Y    R     NAND2x1p5_ASAP7_75t_SL         3  3.5    36    21    1498    (-,-) 
  inc_FP32_ALU_col1_roundingAdder_add_274_18_spec1_g481/Y -       B->Y    F     NOR2x1p5_ASAP7_75t_SL          2  2.4    27    15    1512    (-,-) 
  inc_FP32_ALU_col1_roundingAdder_add_274_18_spec1_g478/Y -       B->Y    R     NAND2x1p5_ASAP7_75t_SL         2  1.9    33    15    1527    (-,-) 
  inc_FP32_ALU_col1_roundingAdder_add_274_18_spec1_g475/Y -       B->Y    F     NOR2x1_ASAP7_75t_SL            2  1.6    27    16    1543    (-,-) 
  inc_FP32_ALU_col1_roundingAdder_add_274_18_spec1_g473/Y -       B->Y    F     AND2x2_ASAP7_75t_SL            2  1.6    14    24    1567    (-,-) 
  inc_FP32_ALU_col1_roundingAdder_add_274_18_spec1_g472/Y -       A->Y    R     INVx1_ASAP7_75t_L              2  2.0    27    18    1584    (-,-) 
  inc_FP32_ALU_col1_roundingAdder_add_274_18_spec1_g469/Y -       B->Y    R     XNOR2xp5_ASAP7_75t_SL          1  0.8    37    19    1603    (-,-) 
  g29249/Y                                                -       A2->Y   F     AOI21xp5_ASAP7_75t_L           2  1.5    33    21    1625    (-,-) 
  g29242/Y                                                -       A->Y    F     OR2x2_ASAP7_75t_SL             1  0.6    12    23    1648    (-,-) 
  g29240/Y                                                -       A->Y    R     NOR2xp33_ASAP7_75t_SL          1  1.4    50    23    1671    (-,-) 
  g29231/Y                                                -       A1->Y   F     AOI21x1_ASAP7_75t_SL          10  7.2    65    35    1706    (-,-) 
  g29226/Y                                                -       B->Y    F     AND2x2_ASAP7_75t_L            17 11.7    54    59    1765    (-,-) 
  g29199/Y                                                -       B->Y    R     NAND2x1_ASAP7_75t_L            2  2.1    40    30    1796    (-,-) 
  g29189/Y                                                -       A->Y    F     INVx1_ASAP7_75t_L              2  1.5    23    18    1813    (-,-) 
  g29149/Y                                                -       B1->Y   R     AOI221xp5_ASAP7_75t_SL         1  0.9    68    24    1837    (-,-) 
  PIPE_OUT_col1_stage_reg_reg[0][6]/D                     -       -       R     ASYNC_DFFHx1_ASAP7_75t_SL      1    -     -     0    1837    (-,-) 
#--------------------------------------------------------------------------------------------------------------------------------------------------



Path 12: MET (46 ps) Setup Check with Pin PIPE_OUT_col1_stage_reg_reg[0][5]/CLK->D
           View: PVT_0P63V_100C.setup_view
          Group: clk
     Startpoint: (R) PIPE_3_fix2float_col1_stage_reg_reg[0][28]/CLK
          Clock: (R) clk
       Endpoint: (R) PIPE_OUT_col1_stage_reg_reg[0][5]/D
          Clock: (R) clk

                     Capture       Launch     
        Clock Edge:+    2000            0     
       Src Latency:+       0            0     
       Net Latency:+       0 (I)        0 (I) 
           Arrival:=    2000            0     
                                              
             Setup:-      17                  
       Uncertainty:-     100                  
     Required Time:=    1883                  
      Launch Clock:-       0                  
         Data Path:-    1837                  
             Slack:=      46                  

#--------------------------------------------------------------------------------------------------------------------------------------------------
#                      Timing Point                       Flags    Arc    Edge           Cell             Fanout Load Trans Delay Arrival Instance 
#                                                                                                                (fF)  (ps)  (ps)   (ps)  Location 
#--------------------------------------------------------------------------------------------------------------------------------------------------
  PIPE_3_fix2float_col1_stage_reg_reg[0][28]/CLK          -       -       R     (arrival)                   1073    -     0     0       0    (-,-) 
  PIPE_3_fix2float_col1_stage_reg_reg[0][28]/QN           -       CLK->QN R     ASYNC_DFFHx1_ASAP7_75t_SL      4  3.6    52    64      64    (-,-) 
  g47087/Y                                                -       A->Y    F     INVxp67_ASAP7_75t_SL           2  1.5    30    18      82    (-,-) 
  g47028/Y                                                -       C->Y    F     AO221x1_ASAP7_75t_SL           4  3.9    40    44     126    (-,-) 
  g46945/Y                                                -       B->Y    R     NOR2x1p5_ASAP7_75t_SL          2  1.7    26    15     141    (-,-) 
  g46728/Y                                                -       A2->Y   F     OAI21xp5_ASAP7_75t_SL          1  0.8    26    13     154    (-,-) 
  g46711/Y                                                -       A->Y    R     NAND2xp5_ASAP7_75t_SL          1  1.2    29    19     173    (-,-) 
  g46649/Y                                                -       B->Y    F     AOI211x1_ASAP7_75t_SL          2  2.0    47    18     190    (-,-) 
  g46609__9315/Y                                          -       C->Y    F     OA221x2_ASAP7_75t_SL           8  6.5    36    46     236    (-,-) 
  g46587/Y                                                -       A->Y    F     BUFx12f_ASAP7_75t_SL          14 11.9    16    25     261    (-,-) 
  g46506__4733/Y                                          -       B2->Y   R     OAI22xp5_ASAP7_75t_SL          2  1.6    46    23     284    (-,-) 
  g46353__2802/Y                                          -       B->Y    F     NOR2xp67_ASAP7_75t_SL          1  0.8    23    15     300    (-,-) 
  g46317__2802/Y                                          -       B->Y    F     AND2x2_ASAP7_75t_SL            2  2.5    17    25     324    (-,-) 
  g46303__7410/Y                                          -       B->Y    R     NAND2x1p5_ASAP7_75t_SL         2  2.1    23    14     338    (-,-) 
  g46208__4319/Y                                          -       A2->Y   F     AOI21x1_ASAP7_75t_SL           1  1.3    22    10     348    (-,-) 
  g46203__6417/Y                                          -       A->Y    F     AND2x6_ASAP7_75t_SL           22 17.0    29    36     384    (-,-) 
  g46159__7482/Y                                          -       A->Y    R     NAND2x2_ASAP7_75t_SL          12  9.2    58    34     417    (-,-) 
  g46145/Y                                                -       A->Y    F     INVx1_ASAP7_75t_SL             2  2.5    34    20     437    (-,-) 
  g46038__1881/Y                                          -       B1->Y   R     AOI22x1_ASAP7_75t_SL           2  1.5    39    19     456    (-,-) 
  g45935__9315/Y                                          -       B2->Y   R     OA22x2_ASAP7_75t_SL            2  1.6    16    24     480    (-,-) 
  g45928/Y                                                -       A->Y    F     INVx1_ASAP7_75t_L              1  0.7    11     9     489    (-,-) 
  g45888__1617/Y                                          -       A2->Y   F     AO22x1_ASAP7_75t_SL            2  2.0    24    29     518    (-,-) 
  g45823__4319/Y                                          -       B1->Y   R     AOI22x1_ASAP7_75t_SL           1  1.3    32    17     535    (-,-) 
  g45771__2802/Y                                          -       B->Y    R     XOR2xp5_ASAP7_75t_SL           2  2.0    55    34     569    (-,-) 
  addinc_FP32_ALU_col1_fracAdder_add_113_18_g1294/Y       -       B->Y    F     NOR2x1_ASAP7_75t_SL            3  2.5    43    23     591    (-,-) 
  addinc_FP32_ALU_col1_fracAdder_add_113_18_g1214/Y       -       B->Y    R     NOR2x1_ASAP7_75t_SL            3  2.1    35    20     611    (-,-) 
  addinc_FP32_ALU_col1_fracAdder_add_113_18_g1135/Y       -       A->Y    R     AND2x2_ASAP7_75t_SL            2  2.5    20    23     634    (-,-) 
  addinc_FP32_ALU_col1_fracAdder_add_113_18_g1108/Y       -       A2->Y   F     AOI21x1_ASAP7_75t_SL           1  1.3    28    10     644    (-,-) 
  addinc_FP32_ALU_col1_fracAdder_add_113_18_g1091/Y       -       A->Y    F     AND2x4_ASAP7_75t_SL            3  4.3    15    26     670    (-,-) 
  addinc_FP32_ALU_col1_fracAdder_add_113_18_g1090/Y       -       A->Y    R     INVx4_ASAP7_75t_SL             7  6.6    21    13     683    (-,-) 
  addinc_FP32_ALU_col1_fracAdder_add_113_18_g1072/Y       -       A2->Y   F     AOI21x1_ASAP7_75t_SL           1  1.3    22    10     693    (-,-) 
  addinc_FP32_ALU_col1_fracAdder_add_113_18_g1056/Y       -       B->Y    R     XNOR2xp5_ASAP7_75t_SL          2  1.3    42    22     715    (-,-) 
  g48107/Y                                                -       C->Y    F     NOR3xp33_ASAP7_75t_SL          1  1.5    33    21     736    (-,-) 
  g48103/Y                                                -       C->Y    R     NAND3x1_ASAP7_75t_SL           1  1.3    36    25     761    (-,-) 
  g48101/Y                                                -       B->Y    F     NOR2x1_ASAP7_75t_SL            2  2.2    35    19     780    (-,-) 
  g48100/Y                                                -       A->Y    R     INVx2_ASAP7_75t_SL             1  1.6    18    12     792    (-,-) 
  g48099/Y                                                -       A->Y    F     NOR3x1_ASAP7_75t_SL            1  1.3    30    14     806    (-,-) 
  g48097/Y                                                -       A->Y    F     AND5x2_ASAP7_75t_SL            4  4.8    27    32     837    (-,-) 
  g48092/Y                                                -       A2->Y   R     AOI21x1_ASAP7_75t_SL           2  2.6    40    20     858    (-,-) 
  g30797/Y                                                -       B->Y    F     NAND4xp75_ASAP7_75t_SL         1  1.8    35    18     876    (-,-) 
  g30796/Y                                                -       B->Y    R     NOR2x1p5_ASAP7_75t_SL          2  2.2    28    16     893    (-,-) 
  g30795/Y                                                -       A->Y    F     INVx2_ASAP7_75t_SL             4  3.0    18    12     904    (-,-) 
  g30782/Y                                                -       A2->Y   R     OAI21xp5_ASAP7_75t_SL          1  1.4    38    21     925    (-,-) 
  g30778/Y                                                -       B->Y    F     AOI21x1_ASAP7_75t_SL           2  2.6    38    18     943    (-,-) 
  g48082/Y                                                -       B->Y    R     NAND4xp75_ASAP7_75t_SL         5  3.9    38    23     966    (-,-) 
  g48080/Y                                                -       B->Y    F     NOR2x1_ASAP7_75t_SL            3  3.1    36    23     989    (-,-) 
  g48079/Y                                                -       A2->Y   R     AOI21x1_ASAP7_75t_SL           2  2.7    40    22    1011    (-,-) 
  g48077/Y                                                -       A->Y    F     INVx2_ASAP7_75t_SL             1  0.9    14     7    1018    (-,-) 
  g48072/Y                                                -       A2->Y   F     OA21x2_ASAP7_75t_SL            3  2.0    16    25    1043    (-,-) 
  g48066/Y                                                -       B->Y    R     NAND2xp5_ASAP7_75t_SL          1  0.9    27    13    1056    (-,-) 
  g48064/Y                                                -       A1->Y   F     OAI21xp5_ASAP7_75t_SL          2  2.5    42    24    1080    (-,-) 
  g48062/Y                                                -       A2->Y   R     AOI21x1_ASAP7_75t_SL           1  1.8    34    19    1100    (-,-) 
  g48061/Y                                                -       A->Y    F     NOR2x1p5_ASAP7_75t_SL          2  2.4    24    16    1116    (-,-) 
  g48057/Y                                                -       B->Y    R     NAND2x1p5_ASAP7_75t_SL         3  2.9    28    18    1133    (-,-) 
  g48054/Y                                                -       A->Y    F     INVx2_ASAP7_75t_SL             1  0.9    11     6    1140    (-,-) 
  g48050/Y                                                -       B->Y    R     OAI21xp5_ASAP7_75t_SL          1  1.3    48    12    1152    (-,-) 
  g48045/Y                                                -       B->Y    R     AND2x6_ASAP7_75t_SL           28 25.0    49    44    1196    (-,-) 
  g48037/Y                                                -       A->Y    F     INVx11_ASAP7_75t_SL           27 19.8    28    16    1213    (-,-) 
  g47979/Y                                                -       B1->Y   R     AOI22xp5_ASAP7_75t_SL          2  1.5    46    26    1238    (-,-) 
  g47928/Y                                                -       B2->Y   F     OAI22xp5_ASAP7_75t_L           2  1.4    34    23    1261    (-,-) 
  g47914/Y                                                -       A1->Y   R     AOI22xp5_ASAP7_75t_SL          2  1.7    50    26    1288    (-,-) 
  g47907/Y                                                -       A->Y    F     INVx1_ASAP7_75t_L              1  0.8    19    14    1301    (-,-) 
  g30513/Y                                                -       B1->Y   R     AOI22xp5_ASAP7_75t_SL          2  1.1    37    20    1322    (-,-) 
  g48181/Y                                                -       A->Y    F     INVxp33_ASAP7_75t_SRAM         2  1.3    59    50    1371    (-,-) 
  inc_FP32_ALU_col1_roundingAdder_add_274_18_spec1_g565/Y -       B->Y    F     AND2x2_ASAP7_75t_SL            2  1.5    15    30    1401    (-,-) 
  inc_FP32_ALU_col1_roundingAdder_add_274_18_spec1_g527/Y -       E->Y    F     AND5x1_ASAP7_75t_SL            2  1.8    19    28    1429    (-,-) 
  inc_FP32_ALU_col1_roundingAdder_add_274_18_spec1_g518/Y -       B->Y    F     AND2x4_ASAP7_75t_SL            3  3.2    13    21    1450    (-,-) 
  inc_FP32_ALU_col1_roundingAdder_add_274_18_spec1_g506/Y -       B->Y    R     NAND2x1p5_ASAP7_75t_SL         2  2.3    24    13    1463    (-,-) 
  inc_FP32_ALU_col1_roundingAdder_add_274_18_spec1_g495/Y -       B->Y    F     NOR2x1p5_ASAP7_75t_SL          2  2.3    26    13    1476    (-,-) 
  inc_FP32_ALU_col1_roundingAdder_add_274_18_spec1_g487/Y -       A->Y    R     NAND2x1p5_ASAP7_75t_SL         3  3.5    36    21    1498    (-,-) 
  inc_FP32_ALU_col1_roundingAdder_add_274_18_spec1_g481/Y -       B->Y    F     NOR2x1p5_ASAP7_75t_SL          2  2.4    27    15    1512    (-,-) 
  inc_FP32_ALU_col1_roundingAdder_add_274_18_spec1_g478/Y -       B->Y    R     NAND2x1p5_ASAP7_75t_SL         2  1.9    33    15    1527    (-,-) 
  inc_FP32_ALU_col1_roundingAdder_add_274_18_spec1_g475/Y -       B->Y    F     NOR2x1_ASAP7_75t_SL            2  1.6    27    16    1543    (-,-) 
  inc_FP32_ALU_col1_roundingAdder_add_274_18_spec1_g473/Y -       B->Y    F     AND2x2_ASAP7_75t_SL            2  1.6    14    24    1567    (-,-) 
  inc_FP32_ALU_col1_roundingAdder_add_274_18_spec1_g472/Y -       A->Y    R     INVx1_ASAP7_75t_L              2  2.0    27    18    1584    (-,-) 
  inc_FP32_ALU_col1_roundingAdder_add_274_18_spec1_g469/Y -       B->Y    R     XNOR2xp5_ASAP7_75t_SL          1  0.8    37    19    1603    (-,-) 
  g29249/Y                                                -       A2->Y   F     AOI21xp5_ASAP7_75t_L           2  1.5    33    21    1625    (-,-) 
  g29242/Y                                                -       A->Y    F     OR2x2_ASAP7_75t_SL             1  0.6    12    23    1648    (-,-) 
  g29240/Y                                                -       A->Y    R     NOR2xp33_ASAP7_75t_SL          1  1.4    50    23    1671    (-,-) 
  g29231/Y                                                -       A1->Y   F     AOI21x1_ASAP7_75t_SL          10  7.2    65    35    1706    (-,-) 
  g29226/Y                                                -       B->Y    F     AND2x2_ASAP7_75t_L            17 11.7    54    59    1765    (-,-) 
  g29199/Y                                                -       B->Y    R     NAND2x1_ASAP7_75t_L            2  2.1    40    30    1796    (-,-) 
  g29189/Y                                                -       A->Y    F     INVx1_ASAP7_75t_L              2  1.5    23    18    1813    (-,-) 
  g29148/Y                                                -       B1->Y   R     AOI221xp5_ASAP7_75t_SL         1  0.9    68    24    1837    (-,-) 
  PIPE_OUT_col1_stage_reg_reg[0][5]/D                     -       -       R     ASYNC_DFFHx1_ASAP7_75t_SL      1    -     -     0    1837    (-,-) 
#--------------------------------------------------------------------------------------------------------------------------------------------------



Path 13: MET (67 ps) Setup Check with Pin PIPE_OUT_col1_stage_reg_reg[0][22]/CLK->D
           View: PVT_0P63V_100C.setup_view
          Group: clk
     Startpoint: (R) PIPE_3_fix2float_col1_stage_reg_reg[0][28]/CLK
          Clock: (R) clk
       Endpoint: (R) PIPE_OUT_col1_stage_reg_reg[0][22]/D
          Clock: (R) clk

                     Capture       Launch     
        Clock Edge:+    2000            0     
       Src Latency:+       0            0     
       Net Latency:+       0 (I)        0 (I) 
           Arrival:=    2000            0     
                                              
             Setup:-      17                  
       Uncertainty:-     100                  
     Required Time:=    1883                  
      Launch Clock:-       0                  
         Data Path:-    1816                  
             Slack:=      67                  

#--------------------------------------------------------------------------------------------------------------------------------------------------
#                      Timing Point                       Flags    Arc    Edge           Cell             Fanout Load Trans Delay Arrival Instance 
#                                                                                                                (fF)  (ps)  (ps)   (ps)  Location 
#--------------------------------------------------------------------------------------------------------------------------------------------------
  PIPE_3_fix2float_col1_stage_reg_reg[0][28]/CLK          -       -       R     (arrival)                   1073    -     0     0       0    (-,-) 
  PIPE_3_fix2float_col1_stage_reg_reg[0][28]/QN           -       CLK->QN R     ASYNC_DFFHx1_ASAP7_75t_SL      4  3.6    52    64      64    (-,-) 
  g47087/Y                                                -       A->Y    F     INVxp67_ASAP7_75t_SL           2  1.5    30    18      82    (-,-) 
  g47028/Y                                                -       C->Y    F     AO221x1_ASAP7_75t_SL           4  3.9    40    44     126    (-,-) 
  g46945/Y                                                -       B->Y    R     NOR2x1p5_ASAP7_75t_SL          2  1.7    26    15     141    (-,-) 
  g46728/Y                                                -       A2->Y   F     OAI21xp5_ASAP7_75t_SL          1  0.8    26    13     154    (-,-) 
  g46711/Y                                                -       A->Y    R     NAND2xp5_ASAP7_75t_SL          1  1.2    29    19     173    (-,-) 
  g46649/Y                                                -       B->Y    F     AOI211x1_ASAP7_75t_SL          2  2.0    47    18     190    (-,-) 
  g46609__9315/Y                                          -       C->Y    F     OA221x2_ASAP7_75t_SL           8  6.5    36    46     236    (-,-) 
  g46587/Y                                                -       A->Y    F     BUFx12f_ASAP7_75t_SL          14 11.9    16    25     261    (-,-) 
  g46506__4733/Y                                          -       B2->Y   R     OAI22xp5_ASAP7_75t_SL          2  1.6    46    23     284    (-,-) 
  g46353__2802/Y                                          -       B->Y    F     NOR2xp67_ASAP7_75t_SL          1  0.8    23    15     300    (-,-) 
  g46317__2802/Y                                          -       B->Y    F     AND2x2_ASAP7_75t_SL            2  2.5    17    25     324    (-,-) 
  g46303__7410/Y                                          -       B->Y    R     NAND2x1p5_ASAP7_75t_SL         2  2.1    23    14     338    (-,-) 
  g46208__4319/Y                                          -       A2->Y   F     AOI21x1_ASAP7_75t_SL           1  1.3    22    10     348    (-,-) 
  g46203__6417/Y                                          -       A->Y    F     AND2x6_ASAP7_75t_SL           22 17.0    29    36     384    (-,-) 
  g46159__7482/Y                                          -       A->Y    R     NAND2x2_ASAP7_75t_SL          12  9.2    58    34     417    (-,-) 
  g46145/Y                                                -       A->Y    F     INVx1_ASAP7_75t_SL             2  2.5    34    20     437    (-,-) 
  g46038__1881/Y                                          -       B1->Y   R     AOI22x1_ASAP7_75t_SL           2  1.5    39    19     456    (-,-) 
  g45935__9315/Y                                          -       B2->Y   R     OA22x2_ASAP7_75t_SL            2  1.6    16    24     480    (-,-) 
  g45928/Y                                                -       A->Y    F     INVx1_ASAP7_75t_L              1  0.7    11     9     489    (-,-) 
  g45888__1617/Y                                          -       A2->Y   F     AO22x1_ASAP7_75t_SL            2  2.0    24    29     518    (-,-) 
  g45823__4319/Y                                          -       B1->Y   R     AOI22x1_ASAP7_75t_SL           1  1.3    32    17     535    (-,-) 
  g45771__2802/Y                                          -       B->Y    R     XOR2xp5_ASAP7_75t_SL           2  2.0    55    34     569    (-,-) 
  addinc_FP32_ALU_col1_fracAdder_add_113_18_g1294/Y       -       B->Y    F     NOR2x1_ASAP7_75t_SL            3  2.5    43    23     591    (-,-) 
  addinc_FP32_ALU_col1_fracAdder_add_113_18_g1214/Y       -       B->Y    R     NOR2x1_ASAP7_75t_SL            3  2.1    35    20     611    (-,-) 
  addinc_FP32_ALU_col1_fracAdder_add_113_18_g1135/Y       -       A->Y    R     AND2x2_ASAP7_75t_SL            2  2.5    20    23     634    (-,-) 
  addinc_FP32_ALU_col1_fracAdder_add_113_18_g1108/Y       -       A2->Y   F     AOI21x1_ASAP7_75t_SL           1  1.3    28    10     644    (-,-) 
  addinc_FP32_ALU_col1_fracAdder_add_113_18_g1091/Y       -       A->Y    F     AND2x4_ASAP7_75t_SL            3  4.3    15    26     670    (-,-) 
  addinc_FP32_ALU_col1_fracAdder_add_113_18_g1090/Y       -       A->Y    R     INVx4_ASAP7_75t_SL             7  6.6    21    13     683    (-,-) 
  addinc_FP32_ALU_col1_fracAdder_add_113_18_g1072/Y       -       A2->Y   F     AOI21x1_ASAP7_75t_SL           1  1.3    22    10     693    (-,-) 
  addinc_FP32_ALU_col1_fracAdder_add_113_18_g1056/Y       -       B->Y    R     XNOR2xp5_ASAP7_75t_SL          2  1.3    42    22     715    (-,-) 
  g48107/Y                                                -       C->Y    F     NOR3xp33_ASAP7_75t_SL          1  1.5    33    21     736    (-,-) 
  g48103/Y                                                -       C->Y    R     NAND3x1_ASAP7_75t_SL           1  1.3    36    25     761    (-,-) 
  g48101/Y                                                -       B->Y    F     NOR2x1_ASAP7_75t_SL            2  2.2    35    19     780    (-,-) 
  g48100/Y                                                -       A->Y    R     INVx2_ASAP7_75t_SL             1  1.6    18    12     792    (-,-) 
  g48099/Y                                                -       A->Y    F     NOR3x1_ASAP7_75t_SL            1  1.3    30    14     806    (-,-) 
  g48097/Y                                                -       A->Y    F     AND5x2_ASAP7_75t_SL            4  4.8    27    32     837    (-,-) 
  g48092/Y                                                -       A2->Y   R     AOI21x1_ASAP7_75t_SL           2  2.6    40    20     858    (-,-) 
  g30797/Y                                                -       B->Y    F     NAND4xp75_ASAP7_75t_SL         1  1.8    35    18     876    (-,-) 
  g30796/Y                                                -       B->Y    R     NOR2x1p5_ASAP7_75t_SL          2  2.2    28    16     893    (-,-) 
  g30795/Y                                                -       A->Y    F     INVx2_ASAP7_75t_SL             4  3.0    18    12     904    (-,-) 
  g30782/Y                                                -       A2->Y   R     OAI21xp5_ASAP7_75t_SL          1  1.4    38    21     925    (-,-) 
  g30778/Y                                                -       B->Y    F     AOI21x1_ASAP7_75t_SL           2  2.6    38    18     943    (-,-) 
  g48082/Y                                                -       B->Y    R     NAND4xp75_ASAP7_75t_SL         5  3.9    38    23     966    (-,-) 
  g48080/Y                                                -       B->Y    F     NOR2x1_ASAP7_75t_SL            3  3.1    36    23     989    (-,-) 
  g48079/Y                                                -       A2->Y   R     AOI21x1_ASAP7_75t_SL           2  2.7    40    22    1011    (-,-) 
  g48077/Y                                                -       A->Y    F     INVx2_ASAP7_75t_SL             1  0.9    14     7    1018    (-,-) 
  g48072/Y                                                -       A2->Y   F     OA21x2_ASAP7_75t_SL            3  2.0    16    25    1043    (-,-) 
  g48066/Y                                                -       B->Y    R     NAND2xp5_ASAP7_75t_SL          1  0.9    27    13    1056    (-,-) 
  g48064/Y                                                -       A1->Y   F     OAI21xp5_ASAP7_75t_SL          2  2.5    42    24    1080    (-,-) 
  g48062/Y                                                -       A2->Y   R     AOI21x1_ASAP7_75t_SL           1  1.8    34    19    1100    (-,-) 
  g48061/Y                                                -       A->Y    F     NOR2x1p5_ASAP7_75t_SL          2  2.4    24    16    1116    (-,-) 
  g48057/Y                                                -       B->Y    R     NAND2x1p5_ASAP7_75t_SL         3  2.9    28    18    1133    (-,-) 
  g48054/Y                                                -       A->Y    F     INVx2_ASAP7_75t_SL             1  0.9    11     6    1140    (-,-) 
  g48050/Y                                                -       B->Y    R     OAI21xp5_ASAP7_75t_SL          1  1.3    48    12    1152    (-,-) 
  g48045/Y                                                -       B->Y    R     AND2x6_ASAP7_75t_SL           28 25.0    49    44    1196    (-,-) 
  g48037/Y                                                -       A->Y    F     INVx11_ASAP7_75t_SL           27 19.8    28    16    1213    (-,-) 
  g47979/Y                                                -       B1->Y   R     AOI22xp5_ASAP7_75t_SL          2  1.5    46    26    1238    (-,-) 
  g47928/Y                                                -       B2->Y   F     OAI22xp5_ASAP7_75t_L           2  1.4    34    23    1261    (-,-) 
  g47914/Y                                                -       A1->Y   R     AOI22xp5_ASAP7_75t_SL          2  1.7    50    26    1288    (-,-) 
  g47907/Y                                                -       A->Y    F     INVx1_ASAP7_75t_L              1  0.8    19    14    1301    (-,-) 
  g30513/Y                                                -       B1->Y   R     AOI22xp5_ASAP7_75t_SL          2  1.1    37    20    1322    (-,-) 
  g48181/Y                                                -       A->Y    F     INVxp33_ASAP7_75t_SRAM         2  1.3    59    50    1371    (-,-) 
  inc_FP32_ALU_col1_roundingAdder_add_274_18_spec1_g565/Y -       B->Y    F     AND2x2_ASAP7_75t_SL            2  1.5    15    30    1401    (-,-) 
  inc_FP32_ALU_col1_roundingAdder_add_274_18_spec1_g527/Y -       E->Y    F     AND5x1_ASAP7_75t_SL            2  1.8    19    28    1429    (-,-) 
  inc_FP32_ALU_col1_roundingAdder_add_274_18_spec1_g518/Y -       B->Y    F     AND2x4_ASAP7_75t_SL            3  3.2    13    21    1450    (-,-) 
  inc_FP32_ALU_col1_roundingAdder_add_274_18_spec1_g506/Y -       B->Y    R     NAND2x1p5_ASAP7_75t_SL         2  2.3    24    13    1463    (-,-) 
  inc_FP32_ALU_col1_roundingAdder_add_274_18_spec1_g495/Y -       B->Y    F     NOR2x1p5_ASAP7_75t_SL          2  2.3    26    13    1476    (-,-) 
  inc_FP32_ALU_col1_roundingAdder_add_274_18_spec1_g487/Y -       A->Y    R     NAND2x1p5_ASAP7_75t_SL         3  3.5    36    21    1498    (-,-) 
  inc_FP32_ALU_col1_roundingAdder_add_274_18_spec1_g481/Y -       B->Y    F     NOR2x1p5_ASAP7_75t_SL          2  2.4    27    15    1512    (-,-) 
  inc_FP32_ALU_col1_roundingAdder_add_274_18_spec1_g478/Y -       B->Y    R     NAND2x1p5_ASAP7_75t_SL         2  1.9    33    15    1527    (-,-) 
  inc_FP32_ALU_col1_roundingAdder_add_274_18_spec1_g475/Y -       B->Y    F     NOR2x1_ASAP7_75t_SL            2  1.6    27    16    1543    (-,-) 
  inc_FP32_ALU_col1_roundingAdder_add_274_18_spec1_g473/Y -       B->Y    F     AND2x2_ASAP7_75t_SL            2  1.6    14    24    1567    (-,-) 
  inc_FP32_ALU_col1_roundingAdder_add_274_18_spec1_g472/Y -       A->Y    R     INVx1_ASAP7_75t_L              2  2.0    27    18    1584    (-,-) 
  inc_FP32_ALU_col1_roundingAdder_add_274_18_spec1_g469/Y -       B->Y    R     XNOR2xp5_ASAP7_75t_SL          1  0.8    37    19    1603    (-,-) 
  g29249/Y                                                -       A2->Y   F     AOI21xp5_ASAP7_75t_L           2  1.5    33    21    1625    (-,-) 
  g29242/Y                                                -       A->Y    F     OR2x2_ASAP7_75t_SL             1  0.6    12    23    1648    (-,-) 
  g29240/Y                                                -       A->Y    R     NOR2xp33_ASAP7_75t_SL          1  1.4    50    23    1671    (-,-) 
  g29231/Y                                                -       A1->Y   F     AOI21x1_ASAP7_75t_SL          10  7.2    65    35    1706    (-,-) 
  g29228/Y                                                -       B->Y    R     NAND2x1_ASAP7_75t_L            6  7.0    94    61    1767    (-,-) 
  g29217/Y                                                -       A->Y    F     INVx5_ASAP7_75t_SL            18 11.9    42    22    1789    (-,-) 
  g29165/Y                                                -       B1->Y   R     AOI221xp5_ASAP7_75t_SL         1  0.9    68    28    1816    (-,-) 
  PIPE_OUT_col1_stage_reg_reg[0][22]/D                    -       -       R     ASYNC_DFFHx1_ASAP7_75t_SL      1    -     -     0    1816    (-,-) 
#--------------------------------------------------------------------------------------------------------------------------------------------------



Path 14: MET (67 ps) Setup Check with Pin PIPE_OUT_col1_stage_reg_reg[0][21]/CLK->D
           View: PVT_0P63V_100C.setup_view
          Group: clk
     Startpoint: (R) PIPE_3_fix2float_col1_stage_reg_reg[0][28]/CLK
          Clock: (R) clk
       Endpoint: (R) PIPE_OUT_col1_stage_reg_reg[0][21]/D
          Clock: (R) clk

                     Capture       Launch     
        Clock Edge:+    2000            0     
       Src Latency:+       0            0     
       Net Latency:+       0 (I)        0 (I) 
           Arrival:=    2000            0     
                                              
             Setup:-      17                  
       Uncertainty:-     100                  
     Required Time:=    1883                  
      Launch Clock:-       0                  
         Data Path:-    1816                  
             Slack:=      67                  

#--------------------------------------------------------------------------------------------------------------------------------------------------
#                      Timing Point                       Flags    Arc    Edge           Cell             Fanout Load Trans Delay Arrival Instance 
#                                                                                                                (fF)  (ps)  (ps)   (ps)  Location 
#--------------------------------------------------------------------------------------------------------------------------------------------------
  PIPE_3_fix2float_col1_stage_reg_reg[0][28]/CLK          -       -       R     (arrival)                   1073    -     0     0       0    (-,-) 
  PIPE_3_fix2float_col1_stage_reg_reg[0][28]/QN           -       CLK->QN R     ASYNC_DFFHx1_ASAP7_75t_SL      4  3.6    52    64      64    (-,-) 
  g47087/Y                                                -       A->Y    F     INVxp67_ASAP7_75t_SL           2  1.5    30    18      82    (-,-) 
  g47028/Y                                                -       C->Y    F     AO221x1_ASAP7_75t_SL           4  3.9    40    44     126    (-,-) 
  g46945/Y                                                -       B->Y    R     NOR2x1p5_ASAP7_75t_SL          2  1.7    26    15     141    (-,-) 
  g46728/Y                                                -       A2->Y   F     OAI21xp5_ASAP7_75t_SL          1  0.8    26    13     154    (-,-) 
  g46711/Y                                                -       A->Y    R     NAND2xp5_ASAP7_75t_SL          1  1.2    29    19     173    (-,-) 
  g46649/Y                                                -       B->Y    F     AOI211x1_ASAP7_75t_SL          2  2.0    47    18     190    (-,-) 
  g46609__9315/Y                                          -       C->Y    F     OA221x2_ASAP7_75t_SL           8  6.5    36    46     236    (-,-) 
  g46587/Y                                                -       A->Y    F     BUFx12f_ASAP7_75t_SL          14 11.9    16    25     261    (-,-) 
  g46506__4733/Y                                          -       B2->Y   R     OAI22xp5_ASAP7_75t_SL          2  1.6    46    23     284    (-,-) 
  g46353__2802/Y                                          -       B->Y    F     NOR2xp67_ASAP7_75t_SL          1  0.8    23    15     300    (-,-) 
  g46317__2802/Y                                          -       B->Y    F     AND2x2_ASAP7_75t_SL            2  2.5    17    25     324    (-,-) 
  g46303__7410/Y                                          -       B->Y    R     NAND2x1p5_ASAP7_75t_SL         2  2.1    23    14     338    (-,-) 
  g46208__4319/Y                                          -       A2->Y   F     AOI21x1_ASAP7_75t_SL           1  1.3    22    10     348    (-,-) 
  g46203__6417/Y                                          -       A->Y    F     AND2x6_ASAP7_75t_SL           22 17.0    29    36     384    (-,-) 
  g46159__7482/Y                                          -       A->Y    R     NAND2x2_ASAP7_75t_SL          12  9.2    58    34     417    (-,-) 
  g46145/Y                                                -       A->Y    F     INVx1_ASAP7_75t_SL             2  2.5    34    20     437    (-,-) 
  g46038__1881/Y                                          -       B1->Y   R     AOI22x1_ASAP7_75t_SL           2  1.5    39    19     456    (-,-) 
  g45935__9315/Y                                          -       B2->Y   R     OA22x2_ASAP7_75t_SL            2  1.6    16    24     480    (-,-) 
  g45928/Y                                                -       A->Y    F     INVx1_ASAP7_75t_L              1  0.7    11     9     489    (-,-) 
  g45888__1617/Y                                          -       A2->Y   F     AO22x1_ASAP7_75t_SL            2  2.0    24    29     518    (-,-) 
  g45823__4319/Y                                          -       B1->Y   R     AOI22x1_ASAP7_75t_SL           1  1.3    32    17     535    (-,-) 
  g45771__2802/Y                                          -       B->Y    R     XOR2xp5_ASAP7_75t_SL           2  2.0    55    34     569    (-,-) 
  addinc_FP32_ALU_col1_fracAdder_add_113_18_g1294/Y       -       B->Y    F     NOR2x1_ASAP7_75t_SL            3  2.5    43    23     591    (-,-) 
  addinc_FP32_ALU_col1_fracAdder_add_113_18_g1214/Y       -       B->Y    R     NOR2x1_ASAP7_75t_SL            3  2.1    35    20     611    (-,-) 
  addinc_FP32_ALU_col1_fracAdder_add_113_18_g1135/Y       -       A->Y    R     AND2x2_ASAP7_75t_SL            2  2.5    20    23     634    (-,-) 
  addinc_FP32_ALU_col1_fracAdder_add_113_18_g1108/Y       -       A2->Y   F     AOI21x1_ASAP7_75t_SL           1  1.3    28    10     644    (-,-) 
  addinc_FP32_ALU_col1_fracAdder_add_113_18_g1091/Y       -       A->Y    F     AND2x4_ASAP7_75t_SL            3  4.3    15    26     670    (-,-) 
  addinc_FP32_ALU_col1_fracAdder_add_113_18_g1090/Y       -       A->Y    R     INVx4_ASAP7_75t_SL             7  6.6    21    13     683    (-,-) 
  addinc_FP32_ALU_col1_fracAdder_add_113_18_g1072/Y       -       A2->Y   F     AOI21x1_ASAP7_75t_SL           1  1.3    22    10     693    (-,-) 
  addinc_FP32_ALU_col1_fracAdder_add_113_18_g1056/Y       -       B->Y    R     XNOR2xp5_ASAP7_75t_SL          2  1.3    42    22     715    (-,-) 
  g48107/Y                                                -       C->Y    F     NOR3xp33_ASAP7_75t_SL          1  1.5    33    21     736    (-,-) 
  g48103/Y                                                -       C->Y    R     NAND3x1_ASAP7_75t_SL           1  1.3    36    25     761    (-,-) 
  g48101/Y                                                -       B->Y    F     NOR2x1_ASAP7_75t_SL            2  2.2    35    19     780    (-,-) 
  g48100/Y                                                -       A->Y    R     INVx2_ASAP7_75t_SL             1  1.6    18    12     792    (-,-) 
  g48099/Y                                                -       A->Y    F     NOR3x1_ASAP7_75t_SL            1  1.3    30    14     806    (-,-) 
  g48097/Y                                                -       A->Y    F     AND5x2_ASAP7_75t_SL            4  4.8    27    32     837    (-,-) 
  g48092/Y                                                -       A2->Y   R     AOI21x1_ASAP7_75t_SL           2  2.6    40    20     858    (-,-) 
  g30797/Y                                                -       B->Y    F     NAND4xp75_ASAP7_75t_SL         1  1.8    35    18     876    (-,-) 
  g30796/Y                                                -       B->Y    R     NOR2x1p5_ASAP7_75t_SL          2  2.2    28    16     893    (-,-) 
  g30795/Y                                                -       A->Y    F     INVx2_ASAP7_75t_SL             4  3.0    18    12     904    (-,-) 
  g30782/Y                                                -       A2->Y   R     OAI21xp5_ASAP7_75t_SL          1  1.4    38    21     925    (-,-) 
  g30778/Y                                                -       B->Y    F     AOI21x1_ASAP7_75t_SL           2  2.6    38    18     943    (-,-) 
  g48082/Y                                                -       B->Y    R     NAND4xp75_ASAP7_75t_SL         5  3.9    38    23     966    (-,-) 
  g48080/Y                                                -       B->Y    F     NOR2x1_ASAP7_75t_SL            3  3.1    36    23     989    (-,-) 
  g48079/Y                                                -       A2->Y   R     AOI21x1_ASAP7_75t_SL           2  2.7    40    22    1011    (-,-) 
  g48077/Y                                                -       A->Y    F     INVx2_ASAP7_75t_SL             1  0.9    14     7    1018    (-,-) 
  g48072/Y                                                -       A2->Y   F     OA21x2_ASAP7_75t_SL            3  2.0    16    25    1043    (-,-) 
  g48066/Y                                                -       B->Y    R     NAND2xp5_ASAP7_75t_SL          1  0.9    27    13    1056    (-,-) 
  g48064/Y                                                -       A1->Y   F     OAI21xp5_ASAP7_75t_SL          2  2.5    42    24    1080    (-,-) 
  g48062/Y                                                -       A2->Y   R     AOI21x1_ASAP7_75t_SL           1  1.8    34    19    1100    (-,-) 
  g48061/Y                                                -       A->Y    F     NOR2x1p5_ASAP7_75t_SL          2  2.4    24    16    1116    (-,-) 
  g48057/Y                                                -       B->Y    R     NAND2x1p5_ASAP7_75t_SL         3  2.9    28    18    1133    (-,-) 
  g48054/Y                                                -       A->Y    F     INVx2_ASAP7_75t_SL             1  0.9    11     6    1140    (-,-) 
  g48050/Y                                                -       B->Y    R     OAI21xp5_ASAP7_75t_SL          1  1.3    48    12    1152    (-,-) 
  g48045/Y                                                -       B->Y    R     AND2x6_ASAP7_75t_SL           28 25.0    49    44    1196    (-,-) 
  g48037/Y                                                -       A->Y    F     INVx11_ASAP7_75t_SL           27 19.8    28    16    1213    (-,-) 
  g47979/Y                                                -       B1->Y   R     AOI22xp5_ASAP7_75t_SL          2  1.5    46    26    1238    (-,-) 
  g47928/Y                                                -       B2->Y   F     OAI22xp5_ASAP7_75t_L           2  1.4    34    23    1261    (-,-) 
  g47914/Y                                                -       A1->Y   R     AOI22xp5_ASAP7_75t_SL          2  1.7    50    26    1288    (-,-) 
  g47907/Y                                                -       A->Y    F     INVx1_ASAP7_75t_L              1  0.8    19    14    1301    (-,-) 
  g30513/Y                                                -       B1->Y   R     AOI22xp5_ASAP7_75t_SL          2  1.1    37    20    1322    (-,-) 
  g48181/Y                                                -       A->Y    F     INVxp33_ASAP7_75t_SRAM         2  1.3    59    50    1371    (-,-) 
  inc_FP32_ALU_col1_roundingAdder_add_274_18_spec1_g565/Y -       B->Y    F     AND2x2_ASAP7_75t_SL            2  1.5    15    30    1401    (-,-) 
  inc_FP32_ALU_col1_roundingAdder_add_274_18_spec1_g527/Y -       E->Y    F     AND5x1_ASAP7_75t_SL            2  1.8    19    28    1429    (-,-) 
  inc_FP32_ALU_col1_roundingAdder_add_274_18_spec1_g518/Y -       B->Y    F     AND2x4_ASAP7_75t_SL            3  3.2    13    21    1450    (-,-) 
  inc_FP32_ALU_col1_roundingAdder_add_274_18_spec1_g506/Y -       B->Y    R     NAND2x1p5_ASAP7_75t_SL         2  2.3    24    13    1463    (-,-) 
  inc_FP32_ALU_col1_roundingAdder_add_274_18_spec1_g495/Y -       B->Y    F     NOR2x1p5_ASAP7_75t_SL          2  2.3    26    13    1476    (-,-) 
  inc_FP32_ALU_col1_roundingAdder_add_274_18_spec1_g487/Y -       A->Y    R     NAND2x1p5_ASAP7_75t_SL         3  3.5    36    21    1498    (-,-) 
  inc_FP32_ALU_col1_roundingAdder_add_274_18_spec1_g481/Y -       B->Y    F     NOR2x1p5_ASAP7_75t_SL          2  2.4    27    15    1512    (-,-) 
  inc_FP32_ALU_col1_roundingAdder_add_274_18_spec1_g478/Y -       B->Y    R     NAND2x1p5_ASAP7_75t_SL         2  1.9    33    15    1527    (-,-) 
  inc_FP32_ALU_col1_roundingAdder_add_274_18_spec1_g475/Y -       B->Y    F     NOR2x1_ASAP7_75t_SL            2  1.6    27    16    1543    (-,-) 
  inc_FP32_ALU_col1_roundingAdder_add_274_18_spec1_g473/Y -       B->Y    F     AND2x2_ASAP7_75t_SL            2  1.6    14    24    1567    (-,-) 
  inc_FP32_ALU_col1_roundingAdder_add_274_18_spec1_g472/Y -       A->Y    R     INVx1_ASAP7_75t_L              2  2.0    27    18    1584    (-,-) 
  inc_FP32_ALU_col1_roundingAdder_add_274_18_spec1_g469/Y -       B->Y    R     XNOR2xp5_ASAP7_75t_SL          1  0.8    37    19    1603    (-,-) 
  g29249/Y                                                -       A2->Y   F     AOI21xp5_ASAP7_75t_L           2  1.5    33    21    1625    (-,-) 
  g29242/Y                                                -       A->Y    F     OR2x2_ASAP7_75t_SL             1  0.6    12    23    1648    (-,-) 
  g29240/Y                                                -       A->Y    R     NOR2xp33_ASAP7_75t_SL          1  1.4    50    23    1671    (-,-) 
  g29231/Y                                                -       A1->Y   F     AOI21x1_ASAP7_75t_SL          10  7.2    65    35    1706    (-,-) 
  g29228/Y                                                -       B->Y    R     NAND2x1_ASAP7_75t_L            6  7.0    94    61    1767    (-,-) 
  g29217/Y                                                -       A->Y    F     INVx5_ASAP7_75t_SL            18 11.9    42    22    1789    (-,-) 
  g29164/Y                                                -       B1->Y   R     AOI221xp5_ASAP7_75t_SL         1  0.9    68    28    1816    (-,-) 
  PIPE_OUT_col1_stage_reg_reg[0][21]/D                    -       -       R     ASYNC_DFFHx1_ASAP7_75t_SL      1    -     -     0    1816    (-,-) 
#--------------------------------------------------------------------------------------------------------------------------------------------------



Path 15: MET (67 ps) Setup Check with Pin PIPE_OUT_col1_stage_reg_reg[0][20]/CLK->D
           View: PVT_0P63V_100C.setup_view
          Group: clk
     Startpoint: (R) PIPE_3_fix2float_col1_stage_reg_reg[0][28]/CLK
          Clock: (R) clk
       Endpoint: (R) PIPE_OUT_col1_stage_reg_reg[0][20]/D
          Clock: (R) clk

                     Capture       Launch     
        Clock Edge:+    2000            0     
       Src Latency:+       0            0     
       Net Latency:+       0 (I)        0 (I) 
           Arrival:=    2000            0     
                                              
             Setup:-      17                  
       Uncertainty:-     100                  
     Required Time:=    1883                  
      Launch Clock:-       0                  
         Data Path:-    1816                  
             Slack:=      67                  

#--------------------------------------------------------------------------------------------------------------------------------------------------
#                      Timing Point                       Flags    Arc    Edge           Cell             Fanout Load Trans Delay Arrival Instance 
#                                                                                                                (fF)  (ps)  (ps)   (ps)  Location 
#--------------------------------------------------------------------------------------------------------------------------------------------------
  PIPE_3_fix2float_col1_stage_reg_reg[0][28]/CLK          -       -       R     (arrival)                   1073    -     0     0       0    (-,-) 
  PIPE_3_fix2float_col1_stage_reg_reg[0][28]/QN           -       CLK->QN R     ASYNC_DFFHx1_ASAP7_75t_SL      4  3.6    52    64      64    (-,-) 
  g47087/Y                                                -       A->Y    F     INVxp67_ASAP7_75t_SL           2  1.5    30    18      82    (-,-) 
  g47028/Y                                                -       C->Y    F     AO221x1_ASAP7_75t_SL           4  3.9    40    44     126    (-,-) 
  g46945/Y                                                -       B->Y    R     NOR2x1p5_ASAP7_75t_SL          2  1.7    26    15     141    (-,-) 
  g46728/Y                                                -       A2->Y   F     OAI21xp5_ASAP7_75t_SL          1  0.8    26    13     154    (-,-) 
  g46711/Y                                                -       A->Y    R     NAND2xp5_ASAP7_75t_SL          1  1.2    29    19     173    (-,-) 
  g46649/Y                                                -       B->Y    F     AOI211x1_ASAP7_75t_SL          2  2.0    47    18     190    (-,-) 
  g46609__9315/Y                                          -       C->Y    F     OA221x2_ASAP7_75t_SL           8  6.5    36    46     236    (-,-) 
  g46587/Y                                                -       A->Y    F     BUFx12f_ASAP7_75t_SL          14 11.9    16    25     261    (-,-) 
  g46506__4733/Y                                          -       B2->Y   R     OAI22xp5_ASAP7_75t_SL          2  1.6    46    23     284    (-,-) 
  g46353__2802/Y                                          -       B->Y    F     NOR2xp67_ASAP7_75t_SL          1  0.8    23    15     300    (-,-) 
  g46317__2802/Y                                          -       B->Y    F     AND2x2_ASAP7_75t_SL            2  2.5    17    25     324    (-,-) 
  g46303__7410/Y                                          -       B->Y    R     NAND2x1p5_ASAP7_75t_SL         2  2.1    23    14     338    (-,-) 
  g46208__4319/Y                                          -       A2->Y   F     AOI21x1_ASAP7_75t_SL           1  1.3    22    10     348    (-,-) 
  g46203__6417/Y                                          -       A->Y    F     AND2x6_ASAP7_75t_SL           22 17.0    29    36     384    (-,-) 
  g46159__7482/Y                                          -       A->Y    R     NAND2x2_ASAP7_75t_SL          12  9.2    58    34     417    (-,-) 
  g46145/Y                                                -       A->Y    F     INVx1_ASAP7_75t_SL             2  2.5    34    20     437    (-,-) 
  g46038__1881/Y                                          -       B1->Y   R     AOI22x1_ASAP7_75t_SL           2  1.5    39    19     456    (-,-) 
  g45935__9315/Y                                          -       B2->Y   R     OA22x2_ASAP7_75t_SL            2  1.6    16    24     480    (-,-) 
  g45928/Y                                                -       A->Y    F     INVx1_ASAP7_75t_L              1  0.7    11     9     489    (-,-) 
  g45888__1617/Y                                          -       A2->Y   F     AO22x1_ASAP7_75t_SL            2  2.0    24    29     518    (-,-) 
  g45823__4319/Y                                          -       B1->Y   R     AOI22x1_ASAP7_75t_SL           1  1.3    32    17     535    (-,-) 
  g45771__2802/Y                                          -       B->Y    R     XOR2xp5_ASAP7_75t_SL           2  2.0    55    34     569    (-,-) 
  addinc_FP32_ALU_col1_fracAdder_add_113_18_g1294/Y       -       B->Y    F     NOR2x1_ASAP7_75t_SL            3  2.5    43    23     591    (-,-) 
  addinc_FP32_ALU_col1_fracAdder_add_113_18_g1214/Y       -       B->Y    R     NOR2x1_ASAP7_75t_SL            3  2.1    35    20     611    (-,-) 
  addinc_FP32_ALU_col1_fracAdder_add_113_18_g1135/Y       -       A->Y    R     AND2x2_ASAP7_75t_SL            2  2.5    20    23     634    (-,-) 
  addinc_FP32_ALU_col1_fracAdder_add_113_18_g1108/Y       -       A2->Y   F     AOI21x1_ASAP7_75t_SL           1  1.3    28    10     644    (-,-) 
  addinc_FP32_ALU_col1_fracAdder_add_113_18_g1091/Y       -       A->Y    F     AND2x4_ASAP7_75t_SL            3  4.3    15    26     670    (-,-) 
  addinc_FP32_ALU_col1_fracAdder_add_113_18_g1090/Y       -       A->Y    R     INVx4_ASAP7_75t_SL             7  6.6    21    13     683    (-,-) 
  addinc_FP32_ALU_col1_fracAdder_add_113_18_g1072/Y       -       A2->Y   F     AOI21x1_ASAP7_75t_SL           1  1.3    22    10     693    (-,-) 
  addinc_FP32_ALU_col1_fracAdder_add_113_18_g1056/Y       -       B->Y    R     XNOR2xp5_ASAP7_75t_SL          2  1.3    42    22     715    (-,-) 
  g48107/Y                                                -       C->Y    F     NOR3xp33_ASAP7_75t_SL          1  1.5    33    21     736    (-,-) 
  g48103/Y                                                -       C->Y    R     NAND3x1_ASAP7_75t_SL           1  1.3    36    25     761    (-,-) 
  g48101/Y                                                -       B->Y    F     NOR2x1_ASAP7_75t_SL            2  2.2    35    19     780    (-,-) 
  g48100/Y                                                -       A->Y    R     INVx2_ASAP7_75t_SL             1  1.6    18    12     792    (-,-) 
  g48099/Y                                                -       A->Y    F     NOR3x1_ASAP7_75t_SL            1  1.3    30    14     806    (-,-) 
  g48097/Y                                                -       A->Y    F     AND5x2_ASAP7_75t_SL            4  4.8    27    32     837    (-,-) 
  g48092/Y                                                -       A2->Y   R     AOI21x1_ASAP7_75t_SL           2  2.6    40    20     858    (-,-) 
  g30797/Y                                                -       B->Y    F     NAND4xp75_ASAP7_75t_SL         1  1.8    35    18     876    (-,-) 
  g30796/Y                                                -       B->Y    R     NOR2x1p5_ASAP7_75t_SL          2  2.2    28    16     893    (-,-) 
  g30795/Y                                                -       A->Y    F     INVx2_ASAP7_75t_SL             4  3.0    18    12     904    (-,-) 
  g30782/Y                                                -       A2->Y   R     OAI21xp5_ASAP7_75t_SL          1  1.4    38    21     925    (-,-) 
  g30778/Y                                                -       B->Y    F     AOI21x1_ASAP7_75t_SL           2  2.6    38    18     943    (-,-) 
  g48082/Y                                                -       B->Y    R     NAND4xp75_ASAP7_75t_SL         5  3.9    38    23     966    (-,-) 
  g48080/Y                                                -       B->Y    F     NOR2x1_ASAP7_75t_SL            3  3.1    36    23     989    (-,-) 
  g48079/Y                                                -       A2->Y   R     AOI21x1_ASAP7_75t_SL           2  2.7    40    22    1011    (-,-) 
  g48077/Y                                                -       A->Y    F     INVx2_ASAP7_75t_SL             1  0.9    14     7    1018    (-,-) 
  g48072/Y                                                -       A2->Y   F     OA21x2_ASAP7_75t_SL            3  2.0    16    25    1043    (-,-) 
  g48066/Y                                                -       B->Y    R     NAND2xp5_ASAP7_75t_SL          1  0.9    27    13    1056    (-,-) 
  g48064/Y                                                -       A1->Y   F     OAI21xp5_ASAP7_75t_SL          2  2.5    42    24    1080    (-,-) 
  g48062/Y                                                -       A2->Y   R     AOI21x1_ASAP7_75t_SL           1  1.8    34    19    1100    (-,-) 
  g48061/Y                                                -       A->Y    F     NOR2x1p5_ASAP7_75t_SL          2  2.4    24    16    1116    (-,-) 
  g48057/Y                                                -       B->Y    R     NAND2x1p5_ASAP7_75t_SL         3  2.9    28    18    1133    (-,-) 
  g48054/Y                                                -       A->Y    F     INVx2_ASAP7_75t_SL             1  0.9    11     6    1140    (-,-) 
  g48050/Y                                                -       B->Y    R     OAI21xp5_ASAP7_75t_SL          1  1.3    48    12    1152    (-,-) 
  g48045/Y                                                -       B->Y    R     AND2x6_ASAP7_75t_SL           28 25.0    49    44    1196    (-,-) 
  g48037/Y                                                -       A->Y    F     INVx11_ASAP7_75t_SL           27 19.8    28    16    1213    (-,-) 
  g47979/Y                                                -       B1->Y   R     AOI22xp5_ASAP7_75t_SL          2  1.5    46    26    1238    (-,-) 
  g47928/Y                                                -       B2->Y   F     OAI22xp5_ASAP7_75t_L           2  1.4    34    23    1261    (-,-) 
  g47914/Y                                                -       A1->Y   R     AOI22xp5_ASAP7_75t_SL          2  1.7    50    26    1288    (-,-) 
  g47907/Y                                                -       A->Y    F     INVx1_ASAP7_75t_L              1  0.8    19    14    1301    (-,-) 
  g30513/Y                                                -       B1->Y   R     AOI22xp5_ASAP7_75t_SL          2  1.1    37    20    1322    (-,-) 
  g48181/Y                                                -       A->Y    F     INVxp33_ASAP7_75t_SRAM         2  1.3    59    50    1371    (-,-) 
  inc_FP32_ALU_col1_roundingAdder_add_274_18_spec1_g565/Y -       B->Y    F     AND2x2_ASAP7_75t_SL            2  1.5    15    30    1401    (-,-) 
  inc_FP32_ALU_col1_roundingAdder_add_274_18_spec1_g527/Y -       E->Y    F     AND5x1_ASAP7_75t_SL            2  1.8    19    28    1429    (-,-) 
  inc_FP32_ALU_col1_roundingAdder_add_274_18_spec1_g518/Y -       B->Y    F     AND2x4_ASAP7_75t_SL            3  3.2    13    21    1450    (-,-) 
  inc_FP32_ALU_col1_roundingAdder_add_274_18_spec1_g506/Y -       B->Y    R     NAND2x1p5_ASAP7_75t_SL         2  2.3    24    13    1463    (-,-) 
  inc_FP32_ALU_col1_roundingAdder_add_274_18_spec1_g495/Y -       B->Y    F     NOR2x1p5_ASAP7_75t_SL          2  2.3    26    13    1476    (-,-) 
  inc_FP32_ALU_col1_roundingAdder_add_274_18_spec1_g487/Y -       A->Y    R     NAND2x1p5_ASAP7_75t_SL         3  3.5    36    21    1498    (-,-) 
  inc_FP32_ALU_col1_roundingAdder_add_274_18_spec1_g481/Y -       B->Y    F     NOR2x1p5_ASAP7_75t_SL          2  2.4    27    15    1512    (-,-) 
  inc_FP32_ALU_col1_roundingAdder_add_274_18_spec1_g478/Y -       B->Y    R     NAND2x1p5_ASAP7_75t_SL         2  1.9    33    15    1527    (-,-) 
  inc_FP32_ALU_col1_roundingAdder_add_274_18_spec1_g475/Y -       B->Y    F     NOR2x1_ASAP7_75t_SL            2  1.6    27    16    1543    (-,-) 
  inc_FP32_ALU_col1_roundingAdder_add_274_18_spec1_g473/Y -       B->Y    F     AND2x2_ASAP7_75t_SL            2  1.6    14    24    1567    (-,-) 
  inc_FP32_ALU_col1_roundingAdder_add_274_18_spec1_g472/Y -       A->Y    R     INVx1_ASAP7_75t_L              2  2.0    27    18    1584    (-,-) 
  inc_FP32_ALU_col1_roundingAdder_add_274_18_spec1_g469/Y -       B->Y    R     XNOR2xp5_ASAP7_75t_SL          1  0.8    37    19    1603    (-,-) 
  g29249/Y                                                -       A2->Y   F     AOI21xp5_ASAP7_75t_L           2  1.5    33    21    1625    (-,-) 
  g29242/Y                                                -       A->Y    F     OR2x2_ASAP7_75t_SL             1  0.6    12    23    1648    (-,-) 
  g29240/Y                                                -       A->Y    R     NOR2xp33_ASAP7_75t_SL          1  1.4    50    23    1671    (-,-) 
  g29231/Y                                                -       A1->Y   F     AOI21x1_ASAP7_75t_SL          10  7.2    65    35    1706    (-,-) 
  g29228/Y                                                -       B->Y    R     NAND2x1_ASAP7_75t_L            6  7.0    94    61    1767    (-,-) 
  g29217/Y                                                -       A->Y    F     INVx5_ASAP7_75t_SL            18 11.9    42    22    1789    (-,-) 
  g29163/Y                                                -       B1->Y   R     AOI221xp5_ASAP7_75t_SL         1  0.9    68    28    1816    (-,-) 
  PIPE_OUT_col1_stage_reg_reg[0][20]/D                    -       -       R     ASYNC_DFFHx1_ASAP7_75t_SL      1    -     -     0    1816    (-,-) 
#--------------------------------------------------------------------------------------------------------------------------------------------------



Path 16: MET (67 ps) Setup Check with Pin PIPE_OUT_col1_stage_reg_reg[0][19]/CLK->D
           View: PVT_0P63V_100C.setup_view
          Group: clk
     Startpoint: (R) PIPE_3_fix2float_col1_stage_reg_reg[0][28]/CLK
          Clock: (R) clk
       Endpoint: (R) PIPE_OUT_col1_stage_reg_reg[0][19]/D
          Clock: (R) clk

                     Capture       Launch     
        Clock Edge:+    2000            0     
       Src Latency:+       0            0     
       Net Latency:+       0 (I)        0 (I) 
           Arrival:=    2000            0     
                                              
             Setup:-      17                  
       Uncertainty:-     100                  
     Required Time:=    1883                  
      Launch Clock:-       0                  
         Data Path:-    1816                  
             Slack:=      67                  

#--------------------------------------------------------------------------------------------------------------------------------------------------
#                      Timing Point                       Flags    Arc    Edge           Cell             Fanout Load Trans Delay Arrival Instance 
#                                                                                                                (fF)  (ps)  (ps)   (ps)  Location 
#--------------------------------------------------------------------------------------------------------------------------------------------------
  PIPE_3_fix2float_col1_stage_reg_reg[0][28]/CLK          -       -       R     (arrival)                   1073    -     0     0       0    (-,-) 
  PIPE_3_fix2float_col1_stage_reg_reg[0][28]/QN           -       CLK->QN R     ASYNC_DFFHx1_ASAP7_75t_SL      4  3.6    52    64      64    (-,-) 
  g47087/Y                                                -       A->Y    F     INVxp67_ASAP7_75t_SL           2  1.5    30    18      82    (-,-) 
  g47028/Y                                                -       C->Y    F     AO221x1_ASAP7_75t_SL           4  3.9    40    44     126    (-,-) 
  g46945/Y                                                -       B->Y    R     NOR2x1p5_ASAP7_75t_SL          2  1.7    26    15     141    (-,-) 
  g46728/Y                                                -       A2->Y   F     OAI21xp5_ASAP7_75t_SL          1  0.8    26    13     154    (-,-) 
  g46711/Y                                                -       A->Y    R     NAND2xp5_ASAP7_75t_SL          1  1.2    29    19     173    (-,-) 
  g46649/Y                                                -       B->Y    F     AOI211x1_ASAP7_75t_SL          2  2.0    47    18     190    (-,-) 
  g46609__9315/Y                                          -       C->Y    F     OA221x2_ASAP7_75t_SL           8  6.5    36    46     236    (-,-) 
  g46587/Y                                                -       A->Y    F     BUFx12f_ASAP7_75t_SL          14 11.9    16    25     261    (-,-) 
  g46506__4733/Y                                          -       B2->Y   R     OAI22xp5_ASAP7_75t_SL          2  1.6    46    23     284    (-,-) 
  g46353__2802/Y                                          -       B->Y    F     NOR2xp67_ASAP7_75t_SL          1  0.8    23    15     300    (-,-) 
  g46317__2802/Y                                          -       B->Y    F     AND2x2_ASAP7_75t_SL            2  2.5    17    25     324    (-,-) 
  g46303__7410/Y                                          -       B->Y    R     NAND2x1p5_ASAP7_75t_SL         2  2.1    23    14     338    (-,-) 
  g46208__4319/Y                                          -       A2->Y   F     AOI21x1_ASAP7_75t_SL           1  1.3    22    10     348    (-,-) 
  g46203__6417/Y                                          -       A->Y    F     AND2x6_ASAP7_75t_SL           22 17.0    29    36     384    (-,-) 
  g46159__7482/Y                                          -       A->Y    R     NAND2x2_ASAP7_75t_SL          12  9.2    58    34     417    (-,-) 
  g46145/Y                                                -       A->Y    F     INVx1_ASAP7_75t_SL             2  2.5    34    20     437    (-,-) 
  g46038__1881/Y                                          -       B1->Y   R     AOI22x1_ASAP7_75t_SL           2  1.5    39    19     456    (-,-) 
  g45935__9315/Y                                          -       B2->Y   R     OA22x2_ASAP7_75t_SL            2  1.6    16    24     480    (-,-) 
  g45928/Y                                                -       A->Y    F     INVx1_ASAP7_75t_L              1  0.7    11     9     489    (-,-) 
  g45888__1617/Y                                          -       A2->Y   F     AO22x1_ASAP7_75t_SL            2  2.0    24    29     518    (-,-) 
  g45823__4319/Y                                          -       B1->Y   R     AOI22x1_ASAP7_75t_SL           1  1.3    32    17     535    (-,-) 
  g45771__2802/Y                                          -       B->Y    R     XOR2xp5_ASAP7_75t_SL           2  2.0    55    34     569    (-,-) 
  addinc_FP32_ALU_col1_fracAdder_add_113_18_g1294/Y       -       B->Y    F     NOR2x1_ASAP7_75t_SL            3  2.5    43    23     591    (-,-) 
  addinc_FP32_ALU_col1_fracAdder_add_113_18_g1214/Y       -       B->Y    R     NOR2x1_ASAP7_75t_SL            3  2.1    35    20     611    (-,-) 
  addinc_FP32_ALU_col1_fracAdder_add_113_18_g1135/Y       -       A->Y    R     AND2x2_ASAP7_75t_SL            2  2.5    20    23     634    (-,-) 
  addinc_FP32_ALU_col1_fracAdder_add_113_18_g1108/Y       -       A2->Y   F     AOI21x1_ASAP7_75t_SL           1  1.3    28    10     644    (-,-) 
  addinc_FP32_ALU_col1_fracAdder_add_113_18_g1091/Y       -       A->Y    F     AND2x4_ASAP7_75t_SL            3  4.3    15    26     670    (-,-) 
  addinc_FP32_ALU_col1_fracAdder_add_113_18_g1090/Y       -       A->Y    R     INVx4_ASAP7_75t_SL             7  6.6    21    13     683    (-,-) 
  addinc_FP32_ALU_col1_fracAdder_add_113_18_g1072/Y       -       A2->Y   F     AOI21x1_ASAP7_75t_SL           1  1.3    22    10     693    (-,-) 
  addinc_FP32_ALU_col1_fracAdder_add_113_18_g1056/Y       -       B->Y    R     XNOR2xp5_ASAP7_75t_SL          2  1.3    42    22     715    (-,-) 
  g48107/Y                                                -       C->Y    F     NOR3xp33_ASAP7_75t_SL          1  1.5    33    21     736    (-,-) 
  g48103/Y                                                -       C->Y    R     NAND3x1_ASAP7_75t_SL           1  1.3    36    25     761    (-,-) 
  g48101/Y                                                -       B->Y    F     NOR2x1_ASAP7_75t_SL            2  2.2    35    19     780    (-,-) 
  g48100/Y                                                -       A->Y    R     INVx2_ASAP7_75t_SL             1  1.6    18    12     792    (-,-) 
  g48099/Y                                                -       A->Y    F     NOR3x1_ASAP7_75t_SL            1  1.3    30    14     806    (-,-) 
  g48097/Y                                                -       A->Y    F     AND5x2_ASAP7_75t_SL            4  4.8    27    32     837    (-,-) 
  g48092/Y                                                -       A2->Y   R     AOI21x1_ASAP7_75t_SL           2  2.6    40    20     858    (-,-) 
  g30797/Y                                                -       B->Y    F     NAND4xp75_ASAP7_75t_SL         1  1.8    35    18     876    (-,-) 
  g30796/Y                                                -       B->Y    R     NOR2x1p5_ASAP7_75t_SL          2  2.2    28    16     893    (-,-) 
  g30795/Y                                                -       A->Y    F     INVx2_ASAP7_75t_SL             4  3.0    18    12     904    (-,-) 
  g30782/Y                                                -       A2->Y   R     OAI21xp5_ASAP7_75t_SL          1  1.4    38    21     925    (-,-) 
  g30778/Y                                                -       B->Y    F     AOI21x1_ASAP7_75t_SL           2  2.6    38    18     943    (-,-) 
  g48082/Y                                                -       B->Y    R     NAND4xp75_ASAP7_75t_SL         5  3.9    38    23     966    (-,-) 
  g48080/Y                                                -       B->Y    F     NOR2x1_ASAP7_75t_SL            3  3.1    36    23     989    (-,-) 
  g48079/Y                                                -       A2->Y   R     AOI21x1_ASAP7_75t_SL           2  2.7    40    22    1011    (-,-) 
  g48077/Y                                                -       A->Y    F     INVx2_ASAP7_75t_SL             1  0.9    14     7    1018    (-,-) 
  g48072/Y                                                -       A2->Y   F     OA21x2_ASAP7_75t_SL            3  2.0    16    25    1043    (-,-) 
  g48066/Y                                                -       B->Y    R     NAND2xp5_ASAP7_75t_SL          1  0.9    27    13    1056    (-,-) 
  g48064/Y                                                -       A1->Y   F     OAI21xp5_ASAP7_75t_SL          2  2.5    42    24    1080    (-,-) 
  g48062/Y                                                -       A2->Y   R     AOI21x1_ASAP7_75t_SL           1  1.8    34    19    1100    (-,-) 
  g48061/Y                                                -       A->Y    F     NOR2x1p5_ASAP7_75t_SL          2  2.4    24    16    1116    (-,-) 
  g48057/Y                                                -       B->Y    R     NAND2x1p5_ASAP7_75t_SL         3  2.9    28    18    1133    (-,-) 
  g48054/Y                                                -       A->Y    F     INVx2_ASAP7_75t_SL             1  0.9    11     6    1140    (-,-) 
  g48050/Y                                                -       B->Y    R     OAI21xp5_ASAP7_75t_SL          1  1.3    48    12    1152    (-,-) 
  g48045/Y                                                -       B->Y    R     AND2x6_ASAP7_75t_SL           28 25.0    49    44    1196    (-,-) 
  g48037/Y                                                -       A->Y    F     INVx11_ASAP7_75t_SL           27 19.8    28    16    1213    (-,-) 
  g47979/Y                                                -       B1->Y   R     AOI22xp5_ASAP7_75t_SL          2  1.5    46    26    1238    (-,-) 
  g47928/Y                                                -       B2->Y   F     OAI22xp5_ASAP7_75t_L           2  1.4    34    23    1261    (-,-) 
  g47914/Y                                                -       A1->Y   R     AOI22xp5_ASAP7_75t_SL          2  1.7    50    26    1288    (-,-) 
  g47907/Y                                                -       A->Y    F     INVx1_ASAP7_75t_L              1  0.8    19    14    1301    (-,-) 
  g30513/Y                                                -       B1->Y   R     AOI22xp5_ASAP7_75t_SL          2  1.1    37    20    1322    (-,-) 
  g48181/Y                                                -       A->Y    F     INVxp33_ASAP7_75t_SRAM         2  1.3    59    50    1371    (-,-) 
  inc_FP32_ALU_col1_roundingAdder_add_274_18_spec1_g565/Y -       B->Y    F     AND2x2_ASAP7_75t_SL            2  1.5    15    30    1401    (-,-) 
  inc_FP32_ALU_col1_roundingAdder_add_274_18_spec1_g527/Y -       E->Y    F     AND5x1_ASAP7_75t_SL            2  1.8    19    28    1429    (-,-) 
  inc_FP32_ALU_col1_roundingAdder_add_274_18_spec1_g518/Y -       B->Y    F     AND2x4_ASAP7_75t_SL            3  3.2    13    21    1450    (-,-) 
  inc_FP32_ALU_col1_roundingAdder_add_274_18_spec1_g506/Y -       B->Y    R     NAND2x1p5_ASAP7_75t_SL         2  2.3    24    13    1463    (-,-) 
  inc_FP32_ALU_col1_roundingAdder_add_274_18_spec1_g495/Y -       B->Y    F     NOR2x1p5_ASAP7_75t_SL          2  2.3    26    13    1476    (-,-) 
  inc_FP32_ALU_col1_roundingAdder_add_274_18_spec1_g487/Y -       A->Y    R     NAND2x1p5_ASAP7_75t_SL         3  3.5    36    21    1498    (-,-) 
  inc_FP32_ALU_col1_roundingAdder_add_274_18_spec1_g481/Y -       B->Y    F     NOR2x1p5_ASAP7_75t_SL          2  2.4    27    15    1512    (-,-) 
  inc_FP32_ALU_col1_roundingAdder_add_274_18_spec1_g478/Y -       B->Y    R     NAND2x1p5_ASAP7_75t_SL         2  1.9    33    15    1527    (-,-) 
  inc_FP32_ALU_col1_roundingAdder_add_274_18_spec1_g475/Y -       B->Y    F     NOR2x1_ASAP7_75t_SL            2  1.6    27    16    1543    (-,-) 
  inc_FP32_ALU_col1_roundingAdder_add_274_18_spec1_g473/Y -       B->Y    F     AND2x2_ASAP7_75t_SL            2  1.6    14    24    1567    (-,-) 
  inc_FP32_ALU_col1_roundingAdder_add_274_18_spec1_g472/Y -       A->Y    R     INVx1_ASAP7_75t_L              2  2.0    27    18    1584    (-,-) 
  inc_FP32_ALU_col1_roundingAdder_add_274_18_spec1_g469/Y -       B->Y    R     XNOR2xp5_ASAP7_75t_SL          1  0.8    37    19    1603    (-,-) 
  g29249/Y                                                -       A2->Y   F     AOI21xp5_ASAP7_75t_L           2  1.5    33    21    1625    (-,-) 
  g29242/Y                                                -       A->Y    F     OR2x2_ASAP7_75t_SL             1  0.6    12    23    1648    (-,-) 
  g29240/Y                                                -       A->Y    R     NOR2xp33_ASAP7_75t_SL          1  1.4    50    23    1671    (-,-) 
  g29231/Y                                                -       A1->Y   F     AOI21x1_ASAP7_75t_SL          10  7.2    65    35    1706    (-,-) 
  g29228/Y                                                -       B->Y    R     NAND2x1_ASAP7_75t_L            6  7.0    94    61    1767    (-,-) 
  g29217/Y                                                -       A->Y    F     INVx5_ASAP7_75t_SL            18 11.9    42    22    1789    (-,-) 
  g29162/Y                                                -       B1->Y   R     AOI221xp5_ASAP7_75t_SL         1  0.9    68    28    1816    (-,-) 
  PIPE_OUT_col1_stage_reg_reg[0][19]/D                    -       -       R     ASYNC_DFFHx1_ASAP7_75t_SL      1    -     -     0    1816    (-,-) 
#--------------------------------------------------------------------------------------------------------------------------------------------------



Path 17: MET (67 ps) Setup Check with Pin PIPE_OUT_col1_stage_reg_reg[0][18]/CLK->D
           View: PVT_0P63V_100C.setup_view
          Group: clk
     Startpoint: (R) PIPE_3_fix2float_col1_stage_reg_reg[0][28]/CLK
          Clock: (R) clk
       Endpoint: (R) PIPE_OUT_col1_stage_reg_reg[0][18]/D
          Clock: (R) clk

                     Capture       Launch     
        Clock Edge:+    2000            0     
       Src Latency:+       0            0     
       Net Latency:+       0 (I)        0 (I) 
           Arrival:=    2000            0     
                                              
             Setup:-      17                  
       Uncertainty:-     100                  
     Required Time:=    1883                  
      Launch Clock:-       0                  
         Data Path:-    1816                  
             Slack:=      67                  

#--------------------------------------------------------------------------------------------------------------------------------------------------
#                      Timing Point                       Flags    Arc    Edge           Cell             Fanout Load Trans Delay Arrival Instance 
#                                                                                                                (fF)  (ps)  (ps)   (ps)  Location 
#--------------------------------------------------------------------------------------------------------------------------------------------------
  PIPE_3_fix2float_col1_stage_reg_reg[0][28]/CLK          -       -       R     (arrival)                   1073    -     0     0       0    (-,-) 
  PIPE_3_fix2float_col1_stage_reg_reg[0][28]/QN           -       CLK->QN R     ASYNC_DFFHx1_ASAP7_75t_SL      4  3.6    52    64      64    (-,-) 
  g47087/Y                                                -       A->Y    F     INVxp67_ASAP7_75t_SL           2  1.5    30    18      82    (-,-) 
  g47028/Y                                                -       C->Y    F     AO221x1_ASAP7_75t_SL           4  3.9    40    44     126    (-,-) 
  g46945/Y                                                -       B->Y    R     NOR2x1p5_ASAP7_75t_SL          2  1.7    26    15     141    (-,-) 
  g46728/Y                                                -       A2->Y   F     OAI21xp5_ASAP7_75t_SL          1  0.8    26    13     154    (-,-) 
  g46711/Y                                                -       A->Y    R     NAND2xp5_ASAP7_75t_SL          1  1.2    29    19     173    (-,-) 
  g46649/Y                                                -       B->Y    F     AOI211x1_ASAP7_75t_SL          2  2.0    47    18     190    (-,-) 
  g46609__9315/Y                                          -       C->Y    F     OA221x2_ASAP7_75t_SL           8  6.5    36    46     236    (-,-) 
  g46587/Y                                                -       A->Y    F     BUFx12f_ASAP7_75t_SL          14 11.9    16    25     261    (-,-) 
  g46506__4733/Y                                          -       B2->Y   R     OAI22xp5_ASAP7_75t_SL          2  1.6    46    23     284    (-,-) 
  g46353__2802/Y                                          -       B->Y    F     NOR2xp67_ASAP7_75t_SL          1  0.8    23    15     300    (-,-) 
  g46317__2802/Y                                          -       B->Y    F     AND2x2_ASAP7_75t_SL            2  2.5    17    25     324    (-,-) 
  g46303__7410/Y                                          -       B->Y    R     NAND2x1p5_ASAP7_75t_SL         2  2.1    23    14     338    (-,-) 
  g46208__4319/Y                                          -       A2->Y   F     AOI21x1_ASAP7_75t_SL           1  1.3    22    10     348    (-,-) 
  g46203__6417/Y                                          -       A->Y    F     AND2x6_ASAP7_75t_SL           22 17.0    29    36     384    (-,-) 
  g46159__7482/Y                                          -       A->Y    R     NAND2x2_ASAP7_75t_SL          12  9.2    58    34     417    (-,-) 
  g46145/Y                                                -       A->Y    F     INVx1_ASAP7_75t_SL             2  2.5    34    20     437    (-,-) 
  g46038__1881/Y                                          -       B1->Y   R     AOI22x1_ASAP7_75t_SL           2  1.5    39    19     456    (-,-) 
  g45935__9315/Y                                          -       B2->Y   R     OA22x2_ASAP7_75t_SL            2  1.6    16    24     480    (-,-) 
  g45928/Y                                                -       A->Y    F     INVx1_ASAP7_75t_L              1  0.7    11     9     489    (-,-) 
  g45888__1617/Y                                          -       A2->Y   F     AO22x1_ASAP7_75t_SL            2  2.0    24    29     518    (-,-) 
  g45823__4319/Y                                          -       B1->Y   R     AOI22x1_ASAP7_75t_SL           1  1.3    32    17     535    (-,-) 
  g45771__2802/Y                                          -       B->Y    R     XOR2xp5_ASAP7_75t_SL           2  2.0    55    34     569    (-,-) 
  addinc_FP32_ALU_col1_fracAdder_add_113_18_g1294/Y       -       B->Y    F     NOR2x1_ASAP7_75t_SL            3  2.5    43    23     591    (-,-) 
  addinc_FP32_ALU_col1_fracAdder_add_113_18_g1214/Y       -       B->Y    R     NOR2x1_ASAP7_75t_SL            3  2.1    35    20     611    (-,-) 
  addinc_FP32_ALU_col1_fracAdder_add_113_18_g1135/Y       -       A->Y    R     AND2x2_ASAP7_75t_SL            2  2.5    20    23     634    (-,-) 
  addinc_FP32_ALU_col1_fracAdder_add_113_18_g1108/Y       -       A2->Y   F     AOI21x1_ASAP7_75t_SL           1  1.3    28    10     644    (-,-) 
  addinc_FP32_ALU_col1_fracAdder_add_113_18_g1091/Y       -       A->Y    F     AND2x4_ASAP7_75t_SL            3  4.3    15    26     670    (-,-) 
  addinc_FP32_ALU_col1_fracAdder_add_113_18_g1090/Y       -       A->Y    R     INVx4_ASAP7_75t_SL             7  6.6    21    13     683    (-,-) 
  addinc_FP32_ALU_col1_fracAdder_add_113_18_g1072/Y       -       A2->Y   F     AOI21x1_ASAP7_75t_SL           1  1.3    22    10     693    (-,-) 
  addinc_FP32_ALU_col1_fracAdder_add_113_18_g1056/Y       -       B->Y    R     XNOR2xp5_ASAP7_75t_SL          2  1.3    42    22     715    (-,-) 
  g48107/Y                                                -       C->Y    F     NOR3xp33_ASAP7_75t_SL          1  1.5    33    21     736    (-,-) 
  g48103/Y                                                -       C->Y    R     NAND3x1_ASAP7_75t_SL           1  1.3    36    25     761    (-,-) 
  g48101/Y                                                -       B->Y    F     NOR2x1_ASAP7_75t_SL            2  2.2    35    19     780    (-,-) 
  g48100/Y                                                -       A->Y    R     INVx2_ASAP7_75t_SL             1  1.6    18    12     792    (-,-) 
  g48099/Y                                                -       A->Y    F     NOR3x1_ASAP7_75t_SL            1  1.3    30    14     806    (-,-) 
  g48097/Y                                                -       A->Y    F     AND5x2_ASAP7_75t_SL            4  4.8    27    32     837    (-,-) 
  g48092/Y                                                -       A2->Y   R     AOI21x1_ASAP7_75t_SL           2  2.6    40    20     858    (-,-) 
  g30797/Y                                                -       B->Y    F     NAND4xp75_ASAP7_75t_SL         1  1.8    35    18     876    (-,-) 
  g30796/Y                                                -       B->Y    R     NOR2x1p5_ASAP7_75t_SL          2  2.2    28    16     893    (-,-) 
  g30795/Y                                                -       A->Y    F     INVx2_ASAP7_75t_SL             4  3.0    18    12     904    (-,-) 
  g30782/Y                                                -       A2->Y   R     OAI21xp5_ASAP7_75t_SL          1  1.4    38    21     925    (-,-) 
  g30778/Y                                                -       B->Y    F     AOI21x1_ASAP7_75t_SL           2  2.6    38    18     943    (-,-) 
  g48082/Y                                                -       B->Y    R     NAND4xp75_ASAP7_75t_SL         5  3.9    38    23     966    (-,-) 
  g48080/Y                                                -       B->Y    F     NOR2x1_ASAP7_75t_SL            3  3.1    36    23     989    (-,-) 
  g48079/Y                                                -       A2->Y   R     AOI21x1_ASAP7_75t_SL           2  2.7    40    22    1011    (-,-) 
  g48077/Y                                                -       A->Y    F     INVx2_ASAP7_75t_SL             1  0.9    14     7    1018    (-,-) 
  g48072/Y                                                -       A2->Y   F     OA21x2_ASAP7_75t_SL            3  2.0    16    25    1043    (-,-) 
  g48066/Y                                                -       B->Y    R     NAND2xp5_ASAP7_75t_SL          1  0.9    27    13    1056    (-,-) 
  g48064/Y                                                -       A1->Y   F     OAI21xp5_ASAP7_75t_SL          2  2.5    42    24    1080    (-,-) 
  g48062/Y                                                -       A2->Y   R     AOI21x1_ASAP7_75t_SL           1  1.8    34    19    1100    (-,-) 
  g48061/Y                                                -       A->Y    F     NOR2x1p5_ASAP7_75t_SL          2  2.4    24    16    1116    (-,-) 
  g48057/Y                                                -       B->Y    R     NAND2x1p5_ASAP7_75t_SL         3  2.9    28    18    1133    (-,-) 
  g48054/Y                                                -       A->Y    F     INVx2_ASAP7_75t_SL             1  0.9    11     6    1140    (-,-) 
  g48050/Y                                                -       B->Y    R     OAI21xp5_ASAP7_75t_SL          1  1.3    48    12    1152    (-,-) 
  g48045/Y                                                -       B->Y    R     AND2x6_ASAP7_75t_SL           28 25.0    49    44    1196    (-,-) 
  g48037/Y                                                -       A->Y    F     INVx11_ASAP7_75t_SL           27 19.8    28    16    1213    (-,-) 
  g47979/Y                                                -       B1->Y   R     AOI22xp5_ASAP7_75t_SL          2  1.5    46    26    1238    (-,-) 
  g47928/Y                                                -       B2->Y   F     OAI22xp5_ASAP7_75t_L           2  1.4    34    23    1261    (-,-) 
  g47914/Y                                                -       A1->Y   R     AOI22xp5_ASAP7_75t_SL          2  1.7    50    26    1288    (-,-) 
  g47907/Y                                                -       A->Y    F     INVx1_ASAP7_75t_L              1  0.8    19    14    1301    (-,-) 
  g30513/Y                                                -       B1->Y   R     AOI22xp5_ASAP7_75t_SL          2  1.1    37    20    1322    (-,-) 
  g48181/Y                                                -       A->Y    F     INVxp33_ASAP7_75t_SRAM         2  1.3    59    50    1371    (-,-) 
  inc_FP32_ALU_col1_roundingAdder_add_274_18_spec1_g565/Y -       B->Y    F     AND2x2_ASAP7_75t_SL            2  1.5    15    30    1401    (-,-) 
  inc_FP32_ALU_col1_roundingAdder_add_274_18_spec1_g527/Y -       E->Y    F     AND5x1_ASAP7_75t_SL            2  1.8    19    28    1429    (-,-) 
  inc_FP32_ALU_col1_roundingAdder_add_274_18_spec1_g518/Y -       B->Y    F     AND2x4_ASAP7_75t_SL            3  3.2    13    21    1450    (-,-) 
  inc_FP32_ALU_col1_roundingAdder_add_274_18_spec1_g506/Y -       B->Y    R     NAND2x1p5_ASAP7_75t_SL         2  2.3    24    13    1463    (-,-) 
  inc_FP32_ALU_col1_roundingAdder_add_274_18_spec1_g495/Y -       B->Y    F     NOR2x1p5_ASAP7_75t_SL          2  2.3    26    13    1476    (-,-) 
  inc_FP32_ALU_col1_roundingAdder_add_274_18_spec1_g487/Y -       A->Y    R     NAND2x1p5_ASAP7_75t_SL         3  3.5    36    21    1498    (-,-) 
  inc_FP32_ALU_col1_roundingAdder_add_274_18_spec1_g481/Y -       B->Y    F     NOR2x1p5_ASAP7_75t_SL          2  2.4    27    15    1512    (-,-) 
  inc_FP32_ALU_col1_roundingAdder_add_274_18_spec1_g478/Y -       B->Y    R     NAND2x1p5_ASAP7_75t_SL         2  1.9    33    15    1527    (-,-) 
  inc_FP32_ALU_col1_roundingAdder_add_274_18_spec1_g475/Y -       B->Y    F     NOR2x1_ASAP7_75t_SL            2  1.6    27    16    1543    (-,-) 
  inc_FP32_ALU_col1_roundingAdder_add_274_18_spec1_g473/Y -       B->Y    F     AND2x2_ASAP7_75t_SL            2  1.6    14    24    1567    (-,-) 
  inc_FP32_ALU_col1_roundingAdder_add_274_18_spec1_g472/Y -       A->Y    R     INVx1_ASAP7_75t_L              2  2.0    27    18    1584    (-,-) 
  inc_FP32_ALU_col1_roundingAdder_add_274_18_spec1_g469/Y -       B->Y    R     XNOR2xp5_ASAP7_75t_SL          1  0.8    37    19    1603    (-,-) 
  g29249/Y                                                -       A2->Y   F     AOI21xp5_ASAP7_75t_L           2  1.5    33    21    1625    (-,-) 
  g29242/Y                                                -       A->Y    F     OR2x2_ASAP7_75t_SL             1  0.6    12    23    1648    (-,-) 
  g29240/Y                                                -       A->Y    R     NOR2xp33_ASAP7_75t_SL          1  1.4    50    23    1671    (-,-) 
  g29231/Y                                                -       A1->Y   F     AOI21x1_ASAP7_75t_SL          10  7.2    65    35    1706    (-,-) 
  g29228/Y                                                -       B->Y    R     NAND2x1_ASAP7_75t_L            6  7.0    94    61    1767    (-,-) 
  g29217/Y                                                -       A->Y    F     INVx5_ASAP7_75t_SL            18 11.9    42    22    1789    (-,-) 
  g29161/Y                                                -       B1->Y   R     AOI221xp5_ASAP7_75t_SL         1  0.9    68    28    1816    (-,-) 
  PIPE_OUT_col1_stage_reg_reg[0][18]/D                    -       -       R     ASYNC_DFFHx1_ASAP7_75t_SL      1    -     -     0    1816    (-,-) 
#--------------------------------------------------------------------------------------------------------------------------------------------------



Path 18: MET (67 ps) Setup Check with Pin PIPE_OUT_col1_stage_reg_reg[0][17]/CLK->D
           View: PVT_0P63V_100C.setup_view
          Group: clk
     Startpoint: (R) PIPE_3_fix2float_col1_stage_reg_reg[0][28]/CLK
          Clock: (R) clk
       Endpoint: (R) PIPE_OUT_col1_stage_reg_reg[0][17]/D
          Clock: (R) clk

                     Capture       Launch     
        Clock Edge:+    2000            0     
       Src Latency:+       0            0     
       Net Latency:+       0 (I)        0 (I) 
           Arrival:=    2000            0     
                                              
             Setup:-      17                  
       Uncertainty:-     100                  
     Required Time:=    1883                  
      Launch Clock:-       0                  
         Data Path:-    1816                  
             Slack:=      67                  

#--------------------------------------------------------------------------------------------------------------------------------------------------
#                      Timing Point                       Flags    Arc    Edge           Cell             Fanout Load Trans Delay Arrival Instance 
#                                                                                                                (fF)  (ps)  (ps)   (ps)  Location 
#--------------------------------------------------------------------------------------------------------------------------------------------------
  PIPE_3_fix2float_col1_stage_reg_reg[0][28]/CLK          -       -       R     (arrival)                   1073    -     0     0       0    (-,-) 
  PIPE_3_fix2float_col1_stage_reg_reg[0][28]/QN           -       CLK->QN R     ASYNC_DFFHx1_ASAP7_75t_SL      4  3.6    52    64      64    (-,-) 
  g47087/Y                                                -       A->Y    F     INVxp67_ASAP7_75t_SL           2  1.5    30    18      82    (-,-) 
  g47028/Y                                                -       C->Y    F     AO221x1_ASAP7_75t_SL           4  3.9    40    44     126    (-,-) 
  g46945/Y                                                -       B->Y    R     NOR2x1p5_ASAP7_75t_SL          2  1.7    26    15     141    (-,-) 
  g46728/Y                                                -       A2->Y   F     OAI21xp5_ASAP7_75t_SL          1  0.8    26    13     154    (-,-) 
  g46711/Y                                                -       A->Y    R     NAND2xp5_ASAP7_75t_SL          1  1.2    29    19     173    (-,-) 
  g46649/Y                                                -       B->Y    F     AOI211x1_ASAP7_75t_SL          2  2.0    47    18     190    (-,-) 
  g46609__9315/Y                                          -       C->Y    F     OA221x2_ASAP7_75t_SL           8  6.5    36    46     236    (-,-) 
  g46587/Y                                                -       A->Y    F     BUFx12f_ASAP7_75t_SL          14 11.9    16    25     261    (-,-) 
  g46506__4733/Y                                          -       B2->Y   R     OAI22xp5_ASAP7_75t_SL          2  1.6    46    23     284    (-,-) 
  g46353__2802/Y                                          -       B->Y    F     NOR2xp67_ASAP7_75t_SL          1  0.8    23    15     300    (-,-) 
  g46317__2802/Y                                          -       B->Y    F     AND2x2_ASAP7_75t_SL            2  2.5    17    25     324    (-,-) 
  g46303__7410/Y                                          -       B->Y    R     NAND2x1p5_ASAP7_75t_SL         2  2.1    23    14     338    (-,-) 
  g46208__4319/Y                                          -       A2->Y   F     AOI21x1_ASAP7_75t_SL           1  1.3    22    10     348    (-,-) 
  g46203__6417/Y                                          -       A->Y    F     AND2x6_ASAP7_75t_SL           22 17.0    29    36     384    (-,-) 
  g46159__7482/Y                                          -       A->Y    R     NAND2x2_ASAP7_75t_SL          12  9.2    58    34     417    (-,-) 
  g46145/Y                                                -       A->Y    F     INVx1_ASAP7_75t_SL             2  2.5    34    20     437    (-,-) 
  g46038__1881/Y                                          -       B1->Y   R     AOI22x1_ASAP7_75t_SL           2  1.5    39    19     456    (-,-) 
  g45935__9315/Y                                          -       B2->Y   R     OA22x2_ASAP7_75t_SL            2  1.6    16    24     480    (-,-) 
  g45928/Y                                                -       A->Y    F     INVx1_ASAP7_75t_L              1  0.7    11     9     489    (-,-) 
  g45888__1617/Y                                          -       A2->Y   F     AO22x1_ASAP7_75t_SL            2  2.0    24    29     518    (-,-) 
  g45823__4319/Y                                          -       B1->Y   R     AOI22x1_ASAP7_75t_SL           1  1.3    32    17     535    (-,-) 
  g45771__2802/Y                                          -       B->Y    R     XOR2xp5_ASAP7_75t_SL           2  2.0    55    34     569    (-,-) 
  addinc_FP32_ALU_col1_fracAdder_add_113_18_g1294/Y       -       B->Y    F     NOR2x1_ASAP7_75t_SL            3  2.5    43    23     591    (-,-) 
  addinc_FP32_ALU_col1_fracAdder_add_113_18_g1214/Y       -       B->Y    R     NOR2x1_ASAP7_75t_SL            3  2.1    35    20     611    (-,-) 
  addinc_FP32_ALU_col1_fracAdder_add_113_18_g1135/Y       -       A->Y    R     AND2x2_ASAP7_75t_SL            2  2.5    20    23     634    (-,-) 
  addinc_FP32_ALU_col1_fracAdder_add_113_18_g1108/Y       -       A2->Y   F     AOI21x1_ASAP7_75t_SL           1  1.3    28    10     644    (-,-) 
  addinc_FP32_ALU_col1_fracAdder_add_113_18_g1091/Y       -       A->Y    F     AND2x4_ASAP7_75t_SL            3  4.3    15    26     670    (-,-) 
  addinc_FP32_ALU_col1_fracAdder_add_113_18_g1090/Y       -       A->Y    R     INVx4_ASAP7_75t_SL             7  6.6    21    13     683    (-,-) 
  addinc_FP32_ALU_col1_fracAdder_add_113_18_g1072/Y       -       A2->Y   F     AOI21x1_ASAP7_75t_SL           1  1.3    22    10     693    (-,-) 
  addinc_FP32_ALU_col1_fracAdder_add_113_18_g1056/Y       -       B->Y    R     XNOR2xp5_ASAP7_75t_SL          2  1.3    42    22     715    (-,-) 
  g48107/Y                                                -       C->Y    F     NOR3xp33_ASAP7_75t_SL          1  1.5    33    21     736    (-,-) 
  g48103/Y                                                -       C->Y    R     NAND3x1_ASAP7_75t_SL           1  1.3    36    25     761    (-,-) 
  g48101/Y                                                -       B->Y    F     NOR2x1_ASAP7_75t_SL            2  2.2    35    19     780    (-,-) 
  g48100/Y                                                -       A->Y    R     INVx2_ASAP7_75t_SL             1  1.6    18    12     792    (-,-) 
  g48099/Y                                                -       A->Y    F     NOR3x1_ASAP7_75t_SL            1  1.3    30    14     806    (-,-) 
  g48097/Y                                                -       A->Y    F     AND5x2_ASAP7_75t_SL            4  4.8    27    32     837    (-,-) 
  g48092/Y                                                -       A2->Y   R     AOI21x1_ASAP7_75t_SL           2  2.6    40    20     858    (-,-) 
  g30797/Y                                                -       B->Y    F     NAND4xp75_ASAP7_75t_SL         1  1.8    35    18     876    (-,-) 
  g30796/Y                                                -       B->Y    R     NOR2x1p5_ASAP7_75t_SL          2  2.2    28    16     893    (-,-) 
  g30795/Y                                                -       A->Y    F     INVx2_ASAP7_75t_SL             4  3.0    18    12     904    (-,-) 
  g30782/Y                                                -       A2->Y   R     OAI21xp5_ASAP7_75t_SL          1  1.4    38    21     925    (-,-) 
  g30778/Y                                                -       B->Y    F     AOI21x1_ASAP7_75t_SL           2  2.6    38    18     943    (-,-) 
  g48082/Y                                                -       B->Y    R     NAND4xp75_ASAP7_75t_SL         5  3.9    38    23     966    (-,-) 
  g48080/Y                                                -       B->Y    F     NOR2x1_ASAP7_75t_SL            3  3.1    36    23     989    (-,-) 
  g48079/Y                                                -       A2->Y   R     AOI21x1_ASAP7_75t_SL           2  2.7    40    22    1011    (-,-) 
  g48077/Y                                                -       A->Y    F     INVx2_ASAP7_75t_SL             1  0.9    14     7    1018    (-,-) 
  g48072/Y                                                -       A2->Y   F     OA21x2_ASAP7_75t_SL            3  2.0    16    25    1043    (-,-) 
  g48066/Y                                                -       B->Y    R     NAND2xp5_ASAP7_75t_SL          1  0.9    27    13    1056    (-,-) 
  g48064/Y                                                -       A1->Y   F     OAI21xp5_ASAP7_75t_SL          2  2.5    42    24    1080    (-,-) 
  g48062/Y                                                -       A2->Y   R     AOI21x1_ASAP7_75t_SL           1  1.8    34    19    1100    (-,-) 
  g48061/Y                                                -       A->Y    F     NOR2x1p5_ASAP7_75t_SL          2  2.4    24    16    1116    (-,-) 
  g48057/Y                                                -       B->Y    R     NAND2x1p5_ASAP7_75t_SL         3  2.9    28    18    1133    (-,-) 
  g48054/Y                                                -       A->Y    F     INVx2_ASAP7_75t_SL             1  0.9    11     6    1140    (-,-) 
  g48050/Y                                                -       B->Y    R     OAI21xp5_ASAP7_75t_SL          1  1.3    48    12    1152    (-,-) 
  g48045/Y                                                -       B->Y    R     AND2x6_ASAP7_75t_SL           28 25.0    49    44    1196    (-,-) 
  g48037/Y                                                -       A->Y    F     INVx11_ASAP7_75t_SL           27 19.8    28    16    1213    (-,-) 
  g47979/Y                                                -       B1->Y   R     AOI22xp5_ASAP7_75t_SL          2  1.5    46    26    1238    (-,-) 
  g47928/Y                                                -       B2->Y   F     OAI22xp5_ASAP7_75t_L           2  1.4    34    23    1261    (-,-) 
  g47914/Y                                                -       A1->Y   R     AOI22xp5_ASAP7_75t_SL          2  1.7    50    26    1288    (-,-) 
  g47907/Y                                                -       A->Y    F     INVx1_ASAP7_75t_L              1  0.8    19    14    1301    (-,-) 
  g30513/Y                                                -       B1->Y   R     AOI22xp5_ASAP7_75t_SL          2  1.1    37    20    1322    (-,-) 
  g48181/Y                                                -       A->Y    F     INVxp33_ASAP7_75t_SRAM         2  1.3    59    50    1371    (-,-) 
  inc_FP32_ALU_col1_roundingAdder_add_274_18_spec1_g565/Y -       B->Y    F     AND2x2_ASAP7_75t_SL            2  1.5    15    30    1401    (-,-) 
  inc_FP32_ALU_col1_roundingAdder_add_274_18_spec1_g527/Y -       E->Y    F     AND5x1_ASAP7_75t_SL            2  1.8    19    28    1429    (-,-) 
  inc_FP32_ALU_col1_roundingAdder_add_274_18_spec1_g518/Y -       B->Y    F     AND2x4_ASAP7_75t_SL            3  3.2    13    21    1450    (-,-) 
  inc_FP32_ALU_col1_roundingAdder_add_274_18_spec1_g506/Y -       B->Y    R     NAND2x1p5_ASAP7_75t_SL         2  2.3    24    13    1463    (-,-) 
  inc_FP32_ALU_col1_roundingAdder_add_274_18_spec1_g495/Y -       B->Y    F     NOR2x1p5_ASAP7_75t_SL          2  2.3    26    13    1476    (-,-) 
  inc_FP32_ALU_col1_roundingAdder_add_274_18_spec1_g487/Y -       A->Y    R     NAND2x1p5_ASAP7_75t_SL         3  3.5    36    21    1498    (-,-) 
  inc_FP32_ALU_col1_roundingAdder_add_274_18_spec1_g481/Y -       B->Y    F     NOR2x1p5_ASAP7_75t_SL          2  2.4    27    15    1512    (-,-) 
  inc_FP32_ALU_col1_roundingAdder_add_274_18_spec1_g478/Y -       B->Y    R     NAND2x1p5_ASAP7_75t_SL         2  1.9    33    15    1527    (-,-) 
  inc_FP32_ALU_col1_roundingAdder_add_274_18_spec1_g475/Y -       B->Y    F     NOR2x1_ASAP7_75t_SL            2  1.6    27    16    1543    (-,-) 
  inc_FP32_ALU_col1_roundingAdder_add_274_18_spec1_g473/Y -       B->Y    F     AND2x2_ASAP7_75t_SL            2  1.6    14    24    1567    (-,-) 
  inc_FP32_ALU_col1_roundingAdder_add_274_18_spec1_g472/Y -       A->Y    R     INVx1_ASAP7_75t_L              2  2.0    27    18    1584    (-,-) 
  inc_FP32_ALU_col1_roundingAdder_add_274_18_spec1_g469/Y -       B->Y    R     XNOR2xp5_ASAP7_75t_SL          1  0.8    37    19    1603    (-,-) 
  g29249/Y                                                -       A2->Y   F     AOI21xp5_ASAP7_75t_L           2  1.5    33    21    1625    (-,-) 
  g29242/Y                                                -       A->Y    F     OR2x2_ASAP7_75t_SL             1  0.6    12    23    1648    (-,-) 
  g29240/Y                                                -       A->Y    R     NOR2xp33_ASAP7_75t_SL          1  1.4    50    23    1671    (-,-) 
  g29231/Y                                                -       A1->Y   F     AOI21x1_ASAP7_75t_SL          10  7.2    65    35    1706    (-,-) 
  g29228/Y                                                -       B->Y    R     NAND2x1_ASAP7_75t_L            6  7.0    94    61    1767    (-,-) 
  g29217/Y                                                -       A->Y    F     INVx5_ASAP7_75t_SL            18 11.9    42    22    1789    (-,-) 
  g29160/Y                                                -       B1->Y   R     AOI221xp5_ASAP7_75t_SL         1  0.9    68    28    1816    (-,-) 
  PIPE_OUT_col1_stage_reg_reg[0][17]/D                    -       -       R     ASYNC_DFFHx1_ASAP7_75t_SL      1    -     -     0    1816    (-,-) 
#--------------------------------------------------------------------------------------------------------------------------------------------------



Path 19: MET (67 ps) Setup Check with Pin PIPE_OUT_col1_stage_reg_reg[0][16]/CLK->D
           View: PVT_0P63V_100C.setup_view
          Group: clk
     Startpoint: (R) PIPE_3_fix2float_col1_stage_reg_reg[0][28]/CLK
          Clock: (R) clk
       Endpoint: (R) PIPE_OUT_col1_stage_reg_reg[0][16]/D
          Clock: (R) clk

                     Capture       Launch     
        Clock Edge:+    2000            0     
       Src Latency:+       0            0     
       Net Latency:+       0 (I)        0 (I) 
           Arrival:=    2000            0     
                                              
             Setup:-      17                  
       Uncertainty:-     100                  
     Required Time:=    1883                  
      Launch Clock:-       0                  
         Data Path:-    1816                  
             Slack:=      67                  

#--------------------------------------------------------------------------------------------------------------------------------------------------
#                      Timing Point                       Flags    Arc    Edge           Cell             Fanout Load Trans Delay Arrival Instance 
#                                                                                                                (fF)  (ps)  (ps)   (ps)  Location 
#--------------------------------------------------------------------------------------------------------------------------------------------------
  PIPE_3_fix2float_col1_stage_reg_reg[0][28]/CLK          -       -       R     (arrival)                   1073    -     0     0       0    (-,-) 
  PIPE_3_fix2float_col1_stage_reg_reg[0][28]/QN           -       CLK->QN R     ASYNC_DFFHx1_ASAP7_75t_SL      4  3.6    52    64      64    (-,-) 
  g47087/Y                                                -       A->Y    F     INVxp67_ASAP7_75t_SL           2  1.5    30    18      82    (-,-) 
  g47028/Y                                                -       C->Y    F     AO221x1_ASAP7_75t_SL           4  3.9    40    44     126    (-,-) 
  g46945/Y                                                -       B->Y    R     NOR2x1p5_ASAP7_75t_SL          2  1.7    26    15     141    (-,-) 
  g46728/Y                                                -       A2->Y   F     OAI21xp5_ASAP7_75t_SL          1  0.8    26    13     154    (-,-) 
  g46711/Y                                                -       A->Y    R     NAND2xp5_ASAP7_75t_SL          1  1.2    29    19     173    (-,-) 
  g46649/Y                                                -       B->Y    F     AOI211x1_ASAP7_75t_SL          2  2.0    47    18     190    (-,-) 
  g46609__9315/Y                                          -       C->Y    F     OA221x2_ASAP7_75t_SL           8  6.5    36    46     236    (-,-) 
  g46587/Y                                                -       A->Y    F     BUFx12f_ASAP7_75t_SL          14 11.9    16    25     261    (-,-) 
  g46506__4733/Y                                          -       B2->Y   R     OAI22xp5_ASAP7_75t_SL          2  1.6    46    23     284    (-,-) 
  g46353__2802/Y                                          -       B->Y    F     NOR2xp67_ASAP7_75t_SL          1  0.8    23    15     300    (-,-) 
  g46317__2802/Y                                          -       B->Y    F     AND2x2_ASAP7_75t_SL            2  2.5    17    25     324    (-,-) 
  g46303__7410/Y                                          -       B->Y    R     NAND2x1p5_ASAP7_75t_SL         2  2.1    23    14     338    (-,-) 
  g46208__4319/Y                                          -       A2->Y   F     AOI21x1_ASAP7_75t_SL           1  1.3    22    10     348    (-,-) 
  g46203__6417/Y                                          -       A->Y    F     AND2x6_ASAP7_75t_SL           22 17.0    29    36     384    (-,-) 
  g46159__7482/Y                                          -       A->Y    R     NAND2x2_ASAP7_75t_SL          12  9.2    58    34     417    (-,-) 
  g46145/Y                                                -       A->Y    F     INVx1_ASAP7_75t_SL             2  2.5    34    20     437    (-,-) 
  g46038__1881/Y                                          -       B1->Y   R     AOI22x1_ASAP7_75t_SL           2  1.5    39    19     456    (-,-) 
  g45935__9315/Y                                          -       B2->Y   R     OA22x2_ASAP7_75t_SL            2  1.6    16    24     480    (-,-) 
  g45928/Y                                                -       A->Y    F     INVx1_ASAP7_75t_L              1  0.7    11     9     489    (-,-) 
  g45888__1617/Y                                          -       A2->Y   F     AO22x1_ASAP7_75t_SL            2  2.0    24    29     518    (-,-) 
  g45823__4319/Y                                          -       B1->Y   R     AOI22x1_ASAP7_75t_SL           1  1.3    32    17     535    (-,-) 
  g45771__2802/Y                                          -       B->Y    R     XOR2xp5_ASAP7_75t_SL           2  2.0    55    34     569    (-,-) 
  addinc_FP32_ALU_col1_fracAdder_add_113_18_g1294/Y       -       B->Y    F     NOR2x1_ASAP7_75t_SL            3  2.5    43    23     591    (-,-) 
  addinc_FP32_ALU_col1_fracAdder_add_113_18_g1214/Y       -       B->Y    R     NOR2x1_ASAP7_75t_SL            3  2.1    35    20     611    (-,-) 
  addinc_FP32_ALU_col1_fracAdder_add_113_18_g1135/Y       -       A->Y    R     AND2x2_ASAP7_75t_SL            2  2.5    20    23     634    (-,-) 
  addinc_FP32_ALU_col1_fracAdder_add_113_18_g1108/Y       -       A2->Y   F     AOI21x1_ASAP7_75t_SL           1  1.3    28    10     644    (-,-) 
  addinc_FP32_ALU_col1_fracAdder_add_113_18_g1091/Y       -       A->Y    F     AND2x4_ASAP7_75t_SL            3  4.3    15    26     670    (-,-) 
  addinc_FP32_ALU_col1_fracAdder_add_113_18_g1090/Y       -       A->Y    R     INVx4_ASAP7_75t_SL             7  6.6    21    13     683    (-,-) 
  addinc_FP32_ALU_col1_fracAdder_add_113_18_g1072/Y       -       A2->Y   F     AOI21x1_ASAP7_75t_SL           1  1.3    22    10     693    (-,-) 
  addinc_FP32_ALU_col1_fracAdder_add_113_18_g1056/Y       -       B->Y    R     XNOR2xp5_ASAP7_75t_SL          2  1.3    42    22     715    (-,-) 
  g48107/Y                                                -       C->Y    F     NOR3xp33_ASAP7_75t_SL          1  1.5    33    21     736    (-,-) 
  g48103/Y                                                -       C->Y    R     NAND3x1_ASAP7_75t_SL           1  1.3    36    25     761    (-,-) 
  g48101/Y                                                -       B->Y    F     NOR2x1_ASAP7_75t_SL            2  2.2    35    19     780    (-,-) 
  g48100/Y                                                -       A->Y    R     INVx2_ASAP7_75t_SL             1  1.6    18    12     792    (-,-) 
  g48099/Y                                                -       A->Y    F     NOR3x1_ASAP7_75t_SL            1  1.3    30    14     806    (-,-) 
  g48097/Y                                                -       A->Y    F     AND5x2_ASAP7_75t_SL            4  4.8    27    32     837    (-,-) 
  g48092/Y                                                -       A2->Y   R     AOI21x1_ASAP7_75t_SL           2  2.6    40    20     858    (-,-) 
  g30797/Y                                                -       B->Y    F     NAND4xp75_ASAP7_75t_SL         1  1.8    35    18     876    (-,-) 
  g30796/Y                                                -       B->Y    R     NOR2x1p5_ASAP7_75t_SL          2  2.2    28    16     893    (-,-) 
  g30795/Y                                                -       A->Y    F     INVx2_ASAP7_75t_SL             4  3.0    18    12     904    (-,-) 
  g30782/Y                                                -       A2->Y   R     OAI21xp5_ASAP7_75t_SL          1  1.4    38    21     925    (-,-) 
  g30778/Y                                                -       B->Y    F     AOI21x1_ASAP7_75t_SL           2  2.6    38    18     943    (-,-) 
  g48082/Y                                                -       B->Y    R     NAND4xp75_ASAP7_75t_SL         5  3.9    38    23     966    (-,-) 
  g48080/Y                                                -       B->Y    F     NOR2x1_ASAP7_75t_SL            3  3.1    36    23     989    (-,-) 
  g48079/Y                                                -       A2->Y   R     AOI21x1_ASAP7_75t_SL           2  2.7    40    22    1011    (-,-) 
  g48077/Y                                                -       A->Y    F     INVx2_ASAP7_75t_SL             1  0.9    14     7    1018    (-,-) 
  g48072/Y                                                -       A2->Y   F     OA21x2_ASAP7_75t_SL            3  2.0    16    25    1043    (-,-) 
  g48066/Y                                                -       B->Y    R     NAND2xp5_ASAP7_75t_SL          1  0.9    27    13    1056    (-,-) 
  g48064/Y                                                -       A1->Y   F     OAI21xp5_ASAP7_75t_SL          2  2.5    42    24    1080    (-,-) 
  g48062/Y                                                -       A2->Y   R     AOI21x1_ASAP7_75t_SL           1  1.8    34    19    1100    (-,-) 
  g48061/Y                                                -       A->Y    F     NOR2x1p5_ASAP7_75t_SL          2  2.4    24    16    1116    (-,-) 
  g48057/Y                                                -       B->Y    R     NAND2x1p5_ASAP7_75t_SL         3  2.9    28    18    1133    (-,-) 
  g48054/Y                                                -       A->Y    F     INVx2_ASAP7_75t_SL             1  0.9    11     6    1140    (-,-) 
  g48050/Y                                                -       B->Y    R     OAI21xp5_ASAP7_75t_SL          1  1.3    48    12    1152    (-,-) 
  g48045/Y                                                -       B->Y    R     AND2x6_ASAP7_75t_SL           28 25.0    49    44    1196    (-,-) 
  g48037/Y                                                -       A->Y    F     INVx11_ASAP7_75t_SL           27 19.8    28    16    1213    (-,-) 
  g47979/Y                                                -       B1->Y   R     AOI22xp5_ASAP7_75t_SL          2  1.5    46    26    1238    (-,-) 
  g47928/Y                                                -       B2->Y   F     OAI22xp5_ASAP7_75t_L           2  1.4    34    23    1261    (-,-) 
  g47914/Y                                                -       A1->Y   R     AOI22xp5_ASAP7_75t_SL          2  1.7    50    26    1288    (-,-) 
  g47907/Y                                                -       A->Y    F     INVx1_ASAP7_75t_L              1  0.8    19    14    1301    (-,-) 
  g30513/Y                                                -       B1->Y   R     AOI22xp5_ASAP7_75t_SL          2  1.1    37    20    1322    (-,-) 
  g48181/Y                                                -       A->Y    F     INVxp33_ASAP7_75t_SRAM         2  1.3    59    50    1371    (-,-) 
  inc_FP32_ALU_col1_roundingAdder_add_274_18_spec1_g565/Y -       B->Y    F     AND2x2_ASAP7_75t_SL            2  1.5    15    30    1401    (-,-) 
  inc_FP32_ALU_col1_roundingAdder_add_274_18_spec1_g527/Y -       E->Y    F     AND5x1_ASAP7_75t_SL            2  1.8    19    28    1429    (-,-) 
  inc_FP32_ALU_col1_roundingAdder_add_274_18_spec1_g518/Y -       B->Y    F     AND2x4_ASAP7_75t_SL            3  3.2    13    21    1450    (-,-) 
  inc_FP32_ALU_col1_roundingAdder_add_274_18_spec1_g506/Y -       B->Y    R     NAND2x1p5_ASAP7_75t_SL         2  2.3    24    13    1463    (-,-) 
  inc_FP32_ALU_col1_roundingAdder_add_274_18_spec1_g495/Y -       B->Y    F     NOR2x1p5_ASAP7_75t_SL          2  2.3    26    13    1476    (-,-) 
  inc_FP32_ALU_col1_roundingAdder_add_274_18_spec1_g487/Y -       A->Y    R     NAND2x1p5_ASAP7_75t_SL         3  3.5    36    21    1498    (-,-) 
  inc_FP32_ALU_col1_roundingAdder_add_274_18_spec1_g481/Y -       B->Y    F     NOR2x1p5_ASAP7_75t_SL          2  2.4    27    15    1512    (-,-) 
  inc_FP32_ALU_col1_roundingAdder_add_274_18_spec1_g478/Y -       B->Y    R     NAND2x1p5_ASAP7_75t_SL         2  1.9    33    15    1527    (-,-) 
  inc_FP32_ALU_col1_roundingAdder_add_274_18_spec1_g475/Y -       B->Y    F     NOR2x1_ASAP7_75t_SL            2  1.6    27    16    1543    (-,-) 
  inc_FP32_ALU_col1_roundingAdder_add_274_18_spec1_g473/Y -       B->Y    F     AND2x2_ASAP7_75t_SL            2  1.6    14    24    1567    (-,-) 
  inc_FP32_ALU_col1_roundingAdder_add_274_18_spec1_g472/Y -       A->Y    R     INVx1_ASAP7_75t_L              2  2.0    27    18    1584    (-,-) 
  inc_FP32_ALU_col1_roundingAdder_add_274_18_spec1_g469/Y -       B->Y    R     XNOR2xp5_ASAP7_75t_SL          1  0.8    37    19    1603    (-,-) 
  g29249/Y                                                -       A2->Y   F     AOI21xp5_ASAP7_75t_L           2  1.5    33    21    1625    (-,-) 
  g29242/Y                                                -       A->Y    F     OR2x2_ASAP7_75t_SL             1  0.6    12    23    1648    (-,-) 
  g29240/Y                                                -       A->Y    R     NOR2xp33_ASAP7_75t_SL          1  1.4    50    23    1671    (-,-) 
  g29231/Y                                                -       A1->Y   F     AOI21x1_ASAP7_75t_SL          10  7.2    65    35    1706    (-,-) 
  g29228/Y                                                -       B->Y    R     NAND2x1_ASAP7_75t_L            6  7.0    94    61    1767    (-,-) 
  g29217/Y                                                -       A->Y    F     INVx5_ASAP7_75t_SL            18 11.9    42    22    1789    (-,-) 
  g29159/Y                                                -       B1->Y   R     AOI221xp5_ASAP7_75t_SL         1  0.9    68    28    1816    (-,-) 
  PIPE_OUT_col1_stage_reg_reg[0][16]/D                    -       -       R     ASYNC_DFFHx1_ASAP7_75t_SL      1    -     -     0    1816    (-,-) 
#--------------------------------------------------------------------------------------------------------------------------------------------------



Path 20: MET (67 ps) Setup Check with Pin PIPE_OUT_col1_stage_reg_reg[0][15]/CLK->D
           View: PVT_0P63V_100C.setup_view
          Group: clk
     Startpoint: (R) PIPE_3_fix2float_col1_stage_reg_reg[0][28]/CLK
          Clock: (R) clk
       Endpoint: (R) PIPE_OUT_col1_stage_reg_reg[0][15]/D
          Clock: (R) clk

                     Capture       Launch     
        Clock Edge:+    2000            0     
       Src Latency:+       0            0     
       Net Latency:+       0 (I)        0 (I) 
           Arrival:=    2000            0     
                                              
             Setup:-      17                  
       Uncertainty:-     100                  
     Required Time:=    1883                  
      Launch Clock:-       0                  
         Data Path:-    1816                  
             Slack:=      67                  

#--------------------------------------------------------------------------------------------------------------------------------------------------
#                      Timing Point                       Flags    Arc    Edge           Cell             Fanout Load Trans Delay Arrival Instance 
#                                                                                                                (fF)  (ps)  (ps)   (ps)  Location 
#--------------------------------------------------------------------------------------------------------------------------------------------------
  PIPE_3_fix2float_col1_stage_reg_reg[0][28]/CLK          -       -       R     (arrival)                   1073    -     0     0       0    (-,-) 
  PIPE_3_fix2float_col1_stage_reg_reg[0][28]/QN           -       CLK->QN R     ASYNC_DFFHx1_ASAP7_75t_SL      4  3.6    52    64      64    (-,-) 
  g47087/Y                                                -       A->Y    F     INVxp67_ASAP7_75t_SL           2  1.5    30    18      82    (-,-) 
  g47028/Y                                                -       C->Y    F     AO221x1_ASAP7_75t_SL           4  3.9    40    44     126    (-,-) 
  g46945/Y                                                -       B->Y    R     NOR2x1p5_ASAP7_75t_SL          2  1.7    26    15     141    (-,-) 
  g46728/Y                                                -       A2->Y   F     OAI21xp5_ASAP7_75t_SL          1  0.8    26    13     154    (-,-) 
  g46711/Y                                                -       A->Y    R     NAND2xp5_ASAP7_75t_SL          1  1.2    29    19     173    (-,-) 
  g46649/Y                                                -       B->Y    F     AOI211x1_ASAP7_75t_SL          2  2.0    47    18     190    (-,-) 
  g46609__9315/Y                                          -       C->Y    F     OA221x2_ASAP7_75t_SL           8  6.5    36    46     236    (-,-) 
  g46587/Y                                                -       A->Y    F     BUFx12f_ASAP7_75t_SL          14 11.9    16    25     261    (-,-) 
  g46506__4733/Y                                          -       B2->Y   R     OAI22xp5_ASAP7_75t_SL          2  1.6    46    23     284    (-,-) 
  g46353__2802/Y                                          -       B->Y    F     NOR2xp67_ASAP7_75t_SL          1  0.8    23    15     300    (-,-) 
  g46317__2802/Y                                          -       B->Y    F     AND2x2_ASAP7_75t_SL            2  2.5    17    25     324    (-,-) 
  g46303__7410/Y                                          -       B->Y    R     NAND2x1p5_ASAP7_75t_SL         2  2.1    23    14     338    (-,-) 
  g46208__4319/Y                                          -       A2->Y   F     AOI21x1_ASAP7_75t_SL           1  1.3    22    10     348    (-,-) 
  g46203__6417/Y                                          -       A->Y    F     AND2x6_ASAP7_75t_SL           22 17.0    29    36     384    (-,-) 
  g46159__7482/Y                                          -       A->Y    R     NAND2x2_ASAP7_75t_SL          12  9.2    58    34     417    (-,-) 
  g46145/Y                                                -       A->Y    F     INVx1_ASAP7_75t_SL             2  2.5    34    20     437    (-,-) 
  g46038__1881/Y                                          -       B1->Y   R     AOI22x1_ASAP7_75t_SL           2  1.5    39    19     456    (-,-) 
  g45935__9315/Y                                          -       B2->Y   R     OA22x2_ASAP7_75t_SL            2  1.6    16    24     480    (-,-) 
  g45928/Y                                                -       A->Y    F     INVx1_ASAP7_75t_L              1  0.7    11     9     489    (-,-) 
  g45888__1617/Y                                          -       A2->Y   F     AO22x1_ASAP7_75t_SL            2  2.0    24    29     518    (-,-) 
  g45823__4319/Y                                          -       B1->Y   R     AOI22x1_ASAP7_75t_SL           1  1.3    32    17     535    (-,-) 
  g45771__2802/Y                                          -       B->Y    R     XOR2xp5_ASAP7_75t_SL           2  2.0    55    34     569    (-,-) 
  addinc_FP32_ALU_col1_fracAdder_add_113_18_g1294/Y       -       B->Y    F     NOR2x1_ASAP7_75t_SL            3  2.5    43    23     591    (-,-) 
  addinc_FP32_ALU_col1_fracAdder_add_113_18_g1214/Y       -       B->Y    R     NOR2x1_ASAP7_75t_SL            3  2.1    35    20     611    (-,-) 
  addinc_FP32_ALU_col1_fracAdder_add_113_18_g1135/Y       -       A->Y    R     AND2x2_ASAP7_75t_SL            2  2.5    20    23     634    (-,-) 
  addinc_FP32_ALU_col1_fracAdder_add_113_18_g1108/Y       -       A2->Y   F     AOI21x1_ASAP7_75t_SL           1  1.3    28    10     644    (-,-) 
  addinc_FP32_ALU_col1_fracAdder_add_113_18_g1091/Y       -       A->Y    F     AND2x4_ASAP7_75t_SL            3  4.3    15    26     670    (-,-) 
  addinc_FP32_ALU_col1_fracAdder_add_113_18_g1090/Y       -       A->Y    R     INVx4_ASAP7_75t_SL             7  6.6    21    13     683    (-,-) 
  addinc_FP32_ALU_col1_fracAdder_add_113_18_g1072/Y       -       A2->Y   F     AOI21x1_ASAP7_75t_SL           1  1.3    22    10     693    (-,-) 
  addinc_FP32_ALU_col1_fracAdder_add_113_18_g1056/Y       -       B->Y    R     XNOR2xp5_ASAP7_75t_SL          2  1.3    42    22     715    (-,-) 
  g48107/Y                                                -       C->Y    F     NOR3xp33_ASAP7_75t_SL          1  1.5    33    21     736    (-,-) 
  g48103/Y                                                -       C->Y    R     NAND3x1_ASAP7_75t_SL           1  1.3    36    25     761    (-,-) 
  g48101/Y                                                -       B->Y    F     NOR2x1_ASAP7_75t_SL            2  2.2    35    19     780    (-,-) 
  g48100/Y                                                -       A->Y    R     INVx2_ASAP7_75t_SL             1  1.6    18    12     792    (-,-) 
  g48099/Y                                                -       A->Y    F     NOR3x1_ASAP7_75t_SL            1  1.3    30    14     806    (-,-) 
  g48097/Y                                                -       A->Y    F     AND5x2_ASAP7_75t_SL            4  4.8    27    32     837    (-,-) 
  g48092/Y                                                -       A2->Y   R     AOI21x1_ASAP7_75t_SL           2  2.6    40    20     858    (-,-) 
  g30797/Y                                                -       B->Y    F     NAND4xp75_ASAP7_75t_SL         1  1.8    35    18     876    (-,-) 
  g30796/Y                                                -       B->Y    R     NOR2x1p5_ASAP7_75t_SL          2  2.2    28    16     893    (-,-) 
  g30795/Y                                                -       A->Y    F     INVx2_ASAP7_75t_SL             4  3.0    18    12     904    (-,-) 
  g30782/Y                                                -       A2->Y   R     OAI21xp5_ASAP7_75t_SL          1  1.4    38    21     925    (-,-) 
  g30778/Y                                                -       B->Y    F     AOI21x1_ASAP7_75t_SL           2  2.6    38    18     943    (-,-) 
  g48082/Y                                                -       B->Y    R     NAND4xp75_ASAP7_75t_SL         5  3.9    38    23     966    (-,-) 
  g48080/Y                                                -       B->Y    F     NOR2x1_ASAP7_75t_SL            3  3.1    36    23     989    (-,-) 
  g48079/Y                                                -       A2->Y   R     AOI21x1_ASAP7_75t_SL           2  2.7    40    22    1011    (-,-) 
  g48077/Y                                                -       A->Y    F     INVx2_ASAP7_75t_SL             1  0.9    14     7    1018    (-,-) 
  g48072/Y                                                -       A2->Y   F     OA21x2_ASAP7_75t_SL            3  2.0    16    25    1043    (-,-) 
  g48066/Y                                                -       B->Y    R     NAND2xp5_ASAP7_75t_SL          1  0.9    27    13    1056    (-,-) 
  g48064/Y                                                -       A1->Y   F     OAI21xp5_ASAP7_75t_SL          2  2.5    42    24    1080    (-,-) 
  g48062/Y                                                -       A2->Y   R     AOI21x1_ASAP7_75t_SL           1  1.8    34    19    1100    (-,-) 
  g48061/Y                                                -       A->Y    F     NOR2x1p5_ASAP7_75t_SL          2  2.4    24    16    1116    (-,-) 
  g48057/Y                                                -       B->Y    R     NAND2x1p5_ASAP7_75t_SL         3  2.9    28    18    1133    (-,-) 
  g48054/Y                                                -       A->Y    F     INVx2_ASAP7_75t_SL             1  0.9    11     6    1140    (-,-) 
  g48050/Y                                                -       B->Y    R     OAI21xp5_ASAP7_75t_SL          1  1.3    48    12    1152    (-,-) 
  g48045/Y                                                -       B->Y    R     AND2x6_ASAP7_75t_SL           28 25.0    49    44    1196    (-,-) 
  g48037/Y                                                -       A->Y    F     INVx11_ASAP7_75t_SL           27 19.8    28    16    1213    (-,-) 
  g47979/Y                                                -       B1->Y   R     AOI22xp5_ASAP7_75t_SL          2  1.5    46    26    1238    (-,-) 
  g47928/Y                                                -       B2->Y   F     OAI22xp5_ASAP7_75t_L           2  1.4    34    23    1261    (-,-) 
  g47914/Y                                                -       A1->Y   R     AOI22xp5_ASAP7_75t_SL          2  1.7    50    26    1288    (-,-) 
  g47907/Y                                                -       A->Y    F     INVx1_ASAP7_75t_L              1  0.8    19    14    1301    (-,-) 
  g30513/Y                                                -       B1->Y   R     AOI22xp5_ASAP7_75t_SL          2  1.1    37    20    1322    (-,-) 
  g48181/Y                                                -       A->Y    F     INVxp33_ASAP7_75t_SRAM         2  1.3    59    50    1371    (-,-) 
  inc_FP32_ALU_col1_roundingAdder_add_274_18_spec1_g565/Y -       B->Y    F     AND2x2_ASAP7_75t_SL            2  1.5    15    30    1401    (-,-) 
  inc_FP32_ALU_col1_roundingAdder_add_274_18_spec1_g527/Y -       E->Y    F     AND5x1_ASAP7_75t_SL            2  1.8    19    28    1429    (-,-) 
  inc_FP32_ALU_col1_roundingAdder_add_274_18_spec1_g518/Y -       B->Y    F     AND2x4_ASAP7_75t_SL            3  3.2    13    21    1450    (-,-) 
  inc_FP32_ALU_col1_roundingAdder_add_274_18_spec1_g506/Y -       B->Y    R     NAND2x1p5_ASAP7_75t_SL         2  2.3    24    13    1463    (-,-) 
  inc_FP32_ALU_col1_roundingAdder_add_274_18_spec1_g495/Y -       B->Y    F     NOR2x1p5_ASAP7_75t_SL          2  2.3    26    13    1476    (-,-) 
  inc_FP32_ALU_col1_roundingAdder_add_274_18_spec1_g487/Y -       A->Y    R     NAND2x1p5_ASAP7_75t_SL         3  3.5    36    21    1498    (-,-) 
  inc_FP32_ALU_col1_roundingAdder_add_274_18_spec1_g481/Y -       B->Y    F     NOR2x1p5_ASAP7_75t_SL          2  2.4    27    15    1512    (-,-) 
  inc_FP32_ALU_col1_roundingAdder_add_274_18_spec1_g478/Y -       B->Y    R     NAND2x1p5_ASAP7_75t_SL         2  1.9    33    15    1527    (-,-) 
  inc_FP32_ALU_col1_roundingAdder_add_274_18_spec1_g475/Y -       B->Y    F     NOR2x1_ASAP7_75t_SL            2  1.6    27    16    1543    (-,-) 
  inc_FP32_ALU_col1_roundingAdder_add_274_18_spec1_g473/Y -       B->Y    F     AND2x2_ASAP7_75t_SL            2  1.6    14    24    1567    (-,-) 
  inc_FP32_ALU_col1_roundingAdder_add_274_18_spec1_g472/Y -       A->Y    R     INVx1_ASAP7_75t_L              2  2.0    27    18    1584    (-,-) 
  inc_FP32_ALU_col1_roundingAdder_add_274_18_spec1_g469/Y -       B->Y    R     XNOR2xp5_ASAP7_75t_SL          1  0.8    37    19    1603    (-,-) 
  g29249/Y                                                -       A2->Y   F     AOI21xp5_ASAP7_75t_L           2  1.5    33    21    1625    (-,-) 
  g29242/Y                                                -       A->Y    F     OR2x2_ASAP7_75t_SL             1  0.6    12    23    1648    (-,-) 
  g29240/Y                                                -       A->Y    R     NOR2xp33_ASAP7_75t_SL          1  1.4    50    23    1671    (-,-) 
  g29231/Y                                                -       A1->Y   F     AOI21x1_ASAP7_75t_SL          10  7.2    65    35    1706    (-,-) 
  g29228/Y                                                -       B->Y    R     NAND2x1_ASAP7_75t_L            6  7.0    94    61    1767    (-,-) 
  g29217/Y                                                -       A->Y    F     INVx5_ASAP7_75t_SL            18 11.9    42    22    1789    (-,-) 
  g29158/Y                                                -       B1->Y   R     AOI221xp5_ASAP7_75t_SL         1  0.9    68    28    1816    (-,-) 
  PIPE_OUT_col1_stage_reg_reg[0][15]/D                    -       -       R     ASYNC_DFFHx1_ASAP7_75t_SL      1    -     -     0    1816    (-,-) 
#--------------------------------------------------------------------------------------------------------------------------------------------------



Path 21: MET (67 ps) Setup Check with Pin PIPE_OUT_col1_stage_reg_reg[0][14]/CLK->D
           View: PVT_0P63V_100C.setup_view
          Group: clk
     Startpoint: (R) PIPE_3_fix2float_col1_stage_reg_reg[0][28]/CLK
          Clock: (R) clk
       Endpoint: (R) PIPE_OUT_col1_stage_reg_reg[0][14]/D
          Clock: (R) clk

                     Capture       Launch     
        Clock Edge:+    2000            0     
       Src Latency:+       0            0     
       Net Latency:+       0 (I)        0 (I) 
           Arrival:=    2000            0     
                                              
             Setup:-      17                  
       Uncertainty:-     100                  
     Required Time:=    1883                  
      Launch Clock:-       0                  
         Data Path:-    1816                  
             Slack:=      67                  

#--------------------------------------------------------------------------------------------------------------------------------------------------
#                      Timing Point                       Flags    Arc    Edge           Cell             Fanout Load Trans Delay Arrival Instance 
#                                                                                                                (fF)  (ps)  (ps)   (ps)  Location 
#--------------------------------------------------------------------------------------------------------------------------------------------------
  PIPE_3_fix2float_col1_stage_reg_reg[0][28]/CLK          -       -       R     (arrival)                   1073    -     0     0       0    (-,-) 
  PIPE_3_fix2float_col1_stage_reg_reg[0][28]/QN           -       CLK->QN R     ASYNC_DFFHx1_ASAP7_75t_SL      4  3.6    52    64      64    (-,-) 
  g47087/Y                                                -       A->Y    F     INVxp67_ASAP7_75t_SL           2  1.5    30    18      82    (-,-) 
  g47028/Y                                                -       C->Y    F     AO221x1_ASAP7_75t_SL           4  3.9    40    44     126    (-,-) 
  g46945/Y                                                -       B->Y    R     NOR2x1p5_ASAP7_75t_SL          2  1.7    26    15     141    (-,-) 
  g46728/Y                                                -       A2->Y   F     OAI21xp5_ASAP7_75t_SL          1  0.8    26    13     154    (-,-) 
  g46711/Y                                                -       A->Y    R     NAND2xp5_ASAP7_75t_SL          1  1.2    29    19     173    (-,-) 
  g46649/Y                                                -       B->Y    F     AOI211x1_ASAP7_75t_SL          2  2.0    47    18     190    (-,-) 
  g46609__9315/Y                                          -       C->Y    F     OA221x2_ASAP7_75t_SL           8  6.5    36    46     236    (-,-) 
  g46587/Y                                                -       A->Y    F     BUFx12f_ASAP7_75t_SL          14 11.9    16    25     261    (-,-) 
  g46506__4733/Y                                          -       B2->Y   R     OAI22xp5_ASAP7_75t_SL          2  1.6    46    23     284    (-,-) 
  g46353__2802/Y                                          -       B->Y    F     NOR2xp67_ASAP7_75t_SL          1  0.8    23    15     300    (-,-) 
  g46317__2802/Y                                          -       B->Y    F     AND2x2_ASAP7_75t_SL            2  2.5    17    25     324    (-,-) 
  g46303__7410/Y                                          -       B->Y    R     NAND2x1p5_ASAP7_75t_SL         2  2.1    23    14     338    (-,-) 
  g46208__4319/Y                                          -       A2->Y   F     AOI21x1_ASAP7_75t_SL           1  1.3    22    10     348    (-,-) 
  g46203__6417/Y                                          -       A->Y    F     AND2x6_ASAP7_75t_SL           22 17.0    29    36     384    (-,-) 
  g46159__7482/Y                                          -       A->Y    R     NAND2x2_ASAP7_75t_SL          12  9.2    58    34     417    (-,-) 
  g46145/Y                                                -       A->Y    F     INVx1_ASAP7_75t_SL             2  2.5    34    20     437    (-,-) 
  g46038__1881/Y                                          -       B1->Y   R     AOI22x1_ASAP7_75t_SL           2  1.5    39    19     456    (-,-) 
  g45935__9315/Y                                          -       B2->Y   R     OA22x2_ASAP7_75t_SL            2  1.6    16    24     480    (-,-) 
  g45928/Y                                                -       A->Y    F     INVx1_ASAP7_75t_L              1  0.7    11     9     489    (-,-) 
  g45888__1617/Y                                          -       A2->Y   F     AO22x1_ASAP7_75t_SL            2  2.0    24    29     518    (-,-) 
  g45823__4319/Y                                          -       B1->Y   R     AOI22x1_ASAP7_75t_SL           1  1.3    32    17     535    (-,-) 
  g45771__2802/Y                                          -       B->Y    R     XOR2xp5_ASAP7_75t_SL           2  2.0    55    34     569    (-,-) 
  addinc_FP32_ALU_col1_fracAdder_add_113_18_g1294/Y       -       B->Y    F     NOR2x1_ASAP7_75t_SL            3  2.5    43    23     591    (-,-) 
  addinc_FP32_ALU_col1_fracAdder_add_113_18_g1214/Y       -       B->Y    R     NOR2x1_ASAP7_75t_SL            3  2.1    35    20     611    (-,-) 
  addinc_FP32_ALU_col1_fracAdder_add_113_18_g1135/Y       -       A->Y    R     AND2x2_ASAP7_75t_SL            2  2.5    20    23     634    (-,-) 
  addinc_FP32_ALU_col1_fracAdder_add_113_18_g1108/Y       -       A2->Y   F     AOI21x1_ASAP7_75t_SL           1  1.3    28    10     644    (-,-) 
  addinc_FP32_ALU_col1_fracAdder_add_113_18_g1091/Y       -       A->Y    F     AND2x4_ASAP7_75t_SL            3  4.3    15    26     670    (-,-) 
  addinc_FP32_ALU_col1_fracAdder_add_113_18_g1090/Y       -       A->Y    R     INVx4_ASAP7_75t_SL             7  6.6    21    13     683    (-,-) 
  addinc_FP32_ALU_col1_fracAdder_add_113_18_g1072/Y       -       A2->Y   F     AOI21x1_ASAP7_75t_SL           1  1.3    22    10     693    (-,-) 
  addinc_FP32_ALU_col1_fracAdder_add_113_18_g1056/Y       -       B->Y    R     XNOR2xp5_ASAP7_75t_SL          2  1.3    42    22     715    (-,-) 
  g48107/Y                                                -       C->Y    F     NOR3xp33_ASAP7_75t_SL          1  1.5    33    21     736    (-,-) 
  g48103/Y                                                -       C->Y    R     NAND3x1_ASAP7_75t_SL           1  1.3    36    25     761    (-,-) 
  g48101/Y                                                -       B->Y    F     NOR2x1_ASAP7_75t_SL            2  2.2    35    19     780    (-,-) 
  g48100/Y                                                -       A->Y    R     INVx2_ASAP7_75t_SL             1  1.6    18    12     792    (-,-) 
  g48099/Y                                                -       A->Y    F     NOR3x1_ASAP7_75t_SL            1  1.3    30    14     806    (-,-) 
  g48097/Y                                                -       A->Y    F     AND5x2_ASAP7_75t_SL            4  4.8    27    32     837    (-,-) 
  g48092/Y                                                -       A2->Y   R     AOI21x1_ASAP7_75t_SL           2  2.6    40    20     858    (-,-) 
  g30797/Y                                                -       B->Y    F     NAND4xp75_ASAP7_75t_SL         1  1.8    35    18     876    (-,-) 
  g30796/Y                                                -       B->Y    R     NOR2x1p5_ASAP7_75t_SL          2  2.2    28    16     893    (-,-) 
  g30795/Y                                                -       A->Y    F     INVx2_ASAP7_75t_SL             4  3.0    18    12     904    (-,-) 
  g30782/Y                                                -       A2->Y   R     OAI21xp5_ASAP7_75t_SL          1  1.4    38    21     925    (-,-) 
  g30778/Y                                                -       B->Y    F     AOI21x1_ASAP7_75t_SL           2  2.6    38    18     943    (-,-) 
  g48082/Y                                                -       B->Y    R     NAND4xp75_ASAP7_75t_SL         5  3.9    38    23     966    (-,-) 
  g48080/Y                                                -       B->Y    F     NOR2x1_ASAP7_75t_SL            3  3.1    36    23     989    (-,-) 
  g48079/Y                                                -       A2->Y   R     AOI21x1_ASAP7_75t_SL           2  2.7    40    22    1011    (-,-) 
  g48077/Y                                                -       A->Y    F     INVx2_ASAP7_75t_SL             1  0.9    14     7    1018    (-,-) 
  g48072/Y                                                -       A2->Y   F     OA21x2_ASAP7_75t_SL            3  2.0    16    25    1043    (-,-) 
  g48066/Y                                                -       B->Y    R     NAND2xp5_ASAP7_75t_SL          1  0.9    27    13    1056    (-,-) 
  g48064/Y                                                -       A1->Y   F     OAI21xp5_ASAP7_75t_SL          2  2.5    42    24    1080    (-,-) 
  g48062/Y                                                -       A2->Y   R     AOI21x1_ASAP7_75t_SL           1  1.8    34    19    1100    (-,-) 
  g48061/Y                                                -       A->Y    F     NOR2x1p5_ASAP7_75t_SL          2  2.4    24    16    1116    (-,-) 
  g48057/Y                                                -       B->Y    R     NAND2x1p5_ASAP7_75t_SL         3  2.9    28    18    1133    (-,-) 
  g48054/Y                                                -       A->Y    F     INVx2_ASAP7_75t_SL             1  0.9    11     6    1140    (-,-) 
  g48050/Y                                                -       B->Y    R     OAI21xp5_ASAP7_75t_SL          1  1.3    48    12    1152    (-,-) 
  g48045/Y                                                -       B->Y    R     AND2x6_ASAP7_75t_SL           28 25.0    49    44    1196    (-,-) 
  g48037/Y                                                -       A->Y    F     INVx11_ASAP7_75t_SL           27 19.8    28    16    1213    (-,-) 
  g47979/Y                                                -       B1->Y   R     AOI22xp5_ASAP7_75t_SL          2  1.5    46    26    1238    (-,-) 
  g47928/Y                                                -       B2->Y   F     OAI22xp5_ASAP7_75t_L           2  1.4    34    23    1261    (-,-) 
  g47914/Y                                                -       A1->Y   R     AOI22xp5_ASAP7_75t_SL          2  1.7    50    26    1288    (-,-) 
  g47907/Y                                                -       A->Y    F     INVx1_ASAP7_75t_L              1  0.8    19    14    1301    (-,-) 
  g30513/Y                                                -       B1->Y   R     AOI22xp5_ASAP7_75t_SL          2  1.1    37    20    1322    (-,-) 
  g48181/Y                                                -       A->Y    F     INVxp33_ASAP7_75t_SRAM         2  1.3    59    50    1371    (-,-) 
  inc_FP32_ALU_col1_roundingAdder_add_274_18_spec1_g565/Y -       B->Y    F     AND2x2_ASAP7_75t_SL            2  1.5    15    30    1401    (-,-) 
  inc_FP32_ALU_col1_roundingAdder_add_274_18_spec1_g527/Y -       E->Y    F     AND5x1_ASAP7_75t_SL            2  1.8    19    28    1429    (-,-) 
  inc_FP32_ALU_col1_roundingAdder_add_274_18_spec1_g518/Y -       B->Y    F     AND2x4_ASAP7_75t_SL            3  3.2    13    21    1450    (-,-) 
  inc_FP32_ALU_col1_roundingAdder_add_274_18_spec1_g506/Y -       B->Y    R     NAND2x1p5_ASAP7_75t_SL         2  2.3    24    13    1463    (-,-) 
  inc_FP32_ALU_col1_roundingAdder_add_274_18_spec1_g495/Y -       B->Y    F     NOR2x1p5_ASAP7_75t_SL          2  2.3    26    13    1476    (-,-) 
  inc_FP32_ALU_col1_roundingAdder_add_274_18_spec1_g487/Y -       A->Y    R     NAND2x1p5_ASAP7_75t_SL         3  3.5    36    21    1498    (-,-) 
  inc_FP32_ALU_col1_roundingAdder_add_274_18_spec1_g481/Y -       B->Y    F     NOR2x1p5_ASAP7_75t_SL          2  2.4    27    15    1512    (-,-) 
  inc_FP32_ALU_col1_roundingAdder_add_274_18_spec1_g478/Y -       B->Y    R     NAND2x1p5_ASAP7_75t_SL         2  1.9    33    15    1527    (-,-) 
  inc_FP32_ALU_col1_roundingAdder_add_274_18_spec1_g475/Y -       B->Y    F     NOR2x1_ASAP7_75t_SL            2  1.6    27    16    1543    (-,-) 
  inc_FP32_ALU_col1_roundingAdder_add_274_18_spec1_g473/Y -       B->Y    F     AND2x2_ASAP7_75t_SL            2  1.6    14    24    1567    (-,-) 
  inc_FP32_ALU_col1_roundingAdder_add_274_18_spec1_g472/Y -       A->Y    R     INVx1_ASAP7_75t_L              2  2.0    27    18    1584    (-,-) 
  inc_FP32_ALU_col1_roundingAdder_add_274_18_spec1_g469/Y -       B->Y    R     XNOR2xp5_ASAP7_75t_SL          1  0.8    37    19    1603    (-,-) 
  g29249/Y                                                -       A2->Y   F     AOI21xp5_ASAP7_75t_L           2  1.5    33    21    1625    (-,-) 
  g29242/Y                                                -       A->Y    F     OR2x2_ASAP7_75t_SL             1  0.6    12    23    1648    (-,-) 
  g29240/Y                                                -       A->Y    R     NOR2xp33_ASAP7_75t_SL          1  1.4    50    23    1671    (-,-) 
  g29231/Y                                                -       A1->Y   F     AOI21x1_ASAP7_75t_SL          10  7.2    65    35    1706    (-,-) 
  g29228/Y                                                -       B->Y    R     NAND2x1_ASAP7_75t_L            6  7.0    94    61    1767    (-,-) 
  g29217/Y                                                -       A->Y    F     INVx5_ASAP7_75t_SL            18 11.9    42    22    1789    (-,-) 
  g29157/Y                                                -       B1->Y   R     AOI221xp5_ASAP7_75t_SL         1  0.9    68    28    1816    (-,-) 
  PIPE_OUT_col1_stage_reg_reg[0][14]/D                    -       -       R     ASYNC_DFFHx1_ASAP7_75t_SL      1    -     -     0    1816    (-,-) 
#--------------------------------------------------------------------------------------------------------------------------------------------------



Path 22: MET (67 ps) Setup Check with Pin PIPE_OUT_col1_stage_reg_reg[0][13]/CLK->D
           View: PVT_0P63V_100C.setup_view
          Group: clk
     Startpoint: (R) PIPE_3_fix2float_col1_stage_reg_reg[0][28]/CLK
          Clock: (R) clk
       Endpoint: (R) PIPE_OUT_col1_stage_reg_reg[0][13]/D
          Clock: (R) clk

                     Capture       Launch     
        Clock Edge:+    2000            0     
       Src Latency:+       0            0     
       Net Latency:+       0 (I)        0 (I) 
           Arrival:=    2000            0     
                                              
             Setup:-      17                  
       Uncertainty:-     100                  
     Required Time:=    1883                  
      Launch Clock:-       0                  
         Data Path:-    1816                  
             Slack:=      67                  

#--------------------------------------------------------------------------------------------------------------------------------------------------
#                      Timing Point                       Flags    Arc    Edge           Cell             Fanout Load Trans Delay Arrival Instance 
#                                                                                                                (fF)  (ps)  (ps)   (ps)  Location 
#--------------------------------------------------------------------------------------------------------------------------------------------------
  PIPE_3_fix2float_col1_stage_reg_reg[0][28]/CLK          -       -       R     (arrival)                   1073    -     0     0       0    (-,-) 
  PIPE_3_fix2float_col1_stage_reg_reg[0][28]/QN           -       CLK->QN R     ASYNC_DFFHx1_ASAP7_75t_SL      4  3.6    52    64      64    (-,-) 
  g47087/Y                                                -       A->Y    F     INVxp67_ASAP7_75t_SL           2  1.5    30    18      82    (-,-) 
  g47028/Y                                                -       C->Y    F     AO221x1_ASAP7_75t_SL           4  3.9    40    44     126    (-,-) 
  g46945/Y                                                -       B->Y    R     NOR2x1p5_ASAP7_75t_SL          2  1.7    26    15     141    (-,-) 
  g46728/Y                                                -       A2->Y   F     OAI21xp5_ASAP7_75t_SL          1  0.8    26    13     154    (-,-) 
  g46711/Y                                                -       A->Y    R     NAND2xp5_ASAP7_75t_SL          1  1.2    29    19     173    (-,-) 
  g46649/Y                                                -       B->Y    F     AOI211x1_ASAP7_75t_SL          2  2.0    47    18     190    (-,-) 
  g46609__9315/Y                                          -       C->Y    F     OA221x2_ASAP7_75t_SL           8  6.5    36    46     236    (-,-) 
  g46587/Y                                                -       A->Y    F     BUFx12f_ASAP7_75t_SL          14 11.9    16    25     261    (-,-) 
  g46506__4733/Y                                          -       B2->Y   R     OAI22xp5_ASAP7_75t_SL          2  1.6    46    23     284    (-,-) 
  g46353__2802/Y                                          -       B->Y    F     NOR2xp67_ASAP7_75t_SL          1  0.8    23    15     300    (-,-) 
  g46317__2802/Y                                          -       B->Y    F     AND2x2_ASAP7_75t_SL            2  2.5    17    25     324    (-,-) 
  g46303__7410/Y                                          -       B->Y    R     NAND2x1p5_ASAP7_75t_SL         2  2.1    23    14     338    (-,-) 
  g46208__4319/Y                                          -       A2->Y   F     AOI21x1_ASAP7_75t_SL           1  1.3    22    10     348    (-,-) 
  g46203__6417/Y                                          -       A->Y    F     AND2x6_ASAP7_75t_SL           22 17.0    29    36     384    (-,-) 
  g46159__7482/Y                                          -       A->Y    R     NAND2x2_ASAP7_75t_SL          12  9.2    58    34     417    (-,-) 
  g46145/Y                                                -       A->Y    F     INVx1_ASAP7_75t_SL             2  2.5    34    20     437    (-,-) 
  g46038__1881/Y                                          -       B1->Y   R     AOI22x1_ASAP7_75t_SL           2  1.5    39    19     456    (-,-) 
  g45935__9315/Y                                          -       B2->Y   R     OA22x2_ASAP7_75t_SL            2  1.6    16    24     480    (-,-) 
  g45928/Y                                                -       A->Y    F     INVx1_ASAP7_75t_L              1  0.7    11     9     489    (-,-) 
  g45888__1617/Y                                          -       A2->Y   F     AO22x1_ASAP7_75t_SL            2  2.0    24    29     518    (-,-) 
  g45823__4319/Y                                          -       B1->Y   R     AOI22x1_ASAP7_75t_SL           1  1.3    32    17     535    (-,-) 
  g45771__2802/Y                                          -       B->Y    R     XOR2xp5_ASAP7_75t_SL           2  2.0    55    34     569    (-,-) 
  addinc_FP32_ALU_col1_fracAdder_add_113_18_g1294/Y       -       B->Y    F     NOR2x1_ASAP7_75t_SL            3  2.5    43    23     591    (-,-) 
  addinc_FP32_ALU_col1_fracAdder_add_113_18_g1214/Y       -       B->Y    R     NOR2x1_ASAP7_75t_SL            3  2.1    35    20     611    (-,-) 
  addinc_FP32_ALU_col1_fracAdder_add_113_18_g1135/Y       -       A->Y    R     AND2x2_ASAP7_75t_SL            2  2.5    20    23     634    (-,-) 
  addinc_FP32_ALU_col1_fracAdder_add_113_18_g1108/Y       -       A2->Y   F     AOI21x1_ASAP7_75t_SL           1  1.3    28    10     644    (-,-) 
  addinc_FP32_ALU_col1_fracAdder_add_113_18_g1091/Y       -       A->Y    F     AND2x4_ASAP7_75t_SL            3  4.3    15    26     670    (-,-) 
  addinc_FP32_ALU_col1_fracAdder_add_113_18_g1090/Y       -       A->Y    R     INVx4_ASAP7_75t_SL             7  6.6    21    13     683    (-,-) 
  addinc_FP32_ALU_col1_fracAdder_add_113_18_g1072/Y       -       A2->Y   F     AOI21x1_ASAP7_75t_SL           1  1.3    22    10     693    (-,-) 
  addinc_FP32_ALU_col1_fracAdder_add_113_18_g1056/Y       -       B->Y    R     XNOR2xp5_ASAP7_75t_SL          2  1.3    42    22     715    (-,-) 
  g48107/Y                                                -       C->Y    F     NOR3xp33_ASAP7_75t_SL          1  1.5    33    21     736    (-,-) 
  g48103/Y                                                -       C->Y    R     NAND3x1_ASAP7_75t_SL           1  1.3    36    25     761    (-,-) 
  g48101/Y                                                -       B->Y    F     NOR2x1_ASAP7_75t_SL            2  2.2    35    19     780    (-,-) 
  g48100/Y                                                -       A->Y    R     INVx2_ASAP7_75t_SL             1  1.6    18    12     792    (-,-) 
  g48099/Y                                                -       A->Y    F     NOR3x1_ASAP7_75t_SL            1  1.3    30    14     806    (-,-) 
  g48097/Y                                                -       A->Y    F     AND5x2_ASAP7_75t_SL            4  4.8    27    32     837    (-,-) 
  g48092/Y                                                -       A2->Y   R     AOI21x1_ASAP7_75t_SL           2  2.6    40    20     858    (-,-) 
  g30797/Y                                                -       B->Y    F     NAND4xp75_ASAP7_75t_SL         1  1.8    35    18     876    (-,-) 
  g30796/Y                                                -       B->Y    R     NOR2x1p5_ASAP7_75t_SL          2  2.2    28    16     893    (-,-) 
  g30795/Y                                                -       A->Y    F     INVx2_ASAP7_75t_SL             4  3.0    18    12     904    (-,-) 
  g30782/Y                                                -       A2->Y   R     OAI21xp5_ASAP7_75t_SL          1  1.4    38    21     925    (-,-) 
  g30778/Y                                                -       B->Y    F     AOI21x1_ASAP7_75t_SL           2  2.6    38    18     943    (-,-) 
  g48082/Y                                                -       B->Y    R     NAND4xp75_ASAP7_75t_SL         5  3.9    38    23     966    (-,-) 
  g48080/Y                                                -       B->Y    F     NOR2x1_ASAP7_75t_SL            3  3.1    36    23     989    (-,-) 
  g48079/Y                                                -       A2->Y   R     AOI21x1_ASAP7_75t_SL           2  2.7    40    22    1011    (-,-) 
  g48077/Y                                                -       A->Y    F     INVx2_ASAP7_75t_SL             1  0.9    14     7    1018    (-,-) 
  g48072/Y                                                -       A2->Y   F     OA21x2_ASAP7_75t_SL            3  2.0    16    25    1043    (-,-) 
  g48066/Y                                                -       B->Y    R     NAND2xp5_ASAP7_75t_SL          1  0.9    27    13    1056    (-,-) 
  g48064/Y                                                -       A1->Y   F     OAI21xp5_ASAP7_75t_SL          2  2.5    42    24    1080    (-,-) 
  g48062/Y                                                -       A2->Y   R     AOI21x1_ASAP7_75t_SL           1  1.8    34    19    1100    (-,-) 
  g48061/Y                                                -       A->Y    F     NOR2x1p5_ASAP7_75t_SL          2  2.4    24    16    1116    (-,-) 
  g48057/Y                                                -       B->Y    R     NAND2x1p5_ASAP7_75t_SL         3  2.9    28    18    1133    (-,-) 
  g48054/Y                                                -       A->Y    F     INVx2_ASAP7_75t_SL             1  0.9    11     6    1140    (-,-) 
  g48050/Y                                                -       B->Y    R     OAI21xp5_ASAP7_75t_SL          1  1.3    48    12    1152    (-,-) 
  g48045/Y                                                -       B->Y    R     AND2x6_ASAP7_75t_SL           28 25.0    49    44    1196    (-,-) 
  g48037/Y                                                -       A->Y    F     INVx11_ASAP7_75t_SL           27 19.8    28    16    1213    (-,-) 
  g47979/Y                                                -       B1->Y   R     AOI22xp5_ASAP7_75t_SL          2  1.5    46    26    1238    (-,-) 
  g47928/Y                                                -       B2->Y   F     OAI22xp5_ASAP7_75t_L           2  1.4    34    23    1261    (-,-) 
  g47914/Y                                                -       A1->Y   R     AOI22xp5_ASAP7_75t_SL          2  1.7    50    26    1288    (-,-) 
  g47907/Y                                                -       A->Y    F     INVx1_ASAP7_75t_L              1  0.8    19    14    1301    (-,-) 
  g30513/Y                                                -       B1->Y   R     AOI22xp5_ASAP7_75t_SL          2  1.1    37    20    1322    (-,-) 
  g48181/Y                                                -       A->Y    F     INVxp33_ASAP7_75t_SRAM         2  1.3    59    50    1371    (-,-) 
  inc_FP32_ALU_col1_roundingAdder_add_274_18_spec1_g565/Y -       B->Y    F     AND2x2_ASAP7_75t_SL            2  1.5    15    30    1401    (-,-) 
  inc_FP32_ALU_col1_roundingAdder_add_274_18_spec1_g527/Y -       E->Y    F     AND5x1_ASAP7_75t_SL            2  1.8    19    28    1429    (-,-) 
  inc_FP32_ALU_col1_roundingAdder_add_274_18_spec1_g518/Y -       B->Y    F     AND2x4_ASAP7_75t_SL            3  3.2    13    21    1450    (-,-) 
  inc_FP32_ALU_col1_roundingAdder_add_274_18_spec1_g506/Y -       B->Y    R     NAND2x1p5_ASAP7_75t_SL         2  2.3    24    13    1463    (-,-) 
  inc_FP32_ALU_col1_roundingAdder_add_274_18_spec1_g495/Y -       B->Y    F     NOR2x1p5_ASAP7_75t_SL          2  2.3    26    13    1476    (-,-) 
  inc_FP32_ALU_col1_roundingAdder_add_274_18_spec1_g487/Y -       A->Y    R     NAND2x1p5_ASAP7_75t_SL         3  3.5    36    21    1498    (-,-) 
  inc_FP32_ALU_col1_roundingAdder_add_274_18_spec1_g481/Y -       B->Y    F     NOR2x1p5_ASAP7_75t_SL          2  2.4    27    15    1512    (-,-) 
  inc_FP32_ALU_col1_roundingAdder_add_274_18_spec1_g478/Y -       B->Y    R     NAND2x1p5_ASAP7_75t_SL         2  1.9    33    15    1527    (-,-) 
  inc_FP32_ALU_col1_roundingAdder_add_274_18_spec1_g475/Y -       B->Y    F     NOR2x1_ASAP7_75t_SL            2  1.6    27    16    1543    (-,-) 
  inc_FP32_ALU_col1_roundingAdder_add_274_18_spec1_g473/Y -       B->Y    F     AND2x2_ASAP7_75t_SL            2  1.6    14    24    1567    (-,-) 
  inc_FP32_ALU_col1_roundingAdder_add_274_18_spec1_g472/Y -       A->Y    R     INVx1_ASAP7_75t_L              2  2.0    27    18    1584    (-,-) 
  inc_FP32_ALU_col1_roundingAdder_add_274_18_spec1_g469/Y -       B->Y    R     XNOR2xp5_ASAP7_75t_SL          1  0.8    37    19    1603    (-,-) 
  g29249/Y                                                -       A2->Y   F     AOI21xp5_ASAP7_75t_L           2  1.5    33    21    1625    (-,-) 
  g29242/Y                                                -       A->Y    F     OR2x2_ASAP7_75t_SL             1  0.6    12    23    1648    (-,-) 
  g29240/Y                                                -       A->Y    R     NOR2xp33_ASAP7_75t_SL          1  1.4    50    23    1671    (-,-) 
  g29231/Y                                                -       A1->Y   F     AOI21x1_ASAP7_75t_SL          10  7.2    65    35    1706    (-,-) 
  g29228/Y                                                -       B->Y    R     NAND2x1_ASAP7_75t_L            6  7.0    94    61    1767    (-,-) 
  g29217/Y                                                -       A->Y    F     INVx5_ASAP7_75t_SL            18 11.9    42    22    1789    (-,-) 
  g29147/Y                                                -       B1->Y   R     AOI221xp5_ASAP7_75t_SL         1  0.9    68    28    1816    (-,-) 
  PIPE_OUT_col1_stage_reg_reg[0][13]/D                    -       -       R     ASYNC_DFFHx1_ASAP7_75t_SL      1    -     -     0    1816    (-,-) 
#--------------------------------------------------------------------------------------------------------------------------------------------------



Path 23: MET (67 ps) Setup Check with Pin PIPE_OUT_col1_stage_reg_reg[0][12]/CLK->D
           View: PVT_0P63V_100C.setup_view
          Group: clk
     Startpoint: (R) PIPE_3_fix2float_col1_stage_reg_reg[0][28]/CLK
          Clock: (R) clk
       Endpoint: (R) PIPE_OUT_col1_stage_reg_reg[0][12]/D
          Clock: (R) clk

                     Capture       Launch     
        Clock Edge:+    2000            0     
       Src Latency:+       0            0     
       Net Latency:+       0 (I)        0 (I) 
           Arrival:=    2000            0     
                                              
             Setup:-      17                  
       Uncertainty:-     100                  
     Required Time:=    1883                  
      Launch Clock:-       0                  
         Data Path:-    1816                  
             Slack:=      67                  

#--------------------------------------------------------------------------------------------------------------------------------------------------
#                      Timing Point                       Flags    Arc    Edge           Cell             Fanout Load Trans Delay Arrival Instance 
#                                                                                                                (fF)  (ps)  (ps)   (ps)  Location 
#--------------------------------------------------------------------------------------------------------------------------------------------------
  PIPE_3_fix2float_col1_stage_reg_reg[0][28]/CLK          -       -       R     (arrival)                   1073    -     0     0       0    (-,-) 
  PIPE_3_fix2float_col1_stage_reg_reg[0][28]/QN           -       CLK->QN R     ASYNC_DFFHx1_ASAP7_75t_SL      4  3.6    52    64      64    (-,-) 
  g47087/Y                                                -       A->Y    F     INVxp67_ASAP7_75t_SL           2  1.5    30    18      82    (-,-) 
  g47028/Y                                                -       C->Y    F     AO221x1_ASAP7_75t_SL           4  3.9    40    44     126    (-,-) 
  g46945/Y                                                -       B->Y    R     NOR2x1p5_ASAP7_75t_SL          2  1.7    26    15     141    (-,-) 
  g46728/Y                                                -       A2->Y   F     OAI21xp5_ASAP7_75t_SL          1  0.8    26    13     154    (-,-) 
  g46711/Y                                                -       A->Y    R     NAND2xp5_ASAP7_75t_SL          1  1.2    29    19     173    (-,-) 
  g46649/Y                                                -       B->Y    F     AOI211x1_ASAP7_75t_SL          2  2.0    47    18     190    (-,-) 
  g46609__9315/Y                                          -       C->Y    F     OA221x2_ASAP7_75t_SL           8  6.5    36    46     236    (-,-) 
  g46587/Y                                                -       A->Y    F     BUFx12f_ASAP7_75t_SL          14 11.9    16    25     261    (-,-) 
  g46506__4733/Y                                          -       B2->Y   R     OAI22xp5_ASAP7_75t_SL          2  1.6    46    23     284    (-,-) 
  g46353__2802/Y                                          -       B->Y    F     NOR2xp67_ASAP7_75t_SL          1  0.8    23    15     300    (-,-) 
  g46317__2802/Y                                          -       B->Y    F     AND2x2_ASAP7_75t_SL            2  2.5    17    25     324    (-,-) 
  g46303__7410/Y                                          -       B->Y    R     NAND2x1p5_ASAP7_75t_SL         2  2.1    23    14     338    (-,-) 
  g46208__4319/Y                                          -       A2->Y   F     AOI21x1_ASAP7_75t_SL           1  1.3    22    10     348    (-,-) 
  g46203__6417/Y                                          -       A->Y    F     AND2x6_ASAP7_75t_SL           22 17.0    29    36     384    (-,-) 
  g46159__7482/Y                                          -       A->Y    R     NAND2x2_ASAP7_75t_SL          12  9.2    58    34     417    (-,-) 
  g46145/Y                                                -       A->Y    F     INVx1_ASAP7_75t_SL             2  2.5    34    20     437    (-,-) 
  g46038__1881/Y                                          -       B1->Y   R     AOI22x1_ASAP7_75t_SL           2  1.5    39    19     456    (-,-) 
  g45935__9315/Y                                          -       B2->Y   R     OA22x2_ASAP7_75t_SL            2  1.6    16    24     480    (-,-) 
  g45928/Y                                                -       A->Y    F     INVx1_ASAP7_75t_L              1  0.7    11     9     489    (-,-) 
  g45888__1617/Y                                          -       A2->Y   F     AO22x1_ASAP7_75t_SL            2  2.0    24    29     518    (-,-) 
  g45823__4319/Y                                          -       B1->Y   R     AOI22x1_ASAP7_75t_SL           1  1.3    32    17     535    (-,-) 
  g45771__2802/Y                                          -       B->Y    R     XOR2xp5_ASAP7_75t_SL           2  2.0    55    34     569    (-,-) 
  addinc_FP32_ALU_col1_fracAdder_add_113_18_g1294/Y       -       B->Y    F     NOR2x1_ASAP7_75t_SL            3  2.5    43    23     591    (-,-) 
  addinc_FP32_ALU_col1_fracAdder_add_113_18_g1214/Y       -       B->Y    R     NOR2x1_ASAP7_75t_SL            3  2.1    35    20     611    (-,-) 
  addinc_FP32_ALU_col1_fracAdder_add_113_18_g1135/Y       -       A->Y    R     AND2x2_ASAP7_75t_SL            2  2.5    20    23     634    (-,-) 
  addinc_FP32_ALU_col1_fracAdder_add_113_18_g1108/Y       -       A2->Y   F     AOI21x1_ASAP7_75t_SL           1  1.3    28    10     644    (-,-) 
  addinc_FP32_ALU_col1_fracAdder_add_113_18_g1091/Y       -       A->Y    F     AND2x4_ASAP7_75t_SL            3  4.3    15    26     670    (-,-) 
  addinc_FP32_ALU_col1_fracAdder_add_113_18_g1090/Y       -       A->Y    R     INVx4_ASAP7_75t_SL             7  6.6    21    13     683    (-,-) 
  addinc_FP32_ALU_col1_fracAdder_add_113_18_g1072/Y       -       A2->Y   F     AOI21x1_ASAP7_75t_SL           1  1.3    22    10     693    (-,-) 
  addinc_FP32_ALU_col1_fracAdder_add_113_18_g1056/Y       -       B->Y    R     XNOR2xp5_ASAP7_75t_SL          2  1.3    42    22     715    (-,-) 
  g48107/Y                                                -       C->Y    F     NOR3xp33_ASAP7_75t_SL          1  1.5    33    21     736    (-,-) 
  g48103/Y                                                -       C->Y    R     NAND3x1_ASAP7_75t_SL           1  1.3    36    25     761    (-,-) 
  g48101/Y                                                -       B->Y    F     NOR2x1_ASAP7_75t_SL            2  2.2    35    19     780    (-,-) 
  g48100/Y                                                -       A->Y    R     INVx2_ASAP7_75t_SL             1  1.6    18    12     792    (-,-) 
  g48099/Y                                                -       A->Y    F     NOR3x1_ASAP7_75t_SL            1  1.3    30    14     806    (-,-) 
  g48097/Y                                                -       A->Y    F     AND5x2_ASAP7_75t_SL            4  4.8    27    32     837    (-,-) 
  g48092/Y                                                -       A2->Y   R     AOI21x1_ASAP7_75t_SL           2  2.6    40    20     858    (-,-) 
  g30797/Y                                                -       B->Y    F     NAND4xp75_ASAP7_75t_SL         1  1.8    35    18     876    (-,-) 
  g30796/Y                                                -       B->Y    R     NOR2x1p5_ASAP7_75t_SL          2  2.2    28    16     893    (-,-) 
  g30795/Y                                                -       A->Y    F     INVx2_ASAP7_75t_SL             4  3.0    18    12     904    (-,-) 
  g30782/Y                                                -       A2->Y   R     OAI21xp5_ASAP7_75t_SL          1  1.4    38    21     925    (-,-) 
  g30778/Y                                                -       B->Y    F     AOI21x1_ASAP7_75t_SL           2  2.6    38    18     943    (-,-) 
  g48082/Y                                                -       B->Y    R     NAND4xp75_ASAP7_75t_SL         5  3.9    38    23     966    (-,-) 
  g48080/Y                                                -       B->Y    F     NOR2x1_ASAP7_75t_SL            3  3.1    36    23     989    (-,-) 
  g48079/Y                                                -       A2->Y   R     AOI21x1_ASAP7_75t_SL           2  2.7    40    22    1011    (-,-) 
  g48077/Y                                                -       A->Y    F     INVx2_ASAP7_75t_SL             1  0.9    14     7    1018    (-,-) 
  g48072/Y                                                -       A2->Y   F     OA21x2_ASAP7_75t_SL            3  2.0    16    25    1043    (-,-) 
  g48066/Y                                                -       B->Y    R     NAND2xp5_ASAP7_75t_SL          1  0.9    27    13    1056    (-,-) 
  g48064/Y                                                -       A1->Y   F     OAI21xp5_ASAP7_75t_SL          2  2.5    42    24    1080    (-,-) 
  g48062/Y                                                -       A2->Y   R     AOI21x1_ASAP7_75t_SL           1  1.8    34    19    1100    (-,-) 
  g48061/Y                                                -       A->Y    F     NOR2x1p5_ASAP7_75t_SL          2  2.4    24    16    1116    (-,-) 
  g48057/Y                                                -       B->Y    R     NAND2x1p5_ASAP7_75t_SL         3  2.9    28    18    1133    (-,-) 
  g48054/Y                                                -       A->Y    F     INVx2_ASAP7_75t_SL             1  0.9    11     6    1140    (-,-) 
  g48050/Y                                                -       B->Y    R     OAI21xp5_ASAP7_75t_SL          1  1.3    48    12    1152    (-,-) 
  g48045/Y                                                -       B->Y    R     AND2x6_ASAP7_75t_SL           28 25.0    49    44    1196    (-,-) 
  g48037/Y                                                -       A->Y    F     INVx11_ASAP7_75t_SL           27 19.8    28    16    1213    (-,-) 
  g47979/Y                                                -       B1->Y   R     AOI22xp5_ASAP7_75t_SL          2  1.5    46    26    1238    (-,-) 
  g47928/Y                                                -       B2->Y   F     OAI22xp5_ASAP7_75t_L           2  1.4    34    23    1261    (-,-) 
  g47914/Y                                                -       A1->Y   R     AOI22xp5_ASAP7_75t_SL          2  1.7    50    26    1288    (-,-) 
  g47907/Y                                                -       A->Y    F     INVx1_ASAP7_75t_L              1  0.8    19    14    1301    (-,-) 
  g30513/Y                                                -       B1->Y   R     AOI22xp5_ASAP7_75t_SL          2  1.1    37    20    1322    (-,-) 
  g48181/Y                                                -       A->Y    F     INVxp33_ASAP7_75t_SRAM         2  1.3    59    50    1371    (-,-) 
  inc_FP32_ALU_col1_roundingAdder_add_274_18_spec1_g565/Y -       B->Y    F     AND2x2_ASAP7_75t_SL            2  1.5    15    30    1401    (-,-) 
  inc_FP32_ALU_col1_roundingAdder_add_274_18_spec1_g527/Y -       E->Y    F     AND5x1_ASAP7_75t_SL            2  1.8    19    28    1429    (-,-) 
  inc_FP32_ALU_col1_roundingAdder_add_274_18_spec1_g518/Y -       B->Y    F     AND2x4_ASAP7_75t_SL            3  3.2    13    21    1450    (-,-) 
  inc_FP32_ALU_col1_roundingAdder_add_274_18_spec1_g506/Y -       B->Y    R     NAND2x1p5_ASAP7_75t_SL         2  2.3    24    13    1463    (-,-) 
  inc_FP32_ALU_col1_roundingAdder_add_274_18_spec1_g495/Y -       B->Y    F     NOR2x1p5_ASAP7_75t_SL          2  2.3    26    13    1476    (-,-) 
  inc_FP32_ALU_col1_roundingAdder_add_274_18_spec1_g487/Y -       A->Y    R     NAND2x1p5_ASAP7_75t_SL         3  3.5    36    21    1498    (-,-) 
  inc_FP32_ALU_col1_roundingAdder_add_274_18_spec1_g481/Y -       B->Y    F     NOR2x1p5_ASAP7_75t_SL          2  2.4    27    15    1512    (-,-) 
  inc_FP32_ALU_col1_roundingAdder_add_274_18_spec1_g478/Y -       B->Y    R     NAND2x1p5_ASAP7_75t_SL         2  1.9    33    15    1527    (-,-) 
  inc_FP32_ALU_col1_roundingAdder_add_274_18_spec1_g475/Y -       B->Y    F     NOR2x1_ASAP7_75t_SL            2  1.6    27    16    1543    (-,-) 
  inc_FP32_ALU_col1_roundingAdder_add_274_18_spec1_g473/Y -       B->Y    F     AND2x2_ASAP7_75t_SL            2  1.6    14    24    1567    (-,-) 
  inc_FP32_ALU_col1_roundingAdder_add_274_18_spec1_g472/Y -       A->Y    R     INVx1_ASAP7_75t_L              2  2.0    27    18    1584    (-,-) 
  inc_FP32_ALU_col1_roundingAdder_add_274_18_spec1_g469/Y -       B->Y    R     XNOR2xp5_ASAP7_75t_SL          1  0.8    37    19    1603    (-,-) 
  g29249/Y                                                -       A2->Y   F     AOI21xp5_ASAP7_75t_L           2  1.5    33    21    1625    (-,-) 
  g29242/Y                                                -       A->Y    F     OR2x2_ASAP7_75t_SL             1  0.6    12    23    1648    (-,-) 
  g29240/Y                                                -       A->Y    R     NOR2xp33_ASAP7_75t_SL          1  1.4    50    23    1671    (-,-) 
  g29231/Y                                                -       A1->Y   F     AOI21x1_ASAP7_75t_SL          10  7.2    65    35    1706    (-,-) 
  g29228/Y                                                -       B->Y    R     NAND2x1_ASAP7_75t_L            6  7.0    94    61    1767    (-,-) 
  g29217/Y                                                -       A->Y    F     INVx5_ASAP7_75t_SL            18 11.9    42    22    1789    (-,-) 
  g29155/Y                                                -       B1->Y   R     AOI221xp5_ASAP7_75t_SL         1  0.9    68    28    1816    (-,-) 
  PIPE_OUT_col1_stage_reg_reg[0][12]/D                    -       -       R     ASYNC_DFFHx1_ASAP7_75t_SL      1    -     -     0    1816    (-,-) 
#--------------------------------------------------------------------------------------------------------------------------------------------------



Path 24: MET (67 ps) Setup Check with Pin PIPE_OUT_col1_stage_reg_reg[0][11]/CLK->D
           View: PVT_0P63V_100C.setup_view
          Group: clk
     Startpoint: (R) PIPE_3_fix2float_col1_stage_reg_reg[0][28]/CLK
          Clock: (R) clk
       Endpoint: (R) PIPE_OUT_col1_stage_reg_reg[0][11]/D
          Clock: (R) clk

                     Capture       Launch     
        Clock Edge:+    2000            0     
       Src Latency:+       0            0     
       Net Latency:+       0 (I)        0 (I) 
           Arrival:=    2000            0     
                                              
             Setup:-      17                  
       Uncertainty:-     100                  
     Required Time:=    1883                  
      Launch Clock:-       0                  
         Data Path:-    1816                  
             Slack:=      67                  

#--------------------------------------------------------------------------------------------------------------------------------------------------
#                      Timing Point                       Flags    Arc    Edge           Cell             Fanout Load Trans Delay Arrival Instance 
#                                                                                                                (fF)  (ps)  (ps)   (ps)  Location 
#--------------------------------------------------------------------------------------------------------------------------------------------------
  PIPE_3_fix2float_col1_stage_reg_reg[0][28]/CLK          -       -       R     (arrival)                   1073    -     0     0       0    (-,-) 
  PIPE_3_fix2float_col1_stage_reg_reg[0][28]/QN           -       CLK->QN R     ASYNC_DFFHx1_ASAP7_75t_SL      4  3.6    52    64      64    (-,-) 
  g47087/Y                                                -       A->Y    F     INVxp67_ASAP7_75t_SL           2  1.5    30    18      82    (-,-) 
  g47028/Y                                                -       C->Y    F     AO221x1_ASAP7_75t_SL           4  3.9    40    44     126    (-,-) 
  g46945/Y                                                -       B->Y    R     NOR2x1p5_ASAP7_75t_SL          2  1.7    26    15     141    (-,-) 
  g46728/Y                                                -       A2->Y   F     OAI21xp5_ASAP7_75t_SL          1  0.8    26    13     154    (-,-) 
  g46711/Y                                                -       A->Y    R     NAND2xp5_ASAP7_75t_SL          1  1.2    29    19     173    (-,-) 
  g46649/Y                                                -       B->Y    F     AOI211x1_ASAP7_75t_SL          2  2.0    47    18     190    (-,-) 
  g46609__9315/Y                                          -       C->Y    F     OA221x2_ASAP7_75t_SL           8  6.5    36    46     236    (-,-) 
  g46587/Y                                                -       A->Y    F     BUFx12f_ASAP7_75t_SL          14 11.9    16    25     261    (-,-) 
  g46506__4733/Y                                          -       B2->Y   R     OAI22xp5_ASAP7_75t_SL          2  1.6    46    23     284    (-,-) 
  g46353__2802/Y                                          -       B->Y    F     NOR2xp67_ASAP7_75t_SL          1  0.8    23    15     300    (-,-) 
  g46317__2802/Y                                          -       B->Y    F     AND2x2_ASAP7_75t_SL            2  2.5    17    25     324    (-,-) 
  g46303__7410/Y                                          -       B->Y    R     NAND2x1p5_ASAP7_75t_SL         2  2.1    23    14     338    (-,-) 
  g46208__4319/Y                                          -       A2->Y   F     AOI21x1_ASAP7_75t_SL           1  1.3    22    10     348    (-,-) 
  g46203__6417/Y                                          -       A->Y    F     AND2x6_ASAP7_75t_SL           22 17.0    29    36     384    (-,-) 
  g46159__7482/Y                                          -       A->Y    R     NAND2x2_ASAP7_75t_SL          12  9.2    58    34     417    (-,-) 
  g46145/Y                                                -       A->Y    F     INVx1_ASAP7_75t_SL             2  2.5    34    20     437    (-,-) 
  g46038__1881/Y                                          -       B1->Y   R     AOI22x1_ASAP7_75t_SL           2  1.5    39    19     456    (-,-) 
  g45935__9315/Y                                          -       B2->Y   R     OA22x2_ASAP7_75t_SL            2  1.6    16    24     480    (-,-) 
  g45928/Y                                                -       A->Y    F     INVx1_ASAP7_75t_L              1  0.7    11     9     489    (-,-) 
  g45888__1617/Y                                          -       A2->Y   F     AO22x1_ASAP7_75t_SL            2  2.0    24    29     518    (-,-) 
  g45823__4319/Y                                          -       B1->Y   R     AOI22x1_ASAP7_75t_SL           1  1.3    32    17     535    (-,-) 
  g45771__2802/Y                                          -       B->Y    R     XOR2xp5_ASAP7_75t_SL           2  2.0    55    34     569    (-,-) 
  addinc_FP32_ALU_col1_fracAdder_add_113_18_g1294/Y       -       B->Y    F     NOR2x1_ASAP7_75t_SL            3  2.5    43    23     591    (-,-) 
  addinc_FP32_ALU_col1_fracAdder_add_113_18_g1214/Y       -       B->Y    R     NOR2x1_ASAP7_75t_SL            3  2.1    35    20     611    (-,-) 
  addinc_FP32_ALU_col1_fracAdder_add_113_18_g1135/Y       -       A->Y    R     AND2x2_ASAP7_75t_SL            2  2.5    20    23     634    (-,-) 
  addinc_FP32_ALU_col1_fracAdder_add_113_18_g1108/Y       -       A2->Y   F     AOI21x1_ASAP7_75t_SL           1  1.3    28    10     644    (-,-) 
  addinc_FP32_ALU_col1_fracAdder_add_113_18_g1091/Y       -       A->Y    F     AND2x4_ASAP7_75t_SL            3  4.3    15    26     670    (-,-) 
  addinc_FP32_ALU_col1_fracAdder_add_113_18_g1090/Y       -       A->Y    R     INVx4_ASAP7_75t_SL             7  6.6    21    13     683    (-,-) 
  addinc_FP32_ALU_col1_fracAdder_add_113_18_g1072/Y       -       A2->Y   F     AOI21x1_ASAP7_75t_SL           1  1.3    22    10     693    (-,-) 
  addinc_FP32_ALU_col1_fracAdder_add_113_18_g1056/Y       -       B->Y    R     XNOR2xp5_ASAP7_75t_SL          2  1.3    42    22     715    (-,-) 
  g48107/Y                                                -       C->Y    F     NOR3xp33_ASAP7_75t_SL          1  1.5    33    21     736    (-,-) 
  g48103/Y                                                -       C->Y    R     NAND3x1_ASAP7_75t_SL           1  1.3    36    25     761    (-,-) 
  g48101/Y                                                -       B->Y    F     NOR2x1_ASAP7_75t_SL            2  2.2    35    19     780    (-,-) 
  g48100/Y                                                -       A->Y    R     INVx2_ASAP7_75t_SL             1  1.6    18    12     792    (-,-) 
  g48099/Y                                                -       A->Y    F     NOR3x1_ASAP7_75t_SL            1  1.3    30    14     806    (-,-) 
  g48097/Y                                                -       A->Y    F     AND5x2_ASAP7_75t_SL            4  4.8    27    32     837    (-,-) 
  g48092/Y                                                -       A2->Y   R     AOI21x1_ASAP7_75t_SL           2  2.6    40    20     858    (-,-) 
  g30797/Y                                                -       B->Y    F     NAND4xp75_ASAP7_75t_SL         1  1.8    35    18     876    (-,-) 
  g30796/Y                                                -       B->Y    R     NOR2x1p5_ASAP7_75t_SL          2  2.2    28    16     893    (-,-) 
  g30795/Y                                                -       A->Y    F     INVx2_ASAP7_75t_SL             4  3.0    18    12     904    (-,-) 
  g30782/Y                                                -       A2->Y   R     OAI21xp5_ASAP7_75t_SL          1  1.4    38    21     925    (-,-) 
  g30778/Y                                                -       B->Y    F     AOI21x1_ASAP7_75t_SL           2  2.6    38    18     943    (-,-) 
  g48082/Y                                                -       B->Y    R     NAND4xp75_ASAP7_75t_SL         5  3.9    38    23     966    (-,-) 
  g48080/Y                                                -       B->Y    F     NOR2x1_ASAP7_75t_SL            3  3.1    36    23     989    (-,-) 
  g48079/Y                                                -       A2->Y   R     AOI21x1_ASAP7_75t_SL           2  2.7    40    22    1011    (-,-) 
  g48077/Y                                                -       A->Y    F     INVx2_ASAP7_75t_SL             1  0.9    14     7    1018    (-,-) 
  g48072/Y                                                -       A2->Y   F     OA21x2_ASAP7_75t_SL            3  2.0    16    25    1043    (-,-) 
  g48066/Y                                                -       B->Y    R     NAND2xp5_ASAP7_75t_SL          1  0.9    27    13    1056    (-,-) 
  g48064/Y                                                -       A1->Y   F     OAI21xp5_ASAP7_75t_SL          2  2.5    42    24    1080    (-,-) 
  g48062/Y                                                -       A2->Y   R     AOI21x1_ASAP7_75t_SL           1  1.8    34    19    1100    (-,-) 
  g48061/Y                                                -       A->Y    F     NOR2x1p5_ASAP7_75t_SL          2  2.4    24    16    1116    (-,-) 
  g48057/Y                                                -       B->Y    R     NAND2x1p5_ASAP7_75t_SL         3  2.9    28    18    1133    (-,-) 
  g48054/Y                                                -       A->Y    F     INVx2_ASAP7_75t_SL             1  0.9    11     6    1140    (-,-) 
  g48050/Y                                                -       B->Y    R     OAI21xp5_ASAP7_75t_SL          1  1.3    48    12    1152    (-,-) 
  g48045/Y                                                -       B->Y    R     AND2x6_ASAP7_75t_SL           28 25.0    49    44    1196    (-,-) 
  g48037/Y                                                -       A->Y    F     INVx11_ASAP7_75t_SL           27 19.8    28    16    1213    (-,-) 
  g47979/Y                                                -       B1->Y   R     AOI22xp5_ASAP7_75t_SL          2  1.5    46    26    1238    (-,-) 
  g47928/Y                                                -       B2->Y   F     OAI22xp5_ASAP7_75t_L           2  1.4    34    23    1261    (-,-) 
  g47914/Y                                                -       A1->Y   R     AOI22xp5_ASAP7_75t_SL          2  1.7    50    26    1288    (-,-) 
  g47907/Y                                                -       A->Y    F     INVx1_ASAP7_75t_L              1  0.8    19    14    1301    (-,-) 
  g30513/Y                                                -       B1->Y   R     AOI22xp5_ASAP7_75t_SL          2  1.1    37    20    1322    (-,-) 
  g48181/Y                                                -       A->Y    F     INVxp33_ASAP7_75t_SRAM         2  1.3    59    50    1371    (-,-) 
  inc_FP32_ALU_col1_roundingAdder_add_274_18_spec1_g565/Y -       B->Y    F     AND2x2_ASAP7_75t_SL            2  1.5    15    30    1401    (-,-) 
  inc_FP32_ALU_col1_roundingAdder_add_274_18_spec1_g527/Y -       E->Y    F     AND5x1_ASAP7_75t_SL            2  1.8    19    28    1429    (-,-) 
  inc_FP32_ALU_col1_roundingAdder_add_274_18_spec1_g518/Y -       B->Y    F     AND2x4_ASAP7_75t_SL            3  3.2    13    21    1450    (-,-) 
  inc_FP32_ALU_col1_roundingAdder_add_274_18_spec1_g506/Y -       B->Y    R     NAND2x1p5_ASAP7_75t_SL         2  2.3    24    13    1463    (-,-) 
  inc_FP32_ALU_col1_roundingAdder_add_274_18_spec1_g495/Y -       B->Y    F     NOR2x1p5_ASAP7_75t_SL          2  2.3    26    13    1476    (-,-) 
  inc_FP32_ALU_col1_roundingAdder_add_274_18_spec1_g487/Y -       A->Y    R     NAND2x1p5_ASAP7_75t_SL         3  3.5    36    21    1498    (-,-) 
  inc_FP32_ALU_col1_roundingAdder_add_274_18_spec1_g481/Y -       B->Y    F     NOR2x1p5_ASAP7_75t_SL          2  2.4    27    15    1512    (-,-) 
  inc_FP32_ALU_col1_roundingAdder_add_274_18_spec1_g478/Y -       B->Y    R     NAND2x1p5_ASAP7_75t_SL         2  1.9    33    15    1527    (-,-) 
  inc_FP32_ALU_col1_roundingAdder_add_274_18_spec1_g475/Y -       B->Y    F     NOR2x1_ASAP7_75t_SL            2  1.6    27    16    1543    (-,-) 
  inc_FP32_ALU_col1_roundingAdder_add_274_18_spec1_g473/Y -       B->Y    F     AND2x2_ASAP7_75t_SL            2  1.6    14    24    1567    (-,-) 
  inc_FP32_ALU_col1_roundingAdder_add_274_18_spec1_g472/Y -       A->Y    R     INVx1_ASAP7_75t_L              2  2.0    27    18    1584    (-,-) 
  inc_FP32_ALU_col1_roundingAdder_add_274_18_spec1_g469/Y -       B->Y    R     XNOR2xp5_ASAP7_75t_SL          1  0.8    37    19    1603    (-,-) 
  g29249/Y                                                -       A2->Y   F     AOI21xp5_ASAP7_75t_L           2  1.5    33    21    1625    (-,-) 
  g29242/Y                                                -       A->Y    F     OR2x2_ASAP7_75t_SL             1  0.6    12    23    1648    (-,-) 
  g29240/Y                                                -       A->Y    R     NOR2xp33_ASAP7_75t_SL          1  1.4    50    23    1671    (-,-) 
  g29231/Y                                                -       A1->Y   F     AOI21x1_ASAP7_75t_SL          10  7.2    65    35    1706    (-,-) 
  g29228/Y                                                -       B->Y    R     NAND2x1_ASAP7_75t_L            6  7.0    94    61    1767    (-,-) 
  g29217/Y                                                -       A->Y    F     INVx5_ASAP7_75t_SL            18 11.9    42    22    1789    (-,-) 
  g29154/Y                                                -       B1->Y   R     AOI221xp5_ASAP7_75t_SL         1  0.9    68    28    1816    (-,-) 
  PIPE_OUT_col1_stage_reg_reg[0][11]/D                    -       -       R     ASYNC_DFFHx1_ASAP7_75t_SL      1    -     -     0    1816    (-,-) 
#--------------------------------------------------------------------------------------------------------------------------------------------------



Path 25: MET (67 ps) Setup Check with Pin PIPE_OUT_col1_stage_reg_reg[0][10]/CLK->D
           View: PVT_0P63V_100C.setup_view
          Group: clk
     Startpoint: (R) PIPE_3_fix2float_col1_stage_reg_reg[0][28]/CLK
          Clock: (R) clk
       Endpoint: (R) PIPE_OUT_col1_stage_reg_reg[0][10]/D
          Clock: (R) clk

                     Capture       Launch     
        Clock Edge:+    2000            0     
       Src Latency:+       0            0     
       Net Latency:+       0 (I)        0 (I) 
           Arrival:=    2000            0     
                                              
             Setup:-      17                  
       Uncertainty:-     100                  
     Required Time:=    1883                  
      Launch Clock:-       0                  
         Data Path:-    1816                  
             Slack:=      67                  

#--------------------------------------------------------------------------------------------------------------------------------------------------
#                      Timing Point                       Flags    Arc    Edge           Cell             Fanout Load Trans Delay Arrival Instance 
#                                                                                                                (fF)  (ps)  (ps)   (ps)  Location 
#--------------------------------------------------------------------------------------------------------------------------------------------------
  PIPE_3_fix2float_col1_stage_reg_reg[0][28]/CLK          -       -       R     (arrival)                   1073    -     0     0       0    (-,-) 
  PIPE_3_fix2float_col1_stage_reg_reg[0][28]/QN           -       CLK->QN R     ASYNC_DFFHx1_ASAP7_75t_SL      4  3.6    52    64      64    (-,-) 
  g47087/Y                                                -       A->Y    F     INVxp67_ASAP7_75t_SL           2  1.5    30    18      82    (-,-) 
  g47028/Y                                                -       C->Y    F     AO221x1_ASAP7_75t_SL           4  3.9    40    44     126    (-,-) 
  g46945/Y                                                -       B->Y    R     NOR2x1p5_ASAP7_75t_SL          2  1.7    26    15     141    (-,-) 
  g46728/Y                                                -       A2->Y   F     OAI21xp5_ASAP7_75t_SL          1  0.8    26    13     154    (-,-) 
  g46711/Y                                                -       A->Y    R     NAND2xp5_ASAP7_75t_SL          1  1.2    29    19     173    (-,-) 
  g46649/Y                                                -       B->Y    F     AOI211x1_ASAP7_75t_SL          2  2.0    47    18     190    (-,-) 
  g46609__9315/Y                                          -       C->Y    F     OA221x2_ASAP7_75t_SL           8  6.5    36    46     236    (-,-) 
  g46587/Y                                                -       A->Y    F     BUFx12f_ASAP7_75t_SL          14 11.9    16    25     261    (-,-) 
  g46506__4733/Y                                          -       B2->Y   R     OAI22xp5_ASAP7_75t_SL          2  1.6    46    23     284    (-,-) 
  g46353__2802/Y                                          -       B->Y    F     NOR2xp67_ASAP7_75t_SL          1  0.8    23    15     300    (-,-) 
  g46317__2802/Y                                          -       B->Y    F     AND2x2_ASAP7_75t_SL            2  2.5    17    25     324    (-,-) 
  g46303__7410/Y                                          -       B->Y    R     NAND2x1p5_ASAP7_75t_SL         2  2.1    23    14     338    (-,-) 
  g46208__4319/Y                                          -       A2->Y   F     AOI21x1_ASAP7_75t_SL           1  1.3    22    10     348    (-,-) 
  g46203__6417/Y                                          -       A->Y    F     AND2x6_ASAP7_75t_SL           22 17.0    29    36     384    (-,-) 
  g46159__7482/Y                                          -       A->Y    R     NAND2x2_ASAP7_75t_SL          12  9.2    58    34     417    (-,-) 
  g46145/Y                                                -       A->Y    F     INVx1_ASAP7_75t_SL             2  2.5    34    20     437    (-,-) 
  g46038__1881/Y                                          -       B1->Y   R     AOI22x1_ASAP7_75t_SL           2  1.5    39    19     456    (-,-) 
  g45935__9315/Y                                          -       B2->Y   R     OA22x2_ASAP7_75t_SL            2  1.6    16    24     480    (-,-) 
  g45928/Y                                                -       A->Y    F     INVx1_ASAP7_75t_L              1  0.7    11     9     489    (-,-) 
  g45888__1617/Y                                          -       A2->Y   F     AO22x1_ASAP7_75t_SL            2  2.0    24    29     518    (-,-) 
  g45823__4319/Y                                          -       B1->Y   R     AOI22x1_ASAP7_75t_SL           1  1.3    32    17     535    (-,-) 
  g45771__2802/Y                                          -       B->Y    R     XOR2xp5_ASAP7_75t_SL           2  2.0    55    34     569    (-,-) 
  addinc_FP32_ALU_col1_fracAdder_add_113_18_g1294/Y       -       B->Y    F     NOR2x1_ASAP7_75t_SL            3  2.5    43    23     591    (-,-) 
  addinc_FP32_ALU_col1_fracAdder_add_113_18_g1214/Y       -       B->Y    R     NOR2x1_ASAP7_75t_SL            3  2.1    35    20     611    (-,-) 
  addinc_FP32_ALU_col1_fracAdder_add_113_18_g1135/Y       -       A->Y    R     AND2x2_ASAP7_75t_SL            2  2.5    20    23     634    (-,-) 
  addinc_FP32_ALU_col1_fracAdder_add_113_18_g1108/Y       -       A2->Y   F     AOI21x1_ASAP7_75t_SL           1  1.3    28    10     644    (-,-) 
  addinc_FP32_ALU_col1_fracAdder_add_113_18_g1091/Y       -       A->Y    F     AND2x4_ASAP7_75t_SL            3  4.3    15    26     670    (-,-) 
  addinc_FP32_ALU_col1_fracAdder_add_113_18_g1090/Y       -       A->Y    R     INVx4_ASAP7_75t_SL             7  6.6    21    13     683    (-,-) 
  addinc_FP32_ALU_col1_fracAdder_add_113_18_g1072/Y       -       A2->Y   F     AOI21x1_ASAP7_75t_SL           1  1.3    22    10     693    (-,-) 
  addinc_FP32_ALU_col1_fracAdder_add_113_18_g1056/Y       -       B->Y    R     XNOR2xp5_ASAP7_75t_SL          2  1.3    42    22     715    (-,-) 
  g48107/Y                                                -       C->Y    F     NOR3xp33_ASAP7_75t_SL          1  1.5    33    21     736    (-,-) 
  g48103/Y                                                -       C->Y    R     NAND3x1_ASAP7_75t_SL           1  1.3    36    25     761    (-,-) 
  g48101/Y                                                -       B->Y    F     NOR2x1_ASAP7_75t_SL            2  2.2    35    19     780    (-,-) 
  g48100/Y                                                -       A->Y    R     INVx2_ASAP7_75t_SL             1  1.6    18    12     792    (-,-) 
  g48099/Y                                                -       A->Y    F     NOR3x1_ASAP7_75t_SL            1  1.3    30    14     806    (-,-) 
  g48097/Y                                                -       A->Y    F     AND5x2_ASAP7_75t_SL            4  4.8    27    32     837    (-,-) 
  g48092/Y                                                -       A2->Y   R     AOI21x1_ASAP7_75t_SL           2  2.6    40    20     858    (-,-) 
  g30797/Y                                                -       B->Y    F     NAND4xp75_ASAP7_75t_SL         1  1.8    35    18     876    (-,-) 
  g30796/Y                                                -       B->Y    R     NOR2x1p5_ASAP7_75t_SL          2  2.2    28    16     893    (-,-) 
  g30795/Y                                                -       A->Y    F     INVx2_ASAP7_75t_SL             4  3.0    18    12     904    (-,-) 
  g30782/Y                                                -       A2->Y   R     OAI21xp5_ASAP7_75t_SL          1  1.4    38    21     925    (-,-) 
  g30778/Y                                                -       B->Y    F     AOI21x1_ASAP7_75t_SL           2  2.6    38    18     943    (-,-) 
  g48082/Y                                                -       B->Y    R     NAND4xp75_ASAP7_75t_SL         5  3.9    38    23     966    (-,-) 
  g48080/Y                                                -       B->Y    F     NOR2x1_ASAP7_75t_SL            3  3.1    36    23     989    (-,-) 
  g48079/Y                                                -       A2->Y   R     AOI21x1_ASAP7_75t_SL           2  2.7    40    22    1011    (-,-) 
  g48077/Y                                                -       A->Y    F     INVx2_ASAP7_75t_SL             1  0.9    14     7    1018    (-,-) 
  g48072/Y                                                -       A2->Y   F     OA21x2_ASAP7_75t_SL            3  2.0    16    25    1043    (-,-) 
  g48066/Y                                                -       B->Y    R     NAND2xp5_ASAP7_75t_SL          1  0.9    27    13    1056    (-,-) 
  g48064/Y                                                -       A1->Y   F     OAI21xp5_ASAP7_75t_SL          2  2.5    42    24    1080    (-,-) 
  g48062/Y                                                -       A2->Y   R     AOI21x1_ASAP7_75t_SL           1  1.8    34    19    1100    (-,-) 
  g48061/Y                                                -       A->Y    F     NOR2x1p5_ASAP7_75t_SL          2  2.4    24    16    1116    (-,-) 
  g48057/Y                                                -       B->Y    R     NAND2x1p5_ASAP7_75t_SL         3  2.9    28    18    1133    (-,-) 
  g48054/Y                                                -       A->Y    F     INVx2_ASAP7_75t_SL             1  0.9    11     6    1140    (-,-) 
  g48050/Y                                                -       B->Y    R     OAI21xp5_ASAP7_75t_SL          1  1.3    48    12    1152    (-,-) 
  g48045/Y                                                -       B->Y    R     AND2x6_ASAP7_75t_SL           28 25.0    49    44    1196    (-,-) 
  g48037/Y                                                -       A->Y    F     INVx11_ASAP7_75t_SL           27 19.8    28    16    1213    (-,-) 
  g47979/Y                                                -       B1->Y   R     AOI22xp5_ASAP7_75t_SL          2  1.5    46    26    1238    (-,-) 
  g47928/Y                                                -       B2->Y   F     OAI22xp5_ASAP7_75t_L           2  1.4    34    23    1261    (-,-) 
  g47914/Y                                                -       A1->Y   R     AOI22xp5_ASAP7_75t_SL          2  1.7    50    26    1288    (-,-) 
  g47907/Y                                                -       A->Y    F     INVx1_ASAP7_75t_L              1  0.8    19    14    1301    (-,-) 
  g30513/Y                                                -       B1->Y   R     AOI22xp5_ASAP7_75t_SL          2  1.1    37    20    1322    (-,-) 
  g48181/Y                                                -       A->Y    F     INVxp33_ASAP7_75t_SRAM         2  1.3    59    50    1371    (-,-) 
  inc_FP32_ALU_col1_roundingAdder_add_274_18_spec1_g565/Y -       B->Y    F     AND2x2_ASAP7_75t_SL            2  1.5    15    30    1401    (-,-) 
  inc_FP32_ALU_col1_roundingAdder_add_274_18_spec1_g527/Y -       E->Y    F     AND5x1_ASAP7_75t_SL            2  1.8    19    28    1429    (-,-) 
  inc_FP32_ALU_col1_roundingAdder_add_274_18_spec1_g518/Y -       B->Y    F     AND2x4_ASAP7_75t_SL            3  3.2    13    21    1450    (-,-) 
  inc_FP32_ALU_col1_roundingAdder_add_274_18_spec1_g506/Y -       B->Y    R     NAND2x1p5_ASAP7_75t_SL         2  2.3    24    13    1463    (-,-) 
  inc_FP32_ALU_col1_roundingAdder_add_274_18_spec1_g495/Y -       B->Y    F     NOR2x1p5_ASAP7_75t_SL          2  2.3    26    13    1476    (-,-) 
  inc_FP32_ALU_col1_roundingAdder_add_274_18_spec1_g487/Y -       A->Y    R     NAND2x1p5_ASAP7_75t_SL         3  3.5    36    21    1498    (-,-) 
  inc_FP32_ALU_col1_roundingAdder_add_274_18_spec1_g481/Y -       B->Y    F     NOR2x1p5_ASAP7_75t_SL          2  2.4    27    15    1512    (-,-) 
  inc_FP32_ALU_col1_roundingAdder_add_274_18_spec1_g478/Y -       B->Y    R     NAND2x1p5_ASAP7_75t_SL         2  1.9    33    15    1527    (-,-) 
  inc_FP32_ALU_col1_roundingAdder_add_274_18_spec1_g475/Y -       B->Y    F     NOR2x1_ASAP7_75t_SL            2  1.6    27    16    1543    (-,-) 
  inc_FP32_ALU_col1_roundingAdder_add_274_18_spec1_g473/Y -       B->Y    F     AND2x2_ASAP7_75t_SL            2  1.6    14    24    1567    (-,-) 
  inc_FP32_ALU_col1_roundingAdder_add_274_18_spec1_g472/Y -       A->Y    R     INVx1_ASAP7_75t_L              2  2.0    27    18    1584    (-,-) 
  inc_FP32_ALU_col1_roundingAdder_add_274_18_spec1_g469/Y -       B->Y    R     XNOR2xp5_ASAP7_75t_SL          1  0.8    37    19    1603    (-,-) 
  g29249/Y                                                -       A2->Y   F     AOI21xp5_ASAP7_75t_L           2  1.5    33    21    1625    (-,-) 
  g29242/Y                                                -       A->Y    F     OR2x2_ASAP7_75t_SL             1  0.6    12    23    1648    (-,-) 
  g29240/Y                                                -       A->Y    R     NOR2xp33_ASAP7_75t_SL          1  1.4    50    23    1671    (-,-) 
  g29231/Y                                                -       A1->Y   F     AOI21x1_ASAP7_75t_SL          10  7.2    65    35    1706    (-,-) 
  g29228/Y                                                -       B->Y    R     NAND2x1_ASAP7_75t_L            6  7.0    94    61    1767    (-,-) 
  g29217/Y                                                -       A->Y    F     INVx5_ASAP7_75t_SL            18 11.9    42    22    1789    (-,-) 
  g29153/Y                                                -       B1->Y   R     AOI221xp5_ASAP7_75t_SL         1  0.9    68    28    1816    (-,-) 
  PIPE_OUT_col1_stage_reg_reg[0][10]/D                    -       -       R     ASYNC_DFFHx1_ASAP7_75t_SL      1    -     -     0    1816    (-,-) 
#--------------------------------------------------------------------------------------------------------------------------------------------------



Path 26: MET (67 ps) Setup Check with Pin PIPE_OUT_col1_stage_reg_reg[0][9]/CLK->D
           View: PVT_0P63V_100C.setup_view
          Group: clk
     Startpoint: (R) PIPE_3_fix2float_col1_stage_reg_reg[0][28]/CLK
          Clock: (R) clk
       Endpoint: (R) PIPE_OUT_col1_stage_reg_reg[0][9]/D
          Clock: (R) clk

                     Capture       Launch     
        Clock Edge:+    2000            0     
       Src Latency:+       0            0     
       Net Latency:+       0 (I)        0 (I) 
           Arrival:=    2000            0     
                                              
             Setup:-      17                  
       Uncertainty:-     100                  
     Required Time:=    1883                  
      Launch Clock:-       0                  
         Data Path:-    1816                  
             Slack:=      67                  

#--------------------------------------------------------------------------------------------------------------------------------------------------
#                      Timing Point                       Flags    Arc    Edge           Cell             Fanout Load Trans Delay Arrival Instance 
#                                                                                                                (fF)  (ps)  (ps)   (ps)  Location 
#--------------------------------------------------------------------------------------------------------------------------------------------------
  PIPE_3_fix2float_col1_stage_reg_reg[0][28]/CLK          -       -       R     (arrival)                   1073    -     0     0       0    (-,-) 
  PIPE_3_fix2float_col1_stage_reg_reg[0][28]/QN           -       CLK->QN R     ASYNC_DFFHx1_ASAP7_75t_SL      4  3.6    52    64      64    (-,-) 
  g47087/Y                                                -       A->Y    F     INVxp67_ASAP7_75t_SL           2  1.5    30    18      82    (-,-) 
  g47028/Y                                                -       C->Y    F     AO221x1_ASAP7_75t_SL           4  3.9    40    44     126    (-,-) 
  g46945/Y                                                -       B->Y    R     NOR2x1p5_ASAP7_75t_SL          2  1.7    26    15     141    (-,-) 
  g46728/Y                                                -       A2->Y   F     OAI21xp5_ASAP7_75t_SL          1  0.8    26    13     154    (-,-) 
  g46711/Y                                                -       A->Y    R     NAND2xp5_ASAP7_75t_SL          1  1.2    29    19     173    (-,-) 
  g46649/Y                                                -       B->Y    F     AOI211x1_ASAP7_75t_SL          2  2.0    47    18     190    (-,-) 
  g46609__9315/Y                                          -       C->Y    F     OA221x2_ASAP7_75t_SL           8  6.5    36    46     236    (-,-) 
  g46587/Y                                                -       A->Y    F     BUFx12f_ASAP7_75t_SL          14 11.9    16    25     261    (-,-) 
  g46506__4733/Y                                          -       B2->Y   R     OAI22xp5_ASAP7_75t_SL          2  1.6    46    23     284    (-,-) 
  g46353__2802/Y                                          -       B->Y    F     NOR2xp67_ASAP7_75t_SL          1  0.8    23    15     300    (-,-) 
  g46317__2802/Y                                          -       B->Y    F     AND2x2_ASAP7_75t_SL            2  2.5    17    25     324    (-,-) 
  g46303__7410/Y                                          -       B->Y    R     NAND2x1p5_ASAP7_75t_SL         2  2.1    23    14     338    (-,-) 
  g46208__4319/Y                                          -       A2->Y   F     AOI21x1_ASAP7_75t_SL           1  1.3    22    10     348    (-,-) 
  g46203__6417/Y                                          -       A->Y    F     AND2x6_ASAP7_75t_SL           22 17.0    29    36     384    (-,-) 
  g46159__7482/Y                                          -       A->Y    R     NAND2x2_ASAP7_75t_SL          12  9.2    58    34     417    (-,-) 
  g46145/Y                                                -       A->Y    F     INVx1_ASAP7_75t_SL             2  2.5    34    20     437    (-,-) 
  g46038__1881/Y                                          -       B1->Y   R     AOI22x1_ASAP7_75t_SL           2  1.5    39    19     456    (-,-) 
  g45935__9315/Y                                          -       B2->Y   R     OA22x2_ASAP7_75t_SL            2  1.6    16    24     480    (-,-) 
  g45928/Y                                                -       A->Y    F     INVx1_ASAP7_75t_L              1  0.7    11     9     489    (-,-) 
  g45888__1617/Y                                          -       A2->Y   F     AO22x1_ASAP7_75t_SL            2  2.0    24    29     518    (-,-) 
  g45823__4319/Y                                          -       B1->Y   R     AOI22x1_ASAP7_75t_SL           1  1.3    32    17     535    (-,-) 
  g45771__2802/Y                                          -       B->Y    R     XOR2xp5_ASAP7_75t_SL           2  2.0    55    34     569    (-,-) 
  addinc_FP32_ALU_col1_fracAdder_add_113_18_g1294/Y       -       B->Y    F     NOR2x1_ASAP7_75t_SL            3  2.5    43    23     591    (-,-) 
  addinc_FP32_ALU_col1_fracAdder_add_113_18_g1214/Y       -       B->Y    R     NOR2x1_ASAP7_75t_SL            3  2.1    35    20     611    (-,-) 
  addinc_FP32_ALU_col1_fracAdder_add_113_18_g1135/Y       -       A->Y    R     AND2x2_ASAP7_75t_SL            2  2.5    20    23     634    (-,-) 
  addinc_FP32_ALU_col1_fracAdder_add_113_18_g1108/Y       -       A2->Y   F     AOI21x1_ASAP7_75t_SL           1  1.3    28    10     644    (-,-) 
  addinc_FP32_ALU_col1_fracAdder_add_113_18_g1091/Y       -       A->Y    F     AND2x4_ASAP7_75t_SL            3  4.3    15    26     670    (-,-) 
  addinc_FP32_ALU_col1_fracAdder_add_113_18_g1090/Y       -       A->Y    R     INVx4_ASAP7_75t_SL             7  6.6    21    13     683    (-,-) 
  addinc_FP32_ALU_col1_fracAdder_add_113_18_g1072/Y       -       A2->Y   F     AOI21x1_ASAP7_75t_SL           1  1.3    22    10     693    (-,-) 
  addinc_FP32_ALU_col1_fracAdder_add_113_18_g1056/Y       -       B->Y    R     XNOR2xp5_ASAP7_75t_SL          2  1.3    42    22     715    (-,-) 
  g48107/Y                                                -       C->Y    F     NOR3xp33_ASAP7_75t_SL          1  1.5    33    21     736    (-,-) 
  g48103/Y                                                -       C->Y    R     NAND3x1_ASAP7_75t_SL           1  1.3    36    25     761    (-,-) 
  g48101/Y                                                -       B->Y    F     NOR2x1_ASAP7_75t_SL            2  2.2    35    19     780    (-,-) 
  g48100/Y                                                -       A->Y    R     INVx2_ASAP7_75t_SL             1  1.6    18    12     792    (-,-) 
  g48099/Y                                                -       A->Y    F     NOR3x1_ASAP7_75t_SL            1  1.3    30    14     806    (-,-) 
  g48097/Y                                                -       A->Y    F     AND5x2_ASAP7_75t_SL            4  4.8    27    32     837    (-,-) 
  g48092/Y                                                -       A2->Y   R     AOI21x1_ASAP7_75t_SL           2  2.6    40    20     858    (-,-) 
  g30797/Y                                                -       B->Y    F     NAND4xp75_ASAP7_75t_SL         1  1.8    35    18     876    (-,-) 
  g30796/Y                                                -       B->Y    R     NOR2x1p5_ASAP7_75t_SL          2  2.2    28    16     893    (-,-) 
  g30795/Y                                                -       A->Y    F     INVx2_ASAP7_75t_SL             4  3.0    18    12     904    (-,-) 
  g30782/Y                                                -       A2->Y   R     OAI21xp5_ASAP7_75t_SL          1  1.4    38    21     925    (-,-) 
  g30778/Y                                                -       B->Y    F     AOI21x1_ASAP7_75t_SL           2  2.6    38    18     943    (-,-) 
  g48082/Y                                                -       B->Y    R     NAND4xp75_ASAP7_75t_SL         5  3.9    38    23     966    (-,-) 
  g48080/Y                                                -       B->Y    F     NOR2x1_ASAP7_75t_SL            3  3.1    36    23     989    (-,-) 
  g48079/Y                                                -       A2->Y   R     AOI21x1_ASAP7_75t_SL           2  2.7    40    22    1011    (-,-) 
  g48077/Y                                                -       A->Y    F     INVx2_ASAP7_75t_SL             1  0.9    14     7    1018    (-,-) 
  g48072/Y                                                -       A2->Y   F     OA21x2_ASAP7_75t_SL            3  2.0    16    25    1043    (-,-) 
  g48066/Y                                                -       B->Y    R     NAND2xp5_ASAP7_75t_SL          1  0.9    27    13    1056    (-,-) 
  g48064/Y                                                -       A1->Y   F     OAI21xp5_ASAP7_75t_SL          2  2.5    42    24    1080    (-,-) 
  g48062/Y                                                -       A2->Y   R     AOI21x1_ASAP7_75t_SL           1  1.8    34    19    1100    (-,-) 
  g48061/Y                                                -       A->Y    F     NOR2x1p5_ASAP7_75t_SL          2  2.4    24    16    1116    (-,-) 
  g48057/Y                                                -       B->Y    R     NAND2x1p5_ASAP7_75t_SL         3  2.9    28    18    1133    (-,-) 
  g48054/Y                                                -       A->Y    F     INVx2_ASAP7_75t_SL             1  0.9    11     6    1140    (-,-) 
  g48050/Y                                                -       B->Y    R     OAI21xp5_ASAP7_75t_SL          1  1.3    48    12    1152    (-,-) 
  g48045/Y                                                -       B->Y    R     AND2x6_ASAP7_75t_SL           28 25.0    49    44    1196    (-,-) 
  g48037/Y                                                -       A->Y    F     INVx11_ASAP7_75t_SL           27 19.8    28    16    1213    (-,-) 
  g47979/Y                                                -       B1->Y   R     AOI22xp5_ASAP7_75t_SL          2  1.5    46    26    1238    (-,-) 
  g47928/Y                                                -       B2->Y   F     OAI22xp5_ASAP7_75t_L           2  1.4    34    23    1261    (-,-) 
  g47914/Y                                                -       A1->Y   R     AOI22xp5_ASAP7_75t_SL          2  1.7    50    26    1288    (-,-) 
  g47907/Y                                                -       A->Y    F     INVx1_ASAP7_75t_L              1  0.8    19    14    1301    (-,-) 
  g30513/Y                                                -       B1->Y   R     AOI22xp5_ASAP7_75t_SL          2  1.1    37    20    1322    (-,-) 
  g48181/Y                                                -       A->Y    F     INVxp33_ASAP7_75t_SRAM         2  1.3    59    50    1371    (-,-) 
  inc_FP32_ALU_col1_roundingAdder_add_274_18_spec1_g565/Y -       B->Y    F     AND2x2_ASAP7_75t_SL            2  1.5    15    30    1401    (-,-) 
  inc_FP32_ALU_col1_roundingAdder_add_274_18_spec1_g527/Y -       E->Y    F     AND5x1_ASAP7_75t_SL            2  1.8    19    28    1429    (-,-) 
  inc_FP32_ALU_col1_roundingAdder_add_274_18_spec1_g518/Y -       B->Y    F     AND2x4_ASAP7_75t_SL            3  3.2    13    21    1450    (-,-) 
  inc_FP32_ALU_col1_roundingAdder_add_274_18_spec1_g506/Y -       B->Y    R     NAND2x1p5_ASAP7_75t_SL         2  2.3    24    13    1463    (-,-) 
  inc_FP32_ALU_col1_roundingAdder_add_274_18_spec1_g495/Y -       B->Y    F     NOR2x1p5_ASAP7_75t_SL          2  2.3    26    13    1476    (-,-) 
  inc_FP32_ALU_col1_roundingAdder_add_274_18_spec1_g487/Y -       A->Y    R     NAND2x1p5_ASAP7_75t_SL         3  3.5    36    21    1498    (-,-) 
  inc_FP32_ALU_col1_roundingAdder_add_274_18_spec1_g481/Y -       B->Y    F     NOR2x1p5_ASAP7_75t_SL          2  2.4    27    15    1512    (-,-) 
  inc_FP32_ALU_col1_roundingAdder_add_274_18_spec1_g478/Y -       B->Y    R     NAND2x1p5_ASAP7_75t_SL         2  1.9    33    15    1527    (-,-) 
  inc_FP32_ALU_col1_roundingAdder_add_274_18_spec1_g475/Y -       B->Y    F     NOR2x1_ASAP7_75t_SL            2  1.6    27    16    1543    (-,-) 
  inc_FP32_ALU_col1_roundingAdder_add_274_18_spec1_g473/Y -       B->Y    F     AND2x2_ASAP7_75t_SL            2  1.6    14    24    1567    (-,-) 
  inc_FP32_ALU_col1_roundingAdder_add_274_18_spec1_g472/Y -       A->Y    R     INVx1_ASAP7_75t_L              2  2.0    27    18    1584    (-,-) 
  inc_FP32_ALU_col1_roundingAdder_add_274_18_spec1_g469/Y -       B->Y    R     XNOR2xp5_ASAP7_75t_SL          1  0.8    37    19    1603    (-,-) 
  g29249/Y                                                -       A2->Y   F     AOI21xp5_ASAP7_75t_L           2  1.5    33    21    1625    (-,-) 
  g29242/Y                                                -       A->Y    F     OR2x2_ASAP7_75t_SL             1  0.6    12    23    1648    (-,-) 
  g29240/Y                                                -       A->Y    R     NOR2xp33_ASAP7_75t_SL          1  1.4    50    23    1671    (-,-) 
  g29231/Y                                                -       A1->Y   F     AOI21x1_ASAP7_75t_SL          10  7.2    65    35    1706    (-,-) 
  g29228/Y                                                -       B->Y    R     NAND2x1_ASAP7_75t_L            6  7.0    94    61    1767    (-,-) 
  g29217/Y                                                -       A->Y    F     INVx5_ASAP7_75t_SL            18 11.9    42    22    1789    (-,-) 
  g29152/Y                                                -       B1->Y   R     AOI221xp5_ASAP7_75t_SL         1  0.9    68    28    1816    (-,-) 
  PIPE_OUT_col1_stage_reg_reg[0][9]/D                     -       -       R     ASYNC_DFFHx1_ASAP7_75t_SL      1    -     -     0    1816    (-,-) 
#--------------------------------------------------------------------------------------------------------------------------------------------------



Path 27: MET (67 ps) Setup Check with Pin PIPE_OUT_col1_stage_reg_reg[0][8]/CLK->D
           View: PVT_0P63V_100C.setup_view
          Group: clk
     Startpoint: (R) PIPE_3_fix2float_col1_stage_reg_reg[0][28]/CLK
          Clock: (R) clk
       Endpoint: (R) PIPE_OUT_col1_stage_reg_reg[0][8]/D
          Clock: (R) clk

                     Capture       Launch     
        Clock Edge:+    2000            0     
       Src Latency:+       0            0     
       Net Latency:+       0 (I)        0 (I) 
           Arrival:=    2000            0     
                                              
             Setup:-      17                  
       Uncertainty:-     100                  
     Required Time:=    1883                  
      Launch Clock:-       0                  
         Data Path:-    1816                  
             Slack:=      67                  

#--------------------------------------------------------------------------------------------------------------------------------------------------
#                      Timing Point                       Flags    Arc    Edge           Cell             Fanout Load Trans Delay Arrival Instance 
#                                                                                                                (fF)  (ps)  (ps)   (ps)  Location 
#--------------------------------------------------------------------------------------------------------------------------------------------------
  PIPE_3_fix2float_col1_stage_reg_reg[0][28]/CLK          -       -       R     (arrival)                   1073    -     0     0       0    (-,-) 
  PIPE_3_fix2float_col1_stage_reg_reg[0][28]/QN           -       CLK->QN R     ASYNC_DFFHx1_ASAP7_75t_SL      4  3.6    52    64      64    (-,-) 
  g47087/Y                                                -       A->Y    F     INVxp67_ASAP7_75t_SL           2  1.5    30    18      82    (-,-) 
  g47028/Y                                                -       C->Y    F     AO221x1_ASAP7_75t_SL           4  3.9    40    44     126    (-,-) 
  g46945/Y                                                -       B->Y    R     NOR2x1p5_ASAP7_75t_SL          2  1.7    26    15     141    (-,-) 
  g46728/Y                                                -       A2->Y   F     OAI21xp5_ASAP7_75t_SL          1  0.8    26    13     154    (-,-) 
  g46711/Y                                                -       A->Y    R     NAND2xp5_ASAP7_75t_SL          1  1.2    29    19     173    (-,-) 
  g46649/Y                                                -       B->Y    F     AOI211x1_ASAP7_75t_SL          2  2.0    47    18     190    (-,-) 
  g46609__9315/Y                                          -       C->Y    F     OA221x2_ASAP7_75t_SL           8  6.5    36    46     236    (-,-) 
  g46587/Y                                                -       A->Y    F     BUFx12f_ASAP7_75t_SL          14 11.9    16    25     261    (-,-) 
  g46506__4733/Y                                          -       B2->Y   R     OAI22xp5_ASAP7_75t_SL          2  1.6    46    23     284    (-,-) 
  g46353__2802/Y                                          -       B->Y    F     NOR2xp67_ASAP7_75t_SL          1  0.8    23    15     300    (-,-) 
  g46317__2802/Y                                          -       B->Y    F     AND2x2_ASAP7_75t_SL            2  2.5    17    25     324    (-,-) 
  g46303__7410/Y                                          -       B->Y    R     NAND2x1p5_ASAP7_75t_SL         2  2.1    23    14     338    (-,-) 
  g46208__4319/Y                                          -       A2->Y   F     AOI21x1_ASAP7_75t_SL           1  1.3    22    10     348    (-,-) 
  g46203__6417/Y                                          -       A->Y    F     AND2x6_ASAP7_75t_SL           22 17.0    29    36     384    (-,-) 
  g46159__7482/Y                                          -       A->Y    R     NAND2x2_ASAP7_75t_SL          12  9.2    58    34     417    (-,-) 
  g46145/Y                                                -       A->Y    F     INVx1_ASAP7_75t_SL             2  2.5    34    20     437    (-,-) 
  g46038__1881/Y                                          -       B1->Y   R     AOI22x1_ASAP7_75t_SL           2  1.5    39    19     456    (-,-) 
  g45935__9315/Y                                          -       B2->Y   R     OA22x2_ASAP7_75t_SL            2  1.6    16    24     480    (-,-) 
  g45928/Y                                                -       A->Y    F     INVx1_ASAP7_75t_L              1  0.7    11     9     489    (-,-) 
  g45888__1617/Y                                          -       A2->Y   F     AO22x1_ASAP7_75t_SL            2  2.0    24    29     518    (-,-) 
  g45823__4319/Y                                          -       B1->Y   R     AOI22x1_ASAP7_75t_SL           1  1.3    32    17     535    (-,-) 
  g45771__2802/Y                                          -       B->Y    R     XOR2xp5_ASAP7_75t_SL           2  2.0    55    34     569    (-,-) 
  addinc_FP32_ALU_col1_fracAdder_add_113_18_g1294/Y       -       B->Y    F     NOR2x1_ASAP7_75t_SL            3  2.5    43    23     591    (-,-) 
  addinc_FP32_ALU_col1_fracAdder_add_113_18_g1214/Y       -       B->Y    R     NOR2x1_ASAP7_75t_SL            3  2.1    35    20     611    (-,-) 
  addinc_FP32_ALU_col1_fracAdder_add_113_18_g1135/Y       -       A->Y    R     AND2x2_ASAP7_75t_SL            2  2.5    20    23     634    (-,-) 
  addinc_FP32_ALU_col1_fracAdder_add_113_18_g1108/Y       -       A2->Y   F     AOI21x1_ASAP7_75t_SL           1  1.3    28    10     644    (-,-) 
  addinc_FP32_ALU_col1_fracAdder_add_113_18_g1091/Y       -       A->Y    F     AND2x4_ASAP7_75t_SL            3  4.3    15    26     670    (-,-) 
  addinc_FP32_ALU_col1_fracAdder_add_113_18_g1090/Y       -       A->Y    R     INVx4_ASAP7_75t_SL             7  6.6    21    13     683    (-,-) 
  addinc_FP32_ALU_col1_fracAdder_add_113_18_g1072/Y       -       A2->Y   F     AOI21x1_ASAP7_75t_SL           1  1.3    22    10     693    (-,-) 
  addinc_FP32_ALU_col1_fracAdder_add_113_18_g1056/Y       -       B->Y    R     XNOR2xp5_ASAP7_75t_SL          2  1.3    42    22     715    (-,-) 
  g48107/Y                                                -       C->Y    F     NOR3xp33_ASAP7_75t_SL          1  1.5    33    21     736    (-,-) 
  g48103/Y                                                -       C->Y    R     NAND3x1_ASAP7_75t_SL           1  1.3    36    25     761    (-,-) 
  g48101/Y                                                -       B->Y    F     NOR2x1_ASAP7_75t_SL            2  2.2    35    19     780    (-,-) 
  g48100/Y                                                -       A->Y    R     INVx2_ASAP7_75t_SL             1  1.6    18    12     792    (-,-) 
  g48099/Y                                                -       A->Y    F     NOR3x1_ASAP7_75t_SL            1  1.3    30    14     806    (-,-) 
  g48097/Y                                                -       A->Y    F     AND5x2_ASAP7_75t_SL            4  4.8    27    32     837    (-,-) 
  g48092/Y                                                -       A2->Y   R     AOI21x1_ASAP7_75t_SL           2  2.6    40    20     858    (-,-) 
  g30797/Y                                                -       B->Y    F     NAND4xp75_ASAP7_75t_SL         1  1.8    35    18     876    (-,-) 
  g30796/Y                                                -       B->Y    R     NOR2x1p5_ASAP7_75t_SL          2  2.2    28    16     893    (-,-) 
  g30795/Y                                                -       A->Y    F     INVx2_ASAP7_75t_SL             4  3.0    18    12     904    (-,-) 
  g30782/Y                                                -       A2->Y   R     OAI21xp5_ASAP7_75t_SL          1  1.4    38    21     925    (-,-) 
  g30778/Y                                                -       B->Y    F     AOI21x1_ASAP7_75t_SL           2  2.6    38    18     943    (-,-) 
  g48082/Y                                                -       B->Y    R     NAND4xp75_ASAP7_75t_SL         5  3.9    38    23     966    (-,-) 
  g48080/Y                                                -       B->Y    F     NOR2x1_ASAP7_75t_SL            3  3.1    36    23     989    (-,-) 
  g48079/Y                                                -       A2->Y   R     AOI21x1_ASAP7_75t_SL           2  2.7    40    22    1011    (-,-) 
  g48077/Y                                                -       A->Y    F     INVx2_ASAP7_75t_SL             1  0.9    14     7    1018    (-,-) 
  g48072/Y                                                -       A2->Y   F     OA21x2_ASAP7_75t_SL            3  2.0    16    25    1043    (-,-) 
  g48066/Y                                                -       B->Y    R     NAND2xp5_ASAP7_75t_SL          1  0.9    27    13    1056    (-,-) 
  g48064/Y                                                -       A1->Y   F     OAI21xp5_ASAP7_75t_SL          2  2.5    42    24    1080    (-,-) 
  g48062/Y                                                -       A2->Y   R     AOI21x1_ASAP7_75t_SL           1  1.8    34    19    1100    (-,-) 
  g48061/Y                                                -       A->Y    F     NOR2x1p5_ASAP7_75t_SL          2  2.4    24    16    1116    (-,-) 
  g48057/Y                                                -       B->Y    R     NAND2x1p5_ASAP7_75t_SL         3  2.9    28    18    1133    (-,-) 
  g48054/Y                                                -       A->Y    F     INVx2_ASAP7_75t_SL             1  0.9    11     6    1140    (-,-) 
  g48050/Y                                                -       B->Y    R     OAI21xp5_ASAP7_75t_SL          1  1.3    48    12    1152    (-,-) 
  g48045/Y                                                -       B->Y    R     AND2x6_ASAP7_75t_SL           28 25.0    49    44    1196    (-,-) 
  g48037/Y                                                -       A->Y    F     INVx11_ASAP7_75t_SL           27 19.8    28    16    1213    (-,-) 
  g47979/Y                                                -       B1->Y   R     AOI22xp5_ASAP7_75t_SL          2  1.5    46    26    1238    (-,-) 
  g47928/Y                                                -       B2->Y   F     OAI22xp5_ASAP7_75t_L           2  1.4    34    23    1261    (-,-) 
  g47914/Y                                                -       A1->Y   R     AOI22xp5_ASAP7_75t_SL          2  1.7    50    26    1288    (-,-) 
  g47907/Y                                                -       A->Y    F     INVx1_ASAP7_75t_L              1  0.8    19    14    1301    (-,-) 
  g30513/Y                                                -       B1->Y   R     AOI22xp5_ASAP7_75t_SL          2  1.1    37    20    1322    (-,-) 
  g48181/Y                                                -       A->Y    F     INVxp33_ASAP7_75t_SRAM         2  1.3    59    50    1371    (-,-) 
  inc_FP32_ALU_col1_roundingAdder_add_274_18_spec1_g565/Y -       B->Y    F     AND2x2_ASAP7_75t_SL            2  1.5    15    30    1401    (-,-) 
  inc_FP32_ALU_col1_roundingAdder_add_274_18_spec1_g527/Y -       E->Y    F     AND5x1_ASAP7_75t_SL            2  1.8    19    28    1429    (-,-) 
  inc_FP32_ALU_col1_roundingAdder_add_274_18_spec1_g518/Y -       B->Y    F     AND2x4_ASAP7_75t_SL            3  3.2    13    21    1450    (-,-) 
  inc_FP32_ALU_col1_roundingAdder_add_274_18_spec1_g506/Y -       B->Y    R     NAND2x1p5_ASAP7_75t_SL         2  2.3    24    13    1463    (-,-) 
  inc_FP32_ALU_col1_roundingAdder_add_274_18_spec1_g495/Y -       B->Y    F     NOR2x1p5_ASAP7_75t_SL          2  2.3    26    13    1476    (-,-) 
  inc_FP32_ALU_col1_roundingAdder_add_274_18_spec1_g487/Y -       A->Y    R     NAND2x1p5_ASAP7_75t_SL         3  3.5    36    21    1498    (-,-) 
  inc_FP32_ALU_col1_roundingAdder_add_274_18_spec1_g481/Y -       B->Y    F     NOR2x1p5_ASAP7_75t_SL          2  2.4    27    15    1512    (-,-) 
  inc_FP32_ALU_col1_roundingAdder_add_274_18_spec1_g478/Y -       B->Y    R     NAND2x1p5_ASAP7_75t_SL         2  1.9    33    15    1527    (-,-) 
  inc_FP32_ALU_col1_roundingAdder_add_274_18_spec1_g475/Y -       B->Y    F     NOR2x1_ASAP7_75t_SL            2  1.6    27    16    1543    (-,-) 
  inc_FP32_ALU_col1_roundingAdder_add_274_18_spec1_g473/Y -       B->Y    F     AND2x2_ASAP7_75t_SL            2  1.6    14    24    1567    (-,-) 
  inc_FP32_ALU_col1_roundingAdder_add_274_18_spec1_g472/Y -       A->Y    R     INVx1_ASAP7_75t_L              2  2.0    27    18    1584    (-,-) 
  inc_FP32_ALU_col1_roundingAdder_add_274_18_spec1_g469/Y -       B->Y    R     XNOR2xp5_ASAP7_75t_SL          1  0.8    37    19    1603    (-,-) 
  g29249/Y                                                -       A2->Y   F     AOI21xp5_ASAP7_75t_L           2  1.5    33    21    1625    (-,-) 
  g29242/Y                                                -       A->Y    F     OR2x2_ASAP7_75t_SL             1  0.6    12    23    1648    (-,-) 
  g29240/Y                                                -       A->Y    R     NOR2xp33_ASAP7_75t_SL          1  1.4    50    23    1671    (-,-) 
  g29231/Y                                                -       A1->Y   F     AOI21x1_ASAP7_75t_SL          10  7.2    65    35    1706    (-,-) 
  g29228/Y                                                -       B->Y    R     NAND2x1_ASAP7_75t_L            6  7.0    94    61    1767    (-,-) 
  g29217/Y                                                -       A->Y    F     INVx5_ASAP7_75t_SL            18 11.9    42    22    1789    (-,-) 
  g29151/Y                                                -       B1->Y   R     AOI221xp5_ASAP7_75t_SL         1  0.9    68    28    1816    (-,-) 
  PIPE_OUT_col1_stage_reg_reg[0][8]/D                     -       -       R     ASYNC_DFFHx1_ASAP7_75t_SL      1    -     -     0    1816    (-,-) 
#--------------------------------------------------------------------------------------------------------------------------------------------------



Path 28: MET (67 ps) Setup Check with Pin PIPE_OUT_col1_stage_reg_reg[0][7]/CLK->D
           View: PVT_0P63V_100C.setup_view
          Group: clk
     Startpoint: (R) PIPE_3_fix2float_col1_stage_reg_reg[0][28]/CLK
          Clock: (R) clk
       Endpoint: (R) PIPE_OUT_col1_stage_reg_reg[0][7]/D
          Clock: (R) clk

                     Capture       Launch     
        Clock Edge:+    2000            0     
       Src Latency:+       0            0     
       Net Latency:+       0 (I)        0 (I) 
           Arrival:=    2000            0     
                                              
             Setup:-      17                  
       Uncertainty:-     100                  
     Required Time:=    1883                  
      Launch Clock:-       0                  
         Data Path:-    1816                  
             Slack:=      67                  

#--------------------------------------------------------------------------------------------------------------------------------------------------
#                      Timing Point                       Flags    Arc    Edge           Cell             Fanout Load Trans Delay Arrival Instance 
#                                                                                                                (fF)  (ps)  (ps)   (ps)  Location 
#--------------------------------------------------------------------------------------------------------------------------------------------------
  PIPE_3_fix2float_col1_stage_reg_reg[0][28]/CLK          -       -       R     (arrival)                   1073    -     0     0       0    (-,-) 
  PIPE_3_fix2float_col1_stage_reg_reg[0][28]/QN           -       CLK->QN R     ASYNC_DFFHx1_ASAP7_75t_SL      4  3.6    52    64      64    (-,-) 
  g47087/Y                                                -       A->Y    F     INVxp67_ASAP7_75t_SL           2  1.5    30    18      82    (-,-) 
  g47028/Y                                                -       C->Y    F     AO221x1_ASAP7_75t_SL           4  3.9    40    44     126    (-,-) 
  g46945/Y                                                -       B->Y    R     NOR2x1p5_ASAP7_75t_SL          2  1.7    26    15     141    (-,-) 
  g46728/Y                                                -       A2->Y   F     OAI21xp5_ASAP7_75t_SL          1  0.8    26    13     154    (-,-) 
  g46711/Y                                                -       A->Y    R     NAND2xp5_ASAP7_75t_SL          1  1.2    29    19     173    (-,-) 
  g46649/Y                                                -       B->Y    F     AOI211x1_ASAP7_75t_SL          2  2.0    47    18     190    (-,-) 
  g46609__9315/Y                                          -       C->Y    F     OA221x2_ASAP7_75t_SL           8  6.5    36    46     236    (-,-) 
  g46587/Y                                                -       A->Y    F     BUFx12f_ASAP7_75t_SL          14 11.9    16    25     261    (-,-) 
  g46506__4733/Y                                          -       B2->Y   R     OAI22xp5_ASAP7_75t_SL          2  1.6    46    23     284    (-,-) 
  g46353__2802/Y                                          -       B->Y    F     NOR2xp67_ASAP7_75t_SL          1  0.8    23    15     300    (-,-) 
  g46317__2802/Y                                          -       B->Y    F     AND2x2_ASAP7_75t_SL            2  2.5    17    25     324    (-,-) 
  g46303__7410/Y                                          -       B->Y    R     NAND2x1p5_ASAP7_75t_SL         2  2.1    23    14     338    (-,-) 
  g46208__4319/Y                                          -       A2->Y   F     AOI21x1_ASAP7_75t_SL           1  1.3    22    10     348    (-,-) 
  g46203__6417/Y                                          -       A->Y    F     AND2x6_ASAP7_75t_SL           22 17.0    29    36     384    (-,-) 
  g46159__7482/Y                                          -       A->Y    R     NAND2x2_ASAP7_75t_SL          12  9.2    58    34     417    (-,-) 
  g46145/Y                                                -       A->Y    F     INVx1_ASAP7_75t_SL             2  2.5    34    20     437    (-,-) 
  g46038__1881/Y                                          -       B1->Y   R     AOI22x1_ASAP7_75t_SL           2  1.5    39    19     456    (-,-) 
  g45935__9315/Y                                          -       B2->Y   R     OA22x2_ASAP7_75t_SL            2  1.6    16    24     480    (-,-) 
  g45928/Y                                                -       A->Y    F     INVx1_ASAP7_75t_L              1  0.7    11     9     489    (-,-) 
  g45888__1617/Y                                          -       A2->Y   F     AO22x1_ASAP7_75t_SL            2  2.0    24    29     518    (-,-) 
  g45823__4319/Y                                          -       B1->Y   R     AOI22x1_ASAP7_75t_SL           1  1.3    32    17     535    (-,-) 
  g45771__2802/Y                                          -       B->Y    R     XOR2xp5_ASAP7_75t_SL           2  2.0    55    34     569    (-,-) 
  addinc_FP32_ALU_col1_fracAdder_add_113_18_g1294/Y       -       B->Y    F     NOR2x1_ASAP7_75t_SL            3  2.5    43    23     591    (-,-) 
  addinc_FP32_ALU_col1_fracAdder_add_113_18_g1214/Y       -       B->Y    R     NOR2x1_ASAP7_75t_SL            3  2.1    35    20     611    (-,-) 
  addinc_FP32_ALU_col1_fracAdder_add_113_18_g1135/Y       -       A->Y    R     AND2x2_ASAP7_75t_SL            2  2.5    20    23     634    (-,-) 
  addinc_FP32_ALU_col1_fracAdder_add_113_18_g1108/Y       -       A2->Y   F     AOI21x1_ASAP7_75t_SL           1  1.3    28    10     644    (-,-) 
  addinc_FP32_ALU_col1_fracAdder_add_113_18_g1091/Y       -       A->Y    F     AND2x4_ASAP7_75t_SL            3  4.3    15    26     670    (-,-) 
  addinc_FP32_ALU_col1_fracAdder_add_113_18_g1090/Y       -       A->Y    R     INVx4_ASAP7_75t_SL             7  6.6    21    13     683    (-,-) 
  addinc_FP32_ALU_col1_fracAdder_add_113_18_g1072/Y       -       A2->Y   F     AOI21x1_ASAP7_75t_SL           1  1.3    22    10     693    (-,-) 
  addinc_FP32_ALU_col1_fracAdder_add_113_18_g1056/Y       -       B->Y    R     XNOR2xp5_ASAP7_75t_SL          2  1.3    42    22     715    (-,-) 
  g48107/Y                                                -       C->Y    F     NOR3xp33_ASAP7_75t_SL          1  1.5    33    21     736    (-,-) 
  g48103/Y                                                -       C->Y    R     NAND3x1_ASAP7_75t_SL           1  1.3    36    25     761    (-,-) 
  g48101/Y                                                -       B->Y    F     NOR2x1_ASAP7_75t_SL            2  2.2    35    19     780    (-,-) 
  g48100/Y                                                -       A->Y    R     INVx2_ASAP7_75t_SL             1  1.6    18    12     792    (-,-) 
  g48099/Y                                                -       A->Y    F     NOR3x1_ASAP7_75t_SL            1  1.3    30    14     806    (-,-) 
  g48097/Y                                                -       A->Y    F     AND5x2_ASAP7_75t_SL            4  4.8    27    32     837    (-,-) 
  g48092/Y                                                -       A2->Y   R     AOI21x1_ASAP7_75t_SL           2  2.6    40    20     858    (-,-) 
  g30797/Y                                                -       B->Y    F     NAND4xp75_ASAP7_75t_SL         1  1.8    35    18     876    (-,-) 
  g30796/Y                                                -       B->Y    R     NOR2x1p5_ASAP7_75t_SL          2  2.2    28    16     893    (-,-) 
  g30795/Y                                                -       A->Y    F     INVx2_ASAP7_75t_SL             4  3.0    18    12     904    (-,-) 
  g30782/Y                                                -       A2->Y   R     OAI21xp5_ASAP7_75t_SL          1  1.4    38    21     925    (-,-) 
  g30778/Y                                                -       B->Y    F     AOI21x1_ASAP7_75t_SL           2  2.6    38    18     943    (-,-) 
  g48082/Y                                                -       B->Y    R     NAND4xp75_ASAP7_75t_SL         5  3.9    38    23     966    (-,-) 
  g48080/Y                                                -       B->Y    F     NOR2x1_ASAP7_75t_SL            3  3.1    36    23     989    (-,-) 
  g48079/Y                                                -       A2->Y   R     AOI21x1_ASAP7_75t_SL           2  2.7    40    22    1011    (-,-) 
  g48077/Y                                                -       A->Y    F     INVx2_ASAP7_75t_SL             1  0.9    14     7    1018    (-,-) 
  g48072/Y                                                -       A2->Y   F     OA21x2_ASAP7_75t_SL            3  2.0    16    25    1043    (-,-) 
  g48066/Y                                                -       B->Y    R     NAND2xp5_ASAP7_75t_SL          1  0.9    27    13    1056    (-,-) 
  g48064/Y                                                -       A1->Y   F     OAI21xp5_ASAP7_75t_SL          2  2.5    42    24    1080    (-,-) 
  g48062/Y                                                -       A2->Y   R     AOI21x1_ASAP7_75t_SL           1  1.8    34    19    1100    (-,-) 
  g48061/Y                                                -       A->Y    F     NOR2x1p5_ASAP7_75t_SL          2  2.4    24    16    1116    (-,-) 
  g48057/Y                                                -       B->Y    R     NAND2x1p5_ASAP7_75t_SL         3  2.9    28    18    1133    (-,-) 
  g48054/Y                                                -       A->Y    F     INVx2_ASAP7_75t_SL             1  0.9    11     6    1140    (-,-) 
  g48050/Y                                                -       B->Y    R     OAI21xp5_ASAP7_75t_SL          1  1.3    48    12    1152    (-,-) 
  g48045/Y                                                -       B->Y    R     AND2x6_ASAP7_75t_SL           28 25.0    49    44    1196    (-,-) 
  g48037/Y                                                -       A->Y    F     INVx11_ASAP7_75t_SL           27 19.8    28    16    1213    (-,-) 
  g47979/Y                                                -       B1->Y   R     AOI22xp5_ASAP7_75t_SL          2  1.5    46    26    1238    (-,-) 
  g47928/Y                                                -       B2->Y   F     OAI22xp5_ASAP7_75t_L           2  1.4    34    23    1261    (-,-) 
  g47914/Y                                                -       A1->Y   R     AOI22xp5_ASAP7_75t_SL          2  1.7    50    26    1288    (-,-) 
  g47907/Y                                                -       A->Y    F     INVx1_ASAP7_75t_L              1  0.8    19    14    1301    (-,-) 
  g30513/Y                                                -       B1->Y   R     AOI22xp5_ASAP7_75t_SL          2  1.1    37    20    1322    (-,-) 
  g48181/Y                                                -       A->Y    F     INVxp33_ASAP7_75t_SRAM         2  1.3    59    50    1371    (-,-) 
  inc_FP32_ALU_col1_roundingAdder_add_274_18_spec1_g565/Y -       B->Y    F     AND2x2_ASAP7_75t_SL            2  1.5    15    30    1401    (-,-) 
  inc_FP32_ALU_col1_roundingAdder_add_274_18_spec1_g527/Y -       E->Y    F     AND5x1_ASAP7_75t_SL            2  1.8    19    28    1429    (-,-) 
  inc_FP32_ALU_col1_roundingAdder_add_274_18_spec1_g518/Y -       B->Y    F     AND2x4_ASAP7_75t_SL            3  3.2    13    21    1450    (-,-) 
  inc_FP32_ALU_col1_roundingAdder_add_274_18_spec1_g506/Y -       B->Y    R     NAND2x1p5_ASAP7_75t_SL         2  2.3    24    13    1463    (-,-) 
  inc_FP32_ALU_col1_roundingAdder_add_274_18_spec1_g495/Y -       B->Y    F     NOR2x1p5_ASAP7_75t_SL          2  2.3    26    13    1476    (-,-) 
  inc_FP32_ALU_col1_roundingAdder_add_274_18_spec1_g487/Y -       A->Y    R     NAND2x1p5_ASAP7_75t_SL         3  3.5    36    21    1498    (-,-) 
  inc_FP32_ALU_col1_roundingAdder_add_274_18_spec1_g481/Y -       B->Y    F     NOR2x1p5_ASAP7_75t_SL          2  2.4    27    15    1512    (-,-) 
  inc_FP32_ALU_col1_roundingAdder_add_274_18_spec1_g478/Y -       B->Y    R     NAND2x1p5_ASAP7_75t_SL         2  1.9    33    15    1527    (-,-) 
  inc_FP32_ALU_col1_roundingAdder_add_274_18_spec1_g475/Y -       B->Y    F     NOR2x1_ASAP7_75t_SL            2  1.6    27    16    1543    (-,-) 
  inc_FP32_ALU_col1_roundingAdder_add_274_18_spec1_g473/Y -       B->Y    F     AND2x2_ASAP7_75t_SL            2  1.6    14    24    1567    (-,-) 
  inc_FP32_ALU_col1_roundingAdder_add_274_18_spec1_g472/Y -       A->Y    R     INVx1_ASAP7_75t_L              2  2.0    27    18    1584    (-,-) 
  inc_FP32_ALU_col1_roundingAdder_add_274_18_spec1_g469/Y -       B->Y    R     XNOR2xp5_ASAP7_75t_SL          1  0.8    37    19    1603    (-,-) 
  g29249/Y                                                -       A2->Y   F     AOI21xp5_ASAP7_75t_L           2  1.5    33    21    1625    (-,-) 
  g29242/Y                                                -       A->Y    F     OR2x2_ASAP7_75t_SL             1  0.6    12    23    1648    (-,-) 
  g29240/Y                                                -       A->Y    R     NOR2xp33_ASAP7_75t_SL          1  1.4    50    23    1671    (-,-) 
  g29231/Y                                                -       A1->Y   F     AOI21x1_ASAP7_75t_SL          10  7.2    65    35    1706    (-,-) 
  g29228/Y                                                -       B->Y    R     NAND2x1_ASAP7_75t_L            6  7.0    94    61    1767    (-,-) 
  g29217/Y                                                -       A->Y    F     INVx5_ASAP7_75t_SL            18 11.9    42    22    1789    (-,-) 
  g29150/Y                                                -       B1->Y   R     AOI221xp5_ASAP7_75t_SL         1  0.9    68    28    1816    (-,-) 
  PIPE_OUT_col1_stage_reg_reg[0][7]/D                     -       -       R     ASYNC_DFFHx1_ASAP7_75t_SL      1    -     -     0    1816    (-,-) 
#--------------------------------------------------------------------------------------------------------------------------------------------------



Path 29: MET (76 ps) Setup Check with Pin PIPE_OUT_col2_stage_reg_reg[0][6]/CLK->D
           View: PVT_0P63V_100C.setup_view
          Group: clk
     Startpoint: (R) PIPE_cascade_in_col2_stage_reg_reg[0][3]/CLK
          Clock: (R) clk
       Endpoint: (R) PIPE_OUT_col2_stage_reg_reg[0][6]/D
          Clock: (R) clk

                     Capture       Launch     
        Clock Edge:+    2000            0     
       Src Latency:+       0            0     
       Net Latency:+       0 (I)        0 (I) 
           Arrival:=    2000            0     
                                              
             Setup:-      17                  
       Uncertainty:-     100                  
     Required Time:=    1883                  
      Launch Clock:-       0                  
         Data Path:-    1807                  
             Slack:=      76                  

#--------------------------------------------------------------------------------------------------------------------------------------------------
#                      Timing Point                       Flags    Arc    Edge           Cell             Fanout Load Trans Delay Arrival Instance 
#                                                                                                                (fF)  (ps)  (ps)   (ps)  Location 
#--------------------------------------------------------------------------------------------------------------------------------------------------
  PIPE_cascade_in_col2_stage_reg_reg[0][3]/CLK            -       -       R     (arrival)                   1073    -     0     0       0    (-,-) 
  PIPE_cascade_in_col2_stage_reg_reg[0][3]/QN             -       CLK->QN R     ASYNC_DFFHx1_ASAP7_75t_SL      1  0.8    24    48      48    (-,-) 
  g47518/Y                                                -       B->Y    R     AND2x2_ASAP7_75t_SL            1  1.4    18    21      69    (-,-) 
  g47459/Y                                                -       B->Y    F     AOI21x1_ASAP7_75t_SL           3  2.0    51    13      82    (-,-) 
  g46669/Y                                                -       B->Y    R     AOI31xp33_ASAP7_75t_SL         1  0.8    46    30     112    (-,-) 
  g46648/Y                                                -       C->Y    F     O2A1O1Ixp5_ASAP7_75t_SL        1  0.8    28    16     128    (-,-) 
  g46640__6161/Y                                          -       C->Y    R     O2A1O1Ixp5_ASAP7_75t_SL        1  0.9    35    20     149    (-,-) 
  g46621__6260/Y                                          -       A2->Y   F     OAI21xp5_ASAP7_75t_SL          2  1.5    39    19     168    (-,-) 
  g46615__1666/Y                                          -       A->Y    R     NAND3xp33_ASAP7_75t_SL         1  1.1    35    20     188    (-,-) 
  g46610__9945/Y                                          -       A1->Y   F     AOI211x1_ASAP7_75t_SL          1  0.8    34    17     205    (-,-) 
  g46571__7482/Y                                          -       B->Y    F     OR2x2_ASAP7_75t_SL             8  8.0    36    40     245    (-,-) 
  g46503__1881/Y                                          -       A2->Y   F     OA22x2_ASAP7_75t_SL            2  2.4    19    32     277    (-,-) 
  g46338__2883/Y                                          -       B->Y    R     NAND4xp75_ASAP7_75t_SL         1  2.2    38    15     292    (-,-) 
  g46312__8428/Y                                          -       A->Y    F     NOR2x2_ASAP7_75t_SL            4  3.7    29    20     312    (-,-) 
  g46304__6417/Y                                          -       B->Y    R     NAND2x1p5_ASAP7_75t_SL         4  3.6    36    21     332    (-,-) 
  g46300/Y                                                -       A->Y    F     INVx2_ASAP7_75t_SL             3  4.0    24    15     347    (-,-) 
  g46287__7482/Y                                          -       B->Y    R     NAND2x1p5_ASAP7_75t_SL         3  1.9    21    14     362    (-,-) 
  g46210__5526/Y                                          -       B->Y    F     NAND2xp5_ASAP7_75t_SL          1  1.3    24    15     377    (-,-) 
  g46204__5477/Y                                          -       A->Y    F     AND2x6_ASAP7_75t_SL           21 20.9    33    38     415    (-,-) 
  g46186/Y                                                -       A->Y    R     INVx8_ASAP7_75t_SL            23 17.4    32    20     435    (-,-) 
  g46114__6783/Y                                          -       A2->Y   F     AOI22xp5_ASAP7_75t_SL          1  0.8    32    16     450    (-,-) 
  g46055__6417/Y                                          -       B->Y    R     NAND2xp5_ASAP7_75t_L           2  1.4    34    25     475    (-,-) 
  g46041/Y                                                -       A->Y    F     INVxp67_ASAP7_75t_SL           1  0.9    20    12     487    (-,-) 
  g45992__6783/Y                                          -       A2->Y   R     AOI22xp5_ASAP7_75t_SL          2  1.3    42    20     508    (-,-) 
  g45929__6131/Y                                          -       B->Y    F     NOR2xp33_ASAP7_75t_L           1  0.8    38    25     533    (-,-) 
  g45833__7098/Y                                          -       B->Y    R     AOI21xp5_ASAP7_75t_SL          1  1.3    40    24     558    (-,-) 
  g45796__6783/Y                                          -       B->Y    R     XOR2xp5_ASAP7_75t_SL           2  2.0    53    35     592    (-,-) 
  addinc_FP32_ALU_col2_fracAdder_add_113_18_g1257/Y       -       B->Y    F     NOR2x1_ASAP7_75t_SL            3  3.0    56    25     617    (-,-) 
  addinc_FP32_ALU_col2_fracAdder_add_113_18_g1161/Y       -       A2->Y   R     OAI21xp5_ASAP7_75t_SL          3  2.5    64    38     654    (-,-) 
  addinc_FP32_ALU_col2_fracAdder_add_113_18_g1113/Y       -       A2->Y   F     AOI21x1_ASAP7_75t_SL           2  2.3    35    15     670    (-,-) 
  addinc_FP32_ALU_col2_fracAdder_add_113_18_g1104/Y       -       A->Y    R     INVx2_ASAP7_75t_SL             3  2.7    24    15     685    (-,-) 
  addinc_FP32_ALU_col2_fracAdder_add_113_18_g1089/Y       -       A2->Y   F     AOI21x1_ASAP7_75t_SL           3  2.2    26    13     698    (-,-) 
  addinc_FP32_ALU_col2_fracAdder_add_113_18_g1061/Y       -       A2->Y   R     OAI21xp5_ASAP7_75t_SL          1  1.4    45    22     721    (-,-) 
  addinc_FP32_ALU_col2_fracAdder_add_113_18_g1048/Y       -       B->Y    F     AOI21x1_ASAP7_75t_SL           1  1.2    22    13     734    (-,-) 
  addinc_FP32_ALU_col2_fracAdder_add_113_18_g1034/Y       -       B->Y    F     XOR2xp5_ASAP7_75t_SL           3  1.7    35    24     758    (-,-) 
  g30908__6131/Y                                          -       B->Y    R     NOR2xp33_ASAP7_75t_L           1  1.3    54    33     792    (-,-) 
  g30894__6260/Y                                          -       C->Y    R     AND5x2_ASAP7_75t_SL            4  4.8    36    44     836    (-,-) 
  g30883__2883/Y                                          -       A2->Y   F     AOI21x1_ASAP7_75t_SL           2  2.6    35    15     852    (-,-) 
  g30878__4733/Y                                          -       D->Y    R     NAND4xp75_ASAP7_75t_SL         1  1.8    31    19     871    (-,-) 
  g30876__5115/Y                                          -       A->Y    F     NOR2x1p5_ASAP7_75t_SL          2  2.2    23    15     886    (-,-) 
  g30875/Y                                                -       A->Y    R     INVx2_ASAP7_75t_SL             4  3.0    21    14     900    (-,-) 
  g30874/Y                                                -       A->Y    F     INVxp67_ASAP7_75t_SL           2  1.4    21    14     914    (-,-) 
  g30863__5122/Y                                          -       A2->Y   R     AOI21xp5_ASAP7_75t_L           1  1.8    50    29     943    (-,-) 
  g30852__4319/Y                                          -       D->Y    F     NAND4xp75_ASAP7_75t_SL         5  4.4    54    27     970    (-,-) 
  g30846__2398/Y                                          -       A2->Y   R     OAI21xp5_ASAP7_75t_SL          1  1.4    45    28     997    (-,-) 
  g30837__2883/Y                                          -       B->Y    F     AOI21x1_ASAP7_75t_SL           2  2.1    27    17    1014    (-,-) 
  g30836/Y                                                -       A->Y    R     INVx1_ASAP7_75t_SL             1  0.9    18    12    1026    (-,-) 
  g30832__6161/Y                                          -       A2->Y   R     OA21x2_ASAP7_75t_SL            3  3.0    23    26    1052    (-,-) 
  g30826__6131/Y                                          -       B->Y    F     NAND2x1p5_ASAP7_75t_SL         2  1.9    22    10    1062    (-,-) 
  g30823__5122/Y                                          -       A2->Y   R     O2A1O1Ixp33_ASAP7_75t_SL       1  0.9    43    23    1085    (-,-) 
  g30822__1705/Y                                          -       B2->Y   R     OA22x2_ASAP7_75t_SL            2  1.9    18    25    1110    (-,-) 
  g30818__1617/Y                                          -       B->Y    R     AND2x4_ASAP7_75t_SL            8  7.9    27    26    1135    (-,-) 
  g30817/Y                                                -       A->Y    F     INVx4_ASAP7_75t_SL             5  4.1    15     9    1145    (-,-) 
  g30810__6260/Y                                          -       A2->Y   F     AO22x2_ASAP7_75t_SL            1  2.6    19    28    1172    (-,-) 
  g30803/Y                                                -       A->Y    F     BUFx12f_ASAP7_75t_SL          24 26.3    24    26    1199    (-,-) 
  g30790/Y                                                -       A->Y    R     INVx11_ASAP7_75t_SL           20 14.6    22    14    1213    (-,-) 
  g30720__7098/Y                                          -       B2->Y   R     OA22x2_ASAP7_75t_SL            2  2.7    21    25    1238    (-,-) 
  g30640__6131/Y                                          -       B2->Y   F     OAI22x1_ASAP7_75t_SL           2  2.0    29    14    1252    (-,-) 
  g30603__5115/Y                                          -       B1->Y   R     AOI22xp5_ASAP7_75t_SL          2  1.7    48    27    1279    (-,-) 
  g30592/Y                                                -       A->Y    F     INVx1_ASAP7_75t_SL             1  0.8    19    10    1289    (-,-) 
  g30570__2346/Y                                          -       A2->Y   R     AOI21xp5_ASAP7_75t_L           2  1.1    40    22    1310    (-,-) 
  g48178/Y                                                -       A->Y    F     INVxp33_ASAP7_75t_SRAM         2  1.3    59    51    1361    (-,-) 
  inc_FP32_ALU_col2_roundingAdder_add_274_18_spec1_g567/Y -       B->Y    F     AND2x2_ASAP7_75t_SL            3  2.1    17    31    1392    (-,-) 
  inc_FP32_ALU_col2_roundingAdder_add_274_18_spec1_g527/Y -       D->Y    F     AND5x1_ASAP7_75t_SL            2  1.8    19    28    1420    (-,-) 
  inc_FP32_ALU_col2_roundingAdder_add_274_18_spec1_g518/Y -       B->Y    F     AND2x4_ASAP7_75t_SL            3  3.2    13    21    1441    (-,-) 
  inc_FP32_ALU_col2_roundingAdder_add_274_18_spec1_g506/Y -       B->Y    R     NAND2x1p5_ASAP7_75t_SL         2  2.3    24    13    1455    (-,-) 
  inc_FP32_ALU_col2_roundingAdder_add_274_18_spec1_g495/Y -       B->Y    F     NOR2x1p5_ASAP7_75t_SL          2  2.3    26    13    1468    (-,-) 
  inc_FP32_ALU_col2_roundingAdder_add_274_18_spec1_g487/Y -       B->Y    R     NAND2x1p5_ASAP7_75t_SL         3  3.5    40    20    1487    (-,-) 
  inc_FP32_ALU_col2_roundingAdder_add_274_18_spec1_g481/Y -       B->Y    F     NOR2x1p5_ASAP7_75t_SL          2  2.4    27    15    1502    (-,-) 
  inc_FP32_ALU_col2_roundingAdder_add_274_18_spec1_g478/Y -       B->Y    R     NAND2x1p5_ASAP7_75t_SL         2  1.9    34    15    1518    (-,-) 
  inc_FP32_ALU_col2_roundingAdder_add_274_18_spec1_g475/Y -       B->Y    F     NOR2x1_ASAP7_75t_SL            2  1.6    27    16    1533    (-,-) 
  inc_FP32_ALU_col2_roundingAdder_add_274_18_spec1_g473/Y -       B->Y    F     AND2x2_ASAP7_75t_SL            2  1.4    14    23    1557    (-,-) 
  inc_FP32_ALU_col2_roundingAdder_add_274_18_spec1_g470/Y -       B->Y    R     NAND2xp5_ASAP7_75t_SL          1  1.3    37    16    1572    (-,-) 
  inc_FP32_ALU_col2_roundingAdder_add_274_18_spec1_g468/Y -       B->Y    R     XOR2xp5_ASAP7_75t_SL           1  0.8    29    25    1597    (-,-) 
  g29263/Y                                                -       A2->Y   F     AOI21xp5_ASAP7_75t_L           2  1.5    32    20    1617    (-,-) 
  g29244/Y                                                -       B->Y    F     OR2x2_ASAP7_75t_SL             1  1.3    14    26    1643    (-,-) 
  g29241/Y                                                -       A->Y    R     NOR2x1_ASAP7_75t_L             1  1.4    30    16    1660    (-,-) 
  g29234/Y                                                -       A1->Y   F     AOI21x1_ASAP7_75t_SL          10  7.2    65    31    1691    (-,-) 
  g29225/Y                                                -       B->Y    F     AND2x2_ASAP7_75t_L            17 12.2    56    60    1751    (-,-) 
  g29198/Y                                                -       B->Y    R     NAND2x1p5_ASAP7_75t_SL         2  1.4    27    18    1769    (-,-) 
  g29188/Y                                                -       A->Y    F     INVx1_ASAP7_75t_L              2  1.5    19    15    1784    (-,-) 
  g29131/Y                                                -       B1->Y   R     AOI221xp5_ASAP7_75t_SL         1  0.9    68    23    1807    (-,-) 
  PIPE_OUT_col2_stage_reg_reg[0][6]/D                     -       -       R     ASYNC_DFFHx1_ASAP7_75t_SL      1    -     -     0    1807    (-,-) 
#--------------------------------------------------------------------------------------------------------------------------------------------------



Path 30: MET (76 ps) Setup Check with Pin PIPE_OUT_col2_stage_reg_reg[0][5]/CLK->D
           View: PVT_0P63V_100C.setup_view
          Group: clk
     Startpoint: (R) PIPE_cascade_in_col2_stage_reg_reg[0][3]/CLK
          Clock: (R) clk
       Endpoint: (R) PIPE_OUT_col2_stage_reg_reg[0][5]/D
          Clock: (R) clk

                     Capture       Launch     
        Clock Edge:+    2000            0     
       Src Latency:+       0            0     
       Net Latency:+       0 (I)        0 (I) 
           Arrival:=    2000            0     
                                              
             Setup:-      17                  
       Uncertainty:-     100                  
     Required Time:=    1883                  
      Launch Clock:-       0                  
         Data Path:-    1807                  
             Slack:=      76                  

#--------------------------------------------------------------------------------------------------------------------------------------------------
#                      Timing Point                       Flags    Arc    Edge           Cell             Fanout Load Trans Delay Arrival Instance 
#                                                                                                                (fF)  (ps)  (ps)   (ps)  Location 
#--------------------------------------------------------------------------------------------------------------------------------------------------
  PIPE_cascade_in_col2_stage_reg_reg[0][3]/CLK            -       -       R     (arrival)                   1073    -     0     0       0    (-,-) 
  PIPE_cascade_in_col2_stage_reg_reg[0][3]/QN             -       CLK->QN R     ASYNC_DFFHx1_ASAP7_75t_SL      1  0.8    24    48      48    (-,-) 
  g47518/Y                                                -       B->Y    R     AND2x2_ASAP7_75t_SL            1  1.4    18    21      69    (-,-) 
  g47459/Y                                                -       B->Y    F     AOI21x1_ASAP7_75t_SL           3  2.0    51    13      82    (-,-) 
  g46669/Y                                                -       B->Y    R     AOI31xp33_ASAP7_75t_SL         1  0.8    46    30     112    (-,-) 
  g46648/Y                                                -       C->Y    F     O2A1O1Ixp5_ASAP7_75t_SL        1  0.8    28    16     128    (-,-) 
  g46640__6161/Y                                          -       C->Y    R     O2A1O1Ixp5_ASAP7_75t_SL        1  0.9    35    20     149    (-,-) 
  g46621__6260/Y                                          -       A2->Y   F     OAI21xp5_ASAP7_75t_SL          2  1.5    39    19     168    (-,-) 
  g46615__1666/Y                                          -       A->Y    R     NAND3xp33_ASAP7_75t_SL         1  1.1    35    20     188    (-,-) 
  g46610__9945/Y                                          -       A1->Y   F     AOI211x1_ASAP7_75t_SL          1  0.8    34    17     205    (-,-) 
  g46571__7482/Y                                          -       B->Y    F     OR2x2_ASAP7_75t_SL             8  8.0    36    40     245    (-,-) 
  g46503__1881/Y                                          -       A2->Y   F     OA22x2_ASAP7_75t_SL            2  2.4    19    32     277    (-,-) 
  g46338__2883/Y                                          -       B->Y    R     NAND4xp75_ASAP7_75t_SL         1  2.2    38    15     292    (-,-) 
  g46312__8428/Y                                          -       A->Y    F     NOR2x2_ASAP7_75t_SL            4  3.7    29    20     312    (-,-) 
  g46304__6417/Y                                          -       B->Y    R     NAND2x1p5_ASAP7_75t_SL         4  3.6    36    21     332    (-,-) 
  g46300/Y                                                -       A->Y    F     INVx2_ASAP7_75t_SL             3  4.0    24    15     347    (-,-) 
  g46287__7482/Y                                          -       B->Y    R     NAND2x1p5_ASAP7_75t_SL         3  1.9    21    14     362    (-,-) 
  g46210__5526/Y                                          -       B->Y    F     NAND2xp5_ASAP7_75t_SL          1  1.3    24    15     377    (-,-) 
  g46204__5477/Y                                          -       A->Y    F     AND2x6_ASAP7_75t_SL           21 20.9    33    38     415    (-,-) 
  g46186/Y                                                -       A->Y    R     INVx8_ASAP7_75t_SL            23 17.4    32    20     435    (-,-) 
  g46114__6783/Y                                          -       A2->Y   F     AOI22xp5_ASAP7_75t_SL          1  0.8    32    16     450    (-,-) 
  g46055__6417/Y                                          -       B->Y    R     NAND2xp5_ASAP7_75t_L           2  1.4    34    25     475    (-,-) 
  g46041/Y                                                -       A->Y    F     INVxp67_ASAP7_75t_SL           1  0.9    20    12     487    (-,-) 
  g45992__6783/Y                                          -       A2->Y   R     AOI22xp5_ASAP7_75t_SL          2  1.3    42    20     508    (-,-) 
  g45929__6131/Y                                          -       B->Y    F     NOR2xp33_ASAP7_75t_L           1  0.8    38    25     533    (-,-) 
  g45833__7098/Y                                          -       B->Y    R     AOI21xp5_ASAP7_75t_SL          1  1.3    40    24     558    (-,-) 
  g45796__6783/Y                                          -       B->Y    R     XOR2xp5_ASAP7_75t_SL           2  2.0    53    35     592    (-,-) 
  addinc_FP32_ALU_col2_fracAdder_add_113_18_g1257/Y       -       B->Y    F     NOR2x1_ASAP7_75t_SL            3  3.0    56    25     617    (-,-) 
  addinc_FP32_ALU_col2_fracAdder_add_113_18_g1161/Y       -       A2->Y   R     OAI21xp5_ASAP7_75t_SL          3  2.5    64    38     654    (-,-) 
  addinc_FP32_ALU_col2_fracAdder_add_113_18_g1113/Y       -       A2->Y   F     AOI21x1_ASAP7_75t_SL           2  2.3    35    15     670    (-,-) 
  addinc_FP32_ALU_col2_fracAdder_add_113_18_g1104/Y       -       A->Y    R     INVx2_ASAP7_75t_SL             3  2.7    24    15     685    (-,-) 
  addinc_FP32_ALU_col2_fracAdder_add_113_18_g1089/Y       -       A2->Y   F     AOI21x1_ASAP7_75t_SL           3  2.2    26    13     698    (-,-) 
  addinc_FP32_ALU_col2_fracAdder_add_113_18_g1061/Y       -       A2->Y   R     OAI21xp5_ASAP7_75t_SL          1  1.4    45    22     721    (-,-) 
  addinc_FP32_ALU_col2_fracAdder_add_113_18_g1048/Y       -       B->Y    F     AOI21x1_ASAP7_75t_SL           1  1.2    22    13     734    (-,-) 
  addinc_FP32_ALU_col2_fracAdder_add_113_18_g1034/Y       -       B->Y    F     XOR2xp5_ASAP7_75t_SL           3  1.7    35    24     758    (-,-) 
  g30908__6131/Y                                          -       B->Y    R     NOR2xp33_ASAP7_75t_L           1  1.3    54    33     792    (-,-) 
  g30894__6260/Y                                          -       C->Y    R     AND5x2_ASAP7_75t_SL            4  4.8    36    44     836    (-,-) 
  g30883__2883/Y                                          -       A2->Y   F     AOI21x1_ASAP7_75t_SL           2  2.6    35    15     852    (-,-) 
  g30878__4733/Y                                          -       D->Y    R     NAND4xp75_ASAP7_75t_SL         1  1.8    31    19     871    (-,-) 
  g30876__5115/Y                                          -       A->Y    F     NOR2x1p5_ASAP7_75t_SL          2  2.2    23    15     886    (-,-) 
  g30875/Y                                                -       A->Y    R     INVx2_ASAP7_75t_SL             4  3.0    21    14     900    (-,-) 
  g30874/Y                                                -       A->Y    F     INVxp67_ASAP7_75t_SL           2  1.4    21    14     914    (-,-) 
  g30863__5122/Y                                          -       A2->Y   R     AOI21xp5_ASAP7_75t_L           1  1.8    50    29     943    (-,-) 
  g30852__4319/Y                                          -       D->Y    F     NAND4xp75_ASAP7_75t_SL         5  4.4    54    27     970    (-,-) 
  g30846__2398/Y                                          -       A2->Y   R     OAI21xp5_ASAP7_75t_SL          1  1.4    45    28     997    (-,-) 
  g30837__2883/Y                                          -       B->Y    F     AOI21x1_ASAP7_75t_SL           2  2.1    27    17    1014    (-,-) 
  g30836/Y                                                -       A->Y    R     INVx1_ASAP7_75t_SL             1  0.9    18    12    1026    (-,-) 
  g30832__6161/Y                                          -       A2->Y   R     OA21x2_ASAP7_75t_SL            3  3.0    23    26    1052    (-,-) 
  g30826__6131/Y                                          -       B->Y    F     NAND2x1p5_ASAP7_75t_SL         2  1.9    22    10    1062    (-,-) 
  g30823__5122/Y                                          -       A2->Y   R     O2A1O1Ixp33_ASAP7_75t_SL       1  0.9    43    23    1085    (-,-) 
  g30822__1705/Y                                          -       B2->Y   R     OA22x2_ASAP7_75t_SL            2  1.9    18    25    1110    (-,-) 
  g30818__1617/Y                                          -       B->Y    R     AND2x4_ASAP7_75t_SL            8  7.9    27    26    1135    (-,-) 
  g30817/Y                                                -       A->Y    F     INVx4_ASAP7_75t_SL             5  4.1    15     9    1145    (-,-) 
  g30810__6260/Y                                          -       A2->Y   F     AO22x2_ASAP7_75t_SL            1  2.6    19    28    1172    (-,-) 
  g30803/Y                                                -       A->Y    F     BUFx12f_ASAP7_75t_SL          24 26.3    24    26    1199    (-,-) 
  g30790/Y                                                -       A->Y    R     INVx11_ASAP7_75t_SL           20 14.6    22    14    1213    (-,-) 
  g30720__7098/Y                                          -       B2->Y   R     OA22x2_ASAP7_75t_SL            2  2.7    21    25    1238    (-,-) 
  g30640__6131/Y                                          -       B2->Y   F     OAI22x1_ASAP7_75t_SL           2  2.0    29    14    1252    (-,-) 
  g30603__5115/Y                                          -       B1->Y   R     AOI22xp5_ASAP7_75t_SL          2  1.7    48    27    1279    (-,-) 
  g30592/Y                                                -       A->Y    F     INVx1_ASAP7_75t_SL             1  0.8    19    10    1289    (-,-) 
  g30570__2346/Y                                          -       A2->Y   R     AOI21xp5_ASAP7_75t_L           2  1.1    40    22    1310    (-,-) 
  g48178/Y                                                -       A->Y    F     INVxp33_ASAP7_75t_SRAM         2  1.3    59    51    1361    (-,-) 
  inc_FP32_ALU_col2_roundingAdder_add_274_18_spec1_g567/Y -       B->Y    F     AND2x2_ASAP7_75t_SL            3  2.1    17    31    1392    (-,-) 
  inc_FP32_ALU_col2_roundingAdder_add_274_18_spec1_g527/Y -       D->Y    F     AND5x1_ASAP7_75t_SL            2  1.8    19    28    1420    (-,-) 
  inc_FP32_ALU_col2_roundingAdder_add_274_18_spec1_g518/Y -       B->Y    F     AND2x4_ASAP7_75t_SL            3  3.2    13    21    1441    (-,-) 
  inc_FP32_ALU_col2_roundingAdder_add_274_18_spec1_g506/Y -       B->Y    R     NAND2x1p5_ASAP7_75t_SL         2  2.3    24    13    1455    (-,-) 
  inc_FP32_ALU_col2_roundingAdder_add_274_18_spec1_g495/Y -       B->Y    F     NOR2x1p5_ASAP7_75t_SL          2  2.3    26    13    1468    (-,-) 
  inc_FP32_ALU_col2_roundingAdder_add_274_18_spec1_g487/Y -       B->Y    R     NAND2x1p5_ASAP7_75t_SL         3  3.5    40    20    1487    (-,-) 
  inc_FP32_ALU_col2_roundingAdder_add_274_18_spec1_g481/Y -       B->Y    F     NOR2x1p5_ASAP7_75t_SL          2  2.4    27    15    1502    (-,-) 
  inc_FP32_ALU_col2_roundingAdder_add_274_18_spec1_g478/Y -       B->Y    R     NAND2x1p5_ASAP7_75t_SL         2  1.9    34    15    1518    (-,-) 
  inc_FP32_ALU_col2_roundingAdder_add_274_18_spec1_g475/Y -       B->Y    F     NOR2x1_ASAP7_75t_SL            2  1.6    27    16    1533    (-,-) 
  inc_FP32_ALU_col2_roundingAdder_add_274_18_spec1_g473/Y -       B->Y    F     AND2x2_ASAP7_75t_SL            2  1.4    14    23    1557    (-,-) 
  inc_FP32_ALU_col2_roundingAdder_add_274_18_spec1_g470/Y -       B->Y    R     NAND2xp5_ASAP7_75t_SL          1  1.3    37    16    1572    (-,-) 
  inc_FP32_ALU_col2_roundingAdder_add_274_18_spec1_g468/Y -       B->Y    R     XOR2xp5_ASAP7_75t_SL           1  0.8    29    25    1597    (-,-) 
  g29263/Y                                                -       A2->Y   F     AOI21xp5_ASAP7_75t_L           2  1.5    32    20    1617    (-,-) 
  g29244/Y                                                -       B->Y    F     OR2x2_ASAP7_75t_SL             1  1.3    14    26    1643    (-,-) 
  g29241/Y                                                -       A->Y    R     NOR2x1_ASAP7_75t_L             1  1.4    30    16    1660    (-,-) 
  g29234/Y                                                -       A1->Y   F     AOI21x1_ASAP7_75t_SL          10  7.2    65    31    1691    (-,-) 
  g29225/Y                                                -       B->Y    F     AND2x2_ASAP7_75t_L            17 12.2    56    60    1751    (-,-) 
  g29198/Y                                                -       B->Y    R     NAND2x1p5_ASAP7_75t_SL         2  1.4    27    18    1769    (-,-) 
  g29188/Y                                                -       A->Y    F     INVx1_ASAP7_75t_L              2  1.5    19    15    1784    (-,-) 
  g29130/Y                                                -       B1->Y   R     AOI221xp5_ASAP7_75t_SL         1  0.9    68    23    1807    (-,-) 
  PIPE_OUT_col2_stage_reg_reg[0][5]/D                     -       -       R     ASYNC_DFFHx1_ASAP7_75t_SL      1    -     -     0    1807    (-,-) 
#--------------------------------------------------------------------------------------------------------------------------------------------------



Path 31: MET (82 ps) Setup Check with Pin PIPE_OUT_col2_stage_reg_reg[0][22]/CLK->D
           View: PVT_0P63V_100C.setup_view
          Group: clk
     Startpoint: (R) PIPE_cascade_in_col2_stage_reg_reg[0][3]/CLK
          Clock: (R) clk
       Endpoint: (R) PIPE_OUT_col2_stage_reg_reg[0][22]/D
          Clock: (R) clk

                     Capture       Launch     
        Clock Edge:+    2000            0     
       Src Latency:+       0            0     
       Net Latency:+       0 (I)        0 (I) 
           Arrival:=    2000            0     
                                              
             Setup:-      17                  
       Uncertainty:-     100                  
     Required Time:=    1883                  
      Launch Clock:-       0                  
         Data Path:-    1801                  
             Slack:=      82                  

#--------------------------------------------------------------------------------------------------------------------------------------------------
#                      Timing Point                       Flags    Arc    Edge           Cell             Fanout Load Trans Delay Arrival Instance 
#                                                                                                                (fF)  (ps)  (ps)   (ps)  Location 
#--------------------------------------------------------------------------------------------------------------------------------------------------
  PIPE_cascade_in_col2_stage_reg_reg[0][3]/CLK            -       -       R     (arrival)                   1073    -     0     0       0    (-,-) 
  PIPE_cascade_in_col2_stage_reg_reg[0][3]/QN             -       CLK->QN R     ASYNC_DFFHx1_ASAP7_75t_SL      1  0.8    24    48      48    (-,-) 
  g47518/Y                                                -       B->Y    R     AND2x2_ASAP7_75t_SL            1  1.4    18    21      69    (-,-) 
  g47459/Y                                                -       B->Y    F     AOI21x1_ASAP7_75t_SL           3  2.0    51    13      82    (-,-) 
  g46669/Y                                                -       B->Y    R     AOI31xp33_ASAP7_75t_SL         1  0.8    46    30     112    (-,-) 
  g46648/Y                                                -       C->Y    F     O2A1O1Ixp5_ASAP7_75t_SL        1  0.8    28    16     128    (-,-) 
  g46640__6161/Y                                          -       C->Y    R     O2A1O1Ixp5_ASAP7_75t_SL        1  0.9    35    20     149    (-,-) 
  g46621__6260/Y                                          -       A2->Y   F     OAI21xp5_ASAP7_75t_SL          2  1.5    39    19     168    (-,-) 
  g46615__1666/Y                                          -       A->Y    R     NAND3xp33_ASAP7_75t_SL         1  1.1    35    20     188    (-,-) 
  g46610__9945/Y                                          -       A1->Y   F     AOI211x1_ASAP7_75t_SL          1  0.8    34    17     205    (-,-) 
  g46571__7482/Y                                          -       B->Y    F     OR2x2_ASAP7_75t_SL             8  8.0    36    40     245    (-,-) 
  g46503__1881/Y                                          -       A2->Y   F     OA22x2_ASAP7_75t_SL            2  2.4    19    32     277    (-,-) 
  g46338__2883/Y                                          -       B->Y    R     NAND4xp75_ASAP7_75t_SL         1  2.2    38    15     292    (-,-) 
  g46312__8428/Y                                          -       A->Y    F     NOR2x2_ASAP7_75t_SL            4  3.7    29    20     312    (-,-) 
  g46304__6417/Y                                          -       B->Y    R     NAND2x1p5_ASAP7_75t_SL         4  3.6    36    21     332    (-,-) 
  g46300/Y                                                -       A->Y    F     INVx2_ASAP7_75t_SL             3  4.0    24    15     347    (-,-) 
  g46287__7482/Y                                          -       B->Y    R     NAND2x1p5_ASAP7_75t_SL         3  1.9    21    14     362    (-,-) 
  g46210__5526/Y                                          -       B->Y    F     NAND2xp5_ASAP7_75t_SL          1  1.3    24    15     377    (-,-) 
  g46204__5477/Y                                          -       A->Y    F     AND2x6_ASAP7_75t_SL           21 20.9    33    38     415    (-,-) 
  g46186/Y                                                -       A->Y    R     INVx8_ASAP7_75t_SL            23 17.4    32    20     435    (-,-) 
  g46114__6783/Y                                          -       A2->Y   F     AOI22xp5_ASAP7_75t_SL          1  0.8    32    16     450    (-,-) 
  g46055__6417/Y                                          -       B->Y    R     NAND2xp5_ASAP7_75t_L           2  1.4    34    25     475    (-,-) 
  g46041/Y                                                -       A->Y    F     INVxp67_ASAP7_75t_SL           1  0.9    20    12     487    (-,-) 
  g45992__6783/Y                                          -       A2->Y   R     AOI22xp5_ASAP7_75t_SL          2  1.3    42    20     508    (-,-) 
  g45929__6131/Y                                          -       B->Y    F     NOR2xp33_ASAP7_75t_L           1  0.8    38    25     533    (-,-) 
  g45833__7098/Y                                          -       B->Y    R     AOI21xp5_ASAP7_75t_SL          1  1.3    40    24     558    (-,-) 
  g45796__6783/Y                                          -       B->Y    R     XOR2xp5_ASAP7_75t_SL           2  2.0    53    35     592    (-,-) 
  addinc_FP32_ALU_col2_fracAdder_add_113_18_g1257/Y       -       B->Y    F     NOR2x1_ASAP7_75t_SL            3  3.0    56    25     617    (-,-) 
  addinc_FP32_ALU_col2_fracAdder_add_113_18_g1161/Y       -       A2->Y   R     OAI21xp5_ASAP7_75t_SL          3  2.5    64    38     654    (-,-) 
  addinc_FP32_ALU_col2_fracAdder_add_113_18_g1113/Y       -       A2->Y   F     AOI21x1_ASAP7_75t_SL           2  2.3    35    15     670    (-,-) 
  addinc_FP32_ALU_col2_fracAdder_add_113_18_g1104/Y       -       A->Y    R     INVx2_ASAP7_75t_SL             3  2.7    24    15     685    (-,-) 
  addinc_FP32_ALU_col2_fracAdder_add_113_18_g1089/Y       -       A2->Y   F     AOI21x1_ASAP7_75t_SL           3  2.2    26    13     698    (-,-) 
  addinc_FP32_ALU_col2_fracAdder_add_113_18_g1061/Y       -       A2->Y   R     OAI21xp5_ASAP7_75t_SL          1  1.4    45    22     721    (-,-) 
  addinc_FP32_ALU_col2_fracAdder_add_113_18_g1048/Y       -       B->Y    F     AOI21x1_ASAP7_75t_SL           1  1.2    22    13     734    (-,-) 
  addinc_FP32_ALU_col2_fracAdder_add_113_18_g1034/Y       -       B->Y    F     XOR2xp5_ASAP7_75t_SL           3  1.7    35    24     758    (-,-) 
  g30908__6131/Y                                          -       B->Y    R     NOR2xp33_ASAP7_75t_L           1  1.3    54    33     792    (-,-) 
  g30894__6260/Y                                          -       C->Y    R     AND5x2_ASAP7_75t_SL            4  4.8    36    44     836    (-,-) 
  g30883__2883/Y                                          -       A2->Y   F     AOI21x1_ASAP7_75t_SL           2  2.6    35    15     852    (-,-) 
  g30878__4733/Y                                          -       D->Y    R     NAND4xp75_ASAP7_75t_SL         1  1.8    31    19     871    (-,-) 
  g30876__5115/Y                                          -       A->Y    F     NOR2x1p5_ASAP7_75t_SL          2  2.2    23    15     886    (-,-) 
  g30875/Y                                                -       A->Y    R     INVx2_ASAP7_75t_SL             4  3.0    21    14     900    (-,-) 
  g30874/Y                                                -       A->Y    F     INVxp67_ASAP7_75t_SL           2  1.4    21    14     914    (-,-) 
  g30863__5122/Y                                          -       A2->Y   R     AOI21xp5_ASAP7_75t_L           1  1.8    50    29     943    (-,-) 
  g30852__4319/Y                                          -       D->Y    F     NAND4xp75_ASAP7_75t_SL         5  4.4    54    27     970    (-,-) 
  g30846__2398/Y                                          -       A2->Y   R     OAI21xp5_ASAP7_75t_SL          1  1.4    45    28     997    (-,-) 
  g30837__2883/Y                                          -       B->Y    F     AOI21x1_ASAP7_75t_SL           2  2.1    27    17    1014    (-,-) 
  g30836/Y                                                -       A->Y    R     INVx1_ASAP7_75t_SL             1  0.9    18    12    1026    (-,-) 
  g30832__6161/Y                                          -       A2->Y   R     OA21x2_ASAP7_75t_SL            3  3.0    23    26    1052    (-,-) 
  g30826__6131/Y                                          -       B->Y    F     NAND2x1p5_ASAP7_75t_SL         2  1.9    22    10    1062    (-,-) 
  g30823__5122/Y                                          -       A2->Y   R     O2A1O1Ixp33_ASAP7_75t_SL       1  0.9    43    23    1085    (-,-) 
  g30822__1705/Y                                          -       B2->Y   R     OA22x2_ASAP7_75t_SL            2  1.9    18    25    1110    (-,-) 
  g30818__1617/Y                                          -       B->Y    R     AND2x4_ASAP7_75t_SL            8  7.9    27    26    1135    (-,-) 
  g30817/Y                                                -       A->Y    F     INVx4_ASAP7_75t_SL             5  4.1    15     9    1145    (-,-) 
  g30810__6260/Y                                          -       A2->Y   F     AO22x2_ASAP7_75t_SL            1  2.6    19    28    1172    (-,-) 
  g30803/Y                                                -       A->Y    F     BUFx12f_ASAP7_75t_SL          24 26.3    24    26    1199    (-,-) 
  g30790/Y                                                -       A->Y    R     INVx11_ASAP7_75t_SL           20 14.6    22    14    1213    (-,-) 
  g30720__7098/Y                                          -       B2->Y   R     OA22x2_ASAP7_75t_SL            2  2.7    21    25    1238    (-,-) 
  g30640__6131/Y                                          -       B2->Y   F     OAI22x1_ASAP7_75t_SL           2  2.0    29    14    1252    (-,-) 
  g30603__5115/Y                                          -       B1->Y   R     AOI22xp5_ASAP7_75t_SL          2  1.7    48    27    1279    (-,-) 
  g30592/Y                                                -       A->Y    F     INVx1_ASAP7_75t_SL             1  0.8    19    10    1289    (-,-) 
  g30570__2346/Y                                          -       A2->Y   R     AOI21xp5_ASAP7_75t_L           2  1.1    40    22    1310    (-,-) 
  g48178/Y                                                -       A->Y    F     INVxp33_ASAP7_75t_SRAM         2  1.3    59    51    1361    (-,-) 
  inc_FP32_ALU_col2_roundingAdder_add_274_18_spec1_g567/Y -       B->Y    F     AND2x2_ASAP7_75t_SL            3  2.1    17    31    1392    (-,-) 
  inc_FP32_ALU_col2_roundingAdder_add_274_18_spec1_g527/Y -       D->Y    F     AND5x1_ASAP7_75t_SL            2  1.8    19    28    1420    (-,-) 
  inc_FP32_ALU_col2_roundingAdder_add_274_18_spec1_g518/Y -       B->Y    F     AND2x4_ASAP7_75t_SL            3  3.2    13    21    1441    (-,-) 
  inc_FP32_ALU_col2_roundingAdder_add_274_18_spec1_g506/Y -       B->Y    R     NAND2x1p5_ASAP7_75t_SL         2  2.3    24    13    1455    (-,-) 
  inc_FP32_ALU_col2_roundingAdder_add_274_18_spec1_g495/Y -       B->Y    F     NOR2x1p5_ASAP7_75t_SL          2  2.3    26    13    1468    (-,-) 
  inc_FP32_ALU_col2_roundingAdder_add_274_18_spec1_g487/Y -       B->Y    R     NAND2x1p5_ASAP7_75t_SL         3  3.5    40    20    1487    (-,-) 
  inc_FP32_ALU_col2_roundingAdder_add_274_18_spec1_g481/Y -       B->Y    F     NOR2x1p5_ASAP7_75t_SL          2  2.4    27    15    1502    (-,-) 
  inc_FP32_ALU_col2_roundingAdder_add_274_18_spec1_g478/Y -       B->Y    R     NAND2x1p5_ASAP7_75t_SL         2  1.9    34    15    1518    (-,-) 
  inc_FP32_ALU_col2_roundingAdder_add_274_18_spec1_g475/Y -       B->Y    F     NOR2x1_ASAP7_75t_SL            2  1.6    27    16    1533    (-,-) 
  inc_FP32_ALU_col2_roundingAdder_add_274_18_spec1_g473/Y -       B->Y    F     AND2x2_ASAP7_75t_SL            2  1.4    14    23    1557    (-,-) 
  inc_FP32_ALU_col2_roundingAdder_add_274_18_spec1_g470/Y -       B->Y    R     NAND2xp5_ASAP7_75t_SL          1  1.3    37    16    1572    (-,-) 
  inc_FP32_ALU_col2_roundingAdder_add_274_18_spec1_g468/Y -       B->Y    R     XOR2xp5_ASAP7_75t_SL           1  0.8    29    25    1597    (-,-) 
  g29263/Y                                                -       A2->Y   F     AOI21xp5_ASAP7_75t_L           2  1.5    32    20    1617    (-,-) 
  g29244/Y                                                -       B->Y    F     OR2x2_ASAP7_75t_SL             1  1.3    14    26    1643    (-,-) 
  g29241/Y                                                -       A->Y    R     NOR2x1_ASAP7_75t_L             1  1.4    30    16    1660    (-,-) 
  g29234/Y                                                -       A1->Y   F     AOI21x1_ASAP7_75t_SL          10  7.2    65    31    1691    (-,-) 
  g29227/Y                                                -       B->Y    R     NAND2x1_ASAP7_75t_L            6  7.0    94    61    1752    (-,-) 
  g29216/Y                                                -       A->Y    F     INVx5_ASAP7_75t_SL            18 11.9    42    22    1774    (-,-) 
  g29156/Y                                                -       B1->Y   R     AOI221xp5_ASAP7_75t_SL         1  0.9    68    28    1801    (-,-) 
  PIPE_OUT_col2_stage_reg_reg[0][22]/D                    -       -       R     ASYNC_DFFHx1_ASAP7_75t_SL      1    -     -     0    1801    (-,-) 
#--------------------------------------------------------------------------------------------------------------------------------------------------



Path 32: MET (82 ps) Setup Check with Pin PIPE_OUT_col2_stage_reg_reg[0][21]/CLK->D
           View: PVT_0P63V_100C.setup_view
          Group: clk
     Startpoint: (R) PIPE_cascade_in_col2_stage_reg_reg[0][3]/CLK
          Clock: (R) clk
       Endpoint: (R) PIPE_OUT_col2_stage_reg_reg[0][21]/D
          Clock: (R) clk

                     Capture       Launch     
        Clock Edge:+    2000            0     
       Src Latency:+       0            0     
       Net Latency:+       0 (I)        0 (I) 
           Arrival:=    2000            0     
                                              
             Setup:-      17                  
       Uncertainty:-     100                  
     Required Time:=    1883                  
      Launch Clock:-       0                  
         Data Path:-    1801                  
             Slack:=      82                  

#--------------------------------------------------------------------------------------------------------------------------------------------------
#                      Timing Point                       Flags    Arc    Edge           Cell             Fanout Load Trans Delay Arrival Instance 
#                                                                                                                (fF)  (ps)  (ps)   (ps)  Location 
#--------------------------------------------------------------------------------------------------------------------------------------------------
  PIPE_cascade_in_col2_stage_reg_reg[0][3]/CLK            -       -       R     (arrival)                   1073    -     0     0       0    (-,-) 
  PIPE_cascade_in_col2_stage_reg_reg[0][3]/QN             -       CLK->QN R     ASYNC_DFFHx1_ASAP7_75t_SL      1  0.8    24    48      48    (-,-) 
  g47518/Y                                                -       B->Y    R     AND2x2_ASAP7_75t_SL            1  1.4    18    21      69    (-,-) 
  g47459/Y                                                -       B->Y    F     AOI21x1_ASAP7_75t_SL           3  2.0    51    13      82    (-,-) 
  g46669/Y                                                -       B->Y    R     AOI31xp33_ASAP7_75t_SL         1  0.8    46    30     112    (-,-) 
  g46648/Y                                                -       C->Y    F     O2A1O1Ixp5_ASAP7_75t_SL        1  0.8    28    16     128    (-,-) 
  g46640__6161/Y                                          -       C->Y    R     O2A1O1Ixp5_ASAP7_75t_SL        1  0.9    35    20     149    (-,-) 
  g46621__6260/Y                                          -       A2->Y   F     OAI21xp5_ASAP7_75t_SL          2  1.5    39    19     168    (-,-) 
  g46615__1666/Y                                          -       A->Y    R     NAND3xp33_ASAP7_75t_SL         1  1.1    35    20     188    (-,-) 
  g46610__9945/Y                                          -       A1->Y   F     AOI211x1_ASAP7_75t_SL          1  0.8    34    17     205    (-,-) 
  g46571__7482/Y                                          -       B->Y    F     OR2x2_ASAP7_75t_SL             8  8.0    36    40     245    (-,-) 
  g46503__1881/Y                                          -       A2->Y   F     OA22x2_ASAP7_75t_SL            2  2.4    19    32     277    (-,-) 
  g46338__2883/Y                                          -       B->Y    R     NAND4xp75_ASAP7_75t_SL         1  2.2    38    15     292    (-,-) 
  g46312__8428/Y                                          -       A->Y    F     NOR2x2_ASAP7_75t_SL            4  3.7    29    20     312    (-,-) 
  g46304__6417/Y                                          -       B->Y    R     NAND2x1p5_ASAP7_75t_SL         4  3.6    36    21     332    (-,-) 
  g46300/Y                                                -       A->Y    F     INVx2_ASAP7_75t_SL             3  4.0    24    15     347    (-,-) 
  g46287__7482/Y                                          -       B->Y    R     NAND2x1p5_ASAP7_75t_SL         3  1.9    21    14     362    (-,-) 
  g46210__5526/Y                                          -       B->Y    F     NAND2xp5_ASAP7_75t_SL          1  1.3    24    15     377    (-,-) 
  g46204__5477/Y                                          -       A->Y    F     AND2x6_ASAP7_75t_SL           21 20.9    33    38     415    (-,-) 
  g46186/Y                                                -       A->Y    R     INVx8_ASAP7_75t_SL            23 17.4    32    20     435    (-,-) 
  g46114__6783/Y                                          -       A2->Y   F     AOI22xp5_ASAP7_75t_SL          1  0.8    32    16     450    (-,-) 
  g46055__6417/Y                                          -       B->Y    R     NAND2xp5_ASAP7_75t_L           2  1.4    34    25     475    (-,-) 
  g46041/Y                                                -       A->Y    F     INVxp67_ASAP7_75t_SL           1  0.9    20    12     487    (-,-) 
  g45992__6783/Y                                          -       A2->Y   R     AOI22xp5_ASAP7_75t_SL          2  1.3    42    20     508    (-,-) 
  g45929__6131/Y                                          -       B->Y    F     NOR2xp33_ASAP7_75t_L           1  0.8    38    25     533    (-,-) 
  g45833__7098/Y                                          -       B->Y    R     AOI21xp5_ASAP7_75t_SL          1  1.3    40    24     558    (-,-) 
  g45796__6783/Y                                          -       B->Y    R     XOR2xp5_ASAP7_75t_SL           2  2.0    53    35     592    (-,-) 
  addinc_FP32_ALU_col2_fracAdder_add_113_18_g1257/Y       -       B->Y    F     NOR2x1_ASAP7_75t_SL            3  3.0    56    25     617    (-,-) 
  addinc_FP32_ALU_col2_fracAdder_add_113_18_g1161/Y       -       A2->Y   R     OAI21xp5_ASAP7_75t_SL          3  2.5    64    38     654    (-,-) 
  addinc_FP32_ALU_col2_fracAdder_add_113_18_g1113/Y       -       A2->Y   F     AOI21x1_ASAP7_75t_SL           2  2.3    35    15     670    (-,-) 
  addinc_FP32_ALU_col2_fracAdder_add_113_18_g1104/Y       -       A->Y    R     INVx2_ASAP7_75t_SL             3  2.7    24    15     685    (-,-) 
  addinc_FP32_ALU_col2_fracAdder_add_113_18_g1089/Y       -       A2->Y   F     AOI21x1_ASAP7_75t_SL           3  2.2    26    13     698    (-,-) 
  addinc_FP32_ALU_col2_fracAdder_add_113_18_g1061/Y       -       A2->Y   R     OAI21xp5_ASAP7_75t_SL          1  1.4    45    22     721    (-,-) 
  addinc_FP32_ALU_col2_fracAdder_add_113_18_g1048/Y       -       B->Y    F     AOI21x1_ASAP7_75t_SL           1  1.2    22    13     734    (-,-) 
  addinc_FP32_ALU_col2_fracAdder_add_113_18_g1034/Y       -       B->Y    F     XOR2xp5_ASAP7_75t_SL           3  1.7    35    24     758    (-,-) 
  g30908__6131/Y                                          -       B->Y    R     NOR2xp33_ASAP7_75t_L           1  1.3    54    33     792    (-,-) 
  g30894__6260/Y                                          -       C->Y    R     AND5x2_ASAP7_75t_SL            4  4.8    36    44     836    (-,-) 
  g30883__2883/Y                                          -       A2->Y   F     AOI21x1_ASAP7_75t_SL           2  2.6    35    15     852    (-,-) 
  g30878__4733/Y                                          -       D->Y    R     NAND4xp75_ASAP7_75t_SL         1  1.8    31    19     871    (-,-) 
  g30876__5115/Y                                          -       A->Y    F     NOR2x1p5_ASAP7_75t_SL          2  2.2    23    15     886    (-,-) 
  g30875/Y                                                -       A->Y    R     INVx2_ASAP7_75t_SL             4  3.0    21    14     900    (-,-) 
  g30874/Y                                                -       A->Y    F     INVxp67_ASAP7_75t_SL           2  1.4    21    14     914    (-,-) 
  g30863__5122/Y                                          -       A2->Y   R     AOI21xp5_ASAP7_75t_L           1  1.8    50    29     943    (-,-) 
  g30852__4319/Y                                          -       D->Y    F     NAND4xp75_ASAP7_75t_SL         5  4.4    54    27     970    (-,-) 
  g30846__2398/Y                                          -       A2->Y   R     OAI21xp5_ASAP7_75t_SL          1  1.4    45    28     997    (-,-) 
  g30837__2883/Y                                          -       B->Y    F     AOI21x1_ASAP7_75t_SL           2  2.1    27    17    1014    (-,-) 
  g30836/Y                                                -       A->Y    R     INVx1_ASAP7_75t_SL             1  0.9    18    12    1026    (-,-) 
  g30832__6161/Y                                          -       A2->Y   R     OA21x2_ASAP7_75t_SL            3  3.0    23    26    1052    (-,-) 
  g30826__6131/Y                                          -       B->Y    F     NAND2x1p5_ASAP7_75t_SL         2  1.9    22    10    1062    (-,-) 
  g30823__5122/Y                                          -       A2->Y   R     O2A1O1Ixp33_ASAP7_75t_SL       1  0.9    43    23    1085    (-,-) 
  g30822__1705/Y                                          -       B2->Y   R     OA22x2_ASAP7_75t_SL            2  1.9    18    25    1110    (-,-) 
  g30818__1617/Y                                          -       B->Y    R     AND2x4_ASAP7_75t_SL            8  7.9    27    26    1135    (-,-) 
  g30817/Y                                                -       A->Y    F     INVx4_ASAP7_75t_SL             5  4.1    15     9    1145    (-,-) 
  g30810__6260/Y                                          -       A2->Y   F     AO22x2_ASAP7_75t_SL            1  2.6    19    28    1172    (-,-) 
  g30803/Y                                                -       A->Y    F     BUFx12f_ASAP7_75t_SL          24 26.3    24    26    1199    (-,-) 
  g30790/Y                                                -       A->Y    R     INVx11_ASAP7_75t_SL           20 14.6    22    14    1213    (-,-) 
  g30720__7098/Y                                          -       B2->Y   R     OA22x2_ASAP7_75t_SL            2  2.7    21    25    1238    (-,-) 
  g30640__6131/Y                                          -       B2->Y   F     OAI22x1_ASAP7_75t_SL           2  2.0    29    14    1252    (-,-) 
  g30603__5115/Y                                          -       B1->Y   R     AOI22xp5_ASAP7_75t_SL          2  1.7    48    27    1279    (-,-) 
  g30592/Y                                                -       A->Y    F     INVx1_ASAP7_75t_SL             1  0.8    19    10    1289    (-,-) 
  g30570__2346/Y                                          -       A2->Y   R     AOI21xp5_ASAP7_75t_L           2  1.1    40    22    1310    (-,-) 
  g48178/Y                                                -       A->Y    F     INVxp33_ASAP7_75t_SRAM         2  1.3    59    51    1361    (-,-) 
  inc_FP32_ALU_col2_roundingAdder_add_274_18_spec1_g567/Y -       B->Y    F     AND2x2_ASAP7_75t_SL            3  2.1    17    31    1392    (-,-) 
  inc_FP32_ALU_col2_roundingAdder_add_274_18_spec1_g527/Y -       D->Y    F     AND5x1_ASAP7_75t_SL            2  1.8    19    28    1420    (-,-) 
  inc_FP32_ALU_col2_roundingAdder_add_274_18_spec1_g518/Y -       B->Y    F     AND2x4_ASAP7_75t_SL            3  3.2    13    21    1441    (-,-) 
  inc_FP32_ALU_col2_roundingAdder_add_274_18_spec1_g506/Y -       B->Y    R     NAND2x1p5_ASAP7_75t_SL         2  2.3    24    13    1455    (-,-) 
  inc_FP32_ALU_col2_roundingAdder_add_274_18_spec1_g495/Y -       B->Y    F     NOR2x1p5_ASAP7_75t_SL          2  2.3    26    13    1468    (-,-) 
  inc_FP32_ALU_col2_roundingAdder_add_274_18_spec1_g487/Y -       B->Y    R     NAND2x1p5_ASAP7_75t_SL         3  3.5    40    20    1487    (-,-) 
  inc_FP32_ALU_col2_roundingAdder_add_274_18_spec1_g481/Y -       B->Y    F     NOR2x1p5_ASAP7_75t_SL          2  2.4    27    15    1502    (-,-) 
  inc_FP32_ALU_col2_roundingAdder_add_274_18_spec1_g478/Y -       B->Y    R     NAND2x1p5_ASAP7_75t_SL         2  1.9    34    15    1518    (-,-) 
  inc_FP32_ALU_col2_roundingAdder_add_274_18_spec1_g475/Y -       B->Y    F     NOR2x1_ASAP7_75t_SL            2  1.6    27    16    1533    (-,-) 
  inc_FP32_ALU_col2_roundingAdder_add_274_18_spec1_g473/Y -       B->Y    F     AND2x2_ASAP7_75t_SL            2  1.4    14    23    1557    (-,-) 
  inc_FP32_ALU_col2_roundingAdder_add_274_18_spec1_g470/Y -       B->Y    R     NAND2xp5_ASAP7_75t_SL          1  1.3    37    16    1572    (-,-) 
  inc_FP32_ALU_col2_roundingAdder_add_274_18_spec1_g468/Y -       B->Y    R     XOR2xp5_ASAP7_75t_SL           1  0.8    29    25    1597    (-,-) 
  g29263/Y                                                -       A2->Y   F     AOI21xp5_ASAP7_75t_L           2  1.5    32    20    1617    (-,-) 
  g29244/Y                                                -       B->Y    F     OR2x2_ASAP7_75t_SL             1  1.3    14    26    1643    (-,-) 
  g29241/Y                                                -       A->Y    R     NOR2x1_ASAP7_75t_L             1  1.4    30    16    1660    (-,-) 
  g29234/Y                                                -       A1->Y   F     AOI21x1_ASAP7_75t_SL          10  7.2    65    31    1691    (-,-) 
  g29227/Y                                                -       B->Y    R     NAND2x1_ASAP7_75t_L            6  7.0    94    61    1752    (-,-) 
  g29216/Y                                                -       A->Y    F     INVx5_ASAP7_75t_SL            18 11.9    42    22    1774    (-,-) 
  g29146/Y                                                -       B1->Y   R     AOI221xp5_ASAP7_75t_SL         1  0.9    68    28    1801    (-,-) 
  PIPE_OUT_col2_stage_reg_reg[0][21]/D                    -       -       R     ASYNC_DFFHx1_ASAP7_75t_SL      1    -     -     0    1801    (-,-) 
#--------------------------------------------------------------------------------------------------------------------------------------------------



Path 33: MET (82 ps) Setup Check with Pin PIPE_OUT_col2_stage_reg_reg[0][20]/CLK->D
           View: PVT_0P63V_100C.setup_view
          Group: clk
     Startpoint: (R) PIPE_cascade_in_col2_stage_reg_reg[0][3]/CLK
          Clock: (R) clk
       Endpoint: (R) PIPE_OUT_col2_stage_reg_reg[0][20]/D
          Clock: (R) clk

                     Capture       Launch     
        Clock Edge:+    2000            0     
       Src Latency:+       0            0     
       Net Latency:+       0 (I)        0 (I) 
           Arrival:=    2000            0     
                                              
             Setup:-      17                  
       Uncertainty:-     100                  
     Required Time:=    1883                  
      Launch Clock:-       0                  
         Data Path:-    1801                  
             Slack:=      82                  

#--------------------------------------------------------------------------------------------------------------------------------------------------
#                      Timing Point                       Flags    Arc    Edge           Cell             Fanout Load Trans Delay Arrival Instance 
#                                                                                                                (fF)  (ps)  (ps)   (ps)  Location 
#--------------------------------------------------------------------------------------------------------------------------------------------------
  PIPE_cascade_in_col2_stage_reg_reg[0][3]/CLK            -       -       R     (arrival)                   1073    -     0     0       0    (-,-) 
  PIPE_cascade_in_col2_stage_reg_reg[0][3]/QN             -       CLK->QN R     ASYNC_DFFHx1_ASAP7_75t_SL      1  0.8    24    48      48    (-,-) 
  g47518/Y                                                -       B->Y    R     AND2x2_ASAP7_75t_SL            1  1.4    18    21      69    (-,-) 
  g47459/Y                                                -       B->Y    F     AOI21x1_ASAP7_75t_SL           3  2.0    51    13      82    (-,-) 
  g46669/Y                                                -       B->Y    R     AOI31xp33_ASAP7_75t_SL         1  0.8    46    30     112    (-,-) 
  g46648/Y                                                -       C->Y    F     O2A1O1Ixp5_ASAP7_75t_SL        1  0.8    28    16     128    (-,-) 
  g46640__6161/Y                                          -       C->Y    R     O2A1O1Ixp5_ASAP7_75t_SL        1  0.9    35    20     149    (-,-) 
  g46621__6260/Y                                          -       A2->Y   F     OAI21xp5_ASAP7_75t_SL          2  1.5    39    19     168    (-,-) 
  g46615__1666/Y                                          -       A->Y    R     NAND3xp33_ASAP7_75t_SL         1  1.1    35    20     188    (-,-) 
  g46610__9945/Y                                          -       A1->Y   F     AOI211x1_ASAP7_75t_SL          1  0.8    34    17     205    (-,-) 
  g46571__7482/Y                                          -       B->Y    F     OR2x2_ASAP7_75t_SL             8  8.0    36    40     245    (-,-) 
  g46503__1881/Y                                          -       A2->Y   F     OA22x2_ASAP7_75t_SL            2  2.4    19    32     277    (-,-) 
  g46338__2883/Y                                          -       B->Y    R     NAND4xp75_ASAP7_75t_SL         1  2.2    38    15     292    (-,-) 
  g46312__8428/Y                                          -       A->Y    F     NOR2x2_ASAP7_75t_SL            4  3.7    29    20     312    (-,-) 
  g46304__6417/Y                                          -       B->Y    R     NAND2x1p5_ASAP7_75t_SL         4  3.6    36    21     332    (-,-) 
  g46300/Y                                                -       A->Y    F     INVx2_ASAP7_75t_SL             3  4.0    24    15     347    (-,-) 
  g46287__7482/Y                                          -       B->Y    R     NAND2x1p5_ASAP7_75t_SL         3  1.9    21    14     362    (-,-) 
  g46210__5526/Y                                          -       B->Y    F     NAND2xp5_ASAP7_75t_SL          1  1.3    24    15     377    (-,-) 
  g46204__5477/Y                                          -       A->Y    F     AND2x6_ASAP7_75t_SL           21 20.9    33    38     415    (-,-) 
  g46186/Y                                                -       A->Y    R     INVx8_ASAP7_75t_SL            23 17.4    32    20     435    (-,-) 
  g46114__6783/Y                                          -       A2->Y   F     AOI22xp5_ASAP7_75t_SL          1  0.8    32    16     450    (-,-) 
  g46055__6417/Y                                          -       B->Y    R     NAND2xp5_ASAP7_75t_L           2  1.4    34    25     475    (-,-) 
  g46041/Y                                                -       A->Y    F     INVxp67_ASAP7_75t_SL           1  0.9    20    12     487    (-,-) 
  g45992__6783/Y                                          -       A2->Y   R     AOI22xp5_ASAP7_75t_SL          2  1.3    42    20     508    (-,-) 
  g45929__6131/Y                                          -       B->Y    F     NOR2xp33_ASAP7_75t_L           1  0.8    38    25     533    (-,-) 
  g45833__7098/Y                                          -       B->Y    R     AOI21xp5_ASAP7_75t_SL          1  1.3    40    24     558    (-,-) 
  g45796__6783/Y                                          -       B->Y    R     XOR2xp5_ASAP7_75t_SL           2  2.0    53    35     592    (-,-) 
  addinc_FP32_ALU_col2_fracAdder_add_113_18_g1257/Y       -       B->Y    F     NOR2x1_ASAP7_75t_SL            3  3.0    56    25     617    (-,-) 
  addinc_FP32_ALU_col2_fracAdder_add_113_18_g1161/Y       -       A2->Y   R     OAI21xp5_ASAP7_75t_SL          3  2.5    64    38     654    (-,-) 
  addinc_FP32_ALU_col2_fracAdder_add_113_18_g1113/Y       -       A2->Y   F     AOI21x1_ASAP7_75t_SL           2  2.3    35    15     670    (-,-) 
  addinc_FP32_ALU_col2_fracAdder_add_113_18_g1104/Y       -       A->Y    R     INVx2_ASAP7_75t_SL             3  2.7    24    15     685    (-,-) 
  addinc_FP32_ALU_col2_fracAdder_add_113_18_g1089/Y       -       A2->Y   F     AOI21x1_ASAP7_75t_SL           3  2.2    26    13     698    (-,-) 
  addinc_FP32_ALU_col2_fracAdder_add_113_18_g1061/Y       -       A2->Y   R     OAI21xp5_ASAP7_75t_SL          1  1.4    45    22     721    (-,-) 
  addinc_FP32_ALU_col2_fracAdder_add_113_18_g1048/Y       -       B->Y    F     AOI21x1_ASAP7_75t_SL           1  1.2    22    13     734    (-,-) 
  addinc_FP32_ALU_col2_fracAdder_add_113_18_g1034/Y       -       B->Y    F     XOR2xp5_ASAP7_75t_SL           3  1.7    35    24     758    (-,-) 
  g30908__6131/Y                                          -       B->Y    R     NOR2xp33_ASAP7_75t_L           1  1.3    54    33     792    (-,-) 
  g30894__6260/Y                                          -       C->Y    R     AND5x2_ASAP7_75t_SL            4  4.8    36    44     836    (-,-) 
  g30883__2883/Y                                          -       A2->Y   F     AOI21x1_ASAP7_75t_SL           2  2.6    35    15     852    (-,-) 
  g30878__4733/Y                                          -       D->Y    R     NAND4xp75_ASAP7_75t_SL         1  1.8    31    19     871    (-,-) 
  g30876__5115/Y                                          -       A->Y    F     NOR2x1p5_ASAP7_75t_SL          2  2.2    23    15     886    (-,-) 
  g30875/Y                                                -       A->Y    R     INVx2_ASAP7_75t_SL             4  3.0    21    14     900    (-,-) 
  g30874/Y                                                -       A->Y    F     INVxp67_ASAP7_75t_SL           2  1.4    21    14     914    (-,-) 
  g30863__5122/Y                                          -       A2->Y   R     AOI21xp5_ASAP7_75t_L           1  1.8    50    29     943    (-,-) 
  g30852__4319/Y                                          -       D->Y    F     NAND4xp75_ASAP7_75t_SL         5  4.4    54    27     970    (-,-) 
  g30846__2398/Y                                          -       A2->Y   R     OAI21xp5_ASAP7_75t_SL          1  1.4    45    28     997    (-,-) 
  g30837__2883/Y                                          -       B->Y    F     AOI21x1_ASAP7_75t_SL           2  2.1    27    17    1014    (-,-) 
  g30836/Y                                                -       A->Y    R     INVx1_ASAP7_75t_SL             1  0.9    18    12    1026    (-,-) 
  g30832__6161/Y                                          -       A2->Y   R     OA21x2_ASAP7_75t_SL            3  3.0    23    26    1052    (-,-) 
  g30826__6131/Y                                          -       B->Y    F     NAND2x1p5_ASAP7_75t_SL         2  1.9    22    10    1062    (-,-) 
  g30823__5122/Y                                          -       A2->Y   R     O2A1O1Ixp33_ASAP7_75t_SL       1  0.9    43    23    1085    (-,-) 
  g30822__1705/Y                                          -       B2->Y   R     OA22x2_ASAP7_75t_SL            2  1.9    18    25    1110    (-,-) 
  g30818__1617/Y                                          -       B->Y    R     AND2x4_ASAP7_75t_SL            8  7.9    27    26    1135    (-,-) 
  g30817/Y                                                -       A->Y    F     INVx4_ASAP7_75t_SL             5  4.1    15     9    1145    (-,-) 
  g30810__6260/Y                                          -       A2->Y   F     AO22x2_ASAP7_75t_SL            1  2.6    19    28    1172    (-,-) 
  g30803/Y                                                -       A->Y    F     BUFx12f_ASAP7_75t_SL          24 26.3    24    26    1199    (-,-) 
  g30790/Y                                                -       A->Y    R     INVx11_ASAP7_75t_SL           20 14.6    22    14    1213    (-,-) 
  g30720__7098/Y                                          -       B2->Y   R     OA22x2_ASAP7_75t_SL            2  2.7    21    25    1238    (-,-) 
  g30640__6131/Y                                          -       B2->Y   F     OAI22x1_ASAP7_75t_SL           2  2.0    29    14    1252    (-,-) 
  g30603__5115/Y                                          -       B1->Y   R     AOI22xp5_ASAP7_75t_SL          2  1.7    48    27    1279    (-,-) 
  g30592/Y                                                -       A->Y    F     INVx1_ASAP7_75t_SL             1  0.8    19    10    1289    (-,-) 
  g30570__2346/Y                                          -       A2->Y   R     AOI21xp5_ASAP7_75t_L           2  1.1    40    22    1310    (-,-) 
  g48178/Y                                                -       A->Y    F     INVxp33_ASAP7_75t_SRAM         2  1.3    59    51    1361    (-,-) 
  inc_FP32_ALU_col2_roundingAdder_add_274_18_spec1_g567/Y -       B->Y    F     AND2x2_ASAP7_75t_SL            3  2.1    17    31    1392    (-,-) 
  inc_FP32_ALU_col2_roundingAdder_add_274_18_spec1_g527/Y -       D->Y    F     AND5x1_ASAP7_75t_SL            2  1.8    19    28    1420    (-,-) 
  inc_FP32_ALU_col2_roundingAdder_add_274_18_spec1_g518/Y -       B->Y    F     AND2x4_ASAP7_75t_SL            3  3.2    13    21    1441    (-,-) 
  inc_FP32_ALU_col2_roundingAdder_add_274_18_spec1_g506/Y -       B->Y    R     NAND2x1p5_ASAP7_75t_SL         2  2.3    24    13    1455    (-,-) 
  inc_FP32_ALU_col2_roundingAdder_add_274_18_spec1_g495/Y -       B->Y    F     NOR2x1p5_ASAP7_75t_SL          2  2.3    26    13    1468    (-,-) 
  inc_FP32_ALU_col2_roundingAdder_add_274_18_spec1_g487/Y -       B->Y    R     NAND2x1p5_ASAP7_75t_SL         3  3.5    40    20    1487    (-,-) 
  inc_FP32_ALU_col2_roundingAdder_add_274_18_spec1_g481/Y -       B->Y    F     NOR2x1p5_ASAP7_75t_SL          2  2.4    27    15    1502    (-,-) 
  inc_FP32_ALU_col2_roundingAdder_add_274_18_spec1_g478/Y -       B->Y    R     NAND2x1p5_ASAP7_75t_SL         2  1.9    34    15    1518    (-,-) 
  inc_FP32_ALU_col2_roundingAdder_add_274_18_spec1_g475/Y -       B->Y    F     NOR2x1_ASAP7_75t_SL            2  1.6    27    16    1533    (-,-) 
  inc_FP32_ALU_col2_roundingAdder_add_274_18_spec1_g473/Y -       B->Y    F     AND2x2_ASAP7_75t_SL            2  1.4    14    23    1557    (-,-) 
  inc_FP32_ALU_col2_roundingAdder_add_274_18_spec1_g470/Y -       B->Y    R     NAND2xp5_ASAP7_75t_SL          1  1.3    37    16    1572    (-,-) 
  inc_FP32_ALU_col2_roundingAdder_add_274_18_spec1_g468/Y -       B->Y    R     XOR2xp5_ASAP7_75t_SL           1  0.8    29    25    1597    (-,-) 
  g29263/Y                                                -       A2->Y   F     AOI21xp5_ASAP7_75t_L           2  1.5    32    20    1617    (-,-) 
  g29244/Y                                                -       B->Y    F     OR2x2_ASAP7_75t_SL             1  1.3    14    26    1643    (-,-) 
  g29241/Y                                                -       A->Y    R     NOR2x1_ASAP7_75t_L             1  1.4    30    16    1660    (-,-) 
  g29234/Y                                                -       A1->Y   F     AOI21x1_ASAP7_75t_SL          10  7.2    65    31    1691    (-,-) 
  g29227/Y                                                -       B->Y    R     NAND2x1_ASAP7_75t_L            6  7.0    94    61    1752    (-,-) 
  g29216/Y                                                -       A->Y    F     INVx5_ASAP7_75t_SL            18 11.9    42    22    1774    (-,-) 
  g29145/Y                                                -       B1->Y   R     AOI221xp5_ASAP7_75t_SL         1  0.9    68    28    1801    (-,-) 
  PIPE_OUT_col2_stage_reg_reg[0][20]/D                    -       -       R     ASYNC_DFFHx1_ASAP7_75t_SL      1    -     -     0    1801    (-,-) 
#--------------------------------------------------------------------------------------------------------------------------------------------------



Path 34: MET (82 ps) Setup Check with Pin PIPE_OUT_col2_stage_reg_reg[0][19]/CLK->D
           View: PVT_0P63V_100C.setup_view
          Group: clk
     Startpoint: (R) PIPE_cascade_in_col2_stage_reg_reg[0][3]/CLK
          Clock: (R) clk
       Endpoint: (R) PIPE_OUT_col2_stage_reg_reg[0][19]/D
          Clock: (R) clk

                     Capture       Launch     
        Clock Edge:+    2000            0     
       Src Latency:+       0            0     
       Net Latency:+       0 (I)        0 (I) 
           Arrival:=    2000            0     
                                              
             Setup:-      17                  
       Uncertainty:-     100                  
     Required Time:=    1883                  
      Launch Clock:-       0                  
         Data Path:-    1801                  
             Slack:=      82                  

#--------------------------------------------------------------------------------------------------------------------------------------------------
#                      Timing Point                       Flags    Arc    Edge           Cell             Fanout Load Trans Delay Arrival Instance 
#                                                                                                                (fF)  (ps)  (ps)   (ps)  Location 
#--------------------------------------------------------------------------------------------------------------------------------------------------
  PIPE_cascade_in_col2_stage_reg_reg[0][3]/CLK            -       -       R     (arrival)                   1073    -     0     0       0    (-,-) 
  PIPE_cascade_in_col2_stage_reg_reg[0][3]/QN             -       CLK->QN R     ASYNC_DFFHx1_ASAP7_75t_SL      1  0.8    24    48      48    (-,-) 
  g47518/Y                                                -       B->Y    R     AND2x2_ASAP7_75t_SL            1  1.4    18    21      69    (-,-) 
  g47459/Y                                                -       B->Y    F     AOI21x1_ASAP7_75t_SL           3  2.0    51    13      82    (-,-) 
  g46669/Y                                                -       B->Y    R     AOI31xp33_ASAP7_75t_SL         1  0.8    46    30     112    (-,-) 
  g46648/Y                                                -       C->Y    F     O2A1O1Ixp5_ASAP7_75t_SL        1  0.8    28    16     128    (-,-) 
  g46640__6161/Y                                          -       C->Y    R     O2A1O1Ixp5_ASAP7_75t_SL        1  0.9    35    20     149    (-,-) 
  g46621__6260/Y                                          -       A2->Y   F     OAI21xp5_ASAP7_75t_SL          2  1.5    39    19     168    (-,-) 
  g46615__1666/Y                                          -       A->Y    R     NAND3xp33_ASAP7_75t_SL         1  1.1    35    20     188    (-,-) 
  g46610__9945/Y                                          -       A1->Y   F     AOI211x1_ASAP7_75t_SL          1  0.8    34    17     205    (-,-) 
  g46571__7482/Y                                          -       B->Y    F     OR2x2_ASAP7_75t_SL             8  8.0    36    40     245    (-,-) 
  g46503__1881/Y                                          -       A2->Y   F     OA22x2_ASAP7_75t_SL            2  2.4    19    32     277    (-,-) 
  g46338__2883/Y                                          -       B->Y    R     NAND4xp75_ASAP7_75t_SL         1  2.2    38    15     292    (-,-) 
  g46312__8428/Y                                          -       A->Y    F     NOR2x2_ASAP7_75t_SL            4  3.7    29    20     312    (-,-) 
  g46304__6417/Y                                          -       B->Y    R     NAND2x1p5_ASAP7_75t_SL         4  3.6    36    21     332    (-,-) 
  g46300/Y                                                -       A->Y    F     INVx2_ASAP7_75t_SL             3  4.0    24    15     347    (-,-) 
  g46287__7482/Y                                          -       B->Y    R     NAND2x1p5_ASAP7_75t_SL         3  1.9    21    14     362    (-,-) 
  g46210__5526/Y                                          -       B->Y    F     NAND2xp5_ASAP7_75t_SL          1  1.3    24    15     377    (-,-) 
  g46204__5477/Y                                          -       A->Y    F     AND2x6_ASAP7_75t_SL           21 20.9    33    38     415    (-,-) 
  g46186/Y                                                -       A->Y    R     INVx8_ASAP7_75t_SL            23 17.4    32    20     435    (-,-) 
  g46114__6783/Y                                          -       A2->Y   F     AOI22xp5_ASAP7_75t_SL          1  0.8    32    16     450    (-,-) 
  g46055__6417/Y                                          -       B->Y    R     NAND2xp5_ASAP7_75t_L           2  1.4    34    25     475    (-,-) 
  g46041/Y                                                -       A->Y    F     INVxp67_ASAP7_75t_SL           1  0.9    20    12     487    (-,-) 
  g45992__6783/Y                                          -       A2->Y   R     AOI22xp5_ASAP7_75t_SL          2  1.3    42    20     508    (-,-) 
  g45929__6131/Y                                          -       B->Y    F     NOR2xp33_ASAP7_75t_L           1  0.8    38    25     533    (-,-) 
  g45833__7098/Y                                          -       B->Y    R     AOI21xp5_ASAP7_75t_SL          1  1.3    40    24     558    (-,-) 
  g45796__6783/Y                                          -       B->Y    R     XOR2xp5_ASAP7_75t_SL           2  2.0    53    35     592    (-,-) 
  addinc_FP32_ALU_col2_fracAdder_add_113_18_g1257/Y       -       B->Y    F     NOR2x1_ASAP7_75t_SL            3  3.0    56    25     617    (-,-) 
  addinc_FP32_ALU_col2_fracAdder_add_113_18_g1161/Y       -       A2->Y   R     OAI21xp5_ASAP7_75t_SL          3  2.5    64    38     654    (-,-) 
  addinc_FP32_ALU_col2_fracAdder_add_113_18_g1113/Y       -       A2->Y   F     AOI21x1_ASAP7_75t_SL           2  2.3    35    15     670    (-,-) 
  addinc_FP32_ALU_col2_fracAdder_add_113_18_g1104/Y       -       A->Y    R     INVx2_ASAP7_75t_SL             3  2.7    24    15     685    (-,-) 
  addinc_FP32_ALU_col2_fracAdder_add_113_18_g1089/Y       -       A2->Y   F     AOI21x1_ASAP7_75t_SL           3  2.2    26    13     698    (-,-) 
  addinc_FP32_ALU_col2_fracAdder_add_113_18_g1061/Y       -       A2->Y   R     OAI21xp5_ASAP7_75t_SL          1  1.4    45    22     721    (-,-) 
  addinc_FP32_ALU_col2_fracAdder_add_113_18_g1048/Y       -       B->Y    F     AOI21x1_ASAP7_75t_SL           1  1.2    22    13     734    (-,-) 
  addinc_FP32_ALU_col2_fracAdder_add_113_18_g1034/Y       -       B->Y    F     XOR2xp5_ASAP7_75t_SL           3  1.7    35    24     758    (-,-) 
  g30908__6131/Y                                          -       B->Y    R     NOR2xp33_ASAP7_75t_L           1  1.3    54    33     792    (-,-) 
  g30894__6260/Y                                          -       C->Y    R     AND5x2_ASAP7_75t_SL            4  4.8    36    44     836    (-,-) 
  g30883__2883/Y                                          -       A2->Y   F     AOI21x1_ASAP7_75t_SL           2  2.6    35    15     852    (-,-) 
  g30878__4733/Y                                          -       D->Y    R     NAND4xp75_ASAP7_75t_SL         1  1.8    31    19     871    (-,-) 
  g30876__5115/Y                                          -       A->Y    F     NOR2x1p5_ASAP7_75t_SL          2  2.2    23    15     886    (-,-) 
  g30875/Y                                                -       A->Y    R     INVx2_ASAP7_75t_SL             4  3.0    21    14     900    (-,-) 
  g30874/Y                                                -       A->Y    F     INVxp67_ASAP7_75t_SL           2  1.4    21    14     914    (-,-) 
  g30863__5122/Y                                          -       A2->Y   R     AOI21xp5_ASAP7_75t_L           1  1.8    50    29     943    (-,-) 
  g30852__4319/Y                                          -       D->Y    F     NAND4xp75_ASAP7_75t_SL         5  4.4    54    27     970    (-,-) 
  g30846__2398/Y                                          -       A2->Y   R     OAI21xp5_ASAP7_75t_SL          1  1.4    45    28     997    (-,-) 
  g30837__2883/Y                                          -       B->Y    F     AOI21x1_ASAP7_75t_SL           2  2.1    27    17    1014    (-,-) 
  g30836/Y                                                -       A->Y    R     INVx1_ASAP7_75t_SL             1  0.9    18    12    1026    (-,-) 
  g30832__6161/Y                                          -       A2->Y   R     OA21x2_ASAP7_75t_SL            3  3.0    23    26    1052    (-,-) 
  g30826__6131/Y                                          -       B->Y    F     NAND2x1p5_ASAP7_75t_SL         2  1.9    22    10    1062    (-,-) 
  g30823__5122/Y                                          -       A2->Y   R     O2A1O1Ixp33_ASAP7_75t_SL       1  0.9    43    23    1085    (-,-) 
  g30822__1705/Y                                          -       B2->Y   R     OA22x2_ASAP7_75t_SL            2  1.9    18    25    1110    (-,-) 
  g30818__1617/Y                                          -       B->Y    R     AND2x4_ASAP7_75t_SL            8  7.9    27    26    1135    (-,-) 
  g30817/Y                                                -       A->Y    F     INVx4_ASAP7_75t_SL             5  4.1    15     9    1145    (-,-) 
  g30810__6260/Y                                          -       A2->Y   F     AO22x2_ASAP7_75t_SL            1  2.6    19    28    1172    (-,-) 
  g30803/Y                                                -       A->Y    F     BUFx12f_ASAP7_75t_SL          24 26.3    24    26    1199    (-,-) 
  g30790/Y                                                -       A->Y    R     INVx11_ASAP7_75t_SL           20 14.6    22    14    1213    (-,-) 
  g30720__7098/Y                                          -       B2->Y   R     OA22x2_ASAP7_75t_SL            2  2.7    21    25    1238    (-,-) 
  g30640__6131/Y                                          -       B2->Y   F     OAI22x1_ASAP7_75t_SL           2  2.0    29    14    1252    (-,-) 
  g30603__5115/Y                                          -       B1->Y   R     AOI22xp5_ASAP7_75t_SL          2  1.7    48    27    1279    (-,-) 
  g30592/Y                                                -       A->Y    F     INVx1_ASAP7_75t_SL             1  0.8    19    10    1289    (-,-) 
  g30570__2346/Y                                          -       A2->Y   R     AOI21xp5_ASAP7_75t_L           2  1.1    40    22    1310    (-,-) 
  g48178/Y                                                -       A->Y    F     INVxp33_ASAP7_75t_SRAM         2  1.3    59    51    1361    (-,-) 
  inc_FP32_ALU_col2_roundingAdder_add_274_18_spec1_g567/Y -       B->Y    F     AND2x2_ASAP7_75t_SL            3  2.1    17    31    1392    (-,-) 
  inc_FP32_ALU_col2_roundingAdder_add_274_18_spec1_g527/Y -       D->Y    F     AND5x1_ASAP7_75t_SL            2  1.8    19    28    1420    (-,-) 
  inc_FP32_ALU_col2_roundingAdder_add_274_18_spec1_g518/Y -       B->Y    F     AND2x4_ASAP7_75t_SL            3  3.2    13    21    1441    (-,-) 
  inc_FP32_ALU_col2_roundingAdder_add_274_18_spec1_g506/Y -       B->Y    R     NAND2x1p5_ASAP7_75t_SL         2  2.3    24    13    1455    (-,-) 
  inc_FP32_ALU_col2_roundingAdder_add_274_18_spec1_g495/Y -       B->Y    F     NOR2x1p5_ASAP7_75t_SL          2  2.3    26    13    1468    (-,-) 
  inc_FP32_ALU_col2_roundingAdder_add_274_18_spec1_g487/Y -       B->Y    R     NAND2x1p5_ASAP7_75t_SL         3  3.5    40    20    1487    (-,-) 
  inc_FP32_ALU_col2_roundingAdder_add_274_18_spec1_g481/Y -       B->Y    F     NOR2x1p5_ASAP7_75t_SL          2  2.4    27    15    1502    (-,-) 
  inc_FP32_ALU_col2_roundingAdder_add_274_18_spec1_g478/Y -       B->Y    R     NAND2x1p5_ASAP7_75t_SL         2  1.9    34    15    1518    (-,-) 
  inc_FP32_ALU_col2_roundingAdder_add_274_18_spec1_g475/Y -       B->Y    F     NOR2x1_ASAP7_75t_SL            2  1.6    27    16    1533    (-,-) 
  inc_FP32_ALU_col2_roundingAdder_add_274_18_spec1_g473/Y -       B->Y    F     AND2x2_ASAP7_75t_SL            2  1.4    14    23    1557    (-,-) 
  inc_FP32_ALU_col2_roundingAdder_add_274_18_spec1_g470/Y -       B->Y    R     NAND2xp5_ASAP7_75t_SL          1  1.3    37    16    1572    (-,-) 
  inc_FP32_ALU_col2_roundingAdder_add_274_18_spec1_g468/Y -       B->Y    R     XOR2xp5_ASAP7_75t_SL           1  0.8    29    25    1597    (-,-) 
  g29263/Y                                                -       A2->Y   F     AOI21xp5_ASAP7_75t_L           2  1.5    32    20    1617    (-,-) 
  g29244/Y                                                -       B->Y    F     OR2x2_ASAP7_75t_SL             1  1.3    14    26    1643    (-,-) 
  g29241/Y                                                -       A->Y    R     NOR2x1_ASAP7_75t_L             1  1.4    30    16    1660    (-,-) 
  g29234/Y                                                -       A1->Y   F     AOI21x1_ASAP7_75t_SL          10  7.2    65    31    1691    (-,-) 
  g29227/Y                                                -       B->Y    R     NAND2x1_ASAP7_75t_L            6  7.0    94    61    1752    (-,-) 
  g29216/Y                                                -       A->Y    F     INVx5_ASAP7_75t_SL            18 11.9    42    22    1774    (-,-) 
  g29143/Y                                                -       B1->Y   R     AOI221xp5_ASAP7_75t_SL         1  0.9    68    28    1801    (-,-) 
  PIPE_OUT_col2_stage_reg_reg[0][19]/D                    -       -       R     ASYNC_DFFHx1_ASAP7_75t_SL      1    -     -     0    1801    (-,-) 
#--------------------------------------------------------------------------------------------------------------------------------------------------



Path 35: MET (82 ps) Setup Check with Pin PIPE_OUT_col2_stage_reg_reg[0][18]/CLK->D
           View: PVT_0P63V_100C.setup_view
          Group: clk
     Startpoint: (R) PIPE_cascade_in_col2_stage_reg_reg[0][3]/CLK
          Clock: (R) clk
       Endpoint: (R) PIPE_OUT_col2_stage_reg_reg[0][18]/D
          Clock: (R) clk

                     Capture       Launch     
        Clock Edge:+    2000            0     
       Src Latency:+       0            0     
       Net Latency:+       0 (I)        0 (I) 
           Arrival:=    2000            0     
                                              
             Setup:-      17                  
       Uncertainty:-     100                  
     Required Time:=    1883                  
      Launch Clock:-       0                  
         Data Path:-    1801                  
             Slack:=      82                  

#--------------------------------------------------------------------------------------------------------------------------------------------------
#                      Timing Point                       Flags    Arc    Edge           Cell             Fanout Load Trans Delay Arrival Instance 
#                                                                                                                (fF)  (ps)  (ps)   (ps)  Location 
#--------------------------------------------------------------------------------------------------------------------------------------------------
  PIPE_cascade_in_col2_stage_reg_reg[0][3]/CLK            -       -       R     (arrival)                   1073    -     0     0       0    (-,-) 
  PIPE_cascade_in_col2_stage_reg_reg[0][3]/QN             -       CLK->QN R     ASYNC_DFFHx1_ASAP7_75t_SL      1  0.8    24    48      48    (-,-) 
  g47518/Y                                                -       B->Y    R     AND2x2_ASAP7_75t_SL            1  1.4    18    21      69    (-,-) 
  g47459/Y                                                -       B->Y    F     AOI21x1_ASAP7_75t_SL           3  2.0    51    13      82    (-,-) 
  g46669/Y                                                -       B->Y    R     AOI31xp33_ASAP7_75t_SL         1  0.8    46    30     112    (-,-) 
  g46648/Y                                                -       C->Y    F     O2A1O1Ixp5_ASAP7_75t_SL        1  0.8    28    16     128    (-,-) 
  g46640__6161/Y                                          -       C->Y    R     O2A1O1Ixp5_ASAP7_75t_SL        1  0.9    35    20     149    (-,-) 
  g46621__6260/Y                                          -       A2->Y   F     OAI21xp5_ASAP7_75t_SL          2  1.5    39    19     168    (-,-) 
  g46615__1666/Y                                          -       A->Y    R     NAND3xp33_ASAP7_75t_SL         1  1.1    35    20     188    (-,-) 
  g46610__9945/Y                                          -       A1->Y   F     AOI211x1_ASAP7_75t_SL          1  0.8    34    17     205    (-,-) 
  g46571__7482/Y                                          -       B->Y    F     OR2x2_ASAP7_75t_SL             8  8.0    36    40     245    (-,-) 
  g46503__1881/Y                                          -       A2->Y   F     OA22x2_ASAP7_75t_SL            2  2.4    19    32     277    (-,-) 
  g46338__2883/Y                                          -       B->Y    R     NAND4xp75_ASAP7_75t_SL         1  2.2    38    15     292    (-,-) 
  g46312__8428/Y                                          -       A->Y    F     NOR2x2_ASAP7_75t_SL            4  3.7    29    20     312    (-,-) 
  g46304__6417/Y                                          -       B->Y    R     NAND2x1p5_ASAP7_75t_SL         4  3.6    36    21     332    (-,-) 
  g46300/Y                                                -       A->Y    F     INVx2_ASAP7_75t_SL             3  4.0    24    15     347    (-,-) 
  g46287__7482/Y                                          -       B->Y    R     NAND2x1p5_ASAP7_75t_SL         3  1.9    21    14     362    (-,-) 
  g46210__5526/Y                                          -       B->Y    F     NAND2xp5_ASAP7_75t_SL          1  1.3    24    15     377    (-,-) 
  g46204__5477/Y                                          -       A->Y    F     AND2x6_ASAP7_75t_SL           21 20.9    33    38     415    (-,-) 
  g46186/Y                                                -       A->Y    R     INVx8_ASAP7_75t_SL            23 17.4    32    20     435    (-,-) 
  g46114__6783/Y                                          -       A2->Y   F     AOI22xp5_ASAP7_75t_SL          1  0.8    32    16     450    (-,-) 
  g46055__6417/Y                                          -       B->Y    R     NAND2xp5_ASAP7_75t_L           2  1.4    34    25     475    (-,-) 
  g46041/Y                                                -       A->Y    F     INVxp67_ASAP7_75t_SL           1  0.9    20    12     487    (-,-) 
  g45992__6783/Y                                          -       A2->Y   R     AOI22xp5_ASAP7_75t_SL          2  1.3    42    20     508    (-,-) 
  g45929__6131/Y                                          -       B->Y    F     NOR2xp33_ASAP7_75t_L           1  0.8    38    25     533    (-,-) 
  g45833__7098/Y                                          -       B->Y    R     AOI21xp5_ASAP7_75t_SL          1  1.3    40    24     558    (-,-) 
  g45796__6783/Y                                          -       B->Y    R     XOR2xp5_ASAP7_75t_SL           2  2.0    53    35     592    (-,-) 
  addinc_FP32_ALU_col2_fracAdder_add_113_18_g1257/Y       -       B->Y    F     NOR2x1_ASAP7_75t_SL            3  3.0    56    25     617    (-,-) 
  addinc_FP32_ALU_col2_fracAdder_add_113_18_g1161/Y       -       A2->Y   R     OAI21xp5_ASAP7_75t_SL          3  2.5    64    38     654    (-,-) 
  addinc_FP32_ALU_col2_fracAdder_add_113_18_g1113/Y       -       A2->Y   F     AOI21x1_ASAP7_75t_SL           2  2.3    35    15     670    (-,-) 
  addinc_FP32_ALU_col2_fracAdder_add_113_18_g1104/Y       -       A->Y    R     INVx2_ASAP7_75t_SL             3  2.7    24    15     685    (-,-) 
  addinc_FP32_ALU_col2_fracAdder_add_113_18_g1089/Y       -       A2->Y   F     AOI21x1_ASAP7_75t_SL           3  2.2    26    13     698    (-,-) 
  addinc_FP32_ALU_col2_fracAdder_add_113_18_g1061/Y       -       A2->Y   R     OAI21xp5_ASAP7_75t_SL          1  1.4    45    22     721    (-,-) 
  addinc_FP32_ALU_col2_fracAdder_add_113_18_g1048/Y       -       B->Y    F     AOI21x1_ASAP7_75t_SL           1  1.2    22    13     734    (-,-) 
  addinc_FP32_ALU_col2_fracAdder_add_113_18_g1034/Y       -       B->Y    F     XOR2xp5_ASAP7_75t_SL           3  1.7    35    24     758    (-,-) 
  g30908__6131/Y                                          -       B->Y    R     NOR2xp33_ASAP7_75t_L           1  1.3    54    33     792    (-,-) 
  g30894__6260/Y                                          -       C->Y    R     AND5x2_ASAP7_75t_SL            4  4.8    36    44     836    (-,-) 
  g30883__2883/Y                                          -       A2->Y   F     AOI21x1_ASAP7_75t_SL           2  2.6    35    15     852    (-,-) 
  g30878__4733/Y                                          -       D->Y    R     NAND4xp75_ASAP7_75t_SL         1  1.8    31    19     871    (-,-) 
  g30876__5115/Y                                          -       A->Y    F     NOR2x1p5_ASAP7_75t_SL          2  2.2    23    15     886    (-,-) 
  g30875/Y                                                -       A->Y    R     INVx2_ASAP7_75t_SL             4  3.0    21    14     900    (-,-) 
  g30874/Y                                                -       A->Y    F     INVxp67_ASAP7_75t_SL           2  1.4    21    14     914    (-,-) 
  g30863__5122/Y                                          -       A2->Y   R     AOI21xp5_ASAP7_75t_L           1  1.8    50    29     943    (-,-) 
  g30852__4319/Y                                          -       D->Y    F     NAND4xp75_ASAP7_75t_SL         5  4.4    54    27     970    (-,-) 
  g30846__2398/Y                                          -       A2->Y   R     OAI21xp5_ASAP7_75t_SL          1  1.4    45    28     997    (-,-) 
  g30837__2883/Y                                          -       B->Y    F     AOI21x1_ASAP7_75t_SL           2  2.1    27    17    1014    (-,-) 
  g30836/Y                                                -       A->Y    R     INVx1_ASAP7_75t_SL             1  0.9    18    12    1026    (-,-) 
  g30832__6161/Y                                          -       A2->Y   R     OA21x2_ASAP7_75t_SL            3  3.0    23    26    1052    (-,-) 
  g30826__6131/Y                                          -       B->Y    F     NAND2x1p5_ASAP7_75t_SL         2  1.9    22    10    1062    (-,-) 
  g30823__5122/Y                                          -       A2->Y   R     O2A1O1Ixp33_ASAP7_75t_SL       1  0.9    43    23    1085    (-,-) 
  g30822__1705/Y                                          -       B2->Y   R     OA22x2_ASAP7_75t_SL            2  1.9    18    25    1110    (-,-) 
  g30818__1617/Y                                          -       B->Y    R     AND2x4_ASAP7_75t_SL            8  7.9    27    26    1135    (-,-) 
  g30817/Y                                                -       A->Y    F     INVx4_ASAP7_75t_SL             5  4.1    15     9    1145    (-,-) 
  g30810__6260/Y                                          -       A2->Y   F     AO22x2_ASAP7_75t_SL            1  2.6    19    28    1172    (-,-) 
  g30803/Y                                                -       A->Y    F     BUFx12f_ASAP7_75t_SL          24 26.3    24    26    1199    (-,-) 
  g30790/Y                                                -       A->Y    R     INVx11_ASAP7_75t_SL           20 14.6    22    14    1213    (-,-) 
  g30720__7098/Y                                          -       B2->Y   R     OA22x2_ASAP7_75t_SL            2  2.7    21    25    1238    (-,-) 
  g30640__6131/Y                                          -       B2->Y   F     OAI22x1_ASAP7_75t_SL           2  2.0    29    14    1252    (-,-) 
  g30603__5115/Y                                          -       B1->Y   R     AOI22xp5_ASAP7_75t_SL          2  1.7    48    27    1279    (-,-) 
  g30592/Y                                                -       A->Y    F     INVx1_ASAP7_75t_SL             1  0.8    19    10    1289    (-,-) 
  g30570__2346/Y                                          -       A2->Y   R     AOI21xp5_ASAP7_75t_L           2  1.1    40    22    1310    (-,-) 
  g48178/Y                                                -       A->Y    F     INVxp33_ASAP7_75t_SRAM         2  1.3    59    51    1361    (-,-) 
  inc_FP32_ALU_col2_roundingAdder_add_274_18_spec1_g567/Y -       B->Y    F     AND2x2_ASAP7_75t_SL            3  2.1    17    31    1392    (-,-) 
  inc_FP32_ALU_col2_roundingAdder_add_274_18_spec1_g527/Y -       D->Y    F     AND5x1_ASAP7_75t_SL            2  1.8    19    28    1420    (-,-) 
  inc_FP32_ALU_col2_roundingAdder_add_274_18_spec1_g518/Y -       B->Y    F     AND2x4_ASAP7_75t_SL            3  3.2    13    21    1441    (-,-) 
  inc_FP32_ALU_col2_roundingAdder_add_274_18_spec1_g506/Y -       B->Y    R     NAND2x1p5_ASAP7_75t_SL         2  2.3    24    13    1455    (-,-) 
  inc_FP32_ALU_col2_roundingAdder_add_274_18_spec1_g495/Y -       B->Y    F     NOR2x1p5_ASAP7_75t_SL          2  2.3    26    13    1468    (-,-) 
  inc_FP32_ALU_col2_roundingAdder_add_274_18_spec1_g487/Y -       B->Y    R     NAND2x1p5_ASAP7_75t_SL         3  3.5    40    20    1487    (-,-) 
  inc_FP32_ALU_col2_roundingAdder_add_274_18_spec1_g481/Y -       B->Y    F     NOR2x1p5_ASAP7_75t_SL          2  2.4    27    15    1502    (-,-) 
  inc_FP32_ALU_col2_roundingAdder_add_274_18_spec1_g478/Y -       B->Y    R     NAND2x1p5_ASAP7_75t_SL         2  1.9    34    15    1518    (-,-) 
  inc_FP32_ALU_col2_roundingAdder_add_274_18_spec1_g475/Y -       B->Y    F     NOR2x1_ASAP7_75t_SL            2  1.6    27    16    1533    (-,-) 
  inc_FP32_ALU_col2_roundingAdder_add_274_18_spec1_g473/Y -       B->Y    F     AND2x2_ASAP7_75t_SL            2  1.4    14    23    1557    (-,-) 
  inc_FP32_ALU_col2_roundingAdder_add_274_18_spec1_g470/Y -       B->Y    R     NAND2xp5_ASAP7_75t_SL          1  1.3    37    16    1572    (-,-) 
  inc_FP32_ALU_col2_roundingAdder_add_274_18_spec1_g468/Y -       B->Y    R     XOR2xp5_ASAP7_75t_SL           1  0.8    29    25    1597    (-,-) 
  g29263/Y                                                -       A2->Y   F     AOI21xp5_ASAP7_75t_L           2  1.5    32    20    1617    (-,-) 
  g29244/Y                                                -       B->Y    F     OR2x2_ASAP7_75t_SL             1  1.3    14    26    1643    (-,-) 
  g29241/Y                                                -       A->Y    R     NOR2x1_ASAP7_75t_L             1  1.4    30    16    1660    (-,-) 
  g29234/Y                                                -       A1->Y   F     AOI21x1_ASAP7_75t_SL          10  7.2    65    31    1691    (-,-) 
  g29227/Y                                                -       B->Y    R     NAND2x1_ASAP7_75t_L            6  7.0    94    61    1752    (-,-) 
  g29216/Y                                                -       A->Y    F     INVx5_ASAP7_75t_SL            18 11.9    42    22    1774    (-,-) 
  g29144/Y                                                -       B1->Y   R     AOI221xp5_ASAP7_75t_SL         1  0.9    68    28    1801    (-,-) 
  PIPE_OUT_col2_stage_reg_reg[0][18]/D                    -       -       R     ASYNC_DFFHx1_ASAP7_75t_SL      1    -     -     0    1801    (-,-) 
#--------------------------------------------------------------------------------------------------------------------------------------------------



Path 36: MET (82 ps) Setup Check with Pin PIPE_OUT_col2_stage_reg_reg[0][17]/CLK->D
           View: PVT_0P63V_100C.setup_view
          Group: clk
     Startpoint: (R) PIPE_cascade_in_col2_stage_reg_reg[0][3]/CLK
          Clock: (R) clk
       Endpoint: (R) PIPE_OUT_col2_stage_reg_reg[0][17]/D
          Clock: (R) clk

                     Capture       Launch     
        Clock Edge:+    2000            0     
       Src Latency:+       0            0     
       Net Latency:+       0 (I)        0 (I) 
           Arrival:=    2000            0     
                                              
             Setup:-      17                  
       Uncertainty:-     100                  
     Required Time:=    1883                  
      Launch Clock:-       0                  
         Data Path:-    1801                  
             Slack:=      82                  

#--------------------------------------------------------------------------------------------------------------------------------------------------
#                      Timing Point                       Flags    Arc    Edge           Cell             Fanout Load Trans Delay Arrival Instance 
#                                                                                                                (fF)  (ps)  (ps)   (ps)  Location 
#--------------------------------------------------------------------------------------------------------------------------------------------------
  PIPE_cascade_in_col2_stage_reg_reg[0][3]/CLK            -       -       R     (arrival)                   1073    -     0     0       0    (-,-) 
  PIPE_cascade_in_col2_stage_reg_reg[0][3]/QN             -       CLK->QN R     ASYNC_DFFHx1_ASAP7_75t_SL      1  0.8    24    48      48    (-,-) 
  g47518/Y                                                -       B->Y    R     AND2x2_ASAP7_75t_SL            1  1.4    18    21      69    (-,-) 
  g47459/Y                                                -       B->Y    F     AOI21x1_ASAP7_75t_SL           3  2.0    51    13      82    (-,-) 
  g46669/Y                                                -       B->Y    R     AOI31xp33_ASAP7_75t_SL         1  0.8    46    30     112    (-,-) 
  g46648/Y                                                -       C->Y    F     O2A1O1Ixp5_ASAP7_75t_SL        1  0.8    28    16     128    (-,-) 
  g46640__6161/Y                                          -       C->Y    R     O2A1O1Ixp5_ASAP7_75t_SL        1  0.9    35    20     149    (-,-) 
  g46621__6260/Y                                          -       A2->Y   F     OAI21xp5_ASAP7_75t_SL          2  1.5    39    19     168    (-,-) 
  g46615__1666/Y                                          -       A->Y    R     NAND3xp33_ASAP7_75t_SL         1  1.1    35    20     188    (-,-) 
  g46610__9945/Y                                          -       A1->Y   F     AOI211x1_ASAP7_75t_SL          1  0.8    34    17     205    (-,-) 
  g46571__7482/Y                                          -       B->Y    F     OR2x2_ASAP7_75t_SL             8  8.0    36    40     245    (-,-) 
  g46503__1881/Y                                          -       A2->Y   F     OA22x2_ASAP7_75t_SL            2  2.4    19    32     277    (-,-) 
  g46338__2883/Y                                          -       B->Y    R     NAND4xp75_ASAP7_75t_SL         1  2.2    38    15     292    (-,-) 
  g46312__8428/Y                                          -       A->Y    F     NOR2x2_ASAP7_75t_SL            4  3.7    29    20     312    (-,-) 
  g46304__6417/Y                                          -       B->Y    R     NAND2x1p5_ASAP7_75t_SL         4  3.6    36    21     332    (-,-) 
  g46300/Y                                                -       A->Y    F     INVx2_ASAP7_75t_SL             3  4.0    24    15     347    (-,-) 
  g46287__7482/Y                                          -       B->Y    R     NAND2x1p5_ASAP7_75t_SL         3  1.9    21    14     362    (-,-) 
  g46210__5526/Y                                          -       B->Y    F     NAND2xp5_ASAP7_75t_SL          1  1.3    24    15     377    (-,-) 
  g46204__5477/Y                                          -       A->Y    F     AND2x6_ASAP7_75t_SL           21 20.9    33    38     415    (-,-) 
  g46186/Y                                                -       A->Y    R     INVx8_ASAP7_75t_SL            23 17.4    32    20     435    (-,-) 
  g46114__6783/Y                                          -       A2->Y   F     AOI22xp5_ASAP7_75t_SL          1  0.8    32    16     450    (-,-) 
  g46055__6417/Y                                          -       B->Y    R     NAND2xp5_ASAP7_75t_L           2  1.4    34    25     475    (-,-) 
  g46041/Y                                                -       A->Y    F     INVxp67_ASAP7_75t_SL           1  0.9    20    12     487    (-,-) 
  g45992__6783/Y                                          -       A2->Y   R     AOI22xp5_ASAP7_75t_SL          2  1.3    42    20     508    (-,-) 
  g45929__6131/Y                                          -       B->Y    F     NOR2xp33_ASAP7_75t_L           1  0.8    38    25     533    (-,-) 
  g45833__7098/Y                                          -       B->Y    R     AOI21xp5_ASAP7_75t_SL          1  1.3    40    24     558    (-,-) 
  g45796__6783/Y                                          -       B->Y    R     XOR2xp5_ASAP7_75t_SL           2  2.0    53    35     592    (-,-) 
  addinc_FP32_ALU_col2_fracAdder_add_113_18_g1257/Y       -       B->Y    F     NOR2x1_ASAP7_75t_SL            3  3.0    56    25     617    (-,-) 
  addinc_FP32_ALU_col2_fracAdder_add_113_18_g1161/Y       -       A2->Y   R     OAI21xp5_ASAP7_75t_SL          3  2.5    64    38     654    (-,-) 
  addinc_FP32_ALU_col2_fracAdder_add_113_18_g1113/Y       -       A2->Y   F     AOI21x1_ASAP7_75t_SL           2  2.3    35    15     670    (-,-) 
  addinc_FP32_ALU_col2_fracAdder_add_113_18_g1104/Y       -       A->Y    R     INVx2_ASAP7_75t_SL             3  2.7    24    15     685    (-,-) 
  addinc_FP32_ALU_col2_fracAdder_add_113_18_g1089/Y       -       A2->Y   F     AOI21x1_ASAP7_75t_SL           3  2.2    26    13     698    (-,-) 
  addinc_FP32_ALU_col2_fracAdder_add_113_18_g1061/Y       -       A2->Y   R     OAI21xp5_ASAP7_75t_SL          1  1.4    45    22     721    (-,-) 
  addinc_FP32_ALU_col2_fracAdder_add_113_18_g1048/Y       -       B->Y    F     AOI21x1_ASAP7_75t_SL           1  1.2    22    13     734    (-,-) 
  addinc_FP32_ALU_col2_fracAdder_add_113_18_g1034/Y       -       B->Y    F     XOR2xp5_ASAP7_75t_SL           3  1.7    35    24     758    (-,-) 
  g30908__6131/Y                                          -       B->Y    R     NOR2xp33_ASAP7_75t_L           1  1.3    54    33     792    (-,-) 
  g30894__6260/Y                                          -       C->Y    R     AND5x2_ASAP7_75t_SL            4  4.8    36    44     836    (-,-) 
  g30883__2883/Y                                          -       A2->Y   F     AOI21x1_ASAP7_75t_SL           2  2.6    35    15     852    (-,-) 
  g30878__4733/Y                                          -       D->Y    R     NAND4xp75_ASAP7_75t_SL         1  1.8    31    19     871    (-,-) 
  g30876__5115/Y                                          -       A->Y    F     NOR2x1p5_ASAP7_75t_SL          2  2.2    23    15     886    (-,-) 
  g30875/Y                                                -       A->Y    R     INVx2_ASAP7_75t_SL             4  3.0    21    14     900    (-,-) 
  g30874/Y                                                -       A->Y    F     INVxp67_ASAP7_75t_SL           2  1.4    21    14     914    (-,-) 
  g30863__5122/Y                                          -       A2->Y   R     AOI21xp5_ASAP7_75t_L           1  1.8    50    29     943    (-,-) 
  g30852__4319/Y                                          -       D->Y    F     NAND4xp75_ASAP7_75t_SL         5  4.4    54    27     970    (-,-) 
  g30846__2398/Y                                          -       A2->Y   R     OAI21xp5_ASAP7_75t_SL          1  1.4    45    28     997    (-,-) 
  g30837__2883/Y                                          -       B->Y    F     AOI21x1_ASAP7_75t_SL           2  2.1    27    17    1014    (-,-) 
  g30836/Y                                                -       A->Y    R     INVx1_ASAP7_75t_SL             1  0.9    18    12    1026    (-,-) 
  g30832__6161/Y                                          -       A2->Y   R     OA21x2_ASAP7_75t_SL            3  3.0    23    26    1052    (-,-) 
  g30826__6131/Y                                          -       B->Y    F     NAND2x1p5_ASAP7_75t_SL         2  1.9    22    10    1062    (-,-) 
  g30823__5122/Y                                          -       A2->Y   R     O2A1O1Ixp33_ASAP7_75t_SL       1  0.9    43    23    1085    (-,-) 
  g30822__1705/Y                                          -       B2->Y   R     OA22x2_ASAP7_75t_SL            2  1.9    18    25    1110    (-,-) 
  g30818__1617/Y                                          -       B->Y    R     AND2x4_ASAP7_75t_SL            8  7.9    27    26    1135    (-,-) 
  g30817/Y                                                -       A->Y    F     INVx4_ASAP7_75t_SL             5  4.1    15     9    1145    (-,-) 
  g30810__6260/Y                                          -       A2->Y   F     AO22x2_ASAP7_75t_SL            1  2.6    19    28    1172    (-,-) 
  g30803/Y                                                -       A->Y    F     BUFx12f_ASAP7_75t_SL          24 26.3    24    26    1199    (-,-) 
  g30790/Y                                                -       A->Y    R     INVx11_ASAP7_75t_SL           20 14.6    22    14    1213    (-,-) 
  g30720__7098/Y                                          -       B2->Y   R     OA22x2_ASAP7_75t_SL            2  2.7    21    25    1238    (-,-) 
  g30640__6131/Y                                          -       B2->Y   F     OAI22x1_ASAP7_75t_SL           2  2.0    29    14    1252    (-,-) 
  g30603__5115/Y                                          -       B1->Y   R     AOI22xp5_ASAP7_75t_SL          2  1.7    48    27    1279    (-,-) 
  g30592/Y                                                -       A->Y    F     INVx1_ASAP7_75t_SL             1  0.8    19    10    1289    (-,-) 
  g30570__2346/Y                                          -       A2->Y   R     AOI21xp5_ASAP7_75t_L           2  1.1    40    22    1310    (-,-) 
  g48178/Y                                                -       A->Y    F     INVxp33_ASAP7_75t_SRAM         2  1.3    59    51    1361    (-,-) 
  inc_FP32_ALU_col2_roundingAdder_add_274_18_spec1_g567/Y -       B->Y    F     AND2x2_ASAP7_75t_SL            3  2.1    17    31    1392    (-,-) 
  inc_FP32_ALU_col2_roundingAdder_add_274_18_spec1_g527/Y -       D->Y    F     AND5x1_ASAP7_75t_SL            2  1.8    19    28    1420    (-,-) 
  inc_FP32_ALU_col2_roundingAdder_add_274_18_spec1_g518/Y -       B->Y    F     AND2x4_ASAP7_75t_SL            3  3.2    13    21    1441    (-,-) 
  inc_FP32_ALU_col2_roundingAdder_add_274_18_spec1_g506/Y -       B->Y    R     NAND2x1p5_ASAP7_75t_SL         2  2.3    24    13    1455    (-,-) 
  inc_FP32_ALU_col2_roundingAdder_add_274_18_spec1_g495/Y -       B->Y    F     NOR2x1p5_ASAP7_75t_SL          2  2.3    26    13    1468    (-,-) 
  inc_FP32_ALU_col2_roundingAdder_add_274_18_spec1_g487/Y -       B->Y    R     NAND2x1p5_ASAP7_75t_SL         3  3.5    40    20    1487    (-,-) 
  inc_FP32_ALU_col2_roundingAdder_add_274_18_spec1_g481/Y -       B->Y    F     NOR2x1p5_ASAP7_75t_SL          2  2.4    27    15    1502    (-,-) 
  inc_FP32_ALU_col2_roundingAdder_add_274_18_spec1_g478/Y -       B->Y    R     NAND2x1p5_ASAP7_75t_SL         2  1.9    34    15    1518    (-,-) 
  inc_FP32_ALU_col2_roundingAdder_add_274_18_spec1_g475/Y -       B->Y    F     NOR2x1_ASAP7_75t_SL            2  1.6    27    16    1533    (-,-) 
  inc_FP32_ALU_col2_roundingAdder_add_274_18_spec1_g473/Y -       B->Y    F     AND2x2_ASAP7_75t_SL            2  1.4    14    23    1557    (-,-) 
  inc_FP32_ALU_col2_roundingAdder_add_274_18_spec1_g470/Y -       B->Y    R     NAND2xp5_ASAP7_75t_SL          1  1.3    37    16    1572    (-,-) 
  inc_FP32_ALU_col2_roundingAdder_add_274_18_spec1_g468/Y -       B->Y    R     XOR2xp5_ASAP7_75t_SL           1  0.8    29    25    1597    (-,-) 
  g29263/Y                                                -       A2->Y   F     AOI21xp5_ASAP7_75t_L           2  1.5    32    20    1617    (-,-) 
  g29244/Y                                                -       B->Y    F     OR2x2_ASAP7_75t_SL             1  1.3    14    26    1643    (-,-) 
  g29241/Y                                                -       A->Y    R     NOR2x1_ASAP7_75t_L             1  1.4    30    16    1660    (-,-) 
  g29234/Y                                                -       A1->Y   F     AOI21x1_ASAP7_75t_SL          10  7.2    65    31    1691    (-,-) 
  g29227/Y                                                -       B->Y    R     NAND2x1_ASAP7_75t_L            6  7.0    94    61    1752    (-,-) 
  g29216/Y                                                -       A->Y    F     INVx5_ASAP7_75t_SL            18 11.9    42    22    1774    (-,-) 
  g29142/Y                                                -       B1->Y   R     AOI221xp5_ASAP7_75t_SL         1  0.9    68    28    1801    (-,-) 
  PIPE_OUT_col2_stage_reg_reg[0][17]/D                    -       -       R     ASYNC_DFFHx1_ASAP7_75t_SL      1    -     -     0    1801    (-,-) 
#--------------------------------------------------------------------------------------------------------------------------------------------------



Path 37: MET (82 ps) Setup Check with Pin PIPE_OUT_col2_stage_reg_reg[0][16]/CLK->D
           View: PVT_0P63V_100C.setup_view
          Group: clk
     Startpoint: (R) PIPE_cascade_in_col2_stage_reg_reg[0][3]/CLK
          Clock: (R) clk
       Endpoint: (R) PIPE_OUT_col2_stage_reg_reg[0][16]/D
          Clock: (R) clk

                     Capture       Launch     
        Clock Edge:+    2000            0     
       Src Latency:+       0            0     
       Net Latency:+       0 (I)        0 (I) 
           Arrival:=    2000            0     
                                              
             Setup:-      17                  
       Uncertainty:-     100                  
     Required Time:=    1883                  
      Launch Clock:-       0                  
         Data Path:-    1801                  
             Slack:=      82                  

#--------------------------------------------------------------------------------------------------------------------------------------------------
#                      Timing Point                       Flags    Arc    Edge           Cell             Fanout Load Trans Delay Arrival Instance 
#                                                                                                                (fF)  (ps)  (ps)   (ps)  Location 
#--------------------------------------------------------------------------------------------------------------------------------------------------
  PIPE_cascade_in_col2_stage_reg_reg[0][3]/CLK            -       -       R     (arrival)                   1073    -     0     0       0    (-,-) 
  PIPE_cascade_in_col2_stage_reg_reg[0][3]/QN             -       CLK->QN R     ASYNC_DFFHx1_ASAP7_75t_SL      1  0.8    24    48      48    (-,-) 
  g47518/Y                                                -       B->Y    R     AND2x2_ASAP7_75t_SL            1  1.4    18    21      69    (-,-) 
  g47459/Y                                                -       B->Y    F     AOI21x1_ASAP7_75t_SL           3  2.0    51    13      82    (-,-) 
  g46669/Y                                                -       B->Y    R     AOI31xp33_ASAP7_75t_SL         1  0.8    46    30     112    (-,-) 
  g46648/Y                                                -       C->Y    F     O2A1O1Ixp5_ASAP7_75t_SL        1  0.8    28    16     128    (-,-) 
  g46640__6161/Y                                          -       C->Y    R     O2A1O1Ixp5_ASAP7_75t_SL        1  0.9    35    20     149    (-,-) 
  g46621__6260/Y                                          -       A2->Y   F     OAI21xp5_ASAP7_75t_SL          2  1.5    39    19     168    (-,-) 
  g46615__1666/Y                                          -       A->Y    R     NAND3xp33_ASAP7_75t_SL         1  1.1    35    20     188    (-,-) 
  g46610__9945/Y                                          -       A1->Y   F     AOI211x1_ASAP7_75t_SL          1  0.8    34    17     205    (-,-) 
  g46571__7482/Y                                          -       B->Y    F     OR2x2_ASAP7_75t_SL             8  8.0    36    40     245    (-,-) 
  g46503__1881/Y                                          -       A2->Y   F     OA22x2_ASAP7_75t_SL            2  2.4    19    32     277    (-,-) 
  g46338__2883/Y                                          -       B->Y    R     NAND4xp75_ASAP7_75t_SL         1  2.2    38    15     292    (-,-) 
  g46312__8428/Y                                          -       A->Y    F     NOR2x2_ASAP7_75t_SL            4  3.7    29    20     312    (-,-) 
  g46304__6417/Y                                          -       B->Y    R     NAND2x1p5_ASAP7_75t_SL         4  3.6    36    21     332    (-,-) 
  g46300/Y                                                -       A->Y    F     INVx2_ASAP7_75t_SL             3  4.0    24    15     347    (-,-) 
  g46287__7482/Y                                          -       B->Y    R     NAND2x1p5_ASAP7_75t_SL         3  1.9    21    14     362    (-,-) 
  g46210__5526/Y                                          -       B->Y    F     NAND2xp5_ASAP7_75t_SL          1  1.3    24    15     377    (-,-) 
  g46204__5477/Y                                          -       A->Y    F     AND2x6_ASAP7_75t_SL           21 20.9    33    38     415    (-,-) 
  g46186/Y                                                -       A->Y    R     INVx8_ASAP7_75t_SL            23 17.4    32    20     435    (-,-) 
  g46114__6783/Y                                          -       A2->Y   F     AOI22xp5_ASAP7_75t_SL          1  0.8    32    16     450    (-,-) 
  g46055__6417/Y                                          -       B->Y    R     NAND2xp5_ASAP7_75t_L           2  1.4    34    25     475    (-,-) 
  g46041/Y                                                -       A->Y    F     INVxp67_ASAP7_75t_SL           1  0.9    20    12     487    (-,-) 
  g45992__6783/Y                                          -       A2->Y   R     AOI22xp5_ASAP7_75t_SL          2  1.3    42    20     508    (-,-) 
  g45929__6131/Y                                          -       B->Y    F     NOR2xp33_ASAP7_75t_L           1  0.8    38    25     533    (-,-) 
  g45833__7098/Y                                          -       B->Y    R     AOI21xp5_ASAP7_75t_SL          1  1.3    40    24     558    (-,-) 
  g45796__6783/Y                                          -       B->Y    R     XOR2xp5_ASAP7_75t_SL           2  2.0    53    35     592    (-,-) 
  addinc_FP32_ALU_col2_fracAdder_add_113_18_g1257/Y       -       B->Y    F     NOR2x1_ASAP7_75t_SL            3  3.0    56    25     617    (-,-) 
  addinc_FP32_ALU_col2_fracAdder_add_113_18_g1161/Y       -       A2->Y   R     OAI21xp5_ASAP7_75t_SL          3  2.5    64    38     654    (-,-) 
  addinc_FP32_ALU_col2_fracAdder_add_113_18_g1113/Y       -       A2->Y   F     AOI21x1_ASAP7_75t_SL           2  2.3    35    15     670    (-,-) 
  addinc_FP32_ALU_col2_fracAdder_add_113_18_g1104/Y       -       A->Y    R     INVx2_ASAP7_75t_SL             3  2.7    24    15     685    (-,-) 
  addinc_FP32_ALU_col2_fracAdder_add_113_18_g1089/Y       -       A2->Y   F     AOI21x1_ASAP7_75t_SL           3  2.2    26    13     698    (-,-) 
  addinc_FP32_ALU_col2_fracAdder_add_113_18_g1061/Y       -       A2->Y   R     OAI21xp5_ASAP7_75t_SL          1  1.4    45    22     721    (-,-) 
  addinc_FP32_ALU_col2_fracAdder_add_113_18_g1048/Y       -       B->Y    F     AOI21x1_ASAP7_75t_SL           1  1.2    22    13     734    (-,-) 
  addinc_FP32_ALU_col2_fracAdder_add_113_18_g1034/Y       -       B->Y    F     XOR2xp5_ASAP7_75t_SL           3  1.7    35    24     758    (-,-) 
  g30908__6131/Y                                          -       B->Y    R     NOR2xp33_ASAP7_75t_L           1  1.3    54    33     792    (-,-) 
  g30894__6260/Y                                          -       C->Y    R     AND5x2_ASAP7_75t_SL            4  4.8    36    44     836    (-,-) 
  g30883__2883/Y                                          -       A2->Y   F     AOI21x1_ASAP7_75t_SL           2  2.6    35    15     852    (-,-) 
  g30878__4733/Y                                          -       D->Y    R     NAND4xp75_ASAP7_75t_SL         1  1.8    31    19     871    (-,-) 
  g30876__5115/Y                                          -       A->Y    F     NOR2x1p5_ASAP7_75t_SL          2  2.2    23    15     886    (-,-) 
  g30875/Y                                                -       A->Y    R     INVx2_ASAP7_75t_SL             4  3.0    21    14     900    (-,-) 
  g30874/Y                                                -       A->Y    F     INVxp67_ASAP7_75t_SL           2  1.4    21    14     914    (-,-) 
  g30863__5122/Y                                          -       A2->Y   R     AOI21xp5_ASAP7_75t_L           1  1.8    50    29     943    (-,-) 
  g30852__4319/Y                                          -       D->Y    F     NAND4xp75_ASAP7_75t_SL         5  4.4    54    27     970    (-,-) 
  g30846__2398/Y                                          -       A2->Y   R     OAI21xp5_ASAP7_75t_SL          1  1.4    45    28     997    (-,-) 
  g30837__2883/Y                                          -       B->Y    F     AOI21x1_ASAP7_75t_SL           2  2.1    27    17    1014    (-,-) 
  g30836/Y                                                -       A->Y    R     INVx1_ASAP7_75t_SL             1  0.9    18    12    1026    (-,-) 
  g30832__6161/Y                                          -       A2->Y   R     OA21x2_ASAP7_75t_SL            3  3.0    23    26    1052    (-,-) 
  g30826__6131/Y                                          -       B->Y    F     NAND2x1p5_ASAP7_75t_SL         2  1.9    22    10    1062    (-,-) 
  g30823__5122/Y                                          -       A2->Y   R     O2A1O1Ixp33_ASAP7_75t_SL       1  0.9    43    23    1085    (-,-) 
  g30822__1705/Y                                          -       B2->Y   R     OA22x2_ASAP7_75t_SL            2  1.9    18    25    1110    (-,-) 
  g30818__1617/Y                                          -       B->Y    R     AND2x4_ASAP7_75t_SL            8  7.9    27    26    1135    (-,-) 
  g30817/Y                                                -       A->Y    F     INVx4_ASAP7_75t_SL             5  4.1    15     9    1145    (-,-) 
  g30810__6260/Y                                          -       A2->Y   F     AO22x2_ASAP7_75t_SL            1  2.6    19    28    1172    (-,-) 
  g30803/Y                                                -       A->Y    F     BUFx12f_ASAP7_75t_SL          24 26.3    24    26    1199    (-,-) 
  g30790/Y                                                -       A->Y    R     INVx11_ASAP7_75t_SL           20 14.6    22    14    1213    (-,-) 
  g30720__7098/Y                                          -       B2->Y   R     OA22x2_ASAP7_75t_SL            2  2.7    21    25    1238    (-,-) 
  g30640__6131/Y                                          -       B2->Y   F     OAI22x1_ASAP7_75t_SL           2  2.0    29    14    1252    (-,-) 
  g30603__5115/Y                                          -       B1->Y   R     AOI22xp5_ASAP7_75t_SL          2  1.7    48    27    1279    (-,-) 
  g30592/Y                                                -       A->Y    F     INVx1_ASAP7_75t_SL             1  0.8    19    10    1289    (-,-) 
  g30570__2346/Y                                          -       A2->Y   R     AOI21xp5_ASAP7_75t_L           2  1.1    40    22    1310    (-,-) 
  g48178/Y                                                -       A->Y    F     INVxp33_ASAP7_75t_SRAM         2  1.3    59    51    1361    (-,-) 
  inc_FP32_ALU_col2_roundingAdder_add_274_18_spec1_g567/Y -       B->Y    F     AND2x2_ASAP7_75t_SL            3  2.1    17    31    1392    (-,-) 
  inc_FP32_ALU_col2_roundingAdder_add_274_18_spec1_g527/Y -       D->Y    F     AND5x1_ASAP7_75t_SL            2  1.8    19    28    1420    (-,-) 
  inc_FP32_ALU_col2_roundingAdder_add_274_18_spec1_g518/Y -       B->Y    F     AND2x4_ASAP7_75t_SL            3  3.2    13    21    1441    (-,-) 
  inc_FP32_ALU_col2_roundingAdder_add_274_18_spec1_g506/Y -       B->Y    R     NAND2x1p5_ASAP7_75t_SL         2  2.3    24    13    1455    (-,-) 
  inc_FP32_ALU_col2_roundingAdder_add_274_18_spec1_g495/Y -       B->Y    F     NOR2x1p5_ASAP7_75t_SL          2  2.3    26    13    1468    (-,-) 
  inc_FP32_ALU_col2_roundingAdder_add_274_18_spec1_g487/Y -       B->Y    R     NAND2x1p5_ASAP7_75t_SL         3  3.5    40    20    1487    (-,-) 
  inc_FP32_ALU_col2_roundingAdder_add_274_18_spec1_g481/Y -       B->Y    F     NOR2x1p5_ASAP7_75t_SL          2  2.4    27    15    1502    (-,-) 
  inc_FP32_ALU_col2_roundingAdder_add_274_18_spec1_g478/Y -       B->Y    R     NAND2x1p5_ASAP7_75t_SL         2  1.9    34    15    1518    (-,-) 
  inc_FP32_ALU_col2_roundingAdder_add_274_18_spec1_g475/Y -       B->Y    F     NOR2x1_ASAP7_75t_SL            2  1.6    27    16    1533    (-,-) 
  inc_FP32_ALU_col2_roundingAdder_add_274_18_spec1_g473/Y -       B->Y    F     AND2x2_ASAP7_75t_SL            2  1.4    14    23    1557    (-,-) 
  inc_FP32_ALU_col2_roundingAdder_add_274_18_spec1_g470/Y -       B->Y    R     NAND2xp5_ASAP7_75t_SL          1  1.3    37    16    1572    (-,-) 
  inc_FP32_ALU_col2_roundingAdder_add_274_18_spec1_g468/Y -       B->Y    R     XOR2xp5_ASAP7_75t_SL           1  0.8    29    25    1597    (-,-) 
  g29263/Y                                                -       A2->Y   F     AOI21xp5_ASAP7_75t_L           2  1.5    32    20    1617    (-,-) 
  g29244/Y                                                -       B->Y    F     OR2x2_ASAP7_75t_SL             1  1.3    14    26    1643    (-,-) 
  g29241/Y                                                -       A->Y    R     NOR2x1_ASAP7_75t_L             1  1.4    30    16    1660    (-,-) 
  g29234/Y                                                -       A1->Y   F     AOI21x1_ASAP7_75t_SL          10  7.2    65    31    1691    (-,-) 
  g29227/Y                                                -       B->Y    R     NAND2x1_ASAP7_75t_L            6  7.0    94    61    1752    (-,-) 
  g29216/Y                                                -       A->Y    F     INVx5_ASAP7_75t_SL            18 11.9    42    22    1774    (-,-) 
  g29141/Y                                                -       B1->Y   R     AOI221xp5_ASAP7_75t_SL         1  0.9    68    28    1801    (-,-) 
  PIPE_OUT_col2_stage_reg_reg[0][16]/D                    -       -       R     ASYNC_DFFHx1_ASAP7_75t_SL      1    -     -     0    1801    (-,-) 
#--------------------------------------------------------------------------------------------------------------------------------------------------



Path 38: MET (82 ps) Setup Check with Pin PIPE_OUT_col2_stage_reg_reg[0][15]/CLK->D
           View: PVT_0P63V_100C.setup_view
          Group: clk
     Startpoint: (R) PIPE_cascade_in_col2_stage_reg_reg[0][3]/CLK
          Clock: (R) clk
       Endpoint: (R) PIPE_OUT_col2_stage_reg_reg[0][15]/D
          Clock: (R) clk

                     Capture       Launch     
        Clock Edge:+    2000            0     
       Src Latency:+       0            0     
       Net Latency:+       0 (I)        0 (I) 
           Arrival:=    2000            0     
                                              
             Setup:-      17                  
       Uncertainty:-     100                  
     Required Time:=    1883                  
      Launch Clock:-       0                  
         Data Path:-    1801                  
             Slack:=      82                  

#--------------------------------------------------------------------------------------------------------------------------------------------------
#                      Timing Point                       Flags    Arc    Edge           Cell             Fanout Load Trans Delay Arrival Instance 
#                                                                                                                (fF)  (ps)  (ps)   (ps)  Location 
#--------------------------------------------------------------------------------------------------------------------------------------------------
  PIPE_cascade_in_col2_stage_reg_reg[0][3]/CLK            -       -       R     (arrival)                   1073    -     0     0       0    (-,-) 
  PIPE_cascade_in_col2_stage_reg_reg[0][3]/QN             -       CLK->QN R     ASYNC_DFFHx1_ASAP7_75t_SL      1  0.8    24    48      48    (-,-) 
  g47518/Y                                                -       B->Y    R     AND2x2_ASAP7_75t_SL            1  1.4    18    21      69    (-,-) 
  g47459/Y                                                -       B->Y    F     AOI21x1_ASAP7_75t_SL           3  2.0    51    13      82    (-,-) 
  g46669/Y                                                -       B->Y    R     AOI31xp33_ASAP7_75t_SL         1  0.8    46    30     112    (-,-) 
  g46648/Y                                                -       C->Y    F     O2A1O1Ixp5_ASAP7_75t_SL        1  0.8    28    16     128    (-,-) 
  g46640__6161/Y                                          -       C->Y    R     O2A1O1Ixp5_ASAP7_75t_SL        1  0.9    35    20     149    (-,-) 
  g46621__6260/Y                                          -       A2->Y   F     OAI21xp5_ASAP7_75t_SL          2  1.5    39    19     168    (-,-) 
  g46615__1666/Y                                          -       A->Y    R     NAND3xp33_ASAP7_75t_SL         1  1.1    35    20     188    (-,-) 
  g46610__9945/Y                                          -       A1->Y   F     AOI211x1_ASAP7_75t_SL          1  0.8    34    17     205    (-,-) 
  g46571__7482/Y                                          -       B->Y    F     OR2x2_ASAP7_75t_SL             8  8.0    36    40     245    (-,-) 
  g46503__1881/Y                                          -       A2->Y   F     OA22x2_ASAP7_75t_SL            2  2.4    19    32     277    (-,-) 
  g46338__2883/Y                                          -       B->Y    R     NAND4xp75_ASAP7_75t_SL         1  2.2    38    15     292    (-,-) 
  g46312__8428/Y                                          -       A->Y    F     NOR2x2_ASAP7_75t_SL            4  3.7    29    20     312    (-,-) 
  g46304__6417/Y                                          -       B->Y    R     NAND2x1p5_ASAP7_75t_SL         4  3.6    36    21     332    (-,-) 
  g46300/Y                                                -       A->Y    F     INVx2_ASAP7_75t_SL             3  4.0    24    15     347    (-,-) 
  g46287__7482/Y                                          -       B->Y    R     NAND2x1p5_ASAP7_75t_SL         3  1.9    21    14     362    (-,-) 
  g46210__5526/Y                                          -       B->Y    F     NAND2xp5_ASAP7_75t_SL          1  1.3    24    15     377    (-,-) 
  g46204__5477/Y                                          -       A->Y    F     AND2x6_ASAP7_75t_SL           21 20.9    33    38     415    (-,-) 
  g46186/Y                                                -       A->Y    R     INVx8_ASAP7_75t_SL            23 17.4    32    20     435    (-,-) 
  g46114__6783/Y                                          -       A2->Y   F     AOI22xp5_ASAP7_75t_SL          1  0.8    32    16     450    (-,-) 
  g46055__6417/Y                                          -       B->Y    R     NAND2xp5_ASAP7_75t_L           2  1.4    34    25     475    (-,-) 
  g46041/Y                                                -       A->Y    F     INVxp67_ASAP7_75t_SL           1  0.9    20    12     487    (-,-) 
  g45992__6783/Y                                          -       A2->Y   R     AOI22xp5_ASAP7_75t_SL          2  1.3    42    20     508    (-,-) 
  g45929__6131/Y                                          -       B->Y    F     NOR2xp33_ASAP7_75t_L           1  0.8    38    25     533    (-,-) 
  g45833__7098/Y                                          -       B->Y    R     AOI21xp5_ASAP7_75t_SL          1  1.3    40    24     558    (-,-) 
  g45796__6783/Y                                          -       B->Y    R     XOR2xp5_ASAP7_75t_SL           2  2.0    53    35     592    (-,-) 
  addinc_FP32_ALU_col2_fracAdder_add_113_18_g1257/Y       -       B->Y    F     NOR2x1_ASAP7_75t_SL            3  3.0    56    25     617    (-,-) 
  addinc_FP32_ALU_col2_fracAdder_add_113_18_g1161/Y       -       A2->Y   R     OAI21xp5_ASAP7_75t_SL          3  2.5    64    38     654    (-,-) 
  addinc_FP32_ALU_col2_fracAdder_add_113_18_g1113/Y       -       A2->Y   F     AOI21x1_ASAP7_75t_SL           2  2.3    35    15     670    (-,-) 
  addinc_FP32_ALU_col2_fracAdder_add_113_18_g1104/Y       -       A->Y    R     INVx2_ASAP7_75t_SL             3  2.7    24    15     685    (-,-) 
  addinc_FP32_ALU_col2_fracAdder_add_113_18_g1089/Y       -       A2->Y   F     AOI21x1_ASAP7_75t_SL           3  2.2    26    13     698    (-,-) 
  addinc_FP32_ALU_col2_fracAdder_add_113_18_g1061/Y       -       A2->Y   R     OAI21xp5_ASAP7_75t_SL          1  1.4    45    22     721    (-,-) 
  addinc_FP32_ALU_col2_fracAdder_add_113_18_g1048/Y       -       B->Y    F     AOI21x1_ASAP7_75t_SL           1  1.2    22    13     734    (-,-) 
  addinc_FP32_ALU_col2_fracAdder_add_113_18_g1034/Y       -       B->Y    F     XOR2xp5_ASAP7_75t_SL           3  1.7    35    24     758    (-,-) 
  g30908__6131/Y                                          -       B->Y    R     NOR2xp33_ASAP7_75t_L           1  1.3    54    33     792    (-,-) 
  g30894__6260/Y                                          -       C->Y    R     AND5x2_ASAP7_75t_SL            4  4.8    36    44     836    (-,-) 
  g30883__2883/Y                                          -       A2->Y   F     AOI21x1_ASAP7_75t_SL           2  2.6    35    15     852    (-,-) 
  g30878__4733/Y                                          -       D->Y    R     NAND4xp75_ASAP7_75t_SL         1  1.8    31    19     871    (-,-) 
  g30876__5115/Y                                          -       A->Y    F     NOR2x1p5_ASAP7_75t_SL          2  2.2    23    15     886    (-,-) 
  g30875/Y                                                -       A->Y    R     INVx2_ASAP7_75t_SL             4  3.0    21    14     900    (-,-) 
  g30874/Y                                                -       A->Y    F     INVxp67_ASAP7_75t_SL           2  1.4    21    14     914    (-,-) 
  g30863__5122/Y                                          -       A2->Y   R     AOI21xp5_ASAP7_75t_L           1  1.8    50    29     943    (-,-) 
  g30852__4319/Y                                          -       D->Y    F     NAND4xp75_ASAP7_75t_SL         5  4.4    54    27     970    (-,-) 
  g30846__2398/Y                                          -       A2->Y   R     OAI21xp5_ASAP7_75t_SL          1  1.4    45    28     997    (-,-) 
  g30837__2883/Y                                          -       B->Y    F     AOI21x1_ASAP7_75t_SL           2  2.1    27    17    1014    (-,-) 
  g30836/Y                                                -       A->Y    R     INVx1_ASAP7_75t_SL             1  0.9    18    12    1026    (-,-) 
  g30832__6161/Y                                          -       A2->Y   R     OA21x2_ASAP7_75t_SL            3  3.0    23    26    1052    (-,-) 
  g30826__6131/Y                                          -       B->Y    F     NAND2x1p5_ASAP7_75t_SL         2  1.9    22    10    1062    (-,-) 
  g30823__5122/Y                                          -       A2->Y   R     O2A1O1Ixp33_ASAP7_75t_SL       1  0.9    43    23    1085    (-,-) 
  g30822__1705/Y                                          -       B2->Y   R     OA22x2_ASAP7_75t_SL            2  1.9    18    25    1110    (-,-) 
  g30818__1617/Y                                          -       B->Y    R     AND2x4_ASAP7_75t_SL            8  7.9    27    26    1135    (-,-) 
  g30817/Y                                                -       A->Y    F     INVx4_ASAP7_75t_SL             5  4.1    15     9    1145    (-,-) 
  g30810__6260/Y                                          -       A2->Y   F     AO22x2_ASAP7_75t_SL            1  2.6    19    28    1172    (-,-) 
  g30803/Y                                                -       A->Y    F     BUFx12f_ASAP7_75t_SL          24 26.3    24    26    1199    (-,-) 
  g30790/Y                                                -       A->Y    R     INVx11_ASAP7_75t_SL           20 14.6    22    14    1213    (-,-) 
  g30720__7098/Y                                          -       B2->Y   R     OA22x2_ASAP7_75t_SL            2  2.7    21    25    1238    (-,-) 
  g30640__6131/Y                                          -       B2->Y   F     OAI22x1_ASAP7_75t_SL           2  2.0    29    14    1252    (-,-) 
  g30603__5115/Y                                          -       B1->Y   R     AOI22xp5_ASAP7_75t_SL          2  1.7    48    27    1279    (-,-) 
  g30592/Y                                                -       A->Y    F     INVx1_ASAP7_75t_SL             1  0.8    19    10    1289    (-,-) 
  g30570__2346/Y                                          -       A2->Y   R     AOI21xp5_ASAP7_75t_L           2  1.1    40    22    1310    (-,-) 
  g48178/Y                                                -       A->Y    F     INVxp33_ASAP7_75t_SRAM         2  1.3    59    51    1361    (-,-) 
  inc_FP32_ALU_col2_roundingAdder_add_274_18_spec1_g567/Y -       B->Y    F     AND2x2_ASAP7_75t_SL            3  2.1    17    31    1392    (-,-) 
  inc_FP32_ALU_col2_roundingAdder_add_274_18_spec1_g527/Y -       D->Y    F     AND5x1_ASAP7_75t_SL            2  1.8    19    28    1420    (-,-) 
  inc_FP32_ALU_col2_roundingAdder_add_274_18_spec1_g518/Y -       B->Y    F     AND2x4_ASAP7_75t_SL            3  3.2    13    21    1441    (-,-) 
  inc_FP32_ALU_col2_roundingAdder_add_274_18_spec1_g506/Y -       B->Y    R     NAND2x1p5_ASAP7_75t_SL         2  2.3    24    13    1455    (-,-) 
  inc_FP32_ALU_col2_roundingAdder_add_274_18_spec1_g495/Y -       B->Y    F     NOR2x1p5_ASAP7_75t_SL          2  2.3    26    13    1468    (-,-) 
  inc_FP32_ALU_col2_roundingAdder_add_274_18_spec1_g487/Y -       B->Y    R     NAND2x1p5_ASAP7_75t_SL         3  3.5    40    20    1487    (-,-) 
  inc_FP32_ALU_col2_roundingAdder_add_274_18_spec1_g481/Y -       B->Y    F     NOR2x1p5_ASAP7_75t_SL          2  2.4    27    15    1502    (-,-) 
  inc_FP32_ALU_col2_roundingAdder_add_274_18_spec1_g478/Y -       B->Y    R     NAND2x1p5_ASAP7_75t_SL         2  1.9    34    15    1518    (-,-) 
  inc_FP32_ALU_col2_roundingAdder_add_274_18_spec1_g475/Y -       B->Y    F     NOR2x1_ASAP7_75t_SL            2  1.6    27    16    1533    (-,-) 
  inc_FP32_ALU_col2_roundingAdder_add_274_18_spec1_g473/Y -       B->Y    F     AND2x2_ASAP7_75t_SL            2  1.4    14    23    1557    (-,-) 
  inc_FP32_ALU_col2_roundingAdder_add_274_18_spec1_g470/Y -       B->Y    R     NAND2xp5_ASAP7_75t_SL          1  1.3    37    16    1572    (-,-) 
  inc_FP32_ALU_col2_roundingAdder_add_274_18_spec1_g468/Y -       B->Y    R     XOR2xp5_ASAP7_75t_SL           1  0.8    29    25    1597    (-,-) 
  g29263/Y                                                -       A2->Y   F     AOI21xp5_ASAP7_75t_L           2  1.5    32    20    1617    (-,-) 
  g29244/Y                                                -       B->Y    F     OR2x2_ASAP7_75t_SL             1  1.3    14    26    1643    (-,-) 
  g29241/Y                                                -       A->Y    R     NOR2x1_ASAP7_75t_L             1  1.4    30    16    1660    (-,-) 
  g29234/Y                                                -       A1->Y   F     AOI21x1_ASAP7_75t_SL          10  7.2    65    31    1691    (-,-) 
  g29227/Y                                                -       B->Y    R     NAND2x1_ASAP7_75t_L            6  7.0    94    61    1752    (-,-) 
  g29216/Y                                                -       A->Y    F     INVx5_ASAP7_75t_SL            18 11.9    42    22    1774    (-,-) 
  g29140/Y                                                -       B1->Y   R     AOI221xp5_ASAP7_75t_SL         1  0.9    68    28    1801    (-,-) 
  PIPE_OUT_col2_stage_reg_reg[0][15]/D                    -       -       R     ASYNC_DFFHx1_ASAP7_75t_SL      1    -     -     0    1801    (-,-) 
#--------------------------------------------------------------------------------------------------------------------------------------------------



Path 39: MET (82 ps) Setup Check with Pin PIPE_OUT_col2_stage_reg_reg[0][14]/CLK->D
           View: PVT_0P63V_100C.setup_view
          Group: clk
     Startpoint: (R) PIPE_cascade_in_col2_stage_reg_reg[0][3]/CLK
          Clock: (R) clk
       Endpoint: (R) PIPE_OUT_col2_stage_reg_reg[0][14]/D
          Clock: (R) clk

                     Capture       Launch     
        Clock Edge:+    2000            0     
       Src Latency:+       0            0     
       Net Latency:+       0 (I)        0 (I) 
           Arrival:=    2000            0     
                                              
             Setup:-      17                  
       Uncertainty:-     100                  
     Required Time:=    1883                  
      Launch Clock:-       0                  
         Data Path:-    1801                  
             Slack:=      82                  

#--------------------------------------------------------------------------------------------------------------------------------------------------
#                      Timing Point                       Flags    Arc    Edge           Cell             Fanout Load Trans Delay Arrival Instance 
#                                                                                                                (fF)  (ps)  (ps)   (ps)  Location 
#--------------------------------------------------------------------------------------------------------------------------------------------------
  PIPE_cascade_in_col2_stage_reg_reg[0][3]/CLK            -       -       R     (arrival)                   1073    -     0     0       0    (-,-) 
  PIPE_cascade_in_col2_stage_reg_reg[0][3]/QN             -       CLK->QN R     ASYNC_DFFHx1_ASAP7_75t_SL      1  0.8    24    48      48    (-,-) 
  g47518/Y                                                -       B->Y    R     AND2x2_ASAP7_75t_SL            1  1.4    18    21      69    (-,-) 
  g47459/Y                                                -       B->Y    F     AOI21x1_ASAP7_75t_SL           3  2.0    51    13      82    (-,-) 
  g46669/Y                                                -       B->Y    R     AOI31xp33_ASAP7_75t_SL         1  0.8    46    30     112    (-,-) 
  g46648/Y                                                -       C->Y    F     O2A1O1Ixp5_ASAP7_75t_SL        1  0.8    28    16     128    (-,-) 
  g46640__6161/Y                                          -       C->Y    R     O2A1O1Ixp5_ASAP7_75t_SL        1  0.9    35    20     149    (-,-) 
  g46621__6260/Y                                          -       A2->Y   F     OAI21xp5_ASAP7_75t_SL          2  1.5    39    19     168    (-,-) 
  g46615__1666/Y                                          -       A->Y    R     NAND3xp33_ASAP7_75t_SL         1  1.1    35    20     188    (-,-) 
  g46610__9945/Y                                          -       A1->Y   F     AOI211x1_ASAP7_75t_SL          1  0.8    34    17     205    (-,-) 
  g46571__7482/Y                                          -       B->Y    F     OR2x2_ASAP7_75t_SL             8  8.0    36    40     245    (-,-) 
  g46503__1881/Y                                          -       A2->Y   F     OA22x2_ASAP7_75t_SL            2  2.4    19    32     277    (-,-) 
  g46338__2883/Y                                          -       B->Y    R     NAND4xp75_ASAP7_75t_SL         1  2.2    38    15     292    (-,-) 
  g46312__8428/Y                                          -       A->Y    F     NOR2x2_ASAP7_75t_SL            4  3.7    29    20     312    (-,-) 
  g46304__6417/Y                                          -       B->Y    R     NAND2x1p5_ASAP7_75t_SL         4  3.6    36    21     332    (-,-) 
  g46300/Y                                                -       A->Y    F     INVx2_ASAP7_75t_SL             3  4.0    24    15     347    (-,-) 
  g46287__7482/Y                                          -       B->Y    R     NAND2x1p5_ASAP7_75t_SL         3  1.9    21    14     362    (-,-) 
  g46210__5526/Y                                          -       B->Y    F     NAND2xp5_ASAP7_75t_SL          1  1.3    24    15     377    (-,-) 
  g46204__5477/Y                                          -       A->Y    F     AND2x6_ASAP7_75t_SL           21 20.9    33    38     415    (-,-) 
  g46186/Y                                                -       A->Y    R     INVx8_ASAP7_75t_SL            23 17.4    32    20     435    (-,-) 
  g46114__6783/Y                                          -       A2->Y   F     AOI22xp5_ASAP7_75t_SL          1  0.8    32    16     450    (-,-) 
  g46055__6417/Y                                          -       B->Y    R     NAND2xp5_ASAP7_75t_L           2  1.4    34    25     475    (-,-) 
  g46041/Y                                                -       A->Y    F     INVxp67_ASAP7_75t_SL           1  0.9    20    12     487    (-,-) 
  g45992__6783/Y                                          -       A2->Y   R     AOI22xp5_ASAP7_75t_SL          2  1.3    42    20     508    (-,-) 
  g45929__6131/Y                                          -       B->Y    F     NOR2xp33_ASAP7_75t_L           1  0.8    38    25     533    (-,-) 
  g45833__7098/Y                                          -       B->Y    R     AOI21xp5_ASAP7_75t_SL          1  1.3    40    24     558    (-,-) 
  g45796__6783/Y                                          -       B->Y    R     XOR2xp5_ASAP7_75t_SL           2  2.0    53    35     592    (-,-) 
  addinc_FP32_ALU_col2_fracAdder_add_113_18_g1257/Y       -       B->Y    F     NOR2x1_ASAP7_75t_SL            3  3.0    56    25     617    (-,-) 
  addinc_FP32_ALU_col2_fracAdder_add_113_18_g1161/Y       -       A2->Y   R     OAI21xp5_ASAP7_75t_SL          3  2.5    64    38     654    (-,-) 
  addinc_FP32_ALU_col2_fracAdder_add_113_18_g1113/Y       -       A2->Y   F     AOI21x1_ASAP7_75t_SL           2  2.3    35    15     670    (-,-) 
  addinc_FP32_ALU_col2_fracAdder_add_113_18_g1104/Y       -       A->Y    R     INVx2_ASAP7_75t_SL             3  2.7    24    15     685    (-,-) 
  addinc_FP32_ALU_col2_fracAdder_add_113_18_g1089/Y       -       A2->Y   F     AOI21x1_ASAP7_75t_SL           3  2.2    26    13     698    (-,-) 
  addinc_FP32_ALU_col2_fracAdder_add_113_18_g1061/Y       -       A2->Y   R     OAI21xp5_ASAP7_75t_SL          1  1.4    45    22     721    (-,-) 
  addinc_FP32_ALU_col2_fracAdder_add_113_18_g1048/Y       -       B->Y    F     AOI21x1_ASAP7_75t_SL           1  1.2    22    13     734    (-,-) 
  addinc_FP32_ALU_col2_fracAdder_add_113_18_g1034/Y       -       B->Y    F     XOR2xp5_ASAP7_75t_SL           3  1.7    35    24     758    (-,-) 
  g30908__6131/Y                                          -       B->Y    R     NOR2xp33_ASAP7_75t_L           1  1.3    54    33     792    (-,-) 
  g30894__6260/Y                                          -       C->Y    R     AND5x2_ASAP7_75t_SL            4  4.8    36    44     836    (-,-) 
  g30883__2883/Y                                          -       A2->Y   F     AOI21x1_ASAP7_75t_SL           2  2.6    35    15     852    (-,-) 
  g30878__4733/Y                                          -       D->Y    R     NAND4xp75_ASAP7_75t_SL         1  1.8    31    19     871    (-,-) 
  g30876__5115/Y                                          -       A->Y    F     NOR2x1p5_ASAP7_75t_SL          2  2.2    23    15     886    (-,-) 
  g30875/Y                                                -       A->Y    R     INVx2_ASAP7_75t_SL             4  3.0    21    14     900    (-,-) 
  g30874/Y                                                -       A->Y    F     INVxp67_ASAP7_75t_SL           2  1.4    21    14     914    (-,-) 
  g30863__5122/Y                                          -       A2->Y   R     AOI21xp5_ASAP7_75t_L           1  1.8    50    29     943    (-,-) 
  g30852__4319/Y                                          -       D->Y    F     NAND4xp75_ASAP7_75t_SL         5  4.4    54    27     970    (-,-) 
  g30846__2398/Y                                          -       A2->Y   R     OAI21xp5_ASAP7_75t_SL          1  1.4    45    28     997    (-,-) 
  g30837__2883/Y                                          -       B->Y    F     AOI21x1_ASAP7_75t_SL           2  2.1    27    17    1014    (-,-) 
  g30836/Y                                                -       A->Y    R     INVx1_ASAP7_75t_SL             1  0.9    18    12    1026    (-,-) 
  g30832__6161/Y                                          -       A2->Y   R     OA21x2_ASAP7_75t_SL            3  3.0    23    26    1052    (-,-) 
  g30826__6131/Y                                          -       B->Y    F     NAND2x1p5_ASAP7_75t_SL         2  1.9    22    10    1062    (-,-) 
  g30823__5122/Y                                          -       A2->Y   R     O2A1O1Ixp33_ASAP7_75t_SL       1  0.9    43    23    1085    (-,-) 
  g30822__1705/Y                                          -       B2->Y   R     OA22x2_ASAP7_75t_SL            2  1.9    18    25    1110    (-,-) 
  g30818__1617/Y                                          -       B->Y    R     AND2x4_ASAP7_75t_SL            8  7.9    27    26    1135    (-,-) 
  g30817/Y                                                -       A->Y    F     INVx4_ASAP7_75t_SL             5  4.1    15     9    1145    (-,-) 
  g30810__6260/Y                                          -       A2->Y   F     AO22x2_ASAP7_75t_SL            1  2.6    19    28    1172    (-,-) 
  g30803/Y                                                -       A->Y    F     BUFx12f_ASAP7_75t_SL          24 26.3    24    26    1199    (-,-) 
  g30790/Y                                                -       A->Y    R     INVx11_ASAP7_75t_SL           20 14.6    22    14    1213    (-,-) 
  g30720__7098/Y                                          -       B2->Y   R     OA22x2_ASAP7_75t_SL            2  2.7    21    25    1238    (-,-) 
  g30640__6131/Y                                          -       B2->Y   F     OAI22x1_ASAP7_75t_SL           2  2.0    29    14    1252    (-,-) 
  g30603__5115/Y                                          -       B1->Y   R     AOI22xp5_ASAP7_75t_SL          2  1.7    48    27    1279    (-,-) 
  g30592/Y                                                -       A->Y    F     INVx1_ASAP7_75t_SL             1  0.8    19    10    1289    (-,-) 
  g30570__2346/Y                                          -       A2->Y   R     AOI21xp5_ASAP7_75t_L           2  1.1    40    22    1310    (-,-) 
  g48178/Y                                                -       A->Y    F     INVxp33_ASAP7_75t_SRAM         2  1.3    59    51    1361    (-,-) 
  inc_FP32_ALU_col2_roundingAdder_add_274_18_spec1_g567/Y -       B->Y    F     AND2x2_ASAP7_75t_SL            3  2.1    17    31    1392    (-,-) 
  inc_FP32_ALU_col2_roundingAdder_add_274_18_spec1_g527/Y -       D->Y    F     AND5x1_ASAP7_75t_SL            2  1.8    19    28    1420    (-,-) 
  inc_FP32_ALU_col2_roundingAdder_add_274_18_spec1_g518/Y -       B->Y    F     AND2x4_ASAP7_75t_SL            3  3.2    13    21    1441    (-,-) 
  inc_FP32_ALU_col2_roundingAdder_add_274_18_spec1_g506/Y -       B->Y    R     NAND2x1p5_ASAP7_75t_SL         2  2.3    24    13    1455    (-,-) 
  inc_FP32_ALU_col2_roundingAdder_add_274_18_spec1_g495/Y -       B->Y    F     NOR2x1p5_ASAP7_75t_SL          2  2.3    26    13    1468    (-,-) 
  inc_FP32_ALU_col2_roundingAdder_add_274_18_spec1_g487/Y -       B->Y    R     NAND2x1p5_ASAP7_75t_SL         3  3.5    40    20    1487    (-,-) 
  inc_FP32_ALU_col2_roundingAdder_add_274_18_spec1_g481/Y -       B->Y    F     NOR2x1p5_ASAP7_75t_SL          2  2.4    27    15    1502    (-,-) 
  inc_FP32_ALU_col2_roundingAdder_add_274_18_spec1_g478/Y -       B->Y    R     NAND2x1p5_ASAP7_75t_SL         2  1.9    34    15    1518    (-,-) 
  inc_FP32_ALU_col2_roundingAdder_add_274_18_spec1_g475/Y -       B->Y    F     NOR2x1_ASAP7_75t_SL            2  1.6    27    16    1533    (-,-) 
  inc_FP32_ALU_col2_roundingAdder_add_274_18_spec1_g473/Y -       B->Y    F     AND2x2_ASAP7_75t_SL            2  1.4    14    23    1557    (-,-) 
  inc_FP32_ALU_col2_roundingAdder_add_274_18_spec1_g470/Y -       B->Y    R     NAND2xp5_ASAP7_75t_SL          1  1.3    37    16    1572    (-,-) 
  inc_FP32_ALU_col2_roundingAdder_add_274_18_spec1_g468/Y -       B->Y    R     XOR2xp5_ASAP7_75t_SL           1  0.8    29    25    1597    (-,-) 
  g29263/Y                                                -       A2->Y   F     AOI21xp5_ASAP7_75t_L           2  1.5    32    20    1617    (-,-) 
  g29244/Y                                                -       B->Y    F     OR2x2_ASAP7_75t_SL             1  1.3    14    26    1643    (-,-) 
  g29241/Y                                                -       A->Y    R     NOR2x1_ASAP7_75t_L             1  1.4    30    16    1660    (-,-) 
  g29234/Y                                                -       A1->Y   F     AOI21x1_ASAP7_75t_SL          10  7.2    65    31    1691    (-,-) 
  g29227/Y                                                -       B->Y    R     NAND2x1_ASAP7_75t_L            6  7.0    94    61    1752    (-,-) 
  g29216/Y                                                -       A->Y    F     INVx5_ASAP7_75t_SL            18 11.9    42    22    1774    (-,-) 
  g29139/Y                                                -       B1->Y   R     AOI221xp5_ASAP7_75t_SL         1  0.9    68    28    1801    (-,-) 
  PIPE_OUT_col2_stage_reg_reg[0][14]/D                    -       -       R     ASYNC_DFFHx1_ASAP7_75t_SL      1    -     -     0    1801    (-,-) 
#--------------------------------------------------------------------------------------------------------------------------------------------------



Path 40: MET (82 ps) Setup Check with Pin PIPE_OUT_col2_stage_reg_reg[0][13]/CLK->D
           View: PVT_0P63V_100C.setup_view
          Group: clk
     Startpoint: (R) PIPE_cascade_in_col2_stage_reg_reg[0][3]/CLK
          Clock: (R) clk
       Endpoint: (R) PIPE_OUT_col2_stage_reg_reg[0][13]/D
          Clock: (R) clk

                     Capture       Launch     
        Clock Edge:+    2000            0     
       Src Latency:+       0            0     
       Net Latency:+       0 (I)        0 (I) 
           Arrival:=    2000            0     
                                              
             Setup:-      17                  
       Uncertainty:-     100                  
     Required Time:=    1883                  
      Launch Clock:-       0                  
         Data Path:-    1801                  
             Slack:=      82                  

#--------------------------------------------------------------------------------------------------------------------------------------------------
#                      Timing Point                       Flags    Arc    Edge           Cell             Fanout Load Trans Delay Arrival Instance 
#                                                                                                                (fF)  (ps)  (ps)   (ps)  Location 
#--------------------------------------------------------------------------------------------------------------------------------------------------
  PIPE_cascade_in_col2_stage_reg_reg[0][3]/CLK            -       -       R     (arrival)                   1073    -     0     0       0    (-,-) 
  PIPE_cascade_in_col2_stage_reg_reg[0][3]/QN             -       CLK->QN R     ASYNC_DFFHx1_ASAP7_75t_SL      1  0.8    24    48      48    (-,-) 
  g47518/Y                                                -       B->Y    R     AND2x2_ASAP7_75t_SL            1  1.4    18    21      69    (-,-) 
  g47459/Y                                                -       B->Y    F     AOI21x1_ASAP7_75t_SL           3  2.0    51    13      82    (-,-) 
  g46669/Y                                                -       B->Y    R     AOI31xp33_ASAP7_75t_SL         1  0.8    46    30     112    (-,-) 
  g46648/Y                                                -       C->Y    F     O2A1O1Ixp5_ASAP7_75t_SL        1  0.8    28    16     128    (-,-) 
  g46640__6161/Y                                          -       C->Y    R     O2A1O1Ixp5_ASAP7_75t_SL        1  0.9    35    20     149    (-,-) 
  g46621__6260/Y                                          -       A2->Y   F     OAI21xp5_ASAP7_75t_SL          2  1.5    39    19     168    (-,-) 
  g46615__1666/Y                                          -       A->Y    R     NAND3xp33_ASAP7_75t_SL         1  1.1    35    20     188    (-,-) 
  g46610__9945/Y                                          -       A1->Y   F     AOI211x1_ASAP7_75t_SL          1  0.8    34    17     205    (-,-) 
  g46571__7482/Y                                          -       B->Y    F     OR2x2_ASAP7_75t_SL             8  8.0    36    40     245    (-,-) 
  g46503__1881/Y                                          -       A2->Y   F     OA22x2_ASAP7_75t_SL            2  2.4    19    32     277    (-,-) 
  g46338__2883/Y                                          -       B->Y    R     NAND4xp75_ASAP7_75t_SL         1  2.2    38    15     292    (-,-) 
  g46312__8428/Y                                          -       A->Y    F     NOR2x2_ASAP7_75t_SL            4  3.7    29    20     312    (-,-) 
  g46304__6417/Y                                          -       B->Y    R     NAND2x1p5_ASAP7_75t_SL         4  3.6    36    21     332    (-,-) 
  g46300/Y                                                -       A->Y    F     INVx2_ASAP7_75t_SL             3  4.0    24    15     347    (-,-) 
  g46287__7482/Y                                          -       B->Y    R     NAND2x1p5_ASAP7_75t_SL         3  1.9    21    14     362    (-,-) 
  g46210__5526/Y                                          -       B->Y    F     NAND2xp5_ASAP7_75t_SL          1  1.3    24    15     377    (-,-) 
  g46204__5477/Y                                          -       A->Y    F     AND2x6_ASAP7_75t_SL           21 20.9    33    38     415    (-,-) 
  g46186/Y                                                -       A->Y    R     INVx8_ASAP7_75t_SL            23 17.4    32    20     435    (-,-) 
  g46114__6783/Y                                          -       A2->Y   F     AOI22xp5_ASAP7_75t_SL          1  0.8    32    16     450    (-,-) 
  g46055__6417/Y                                          -       B->Y    R     NAND2xp5_ASAP7_75t_L           2  1.4    34    25     475    (-,-) 
  g46041/Y                                                -       A->Y    F     INVxp67_ASAP7_75t_SL           1  0.9    20    12     487    (-,-) 
  g45992__6783/Y                                          -       A2->Y   R     AOI22xp5_ASAP7_75t_SL          2  1.3    42    20     508    (-,-) 
  g45929__6131/Y                                          -       B->Y    F     NOR2xp33_ASAP7_75t_L           1  0.8    38    25     533    (-,-) 
  g45833__7098/Y                                          -       B->Y    R     AOI21xp5_ASAP7_75t_SL          1  1.3    40    24     558    (-,-) 
  g45796__6783/Y                                          -       B->Y    R     XOR2xp5_ASAP7_75t_SL           2  2.0    53    35     592    (-,-) 
  addinc_FP32_ALU_col2_fracAdder_add_113_18_g1257/Y       -       B->Y    F     NOR2x1_ASAP7_75t_SL            3  3.0    56    25     617    (-,-) 
  addinc_FP32_ALU_col2_fracAdder_add_113_18_g1161/Y       -       A2->Y   R     OAI21xp5_ASAP7_75t_SL          3  2.5    64    38     654    (-,-) 
  addinc_FP32_ALU_col2_fracAdder_add_113_18_g1113/Y       -       A2->Y   F     AOI21x1_ASAP7_75t_SL           2  2.3    35    15     670    (-,-) 
  addinc_FP32_ALU_col2_fracAdder_add_113_18_g1104/Y       -       A->Y    R     INVx2_ASAP7_75t_SL             3  2.7    24    15     685    (-,-) 
  addinc_FP32_ALU_col2_fracAdder_add_113_18_g1089/Y       -       A2->Y   F     AOI21x1_ASAP7_75t_SL           3  2.2    26    13     698    (-,-) 
  addinc_FP32_ALU_col2_fracAdder_add_113_18_g1061/Y       -       A2->Y   R     OAI21xp5_ASAP7_75t_SL          1  1.4    45    22     721    (-,-) 
  addinc_FP32_ALU_col2_fracAdder_add_113_18_g1048/Y       -       B->Y    F     AOI21x1_ASAP7_75t_SL           1  1.2    22    13     734    (-,-) 
  addinc_FP32_ALU_col2_fracAdder_add_113_18_g1034/Y       -       B->Y    F     XOR2xp5_ASAP7_75t_SL           3  1.7    35    24     758    (-,-) 
  g30908__6131/Y                                          -       B->Y    R     NOR2xp33_ASAP7_75t_L           1  1.3    54    33     792    (-,-) 
  g30894__6260/Y                                          -       C->Y    R     AND5x2_ASAP7_75t_SL            4  4.8    36    44     836    (-,-) 
  g30883__2883/Y                                          -       A2->Y   F     AOI21x1_ASAP7_75t_SL           2  2.6    35    15     852    (-,-) 
  g30878__4733/Y                                          -       D->Y    R     NAND4xp75_ASAP7_75t_SL         1  1.8    31    19     871    (-,-) 
  g30876__5115/Y                                          -       A->Y    F     NOR2x1p5_ASAP7_75t_SL          2  2.2    23    15     886    (-,-) 
  g30875/Y                                                -       A->Y    R     INVx2_ASAP7_75t_SL             4  3.0    21    14     900    (-,-) 
  g30874/Y                                                -       A->Y    F     INVxp67_ASAP7_75t_SL           2  1.4    21    14     914    (-,-) 
  g30863__5122/Y                                          -       A2->Y   R     AOI21xp5_ASAP7_75t_L           1  1.8    50    29     943    (-,-) 
  g30852__4319/Y                                          -       D->Y    F     NAND4xp75_ASAP7_75t_SL         5  4.4    54    27     970    (-,-) 
  g30846__2398/Y                                          -       A2->Y   R     OAI21xp5_ASAP7_75t_SL          1  1.4    45    28     997    (-,-) 
  g30837__2883/Y                                          -       B->Y    F     AOI21x1_ASAP7_75t_SL           2  2.1    27    17    1014    (-,-) 
  g30836/Y                                                -       A->Y    R     INVx1_ASAP7_75t_SL             1  0.9    18    12    1026    (-,-) 
  g30832__6161/Y                                          -       A2->Y   R     OA21x2_ASAP7_75t_SL            3  3.0    23    26    1052    (-,-) 
  g30826__6131/Y                                          -       B->Y    F     NAND2x1p5_ASAP7_75t_SL         2  1.9    22    10    1062    (-,-) 
  g30823__5122/Y                                          -       A2->Y   R     O2A1O1Ixp33_ASAP7_75t_SL       1  0.9    43    23    1085    (-,-) 
  g30822__1705/Y                                          -       B2->Y   R     OA22x2_ASAP7_75t_SL            2  1.9    18    25    1110    (-,-) 
  g30818__1617/Y                                          -       B->Y    R     AND2x4_ASAP7_75t_SL            8  7.9    27    26    1135    (-,-) 
  g30817/Y                                                -       A->Y    F     INVx4_ASAP7_75t_SL             5  4.1    15     9    1145    (-,-) 
  g30810__6260/Y                                          -       A2->Y   F     AO22x2_ASAP7_75t_SL            1  2.6    19    28    1172    (-,-) 
  g30803/Y                                                -       A->Y    F     BUFx12f_ASAP7_75t_SL          24 26.3    24    26    1199    (-,-) 
  g30790/Y                                                -       A->Y    R     INVx11_ASAP7_75t_SL           20 14.6    22    14    1213    (-,-) 
  g30720__7098/Y                                          -       B2->Y   R     OA22x2_ASAP7_75t_SL            2  2.7    21    25    1238    (-,-) 
  g30640__6131/Y                                          -       B2->Y   F     OAI22x1_ASAP7_75t_SL           2  2.0    29    14    1252    (-,-) 
  g30603__5115/Y                                          -       B1->Y   R     AOI22xp5_ASAP7_75t_SL          2  1.7    48    27    1279    (-,-) 
  g30592/Y                                                -       A->Y    F     INVx1_ASAP7_75t_SL             1  0.8    19    10    1289    (-,-) 
  g30570__2346/Y                                          -       A2->Y   R     AOI21xp5_ASAP7_75t_L           2  1.1    40    22    1310    (-,-) 
  g48178/Y                                                -       A->Y    F     INVxp33_ASAP7_75t_SRAM         2  1.3    59    51    1361    (-,-) 
  inc_FP32_ALU_col2_roundingAdder_add_274_18_spec1_g567/Y -       B->Y    F     AND2x2_ASAP7_75t_SL            3  2.1    17    31    1392    (-,-) 
  inc_FP32_ALU_col2_roundingAdder_add_274_18_spec1_g527/Y -       D->Y    F     AND5x1_ASAP7_75t_SL            2  1.8    19    28    1420    (-,-) 
  inc_FP32_ALU_col2_roundingAdder_add_274_18_spec1_g518/Y -       B->Y    F     AND2x4_ASAP7_75t_SL            3  3.2    13    21    1441    (-,-) 
  inc_FP32_ALU_col2_roundingAdder_add_274_18_spec1_g506/Y -       B->Y    R     NAND2x1p5_ASAP7_75t_SL         2  2.3    24    13    1455    (-,-) 
  inc_FP32_ALU_col2_roundingAdder_add_274_18_spec1_g495/Y -       B->Y    F     NOR2x1p5_ASAP7_75t_SL          2  2.3    26    13    1468    (-,-) 
  inc_FP32_ALU_col2_roundingAdder_add_274_18_spec1_g487/Y -       B->Y    R     NAND2x1p5_ASAP7_75t_SL         3  3.5    40    20    1487    (-,-) 
  inc_FP32_ALU_col2_roundingAdder_add_274_18_spec1_g481/Y -       B->Y    F     NOR2x1p5_ASAP7_75t_SL          2  2.4    27    15    1502    (-,-) 
  inc_FP32_ALU_col2_roundingAdder_add_274_18_spec1_g478/Y -       B->Y    R     NAND2x1p5_ASAP7_75t_SL         2  1.9    34    15    1518    (-,-) 
  inc_FP32_ALU_col2_roundingAdder_add_274_18_spec1_g475/Y -       B->Y    F     NOR2x1_ASAP7_75t_SL            2  1.6    27    16    1533    (-,-) 
  inc_FP32_ALU_col2_roundingAdder_add_274_18_spec1_g473/Y -       B->Y    F     AND2x2_ASAP7_75t_SL            2  1.4    14    23    1557    (-,-) 
  inc_FP32_ALU_col2_roundingAdder_add_274_18_spec1_g470/Y -       B->Y    R     NAND2xp5_ASAP7_75t_SL          1  1.3    37    16    1572    (-,-) 
  inc_FP32_ALU_col2_roundingAdder_add_274_18_spec1_g468/Y -       B->Y    R     XOR2xp5_ASAP7_75t_SL           1  0.8    29    25    1597    (-,-) 
  g29263/Y                                                -       A2->Y   F     AOI21xp5_ASAP7_75t_L           2  1.5    32    20    1617    (-,-) 
  g29244/Y                                                -       B->Y    F     OR2x2_ASAP7_75t_SL             1  1.3    14    26    1643    (-,-) 
  g29241/Y                                                -       A->Y    R     NOR2x1_ASAP7_75t_L             1  1.4    30    16    1660    (-,-) 
  g29234/Y                                                -       A1->Y   F     AOI21x1_ASAP7_75t_SL          10  7.2    65    31    1691    (-,-) 
  g29227/Y                                                -       B->Y    R     NAND2x1_ASAP7_75t_L            6  7.0    94    61    1752    (-,-) 
  g29216/Y                                                -       A->Y    F     INVx5_ASAP7_75t_SL            18 11.9    42    22    1774    (-,-) 
  g29137/Y                                                -       B1->Y   R     AOI221xp5_ASAP7_75t_SL         1  0.9    68    28    1801    (-,-) 
  PIPE_OUT_col2_stage_reg_reg[0][13]/D                    -       -       R     ASYNC_DFFHx1_ASAP7_75t_SL      1    -     -     0    1801    (-,-) 
#--------------------------------------------------------------------------------------------------------------------------------------------------



Path 41: MET (82 ps) Setup Check with Pin PIPE_OUT_col2_stage_reg_reg[0][12]/CLK->D
           View: PVT_0P63V_100C.setup_view
          Group: clk
     Startpoint: (R) PIPE_cascade_in_col2_stage_reg_reg[0][3]/CLK
          Clock: (R) clk
       Endpoint: (R) PIPE_OUT_col2_stage_reg_reg[0][12]/D
          Clock: (R) clk

                     Capture       Launch     
        Clock Edge:+    2000            0     
       Src Latency:+       0            0     
       Net Latency:+       0 (I)        0 (I) 
           Arrival:=    2000            0     
                                              
             Setup:-      17                  
       Uncertainty:-     100                  
     Required Time:=    1883                  
      Launch Clock:-       0                  
         Data Path:-    1801                  
             Slack:=      82                  

#--------------------------------------------------------------------------------------------------------------------------------------------------
#                      Timing Point                       Flags    Arc    Edge           Cell             Fanout Load Trans Delay Arrival Instance 
#                                                                                                                (fF)  (ps)  (ps)   (ps)  Location 
#--------------------------------------------------------------------------------------------------------------------------------------------------
  PIPE_cascade_in_col2_stage_reg_reg[0][3]/CLK            -       -       R     (arrival)                   1073    -     0     0       0    (-,-) 
  PIPE_cascade_in_col2_stage_reg_reg[0][3]/QN             -       CLK->QN R     ASYNC_DFFHx1_ASAP7_75t_SL      1  0.8    24    48      48    (-,-) 
  g47518/Y                                                -       B->Y    R     AND2x2_ASAP7_75t_SL            1  1.4    18    21      69    (-,-) 
  g47459/Y                                                -       B->Y    F     AOI21x1_ASAP7_75t_SL           3  2.0    51    13      82    (-,-) 
  g46669/Y                                                -       B->Y    R     AOI31xp33_ASAP7_75t_SL         1  0.8    46    30     112    (-,-) 
  g46648/Y                                                -       C->Y    F     O2A1O1Ixp5_ASAP7_75t_SL        1  0.8    28    16     128    (-,-) 
  g46640__6161/Y                                          -       C->Y    R     O2A1O1Ixp5_ASAP7_75t_SL        1  0.9    35    20     149    (-,-) 
  g46621__6260/Y                                          -       A2->Y   F     OAI21xp5_ASAP7_75t_SL          2  1.5    39    19     168    (-,-) 
  g46615__1666/Y                                          -       A->Y    R     NAND3xp33_ASAP7_75t_SL         1  1.1    35    20     188    (-,-) 
  g46610__9945/Y                                          -       A1->Y   F     AOI211x1_ASAP7_75t_SL          1  0.8    34    17     205    (-,-) 
  g46571__7482/Y                                          -       B->Y    F     OR2x2_ASAP7_75t_SL             8  8.0    36    40     245    (-,-) 
  g46503__1881/Y                                          -       A2->Y   F     OA22x2_ASAP7_75t_SL            2  2.4    19    32     277    (-,-) 
  g46338__2883/Y                                          -       B->Y    R     NAND4xp75_ASAP7_75t_SL         1  2.2    38    15     292    (-,-) 
  g46312__8428/Y                                          -       A->Y    F     NOR2x2_ASAP7_75t_SL            4  3.7    29    20     312    (-,-) 
  g46304__6417/Y                                          -       B->Y    R     NAND2x1p5_ASAP7_75t_SL         4  3.6    36    21     332    (-,-) 
  g46300/Y                                                -       A->Y    F     INVx2_ASAP7_75t_SL             3  4.0    24    15     347    (-,-) 
  g46287__7482/Y                                          -       B->Y    R     NAND2x1p5_ASAP7_75t_SL         3  1.9    21    14     362    (-,-) 
  g46210__5526/Y                                          -       B->Y    F     NAND2xp5_ASAP7_75t_SL          1  1.3    24    15     377    (-,-) 
  g46204__5477/Y                                          -       A->Y    F     AND2x6_ASAP7_75t_SL           21 20.9    33    38     415    (-,-) 
  g46186/Y                                                -       A->Y    R     INVx8_ASAP7_75t_SL            23 17.4    32    20     435    (-,-) 
  g46114__6783/Y                                          -       A2->Y   F     AOI22xp5_ASAP7_75t_SL          1  0.8    32    16     450    (-,-) 
  g46055__6417/Y                                          -       B->Y    R     NAND2xp5_ASAP7_75t_L           2  1.4    34    25     475    (-,-) 
  g46041/Y                                                -       A->Y    F     INVxp67_ASAP7_75t_SL           1  0.9    20    12     487    (-,-) 
  g45992__6783/Y                                          -       A2->Y   R     AOI22xp5_ASAP7_75t_SL          2  1.3    42    20     508    (-,-) 
  g45929__6131/Y                                          -       B->Y    F     NOR2xp33_ASAP7_75t_L           1  0.8    38    25     533    (-,-) 
  g45833__7098/Y                                          -       B->Y    R     AOI21xp5_ASAP7_75t_SL          1  1.3    40    24     558    (-,-) 
  g45796__6783/Y                                          -       B->Y    R     XOR2xp5_ASAP7_75t_SL           2  2.0    53    35     592    (-,-) 
  addinc_FP32_ALU_col2_fracAdder_add_113_18_g1257/Y       -       B->Y    F     NOR2x1_ASAP7_75t_SL            3  3.0    56    25     617    (-,-) 
  addinc_FP32_ALU_col2_fracAdder_add_113_18_g1161/Y       -       A2->Y   R     OAI21xp5_ASAP7_75t_SL          3  2.5    64    38     654    (-,-) 
  addinc_FP32_ALU_col2_fracAdder_add_113_18_g1113/Y       -       A2->Y   F     AOI21x1_ASAP7_75t_SL           2  2.3    35    15     670    (-,-) 
  addinc_FP32_ALU_col2_fracAdder_add_113_18_g1104/Y       -       A->Y    R     INVx2_ASAP7_75t_SL             3  2.7    24    15     685    (-,-) 
  addinc_FP32_ALU_col2_fracAdder_add_113_18_g1089/Y       -       A2->Y   F     AOI21x1_ASAP7_75t_SL           3  2.2    26    13     698    (-,-) 
  addinc_FP32_ALU_col2_fracAdder_add_113_18_g1061/Y       -       A2->Y   R     OAI21xp5_ASAP7_75t_SL          1  1.4    45    22     721    (-,-) 
  addinc_FP32_ALU_col2_fracAdder_add_113_18_g1048/Y       -       B->Y    F     AOI21x1_ASAP7_75t_SL           1  1.2    22    13     734    (-,-) 
  addinc_FP32_ALU_col2_fracAdder_add_113_18_g1034/Y       -       B->Y    F     XOR2xp5_ASAP7_75t_SL           3  1.7    35    24     758    (-,-) 
  g30908__6131/Y                                          -       B->Y    R     NOR2xp33_ASAP7_75t_L           1  1.3    54    33     792    (-,-) 
  g30894__6260/Y                                          -       C->Y    R     AND5x2_ASAP7_75t_SL            4  4.8    36    44     836    (-,-) 
  g30883__2883/Y                                          -       A2->Y   F     AOI21x1_ASAP7_75t_SL           2  2.6    35    15     852    (-,-) 
  g30878__4733/Y                                          -       D->Y    R     NAND4xp75_ASAP7_75t_SL         1  1.8    31    19     871    (-,-) 
  g30876__5115/Y                                          -       A->Y    F     NOR2x1p5_ASAP7_75t_SL          2  2.2    23    15     886    (-,-) 
  g30875/Y                                                -       A->Y    R     INVx2_ASAP7_75t_SL             4  3.0    21    14     900    (-,-) 
  g30874/Y                                                -       A->Y    F     INVxp67_ASAP7_75t_SL           2  1.4    21    14     914    (-,-) 
  g30863__5122/Y                                          -       A2->Y   R     AOI21xp5_ASAP7_75t_L           1  1.8    50    29     943    (-,-) 
  g30852__4319/Y                                          -       D->Y    F     NAND4xp75_ASAP7_75t_SL         5  4.4    54    27     970    (-,-) 
  g30846__2398/Y                                          -       A2->Y   R     OAI21xp5_ASAP7_75t_SL          1  1.4    45    28     997    (-,-) 
  g30837__2883/Y                                          -       B->Y    F     AOI21x1_ASAP7_75t_SL           2  2.1    27    17    1014    (-,-) 
  g30836/Y                                                -       A->Y    R     INVx1_ASAP7_75t_SL             1  0.9    18    12    1026    (-,-) 
  g30832__6161/Y                                          -       A2->Y   R     OA21x2_ASAP7_75t_SL            3  3.0    23    26    1052    (-,-) 
  g30826__6131/Y                                          -       B->Y    F     NAND2x1p5_ASAP7_75t_SL         2  1.9    22    10    1062    (-,-) 
  g30823__5122/Y                                          -       A2->Y   R     O2A1O1Ixp33_ASAP7_75t_SL       1  0.9    43    23    1085    (-,-) 
  g30822__1705/Y                                          -       B2->Y   R     OA22x2_ASAP7_75t_SL            2  1.9    18    25    1110    (-,-) 
  g30818__1617/Y                                          -       B->Y    R     AND2x4_ASAP7_75t_SL            8  7.9    27    26    1135    (-,-) 
  g30817/Y                                                -       A->Y    F     INVx4_ASAP7_75t_SL             5  4.1    15     9    1145    (-,-) 
  g30810__6260/Y                                          -       A2->Y   F     AO22x2_ASAP7_75t_SL            1  2.6    19    28    1172    (-,-) 
  g30803/Y                                                -       A->Y    F     BUFx12f_ASAP7_75t_SL          24 26.3    24    26    1199    (-,-) 
  g30790/Y                                                -       A->Y    R     INVx11_ASAP7_75t_SL           20 14.6    22    14    1213    (-,-) 
  g30720__7098/Y                                          -       B2->Y   R     OA22x2_ASAP7_75t_SL            2  2.7    21    25    1238    (-,-) 
  g30640__6131/Y                                          -       B2->Y   F     OAI22x1_ASAP7_75t_SL           2  2.0    29    14    1252    (-,-) 
  g30603__5115/Y                                          -       B1->Y   R     AOI22xp5_ASAP7_75t_SL          2  1.7    48    27    1279    (-,-) 
  g30592/Y                                                -       A->Y    F     INVx1_ASAP7_75t_SL             1  0.8    19    10    1289    (-,-) 
  g30570__2346/Y                                          -       A2->Y   R     AOI21xp5_ASAP7_75t_L           2  1.1    40    22    1310    (-,-) 
  g48178/Y                                                -       A->Y    F     INVxp33_ASAP7_75t_SRAM         2  1.3    59    51    1361    (-,-) 
  inc_FP32_ALU_col2_roundingAdder_add_274_18_spec1_g567/Y -       B->Y    F     AND2x2_ASAP7_75t_SL            3  2.1    17    31    1392    (-,-) 
  inc_FP32_ALU_col2_roundingAdder_add_274_18_spec1_g527/Y -       D->Y    F     AND5x1_ASAP7_75t_SL            2  1.8    19    28    1420    (-,-) 
  inc_FP32_ALU_col2_roundingAdder_add_274_18_spec1_g518/Y -       B->Y    F     AND2x4_ASAP7_75t_SL            3  3.2    13    21    1441    (-,-) 
  inc_FP32_ALU_col2_roundingAdder_add_274_18_spec1_g506/Y -       B->Y    R     NAND2x1p5_ASAP7_75t_SL         2  2.3    24    13    1455    (-,-) 
  inc_FP32_ALU_col2_roundingAdder_add_274_18_spec1_g495/Y -       B->Y    F     NOR2x1p5_ASAP7_75t_SL          2  2.3    26    13    1468    (-,-) 
  inc_FP32_ALU_col2_roundingAdder_add_274_18_spec1_g487/Y -       B->Y    R     NAND2x1p5_ASAP7_75t_SL         3  3.5    40    20    1487    (-,-) 
  inc_FP32_ALU_col2_roundingAdder_add_274_18_spec1_g481/Y -       B->Y    F     NOR2x1p5_ASAP7_75t_SL          2  2.4    27    15    1502    (-,-) 
  inc_FP32_ALU_col2_roundingAdder_add_274_18_spec1_g478/Y -       B->Y    R     NAND2x1p5_ASAP7_75t_SL         2  1.9    34    15    1518    (-,-) 
  inc_FP32_ALU_col2_roundingAdder_add_274_18_spec1_g475/Y -       B->Y    F     NOR2x1_ASAP7_75t_SL            2  1.6    27    16    1533    (-,-) 
  inc_FP32_ALU_col2_roundingAdder_add_274_18_spec1_g473/Y -       B->Y    F     AND2x2_ASAP7_75t_SL            2  1.4    14    23    1557    (-,-) 
  inc_FP32_ALU_col2_roundingAdder_add_274_18_spec1_g470/Y -       B->Y    R     NAND2xp5_ASAP7_75t_SL          1  1.3    37    16    1572    (-,-) 
  inc_FP32_ALU_col2_roundingAdder_add_274_18_spec1_g468/Y -       B->Y    R     XOR2xp5_ASAP7_75t_SL           1  0.8    29    25    1597    (-,-) 
  g29263/Y                                                -       A2->Y   F     AOI21xp5_ASAP7_75t_L           2  1.5    32    20    1617    (-,-) 
  g29244/Y                                                -       B->Y    F     OR2x2_ASAP7_75t_SL             1  1.3    14    26    1643    (-,-) 
  g29241/Y                                                -       A->Y    R     NOR2x1_ASAP7_75t_L             1  1.4    30    16    1660    (-,-) 
  g29234/Y                                                -       A1->Y   F     AOI21x1_ASAP7_75t_SL          10  7.2    65    31    1691    (-,-) 
  g29227/Y                                                -       B->Y    R     NAND2x1_ASAP7_75t_L            6  7.0    94    61    1752    (-,-) 
  g29216/Y                                                -       A->Y    F     INVx5_ASAP7_75t_SL            18 11.9    42    22    1774    (-,-) 
  g29136/Y                                                -       B1->Y   R     AOI221xp5_ASAP7_75t_SL         1  0.9    68    28    1801    (-,-) 
  PIPE_OUT_col2_stage_reg_reg[0][12]/D                    -       -       R     ASYNC_DFFHx1_ASAP7_75t_SL      1    -     -     0    1801    (-,-) 
#--------------------------------------------------------------------------------------------------------------------------------------------------



Path 42: MET (82 ps) Setup Check with Pin PIPE_OUT_col2_stage_reg_reg[0][11]/CLK->D
           View: PVT_0P63V_100C.setup_view
          Group: clk
     Startpoint: (R) PIPE_cascade_in_col2_stage_reg_reg[0][3]/CLK
          Clock: (R) clk
       Endpoint: (R) PIPE_OUT_col2_stage_reg_reg[0][11]/D
          Clock: (R) clk

                     Capture       Launch     
        Clock Edge:+    2000            0     
       Src Latency:+       0            0     
       Net Latency:+       0 (I)        0 (I) 
           Arrival:=    2000            0     
                                              
             Setup:-      17                  
       Uncertainty:-     100                  
     Required Time:=    1883                  
      Launch Clock:-       0                  
         Data Path:-    1801                  
             Slack:=      82                  

#--------------------------------------------------------------------------------------------------------------------------------------------------
#                      Timing Point                       Flags    Arc    Edge           Cell             Fanout Load Trans Delay Arrival Instance 
#                                                                                                                (fF)  (ps)  (ps)   (ps)  Location 
#--------------------------------------------------------------------------------------------------------------------------------------------------
  PIPE_cascade_in_col2_stage_reg_reg[0][3]/CLK            -       -       R     (arrival)                   1073    -     0     0       0    (-,-) 
  PIPE_cascade_in_col2_stage_reg_reg[0][3]/QN             -       CLK->QN R     ASYNC_DFFHx1_ASAP7_75t_SL      1  0.8    24    48      48    (-,-) 
  g47518/Y                                                -       B->Y    R     AND2x2_ASAP7_75t_SL            1  1.4    18    21      69    (-,-) 
  g47459/Y                                                -       B->Y    F     AOI21x1_ASAP7_75t_SL           3  2.0    51    13      82    (-,-) 
  g46669/Y                                                -       B->Y    R     AOI31xp33_ASAP7_75t_SL         1  0.8    46    30     112    (-,-) 
  g46648/Y                                                -       C->Y    F     O2A1O1Ixp5_ASAP7_75t_SL        1  0.8    28    16     128    (-,-) 
  g46640__6161/Y                                          -       C->Y    R     O2A1O1Ixp5_ASAP7_75t_SL        1  0.9    35    20     149    (-,-) 
  g46621__6260/Y                                          -       A2->Y   F     OAI21xp5_ASAP7_75t_SL          2  1.5    39    19     168    (-,-) 
  g46615__1666/Y                                          -       A->Y    R     NAND3xp33_ASAP7_75t_SL         1  1.1    35    20     188    (-,-) 
  g46610__9945/Y                                          -       A1->Y   F     AOI211x1_ASAP7_75t_SL          1  0.8    34    17     205    (-,-) 
  g46571__7482/Y                                          -       B->Y    F     OR2x2_ASAP7_75t_SL             8  8.0    36    40     245    (-,-) 
  g46503__1881/Y                                          -       A2->Y   F     OA22x2_ASAP7_75t_SL            2  2.4    19    32     277    (-,-) 
  g46338__2883/Y                                          -       B->Y    R     NAND4xp75_ASAP7_75t_SL         1  2.2    38    15     292    (-,-) 
  g46312__8428/Y                                          -       A->Y    F     NOR2x2_ASAP7_75t_SL            4  3.7    29    20     312    (-,-) 
  g46304__6417/Y                                          -       B->Y    R     NAND2x1p5_ASAP7_75t_SL         4  3.6    36    21     332    (-,-) 
  g46300/Y                                                -       A->Y    F     INVx2_ASAP7_75t_SL             3  4.0    24    15     347    (-,-) 
  g46287__7482/Y                                          -       B->Y    R     NAND2x1p5_ASAP7_75t_SL         3  1.9    21    14     362    (-,-) 
  g46210__5526/Y                                          -       B->Y    F     NAND2xp5_ASAP7_75t_SL          1  1.3    24    15     377    (-,-) 
  g46204__5477/Y                                          -       A->Y    F     AND2x6_ASAP7_75t_SL           21 20.9    33    38     415    (-,-) 
  g46186/Y                                                -       A->Y    R     INVx8_ASAP7_75t_SL            23 17.4    32    20     435    (-,-) 
  g46114__6783/Y                                          -       A2->Y   F     AOI22xp5_ASAP7_75t_SL          1  0.8    32    16     450    (-,-) 
  g46055__6417/Y                                          -       B->Y    R     NAND2xp5_ASAP7_75t_L           2  1.4    34    25     475    (-,-) 
  g46041/Y                                                -       A->Y    F     INVxp67_ASAP7_75t_SL           1  0.9    20    12     487    (-,-) 
  g45992__6783/Y                                          -       A2->Y   R     AOI22xp5_ASAP7_75t_SL          2  1.3    42    20     508    (-,-) 
  g45929__6131/Y                                          -       B->Y    F     NOR2xp33_ASAP7_75t_L           1  0.8    38    25     533    (-,-) 
  g45833__7098/Y                                          -       B->Y    R     AOI21xp5_ASAP7_75t_SL          1  1.3    40    24     558    (-,-) 
  g45796__6783/Y                                          -       B->Y    R     XOR2xp5_ASAP7_75t_SL           2  2.0    53    35     592    (-,-) 
  addinc_FP32_ALU_col2_fracAdder_add_113_18_g1257/Y       -       B->Y    F     NOR2x1_ASAP7_75t_SL            3  3.0    56    25     617    (-,-) 
  addinc_FP32_ALU_col2_fracAdder_add_113_18_g1161/Y       -       A2->Y   R     OAI21xp5_ASAP7_75t_SL          3  2.5    64    38     654    (-,-) 
  addinc_FP32_ALU_col2_fracAdder_add_113_18_g1113/Y       -       A2->Y   F     AOI21x1_ASAP7_75t_SL           2  2.3    35    15     670    (-,-) 
  addinc_FP32_ALU_col2_fracAdder_add_113_18_g1104/Y       -       A->Y    R     INVx2_ASAP7_75t_SL             3  2.7    24    15     685    (-,-) 
  addinc_FP32_ALU_col2_fracAdder_add_113_18_g1089/Y       -       A2->Y   F     AOI21x1_ASAP7_75t_SL           3  2.2    26    13     698    (-,-) 
  addinc_FP32_ALU_col2_fracAdder_add_113_18_g1061/Y       -       A2->Y   R     OAI21xp5_ASAP7_75t_SL          1  1.4    45    22     721    (-,-) 
  addinc_FP32_ALU_col2_fracAdder_add_113_18_g1048/Y       -       B->Y    F     AOI21x1_ASAP7_75t_SL           1  1.2    22    13     734    (-,-) 
  addinc_FP32_ALU_col2_fracAdder_add_113_18_g1034/Y       -       B->Y    F     XOR2xp5_ASAP7_75t_SL           3  1.7    35    24     758    (-,-) 
  g30908__6131/Y                                          -       B->Y    R     NOR2xp33_ASAP7_75t_L           1  1.3    54    33     792    (-,-) 
  g30894__6260/Y                                          -       C->Y    R     AND5x2_ASAP7_75t_SL            4  4.8    36    44     836    (-,-) 
  g30883__2883/Y                                          -       A2->Y   F     AOI21x1_ASAP7_75t_SL           2  2.6    35    15     852    (-,-) 
  g30878__4733/Y                                          -       D->Y    R     NAND4xp75_ASAP7_75t_SL         1  1.8    31    19     871    (-,-) 
  g30876__5115/Y                                          -       A->Y    F     NOR2x1p5_ASAP7_75t_SL          2  2.2    23    15     886    (-,-) 
  g30875/Y                                                -       A->Y    R     INVx2_ASAP7_75t_SL             4  3.0    21    14     900    (-,-) 
  g30874/Y                                                -       A->Y    F     INVxp67_ASAP7_75t_SL           2  1.4    21    14     914    (-,-) 
  g30863__5122/Y                                          -       A2->Y   R     AOI21xp5_ASAP7_75t_L           1  1.8    50    29     943    (-,-) 
  g30852__4319/Y                                          -       D->Y    F     NAND4xp75_ASAP7_75t_SL         5  4.4    54    27     970    (-,-) 
  g30846__2398/Y                                          -       A2->Y   R     OAI21xp5_ASAP7_75t_SL          1  1.4    45    28     997    (-,-) 
  g30837__2883/Y                                          -       B->Y    F     AOI21x1_ASAP7_75t_SL           2  2.1    27    17    1014    (-,-) 
  g30836/Y                                                -       A->Y    R     INVx1_ASAP7_75t_SL             1  0.9    18    12    1026    (-,-) 
  g30832__6161/Y                                          -       A2->Y   R     OA21x2_ASAP7_75t_SL            3  3.0    23    26    1052    (-,-) 
  g30826__6131/Y                                          -       B->Y    F     NAND2x1p5_ASAP7_75t_SL         2  1.9    22    10    1062    (-,-) 
  g30823__5122/Y                                          -       A2->Y   R     O2A1O1Ixp33_ASAP7_75t_SL       1  0.9    43    23    1085    (-,-) 
  g30822__1705/Y                                          -       B2->Y   R     OA22x2_ASAP7_75t_SL            2  1.9    18    25    1110    (-,-) 
  g30818__1617/Y                                          -       B->Y    R     AND2x4_ASAP7_75t_SL            8  7.9    27    26    1135    (-,-) 
  g30817/Y                                                -       A->Y    F     INVx4_ASAP7_75t_SL             5  4.1    15     9    1145    (-,-) 
  g30810__6260/Y                                          -       A2->Y   F     AO22x2_ASAP7_75t_SL            1  2.6    19    28    1172    (-,-) 
  g30803/Y                                                -       A->Y    F     BUFx12f_ASAP7_75t_SL          24 26.3    24    26    1199    (-,-) 
  g30790/Y                                                -       A->Y    R     INVx11_ASAP7_75t_SL           20 14.6    22    14    1213    (-,-) 
  g30720__7098/Y                                          -       B2->Y   R     OA22x2_ASAP7_75t_SL            2  2.7    21    25    1238    (-,-) 
  g30640__6131/Y                                          -       B2->Y   F     OAI22x1_ASAP7_75t_SL           2  2.0    29    14    1252    (-,-) 
  g30603__5115/Y                                          -       B1->Y   R     AOI22xp5_ASAP7_75t_SL          2  1.7    48    27    1279    (-,-) 
  g30592/Y                                                -       A->Y    F     INVx1_ASAP7_75t_SL             1  0.8    19    10    1289    (-,-) 
  g30570__2346/Y                                          -       A2->Y   R     AOI21xp5_ASAP7_75t_L           2  1.1    40    22    1310    (-,-) 
  g48178/Y                                                -       A->Y    F     INVxp33_ASAP7_75t_SRAM         2  1.3    59    51    1361    (-,-) 
  inc_FP32_ALU_col2_roundingAdder_add_274_18_spec1_g567/Y -       B->Y    F     AND2x2_ASAP7_75t_SL            3  2.1    17    31    1392    (-,-) 
  inc_FP32_ALU_col2_roundingAdder_add_274_18_spec1_g527/Y -       D->Y    F     AND5x1_ASAP7_75t_SL            2  1.8    19    28    1420    (-,-) 
  inc_FP32_ALU_col2_roundingAdder_add_274_18_spec1_g518/Y -       B->Y    F     AND2x4_ASAP7_75t_SL            3  3.2    13    21    1441    (-,-) 
  inc_FP32_ALU_col2_roundingAdder_add_274_18_spec1_g506/Y -       B->Y    R     NAND2x1p5_ASAP7_75t_SL         2  2.3    24    13    1455    (-,-) 
  inc_FP32_ALU_col2_roundingAdder_add_274_18_spec1_g495/Y -       B->Y    F     NOR2x1p5_ASAP7_75t_SL          2  2.3    26    13    1468    (-,-) 
  inc_FP32_ALU_col2_roundingAdder_add_274_18_spec1_g487/Y -       B->Y    R     NAND2x1p5_ASAP7_75t_SL         3  3.5    40    20    1487    (-,-) 
  inc_FP32_ALU_col2_roundingAdder_add_274_18_spec1_g481/Y -       B->Y    F     NOR2x1p5_ASAP7_75t_SL          2  2.4    27    15    1502    (-,-) 
  inc_FP32_ALU_col2_roundingAdder_add_274_18_spec1_g478/Y -       B->Y    R     NAND2x1p5_ASAP7_75t_SL         2  1.9    34    15    1518    (-,-) 
  inc_FP32_ALU_col2_roundingAdder_add_274_18_spec1_g475/Y -       B->Y    F     NOR2x1_ASAP7_75t_SL            2  1.6    27    16    1533    (-,-) 
  inc_FP32_ALU_col2_roundingAdder_add_274_18_spec1_g473/Y -       B->Y    F     AND2x2_ASAP7_75t_SL            2  1.4    14    23    1557    (-,-) 
  inc_FP32_ALU_col2_roundingAdder_add_274_18_spec1_g470/Y -       B->Y    R     NAND2xp5_ASAP7_75t_SL          1  1.3    37    16    1572    (-,-) 
  inc_FP32_ALU_col2_roundingAdder_add_274_18_spec1_g468/Y -       B->Y    R     XOR2xp5_ASAP7_75t_SL           1  0.8    29    25    1597    (-,-) 
  g29263/Y                                                -       A2->Y   F     AOI21xp5_ASAP7_75t_L           2  1.5    32    20    1617    (-,-) 
  g29244/Y                                                -       B->Y    F     OR2x2_ASAP7_75t_SL             1  1.3    14    26    1643    (-,-) 
  g29241/Y                                                -       A->Y    R     NOR2x1_ASAP7_75t_L             1  1.4    30    16    1660    (-,-) 
  g29234/Y                                                -       A1->Y   F     AOI21x1_ASAP7_75t_SL          10  7.2    65    31    1691    (-,-) 
  g29227/Y                                                -       B->Y    R     NAND2x1_ASAP7_75t_L            6  7.0    94    61    1752    (-,-) 
  g29216/Y                                                -       A->Y    F     INVx5_ASAP7_75t_SL            18 11.9    42    22    1774    (-,-) 
  g29129/Y                                                -       B1->Y   R     AOI221xp5_ASAP7_75t_SL         1  0.9    68    28    1801    (-,-) 
  PIPE_OUT_col2_stage_reg_reg[0][11]/D                    -       -       R     ASYNC_DFFHx1_ASAP7_75t_SL      1    -     -     0    1801    (-,-) 
#--------------------------------------------------------------------------------------------------------------------------------------------------



Path 43: MET (82 ps) Setup Check with Pin PIPE_OUT_col2_stage_reg_reg[0][10]/CLK->D
           View: PVT_0P63V_100C.setup_view
          Group: clk
     Startpoint: (R) PIPE_cascade_in_col2_stage_reg_reg[0][3]/CLK
          Clock: (R) clk
       Endpoint: (R) PIPE_OUT_col2_stage_reg_reg[0][10]/D
          Clock: (R) clk

                     Capture       Launch     
        Clock Edge:+    2000            0     
       Src Latency:+       0            0     
       Net Latency:+       0 (I)        0 (I) 
           Arrival:=    2000            0     
                                              
             Setup:-      17                  
       Uncertainty:-     100                  
     Required Time:=    1883                  
      Launch Clock:-       0                  
         Data Path:-    1801                  
             Slack:=      82                  

#--------------------------------------------------------------------------------------------------------------------------------------------------
#                      Timing Point                       Flags    Arc    Edge           Cell             Fanout Load Trans Delay Arrival Instance 
#                                                                                                                (fF)  (ps)  (ps)   (ps)  Location 
#--------------------------------------------------------------------------------------------------------------------------------------------------
  PIPE_cascade_in_col2_stage_reg_reg[0][3]/CLK            -       -       R     (arrival)                   1073    -     0     0       0    (-,-) 
  PIPE_cascade_in_col2_stage_reg_reg[0][3]/QN             -       CLK->QN R     ASYNC_DFFHx1_ASAP7_75t_SL      1  0.8    24    48      48    (-,-) 
  g47518/Y                                                -       B->Y    R     AND2x2_ASAP7_75t_SL            1  1.4    18    21      69    (-,-) 
  g47459/Y                                                -       B->Y    F     AOI21x1_ASAP7_75t_SL           3  2.0    51    13      82    (-,-) 
  g46669/Y                                                -       B->Y    R     AOI31xp33_ASAP7_75t_SL         1  0.8    46    30     112    (-,-) 
  g46648/Y                                                -       C->Y    F     O2A1O1Ixp5_ASAP7_75t_SL        1  0.8    28    16     128    (-,-) 
  g46640__6161/Y                                          -       C->Y    R     O2A1O1Ixp5_ASAP7_75t_SL        1  0.9    35    20     149    (-,-) 
  g46621__6260/Y                                          -       A2->Y   F     OAI21xp5_ASAP7_75t_SL          2  1.5    39    19     168    (-,-) 
  g46615__1666/Y                                          -       A->Y    R     NAND3xp33_ASAP7_75t_SL         1  1.1    35    20     188    (-,-) 
  g46610__9945/Y                                          -       A1->Y   F     AOI211x1_ASAP7_75t_SL          1  0.8    34    17     205    (-,-) 
  g46571__7482/Y                                          -       B->Y    F     OR2x2_ASAP7_75t_SL             8  8.0    36    40     245    (-,-) 
  g46503__1881/Y                                          -       A2->Y   F     OA22x2_ASAP7_75t_SL            2  2.4    19    32     277    (-,-) 
  g46338__2883/Y                                          -       B->Y    R     NAND4xp75_ASAP7_75t_SL         1  2.2    38    15     292    (-,-) 
  g46312__8428/Y                                          -       A->Y    F     NOR2x2_ASAP7_75t_SL            4  3.7    29    20     312    (-,-) 
  g46304__6417/Y                                          -       B->Y    R     NAND2x1p5_ASAP7_75t_SL         4  3.6    36    21     332    (-,-) 
  g46300/Y                                                -       A->Y    F     INVx2_ASAP7_75t_SL             3  4.0    24    15     347    (-,-) 
  g46287__7482/Y                                          -       B->Y    R     NAND2x1p5_ASAP7_75t_SL         3  1.9    21    14     362    (-,-) 
  g46210__5526/Y                                          -       B->Y    F     NAND2xp5_ASAP7_75t_SL          1  1.3    24    15     377    (-,-) 
  g46204__5477/Y                                          -       A->Y    F     AND2x6_ASAP7_75t_SL           21 20.9    33    38     415    (-,-) 
  g46186/Y                                                -       A->Y    R     INVx8_ASAP7_75t_SL            23 17.4    32    20     435    (-,-) 
  g46114__6783/Y                                          -       A2->Y   F     AOI22xp5_ASAP7_75t_SL          1  0.8    32    16     450    (-,-) 
  g46055__6417/Y                                          -       B->Y    R     NAND2xp5_ASAP7_75t_L           2  1.4    34    25     475    (-,-) 
  g46041/Y                                                -       A->Y    F     INVxp67_ASAP7_75t_SL           1  0.9    20    12     487    (-,-) 
  g45992__6783/Y                                          -       A2->Y   R     AOI22xp5_ASAP7_75t_SL          2  1.3    42    20     508    (-,-) 
  g45929__6131/Y                                          -       B->Y    F     NOR2xp33_ASAP7_75t_L           1  0.8    38    25     533    (-,-) 
  g45833__7098/Y                                          -       B->Y    R     AOI21xp5_ASAP7_75t_SL          1  1.3    40    24     558    (-,-) 
  g45796__6783/Y                                          -       B->Y    R     XOR2xp5_ASAP7_75t_SL           2  2.0    53    35     592    (-,-) 
  addinc_FP32_ALU_col2_fracAdder_add_113_18_g1257/Y       -       B->Y    F     NOR2x1_ASAP7_75t_SL            3  3.0    56    25     617    (-,-) 
  addinc_FP32_ALU_col2_fracAdder_add_113_18_g1161/Y       -       A2->Y   R     OAI21xp5_ASAP7_75t_SL          3  2.5    64    38     654    (-,-) 
  addinc_FP32_ALU_col2_fracAdder_add_113_18_g1113/Y       -       A2->Y   F     AOI21x1_ASAP7_75t_SL           2  2.3    35    15     670    (-,-) 
  addinc_FP32_ALU_col2_fracAdder_add_113_18_g1104/Y       -       A->Y    R     INVx2_ASAP7_75t_SL             3  2.7    24    15     685    (-,-) 
  addinc_FP32_ALU_col2_fracAdder_add_113_18_g1089/Y       -       A2->Y   F     AOI21x1_ASAP7_75t_SL           3  2.2    26    13     698    (-,-) 
  addinc_FP32_ALU_col2_fracAdder_add_113_18_g1061/Y       -       A2->Y   R     OAI21xp5_ASAP7_75t_SL          1  1.4    45    22     721    (-,-) 
  addinc_FP32_ALU_col2_fracAdder_add_113_18_g1048/Y       -       B->Y    F     AOI21x1_ASAP7_75t_SL           1  1.2    22    13     734    (-,-) 
  addinc_FP32_ALU_col2_fracAdder_add_113_18_g1034/Y       -       B->Y    F     XOR2xp5_ASAP7_75t_SL           3  1.7    35    24     758    (-,-) 
  g30908__6131/Y                                          -       B->Y    R     NOR2xp33_ASAP7_75t_L           1  1.3    54    33     792    (-,-) 
  g30894__6260/Y                                          -       C->Y    R     AND5x2_ASAP7_75t_SL            4  4.8    36    44     836    (-,-) 
  g30883__2883/Y                                          -       A2->Y   F     AOI21x1_ASAP7_75t_SL           2  2.6    35    15     852    (-,-) 
  g30878__4733/Y                                          -       D->Y    R     NAND4xp75_ASAP7_75t_SL         1  1.8    31    19     871    (-,-) 
  g30876__5115/Y                                          -       A->Y    F     NOR2x1p5_ASAP7_75t_SL          2  2.2    23    15     886    (-,-) 
  g30875/Y                                                -       A->Y    R     INVx2_ASAP7_75t_SL             4  3.0    21    14     900    (-,-) 
  g30874/Y                                                -       A->Y    F     INVxp67_ASAP7_75t_SL           2  1.4    21    14     914    (-,-) 
  g30863__5122/Y                                          -       A2->Y   R     AOI21xp5_ASAP7_75t_L           1  1.8    50    29     943    (-,-) 
  g30852__4319/Y                                          -       D->Y    F     NAND4xp75_ASAP7_75t_SL         5  4.4    54    27     970    (-,-) 
  g30846__2398/Y                                          -       A2->Y   R     OAI21xp5_ASAP7_75t_SL          1  1.4    45    28     997    (-,-) 
  g30837__2883/Y                                          -       B->Y    F     AOI21x1_ASAP7_75t_SL           2  2.1    27    17    1014    (-,-) 
  g30836/Y                                                -       A->Y    R     INVx1_ASAP7_75t_SL             1  0.9    18    12    1026    (-,-) 
  g30832__6161/Y                                          -       A2->Y   R     OA21x2_ASAP7_75t_SL            3  3.0    23    26    1052    (-,-) 
  g30826__6131/Y                                          -       B->Y    F     NAND2x1p5_ASAP7_75t_SL         2  1.9    22    10    1062    (-,-) 
  g30823__5122/Y                                          -       A2->Y   R     O2A1O1Ixp33_ASAP7_75t_SL       1  0.9    43    23    1085    (-,-) 
  g30822__1705/Y                                          -       B2->Y   R     OA22x2_ASAP7_75t_SL            2  1.9    18    25    1110    (-,-) 
  g30818__1617/Y                                          -       B->Y    R     AND2x4_ASAP7_75t_SL            8  7.9    27    26    1135    (-,-) 
  g30817/Y                                                -       A->Y    F     INVx4_ASAP7_75t_SL             5  4.1    15     9    1145    (-,-) 
  g30810__6260/Y                                          -       A2->Y   F     AO22x2_ASAP7_75t_SL            1  2.6    19    28    1172    (-,-) 
  g30803/Y                                                -       A->Y    F     BUFx12f_ASAP7_75t_SL          24 26.3    24    26    1199    (-,-) 
  g30790/Y                                                -       A->Y    R     INVx11_ASAP7_75t_SL           20 14.6    22    14    1213    (-,-) 
  g30720__7098/Y                                          -       B2->Y   R     OA22x2_ASAP7_75t_SL            2  2.7    21    25    1238    (-,-) 
  g30640__6131/Y                                          -       B2->Y   F     OAI22x1_ASAP7_75t_SL           2  2.0    29    14    1252    (-,-) 
  g30603__5115/Y                                          -       B1->Y   R     AOI22xp5_ASAP7_75t_SL          2  1.7    48    27    1279    (-,-) 
  g30592/Y                                                -       A->Y    F     INVx1_ASAP7_75t_SL             1  0.8    19    10    1289    (-,-) 
  g30570__2346/Y                                          -       A2->Y   R     AOI21xp5_ASAP7_75t_L           2  1.1    40    22    1310    (-,-) 
  g48178/Y                                                -       A->Y    F     INVxp33_ASAP7_75t_SRAM         2  1.3    59    51    1361    (-,-) 
  inc_FP32_ALU_col2_roundingAdder_add_274_18_spec1_g567/Y -       B->Y    F     AND2x2_ASAP7_75t_SL            3  2.1    17    31    1392    (-,-) 
  inc_FP32_ALU_col2_roundingAdder_add_274_18_spec1_g527/Y -       D->Y    F     AND5x1_ASAP7_75t_SL            2  1.8    19    28    1420    (-,-) 
  inc_FP32_ALU_col2_roundingAdder_add_274_18_spec1_g518/Y -       B->Y    F     AND2x4_ASAP7_75t_SL            3  3.2    13    21    1441    (-,-) 
  inc_FP32_ALU_col2_roundingAdder_add_274_18_spec1_g506/Y -       B->Y    R     NAND2x1p5_ASAP7_75t_SL         2  2.3    24    13    1455    (-,-) 
  inc_FP32_ALU_col2_roundingAdder_add_274_18_spec1_g495/Y -       B->Y    F     NOR2x1p5_ASAP7_75t_SL          2  2.3    26    13    1468    (-,-) 
  inc_FP32_ALU_col2_roundingAdder_add_274_18_spec1_g487/Y -       B->Y    R     NAND2x1p5_ASAP7_75t_SL         3  3.5    40    20    1487    (-,-) 
  inc_FP32_ALU_col2_roundingAdder_add_274_18_spec1_g481/Y -       B->Y    F     NOR2x1p5_ASAP7_75t_SL          2  2.4    27    15    1502    (-,-) 
  inc_FP32_ALU_col2_roundingAdder_add_274_18_spec1_g478/Y -       B->Y    R     NAND2x1p5_ASAP7_75t_SL         2  1.9    34    15    1518    (-,-) 
  inc_FP32_ALU_col2_roundingAdder_add_274_18_spec1_g475/Y -       B->Y    F     NOR2x1_ASAP7_75t_SL            2  1.6    27    16    1533    (-,-) 
  inc_FP32_ALU_col2_roundingAdder_add_274_18_spec1_g473/Y -       B->Y    F     AND2x2_ASAP7_75t_SL            2  1.4    14    23    1557    (-,-) 
  inc_FP32_ALU_col2_roundingAdder_add_274_18_spec1_g470/Y -       B->Y    R     NAND2xp5_ASAP7_75t_SL          1  1.3    37    16    1572    (-,-) 
  inc_FP32_ALU_col2_roundingAdder_add_274_18_spec1_g468/Y -       B->Y    R     XOR2xp5_ASAP7_75t_SL           1  0.8    29    25    1597    (-,-) 
  g29263/Y                                                -       A2->Y   F     AOI21xp5_ASAP7_75t_L           2  1.5    32    20    1617    (-,-) 
  g29244/Y                                                -       B->Y    F     OR2x2_ASAP7_75t_SL             1  1.3    14    26    1643    (-,-) 
  g29241/Y                                                -       A->Y    R     NOR2x1_ASAP7_75t_L             1  1.4    30    16    1660    (-,-) 
  g29234/Y                                                -       A1->Y   F     AOI21x1_ASAP7_75t_SL          10  7.2    65    31    1691    (-,-) 
  g29227/Y                                                -       B->Y    R     NAND2x1_ASAP7_75t_L            6  7.0    94    61    1752    (-,-) 
  g29216/Y                                                -       A->Y    F     INVx5_ASAP7_75t_SL            18 11.9    42    22    1774    (-,-) 
  g29135/Y                                                -       B1->Y   R     AOI221xp5_ASAP7_75t_SL         1  0.9    68    28    1801    (-,-) 
  PIPE_OUT_col2_stage_reg_reg[0][10]/D                    -       -       R     ASYNC_DFFHx1_ASAP7_75t_SL      1    -     -     0    1801    (-,-) 
#--------------------------------------------------------------------------------------------------------------------------------------------------



Path 44: MET (82 ps) Setup Check with Pin PIPE_OUT_col2_stage_reg_reg[0][9]/CLK->D
           View: PVT_0P63V_100C.setup_view
          Group: clk
     Startpoint: (R) PIPE_cascade_in_col2_stage_reg_reg[0][3]/CLK
          Clock: (R) clk
       Endpoint: (R) PIPE_OUT_col2_stage_reg_reg[0][9]/D
          Clock: (R) clk

                     Capture       Launch     
        Clock Edge:+    2000            0     
       Src Latency:+       0            0     
       Net Latency:+       0 (I)        0 (I) 
           Arrival:=    2000            0     
                                              
             Setup:-      17                  
       Uncertainty:-     100                  
     Required Time:=    1883                  
      Launch Clock:-       0                  
         Data Path:-    1801                  
             Slack:=      82                  

#--------------------------------------------------------------------------------------------------------------------------------------------------
#                      Timing Point                       Flags    Arc    Edge           Cell             Fanout Load Trans Delay Arrival Instance 
#                                                                                                                (fF)  (ps)  (ps)   (ps)  Location 
#--------------------------------------------------------------------------------------------------------------------------------------------------
  PIPE_cascade_in_col2_stage_reg_reg[0][3]/CLK            -       -       R     (arrival)                   1073    -     0     0       0    (-,-) 
  PIPE_cascade_in_col2_stage_reg_reg[0][3]/QN             -       CLK->QN R     ASYNC_DFFHx1_ASAP7_75t_SL      1  0.8    24    48      48    (-,-) 
  g47518/Y                                                -       B->Y    R     AND2x2_ASAP7_75t_SL            1  1.4    18    21      69    (-,-) 
  g47459/Y                                                -       B->Y    F     AOI21x1_ASAP7_75t_SL           3  2.0    51    13      82    (-,-) 
  g46669/Y                                                -       B->Y    R     AOI31xp33_ASAP7_75t_SL         1  0.8    46    30     112    (-,-) 
  g46648/Y                                                -       C->Y    F     O2A1O1Ixp5_ASAP7_75t_SL        1  0.8    28    16     128    (-,-) 
  g46640__6161/Y                                          -       C->Y    R     O2A1O1Ixp5_ASAP7_75t_SL        1  0.9    35    20     149    (-,-) 
  g46621__6260/Y                                          -       A2->Y   F     OAI21xp5_ASAP7_75t_SL          2  1.5    39    19     168    (-,-) 
  g46615__1666/Y                                          -       A->Y    R     NAND3xp33_ASAP7_75t_SL         1  1.1    35    20     188    (-,-) 
  g46610__9945/Y                                          -       A1->Y   F     AOI211x1_ASAP7_75t_SL          1  0.8    34    17     205    (-,-) 
  g46571__7482/Y                                          -       B->Y    F     OR2x2_ASAP7_75t_SL             8  8.0    36    40     245    (-,-) 
  g46503__1881/Y                                          -       A2->Y   F     OA22x2_ASAP7_75t_SL            2  2.4    19    32     277    (-,-) 
  g46338__2883/Y                                          -       B->Y    R     NAND4xp75_ASAP7_75t_SL         1  2.2    38    15     292    (-,-) 
  g46312__8428/Y                                          -       A->Y    F     NOR2x2_ASAP7_75t_SL            4  3.7    29    20     312    (-,-) 
  g46304__6417/Y                                          -       B->Y    R     NAND2x1p5_ASAP7_75t_SL         4  3.6    36    21     332    (-,-) 
  g46300/Y                                                -       A->Y    F     INVx2_ASAP7_75t_SL             3  4.0    24    15     347    (-,-) 
  g46287__7482/Y                                          -       B->Y    R     NAND2x1p5_ASAP7_75t_SL         3  1.9    21    14     362    (-,-) 
  g46210__5526/Y                                          -       B->Y    F     NAND2xp5_ASAP7_75t_SL          1  1.3    24    15     377    (-,-) 
  g46204__5477/Y                                          -       A->Y    F     AND2x6_ASAP7_75t_SL           21 20.9    33    38     415    (-,-) 
  g46186/Y                                                -       A->Y    R     INVx8_ASAP7_75t_SL            23 17.4    32    20     435    (-,-) 
  g46114__6783/Y                                          -       A2->Y   F     AOI22xp5_ASAP7_75t_SL          1  0.8    32    16     450    (-,-) 
  g46055__6417/Y                                          -       B->Y    R     NAND2xp5_ASAP7_75t_L           2  1.4    34    25     475    (-,-) 
  g46041/Y                                                -       A->Y    F     INVxp67_ASAP7_75t_SL           1  0.9    20    12     487    (-,-) 
  g45992__6783/Y                                          -       A2->Y   R     AOI22xp5_ASAP7_75t_SL          2  1.3    42    20     508    (-,-) 
  g45929__6131/Y                                          -       B->Y    F     NOR2xp33_ASAP7_75t_L           1  0.8    38    25     533    (-,-) 
  g45833__7098/Y                                          -       B->Y    R     AOI21xp5_ASAP7_75t_SL          1  1.3    40    24     558    (-,-) 
  g45796__6783/Y                                          -       B->Y    R     XOR2xp5_ASAP7_75t_SL           2  2.0    53    35     592    (-,-) 
  addinc_FP32_ALU_col2_fracAdder_add_113_18_g1257/Y       -       B->Y    F     NOR2x1_ASAP7_75t_SL            3  3.0    56    25     617    (-,-) 
  addinc_FP32_ALU_col2_fracAdder_add_113_18_g1161/Y       -       A2->Y   R     OAI21xp5_ASAP7_75t_SL          3  2.5    64    38     654    (-,-) 
  addinc_FP32_ALU_col2_fracAdder_add_113_18_g1113/Y       -       A2->Y   F     AOI21x1_ASAP7_75t_SL           2  2.3    35    15     670    (-,-) 
  addinc_FP32_ALU_col2_fracAdder_add_113_18_g1104/Y       -       A->Y    R     INVx2_ASAP7_75t_SL             3  2.7    24    15     685    (-,-) 
  addinc_FP32_ALU_col2_fracAdder_add_113_18_g1089/Y       -       A2->Y   F     AOI21x1_ASAP7_75t_SL           3  2.2    26    13     698    (-,-) 
  addinc_FP32_ALU_col2_fracAdder_add_113_18_g1061/Y       -       A2->Y   R     OAI21xp5_ASAP7_75t_SL          1  1.4    45    22     721    (-,-) 
  addinc_FP32_ALU_col2_fracAdder_add_113_18_g1048/Y       -       B->Y    F     AOI21x1_ASAP7_75t_SL           1  1.2    22    13     734    (-,-) 
  addinc_FP32_ALU_col2_fracAdder_add_113_18_g1034/Y       -       B->Y    F     XOR2xp5_ASAP7_75t_SL           3  1.7    35    24     758    (-,-) 
  g30908__6131/Y                                          -       B->Y    R     NOR2xp33_ASAP7_75t_L           1  1.3    54    33     792    (-,-) 
  g30894__6260/Y                                          -       C->Y    R     AND5x2_ASAP7_75t_SL            4  4.8    36    44     836    (-,-) 
  g30883__2883/Y                                          -       A2->Y   F     AOI21x1_ASAP7_75t_SL           2  2.6    35    15     852    (-,-) 
  g30878__4733/Y                                          -       D->Y    R     NAND4xp75_ASAP7_75t_SL         1  1.8    31    19     871    (-,-) 
  g30876__5115/Y                                          -       A->Y    F     NOR2x1p5_ASAP7_75t_SL          2  2.2    23    15     886    (-,-) 
  g30875/Y                                                -       A->Y    R     INVx2_ASAP7_75t_SL             4  3.0    21    14     900    (-,-) 
  g30874/Y                                                -       A->Y    F     INVxp67_ASAP7_75t_SL           2  1.4    21    14     914    (-,-) 
  g30863__5122/Y                                          -       A2->Y   R     AOI21xp5_ASAP7_75t_L           1  1.8    50    29     943    (-,-) 
  g30852__4319/Y                                          -       D->Y    F     NAND4xp75_ASAP7_75t_SL         5  4.4    54    27     970    (-,-) 
  g30846__2398/Y                                          -       A2->Y   R     OAI21xp5_ASAP7_75t_SL          1  1.4    45    28     997    (-,-) 
  g30837__2883/Y                                          -       B->Y    F     AOI21x1_ASAP7_75t_SL           2  2.1    27    17    1014    (-,-) 
  g30836/Y                                                -       A->Y    R     INVx1_ASAP7_75t_SL             1  0.9    18    12    1026    (-,-) 
  g30832__6161/Y                                          -       A2->Y   R     OA21x2_ASAP7_75t_SL            3  3.0    23    26    1052    (-,-) 
  g30826__6131/Y                                          -       B->Y    F     NAND2x1p5_ASAP7_75t_SL         2  1.9    22    10    1062    (-,-) 
  g30823__5122/Y                                          -       A2->Y   R     O2A1O1Ixp33_ASAP7_75t_SL       1  0.9    43    23    1085    (-,-) 
  g30822__1705/Y                                          -       B2->Y   R     OA22x2_ASAP7_75t_SL            2  1.9    18    25    1110    (-,-) 
  g30818__1617/Y                                          -       B->Y    R     AND2x4_ASAP7_75t_SL            8  7.9    27    26    1135    (-,-) 
  g30817/Y                                                -       A->Y    F     INVx4_ASAP7_75t_SL             5  4.1    15     9    1145    (-,-) 
  g30810__6260/Y                                          -       A2->Y   F     AO22x2_ASAP7_75t_SL            1  2.6    19    28    1172    (-,-) 
  g30803/Y                                                -       A->Y    F     BUFx12f_ASAP7_75t_SL          24 26.3    24    26    1199    (-,-) 
  g30790/Y                                                -       A->Y    R     INVx11_ASAP7_75t_SL           20 14.6    22    14    1213    (-,-) 
  g30720__7098/Y                                          -       B2->Y   R     OA22x2_ASAP7_75t_SL            2  2.7    21    25    1238    (-,-) 
  g30640__6131/Y                                          -       B2->Y   F     OAI22x1_ASAP7_75t_SL           2  2.0    29    14    1252    (-,-) 
  g30603__5115/Y                                          -       B1->Y   R     AOI22xp5_ASAP7_75t_SL          2  1.7    48    27    1279    (-,-) 
  g30592/Y                                                -       A->Y    F     INVx1_ASAP7_75t_SL             1  0.8    19    10    1289    (-,-) 
  g30570__2346/Y                                          -       A2->Y   R     AOI21xp5_ASAP7_75t_L           2  1.1    40    22    1310    (-,-) 
  g48178/Y                                                -       A->Y    F     INVxp33_ASAP7_75t_SRAM         2  1.3    59    51    1361    (-,-) 
  inc_FP32_ALU_col2_roundingAdder_add_274_18_spec1_g567/Y -       B->Y    F     AND2x2_ASAP7_75t_SL            3  2.1    17    31    1392    (-,-) 
  inc_FP32_ALU_col2_roundingAdder_add_274_18_spec1_g527/Y -       D->Y    F     AND5x1_ASAP7_75t_SL            2  1.8    19    28    1420    (-,-) 
  inc_FP32_ALU_col2_roundingAdder_add_274_18_spec1_g518/Y -       B->Y    F     AND2x4_ASAP7_75t_SL            3  3.2    13    21    1441    (-,-) 
  inc_FP32_ALU_col2_roundingAdder_add_274_18_spec1_g506/Y -       B->Y    R     NAND2x1p5_ASAP7_75t_SL         2  2.3    24    13    1455    (-,-) 
  inc_FP32_ALU_col2_roundingAdder_add_274_18_spec1_g495/Y -       B->Y    F     NOR2x1p5_ASAP7_75t_SL          2  2.3    26    13    1468    (-,-) 
  inc_FP32_ALU_col2_roundingAdder_add_274_18_spec1_g487/Y -       B->Y    R     NAND2x1p5_ASAP7_75t_SL         3  3.5    40    20    1487    (-,-) 
  inc_FP32_ALU_col2_roundingAdder_add_274_18_spec1_g481/Y -       B->Y    F     NOR2x1p5_ASAP7_75t_SL          2  2.4    27    15    1502    (-,-) 
  inc_FP32_ALU_col2_roundingAdder_add_274_18_spec1_g478/Y -       B->Y    R     NAND2x1p5_ASAP7_75t_SL         2  1.9    34    15    1518    (-,-) 
  inc_FP32_ALU_col2_roundingAdder_add_274_18_spec1_g475/Y -       B->Y    F     NOR2x1_ASAP7_75t_SL            2  1.6    27    16    1533    (-,-) 
  inc_FP32_ALU_col2_roundingAdder_add_274_18_spec1_g473/Y -       B->Y    F     AND2x2_ASAP7_75t_SL            2  1.4    14    23    1557    (-,-) 
  inc_FP32_ALU_col2_roundingAdder_add_274_18_spec1_g470/Y -       B->Y    R     NAND2xp5_ASAP7_75t_SL          1  1.3    37    16    1572    (-,-) 
  inc_FP32_ALU_col2_roundingAdder_add_274_18_spec1_g468/Y -       B->Y    R     XOR2xp5_ASAP7_75t_SL           1  0.8    29    25    1597    (-,-) 
  g29263/Y                                                -       A2->Y   F     AOI21xp5_ASAP7_75t_L           2  1.5    32    20    1617    (-,-) 
  g29244/Y                                                -       B->Y    F     OR2x2_ASAP7_75t_SL             1  1.3    14    26    1643    (-,-) 
  g29241/Y                                                -       A->Y    R     NOR2x1_ASAP7_75t_L             1  1.4    30    16    1660    (-,-) 
  g29234/Y                                                -       A1->Y   F     AOI21x1_ASAP7_75t_SL          10  7.2    65    31    1691    (-,-) 
  g29227/Y                                                -       B->Y    R     NAND2x1_ASAP7_75t_L            6  7.0    94    61    1752    (-,-) 
  g29216/Y                                                -       A->Y    F     INVx5_ASAP7_75t_SL            18 11.9    42    22    1774    (-,-) 
  g29134/Y                                                -       B1->Y   R     AOI221xp5_ASAP7_75t_SL         1  0.9    68    28    1801    (-,-) 
  PIPE_OUT_col2_stage_reg_reg[0][9]/D                     -       -       R     ASYNC_DFFHx1_ASAP7_75t_SL      1    -     -     0    1801    (-,-) 
#--------------------------------------------------------------------------------------------------------------------------------------------------



Path 45: MET (82 ps) Setup Check with Pin PIPE_OUT_col2_stage_reg_reg[0][8]/CLK->D
           View: PVT_0P63V_100C.setup_view
          Group: clk
     Startpoint: (R) PIPE_cascade_in_col2_stage_reg_reg[0][3]/CLK
          Clock: (R) clk
       Endpoint: (R) PIPE_OUT_col2_stage_reg_reg[0][8]/D
          Clock: (R) clk

                     Capture       Launch     
        Clock Edge:+    2000            0     
       Src Latency:+       0            0     
       Net Latency:+       0 (I)        0 (I) 
           Arrival:=    2000            0     
                                              
             Setup:-      17                  
       Uncertainty:-     100                  
     Required Time:=    1883                  
      Launch Clock:-       0                  
         Data Path:-    1801                  
             Slack:=      82                  

#--------------------------------------------------------------------------------------------------------------------------------------------------
#                      Timing Point                       Flags    Arc    Edge           Cell             Fanout Load Trans Delay Arrival Instance 
#                                                                                                                (fF)  (ps)  (ps)   (ps)  Location 
#--------------------------------------------------------------------------------------------------------------------------------------------------
  PIPE_cascade_in_col2_stage_reg_reg[0][3]/CLK            -       -       R     (arrival)                   1073    -     0     0       0    (-,-) 
  PIPE_cascade_in_col2_stage_reg_reg[0][3]/QN             -       CLK->QN R     ASYNC_DFFHx1_ASAP7_75t_SL      1  0.8    24    48      48    (-,-) 
  g47518/Y                                                -       B->Y    R     AND2x2_ASAP7_75t_SL            1  1.4    18    21      69    (-,-) 
  g47459/Y                                                -       B->Y    F     AOI21x1_ASAP7_75t_SL           3  2.0    51    13      82    (-,-) 
  g46669/Y                                                -       B->Y    R     AOI31xp33_ASAP7_75t_SL         1  0.8    46    30     112    (-,-) 
  g46648/Y                                                -       C->Y    F     O2A1O1Ixp5_ASAP7_75t_SL        1  0.8    28    16     128    (-,-) 
  g46640__6161/Y                                          -       C->Y    R     O2A1O1Ixp5_ASAP7_75t_SL        1  0.9    35    20     149    (-,-) 
  g46621__6260/Y                                          -       A2->Y   F     OAI21xp5_ASAP7_75t_SL          2  1.5    39    19     168    (-,-) 
  g46615__1666/Y                                          -       A->Y    R     NAND3xp33_ASAP7_75t_SL         1  1.1    35    20     188    (-,-) 
  g46610__9945/Y                                          -       A1->Y   F     AOI211x1_ASAP7_75t_SL          1  0.8    34    17     205    (-,-) 
  g46571__7482/Y                                          -       B->Y    F     OR2x2_ASAP7_75t_SL             8  8.0    36    40     245    (-,-) 
  g46503__1881/Y                                          -       A2->Y   F     OA22x2_ASAP7_75t_SL            2  2.4    19    32     277    (-,-) 
  g46338__2883/Y                                          -       B->Y    R     NAND4xp75_ASAP7_75t_SL         1  2.2    38    15     292    (-,-) 
  g46312__8428/Y                                          -       A->Y    F     NOR2x2_ASAP7_75t_SL            4  3.7    29    20     312    (-,-) 
  g46304__6417/Y                                          -       B->Y    R     NAND2x1p5_ASAP7_75t_SL         4  3.6    36    21     332    (-,-) 
  g46300/Y                                                -       A->Y    F     INVx2_ASAP7_75t_SL             3  4.0    24    15     347    (-,-) 
  g46287__7482/Y                                          -       B->Y    R     NAND2x1p5_ASAP7_75t_SL         3  1.9    21    14     362    (-,-) 
  g46210__5526/Y                                          -       B->Y    F     NAND2xp5_ASAP7_75t_SL          1  1.3    24    15     377    (-,-) 
  g46204__5477/Y                                          -       A->Y    F     AND2x6_ASAP7_75t_SL           21 20.9    33    38     415    (-,-) 
  g46186/Y                                                -       A->Y    R     INVx8_ASAP7_75t_SL            23 17.4    32    20     435    (-,-) 
  g46114__6783/Y                                          -       A2->Y   F     AOI22xp5_ASAP7_75t_SL          1  0.8    32    16     450    (-,-) 
  g46055__6417/Y                                          -       B->Y    R     NAND2xp5_ASAP7_75t_L           2  1.4    34    25     475    (-,-) 
  g46041/Y                                                -       A->Y    F     INVxp67_ASAP7_75t_SL           1  0.9    20    12     487    (-,-) 
  g45992__6783/Y                                          -       A2->Y   R     AOI22xp5_ASAP7_75t_SL          2  1.3    42    20     508    (-,-) 
  g45929__6131/Y                                          -       B->Y    F     NOR2xp33_ASAP7_75t_L           1  0.8    38    25     533    (-,-) 
  g45833__7098/Y                                          -       B->Y    R     AOI21xp5_ASAP7_75t_SL          1  1.3    40    24     558    (-,-) 
  g45796__6783/Y                                          -       B->Y    R     XOR2xp5_ASAP7_75t_SL           2  2.0    53    35     592    (-,-) 
  addinc_FP32_ALU_col2_fracAdder_add_113_18_g1257/Y       -       B->Y    F     NOR2x1_ASAP7_75t_SL            3  3.0    56    25     617    (-,-) 
  addinc_FP32_ALU_col2_fracAdder_add_113_18_g1161/Y       -       A2->Y   R     OAI21xp5_ASAP7_75t_SL          3  2.5    64    38     654    (-,-) 
  addinc_FP32_ALU_col2_fracAdder_add_113_18_g1113/Y       -       A2->Y   F     AOI21x1_ASAP7_75t_SL           2  2.3    35    15     670    (-,-) 
  addinc_FP32_ALU_col2_fracAdder_add_113_18_g1104/Y       -       A->Y    R     INVx2_ASAP7_75t_SL             3  2.7    24    15     685    (-,-) 
  addinc_FP32_ALU_col2_fracAdder_add_113_18_g1089/Y       -       A2->Y   F     AOI21x1_ASAP7_75t_SL           3  2.2    26    13     698    (-,-) 
  addinc_FP32_ALU_col2_fracAdder_add_113_18_g1061/Y       -       A2->Y   R     OAI21xp5_ASAP7_75t_SL          1  1.4    45    22     721    (-,-) 
  addinc_FP32_ALU_col2_fracAdder_add_113_18_g1048/Y       -       B->Y    F     AOI21x1_ASAP7_75t_SL           1  1.2    22    13     734    (-,-) 
  addinc_FP32_ALU_col2_fracAdder_add_113_18_g1034/Y       -       B->Y    F     XOR2xp5_ASAP7_75t_SL           3  1.7    35    24     758    (-,-) 
  g30908__6131/Y                                          -       B->Y    R     NOR2xp33_ASAP7_75t_L           1  1.3    54    33     792    (-,-) 
  g30894__6260/Y                                          -       C->Y    R     AND5x2_ASAP7_75t_SL            4  4.8    36    44     836    (-,-) 
  g30883__2883/Y                                          -       A2->Y   F     AOI21x1_ASAP7_75t_SL           2  2.6    35    15     852    (-,-) 
  g30878__4733/Y                                          -       D->Y    R     NAND4xp75_ASAP7_75t_SL         1  1.8    31    19     871    (-,-) 
  g30876__5115/Y                                          -       A->Y    F     NOR2x1p5_ASAP7_75t_SL          2  2.2    23    15     886    (-,-) 
  g30875/Y                                                -       A->Y    R     INVx2_ASAP7_75t_SL             4  3.0    21    14     900    (-,-) 
  g30874/Y                                                -       A->Y    F     INVxp67_ASAP7_75t_SL           2  1.4    21    14     914    (-,-) 
  g30863__5122/Y                                          -       A2->Y   R     AOI21xp5_ASAP7_75t_L           1  1.8    50    29     943    (-,-) 
  g30852__4319/Y                                          -       D->Y    F     NAND4xp75_ASAP7_75t_SL         5  4.4    54    27     970    (-,-) 
  g30846__2398/Y                                          -       A2->Y   R     OAI21xp5_ASAP7_75t_SL          1  1.4    45    28     997    (-,-) 
  g30837__2883/Y                                          -       B->Y    F     AOI21x1_ASAP7_75t_SL           2  2.1    27    17    1014    (-,-) 
  g30836/Y                                                -       A->Y    R     INVx1_ASAP7_75t_SL             1  0.9    18    12    1026    (-,-) 
  g30832__6161/Y                                          -       A2->Y   R     OA21x2_ASAP7_75t_SL            3  3.0    23    26    1052    (-,-) 
  g30826__6131/Y                                          -       B->Y    F     NAND2x1p5_ASAP7_75t_SL         2  1.9    22    10    1062    (-,-) 
  g30823__5122/Y                                          -       A2->Y   R     O2A1O1Ixp33_ASAP7_75t_SL       1  0.9    43    23    1085    (-,-) 
  g30822__1705/Y                                          -       B2->Y   R     OA22x2_ASAP7_75t_SL            2  1.9    18    25    1110    (-,-) 
  g30818__1617/Y                                          -       B->Y    R     AND2x4_ASAP7_75t_SL            8  7.9    27    26    1135    (-,-) 
  g30817/Y                                                -       A->Y    F     INVx4_ASAP7_75t_SL             5  4.1    15     9    1145    (-,-) 
  g30810__6260/Y                                          -       A2->Y   F     AO22x2_ASAP7_75t_SL            1  2.6    19    28    1172    (-,-) 
  g30803/Y                                                -       A->Y    F     BUFx12f_ASAP7_75t_SL          24 26.3    24    26    1199    (-,-) 
  g30790/Y                                                -       A->Y    R     INVx11_ASAP7_75t_SL           20 14.6    22    14    1213    (-,-) 
  g30720__7098/Y                                          -       B2->Y   R     OA22x2_ASAP7_75t_SL            2  2.7    21    25    1238    (-,-) 
  g30640__6131/Y                                          -       B2->Y   F     OAI22x1_ASAP7_75t_SL           2  2.0    29    14    1252    (-,-) 
  g30603__5115/Y                                          -       B1->Y   R     AOI22xp5_ASAP7_75t_SL          2  1.7    48    27    1279    (-,-) 
  g30592/Y                                                -       A->Y    F     INVx1_ASAP7_75t_SL             1  0.8    19    10    1289    (-,-) 
  g30570__2346/Y                                          -       A2->Y   R     AOI21xp5_ASAP7_75t_L           2  1.1    40    22    1310    (-,-) 
  g48178/Y                                                -       A->Y    F     INVxp33_ASAP7_75t_SRAM         2  1.3    59    51    1361    (-,-) 
  inc_FP32_ALU_col2_roundingAdder_add_274_18_spec1_g567/Y -       B->Y    F     AND2x2_ASAP7_75t_SL            3  2.1    17    31    1392    (-,-) 
  inc_FP32_ALU_col2_roundingAdder_add_274_18_spec1_g527/Y -       D->Y    F     AND5x1_ASAP7_75t_SL            2  1.8    19    28    1420    (-,-) 
  inc_FP32_ALU_col2_roundingAdder_add_274_18_spec1_g518/Y -       B->Y    F     AND2x4_ASAP7_75t_SL            3  3.2    13    21    1441    (-,-) 
  inc_FP32_ALU_col2_roundingAdder_add_274_18_spec1_g506/Y -       B->Y    R     NAND2x1p5_ASAP7_75t_SL         2  2.3    24    13    1455    (-,-) 
  inc_FP32_ALU_col2_roundingAdder_add_274_18_spec1_g495/Y -       B->Y    F     NOR2x1p5_ASAP7_75t_SL          2  2.3    26    13    1468    (-,-) 
  inc_FP32_ALU_col2_roundingAdder_add_274_18_spec1_g487/Y -       B->Y    R     NAND2x1p5_ASAP7_75t_SL         3  3.5    40    20    1487    (-,-) 
  inc_FP32_ALU_col2_roundingAdder_add_274_18_spec1_g481/Y -       B->Y    F     NOR2x1p5_ASAP7_75t_SL          2  2.4    27    15    1502    (-,-) 
  inc_FP32_ALU_col2_roundingAdder_add_274_18_spec1_g478/Y -       B->Y    R     NAND2x1p5_ASAP7_75t_SL         2  1.9    34    15    1518    (-,-) 
  inc_FP32_ALU_col2_roundingAdder_add_274_18_spec1_g475/Y -       B->Y    F     NOR2x1_ASAP7_75t_SL            2  1.6    27    16    1533    (-,-) 
  inc_FP32_ALU_col2_roundingAdder_add_274_18_spec1_g473/Y -       B->Y    F     AND2x2_ASAP7_75t_SL            2  1.4    14    23    1557    (-,-) 
  inc_FP32_ALU_col2_roundingAdder_add_274_18_spec1_g470/Y -       B->Y    R     NAND2xp5_ASAP7_75t_SL          1  1.3    37    16    1572    (-,-) 
  inc_FP32_ALU_col2_roundingAdder_add_274_18_spec1_g468/Y -       B->Y    R     XOR2xp5_ASAP7_75t_SL           1  0.8    29    25    1597    (-,-) 
  g29263/Y                                                -       A2->Y   F     AOI21xp5_ASAP7_75t_L           2  1.5    32    20    1617    (-,-) 
  g29244/Y                                                -       B->Y    F     OR2x2_ASAP7_75t_SL             1  1.3    14    26    1643    (-,-) 
  g29241/Y                                                -       A->Y    R     NOR2x1_ASAP7_75t_L             1  1.4    30    16    1660    (-,-) 
  g29234/Y                                                -       A1->Y   F     AOI21x1_ASAP7_75t_SL          10  7.2    65    31    1691    (-,-) 
  g29227/Y                                                -       B->Y    R     NAND2x1_ASAP7_75t_L            6  7.0    94    61    1752    (-,-) 
  g29216/Y                                                -       A->Y    F     INVx5_ASAP7_75t_SL            18 11.9    42    22    1774    (-,-) 
  g29133/Y                                                -       B1->Y   R     AOI221xp5_ASAP7_75t_SL         1  0.9    68    28    1801    (-,-) 
  PIPE_OUT_col2_stage_reg_reg[0][8]/D                     -       -       R     ASYNC_DFFHx1_ASAP7_75t_SL      1    -     -     0    1801    (-,-) 
#--------------------------------------------------------------------------------------------------------------------------------------------------



Path 46: MET (82 ps) Setup Check with Pin PIPE_OUT_col2_stage_reg_reg[0][7]/CLK->D
           View: PVT_0P63V_100C.setup_view
          Group: clk
     Startpoint: (R) PIPE_cascade_in_col2_stage_reg_reg[0][3]/CLK
          Clock: (R) clk
       Endpoint: (R) PIPE_OUT_col2_stage_reg_reg[0][7]/D
          Clock: (R) clk

                     Capture       Launch     
        Clock Edge:+    2000            0     
       Src Latency:+       0            0     
       Net Latency:+       0 (I)        0 (I) 
           Arrival:=    2000            0     
                                              
             Setup:-      17                  
       Uncertainty:-     100                  
     Required Time:=    1883                  
      Launch Clock:-       0                  
         Data Path:-    1801                  
             Slack:=      82                  

#--------------------------------------------------------------------------------------------------------------------------------------------------
#                      Timing Point                       Flags    Arc    Edge           Cell             Fanout Load Trans Delay Arrival Instance 
#                                                                                                                (fF)  (ps)  (ps)   (ps)  Location 
#--------------------------------------------------------------------------------------------------------------------------------------------------
  PIPE_cascade_in_col2_stage_reg_reg[0][3]/CLK            -       -       R     (arrival)                   1073    -     0     0       0    (-,-) 
  PIPE_cascade_in_col2_stage_reg_reg[0][3]/QN             -       CLK->QN R     ASYNC_DFFHx1_ASAP7_75t_SL      1  0.8    24    48      48    (-,-) 
  g47518/Y                                                -       B->Y    R     AND2x2_ASAP7_75t_SL            1  1.4    18    21      69    (-,-) 
  g47459/Y                                                -       B->Y    F     AOI21x1_ASAP7_75t_SL           3  2.0    51    13      82    (-,-) 
  g46669/Y                                                -       B->Y    R     AOI31xp33_ASAP7_75t_SL         1  0.8    46    30     112    (-,-) 
  g46648/Y                                                -       C->Y    F     O2A1O1Ixp5_ASAP7_75t_SL        1  0.8    28    16     128    (-,-) 
  g46640__6161/Y                                          -       C->Y    R     O2A1O1Ixp5_ASAP7_75t_SL        1  0.9    35    20     149    (-,-) 
  g46621__6260/Y                                          -       A2->Y   F     OAI21xp5_ASAP7_75t_SL          2  1.5    39    19     168    (-,-) 
  g46615__1666/Y                                          -       A->Y    R     NAND3xp33_ASAP7_75t_SL         1  1.1    35    20     188    (-,-) 
  g46610__9945/Y                                          -       A1->Y   F     AOI211x1_ASAP7_75t_SL          1  0.8    34    17     205    (-,-) 
  g46571__7482/Y                                          -       B->Y    F     OR2x2_ASAP7_75t_SL             8  8.0    36    40     245    (-,-) 
  g46503__1881/Y                                          -       A2->Y   F     OA22x2_ASAP7_75t_SL            2  2.4    19    32     277    (-,-) 
  g46338__2883/Y                                          -       B->Y    R     NAND4xp75_ASAP7_75t_SL         1  2.2    38    15     292    (-,-) 
  g46312__8428/Y                                          -       A->Y    F     NOR2x2_ASAP7_75t_SL            4  3.7    29    20     312    (-,-) 
  g46304__6417/Y                                          -       B->Y    R     NAND2x1p5_ASAP7_75t_SL         4  3.6    36    21     332    (-,-) 
  g46300/Y                                                -       A->Y    F     INVx2_ASAP7_75t_SL             3  4.0    24    15     347    (-,-) 
  g46287__7482/Y                                          -       B->Y    R     NAND2x1p5_ASAP7_75t_SL         3  1.9    21    14     362    (-,-) 
  g46210__5526/Y                                          -       B->Y    F     NAND2xp5_ASAP7_75t_SL          1  1.3    24    15     377    (-,-) 
  g46204__5477/Y                                          -       A->Y    F     AND2x6_ASAP7_75t_SL           21 20.9    33    38     415    (-,-) 
  g46186/Y                                                -       A->Y    R     INVx8_ASAP7_75t_SL            23 17.4    32    20     435    (-,-) 
  g46114__6783/Y                                          -       A2->Y   F     AOI22xp5_ASAP7_75t_SL          1  0.8    32    16     450    (-,-) 
  g46055__6417/Y                                          -       B->Y    R     NAND2xp5_ASAP7_75t_L           2  1.4    34    25     475    (-,-) 
  g46041/Y                                                -       A->Y    F     INVxp67_ASAP7_75t_SL           1  0.9    20    12     487    (-,-) 
  g45992__6783/Y                                          -       A2->Y   R     AOI22xp5_ASAP7_75t_SL          2  1.3    42    20     508    (-,-) 
  g45929__6131/Y                                          -       B->Y    F     NOR2xp33_ASAP7_75t_L           1  0.8    38    25     533    (-,-) 
  g45833__7098/Y                                          -       B->Y    R     AOI21xp5_ASAP7_75t_SL          1  1.3    40    24     558    (-,-) 
  g45796__6783/Y                                          -       B->Y    R     XOR2xp5_ASAP7_75t_SL           2  2.0    53    35     592    (-,-) 
  addinc_FP32_ALU_col2_fracAdder_add_113_18_g1257/Y       -       B->Y    F     NOR2x1_ASAP7_75t_SL            3  3.0    56    25     617    (-,-) 
  addinc_FP32_ALU_col2_fracAdder_add_113_18_g1161/Y       -       A2->Y   R     OAI21xp5_ASAP7_75t_SL          3  2.5    64    38     654    (-,-) 
  addinc_FP32_ALU_col2_fracAdder_add_113_18_g1113/Y       -       A2->Y   F     AOI21x1_ASAP7_75t_SL           2  2.3    35    15     670    (-,-) 
  addinc_FP32_ALU_col2_fracAdder_add_113_18_g1104/Y       -       A->Y    R     INVx2_ASAP7_75t_SL             3  2.7    24    15     685    (-,-) 
  addinc_FP32_ALU_col2_fracAdder_add_113_18_g1089/Y       -       A2->Y   F     AOI21x1_ASAP7_75t_SL           3  2.2    26    13     698    (-,-) 
  addinc_FP32_ALU_col2_fracAdder_add_113_18_g1061/Y       -       A2->Y   R     OAI21xp5_ASAP7_75t_SL          1  1.4    45    22     721    (-,-) 
  addinc_FP32_ALU_col2_fracAdder_add_113_18_g1048/Y       -       B->Y    F     AOI21x1_ASAP7_75t_SL           1  1.2    22    13     734    (-,-) 
  addinc_FP32_ALU_col2_fracAdder_add_113_18_g1034/Y       -       B->Y    F     XOR2xp5_ASAP7_75t_SL           3  1.7    35    24     758    (-,-) 
  g30908__6131/Y                                          -       B->Y    R     NOR2xp33_ASAP7_75t_L           1  1.3    54    33     792    (-,-) 
  g30894__6260/Y                                          -       C->Y    R     AND5x2_ASAP7_75t_SL            4  4.8    36    44     836    (-,-) 
  g30883__2883/Y                                          -       A2->Y   F     AOI21x1_ASAP7_75t_SL           2  2.6    35    15     852    (-,-) 
  g30878__4733/Y                                          -       D->Y    R     NAND4xp75_ASAP7_75t_SL         1  1.8    31    19     871    (-,-) 
  g30876__5115/Y                                          -       A->Y    F     NOR2x1p5_ASAP7_75t_SL          2  2.2    23    15     886    (-,-) 
  g30875/Y                                                -       A->Y    R     INVx2_ASAP7_75t_SL             4  3.0    21    14     900    (-,-) 
  g30874/Y                                                -       A->Y    F     INVxp67_ASAP7_75t_SL           2  1.4    21    14     914    (-,-) 
  g30863__5122/Y                                          -       A2->Y   R     AOI21xp5_ASAP7_75t_L           1  1.8    50    29     943    (-,-) 
  g30852__4319/Y                                          -       D->Y    F     NAND4xp75_ASAP7_75t_SL         5  4.4    54    27     970    (-,-) 
  g30846__2398/Y                                          -       A2->Y   R     OAI21xp5_ASAP7_75t_SL          1  1.4    45    28     997    (-,-) 
  g30837__2883/Y                                          -       B->Y    F     AOI21x1_ASAP7_75t_SL           2  2.1    27    17    1014    (-,-) 
  g30836/Y                                                -       A->Y    R     INVx1_ASAP7_75t_SL             1  0.9    18    12    1026    (-,-) 
  g30832__6161/Y                                          -       A2->Y   R     OA21x2_ASAP7_75t_SL            3  3.0    23    26    1052    (-,-) 
  g30826__6131/Y                                          -       B->Y    F     NAND2x1p5_ASAP7_75t_SL         2  1.9    22    10    1062    (-,-) 
  g30823__5122/Y                                          -       A2->Y   R     O2A1O1Ixp33_ASAP7_75t_SL       1  0.9    43    23    1085    (-,-) 
  g30822__1705/Y                                          -       B2->Y   R     OA22x2_ASAP7_75t_SL            2  1.9    18    25    1110    (-,-) 
  g30818__1617/Y                                          -       B->Y    R     AND2x4_ASAP7_75t_SL            8  7.9    27    26    1135    (-,-) 
  g30817/Y                                                -       A->Y    F     INVx4_ASAP7_75t_SL             5  4.1    15     9    1145    (-,-) 
  g30810__6260/Y                                          -       A2->Y   F     AO22x2_ASAP7_75t_SL            1  2.6    19    28    1172    (-,-) 
  g30803/Y                                                -       A->Y    F     BUFx12f_ASAP7_75t_SL          24 26.3    24    26    1199    (-,-) 
  g30790/Y                                                -       A->Y    R     INVx11_ASAP7_75t_SL           20 14.6    22    14    1213    (-,-) 
  g30720__7098/Y                                          -       B2->Y   R     OA22x2_ASAP7_75t_SL            2  2.7    21    25    1238    (-,-) 
  g30640__6131/Y                                          -       B2->Y   F     OAI22x1_ASAP7_75t_SL           2  2.0    29    14    1252    (-,-) 
  g30603__5115/Y                                          -       B1->Y   R     AOI22xp5_ASAP7_75t_SL          2  1.7    48    27    1279    (-,-) 
  g30592/Y                                                -       A->Y    F     INVx1_ASAP7_75t_SL             1  0.8    19    10    1289    (-,-) 
  g30570__2346/Y                                          -       A2->Y   R     AOI21xp5_ASAP7_75t_L           2  1.1    40    22    1310    (-,-) 
  g48178/Y                                                -       A->Y    F     INVxp33_ASAP7_75t_SRAM         2  1.3    59    51    1361    (-,-) 
  inc_FP32_ALU_col2_roundingAdder_add_274_18_spec1_g567/Y -       B->Y    F     AND2x2_ASAP7_75t_SL            3  2.1    17    31    1392    (-,-) 
  inc_FP32_ALU_col2_roundingAdder_add_274_18_spec1_g527/Y -       D->Y    F     AND5x1_ASAP7_75t_SL            2  1.8    19    28    1420    (-,-) 
  inc_FP32_ALU_col2_roundingAdder_add_274_18_spec1_g518/Y -       B->Y    F     AND2x4_ASAP7_75t_SL            3  3.2    13    21    1441    (-,-) 
  inc_FP32_ALU_col2_roundingAdder_add_274_18_spec1_g506/Y -       B->Y    R     NAND2x1p5_ASAP7_75t_SL         2  2.3    24    13    1455    (-,-) 
  inc_FP32_ALU_col2_roundingAdder_add_274_18_spec1_g495/Y -       B->Y    F     NOR2x1p5_ASAP7_75t_SL          2  2.3    26    13    1468    (-,-) 
  inc_FP32_ALU_col2_roundingAdder_add_274_18_spec1_g487/Y -       B->Y    R     NAND2x1p5_ASAP7_75t_SL         3  3.5    40    20    1487    (-,-) 
  inc_FP32_ALU_col2_roundingAdder_add_274_18_spec1_g481/Y -       B->Y    F     NOR2x1p5_ASAP7_75t_SL          2  2.4    27    15    1502    (-,-) 
  inc_FP32_ALU_col2_roundingAdder_add_274_18_spec1_g478/Y -       B->Y    R     NAND2x1p5_ASAP7_75t_SL         2  1.9    34    15    1518    (-,-) 
  inc_FP32_ALU_col2_roundingAdder_add_274_18_spec1_g475/Y -       B->Y    F     NOR2x1_ASAP7_75t_SL            2  1.6    27    16    1533    (-,-) 
  inc_FP32_ALU_col2_roundingAdder_add_274_18_spec1_g473/Y -       B->Y    F     AND2x2_ASAP7_75t_SL            2  1.4    14    23    1557    (-,-) 
  inc_FP32_ALU_col2_roundingAdder_add_274_18_spec1_g470/Y -       B->Y    R     NAND2xp5_ASAP7_75t_SL          1  1.3    37    16    1572    (-,-) 
  inc_FP32_ALU_col2_roundingAdder_add_274_18_spec1_g468/Y -       B->Y    R     XOR2xp5_ASAP7_75t_SL           1  0.8    29    25    1597    (-,-) 
  g29263/Y                                                -       A2->Y   F     AOI21xp5_ASAP7_75t_L           2  1.5    32    20    1617    (-,-) 
  g29244/Y                                                -       B->Y    F     OR2x2_ASAP7_75t_SL             1  1.3    14    26    1643    (-,-) 
  g29241/Y                                                -       A->Y    R     NOR2x1_ASAP7_75t_L             1  1.4    30    16    1660    (-,-) 
  g29234/Y                                                -       A1->Y   F     AOI21x1_ASAP7_75t_SL          10  7.2    65    31    1691    (-,-) 
  g29227/Y                                                -       B->Y    R     NAND2x1_ASAP7_75t_L            6  7.0    94    61    1752    (-,-) 
  g29216/Y                                                -       A->Y    F     INVx5_ASAP7_75t_SL            18 11.9    42    22    1774    (-,-) 
  g29132/Y                                                -       B1->Y   R     AOI221xp5_ASAP7_75t_SL         1  0.9    68    28    1801    (-,-) 
  PIPE_OUT_col2_stage_reg_reg[0][7]/D                     -       -       R     ASYNC_DFFHx1_ASAP7_75t_SL      1    -     -     0    1801    (-,-) 
#--------------------------------------------------------------------------------------------------------------------------------------------------



Path 47: MET (149 ps) Setup Check with Pin PIPE_OUT_col1_stage_reg_reg[0][30]/CLK->D
           View: PVT_0P63V_100C.setup_view
          Group: clk
     Startpoint: (R) PIPE_3_fix2float_col1_stage_reg_reg[0][28]/CLK
          Clock: (R) clk
       Endpoint: (F) PIPE_OUT_col1_stage_reg_reg[0][30]/D
          Clock: (R) clk

                     Capture       Launch     
        Clock Edge:+    2000            0     
       Src Latency:+       0            0     
       Net Latency:+       0 (I)        0 (I) 
           Arrival:=    2000            0     
                                              
             Setup:-      16                  
       Uncertainty:-     100                  
     Required Time:=    1884                  
      Launch Clock:-       0                  
         Data Path:-    1735                  
             Slack:=     149                  

#--------------------------------------------------------------------------------------------------------------------------------------------------
#                      Timing Point                       Flags    Arc    Edge           Cell             Fanout Load Trans Delay Arrival Instance 
#                                                                                                                (fF)  (ps)  (ps)   (ps)  Location 
#--------------------------------------------------------------------------------------------------------------------------------------------------
  PIPE_3_fix2float_col1_stage_reg_reg[0][28]/CLK          -       -       R     (arrival)                   1073    -     0     0       0    (-,-) 
  PIPE_3_fix2float_col1_stage_reg_reg[0][28]/QN           -       CLK->QN R     ASYNC_DFFHx1_ASAP7_75t_SL      4  3.6    52    64      64    (-,-) 
  g47087/Y                                                -       A->Y    F     INVxp67_ASAP7_75t_SL           2  1.5    30    18      82    (-,-) 
  g47028/Y                                                -       C->Y    F     AO221x1_ASAP7_75t_SL           4  3.9    40    44     126    (-,-) 
  g46945/Y                                                -       B->Y    R     NOR2x1p5_ASAP7_75t_SL          2  1.7    26    15     141    (-,-) 
  g46728/Y                                                -       A2->Y   F     OAI21xp5_ASAP7_75t_SL          1  0.8    26    13     154    (-,-) 
  g46711/Y                                                -       A->Y    R     NAND2xp5_ASAP7_75t_SL          1  1.2    29    19     173    (-,-) 
  g46649/Y                                                -       B->Y    F     AOI211x1_ASAP7_75t_SL          2  2.0    47    18     190    (-,-) 
  g46609__9315/Y                                          -       C->Y    F     OA221x2_ASAP7_75t_SL           8  6.5    36    46     236    (-,-) 
  g46587/Y                                                -       A->Y    F     BUFx12f_ASAP7_75t_SL          14 11.9    16    25     261    (-,-) 
  g46506__4733/Y                                          -       B2->Y   R     OAI22xp5_ASAP7_75t_SL          2  1.6    46    23     284    (-,-) 
  g46353__2802/Y                                          -       B->Y    F     NOR2xp67_ASAP7_75t_SL          1  0.8    23    15     300    (-,-) 
  g46317__2802/Y                                          -       B->Y    F     AND2x2_ASAP7_75t_SL            2  2.5    17    25     324    (-,-) 
  g46303__7410/Y                                          -       B->Y    R     NAND2x1p5_ASAP7_75t_SL         2  2.1    23    14     338    (-,-) 
  g46208__4319/Y                                          -       A2->Y   F     AOI21x1_ASAP7_75t_SL           1  1.3    22    10     348    (-,-) 
  g46203__6417/Y                                          -       A->Y    F     AND2x6_ASAP7_75t_SL           22 17.0    29    36     384    (-,-) 
  g46159__7482/Y                                          -       A->Y    R     NAND2x2_ASAP7_75t_SL          12  9.2    58    34     417    (-,-) 
  g46145/Y                                                -       A->Y    F     INVx1_ASAP7_75t_SL             2  2.5    34    20     437    (-,-) 
  g46038__1881/Y                                          -       B1->Y   R     AOI22x1_ASAP7_75t_SL           2  1.5    39    19     456    (-,-) 
  g45935__9315/Y                                          -       B2->Y   R     OA22x2_ASAP7_75t_SL            2  1.6    16    24     480    (-,-) 
  g45928/Y                                                -       A->Y    F     INVx1_ASAP7_75t_L              1  0.7    11     9     489    (-,-) 
  g45888__1617/Y                                          -       A2->Y   F     AO22x1_ASAP7_75t_SL            2  2.0    24    29     518    (-,-) 
  g45823__4319/Y                                          -       B1->Y   R     AOI22x1_ASAP7_75t_SL           1  1.3    32    17     535    (-,-) 
  g45771__2802/Y                                          -       B->Y    R     XOR2xp5_ASAP7_75t_SL           2  2.0    55    34     569    (-,-) 
  addinc_FP32_ALU_col1_fracAdder_add_113_18_g1294/Y       -       B->Y    F     NOR2x1_ASAP7_75t_SL            3  2.5    43    23     591    (-,-) 
  addinc_FP32_ALU_col1_fracAdder_add_113_18_g1214/Y       -       B->Y    R     NOR2x1_ASAP7_75t_SL            3  2.1    35    20     611    (-,-) 
  addinc_FP32_ALU_col1_fracAdder_add_113_18_g1135/Y       -       A->Y    R     AND2x2_ASAP7_75t_SL            2  2.5    20    23     634    (-,-) 
  addinc_FP32_ALU_col1_fracAdder_add_113_18_g1108/Y       -       A2->Y   F     AOI21x1_ASAP7_75t_SL           1  1.3    28    10     644    (-,-) 
  addinc_FP32_ALU_col1_fracAdder_add_113_18_g1091/Y       -       A->Y    F     AND2x4_ASAP7_75t_SL            3  4.3    15    26     670    (-,-) 
  addinc_FP32_ALU_col1_fracAdder_add_113_18_g1090/Y       -       A->Y    R     INVx4_ASAP7_75t_SL             7  6.6    21    13     683    (-,-) 
  addinc_FP32_ALU_col1_fracAdder_add_113_18_g1072/Y       -       A2->Y   F     AOI21x1_ASAP7_75t_SL           1  1.3    22    10     693    (-,-) 
  addinc_FP32_ALU_col1_fracAdder_add_113_18_g1056/Y       -       B->Y    R     XNOR2xp5_ASAP7_75t_SL          2  1.3    42    22     715    (-,-) 
  g48107/Y                                                -       C->Y    F     NOR3xp33_ASAP7_75t_SL          1  1.5    33    21     736    (-,-) 
  g48103/Y                                                -       C->Y    R     NAND3x1_ASAP7_75t_SL           1  1.3    36    25     761    (-,-) 
  g48101/Y                                                -       B->Y    F     NOR2x1_ASAP7_75t_SL            2  2.2    35    19     780    (-,-) 
  g48100/Y                                                -       A->Y    R     INVx2_ASAP7_75t_SL             1  1.6    18    12     792    (-,-) 
  g48099/Y                                                -       A->Y    F     NOR3x1_ASAP7_75t_SL            1  1.3    30    14     806    (-,-) 
  g48097/Y                                                -       A->Y    F     AND5x2_ASAP7_75t_SL            4  4.8    27    32     837    (-,-) 
  g48092/Y                                                -       A2->Y   R     AOI21x1_ASAP7_75t_SL           2  2.6    40    20     858    (-,-) 
  g30797/Y                                                -       B->Y    F     NAND4xp75_ASAP7_75t_SL         1  1.8    35    18     876    (-,-) 
  g30796/Y                                                -       B->Y    R     NOR2x1p5_ASAP7_75t_SL          2  2.2    28    16     893    (-,-) 
  g30795/Y                                                -       A->Y    F     INVx2_ASAP7_75t_SL             4  3.0    18    12     904    (-,-) 
  g30782/Y                                                -       A2->Y   R     OAI21xp5_ASAP7_75t_SL          1  1.4    38    21     925    (-,-) 
  g30778/Y                                                -       B->Y    F     AOI21x1_ASAP7_75t_SL           2  2.6    38    18     943    (-,-) 
  g48082/Y                                                -       B->Y    R     NAND4xp75_ASAP7_75t_SL         5  3.9    38    23     966    (-,-) 
  g48080/Y                                                -       B->Y    F     NOR2x1_ASAP7_75t_SL            3  3.1    36    23     989    (-,-) 
  g48079/Y                                                -       A2->Y   R     AOI21x1_ASAP7_75t_SL           2  2.7    40    22    1011    (-,-) 
  g48077/Y                                                -       A->Y    F     INVx2_ASAP7_75t_SL             1  0.9    14     7    1018    (-,-) 
  g48072/Y                                                -       A2->Y   F     OA21x2_ASAP7_75t_SL            3  2.0    16    25    1043    (-,-) 
  g48066/Y                                                -       B->Y    R     NAND2xp5_ASAP7_75t_SL          1  0.9    27    13    1056    (-,-) 
  g48064/Y                                                -       A1->Y   F     OAI21xp5_ASAP7_75t_SL          2  2.5    42    24    1080    (-,-) 
  g48062/Y                                                -       A2->Y   R     AOI21x1_ASAP7_75t_SL           1  1.8    34    19    1100    (-,-) 
  g48061/Y                                                -       A->Y    F     NOR2x1p5_ASAP7_75t_SL          2  2.4    24    16    1116    (-,-) 
  g48057/Y                                                -       B->Y    R     NAND2x1p5_ASAP7_75t_SL         3  2.9    28    18    1133    (-,-) 
  g48054/Y                                                -       A->Y    F     INVx2_ASAP7_75t_SL             1  0.9    11     6    1140    (-,-) 
  g48050/Y                                                -       B->Y    R     OAI21xp5_ASAP7_75t_SL          1  1.3    48    12    1152    (-,-) 
  g48045/Y                                                -       B->Y    R     AND2x6_ASAP7_75t_SL           28 25.0    49    44    1196    (-,-) 
  g48037/Y                                                -       A->Y    F     INVx11_ASAP7_75t_SL           27 19.8    28    16    1213    (-,-) 
  g47979/Y                                                -       B1->Y   R     AOI22xp5_ASAP7_75t_SL          2  1.5    46    26    1238    (-,-) 
  g47928/Y                                                -       B2->Y   F     OAI22xp5_ASAP7_75t_L           2  1.4    34    23    1261    (-,-) 
  g47914/Y                                                -       A1->Y   R     AOI22xp5_ASAP7_75t_SL          2  1.7    50    26    1288    (-,-) 
  g47907/Y                                                -       A->Y    F     INVx1_ASAP7_75t_L              1  0.8    19    14    1301    (-,-) 
  g30513/Y                                                -       B1->Y   R     AOI22xp5_ASAP7_75t_SL          2  1.1    37    20    1322    (-,-) 
  g48181/Y                                                -       A->Y    F     INVxp33_ASAP7_75t_SRAM         2  1.3    59    50    1371    (-,-) 
  inc_FP32_ALU_col1_roundingAdder_add_274_18_spec1_g565/Y -       B->Y    F     AND2x2_ASAP7_75t_SL            2  1.5    15    30    1401    (-,-) 
  inc_FP32_ALU_col1_roundingAdder_add_274_18_spec1_g527/Y -       E->Y    F     AND5x1_ASAP7_75t_SL            2  1.8    19    28    1429    (-,-) 
  inc_FP32_ALU_col1_roundingAdder_add_274_18_spec1_g518/Y -       B->Y    F     AND2x4_ASAP7_75t_SL            3  3.2    13    21    1450    (-,-) 
  inc_FP32_ALU_col1_roundingAdder_add_274_18_spec1_g506/Y -       B->Y    R     NAND2x1p5_ASAP7_75t_SL         2  2.3    24    13    1463    (-,-) 
  inc_FP32_ALU_col1_roundingAdder_add_274_18_spec1_g495/Y -       B->Y    F     NOR2x1p5_ASAP7_75t_SL          2  2.3    26    13    1476    (-,-) 
  inc_FP32_ALU_col1_roundingAdder_add_274_18_spec1_g487/Y -       A->Y    R     NAND2x1p5_ASAP7_75t_SL         3  3.5    36    21    1498    (-,-) 
  inc_FP32_ALU_col1_roundingAdder_add_274_18_spec1_g481/Y -       B->Y    F     NOR2x1p5_ASAP7_75t_SL          2  2.4    27    15    1512    (-,-) 
  inc_FP32_ALU_col1_roundingAdder_add_274_18_spec1_g478/Y -       B->Y    R     NAND2x1p5_ASAP7_75t_SL         2  1.9    33    15    1527    (-,-) 
  inc_FP32_ALU_col1_roundingAdder_add_274_18_spec1_g475/Y -       B->Y    F     NOR2x1_ASAP7_75t_SL            2  1.6    27    16    1543    (-,-) 
  inc_FP32_ALU_col1_roundingAdder_add_274_18_spec1_g473/Y -       B->Y    F     AND2x2_ASAP7_75t_SL            2  1.6    14    24    1567    (-,-) 
  inc_FP32_ALU_col1_roundingAdder_add_274_18_spec1_g472/Y -       A->Y    R     INVx1_ASAP7_75t_L              2  2.0    27    18    1584    (-,-) 
  inc_FP32_ALU_col1_roundingAdder_add_274_18_spec1_g469/Y -       B->Y    R     XNOR2xp5_ASAP7_75t_SL          1  0.8    37    19    1603    (-,-) 
  g29249/Y                                                -       A2->Y   F     AOI21xp5_ASAP7_75t_L           2  1.5    33    21    1625    (-,-) 
  g29242/Y                                                -       A->Y    F     OR2x2_ASAP7_75t_SL             1  0.6    12    23    1648    (-,-) 
  g29240/Y                                                -       A->Y    R     NOR2xp33_ASAP7_75t_SL          1  1.4    50    23    1671    (-,-) 
  g29231/Y                                                -       A1->Y   F     AOI21x1_ASAP7_75t_SL          10  7.2    65    35    1706    (-,-) 
  g29222/Y                                                -       B->Y    F     AND2x2_ASAP7_75t_SL            1  0.9    14    29    1735    (-,-) 
  PIPE_OUT_col1_stage_reg_reg[0][30]/D                    -       -       F     ASYNC_DFFHx1_ASAP7_75t_SL      1    -     -     0    1735    (-,-) 
#--------------------------------------------------------------------------------------------------------------------------------------------------



Path 48: MET (149 ps) Setup Check with Pin PIPE_OUT_col1_stage_reg_reg[0][28]/CLK->D
           View: PVT_0P63V_100C.setup_view
          Group: clk
     Startpoint: (R) PIPE_3_fix2float_col1_stage_reg_reg[0][28]/CLK
          Clock: (R) clk
       Endpoint: (F) PIPE_OUT_col1_stage_reg_reg[0][28]/D
          Clock: (R) clk

                     Capture       Launch     
        Clock Edge:+    2000            0     
       Src Latency:+       0            0     
       Net Latency:+       0 (I)        0 (I) 
           Arrival:=    2000            0     
                                              
             Setup:-      16                  
       Uncertainty:-     100                  
     Required Time:=    1884                  
      Launch Clock:-       0                  
         Data Path:-    1735                  
             Slack:=     149                  

#--------------------------------------------------------------------------------------------------------------------------------------------------
#                      Timing Point                       Flags    Arc    Edge           Cell             Fanout Load Trans Delay Arrival Instance 
#                                                                                                                (fF)  (ps)  (ps)   (ps)  Location 
#--------------------------------------------------------------------------------------------------------------------------------------------------
  PIPE_3_fix2float_col1_stage_reg_reg[0][28]/CLK          -       -       R     (arrival)                   1073    -     0     0       0    (-,-) 
  PIPE_3_fix2float_col1_stage_reg_reg[0][28]/QN           -       CLK->QN R     ASYNC_DFFHx1_ASAP7_75t_SL      4  3.6    52    64      64    (-,-) 
  g47087/Y                                                -       A->Y    F     INVxp67_ASAP7_75t_SL           2  1.5    30    18      82    (-,-) 
  g47028/Y                                                -       C->Y    F     AO221x1_ASAP7_75t_SL           4  3.9    40    44     126    (-,-) 
  g46945/Y                                                -       B->Y    R     NOR2x1p5_ASAP7_75t_SL          2  1.7    26    15     141    (-,-) 
  g46728/Y                                                -       A2->Y   F     OAI21xp5_ASAP7_75t_SL          1  0.8    26    13     154    (-,-) 
  g46711/Y                                                -       A->Y    R     NAND2xp5_ASAP7_75t_SL          1  1.2    29    19     173    (-,-) 
  g46649/Y                                                -       B->Y    F     AOI211x1_ASAP7_75t_SL          2  2.0    47    18     190    (-,-) 
  g46609__9315/Y                                          -       C->Y    F     OA221x2_ASAP7_75t_SL           8  6.5    36    46     236    (-,-) 
  g46587/Y                                                -       A->Y    F     BUFx12f_ASAP7_75t_SL          14 11.9    16    25     261    (-,-) 
  g46506__4733/Y                                          -       B2->Y   R     OAI22xp5_ASAP7_75t_SL          2  1.6    46    23     284    (-,-) 
  g46353__2802/Y                                          -       B->Y    F     NOR2xp67_ASAP7_75t_SL          1  0.8    23    15     300    (-,-) 
  g46317__2802/Y                                          -       B->Y    F     AND2x2_ASAP7_75t_SL            2  2.5    17    25     324    (-,-) 
  g46303__7410/Y                                          -       B->Y    R     NAND2x1p5_ASAP7_75t_SL         2  2.1    23    14     338    (-,-) 
  g46208__4319/Y                                          -       A2->Y   F     AOI21x1_ASAP7_75t_SL           1  1.3    22    10     348    (-,-) 
  g46203__6417/Y                                          -       A->Y    F     AND2x6_ASAP7_75t_SL           22 17.0    29    36     384    (-,-) 
  g46159__7482/Y                                          -       A->Y    R     NAND2x2_ASAP7_75t_SL          12  9.2    58    34     417    (-,-) 
  g46145/Y                                                -       A->Y    F     INVx1_ASAP7_75t_SL             2  2.5    34    20     437    (-,-) 
  g46038__1881/Y                                          -       B1->Y   R     AOI22x1_ASAP7_75t_SL           2  1.5    39    19     456    (-,-) 
  g45935__9315/Y                                          -       B2->Y   R     OA22x2_ASAP7_75t_SL            2  1.6    16    24     480    (-,-) 
  g45928/Y                                                -       A->Y    F     INVx1_ASAP7_75t_L              1  0.7    11     9     489    (-,-) 
  g45888__1617/Y                                          -       A2->Y   F     AO22x1_ASAP7_75t_SL            2  2.0    24    29     518    (-,-) 
  g45823__4319/Y                                          -       B1->Y   R     AOI22x1_ASAP7_75t_SL           1  1.3    32    17     535    (-,-) 
  g45771__2802/Y                                          -       B->Y    R     XOR2xp5_ASAP7_75t_SL           2  2.0    55    34     569    (-,-) 
  addinc_FP32_ALU_col1_fracAdder_add_113_18_g1294/Y       -       B->Y    F     NOR2x1_ASAP7_75t_SL            3  2.5    43    23     591    (-,-) 
  addinc_FP32_ALU_col1_fracAdder_add_113_18_g1214/Y       -       B->Y    R     NOR2x1_ASAP7_75t_SL            3  2.1    35    20     611    (-,-) 
  addinc_FP32_ALU_col1_fracAdder_add_113_18_g1135/Y       -       A->Y    R     AND2x2_ASAP7_75t_SL            2  2.5    20    23     634    (-,-) 
  addinc_FP32_ALU_col1_fracAdder_add_113_18_g1108/Y       -       A2->Y   F     AOI21x1_ASAP7_75t_SL           1  1.3    28    10     644    (-,-) 
  addinc_FP32_ALU_col1_fracAdder_add_113_18_g1091/Y       -       A->Y    F     AND2x4_ASAP7_75t_SL            3  4.3    15    26     670    (-,-) 
  addinc_FP32_ALU_col1_fracAdder_add_113_18_g1090/Y       -       A->Y    R     INVx4_ASAP7_75t_SL             7  6.6    21    13     683    (-,-) 
  addinc_FP32_ALU_col1_fracAdder_add_113_18_g1072/Y       -       A2->Y   F     AOI21x1_ASAP7_75t_SL           1  1.3    22    10     693    (-,-) 
  addinc_FP32_ALU_col1_fracAdder_add_113_18_g1056/Y       -       B->Y    R     XNOR2xp5_ASAP7_75t_SL          2  1.3    42    22     715    (-,-) 
  g48107/Y                                                -       C->Y    F     NOR3xp33_ASAP7_75t_SL          1  1.5    33    21     736    (-,-) 
  g48103/Y                                                -       C->Y    R     NAND3x1_ASAP7_75t_SL           1  1.3    36    25     761    (-,-) 
  g48101/Y                                                -       B->Y    F     NOR2x1_ASAP7_75t_SL            2  2.2    35    19     780    (-,-) 
  g48100/Y                                                -       A->Y    R     INVx2_ASAP7_75t_SL             1  1.6    18    12     792    (-,-) 
  g48099/Y                                                -       A->Y    F     NOR3x1_ASAP7_75t_SL            1  1.3    30    14     806    (-,-) 
  g48097/Y                                                -       A->Y    F     AND5x2_ASAP7_75t_SL            4  4.8    27    32     837    (-,-) 
  g48092/Y                                                -       A2->Y   R     AOI21x1_ASAP7_75t_SL           2  2.6    40    20     858    (-,-) 
  g30797/Y                                                -       B->Y    F     NAND4xp75_ASAP7_75t_SL         1  1.8    35    18     876    (-,-) 
  g30796/Y                                                -       B->Y    R     NOR2x1p5_ASAP7_75t_SL          2  2.2    28    16     893    (-,-) 
  g30795/Y                                                -       A->Y    F     INVx2_ASAP7_75t_SL             4  3.0    18    12     904    (-,-) 
  g30782/Y                                                -       A2->Y   R     OAI21xp5_ASAP7_75t_SL          1  1.4    38    21     925    (-,-) 
  g30778/Y                                                -       B->Y    F     AOI21x1_ASAP7_75t_SL           2  2.6    38    18     943    (-,-) 
  g48082/Y                                                -       B->Y    R     NAND4xp75_ASAP7_75t_SL         5  3.9    38    23     966    (-,-) 
  g48080/Y                                                -       B->Y    F     NOR2x1_ASAP7_75t_SL            3  3.1    36    23     989    (-,-) 
  g48079/Y                                                -       A2->Y   R     AOI21x1_ASAP7_75t_SL           2  2.7    40    22    1011    (-,-) 
  g48077/Y                                                -       A->Y    F     INVx2_ASAP7_75t_SL             1  0.9    14     7    1018    (-,-) 
  g48072/Y                                                -       A2->Y   F     OA21x2_ASAP7_75t_SL            3  2.0    16    25    1043    (-,-) 
  g48066/Y                                                -       B->Y    R     NAND2xp5_ASAP7_75t_SL          1  0.9    27    13    1056    (-,-) 
  g48064/Y                                                -       A1->Y   F     OAI21xp5_ASAP7_75t_SL          2  2.5    42    24    1080    (-,-) 
  g48062/Y                                                -       A2->Y   R     AOI21x1_ASAP7_75t_SL           1  1.8    34    19    1100    (-,-) 
  g48061/Y                                                -       A->Y    F     NOR2x1p5_ASAP7_75t_SL          2  2.4    24    16    1116    (-,-) 
  g48057/Y                                                -       B->Y    R     NAND2x1p5_ASAP7_75t_SL         3  2.9    28    18    1133    (-,-) 
  g48054/Y                                                -       A->Y    F     INVx2_ASAP7_75t_SL             1  0.9    11     6    1140    (-,-) 
  g48050/Y                                                -       B->Y    R     OAI21xp5_ASAP7_75t_SL          1  1.3    48    12    1152    (-,-) 
  g48045/Y                                                -       B->Y    R     AND2x6_ASAP7_75t_SL           28 25.0    49    44    1196    (-,-) 
  g48037/Y                                                -       A->Y    F     INVx11_ASAP7_75t_SL           27 19.8    28    16    1213    (-,-) 
  g47979/Y                                                -       B1->Y   R     AOI22xp5_ASAP7_75t_SL          2  1.5    46    26    1238    (-,-) 
  g47928/Y                                                -       B2->Y   F     OAI22xp5_ASAP7_75t_L           2  1.4    34    23    1261    (-,-) 
  g47914/Y                                                -       A1->Y   R     AOI22xp5_ASAP7_75t_SL          2  1.7    50    26    1288    (-,-) 
  g47907/Y                                                -       A->Y    F     INVx1_ASAP7_75t_L              1  0.8    19    14    1301    (-,-) 
  g30513/Y                                                -       B1->Y   R     AOI22xp5_ASAP7_75t_SL          2  1.1    37    20    1322    (-,-) 
  g48181/Y                                                -       A->Y    F     INVxp33_ASAP7_75t_SRAM         2  1.3    59    50    1371    (-,-) 
  inc_FP32_ALU_col1_roundingAdder_add_274_18_spec1_g565/Y -       B->Y    F     AND2x2_ASAP7_75t_SL            2  1.5    15    30    1401    (-,-) 
  inc_FP32_ALU_col1_roundingAdder_add_274_18_spec1_g527/Y -       E->Y    F     AND5x1_ASAP7_75t_SL            2  1.8    19    28    1429    (-,-) 
  inc_FP32_ALU_col1_roundingAdder_add_274_18_spec1_g518/Y -       B->Y    F     AND2x4_ASAP7_75t_SL            3  3.2    13    21    1450    (-,-) 
  inc_FP32_ALU_col1_roundingAdder_add_274_18_spec1_g506/Y -       B->Y    R     NAND2x1p5_ASAP7_75t_SL         2  2.3    24    13    1463    (-,-) 
  inc_FP32_ALU_col1_roundingAdder_add_274_18_spec1_g495/Y -       B->Y    F     NOR2x1p5_ASAP7_75t_SL          2  2.3    26    13    1476    (-,-) 
  inc_FP32_ALU_col1_roundingAdder_add_274_18_spec1_g487/Y -       A->Y    R     NAND2x1p5_ASAP7_75t_SL         3  3.5    36    21    1498    (-,-) 
  inc_FP32_ALU_col1_roundingAdder_add_274_18_spec1_g481/Y -       B->Y    F     NOR2x1p5_ASAP7_75t_SL          2  2.4    27    15    1512    (-,-) 
  inc_FP32_ALU_col1_roundingAdder_add_274_18_spec1_g478/Y -       B->Y    R     NAND2x1p5_ASAP7_75t_SL         2  1.9    33    15    1527    (-,-) 
  inc_FP32_ALU_col1_roundingAdder_add_274_18_spec1_g475/Y -       B->Y    F     NOR2x1_ASAP7_75t_SL            2  1.6    27    16    1543    (-,-) 
  inc_FP32_ALU_col1_roundingAdder_add_274_18_spec1_g473/Y -       B->Y    F     AND2x2_ASAP7_75t_SL            2  1.6    14    24    1567    (-,-) 
  inc_FP32_ALU_col1_roundingAdder_add_274_18_spec1_g472/Y -       A->Y    R     INVx1_ASAP7_75t_L              2  2.0    27    18    1584    (-,-) 
  inc_FP32_ALU_col1_roundingAdder_add_274_18_spec1_g469/Y -       B->Y    R     XNOR2xp5_ASAP7_75t_SL          1  0.8    37    19    1603    (-,-) 
  g29249/Y                                                -       A2->Y   F     AOI21xp5_ASAP7_75t_L           2  1.5    33    21    1625    (-,-) 
  g29242/Y                                                -       A->Y    F     OR2x2_ASAP7_75t_SL             1  0.6    12    23    1648    (-,-) 
  g29240/Y                                                -       A->Y    R     NOR2xp33_ASAP7_75t_SL          1  1.4    50    23    1671    (-,-) 
  g29231/Y                                                -       A1->Y   F     AOI21x1_ASAP7_75t_SL          10  7.2    65    35    1706    (-,-) 
  g29220/Y                                                -       B->Y    F     AND2x2_ASAP7_75t_SL            1  0.9    14    29    1735    (-,-) 
  PIPE_OUT_col1_stage_reg_reg[0][28]/D                    -       -       F     ASYNC_DFFHx1_ASAP7_75t_SL      1    -     -     0    1735    (-,-) 
#--------------------------------------------------------------------------------------------------------------------------------------------------



Path 49: MET (149 ps) Setup Check with Pin PIPE_OUT_col1_stage_reg_reg[0][27]/CLK->D
           View: PVT_0P63V_100C.setup_view
          Group: clk
     Startpoint: (R) PIPE_3_fix2float_col1_stage_reg_reg[0][28]/CLK
          Clock: (R) clk
       Endpoint: (F) PIPE_OUT_col1_stage_reg_reg[0][27]/D
          Clock: (R) clk

                     Capture       Launch     
        Clock Edge:+    2000            0     
       Src Latency:+       0            0     
       Net Latency:+       0 (I)        0 (I) 
           Arrival:=    2000            0     
                                              
             Setup:-      16                  
       Uncertainty:-     100                  
     Required Time:=    1884                  
      Launch Clock:-       0                  
         Data Path:-    1735                  
             Slack:=     149                  

#--------------------------------------------------------------------------------------------------------------------------------------------------
#                      Timing Point                       Flags    Arc    Edge           Cell             Fanout Load Trans Delay Arrival Instance 
#                                                                                                                (fF)  (ps)  (ps)   (ps)  Location 
#--------------------------------------------------------------------------------------------------------------------------------------------------
  PIPE_3_fix2float_col1_stage_reg_reg[0][28]/CLK          -       -       R     (arrival)                   1073    -     0     0       0    (-,-) 
  PIPE_3_fix2float_col1_stage_reg_reg[0][28]/QN           -       CLK->QN R     ASYNC_DFFHx1_ASAP7_75t_SL      4  3.6    52    64      64    (-,-) 
  g47087/Y                                                -       A->Y    F     INVxp67_ASAP7_75t_SL           2  1.5    30    18      82    (-,-) 
  g47028/Y                                                -       C->Y    F     AO221x1_ASAP7_75t_SL           4  3.9    40    44     126    (-,-) 
  g46945/Y                                                -       B->Y    R     NOR2x1p5_ASAP7_75t_SL          2  1.7    26    15     141    (-,-) 
  g46728/Y                                                -       A2->Y   F     OAI21xp5_ASAP7_75t_SL          1  0.8    26    13     154    (-,-) 
  g46711/Y                                                -       A->Y    R     NAND2xp5_ASAP7_75t_SL          1  1.2    29    19     173    (-,-) 
  g46649/Y                                                -       B->Y    F     AOI211x1_ASAP7_75t_SL          2  2.0    47    18     190    (-,-) 
  g46609__9315/Y                                          -       C->Y    F     OA221x2_ASAP7_75t_SL           8  6.5    36    46     236    (-,-) 
  g46587/Y                                                -       A->Y    F     BUFx12f_ASAP7_75t_SL          14 11.9    16    25     261    (-,-) 
  g46506__4733/Y                                          -       B2->Y   R     OAI22xp5_ASAP7_75t_SL          2  1.6    46    23     284    (-,-) 
  g46353__2802/Y                                          -       B->Y    F     NOR2xp67_ASAP7_75t_SL          1  0.8    23    15     300    (-,-) 
  g46317__2802/Y                                          -       B->Y    F     AND2x2_ASAP7_75t_SL            2  2.5    17    25     324    (-,-) 
  g46303__7410/Y                                          -       B->Y    R     NAND2x1p5_ASAP7_75t_SL         2  2.1    23    14     338    (-,-) 
  g46208__4319/Y                                          -       A2->Y   F     AOI21x1_ASAP7_75t_SL           1  1.3    22    10     348    (-,-) 
  g46203__6417/Y                                          -       A->Y    F     AND2x6_ASAP7_75t_SL           22 17.0    29    36     384    (-,-) 
  g46159__7482/Y                                          -       A->Y    R     NAND2x2_ASAP7_75t_SL          12  9.2    58    34     417    (-,-) 
  g46145/Y                                                -       A->Y    F     INVx1_ASAP7_75t_SL             2  2.5    34    20     437    (-,-) 
  g46038__1881/Y                                          -       B1->Y   R     AOI22x1_ASAP7_75t_SL           2  1.5    39    19     456    (-,-) 
  g45935__9315/Y                                          -       B2->Y   R     OA22x2_ASAP7_75t_SL            2  1.6    16    24     480    (-,-) 
  g45928/Y                                                -       A->Y    F     INVx1_ASAP7_75t_L              1  0.7    11     9     489    (-,-) 
  g45888__1617/Y                                          -       A2->Y   F     AO22x1_ASAP7_75t_SL            2  2.0    24    29     518    (-,-) 
  g45823__4319/Y                                          -       B1->Y   R     AOI22x1_ASAP7_75t_SL           1  1.3    32    17     535    (-,-) 
  g45771__2802/Y                                          -       B->Y    R     XOR2xp5_ASAP7_75t_SL           2  2.0    55    34     569    (-,-) 
  addinc_FP32_ALU_col1_fracAdder_add_113_18_g1294/Y       -       B->Y    F     NOR2x1_ASAP7_75t_SL            3  2.5    43    23     591    (-,-) 
  addinc_FP32_ALU_col1_fracAdder_add_113_18_g1214/Y       -       B->Y    R     NOR2x1_ASAP7_75t_SL            3  2.1    35    20     611    (-,-) 
  addinc_FP32_ALU_col1_fracAdder_add_113_18_g1135/Y       -       A->Y    R     AND2x2_ASAP7_75t_SL            2  2.5    20    23     634    (-,-) 
  addinc_FP32_ALU_col1_fracAdder_add_113_18_g1108/Y       -       A2->Y   F     AOI21x1_ASAP7_75t_SL           1  1.3    28    10     644    (-,-) 
  addinc_FP32_ALU_col1_fracAdder_add_113_18_g1091/Y       -       A->Y    F     AND2x4_ASAP7_75t_SL            3  4.3    15    26     670    (-,-) 
  addinc_FP32_ALU_col1_fracAdder_add_113_18_g1090/Y       -       A->Y    R     INVx4_ASAP7_75t_SL             7  6.6    21    13     683    (-,-) 
  addinc_FP32_ALU_col1_fracAdder_add_113_18_g1072/Y       -       A2->Y   F     AOI21x1_ASAP7_75t_SL           1  1.3    22    10     693    (-,-) 
  addinc_FP32_ALU_col1_fracAdder_add_113_18_g1056/Y       -       B->Y    R     XNOR2xp5_ASAP7_75t_SL          2  1.3    42    22     715    (-,-) 
  g48107/Y                                                -       C->Y    F     NOR3xp33_ASAP7_75t_SL          1  1.5    33    21     736    (-,-) 
  g48103/Y                                                -       C->Y    R     NAND3x1_ASAP7_75t_SL           1  1.3    36    25     761    (-,-) 
  g48101/Y                                                -       B->Y    F     NOR2x1_ASAP7_75t_SL            2  2.2    35    19     780    (-,-) 
  g48100/Y                                                -       A->Y    R     INVx2_ASAP7_75t_SL             1  1.6    18    12     792    (-,-) 
  g48099/Y                                                -       A->Y    F     NOR3x1_ASAP7_75t_SL            1  1.3    30    14     806    (-,-) 
  g48097/Y                                                -       A->Y    F     AND5x2_ASAP7_75t_SL            4  4.8    27    32     837    (-,-) 
  g48092/Y                                                -       A2->Y   R     AOI21x1_ASAP7_75t_SL           2  2.6    40    20     858    (-,-) 
  g30797/Y                                                -       B->Y    F     NAND4xp75_ASAP7_75t_SL         1  1.8    35    18     876    (-,-) 
  g30796/Y                                                -       B->Y    R     NOR2x1p5_ASAP7_75t_SL          2  2.2    28    16     893    (-,-) 
  g30795/Y                                                -       A->Y    F     INVx2_ASAP7_75t_SL             4  3.0    18    12     904    (-,-) 
  g30782/Y                                                -       A2->Y   R     OAI21xp5_ASAP7_75t_SL          1  1.4    38    21     925    (-,-) 
  g30778/Y                                                -       B->Y    F     AOI21x1_ASAP7_75t_SL           2  2.6    38    18     943    (-,-) 
  g48082/Y                                                -       B->Y    R     NAND4xp75_ASAP7_75t_SL         5  3.9    38    23     966    (-,-) 
  g48080/Y                                                -       B->Y    F     NOR2x1_ASAP7_75t_SL            3  3.1    36    23     989    (-,-) 
  g48079/Y                                                -       A2->Y   R     AOI21x1_ASAP7_75t_SL           2  2.7    40    22    1011    (-,-) 
  g48077/Y                                                -       A->Y    F     INVx2_ASAP7_75t_SL             1  0.9    14     7    1018    (-,-) 
  g48072/Y                                                -       A2->Y   F     OA21x2_ASAP7_75t_SL            3  2.0    16    25    1043    (-,-) 
  g48066/Y                                                -       B->Y    R     NAND2xp5_ASAP7_75t_SL          1  0.9    27    13    1056    (-,-) 
  g48064/Y                                                -       A1->Y   F     OAI21xp5_ASAP7_75t_SL          2  2.5    42    24    1080    (-,-) 
  g48062/Y                                                -       A2->Y   R     AOI21x1_ASAP7_75t_SL           1  1.8    34    19    1100    (-,-) 
  g48061/Y                                                -       A->Y    F     NOR2x1p5_ASAP7_75t_SL          2  2.4    24    16    1116    (-,-) 
  g48057/Y                                                -       B->Y    R     NAND2x1p5_ASAP7_75t_SL         3  2.9    28    18    1133    (-,-) 
  g48054/Y                                                -       A->Y    F     INVx2_ASAP7_75t_SL             1  0.9    11     6    1140    (-,-) 
  g48050/Y                                                -       B->Y    R     OAI21xp5_ASAP7_75t_SL          1  1.3    48    12    1152    (-,-) 
  g48045/Y                                                -       B->Y    R     AND2x6_ASAP7_75t_SL           28 25.0    49    44    1196    (-,-) 
  g48037/Y                                                -       A->Y    F     INVx11_ASAP7_75t_SL           27 19.8    28    16    1213    (-,-) 
  g47979/Y                                                -       B1->Y   R     AOI22xp5_ASAP7_75t_SL          2  1.5    46    26    1238    (-,-) 
  g47928/Y                                                -       B2->Y   F     OAI22xp5_ASAP7_75t_L           2  1.4    34    23    1261    (-,-) 
  g47914/Y                                                -       A1->Y   R     AOI22xp5_ASAP7_75t_SL          2  1.7    50    26    1288    (-,-) 
  g47907/Y                                                -       A->Y    F     INVx1_ASAP7_75t_L              1  0.8    19    14    1301    (-,-) 
  g30513/Y                                                -       B1->Y   R     AOI22xp5_ASAP7_75t_SL          2  1.1    37    20    1322    (-,-) 
  g48181/Y                                                -       A->Y    F     INVxp33_ASAP7_75t_SRAM         2  1.3    59    50    1371    (-,-) 
  inc_FP32_ALU_col1_roundingAdder_add_274_18_spec1_g565/Y -       B->Y    F     AND2x2_ASAP7_75t_SL            2  1.5    15    30    1401    (-,-) 
  inc_FP32_ALU_col1_roundingAdder_add_274_18_spec1_g527/Y -       E->Y    F     AND5x1_ASAP7_75t_SL            2  1.8    19    28    1429    (-,-) 
  inc_FP32_ALU_col1_roundingAdder_add_274_18_spec1_g518/Y -       B->Y    F     AND2x4_ASAP7_75t_SL            3  3.2    13    21    1450    (-,-) 
  inc_FP32_ALU_col1_roundingAdder_add_274_18_spec1_g506/Y -       B->Y    R     NAND2x1p5_ASAP7_75t_SL         2  2.3    24    13    1463    (-,-) 
  inc_FP32_ALU_col1_roundingAdder_add_274_18_spec1_g495/Y -       B->Y    F     NOR2x1p5_ASAP7_75t_SL          2  2.3    26    13    1476    (-,-) 
  inc_FP32_ALU_col1_roundingAdder_add_274_18_spec1_g487/Y -       A->Y    R     NAND2x1p5_ASAP7_75t_SL         3  3.5    36    21    1498    (-,-) 
  inc_FP32_ALU_col1_roundingAdder_add_274_18_spec1_g481/Y -       B->Y    F     NOR2x1p5_ASAP7_75t_SL          2  2.4    27    15    1512    (-,-) 
  inc_FP32_ALU_col1_roundingAdder_add_274_18_spec1_g478/Y -       B->Y    R     NAND2x1p5_ASAP7_75t_SL         2  1.9    33    15    1527    (-,-) 
  inc_FP32_ALU_col1_roundingAdder_add_274_18_spec1_g475/Y -       B->Y    F     NOR2x1_ASAP7_75t_SL            2  1.6    27    16    1543    (-,-) 
  inc_FP32_ALU_col1_roundingAdder_add_274_18_spec1_g473/Y -       B->Y    F     AND2x2_ASAP7_75t_SL            2  1.6    14    24    1567    (-,-) 
  inc_FP32_ALU_col1_roundingAdder_add_274_18_spec1_g472/Y -       A->Y    R     INVx1_ASAP7_75t_L              2  2.0    27    18    1584    (-,-) 
  inc_FP32_ALU_col1_roundingAdder_add_274_18_spec1_g469/Y -       B->Y    R     XNOR2xp5_ASAP7_75t_SL          1  0.8    37    19    1603    (-,-) 
  g29249/Y                                                -       A2->Y   F     AOI21xp5_ASAP7_75t_L           2  1.5    33    21    1625    (-,-) 
  g29242/Y                                                -       A->Y    F     OR2x2_ASAP7_75t_SL             1  0.6    12    23    1648    (-,-) 
  g29240/Y                                                -       A->Y    R     NOR2xp33_ASAP7_75t_SL          1  1.4    50    23    1671    (-,-) 
  g29231/Y                                                -       A1->Y   F     AOI21x1_ASAP7_75t_SL          10  7.2    65    35    1706    (-,-) 
  g29223/Y                                                -       B->Y    F     AND2x2_ASAP7_75t_SL            1  0.9    14    29    1735    (-,-) 
  PIPE_OUT_col1_stage_reg_reg[0][27]/D                    -       -       F     ASYNC_DFFHx1_ASAP7_75t_SL      1    -     -     0    1735    (-,-) 
#--------------------------------------------------------------------------------------------------------------------------------------------------



Path 50: MET (149 ps) Setup Check with Pin PIPE_OUT_col1_stage_reg_reg[0][26]/CLK->D
           View: PVT_0P63V_100C.setup_view
          Group: clk
     Startpoint: (R) PIPE_3_fix2float_col1_stage_reg_reg[0][28]/CLK
          Clock: (R) clk
       Endpoint: (F) PIPE_OUT_col1_stage_reg_reg[0][26]/D
          Clock: (R) clk

                     Capture       Launch     
        Clock Edge:+    2000            0     
       Src Latency:+       0            0     
       Net Latency:+       0 (I)        0 (I) 
           Arrival:=    2000            0     
                                              
             Setup:-      16                  
       Uncertainty:-     100                  
     Required Time:=    1884                  
      Launch Clock:-       0                  
         Data Path:-    1735                  
             Slack:=     149                  

#--------------------------------------------------------------------------------------------------------------------------------------------------
#                      Timing Point                       Flags    Arc    Edge           Cell             Fanout Load Trans Delay Arrival Instance 
#                                                                                                                (fF)  (ps)  (ps)   (ps)  Location 
#--------------------------------------------------------------------------------------------------------------------------------------------------
  PIPE_3_fix2float_col1_stage_reg_reg[0][28]/CLK          -       -       R     (arrival)                   1073    -     0     0       0    (-,-) 
  PIPE_3_fix2float_col1_stage_reg_reg[0][28]/QN           -       CLK->QN R     ASYNC_DFFHx1_ASAP7_75t_SL      4  3.6    52    64      64    (-,-) 
  g47087/Y                                                -       A->Y    F     INVxp67_ASAP7_75t_SL           2  1.5    30    18      82    (-,-) 
  g47028/Y                                                -       C->Y    F     AO221x1_ASAP7_75t_SL           4  3.9    40    44     126    (-,-) 
  g46945/Y                                                -       B->Y    R     NOR2x1p5_ASAP7_75t_SL          2  1.7    26    15     141    (-,-) 
  g46728/Y                                                -       A2->Y   F     OAI21xp5_ASAP7_75t_SL          1  0.8    26    13     154    (-,-) 
  g46711/Y                                                -       A->Y    R     NAND2xp5_ASAP7_75t_SL          1  1.2    29    19     173    (-,-) 
  g46649/Y                                                -       B->Y    F     AOI211x1_ASAP7_75t_SL          2  2.0    47    18     190    (-,-) 
  g46609__9315/Y                                          -       C->Y    F     OA221x2_ASAP7_75t_SL           8  6.5    36    46     236    (-,-) 
  g46587/Y                                                -       A->Y    F     BUFx12f_ASAP7_75t_SL          14 11.9    16    25     261    (-,-) 
  g46506__4733/Y                                          -       B2->Y   R     OAI22xp5_ASAP7_75t_SL          2  1.6    46    23     284    (-,-) 
  g46353__2802/Y                                          -       B->Y    F     NOR2xp67_ASAP7_75t_SL          1  0.8    23    15     300    (-,-) 
  g46317__2802/Y                                          -       B->Y    F     AND2x2_ASAP7_75t_SL            2  2.5    17    25     324    (-,-) 
  g46303__7410/Y                                          -       B->Y    R     NAND2x1p5_ASAP7_75t_SL         2  2.1    23    14     338    (-,-) 
  g46208__4319/Y                                          -       A2->Y   F     AOI21x1_ASAP7_75t_SL           1  1.3    22    10     348    (-,-) 
  g46203__6417/Y                                          -       A->Y    F     AND2x6_ASAP7_75t_SL           22 17.0    29    36     384    (-,-) 
  g46159__7482/Y                                          -       A->Y    R     NAND2x2_ASAP7_75t_SL          12  9.2    58    34     417    (-,-) 
  g46145/Y                                                -       A->Y    F     INVx1_ASAP7_75t_SL             2  2.5    34    20     437    (-,-) 
  g46038__1881/Y                                          -       B1->Y   R     AOI22x1_ASAP7_75t_SL           2  1.5    39    19     456    (-,-) 
  g45935__9315/Y                                          -       B2->Y   R     OA22x2_ASAP7_75t_SL            2  1.6    16    24     480    (-,-) 
  g45928/Y                                                -       A->Y    F     INVx1_ASAP7_75t_L              1  0.7    11     9     489    (-,-) 
  g45888__1617/Y                                          -       A2->Y   F     AO22x1_ASAP7_75t_SL            2  2.0    24    29     518    (-,-) 
  g45823__4319/Y                                          -       B1->Y   R     AOI22x1_ASAP7_75t_SL           1  1.3    32    17     535    (-,-) 
  g45771__2802/Y                                          -       B->Y    R     XOR2xp5_ASAP7_75t_SL           2  2.0    55    34     569    (-,-) 
  addinc_FP32_ALU_col1_fracAdder_add_113_18_g1294/Y       -       B->Y    F     NOR2x1_ASAP7_75t_SL            3  2.5    43    23     591    (-,-) 
  addinc_FP32_ALU_col1_fracAdder_add_113_18_g1214/Y       -       B->Y    R     NOR2x1_ASAP7_75t_SL            3  2.1    35    20     611    (-,-) 
  addinc_FP32_ALU_col1_fracAdder_add_113_18_g1135/Y       -       A->Y    R     AND2x2_ASAP7_75t_SL            2  2.5    20    23     634    (-,-) 
  addinc_FP32_ALU_col1_fracAdder_add_113_18_g1108/Y       -       A2->Y   F     AOI21x1_ASAP7_75t_SL           1  1.3    28    10     644    (-,-) 
  addinc_FP32_ALU_col1_fracAdder_add_113_18_g1091/Y       -       A->Y    F     AND2x4_ASAP7_75t_SL            3  4.3    15    26     670    (-,-) 
  addinc_FP32_ALU_col1_fracAdder_add_113_18_g1090/Y       -       A->Y    R     INVx4_ASAP7_75t_SL             7  6.6    21    13     683    (-,-) 
  addinc_FP32_ALU_col1_fracAdder_add_113_18_g1072/Y       -       A2->Y   F     AOI21x1_ASAP7_75t_SL           1  1.3    22    10     693    (-,-) 
  addinc_FP32_ALU_col1_fracAdder_add_113_18_g1056/Y       -       B->Y    R     XNOR2xp5_ASAP7_75t_SL          2  1.3    42    22     715    (-,-) 
  g48107/Y                                                -       C->Y    F     NOR3xp33_ASAP7_75t_SL          1  1.5    33    21     736    (-,-) 
  g48103/Y                                                -       C->Y    R     NAND3x1_ASAP7_75t_SL           1  1.3    36    25     761    (-,-) 
  g48101/Y                                                -       B->Y    F     NOR2x1_ASAP7_75t_SL            2  2.2    35    19     780    (-,-) 
  g48100/Y                                                -       A->Y    R     INVx2_ASAP7_75t_SL             1  1.6    18    12     792    (-,-) 
  g48099/Y                                                -       A->Y    F     NOR3x1_ASAP7_75t_SL            1  1.3    30    14     806    (-,-) 
  g48097/Y                                                -       A->Y    F     AND5x2_ASAP7_75t_SL            4  4.8    27    32     837    (-,-) 
  g48092/Y                                                -       A2->Y   R     AOI21x1_ASAP7_75t_SL           2  2.6    40    20     858    (-,-) 
  g30797/Y                                                -       B->Y    F     NAND4xp75_ASAP7_75t_SL         1  1.8    35    18     876    (-,-) 
  g30796/Y                                                -       B->Y    R     NOR2x1p5_ASAP7_75t_SL          2  2.2    28    16     893    (-,-) 
  g30795/Y                                                -       A->Y    F     INVx2_ASAP7_75t_SL             4  3.0    18    12     904    (-,-) 
  g30782/Y                                                -       A2->Y   R     OAI21xp5_ASAP7_75t_SL          1  1.4    38    21     925    (-,-) 
  g30778/Y                                                -       B->Y    F     AOI21x1_ASAP7_75t_SL           2  2.6    38    18     943    (-,-) 
  g48082/Y                                                -       B->Y    R     NAND4xp75_ASAP7_75t_SL         5  3.9    38    23     966    (-,-) 
  g48080/Y                                                -       B->Y    F     NOR2x1_ASAP7_75t_SL            3  3.1    36    23     989    (-,-) 
  g48079/Y                                                -       A2->Y   R     AOI21x1_ASAP7_75t_SL           2  2.7    40    22    1011    (-,-) 
  g48077/Y                                                -       A->Y    F     INVx2_ASAP7_75t_SL             1  0.9    14     7    1018    (-,-) 
  g48072/Y                                                -       A2->Y   F     OA21x2_ASAP7_75t_SL            3  2.0    16    25    1043    (-,-) 
  g48066/Y                                                -       B->Y    R     NAND2xp5_ASAP7_75t_SL          1  0.9    27    13    1056    (-,-) 
  g48064/Y                                                -       A1->Y   F     OAI21xp5_ASAP7_75t_SL          2  2.5    42    24    1080    (-,-) 
  g48062/Y                                                -       A2->Y   R     AOI21x1_ASAP7_75t_SL           1  1.8    34    19    1100    (-,-) 
  g48061/Y                                                -       A->Y    F     NOR2x1p5_ASAP7_75t_SL          2  2.4    24    16    1116    (-,-) 
  g48057/Y                                                -       B->Y    R     NAND2x1p5_ASAP7_75t_SL         3  2.9    28    18    1133    (-,-) 
  g48054/Y                                                -       A->Y    F     INVx2_ASAP7_75t_SL             1  0.9    11     6    1140    (-,-) 
  g48050/Y                                                -       B->Y    R     OAI21xp5_ASAP7_75t_SL          1  1.3    48    12    1152    (-,-) 
  g48045/Y                                                -       B->Y    R     AND2x6_ASAP7_75t_SL           28 25.0    49    44    1196    (-,-) 
  g48037/Y                                                -       A->Y    F     INVx11_ASAP7_75t_SL           27 19.8    28    16    1213    (-,-) 
  g47979/Y                                                -       B1->Y   R     AOI22xp5_ASAP7_75t_SL          2  1.5    46    26    1238    (-,-) 
  g47928/Y                                                -       B2->Y   F     OAI22xp5_ASAP7_75t_L           2  1.4    34    23    1261    (-,-) 
  g47914/Y                                                -       A1->Y   R     AOI22xp5_ASAP7_75t_SL          2  1.7    50    26    1288    (-,-) 
  g47907/Y                                                -       A->Y    F     INVx1_ASAP7_75t_L              1  0.8    19    14    1301    (-,-) 
  g30513/Y                                                -       B1->Y   R     AOI22xp5_ASAP7_75t_SL          2  1.1    37    20    1322    (-,-) 
  g48181/Y                                                -       A->Y    F     INVxp33_ASAP7_75t_SRAM         2  1.3    59    50    1371    (-,-) 
  inc_FP32_ALU_col1_roundingAdder_add_274_18_spec1_g565/Y -       B->Y    F     AND2x2_ASAP7_75t_SL            2  1.5    15    30    1401    (-,-) 
  inc_FP32_ALU_col1_roundingAdder_add_274_18_spec1_g527/Y -       E->Y    F     AND5x1_ASAP7_75t_SL            2  1.8    19    28    1429    (-,-) 
  inc_FP32_ALU_col1_roundingAdder_add_274_18_spec1_g518/Y -       B->Y    F     AND2x4_ASAP7_75t_SL            3  3.2    13    21    1450    (-,-) 
  inc_FP32_ALU_col1_roundingAdder_add_274_18_spec1_g506/Y -       B->Y    R     NAND2x1p5_ASAP7_75t_SL         2  2.3    24    13    1463    (-,-) 
  inc_FP32_ALU_col1_roundingAdder_add_274_18_spec1_g495/Y -       B->Y    F     NOR2x1p5_ASAP7_75t_SL          2  2.3    26    13    1476    (-,-) 
  inc_FP32_ALU_col1_roundingAdder_add_274_18_spec1_g487/Y -       A->Y    R     NAND2x1p5_ASAP7_75t_SL         3  3.5    36    21    1498    (-,-) 
  inc_FP32_ALU_col1_roundingAdder_add_274_18_spec1_g481/Y -       B->Y    F     NOR2x1p5_ASAP7_75t_SL          2  2.4    27    15    1512    (-,-) 
  inc_FP32_ALU_col1_roundingAdder_add_274_18_spec1_g478/Y -       B->Y    R     NAND2x1p5_ASAP7_75t_SL         2  1.9    33    15    1527    (-,-) 
  inc_FP32_ALU_col1_roundingAdder_add_274_18_spec1_g475/Y -       B->Y    F     NOR2x1_ASAP7_75t_SL            2  1.6    27    16    1543    (-,-) 
  inc_FP32_ALU_col1_roundingAdder_add_274_18_spec1_g473/Y -       B->Y    F     AND2x2_ASAP7_75t_SL            2  1.6    14    24    1567    (-,-) 
  inc_FP32_ALU_col1_roundingAdder_add_274_18_spec1_g472/Y -       A->Y    R     INVx1_ASAP7_75t_L              2  2.0    27    18    1584    (-,-) 
  inc_FP32_ALU_col1_roundingAdder_add_274_18_spec1_g469/Y -       B->Y    R     XNOR2xp5_ASAP7_75t_SL          1  0.8    37    19    1603    (-,-) 
  g29249/Y                                                -       A2->Y   F     AOI21xp5_ASAP7_75t_L           2  1.5    33    21    1625    (-,-) 
  g29242/Y                                                -       A->Y    F     OR2x2_ASAP7_75t_SL             1  0.6    12    23    1648    (-,-) 
  g29240/Y                                                -       A->Y    R     NOR2xp33_ASAP7_75t_SL          1  1.4    50    23    1671    (-,-) 
  g29231/Y                                                -       A1->Y   F     AOI21x1_ASAP7_75t_SL          10  7.2    65    35    1706    (-,-) 
  g29219/Y                                                -       B->Y    F     AND2x2_ASAP7_75t_SL            1  0.9    14    29    1735    (-,-) 
  PIPE_OUT_col1_stage_reg_reg[0][26]/D                    -       -       F     ASYNC_DFFHx1_ASAP7_75t_SL      1    -     -     0    1735    (-,-) 
#--------------------------------------------------------------------------------------------------------------------------------------------------

