============================================================
  Generated by:           Genus(TM) Synthesis Solution 21.17-s066_1
  Generated on:           Apr 03 2026  11:32:33 am
  Module:                 packed_mxfp_aitb_comp_wrapper
  Operating conditions:   PVT_0P63V_100C 
  Interconnect mode:      global
  Area mode:              physical library
============================================================


Path 1: VIOLATED (-524 ps) Setup Check with Pin u_packed_mxfp_aitb_comp_top_PIPE_OUT_col2_stage_reg_reg[0][15]/CLK->D
           View: PVT_0P63V_100C.setup_view
          Group: clk
     Startpoint: (R) u_packed_mxfp_aitb_comp_top_PIPE_OUT_col2_stage_reg_reg[0][11]/CLK
          Clock: (R) clk
       Endpoint: (F) u_packed_mxfp_aitb_comp_top_PIPE_OUT_col2_stage_reg_reg[0][15]/D
          Clock: (R) clk

                     Capture       Launch     
        Clock Edge:+    1000            0     
       Src Latency:+       0            0     
       Net Latency:+       0 (I)        0 (I) 
           Arrival:=    1000            0     
                                              
             Setup:-      18                  
       Uncertainty:-     100                  
     Required Time:=     882                  
      Launch Clock:-       0                  
         Data Path:-    1407                  
             Slack:=    -524                  

#------------------------------------------------------------------------------------------------------------------------------------------------------------------------
#                                 Timing Point                                  Flags    Arc    Edge           Cell             Fanout Load Trans Delay Arrival Instance 
#                                                                                                                                      (fF)  (ps)  (ps)   (ps)  Location 
#------------------------------------------------------------------------------------------------------------------------------------------------------------------------
  u_packed_mxfp_aitb_comp_top_PIPE_OUT_col2_stage_reg_reg[0][11]/CLK            -       -       R     (arrival)                   1219    -     0     0       0    (-,-) 
  u_packed_mxfp_aitb_comp_top_PIPE_OUT_col2_stage_reg_reg[0][11]/QN             -       CLK->QN R     ASYNC_DFFHx1_ASAP7_75t_SL      3  3.5    34    54      54    (-,-) 
  u_packed_mxfp_aitb_comp_top_g46137/Y                                          -       B1->Y   F     AOI22x1_ASAP7_75t_SL           3  2.4    59    16      70    (-,-) 
  u_packed_mxfp_aitb_comp_top_g45354/Y                                          -       B->Y    R     AOI31xp33_ASAP7_75t_SL         1  0.8    49    32     102    (-,-) 
  u_packed_mxfp_aitb_comp_top_g45320/Y                                          -       C->Y    F     O2A1O1Ixp5_ASAP7_75t_SL        1  0.8    30    16     118    (-,-) 
  u_packed_mxfp_aitb_comp_top_g45301/Y                                          -       B->Y    R     AOI21xp5_ASAP7_75t_SL          1  0.9    32    19     138    (-,-) 
  u_packed_mxfp_aitb_comp_top_g45186/Y                                          -       A1->Y   F     OAI21xp5_ASAP7_75t_SL          1  1.4    31    19     156    (-,-) 
  u_packed_mxfp_aitb_comp_top_g45184/Y                                          -       B->Y    R     AOI21x1_ASAP7_75t_SL           2  1.6    30    19     175    (-,-) 
  u_packed_mxfp_aitb_comp_top_g45162/Y                                          -       B->Y    R     OR2x2_ASAP7_75t_SL             1  1.3    14    22     197    (-,-) 
  u_packed_mxfp_aitb_comp_top_g45084/Y                                          -       A->Y    R     AND2x6_ASAP7_75t_SL           16 11.7    28    28     225    (-,-) 
  u_packed_mxfp_aitb_comp_top_g44863/Y                                          -       B2->Y   R     OA22x2_ASAP7_75t_SL            2  2.4    20    25     250    (-,-) 
  u_packed_mxfp_aitb_comp_top_g44773/Y                                          -       D->Y    F     NAND4xp75_ASAP7_75t_SL         2  1.6    29    16     266    (-,-) 
  u_packed_mxfp_aitb_comp_top_g44761/Y                                          -       A->Y    R     INVx1_ASAP7_75t_SL             1  1.6    25    16     282    (-,-) 
  u_packed_mxfp_aitb_comp_top_g44735/Y                                          -       A->Y    F     NAND3x1_ASAP7_75t_SL           1  1.8    22    12     294    (-,-) 
  u_packed_mxfp_aitb_comp_top_g44692/Y                                          -       A->Y    R     NOR4xp75_ASAP7_75t_SL          2  2.3    53    25     319    (-,-) 
  u_packed_mxfp_aitb_comp_top_g44686/Y                                          -       A->Y    F     INVx2_ASAP7_75t_SL             3  2.7    24    13     332    (-,-) 
  u_packed_mxfp_aitb_comp_top_g44496/Y                                          -       A2->Y   R     AOI21x1_ASAP7_75t_SL           3  2.4    34    19     351    (-,-) 
  u_packed_mxfp_aitb_comp_top_g44485/Y                                          -       A->Y    R     BUFx6f_ASAP7_75t_SL            8  5.8    16    21     372    (-,-) 
  u_packed_mxfp_aitb_comp_top_g44418/Y                                          -       A1->Y   F     OAI22xp5_ASAP7_75t_SL          2  2.0    56    20     392    (-,-) 
  u_packed_mxfp_aitb_comp_top_g46585/Y                                          -       C->Y    F     OR4x1_ASAP7_75t_SL             1  1.3    23    42     434    (-,-) 
  u_packed_mxfp_aitb_comp_top_g44271/Y                                          -       A->Y    R     NOR2x1_ASAP7_75t_SL            1  0.8    17    11     445    (-,-) 
  u_packed_mxfp_aitb_comp_top_g44206/Y                                          -       B2->Y   F     OAI22xp5_ASAP7_75t_SL          1  1.4    43    15     460    (-,-) 
  u_packed_mxfp_aitb_comp_top_g44149/Y                                          -       B->Y    R     AOI21x1_ASAP7_75t_SL           1  1.8    35    22     482    (-,-) 
  u_packed_mxfp_aitb_comp_top_g44091/Y                                          -       A->Y    F     NAND4xp75_ASAP7_75t_SL         2  2.4    40    20     502    (-,-) 
  u_packed_mxfp_aitb_comp_top_g44069/Y                                          -       A->Y    R     NOR2x1p5_ASAP7_75t_SL          2  1.8    36    14     516    (-,-) 
  u_packed_mxfp_aitb_comp_top_addinc_FP32_ALU_col2_fracAdder_add_113_18_g1569/Y -       A->Y    R     AND2x4_ASAP7_75t_SL            2  2.3    14    19     535    (-,-) 
  u_packed_mxfp_aitb_comp_top_addinc_FP32_ALU_col2_fracAdder_add_113_18_g1503/Y -       B->Y    F     NAND2x1p5_ASAP7_75t_SL         2  1.3    23     8     543    (-,-) 
  u_packed_mxfp_aitb_comp_top_addinc_FP32_ALU_col2_fracAdder_add_113_18_g1441/Y -       A3->Y   R     OAI321xp33_ASAP7_75t_SL        2  1.8    79    37     580    (-,-) 
  u_packed_mxfp_aitb_comp_top_addinc_FP32_ALU_col2_fracAdder_add_113_18_g1410/Y -       A->Y    F     NAND2x1_ASAP7_75t_SL           1  1.8    30    11     591    (-,-) 
  u_packed_mxfp_aitb_comp_top_addinc_FP32_ALU_col2_fracAdder_add_113_18_g1406/Y -       A->Y    R     NAND2x1p5_ASAP7_75t_SL         3  2.3    28    19     610    (-,-) 
  u_packed_mxfp_aitb_comp_top_addinc_FP32_ALU_col2_fracAdder_add_113_18_g1391/Y -       A->Y    F     NAND2xp5_ASAP7_75t_SL          1  1.3    24    13     624    (-,-) 
  u_packed_mxfp_aitb_comp_top_addinc_FP32_ALU_col2_fracAdder_add_113_18_g1378/Y -       B->Y    F     AND2x4_ASAP7_75t_SL           16 11.8    27    31     654    (-,-) 
  u_packed_mxfp_aitb_comp_top_addinc_FP32_ALU_col2_fracAdder_add_113_18_g1367/Y -       B->Y    F     XOR2xp5_ASAP7_75t_SL           1  1.5    34    25     679    (-,-) 
  u_packed_mxfp_aitb_comp_top_g42902/Y                                          -       A->Y    R     INVx2_ASAP7_75t_SL             2  1.3    17    11     690    (-,-) 
  u_packed_mxfp_aitb_comp_top_g42087/Y                                          -       A->Y    F     NAND3xp33_ASAP7_75t_SL         1  0.8    29    14     704    (-,-) 
  u_packed_mxfp_aitb_comp_top_g41901/Y                                          -       A->Y    R     NOR3xp33_ASAP7_75t_SL          1  1.3    52    28     732    (-,-) 
  u_packed_mxfp_aitb_comp_top_g41897/Y                                          -       C->Y    R     AND3x4_ASAP7_75t_SL            9  9.0    32    35     768    (-,-) 
  u_packed_mxfp_aitb_comp_top_g41873/Y                                          -       A2->Y   F     AOI21x1_ASAP7_75t_SL           2  1.3    28    11     778    (-,-) 
  u_packed_mxfp_aitb_comp_top_g41834/Y                                          -       B->Y    F     AND3x2_ASAP7_75t_SL            2  3.2    18    25     803    (-,-) 
  u_packed_mxfp_aitb_comp_top_g41826/Y                                          -       C->Y    R     NAND3x2_ASAP7_75t_SL           6  4.2    40    24     827    (-,-) 
  u_packed_mxfp_aitb_comp_top_g41803/Y                                          -       B->Y    R     OR2x2_ASAP7_75t_SL             1  1.2    13    23     850    (-,-) 
  u_packed_mxfp_aitb_comp_top_g41770/Y                                          -       D->Y    R     AND5x2_ASAP7_75t_SL            3  3.2    27    39     889    (-,-) 
  fopt124827/Y                                                                  -       A->Y    R     BUFx6f_ASAP7_75t_SL            4  3.6    12    19     908    (-,-) 
  fopt124825/Y                                                                  -       A->Y    F     INVx2_ASAP7_75t_SL             1  0.9     7     5     913    (-,-) 
  u_packed_mxfp_aitb_comp_top_g41764/Y                                          -       A1->Y   R     OAI21xp5_ASAP7_75t_SL          1  1.4    50    18     931    (-,-) 
  u_packed_mxfp_aitb_comp_top_g41727/Y                                          -       B->Y    F     AOI21x1_ASAP7_75t_SL           1  2.2    38    18     949    (-,-) 
  u_packed_mxfp_aitb_comp_top_g41721/Y                                          -       A->Y    R     NAND2x2_ASAP7_75t_SL           2  3.6    34    24     973    (-,-) 
  u_packed_mxfp_aitb_comp_top_g41719/Y                                          -       A->Y    F     INVx2_ASAP7_75t_SL             1  0.9    13     7     980    (-,-) 
  u_packed_mxfp_aitb_comp_top_g41707/Y                                          -       A1->Y   F     OA21x2_ASAP7_75t_SL            3  3.9    22    28    1008    (-,-) 
  fopt125215/Y                                                                  -       A->Y    R     INVx4_ASAP7_75t_SL             2  2.7    14    10    1017    (-,-) 
  u_packed_mxfp_aitb_comp_top_g41682/Y                                          -       B->Y    R     AND2x4_ASAP7_75t_SL            5  5.3    21    22    1039    (-,-) 
  fopt125223/Y                                                                  -       A->Y    F     INVx3_ASAP7_75t_SL             1  1.8    11     7    1046    (-,-) 
  u_packed_mxfp_aitb_comp_top_g41504/Y                                          -       B->Y    R     NAND2x1p5_ASAP7_75t_SL         1  1.3    23    10    1056    (-,-) 
  u_packed_mxfp_aitb_comp_top_g41349/Y                                          -       B->Y    R     AND2x4_ASAP7_75t_SL            2  2.5    14    20    1076    (-,-) 
  u_packed_mxfp_aitb_comp_top_g41224/Y                                          -       B->Y    R     XOR2x1_ASAP7_75t_SL            2  4.0    54    31    1108    (-,-) 
  u_packed_mxfp_aitb_comp_top_g41122/Y                                          -       B->Y    F     NOR2x1p5_ASAP7_75t_SL          2  2.6    35    17    1125    (-,-) 
  u_packed_mxfp_aitb_comp_top_g40913/Y                                          -       B->Y    R     AOI21x1_ASAP7_75t_SL           2  2.6    40    24    1149    (-,-) 
  u_packed_mxfp_aitb_comp_top_g40827/Y                                          -       A1->Y   F     OAI21xp5_ASAP7_75t_SL          2  2.4    44    26    1175    (-,-) 
  u_packed_mxfp_aitb_comp_top_g40773/Y                                          -       B->Y    F     XOR2xp5_ASAP7_75t_SL           2  1.3    39    26    1201    (-,-) 
  u_packed_mxfp_aitb_comp_top_g40741/Y                                          -       B->Y    F     OR2x2_ASAP7_75t_SL             2  2.2    18    30    1231    (-,-) 
  fopt125048/Y                                                                  -       A->Y    R     INVx2_ASAP7_75t_SL             2  1.5    13     9    1240    (-,-) 
  u_packed_mxfp_aitb_comp_top_g40670/Y                                          -       C->Y    F     NAND3xp33_ASAP7_75t_SL         1  1.3    34    18    1258    (-,-) 
  u_packed_mxfp_aitb_comp_top_g40585/Y                                          -       A->Y    R     NOR2x1_ASAP7_75t_SL            1  0.8    23    12    1269    (-,-) 
  u_packed_mxfp_aitb_comp_top_g40551/Y                                          -       A->Y    F     NAND2xp5_ASAP7_75t_SL          1  1.3    26    13    1282    (-,-) 
  u_packed_mxfp_aitb_comp_top_g40527/Y                                          -       B->Y    F     XNOR2xp5_ASAP7_75t_SL          2  1.3    31    26    1309    (-,-) 
  u_packed_mxfp_aitb_comp_top_g40513/Y                                          -       B->Y    R     NAND3xp33_ASAP7_75t_SL         1  0.9    31    18    1327    (-,-) 
  u_packed_mxfp_aitb_comp_top_g40510/Y                                          -       A2->Y   F     OAI21xp5_ASAP7_75t_SL          1  1.3    36    17    1344    (-,-) 
  u_packed_mxfp_aitb_comp_top_g40509/Y                                          -       B->Y    F     AND2x4_ASAP7_75t_SL            9 10.1    28    32    1376    (-,-) 
  u_packed_mxfp_aitb_comp_top_g40508/Y                                          -       A->Y    R     INVx8_ASAP7_75t_SL            23 15.3    28    18    1394    (-,-) 
  u_packed_mxfp_aitb_comp_top_g40487/Y                                          -       B->Y    F     OAI21xp5_ASAP7_75t_SL          1  0.9    27    13    1406    (-,-) 
  u_packed_mxfp_aitb_comp_top_PIPE_OUT_col2_stage_reg_reg[0][15]/D              -       -       F     ASYNC_DFFHx1_ASAP7_75t_SL      1    -     -     0    1407    (-,-) 
#------------------------------------------------------------------------------------------------------------------------------------------------------------------------



Path 2: VIOLATED (-524 ps) Setup Check with Pin u_packed_mxfp_aitb_comp_top_PIPE_OUT_col2_stage_reg_reg[0][19]/CLK->D
           View: PVT_0P63V_100C.setup_view
          Group: clk
     Startpoint: (R) u_packed_mxfp_aitb_comp_top_PIPE_OUT_col2_stage_reg_reg[0][11]/CLK
          Clock: (R) clk
       Endpoint: (F) u_packed_mxfp_aitb_comp_top_PIPE_OUT_col2_stage_reg_reg[0][19]/D
          Clock: (R) clk

                     Capture       Launch     
        Clock Edge:+    1000            0     
       Src Latency:+       0            0     
       Net Latency:+       0 (I)        0 (I) 
           Arrival:=    1000            0     
                                              
             Setup:-      17                  
       Uncertainty:-     100                  
     Required Time:=     883                  
      Launch Clock:-       0                  
         Data Path:-    1407                  
             Slack:=    -524                  

#------------------------------------------------------------------------------------------------------------------------------------------------------------------------
#                                 Timing Point                                  Flags    Arc    Edge           Cell             Fanout Load Trans Delay Arrival Instance 
#                                                                                                                                      (fF)  (ps)  (ps)   (ps)  Location 
#------------------------------------------------------------------------------------------------------------------------------------------------------------------------
  u_packed_mxfp_aitb_comp_top_PIPE_OUT_col2_stage_reg_reg[0][11]/CLK            -       -       R     (arrival)                   1219    -     0     0       0    (-,-) 
  u_packed_mxfp_aitb_comp_top_PIPE_OUT_col2_stage_reg_reg[0][11]/QN             -       CLK->QN R     ASYNC_DFFHx1_ASAP7_75t_SL      3  3.5    34    54      54    (-,-) 
  u_packed_mxfp_aitb_comp_top_g46137/Y                                          -       B1->Y   F     AOI22x1_ASAP7_75t_SL           3  2.4    59    16      70    (-,-) 
  u_packed_mxfp_aitb_comp_top_g45354/Y                                          -       B->Y    R     AOI31xp33_ASAP7_75t_SL         1  0.8    49    32     102    (-,-) 
  u_packed_mxfp_aitb_comp_top_g45320/Y                                          -       C->Y    F     O2A1O1Ixp5_ASAP7_75t_SL        1  0.8    30    16     118    (-,-) 
  u_packed_mxfp_aitb_comp_top_g45301/Y                                          -       B->Y    R     AOI21xp5_ASAP7_75t_SL          1  0.9    32    19     138    (-,-) 
  u_packed_mxfp_aitb_comp_top_g45186/Y                                          -       A1->Y   F     OAI21xp5_ASAP7_75t_SL          1  1.4    31    19     156    (-,-) 
  u_packed_mxfp_aitb_comp_top_g45184/Y                                          -       B->Y    R     AOI21x1_ASAP7_75t_SL           2  1.6    30    19     175    (-,-) 
  u_packed_mxfp_aitb_comp_top_g45162/Y                                          -       B->Y    R     OR2x2_ASAP7_75t_SL             1  1.3    14    22     197    (-,-) 
  u_packed_mxfp_aitb_comp_top_g45084/Y                                          -       A->Y    R     AND2x6_ASAP7_75t_SL           16 11.7    28    28     225    (-,-) 
  u_packed_mxfp_aitb_comp_top_g44863/Y                                          -       B2->Y   R     OA22x2_ASAP7_75t_SL            2  2.4    20    25     250    (-,-) 
  u_packed_mxfp_aitb_comp_top_g44773/Y                                          -       D->Y    F     NAND4xp75_ASAP7_75t_SL         2  1.6    29    16     266    (-,-) 
  u_packed_mxfp_aitb_comp_top_g44761/Y                                          -       A->Y    R     INVx1_ASAP7_75t_SL             1  1.6    25    16     282    (-,-) 
  u_packed_mxfp_aitb_comp_top_g44735/Y                                          -       A->Y    F     NAND3x1_ASAP7_75t_SL           1  1.8    22    12     294    (-,-) 
  u_packed_mxfp_aitb_comp_top_g44692/Y                                          -       A->Y    R     NOR4xp75_ASAP7_75t_SL          2  2.3    53    25     319    (-,-) 
  u_packed_mxfp_aitb_comp_top_g44686/Y                                          -       A->Y    F     INVx2_ASAP7_75t_SL             3  2.7    24    13     332    (-,-) 
  u_packed_mxfp_aitb_comp_top_g44496/Y                                          -       A2->Y   R     AOI21x1_ASAP7_75t_SL           3  2.4    34    19     351    (-,-) 
  u_packed_mxfp_aitb_comp_top_g44485/Y                                          -       A->Y    R     BUFx6f_ASAP7_75t_SL            8  5.8    16    21     372    (-,-) 
  u_packed_mxfp_aitb_comp_top_g44418/Y                                          -       A1->Y   F     OAI22xp5_ASAP7_75t_SL          2  2.0    56    20     392    (-,-) 
  u_packed_mxfp_aitb_comp_top_g46585/Y                                          -       C->Y    F     OR4x1_ASAP7_75t_SL             1  1.3    23    42     434    (-,-) 
  u_packed_mxfp_aitb_comp_top_g44271/Y                                          -       A->Y    R     NOR2x1_ASAP7_75t_SL            1  0.8    17    11     445    (-,-) 
  u_packed_mxfp_aitb_comp_top_g44206/Y                                          -       B2->Y   F     OAI22xp5_ASAP7_75t_SL          1  1.4    43    15     460    (-,-) 
  u_packed_mxfp_aitb_comp_top_g44149/Y                                          -       B->Y    R     AOI21x1_ASAP7_75t_SL           1  1.8    35    22     482    (-,-) 
  u_packed_mxfp_aitb_comp_top_g44091/Y                                          -       A->Y    F     NAND4xp75_ASAP7_75t_SL         2  2.4    40    20     502    (-,-) 
  u_packed_mxfp_aitb_comp_top_g44069/Y                                          -       A->Y    R     NOR2x1p5_ASAP7_75t_SL          2  1.8    36    14     516    (-,-) 
  u_packed_mxfp_aitb_comp_top_addinc_FP32_ALU_col2_fracAdder_add_113_18_g1569/Y -       A->Y    R     AND2x4_ASAP7_75t_SL            2  2.3    14    19     535    (-,-) 
  u_packed_mxfp_aitb_comp_top_addinc_FP32_ALU_col2_fracAdder_add_113_18_g1503/Y -       B->Y    F     NAND2x1p5_ASAP7_75t_SL         2  1.3    23     8     543    (-,-) 
  u_packed_mxfp_aitb_comp_top_addinc_FP32_ALU_col2_fracAdder_add_113_18_g1441/Y -       A3->Y   R     OAI321xp33_ASAP7_75t_SL        2  1.8    79    37     580    (-,-) 
  u_packed_mxfp_aitb_comp_top_addinc_FP32_ALU_col2_fracAdder_add_113_18_g1410/Y -       A->Y    F     NAND2x1_ASAP7_75t_SL           1  1.8    30    11     591    (-,-) 
  u_packed_mxfp_aitb_comp_top_addinc_FP32_ALU_col2_fracAdder_add_113_18_g1406/Y -       A->Y    R     NAND2x1p5_ASAP7_75t_SL         3  2.3    28    19     610    (-,-) 
  u_packed_mxfp_aitb_comp_top_addinc_FP32_ALU_col2_fracAdder_add_113_18_g1391/Y -       A->Y    F     NAND2xp5_ASAP7_75t_SL          1  1.3    24    13     624    (-,-) 
  u_packed_mxfp_aitb_comp_top_addinc_FP32_ALU_col2_fracAdder_add_113_18_g1378/Y -       B->Y    F     AND2x4_ASAP7_75t_SL           16 11.8    27    31     654    (-,-) 
  u_packed_mxfp_aitb_comp_top_addinc_FP32_ALU_col2_fracAdder_add_113_18_g1367/Y -       B->Y    F     XOR2xp5_ASAP7_75t_SL           1  1.5    34    25     679    (-,-) 
  u_packed_mxfp_aitb_comp_top_g42902/Y                                          -       A->Y    R     INVx2_ASAP7_75t_SL             2  1.3    17    11     690    (-,-) 
  u_packed_mxfp_aitb_comp_top_g42087/Y                                          -       A->Y    F     NAND3xp33_ASAP7_75t_SL         1  0.8    29    14     704    (-,-) 
  u_packed_mxfp_aitb_comp_top_g41901/Y                                          -       A->Y    R     NOR3xp33_ASAP7_75t_SL          1  1.3    52    28     732    (-,-) 
  u_packed_mxfp_aitb_comp_top_g41897/Y                                          -       C->Y    R     AND3x4_ASAP7_75t_SL            9  9.0    32    35     768    (-,-) 
  u_packed_mxfp_aitb_comp_top_g41873/Y                                          -       A2->Y   F     AOI21x1_ASAP7_75t_SL           2  1.3    28    11     778    (-,-) 
  u_packed_mxfp_aitb_comp_top_g41834/Y                                          -       B->Y    F     AND3x2_ASAP7_75t_SL            2  3.2    18    25     803    (-,-) 
  u_packed_mxfp_aitb_comp_top_g41826/Y                                          -       C->Y    R     NAND3x2_ASAP7_75t_SL           6  4.2    40    24     827    (-,-) 
  u_packed_mxfp_aitb_comp_top_g41803/Y                                          -       B->Y    R     OR2x2_ASAP7_75t_SL             1  1.2    13    23     850    (-,-) 
  u_packed_mxfp_aitb_comp_top_g41770/Y                                          -       D->Y    R     AND5x2_ASAP7_75t_SL            3  3.2    27    39     889    (-,-) 
  fopt124827/Y                                                                  -       A->Y    R     BUFx6f_ASAP7_75t_SL            4  3.6    12    19     908    (-,-) 
  fopt124825/Y                                                                  -       A->Y    F     INVx2_ASAP7_75t_SL             1  0.9     7     5     913    (-,-) 
  u_packed_mxfp_aitb_comp_top_g41764/Y                                          -       A1->Y   R     OAI21xp5_ASAP7_75t_SL          1  1.4    50    18     931    (-,-) 
  u_packed_mxfp_aitb_comp_top_g41727/Y                                          -       B->Y    F     AOI21x1_ASAP7_75t_SL           1  2.2    38    18     949    (-,-) 
  u_packed_mxfp_aitb_comp_top_g41721/Y                                          -       A->Y    R     NAND2x2_ASAP7_75t_SL           2  3.6    34    24     973    (-,-) 
  u_packed_mxfp_aitb_comp_top_g41719/Y                                          -       A->Y    F     INVx2_ASAP7_75t_SL             1  0.9    13     7     980    (-,-) 
  u_packed_mxfp_aitb_comp_top_g41707/Y                                          -       A1->Y   F     OA21x2_ASAP7_75t_SL            3  3.9    22    28    1008    (-,-) 
  fopt125215/Y                                                                  -       A->Y    R     INVx4_ASAP7_75t_SL             2  2.7    14    10    1017    (-,-) 
  u_packed_mxfp_aitb_comp_top_g41682/Y                                          -       B->Y    R     AND2x4_ASAP7_75t_SL            5  5.3    21    22    1039    (-,-) 
  fopt125223/Y                                                                  -       A->Y    F     INVx3_ASAP7_75t_SL             1  1.8    11     7    1046    (-,-) 
  u_packed_mxfp_aitb_comp_top_g41504/Y                                          -       B->Y    R     NAND2x1p5_ASAP7_75t_SL         1  1.3    23    10    1056    (-,-) 
  u_packed_mxfp_aitb_comp_top_g41349/Y                                          -       B->Y    R     AND2x4_ASAP7_75t_SL            2  2.5    14    20    1076    (-,-) 
  u_packed_mxfp_aitb_comp_top_g41224/Y                                          -       B->Y    R     XOR2x1_ASAP7_75t_SL            2  4.0    54    31    1108    (-,-) 
  u_packed_mxfp_aitb_comp_top_g41122/Y                                          -       B->Y    F     NOR2x1p5_ASAP7_75t_SL          2  2.6    35    17    1125    (-,-) 
  u_packed_mxfp_aitb_comp_top_g40913/Y                                          -       B->Y    R     AOI21x1_ASAP7_75t_SL           2  2.6    40    24    1149    (-,-) 
  u_packed_mxfp_aitb_comp_top_g40827/Y                                          -       A1->Y   F     OAI21xp5_ASAP7_75t_SL          2  2.4    44    26    1175    (-,-) 
  u_packed_mxfp_aitb_comp_top_g40773/Y                                          -       B->Y    F     XOR2xp5_ASAP7_75t_SL           2  1.3    39    26    1201    (-,-) 
  u_packed_mxfp_aitb_comp_top_g40741/Y                                          -       B->Y    F     OR2x2_ASAP7_75t_SL             2  2.2    18    30    1231    (-,-) 
  fopt125048/Y                                                                  -       A->Y    R     INVx2_ASAP7_75t_SL             2  1.5    13     9    1240    (-,-) 
  u_packed_mxfp_aitb_comp_top_g40670/Y                                          -       C->Y    F     NAND3xp33_ASAP7_75t_SL         1  1.3    34    18    1258    (-,-) 
  u_packed_mxfp_aitb_comp_top_g40585/Y                                          -       A->Y    R     NOR2x1_ASAP7_75t_SL            1  0.8    23    12    1269    (-,-) 
  u_packed_mxfp_aitb_comp_top_g40551/Y                                          -       A->Y    F     NAND2xp5_ASAP7_75t_SL          1  1.3    26    13    1282    (-,-) 
  u_packed_mxfp_aitb_comp_top_g40527/Y                                          -       B->Y    F     XNOR2xp5_ASAP7_75t_SL          2  1.3    31    26    1309    (-,-) 
  u_packed_mxfp_aitb_comp_top_g40513/Y                                          -       B->Y    R     NAND3xp33_ASAP7_75t_SL         1  0.9    31    18    1327    (-,-) 
  u_packed_mxfp_aitb_comp_top_g40510/Y                                          -       A2->Y   F     OAI21xp5_ASAP7_75t_SL          1  1.3    36    17    1344    (-,-) 
  u_packed_mxfp_aitb_comp_top_g40509/Y                                          -       B->Y    F     AND2x4_ASAP7_75t_SL            9 10.1    28    32    1376    (-,-) 
  u_packed_mxfp_aitb_comp_top_g40508/Y                                          -       A->Y    R     INVx8_ASAP7_75t_SL            23 15.3    28    18    1394    (-,-) 
  u_packed_mxfp_aitb_comp_top_g40489/Y                                          -       B->Y    F     OAI21xp5_ASAP7_75t_SL          1  0.9    25    13    1406    (-,-) 
  u_packed_mxfp_aitb_comp_top_PIPE_OUT_col2_stage_reg_reg[0][19]/D              -       -       F     ASYNC_DFFHx1_ASAP7_75t_SL      1    -     -     0    1407    (-,-) 
#------------------------------------------------------------------------------------------------------------------------------------------------------------------------



Path 3: VIOLATED (-524 ps) Setup Check with Pin u_packed_mxfp_aitb_comp_top_PIPE_OUT_col2_stage_reg_reg[0][21]/CLK->D
           View: PVT_0P63V_100C.setup_view
          Group: clk
     Startpoint: (R) u_packed_mxfp_aitb_comp_top_PIPE_OUT_col2_stage_reg_reg[0][11]/CLK
          Clock: (R) clk
       Endpoint: (R) u_packed_mxfp_aitb_comp_top_PIPE_OUT_col2_stage_reg_reg[0][21]/D
          Clock: (R) clk

                     Capture       Launch     
        Clock Edge:+    1000            0     
       Src Latency:+       0            0     
       Net Latency:+       0 (I)        0 (I) 
           Arrival:=    1000            0     
                                              
             Setup:-      14                  
       Uncertainty:-     100                  
     Required Time:=     886                  
      Launch Clock:-       0                  
         Data Path:-    1410                  
             Slack:=    -524                  

#------------------------------------------------------------------------------------------------------------------------------------------------------------------------
#                                 Timing Point                                  Flags    Arc    Edge           Cell             Fanout Load Trans Delay Arrival Instance 
#                                                                                                                                      (fF)  (ps)  (ps)   (ps)  Location 
#------------------------------------------------------------------------------------------------------------------------------------------------------------------------
  u_packed_mxfp_aitb_comp_top_PIPE_OUT_col2_stage_reg_reg[0][11]/CLK            -       -       R     (arrival)                   1219    -     0     0       0    (-,-) 
  u_packed_mxfp_aitb_comp_top_PIPE_OUT_col2_stage_reg_reg[0][11]/QN             -       CLK->QN R     ASYNC_DFFHx1_ASAP7_75t_SL      3  3.5    34    54      54    (-,-) 
  u_packed_mxfp_aitb_comp_top_g46137/Y                                          -       B1->Y   F     AOI22x1_ASAP7_75t_SL           3  2.4    59    16      70    (-,-) 
  u_packed_mxfp_aitb_comp_top_g45354/Y                                          -       B->Y    R     AOI31xp33_ASAP7_75t_SL         1  0.8    49    32     102    (-,-) 
  u_packed_mxfp_aitb_comp_top_g45320/Y                                          -       C->Y    F     O2A1O1Ixp5_ASAP7_75t_SL        1  0.8    30    16     118    (-,-) 
  u_packed_mxfp_aitb_comp_top_g45301/Y                                          -       B->Y    R     AOI21xp5_ASAP7_75t_SL          1  0.9    32    19     138    (-,-) 
  u_packed_mxfp_aitb_comp_top_g45186/Y                                          -       A1->Y   F     OAI21xp5_ASAP7_75t_SL          1  1.4    31    19     156    (-,-) 
  u_packed_mxfp_aitb_comp_top_g45184/Y                                          -       B->Y    R     AOI21x1_ASAP7_75t_SL           2  1.6    30    19     175    (-,-) 
  u_packed_mxfp_aitb_comp_top_g45162/Y                                          -       B->Y    R     OR2x2_ASAP7_75t_SL             1  1.3    14    22     197    (-,-) 
  u_packed_mxfp_aitb_comp_top_g45084/Y                                          -       A->Y    R     AND2x6_ASAP7_75t_SL           16 11.7    28    28     225    (-,-) 
  u_packed_mxfp_aitb_comp_top_g44863/Y                                          -       B2->Y   R     OA22x2_ASAP7_75t_SL            2  2.4    20    25     250    (-,-) 
  u_packed_mxfp_aitb_comp_top_g44773/Y                                          -       D->Y    F     NAND4xp75_ASAP7_75t_SL         2  1.6    29    16     266    (-,-) 
  u_packed_mxfp_aitb_comp_top_g44761/Y                                          -       A->Y    R     INVx1_ASAP7_75t_SL             1  1.6    25    16     282    (-,-) 
  u_packed_mxfp_aitb_comp_top_g44735/Y                                          -       A->Y    F     NAND3x1_ASAP7_75t_SL           1  1.8    22    12     294    (-,-) 
  u_packed_mxfp_aitb_comp_top_g44692/Y                                          -       A->Y    R     NOR4xp75_ASAP7_75t_SL          2  2.3    53    25     319    (-,-) 
  u_packed_mxfp_aitb_comp_top_g44686/Y                                          -       A->Y    F     INVx2_ASAP7_75t_SL             3  2.7    24    13     332    (-,-) 
  u_packed_mxfp_aitb_comp_top_g44496/Y                                          -       A2->Y   R     AOI21x1_ASAP7_75t_SL           3  2.4    34    19     351    (-,-) 
  u_packed_mxfp_aitb_comp_top_g44485/Y                                          -       A->Y    R     BUFx6f_ASAP7_75t_SL            8  5.8    16    21     372    (-,-) 
  u_packed_mxfp_aitb_comp_top_g44418/Y                                          -       A1->Y   F     OAI22xp5_ASAP7_75t_SL          2  2.0    56    20     392    (-,-) 
  u_packed_mxfp_aitb_comp_top_g46585/Y                                          -       C->Y    F     OR4x1_ASAP7_75t_SL             1  1.3    23    42     434    (-,-) 
  u_packed_mxfp_aitb_comp_top_g44271/Y                                          -       A->Y    R     NOR2x1_ASAP7_75t_SL            1  0.8    17    11     445    (-,-) 
  u_packed_mxfp_aitb_comp_top_g44206/Y                                          -       B2->Y   F     OAI22xp5_ASAP7_75t_SL          1  1.4    43    15     460    (-,-) 
  u_packed_mxfp_aitb_comp_top_g44149/Y                                          -       B->Y    R     AOI21x1_ASAP7_75t_SL           1  1.8    35    22     482    (-,-) 
  u_packed_mxfp_aitb_comp_top_g44091/Y                                          -       A->Y    F     NAND4xp75_ASAP7_75t_SL         2  2.4    40    20     502    (-,-) 
  u_packed_mxfp_aitb_comp_top_g44069/Y                                          -       A->Y    R     NOR2x1p5_ASAP7_75t_SL          2  1.8    36    14     516    (-,-) 
  u_packed_mxfp_aitb_comp_top_addinc_FP32_ALU_col2_fracAdder_add_113_18_g1569/Y -       A->Y    R     AND2x4_ASAP7_75t_SL            2  2.3    14    19     535    (-,-) 
  u_packed_mxfp_aitb_comp_top_addinc_FP32_ALU_col2_fracAdder_add_113_18_g1503/Y -       B->Y    F     NAND2x1p5_ASAP7_75t_SL         2  1.3    23     8     543    (-,-) 
  u_packed_mxfp_aitb_comp_top_addinc_FP32_ALU_col2_fracAdder_add_113_18_g1441/Y -       A3->Y   R     OAI321xp33_ASAP7_75t_SL        2  1.8    79    37     580    (-,-) 
  u_packed_mxfp_aitb_comp_top_addinc_FP32_ALU_col2_fracAdder_add_113_18_g1410/Y -       A->Y    F     NAND2x1_ASAP7_75t_SL           1  1.8    30    11     591    (-,-) 
  u_packed_mxfp_aitb_comp_top_addinc_FP32_ALU_col2_fracAdder_add_113_18_g1406/Y -       A->Y    R     NAND2x1p5_ASAP7_75t_SL         3  2.3    28    19     610    (-,-) 
  u_packed_mxfp_aitb_comp_top_addinc_FP32_ALU_col2_fracAdder_add_113_18_g1391/Y -       A->Y    F     NAND2xp5_ASAP7_75t_SL          1  1.3    24    13     624    (-,-) 
  u_packed_mxfp_aitb_comp_top_addinc_FP32_ALU_col2_fracAdder_add_113_18_g1378/Y -       B->Y    F     AND2x4_ASAP7_75t_SL           16 11.8    27    31     654    (-,-) 
  u_packed_mxfp_aitb_comp_top_addinc_FP32_ALU_col2_fracAdder_add_113_18_g1367/Y -       B->Y    F     XOR2xp5_ASAP7_75t_SL           1  1.5    34    25     679    (-,-) 
  u_packed_mxfp_aitb_comp_top_g42902/Y                                          -       A->Y    R     INVx2_ASAP7_75t_SL             2  1.3    17    11     690    (-,-) 
  u_packed_mxfp_aitb_comp_top_g42087/Y                                          -       A->Y    F     NAND3xp33_ASAP7_75t_SL         1  0.8    29    14     704    (-,-) 
  u_packed_mxfp_aitb_comp_top_g41901/Y                                          -       A->Y    R     NOR3xp33_ASAP7_75t_SL          1  1.3    52    28     732    (-,-) 
  u_packed_mxfp_aitb_comp_top_g41897/Y                                          -       C->Y    R     AND3x4_ASAP7_75t_SL            9  9.0    32    35     768    (-,-) 
  u_packed_mxfp_aitb_comp_top_g41873/Y                                          -       A2->Y   F     AOI21x1_ASAP7_75t_SL           2  1.3    28    11     778    (-,-) 
  u_packed_mxfp_aitb_comp_top_g41834/Y                                          -       B->Y    F     AND3x2_ASAP7_75t_SL            2  3.2    18    25     803    (-,-) 
  u_packed_mxfp_aitb_comp_top_g41826/Y                                          -       C->Y    R     NAND3x2_ASAP7_75t_SL           6  4.2    40    24     827    (-,-) 
  u_packed_mxfp_aitb_comp_top_g41803/Y                                          -       B->Y    R     OR2x2_ASAP7_75t_SL             1  1.2    13    23     850    (-,-) 
  u_packed_mxfp_aitb_comp_top_g41770/Y                                          -       D->Y    R     AND5x2_ASAP7_75t_SL            3  3.2    27    39     889    (-,-) 
  fopt124827/Y                                                                  -       A->Y    R     BUFx6f_ASAP7_75t_SL            4  3.6    12    19     908    (-,-) 
  fopt124825/Y                                                                  -       A->Y    F     INVx2_ASAP7_75t_SL             1  0.9     7     5     913    (-,-) 
  u_packed_mxfp_aitb_comp_top_g41764/Y                                          -       A1->Y   R     OAI21xp5_ASAP7_75t_SL          1  1.4    50    18     931    (-,-) 
  u_packed_mxfp_aitb_comp_top_g41727/Y                                          -       B->Y    F     AOI21x1_ASAP7_75t_SL           1  2.2    38    18     949    (-,-) 
  u_packed_mxfp_aitb_comp_top_g41721/Y                                          -       A->Y    R     NAND2x2_ASAP7_75t_SL           2  3.6    34    24     973    (-,-) 
  u_packed_mxfp_aitb_comp_top_g41719/Y                                          -       A->Y    F     INVx2_ASAP7_75t_SL             1  0.9    13     7     980    (-,-) 
  u_packed_mxfp_aitb_comp_top_g41707/Y                                          -       A1->Y   F     OA21x2_ASAP7_75t_SL            3  3.9    22    28    1008    (-,-) 
  fopt125215/Y                                                                  -       A->Y    R     INVx4_ASAP7_75t_SL             2  2.7    14    10    1017    (-,-) 
  fopt125214/Y                                                                  -       A->Y    F     INVx2_ASAP7_75t_SL             3  2.3    12     8    1026    (-,-) 
  u_packed_mxfp_aitb_comp_top_g41495/Y                                          -       A1->Y   F     OA21x2_ASAP7_75t_SL            2  2.2    19    24    1050    (-,-) 
  fopt125030/Y                                                                  -       A->Y    R     INVx2_ASAP7_75t_SL             2  1.4    13     9    1059    (-,-) 
  u_packed_mxfp_aitb_comp_top_g41285/Y                                          -       B1->Y   F     AOI22xp5_ASAP7_75t_SL          2  1.5    50    15    1074    (-,-) 
  u_packed_mxfp_aitb_comp_top_g41183/Y                                          -       B->Y    F     AND2x2_ASAP7_75t_SL            2  1.5    14    28    1102    (-,-) 
  u_packed_mxfp_aitb_comp_top_g41063/Y                                          -       A1->Y   R     OAI21xp5_ASAP7_75t_SL          2  2.5    55    28    1130    (-,-) 
  u_packed_mxfp_aitb_comp_top_g40913/Y                                          -       A2->Y   F     AOI21x1_ASAP7_75t_SL           2  2.6    34    16    1146    (-,-) 
  u_packed_mxfp_aitb_comp_top_g40827/Y                                          -       A1->Y   R     OAI21xp5_ASAP7_75t_SL          2  2.5    58    30    1176    (-,-) 
  u_packed_mxfp_aitb_comp_top_g40773/Y                                          -       B->Y    R     XOR2xp5_ASAP7_75t_SL           2  1.3    41    30    1206    (-,-) 
  u_packed_mxfp_aitb_comp_top_g40741/Y                                          -       B->Y    R     OR2x2_ASAP7_75t_SL             2  2.2    18    26    1232    (-,-) 
  fopt125048/Y                                                                  -       A->Y    F     INVx2_ASAP7_75t_SL             2  1.5    11     7    1239    (-,-) 
  u_packed_mxfp_aitb_comp_top_g40670/Y                                          -       C->Y    R     NAND3xp33_ASAP7_75t_SL         1  1.3    30    17    1256    (-,-) 
  u_packed_mxfp_aitb_comp_top_g40585/Y                                          -       A->Y    F     NOR2x1_ASAP7_75t_SL            1  0.8    20    13    1269    (-,-) 
  u_packed_mxfp_aitb_comp_top_g40551/Y                                          -       A->Y    R     NAND2xp5_ASAP7_75t_SL          1  1.2    27    17    1287    (-,-) 
  u_packed_mxfp_aitb_comp_top_g40527/Y                                          -       B->Y    R     XNOR2xp5_ASAP7_75t_SL          2  1.3    40    21    1308    (-,-) 
  u_packed_mxfp_aitb_comp_top_g40513/Y                                          -       B->Y    F     NAND3xp33_ASAP7_75t_SL         1  0.9    32    17    1325    (-,-) 
  u_packed_mxfp_aitb_comp_top_g40510/Y                                          -       A2->Y   R     OAI21xp5_ASAP7_75t_SL          1  1.3    49    23    1348    (-,-) 
  u_packed_mxfp_aitb_comp_top_g40509/Y                                          -       B->Y    R     AND2x4_ASAP7_75t_SL            9 10.1    34    32    1380    (-,-) 
  u_packed_mxfp_aitb_comp_top_g40508/Y                                          -       A->Y    F     INVx8_ASAP7_75t_SL            23 15.3    24    15    1395    (-,-) 
  u_packed_mxfp_aitb_comp_top_g40461/Y                                          -       B->Y    R     NAND2xp5_ASAP7_75t_SL          1  0.9    26    15    1410    (-,-) 
  u_packed_mxfp_aitb_comp_top_PIPE_OUT_col2_stage_reg_reg[0][21]/D              -       -       R     ASYNC_DFFHx1_ASAP7_75t_SL      1    -     -     0    1410    (-,-) 
#------------------------------------------------------------------------------------------------------------------------------------------------------------------------



Path 4: VIOLATED (-524 ps) Setup Check with Pin u_packed_mxfp_aitb_comp_top_PIPE_OUT_col2_stage_reg_reg[0][2]/CLK->D
           View: PVT_0P63V_100C.setup_view
          Group: clk
     Startpoint: (R) u_packed_mxfp_aitb_comp_top_PIPE_OUT_col2_stage_reg_reg[0][11]/CLK
          Clock: (R) clk
       Endpoint: (R) u_packed_mxfp_aitb_comp_top_PIPE_OUT_col2_stage_reg_reg[0][2]/D
          Clock: (R) clk

                     Capture       Launch     
        Clock Edge:+    1000            0     
       Src Latency:+       0            0     
       Net Latency:+       0 (I)        0 (I) 
           Arrival:=    1000            0     
                                              
             Setup:-      14                  
       Uncertainty:-     100                  
     Required Time:=     886                  
      Launch Clock:-       0                  
         Data Path:-    1410                  
             Slack:=    -524                  

#------------------------------------------------------------------------------------------------------------------------------------------------------------------------
#                                 Timing Point                                  Flags    Arc    Edge           Cell             Fanout Load Trans Delay Arrival Instance 
#                                                                                                                                      (fF)  (ps)  (ps)   (ps)  Location 
#------------------------------------------------------------------------------------------------------------------------------------------------------------------------
  u_packed_mxfp_aitb_comp_top_PIPE_OUT_col2_stage_reg_reg[0][11]/CLK            -       -       R     (arrival)                   1219    -     0     0       0    (-,-) 
  u_packed_mxfp_aitb_comp_top_PIPE_OUT_col2_stage_reg_reg[0][11]/QN             -       CLK->QN R     ASYNC_DFFHx1_ASAP7_75t_SL      3  3.5    34    54      54    (-,-) 
  u_packed_mxfp_aitb_comp_top_g46137/Y                                          -       B1->Y   F     AOI22x1_ASAP7_75t_SL           3  2.4    59    16      70    (-,-) 
  u_packed_mxfp_aitb_comp_top_g45354/Y                                          -       B->Y    R     AOI31xp33_ASAP7_75t_SL         1  0.8    49    32     102    (-,-) 
  u_packed_mxfp_aitb_comp_top_g45320/Y                                          -       C->Y    F     O2A1O1Ixp5_ASAP7_75t_SL        1  0.8    30    16     118    (-,-) 
  u_packed_mxfp_aitb_comp_top_g45301/Y                                          -       B->Y    R     AOI21xp5_ASAP7_75t_SL          1  0.9    32    19     138    (-,-) 
  u_packed_mxfp_aitb_comp_top_g45186/Y                                          -       A1->Y   F     OAI21xp5_ASAP7_75t_SL          1  1.4    31    19     156    (-,-) 
  u_packed_mxfp_aitb_comp_top_g45184/Y                                          -       B->Y    R     AOI21x1_ASAP7_75t_SL           2  1.6    30    19     175    (-,-) 
  u_packed_mxfp_aitb_comp_top_g45162/Y                                          -       B->Y    R     OR2x2_ASAP7_75t_SL             1  1.3    14    22     197    (-,-) 
  u_packed_mxfp_aitb_comp_top_g45084/Y                                          -       A->Y    R     AND2x6_ASAP7_75t_SL           16 11.7    28    28     225    (-,-) 
  u_packed_mxfp_aitb_comp_top_g44863/Y                                          -       B2->Y   R     OA22x2_ASAP7_75t_SL            2  2.4    20    25     250    (-,-) 
  u_packed_mxfp_aitb_comp_top_g44773/Y                                          -       D->Y    F     NAND4xp75_ASAP7_75t_SL         2  1.6    29    16     266    (-,-) 
  u_packed_mxfp_aitb_comp_top_g44761/Y                                          -       A->Y    R     INVx1_ASAP7_75t_SL             1  1.6    25    16     282    (-,-) 
  u_packed_mxfp_aitb_comp_top_g44735/Y                                          -       A->Y    F     NAND3x1_ASAP7_75t_SL           1  1.8    22    12     294    (-,-) 
  u_packed_mxfp_aitb_comp_top_g44692/Y                                          -       A->Y    R     NOR4xp75_ASAP7_75t_SL          2  2.3    53    25     319    (-,-) 
  u_packed_mxfp_aitb_comp_top_g44686/Y                                          -       A->Y    F     INVx2_ASAP7_75t_SL             3  2.7    24    13     332    (-,-) 
  u_packed_mxfp_aitb_comp_top_g44496/Y                                          -       A2->Y   R     AOI21x1_ASAP7_75t_SL           3  2.4    34    19     351    (-,-) 
  u_packed_mxfp_aitb_comp_top_g44485/Y                                          -       A->Y    R     BUFx6f_ASAP7_75t_SL            8  5.8    16    21     372    (-,-) 
  u_packed_mxfp_aitb_comp_top_g44418/Y                                          -       A1->Y   F     OAI22xp5_ASAP7_75t_SL          2  2.0    56    20     392    (-,-) 
  u_packed_mxfp_aitb_comp_top_g46585/Y                                          -       C->Y    F     OR4x1_ASAP7_75t_SL             1  1.3    23    42     434    (-,-) 
  u_packed_mxfp_aitb_comp_top_g44271/Y                                          -       A->Y    R     NOR2x1_ASAP7_75t_SL            1  0.8    17    11     445    (-,-) 
  u_packed_mxfp_aitb_comp_top_g44206/Y                                          -       B2->Y   F     OAI22xp5_ASAP7_75t_SL          1  1.4    43    15     460    (-,-) 
  u_packed_mxfp_aitb_comp_top_g44149/Y                                          -       B->Y    R     AOI21x1_ASAP7_75t_SL           1  1.8    35    22     482    (-,-) 
  u_packed_mxfp_aitb_comp_top_g44091/Y                                          -       A->Y    F     NAND4xp75_ASAP7_75t_SL         2  2.4    40    20     502    (-,-) 
  u_packed_mxfp_aitb_comp_top_g44069/Y                                          -       A->Y    R     NOR2x1p5_ASAP7_75t_SL          2  1.8    36    14     516    (-,-) 
  u_packed_mxfp_aitb_comp_top_addinc_FP32_ALU_col2_fracAdder_add_113_18_g1569/Y -       A->Y    R     AND2x4_ASAP7_75t_SL            2  2.3    14    19     535    (-,-) 
  u_packed_mxfp_aitb_comp_top_addinc_FP32_ALU_col2_fracAdder_add_113_18_g1503/Y -       B->Y    F     NAND2x1p5_ASAP7_75t_SL         2  1.3    23     8     543    (-,-) 
  u_packed_mxfp_aitb_comp_top_addinc_FP32_ALU_col2_fracAdder_add_113_18_g1441/Y -       A3->Y   R     OAI321xp33_ASAP7_75t_SL        2  1.8    79    37     580    (-,-) 
  u_packed_mxfp_aitb_comp_top_addinc_FP32_ALU_col2_fracAdder_add_113_18_g1410/Y -       A->Y    F     NAND2x1_ASAP7_75t_SL           1  1.8    30    11     591    (-,-) 
  u_packed_mxfp_aitb_comp_top_addinc_FP32_ALU_col2_fracAdder_add_113_18_g1406/Y -       A->Y    R     NAND2x1p5_ASAP7_75t_SL         3  2.3    28    19     610    (-,-) 
  u_packed_mxfp_aitb_comp_top_addinc_FP32_ALU_col2_fracAdder_add_113_18_g1391/Y -       A->Y    F     NAND2xp5_ASAP7_75t_SL          1  1.3    24    13     624    (-,-) 
  u_packed_mxfp_aitb_comp_top_addinc_FP32_ALU_col2_fracAdder_add_113_18_g1378/Y -       B->Y    F     AND2x4_ASAP7_75t_SL           16 11.8    27    31     654    (-,-) 
  u_packed_mxfp_aitb_comp_top_addinc_FP32_ALU_col2_fracAdder_add_113_18_g1367/Y -       B->Y    F     XOR2xp5_ASAP7_75t_SL           1  1.5    34    25     679    (-,-) 
  u_packed_mxfp_aitb_comp_top_g42902/Y                                          -       A->Y    R     INVx2_ASAP7_75t_SL             2  1.3    17    11     690    (-,-) 
  u_packed_mxfp_aitb_comp_top_g42087/Y                                          -       A->Y    F     NAND3xp33_ASAP7_75t_SL         1  0.8    29    14     704    (-,-) 
  u_packed_mxfp_aitb_comp_top_g41901/Y                                          -       A->Y    R     NOR3xp33_ASAP7_75t_SL          1  1.3    52    28     732    (-,-) 
  u_packed_mxfp_aitb_comp_top_g41897/Y                                          -       C->Y    R     AND3x4_ASAP7_75t_SL            9  9.0    32    35     768    (-,-) 
  u_packed_mxfp_aitb_comp_top_g41873/Y                                          -       A2->Y   F     AOI21x1_ASAP7_75t_SL           2  1.3    28    11     778    (-,-) 
  u_packed_mxfp_aitb_comp_top_g41834/Y                                          -       B->Y    F     AND3x2_ASAP7_75t_SL            2  3.2    18    25     803    (-,-) 
  u_packed_mxfp_aitb_comp_top_g41826/Y                                          -       C->Y    R     NAND3x2_ASAP7_75t_SL           6  4.2    40    24     827    (-,-) 
  u_packed_mxfp_aitb_comp_top_g41803/Y                                          -       B->Y    R     OR2x2_ASAP7_75t_SL             1  1.2    13    23     850    (-,-) 
  u_packed_mxfp_aitb_comp_top_g41770/Y                                          -       D->Y    R     AND5x2_ASAP7_75t_SL            3  3.2    27    39     889    (-,-) 
  fopt124827/Y                                                                  -       A->Y    R     BUFx6f_ASAP7_75t_SL            4  3.6    12    19     908    (-,-) 
  fopt124825/Y                                                                  -       A->Y    F     INVx2_ASAP7_75t_SL             1  0.9     7     5     913    (-,-) 
  u_packed_mxfp_aitb_comp_top_g41764/Y                                          -       A1->Y   R     OAI21xp5_ASAP7_75t_SL          1  1.4    50    18     931    (-,-) 
  u_packed_mxfp_aitb_comp_top_g41727/Y                                          -       B->Y    F     AOI21x1_ASAP7_75t_SL           1  2.2    38    18     949    (-,-) 
  u_packed_mxfp_aitb_comp_top_g41721/Y                                          -       A->Y    R     NAND2x2_ASAP7_75t_SL           2  3.6    34    24     973    (-,-) 
  u_packed_mxfp_aitb_comp_top_g41719/Y                                          -       A->Y    F     INVx2_ASAP7_75t_SL             1  0.9    13     7     980    (-,-) 
  u_packed_mxfp_aitb_comp_top_g41707/Y                                          -       A1->Y   F     OA21x2_ASAP7_75t_SL            3  3.9    22    28    1008    (-,-) 
  fopt125215/Y                                                                  -       A->Y    R     INVx4_ASAP7_75t_SL             2  2.7    14    10    1017    (-,-) 
  fopt125214/Y                                                                  -       A->Y    F     INVx2_ASAP7_75t_SL             3  2.3    12     8    1026    (-,-) 
  u_packed_mxfp_aitb_comp_top_g41495/Y                                          -       A1->Y   F     OA21x2_ASAP7_75t_SL            2  2.2    19    24    1050    (-,-) 
  fopt125030/Y                                                                  -       A->Y    R     INVx2_ASAP7_75t_SL             2  1.4    13     9    1059    (-,-) 
  u_packed_mxfp_aitb_comp_top_g41285/Y                                          -       B1->Y   F     AOI22xp5_ASAP7_75t_SL          2  1.5    50    15    1074    (-,-) 
  u_packed_mxfp_aitb_comp_top_g41183/Y                                          -       B->Y    F     AND2x2_ASAP7_75t_SL            2  1.5    14    28    1102    (-,-) 
  u_packed_mxfp_aitb_comp_top_g41063/Y                                          -       A1->Y   R     OAI21xp5_ASAP7_75t_SL          2  2.5    55    28    1130    (-,-) 
  u_packed_mxfp_aitb_comp_top_g40913/Y                                          -       A2->Y   F     AOI21x1_ASAP7_75t_SL           2  2.6    34    16    1146    (-,-) 
  u_packed_mxfp_aitb_comp_top_g40827/Y                                          -       A1->Y   R     OAI21xp5_ASAP7_75t_SL          2  2.5    58    30    1176    (-,-) 
  u_packed_mxfp_aitb_comp_top_g40773/Y                                          -       B->Y    R     XOR2xp5_ASAP7_75t_SL           2  1.3    41    30    1206    (-,-) 
  u_packed_mxfp_aitb_comp_top_g40741/Y                                          -       B->Y    R     OR2x2_ASAP7_75t_SL             2  2.2    18    26    1232    (-,-) 
  fopt125048/Y                                                                  -       A->Y    F     INVx2_ASAP7_75t_SL             2  1.5    11     7    1239    (-,-) 
  u_packed_mxfp_aitb_comp_top_g40670/Y                                          -       C->Y    R     NAND3xp33_ASAP7_75t_SL         1  1.3    30    17    1256    (-,-) 
  u_packed_mxfp_aitb_comp_top_g40585/Y                                          -       A->Y    F     NOR2x1_ASAP7_75t_SL            1  0.8    20    13    1269    (-,-) 
  u_packed_mxfp_aitb_comp_top_g40551/Y                                          -       A->Y    R     NAND2xp5_ASAP7_75t_SL          1  1.2    27    17    1287    (-,-) 
  u_packed_mxfp_aitb_comp_top_g40527/Y                                          -       B->Y    R     XNOR2xp5_ASAP7_75t_SL          2  1.3    40    21    1308    (-,-) 
  u_packed_mxfp_aitb_comp_top_g40513/Y                                          -       B->Y    F     NAND3xp33_ASAP7_75t_SL         1  0.9    32    17    1325    (-,-) 
  u_packed_mxfp_aitb_comp_top_g40510/Y                                          -       A2->Y   R     OAI21xp5_ASAP7_75t_SL          1  1.3    49    23    1348    (-,-) 
  u_packed_mxfp_aitb_comp_top_g40509/Y                                          -       B->Y    R     AND2x4_ASAP7_75t_SL            9 10.1    34    32    1380    (-,-) 
  u_packed_mxfp_aitb_comp_top_g40508/Y                                          -       A->Y    F     INVx8_ASAP7_75t_SL            23 15.3    24    15    1395    (-,-) 
  u_packed_mxfp_aitb_comp_top_g40471/Y                                          -       B->Y    R     NAND2xp5_ASAP7_75t_SL          1  0.9    26    15    1410    (-,-) 
  u_packed_mxfp_aitb_comp_top_PIPE_OUT_col2_stage_reg_reg[0][2]/D               -       -       R     ASYNC_DFFHx1_ASAP7_75t_SL      1    -     -     0    1410    (-,-) 
#------------------------------------------------------------------------------------------------------------------------------------------------------------------------



Path 5: VIOLATED (-524 ps) Setup Check with Pin u_packed_mxfp_aitb_comp_top_PIPE_OUT_col2_stage_reg_reg[0][6]/CLK->D
           View: PVT_0P63V_100C.setup_view
          Group: clk
     Startpoint: (R) u_packed_mxfp_aitb_comp_top_PIPE_OUT_col2_stage_reg_reg[0][11]/CLK
          Clock: (R) clk
       Endpoint: (R) u_packed_mxfp_aitb_comp_top_PIPE_OUT_col2_stage_reg_reg[0][6]/D
          Clock: (R) clk

                     Capture       Launch     
        Clock Edge:+    1000            0     
       Src Latency:+       0            0     
       Net Latency:+       0 (I)        0 (I) 
           Arrival:=    1000            0     
                                              
             Setup:-      14                  
       Uncertainty:-     100                  
     Required Time:=     886                  
      Launch Clock:-       0                  
         Data Path:-    1410                  
             Slack:=    -524                  

#------------------------------------------------------------------------------------------------------------------------------------------------------------------------
#                                 Timing Point                                  Flags    Arc    Edge           Cell             Fanout Load Trans Delay Arrival Instance 
#                                                                                                                                      (fF)  (ps)  (ps)   (ps)  Location 
#------------------------------------------------------------------------------------------------------------------------------------------------------------------------
  u_packed_mxfp_aitb_comp_top_PIPE_OUT_col2_stage_reg_reg[0][11]/CLK            -       -       R     (arrival)                   1219    -     0     0       0    (-,-) 
  u_packed_mxfp_aitb_comp_top_PIPE_OUT_col2_stage_reg_reg[0][11]/QN             -       CLK->QN R     ASYNC_DFFHx1_ASAP7_75t_SL      3  3.5    34    54      54    (-,-) 
  u_packed_mxfp_aitb_comp_top_g46137/Y                                          -       B1->Y   F     AOI22x1_ASAP7_75t_SL           3  2.4    59    16      70    (-,-) 
  u_packed_mxfp_aitb_comp_top_g45354/Y                                          -       B->Y    R     AOI31xp33_ASAP7_75t_SL         1  0.8    49    32     102    (-,-) 
  u_packed_mxfp_aitb_comp_top_g45320/Y                                          -       C->Y    F     O2A1O1Ixp5_ASAP7_75t_SL        1  0.8    30    16     118    (-,-) 
  u_packed_mxfp_aitb_comp_top_g45301/Y                                          -       B->Y    R     AOI21xp5_ASAP7_75t_SL          1  0.9    32    19     138    (-,-) 
  u_packed_mxfp_aitb_comp_top_g45186/Y                                          -       A1->Y   F     OAI21xp5_ASAP7_75t_SL          1  1.4    31    19     156    (-,-) 
  u_packed_mxfp_aitb_comp_top_g45184/Y                                          -       B->Y    R     AOI21x1_ASAP7_75t_SL           2  1.6    30    19     175    (-,-) 
  u_packed_mxfp_aitb_comp_top_g45162/Y                                          -       B->Y    R     OR2x2_ASAP7_75t_SL             1  1.3    14    22     197    (-,-) 
  u_packed_mxfp_aitb_comp_top_g45084/Y                                          -       A->Y    R     AND2x6_ASAP7_75t_SL           16 11.7    28    28     225    (-,-) 
  u_packed_mxfp_aitb_comp_top_g44863/Y                                          -       B2->Y   R     OA22x2_ASAP7_75t_SL            2  2.4    20    25     250    (-,-) 
  u_packed_mxfp_aitb_comp_top_g44773/Y                                          -       D->Y    F     NAND4xp75_ASAP7_75t_SL         2  1.6    29    16     266    (-,-) 
  u_packed_mxfp_aitb_comp_top_g44761/Y                                          -       A->Y    R     INVx1_ASAP7_75t_SL             1  1.6    25    16     282    (-,-) 
  u_packed_mxfp_aitb_comp_top_g44735/Y                                          -       A->Y    F     NAND3x1_ASAP7_75t_SL           1  1.8    22    12     294    (-,-) 
  u_packed_mxfp_aitb_comp_top_g44692/Y                                          -       A->Y    R     NOR4xp75_ASAP7_75t_SL          2  2.3    53    25     319    (-,-) 
  u_packed_mxfp_aitb_comp_top_g44686/Y                                          -       A->Y    F     INVx2_ASAP7_75t_SL             3  2.7    24    13     332    (-,-) 
  u_packed_mxfp_aitb_comp_top_g44496/Y                                          -       A2->Y   R     AOI21x1_ASAP7_75t_SL           3  2.4    34    19     351    (-,-) 
  u_packed_mxfp_aitb_comp_top_g44485/Y                                          -       A->Y    R     BUFx6f_ASAP7_75t_SL            8  5.8    16    21     372    (-,-) 
  u_packed_mxfp_aitb_comp_top_g44418/Y                                          -       A1->Y   F     OAI22xp5_ASAP7_75t_SL          2  2.0    56    20     392    (-,-) 
  u_packed_mxfp_aitb_comp_top_g46585/Y                                          -       C->Y    F     OR4x1_ASAP7_75t_SL             1  1.3    23    42     434    (-,-) 
  u_packed_mxfp_aitb_comp_top_g44271/Y                                          -       A->Y    R     NOR2x1_ASAP7_75t_SL            1  0.8    17    11     445    (-,-) 
  u_packed_mxfp_aitb_comp_top_g44206/Y                                          -       B2->Y   F     OAI22xp5_ASAP7_75t_SL          1  1.4    43    15     460    (-,-) 
  u_packed_mxfp_aitb_comp_top_g44149/Y                                          -       B->Y    R     AOI21x1_ASAP7_75t_SL           1  1.8    35    22     482    (-,-) 
  u_packed_mxfp_aitb_comp_top_g44091/Y                                          -       A->Y    F     NAND4xp75_ASAP7_75t_SL         2  2.4    40    20     502    (-,-) 
  u_packed_mxfp_aitb_comp_top_g44069/Y                                          -       A->Y    R     NOR2x1p5_ASAP7_75t_SL          2  1.8    36    14     516    (-,-) 
  u_packed_mxfp_aitb_comp_top_addinc_FP32_ALU_col2_fracAdder_add_113_18_g1569/Y -       A->Y    R     AND2x4_ASAP7_75t_SL            2  2.3    14    19     535    (-,-) 
  u_packed_mxfp_aitb_comp_top_addinc_FP32_ALU_col2_fracAdder_add_113_18_g1503/Y -       B->Y    F     NAND2x1p5_ASAP7_75t_SL         2  1.3    23     8     543    (-,-) 
  u_packed_mxfp_aitb_comp_top_addinc_FP32_ALU_col2_fracAdder_add_113_18_g1441/Y -       A3->Y   R     OAI321xp33_ASAP7_75t_SL        2  1.8    79    37     580    (-,-) 
  u_packed_mxfp_aitb_comp_top_addinc_FP32_ALU_col2_fracAdder_add_113_18_g1410/Y -       A->Y    F     NAND2x1_ASAP7_75t_SL           1  1.8    30    11     591    (-,-) 
  u_packed_mxfp_aitb_comp_top_addinc_FP32_ALU_col2_fracAdder_add_113_18_g1406/Y -       A->Y    R     NAND2x1p5_ASAP7_75t_SL         3  2.3    28    19     610    (-,-) 
  u_packed_mxfp_aitb_comp_top_addinc_FP32_ALU_col2_fracAdder_add_113_18_g1391/Y -       A->Y    F     NAND2xp5_ASAP7_75t_SL          1  1.3    24    13     624    (-,-) 
  u_packed_mxfp_aitb_comp_top_addinc_FP32_ALU_col2_fracAdder_add_113_18_g1378/Y -       B->Y    F     AND2x4_ASAP7_75t_SL           16 11.8    27    31     654    (-,-) 
  u_packed_mxfp_aitb_comp_top_addinc_FP32_ALU_col2_fracAdder_add_113_18_g1367/Y -       B->Y    F     XOR2xp5_ASAP7_75t_SL           1  1.5    34    25     679    (-,-) 
  u_packed_mxfp_aitb_comp_top_g42902/Y                                          -       A->Y    R     INVx2_ASAP7_75t_SL             2  1.3    17    11     690    (-,-) 
  u_packed_mxfp_aitb_comp_top_g42087/Y                                          -       A->Y    F     NAND3xp33_ASAP7_75t_SL         1  0.8    29    14     704    (-,-) 
  u_packed_mxfp_aitb_comp_top_g41901/Y                                          -       A->Y    R     NOR3xp33_ASAP7_75t_SL          1  1.3    52    28     732    (-,-) 
  u_packed_mxfp_aitb_comp_top_g41897/Y                                          -       C->Y    R     AND3x4_ASAP7_75t_SL            9  9.0    32    35     768    (-,-) 
  u_packed_mxfp_aitb_comp_top_g41873/Y                                          -       A2->Y   F     AOI21x1_ASAP7_75t_SL           2  1.3    28    11     778    (-,-) 
  u_packed_mxfp_aitb_comp_top_g41834/Y                                          -       B->Y    F     AND3x2_ASAP7_75t_SL            2  3.2    18    25     803    (-,-) 
  u_packed_mxfp_aitb_comp_top_g41826/Y                                          -       C->Y    R     NAND3x2_ASAP7_75t_SL           6  4.2    40    24     827    (-,-) 
  u_packed_mxfp_aitb_comp_top_g41803/Y                                          -       B->Y    R     OR2x2_ASAP7_75t_SL             1  1.2    13    23     850    (-,-) 
  u_packed_mxfp_aitb_comp_top_g41770/Y                                          -       D->Y    R     AND5x2_ASAP7_75t_SL            3  3.2    27    39     889    (-,-) 
  fopt124827/Y                                                                  -       A->Y    R     BUFx6f_ASAP7_75t_SL            4  3.6    12    19     908    (-,-) 
  fopt124825/Y                                                                  -       A->Y    F     INVx2_ASAP7_75t_SL             1  0.9     7     5     913    (-,-) 
  u_packed_mxfp_aitb_comp_top_g41764/Y                                          -       A1->Y   R     OAI21xp5_ASAP7_75t_SL          1  1.4    50    18     931    (-,-) 
  u_packed_mxfp_aitb_comp_top_g41727/Y                                          -       B->Y    F     AOI21x1_ASAP7_75t_SL           1  2.2    38    18     949    (-,-) 
  u_packed_mxfp_aitb_comp_top_g41721/Y                                          -       A->Y    R     NAND2x2_ASAP7_75t_SL           2  3.6    34    24     973    (-,-) 
  u_packed_mxfp_aitb_comp_top_g41719/Y                                          -       A->Y    F     INVx2_ASAP7_75t_SL             1  0.9    13     7     980    (-,-) 
  u_packed_mxfp_aitb_comp_top_g41707/Y                                          -       A1->Y   F     OA21x2_ASAP7_75t_SL            3  3.9    22    28    1008    (-,-) 
  fopt125215/Y                                                                  -       A->Y    R     INVx4_ASAP7_75t_SL             2  2.7    14    10    1017    (-,-) 
  fopt125214/Y                                                                  -       A->Y    F     INVx2_ASAP7_75t_SL             3  2.3    12     8    1026    (-,-) 
  u_packed_mxfp_aitb_comp_top_g41495/Y                                          -       A1->Y   F     OA21x2_ASAP7_75t_SL            2  2.2    19    24    1050    (-,-) 
  fopt125030/Y                                                                  -       A->Y    R     INVx2_ASAP7_75t_SL             2  1.4    13     9    1059    (-,-) 
  u_packed_mxfp_aitb_comp_top_g41285/Y                                          -       B1->Y   F     AOI22xp5_ASAP7_75t_SL          2  1.5    50    15    1074    (-,-) 
  u_packed_mxfp_aitb_comp_top_g41183/Y                                          -       B->Y    F     AND2x2_ASAP7_75t_SL            2  1.5    14    28    1102    (-,-) 
  u_packed_mxfp_aitb_comp_top_g41063/Y                                          -       A1->Y   R     OAI21xp5_ASAP7_75t_SL          2  2.5    55    28    1130    (-,-) 
  u_packed_mxfp_aitb_comp_top_g40913/Y                                          -       A2->Y   F     AOI21x1_ASAP7_75t_SL           2  2.6    34    16    1146    (-,-) 
  u_packed_mxfp_aitb_comp_top_g40827/Y                                          -       A1->Y   R     OAI21xp5_ASAP7_75t_SL          2  2.5    58    30    1176    (-,-) 
  u_packed_mxfp_aitb_comp_top_g40773/Y                                          -       B->Y    R     XOR2xp5_ASAP7_75t_SL           2  1.3    41    30    1206    (-,-) 
  u_packed_mxfp_aitb_comp_top_g40741/Y                                          -       B->Y    R     OR2x2_ASAP7_75t_SL             2  2.2    18    26    1232    (-,-) 
  fopt125048/Y                                                                  -       A->Y    F     INVx2_ASAP7_75t_SL             2  1.5    11     7    1239    (-,-) 
  u_packed_mxfp_aitb_comp_top_g40670/Y                                          -       C->Y    R     NAND3xp33_ASAP7_75t_SL         1  1.3    30    17    1256    (-,-) 
  u_packed_mxfp_aitb_comp_top_g40585/Y                                          -       A->Y    F     NOR2x1_ASAP7_75t_SL            1  0.8    20    13    1269    (-,-) 
  u_packed_mxfp_aitb_comp_top_g40551/Y                                          -       A->Y    R     NAND2xp5_ASAP7_75t_SL          1  1.2    27    17    1287    (-,-) 
  u_packed_mxfp_aitb_comp_top_g40527/Y                                          -       B->Y    R     XNOR2xp5_ASAP7_75t_SL          2  1.3    40    21    1308    (-,-) 
  u_packed_mxfp_aitb_comp_top_g40513/Y                                          -       B->Y    F     NAND3xp33_ASAP7_75t_SL         1  0.9    32    17    1325    (-,-) 
  u_packed_mxfp_aitb_comp_top_g40510/Y                                          -       A2->Y   R     OAI21xp5_ASAP7_75t_SL          1  1.3    49    23    1348    (-,-) 
  u_packed_mxfp_aitb_comp_top_g40509/Y                                          -       B->Y    R     AND2x4_ASAP7_75t_SL            9 10.1    34    32    1380    (-,-) 
  u_packed_mxfp_aitb_comp_top_g40508/Y                                          -       A->Y    F     INVx8_ASAP7_75t_SL            23 15.3    24    15    1395    (-,-) 
  u_packed_mxfp_aitb_comp_top_g40445/Y                                          -       B->Y    R     NAND2xp5_ASAP7_75t_SL          1  0.9    26    15    1410    (-,-) 
  u_packed_mxfp_aitb_comp_top_PIPE_OUT_col2_stage_reg_reg[0][6]/D               -       -       R     ASYNC_DFFHx1_ASAP7_75t_SL      1    -     -     0    1410    (-,-) 
#------------------------------------------------------------------------------------------------------------------------------------------------------------------------



Path 6: VIOLATED (-524 ps) Setup Check with Pin u_packed_mxfp_aitb_comp_top_PIPE_OUT_col2_stage_reg_reg[0][22]/CLK->D
           View: PVT_0P63V_100C.setup_view
          Group: clk
     Startpoint: (R) u_packed_mxfp_aitb_comp_top_PIPE_OUT_col2_stage_reg_reg[0][11]/CLK
          Clock: (R) clk
       Endpoint: (R) u_packed_mxfp_aitb_comp_top_PIPE_OUT_col2_stage_reg_reg[0][22]/D
          Clock: (R) clk

                     Capture       Launch     
        Clock Edge:+    1000            0     
       Src Latency:+       0            0     
       Net Latency:+       0 (I)        0 (I) 
           Arrival:=    1000            0     
                                              
             Setup:-      14                  
       Uncertainty:-     100                  
     Required Time:=     886                  
      Launch Clock:-       0                  
         Data Path:-    1410                  
             Slack:=    -524                  

#------------------------------------------------------------------------------------------------------------------------------------------------------------------------
#                                 Timing Point                                  Flags    Arc    Edge           Cell             Fanout Load Trans Delay Arrival Instance 
#                                                                                                                                      (fF)  (ps)  (ps)   (ps)  Location 
#------------------------------------------------------------------------------------------------------------------------------------------------------------------------
  u_packed_mxfp_aitb_comp_top_PIPE_OUT_col2_stage_reg_reg[0][11]/CLK            -       -       R     (arrival)                   1219    -     0     0       0    (-,-) 
  u_packed_mxfp_aitb_comp_top_PIPE_OUT_col2_stage_reg_reg[0][11]/QN             -       CLK->QN R     ASYNC_DFFHx1_ASAP7_75t_SL      3  3.5    34    54      54    (-,-) 
  u_packed_mxfp_aitb_comp_top_g46137/Y                                          -       B1->Y   F     AOI22x1_ASAP7_75t_SL           3  2.4    59    16      70    (-,-) 
  u_packed_mxfp_aitb_comp_top_g45354/Y                                          -       B->Y    R     AOI31xp33_ASAP7_75t_SL         1  0.8    49    32     102    (-,-) 
  u_packed_mxfp_aitb_comp_top_g45320/Y                                          -       C->Y    F     O2A1O1Ixp5_ASAP7_75t_SL        1  0.8    30    16     118    (-,-) 
  u_packed_mxfp_aitb_comp_top_g45301/Y                                          -       B->Y    R     AOI21xp5_ASAP7_75t_SL          1  0.9    32    19     138    (-,-) 
  u_packed_mxfp_aitb_comp_top_g45186/Y                                          -       A1->Y   F     OAI21xp5_ASAP7_75t_SL          1  1.4    31    19     156    (-,-) 
  u_packed_mxfp_aitb_comp_top_g45184/Y                                          -       B->Y    R     AOI21x1_ASAP7_75t_SL           2  1.6    30    19     175    (-,-) 
  u_packed_mxfp_aitb_comp_top_g45162/Y                                          -       B->Y    R     OR2x2_ASAP7_75t_SL             1  1.3    14    22     197    (-,-) 
  u_packed_mxfp_aitb_comp_top_g45084/Y                                          -       A->Y    R     AND2x6_ASAP7_75t_SL           16 11.7    28    28     225    (-,-) 
  u_packed_mxfp_aitb_comp_top_g44863/Y                                          -       B2->Y   R     OA22x2_ASAP7_75t_SL            2  2.4    20    25     250    (-,-) 
  u_packed_mxfp_aitb_comp_top_g44773/Y                                          -       D->Y    F     NAND4xp75_ASAP7_75t_SL         2  1.6    29    16     266    (-,-) 
  u_packed_mxfp_aitb_comp_top_g44761/Y                                          -       A->Y    R     INVx1_ASAP7_75t_SL             1  1.6    25    16     282    (-,-) 
  u_packed_mxfp_aitb_comp_top_g44735/Y                                          -       A->Y    F     NAND3x1_ASAP7_75t_SL           1  1.8    22    12     294    (-,-) 
  u_packed_mxfp_aitb_comp_top_g44692/Y                                          -       A->Y    R     NOR4xp75_ASAP7_75t_SL          2  2.3    53    25     319    (-,-) 
  u_packed_mxfp_aitb_comp_top_g44686/Y                                          -       A->Y    F     INVx2_ASAP7_75t_SL             3  2.7    24    13     332    (-,-) 
  u_packed_mxfp_aitb_comp_top_g44496/Y                                          -       A2->Y   R     AOI21x1_ASAP7_75t_SL           3  2.4    34    19     351    (-,-) 
  u_packed_mxfp_aitb_comp_top_g44485/Y                                          -       A->Y    R     BUFx6f_ASAP7_75t_SL            8  5.8    16    21     372    (-,-) 
  u_packed_mxfp_aitb_comp_top_g44418/Y                                          -       A1->Y   F     OAI22xp5_ASAP7_75t_SL          2  2.0    56    20     392    (-,-) 
  u_packed_mxfp_aitb_comp_top_g46585/Y                                          -       C->Y    F     OR4x1_ASAP7_75t_SL             1  1.3    23    42     434    (-,-) 
  u_packed_mxfp_aitb_comp_top_g44271/Y                                          -       A->Y    R     NOR2x1_ASAP7_75t_SL            1  0.8    17    11     445    (-,-) 
  u_packed_mxfp_aitb_comp_top_g44206/Y                                          -       B2->Y   F     OAI22xp5_ASAP7_75t_SL          1  1.4    43    15     460    (-,-) 
  u_packed_mxfp_aitb_comp_top_g44149/Y                                          -       B->Y    R     AOI21x1_ASAP7_75t_SL           1  1.8    35    22     482    (-,-) 
  u_packed_mxfp_aitb_comp_top_g44091/Y                                          -       A->Y    F     NAND4xp75_ASAP7_75t_SL         2  2.4    40    20     502    (-,-) 
  u_packed_mxfp_aitb_comp_top_g44069/Y                                          -       A->Y    R     NOR2x1p5_ASAP7_75t_SL          2  1.8    36    14     516    (-,-) 
  u_packed_mxfp_aitb_comp_top_addinc_FP32_ALU_col2_fracAdder_add_113_18_g1569/Y -       A->Y    R     AND2x4_ASAP7_75t_SL            2  2.3    14    19     535    (-,-) 
  u_packed_mxfp_aitb_comp_top_addinc_FP32_ALU_col2_fracAdder_add_113_18_g1503/Y -       B->Y    F     NAND2x1p5_ASAP7_75t_SL         2  1.3    23     8     543    (-,-) 
  u_packed_mxfp_aitb_comp_top_addinc_FP32_ALU_col2_fracAdder_add_113_18_g1441/Y -       A3->Y   R     OAI321xp33_ASAP7_75t_SL        2  1.8    79    37     580    (-,-) 
  u_packed_mxfp_aitb_comp_top_addinc_FP32_ALU_col2_fracAdder_add_113_18_g1410/Y -       A->Y    F     NAND2x1_ASAP7_75t_SL           1  1.8    30    11     591    (-,-) 
  u_packed_mxfp_aitb_comp_top_addinc_FP32_ALU_col2_fracAdder_add_113_18_g1406/Y -       A->Y    R     NAND2x1p5_ASAP7_75t_SL         3  2.3    28    19     610    (-,-) 
  u_packed_mxfp_aitb_comp_top_addinc_FP32_ALU_col2_fracAdder_add_113_18_g1391/Y -       A->Y    F     NAND2xp5_ASAP7_75t_SL          1  1.3    24    13     624    (-,-) 
  u_packed_mxfp_aitb_comp_top_addinc_FP32_ALU_col2_fracAdder_add_113_18_g1378/Y -       B->Y    F     AND2x4_ASAP7_75t_SL           16 11.8    27    31     654    (-,-) 
  u_packed_mxfp_aitb_comp_top_addinc_FP32_ALU_col2_fracAdder_add_113_18_g1367/Y -       B->Y    F     XOR2xp5_ASAP7_75t_SL           1  1.5    34    25     679    (-,-) 
  u_packed_mxfp_aitb_comp_top_g42902/Y                                          -       A->Y    R     INVx2_ASAP7_75t_SL             2  1.3    17    11     690    (-,-) 
  u_packed_mxfp_aitb_comp_top_g42087/Y                                          -       A->Y    F     NAND3xp33_ASAP7_75t_SL         1  0.8    29    14     704    (-,-) 
  u_packed_mxfp_aitb_comp_top_g41901/Y                                          -       A->Y    R     NOR3xp33_ASAP7_75t_SL          1  1.3    52    28     732    (-,-) 
  u_packed_mxfp_aitb_comp_top_g41897/Y                                          -       C->Y    R     AND3x4_ASAP7_75t_SL            9  9.0    32    35     768    (-,-) 
  u_packed_mxfp_aitb_comp_top_g41873/Y                                          -       A2->Y   F     AOI21x1_ASAP7_75t_SL           2  1.3    28    11     778    (-,-) 
  u_packed_mxfp_aitb_comp_top_g41834/Y                                          -       B->Y    F     AND3x2_ASAP7_75t_SL            2  3.2    18    25     803    (-,-) 
  u_packed_mxfp_aitb_comp_top_g41826/Y                                          -       C->Y    R     NAND3x2_ASAP7_75t_SL           6  4.2    40    24     827    (-,-) 
  u_packed_mxfp_aitb_comp_top_g41803/Y                                          -       B->Y    R     OR2x2_ASAP7_75t_SL             1  1.2    13    23     850    (-,-) 
  u_packed_mxfp_aitb_comp_top_g41770/Y                                          -       D->Y    R     AND5x2_ASAP7_75t_SL            3  3.2    27    39     889    (-,-) 
  fopt124827/Y                                                                  -       A->Y    R     BUFx6f_ASAP7_75t_SL            4  3.6    12    19     908    (-,-) 
  fopt124825/Y                                                                  -       A->Y    F     INVx2_ASAP7_75t_SL             1  0.9     7     5     913    (-,-) 
  u_packed_mxfp_aitb_comp_top_g41764/Y                                          -       A1->Y   R     OAI21xp5_ASAP7_75t_SL          1  1.4    50    18     931    (-,-) 
  u_packed_mxfp_aitb_comp_top_g41727/Y                                          -       B->Y    F     AOI21x1_ASAP7_75t_SL           1  2.2    38    18     949    (-,-) 
  u_packed_mxfp_aitb_comp_top_g41721/Y                                          -       A->Y    R     NAND2x2_ASAP7_75t_SL           2  3.6    34    24     973    (-,-) 
  u_packed_mxfp_aitb_comp_top_g41719/Y                                          -       A->Y    F     INVx2_ASAP7_75t_SL             1  0.9    13     7     980    (-,-) 
  u_packed_mxfp_aitb_comp_top_g41707/Y                                          -       A1->Y   F     OA21x2_ASAP7_75t_SL            3  3.9    22    28    1008    (-,-) 
  fopt125215/Y                                                                  -       A->Y    R     INVx4_ASAP7_75t_SL             2  2.7    14    10    1017    (-,-) 
  fopt125214/Y                                                                  -       A->Y    F     INVx2_ASAP7_75t_SL             3  2.3    12     8    1026    (-,-) 
  u_packed_mxfp_aitb_comp_top_g41495/Y                                          -       A1->Y   F     OA21x2_ASAP7_75t_SL            2  2.2    19    24    1050    (-,-) 
  fopt125030/Y                                                                  -       A->Y    R     INVx2_ASAP7_75t_SL             2  1.4    13     9    1059    (-,-) 
  u_packed_mxfp_aitb_comp_top_g41285/Y                                          -       B1->Y   F     AOI22xp5_ASAP7_75t_SL          2  1.5    50    15    1074    (-,-) 
  u_packed_mxfp_aitb_comp_top_g41183/Y                                          -       B->Y    F     AND2x2_ASAP7_75t_SL            2  1.5    14    28    1102    (-,-) 
  u_packed_mxfp_aitb_comp_top_g41063/Y                                          -       A1->Y   R     OAI21xp5_ASAP7_75t_SL          2  2.5    55    28    1130    (-,-) 
  u_packed_mxfp_aitb_comp_top_g40913/Y                                          -       A2->Y   F     AOI21x1_ASAP7_75t_SL           2  2.6    34    16    1146    (-,-) 
  u_packed_mxfp_aitb_comp_top_g40827/Y                                          -       A1->Y   R     OAI21xp5_ASAP7_75t_SL          2  2.5    58    30    1176    (-,-) 
  u_packed_mxfp_aitb_comp_top_g40773/Y                                          -       B->Y    R     XOR2xp5_ASAP7_75t_SL           2  1.3    41    30    1206    (-,-) 
  u_packed_mxfp_aitb_comp_top_g40741/Y                                          -       B->Y    R     OR2x2_ASAP7_75t_SL             2  2.2    18    26    1232    (-,-) 
  fopt125048/Y                                                                  -       A->Y    F     INVx2_ASAP7_75t_SL             2  1.5    11     7    1239    (-,-) 
  u_packed_mxfp_aitb_comp_top_g40670/Y                                          -       C->Y    R     NAND3xp33_ASAP7_75t_SL         1  1.3    30    17    1256    (-,-) 
  u_packed_mxfp_aitb_comp_top_g40585/Y                                          -       A->Y    F     NOR2x1_ASAP7_75t_SL            1  0.8    20    13    1269    (-,-) 
  u_packed_mxfp_aitb_comp_top_g40551/Y                                          -       A->Y    R     NAND2xp5_ASAP7_75t_SL          1  1.2    27    17    1287    (-,-) 
  u_packed_mxfp_aitb_comp_top_g40527/Y                                          -       B->Y    R     XNOR2xp5_ASAP7_75t_SL          2  1.3    40    21    1308    (-,-) 
  u_packed_mxfp_aitb_comp_top_g40513/Y                                          -       B->Y    F     NAND3xp33_ASAP7_75t_SL         1  0.9    32    17    1325    (-,-) 
  u_packed_mxfp_aitb_comp_top_g40510/Y                                          -       A2->Y   R     OAI21xp5_ASAP7_75t_SL          1  1.3    49    23    1348    (-,-) 
  u_packed_mxfp_aitb_comp_top_g40509/Y                                          -       B->Y    R     AND2x4_ASAP7_75t_SL            9 10.1    34    32    1380    (-,-) 
  u_packed_mxfp_aitb_comp_top_g40508/Y                                          -       A->Y    F     INVx8_ASAP7_75t_SL            23 15.3    24    15    1395    (-,-) 
  u_packed_mxfp_aitb_comp_top_g40479/Y                                          -       B->Y    R     NAND2xp5_ASAP7_75t_SL          1  0.9    25    15    1410    (-,-) 
  u_packed_mxfp_aitb_comp_top_PIPE_OUT_col2_stage_reg_reg[0][22]/D              -       -       R     ASYNC_DFFHx1_ASAP7_75t_SL      1    -     -     0    1410    (-,-) 
#------------------------------------------------------------------------------------------------------------------------------------------------------------------------



Path 7: VIOLATED (-524 ps) Setup Check with Pin u_packed_mxfp_aitb_comp_top_PIPE_OUT_col2_stage_reg_reg[0][20]/CLK->D
           View: PVT_0P63V_100C.setup_view
          Group: clk
     Startpoint: (R) u_packed_mxfp_aitb_comp_top_PIPE_OUT_col2_stage_reg_reg[0][11]/CLK
          Clock: (R) clk
       Endpoint: (R) u_packed_mxfp_aitb_comp_top_PIPE_OUT_col2_stage_reg_reg[0][20]/D
          Clock: (R) clk

                     Capture       Launch     
        Clock Edge:+    1000            0     
       Src Latency:+       0            0     
       Net Latency:+       0 (I)        0 (I) 
           Arrival:=    1000            0     
                                              
             Setup:-      14                  
       Uncertainty:-     100                  
     Required Time:=     886                  
      Launch Clock:-       0                  
         Data Path:-    1410                  
             Slack:=    -524                  

#------------------------------------------------------------------------------------------------------------------------------------------------------------------------
#                                 Timing Point                                  Flags    Arc    Edge           Cell             Fanout Load Trans Delay Arrival Instance 
#                                                                                                                                      (fF)  (ps)  (ps)   (ps)  Location 
#------------------------------------------------------------------------------------------------------------------------------------------------------------------------
  u_packed_mxfp_aitb_comp_top_PIPE_OUT_col2_stage_reg_reg[0][11]/CLK            -       -       R     (arrival)                   1219    -     0     0       0    (-,-) 
  u_packed_mxfp_aitb_comp_top_PIPE_OUT_col2_stage_reg_reg[0][11]/QN             -       CLK->QN R     ASYNC_DFFHx1_ASAP7_75t_SL      3  3.5    34    54      54    (-,-) 
  u_packed_mxfp_aitb_comp_top_g46137/Y                                          -       B1->Y   F     AOI22x1_ASAP7_75t_SL           3  2.4    59    16      70    (-,-) 
  u_packed_mxfp_aitb_comp_top_g45354/Y                                          -       B->Y    R     AOI31xp33_ASAP7_75t_SL         1  0.8    49    32     102    (-,-) 
  u_packed_mxfp_aitb_comp_top_g45320/Y                                          -       C->Y    F     O2A1O1Ixp5_ASAP7_75t_SL        1  0.8    30    16     118    (-,-) 
  u_packed_mxfp_aitb_comp_top_g45301/Y                                          -       B->Y    R     AOI21xp5_ASAP7_75t_SL          1  0.9    32    19     138    (-,-) 
  u_packed_mxfp_aitb_comp_top_g45186/Y                                          -       A1->Y   F     OAI21xp5_ASAP7_75t_SL          1  1.4    31    19     156    (-,-) 
  u_packed_mxfp_aitb_comp_top_g45184/Y                                          -       B->Y    R     AOI21x1_ASAP7_75t_SL           2  1.6    30    19     175    (-,-) 
  u_packed_mxfp_aitb_comp_top_g45162/Y                                          -       B->Y    R     OR2x2_ASAP7_75t_SL             1  1.3    14    22     197    (-,-) 
  u_packed_mxfp_aitb_comp_top_g45084/Y                                          -       A->Y    R     AND2x6_ASAP7_75t_SL           16 11.7    28    28     225    (-,-) 
  u_packed_mxfp_aitb_comp_top_g44863/Y                                          -       B2->Y   R     OA22x2_ASAP7_75t_SL            2  2.4    20    25     250    (-,-) 
  u_packed_mxfp_aitb_comp_top_g44773/Y                                          -       D->Y    F     NAND4xp75_ASAP7_75t_SL         2  1.6    29    16     266    (-,-) 
  u_packed_mxfp_aitb_comp_top_g44761/Y                                          -       A->Y    R     INVx1_ASAP7_75t_SL             1  1.6    25    16     282    (-,-) 
  u_packed_mxfp_aitb_comp_top_g44735/Y                                          -       A->Y    F     NAND3x1_ASAP7_75t_SL           1  1.8    22    12     294    (-,-) 
  u_packed_mxfp_aitb_comp_top_g44692/Y                                          -       A->Y    R     NOR4xp75_ASAP7_75t_SL          2  2.3    53    25     319    (-,-) 
  u_packed_mxfp_aitb_comp_top_g44686/Y                                          -       A->Y    F     INVx2_ASAP7_75t_SL             3  2.7    24    13     332    (-,-) 
  u_packed_mxfp_aitb_comp_top_g44496/Y                                          -       A2->Y   R     AOI21x1_ASAP7_75t_SL           3  2.4    34    19     351    (-,-) 
  u_packed_mxfp_aitb_comp_top_g44485/Y                                          -       A->Y    R     BUFx6f_ASAP7_75t_SL            8  5.8    16    21     372    (-,-) 
  u_packed_mxfp_aitb_comp_top_g44418/Y                                          -       A1->Y   F     OAI22xp5_ASAP7_75t_SL          2  2.0    56    20     392    (-,-) 
  u_packed_mxfp_aitb_comp_top_g46585/Y                                          -       C->Y    F     OR4x1_ASAP7_75t_SL             1  1.3    23    42     434    (-,-) 
  u_packed_mxfp_aitb_comp_top_g44271/Y                                          -       A->Y    R     NOR2x1_ASAP7_75t_SL            1  0.8    17    11     445    (-,-) 
  u_packed_mxfp_aitb_comp_top_g44206/Y                                          -       B2->Y   F     OAI22xp5_ASAP7_75t_SL          1  1.4    43    15     460    (-,-) 
  u_packed_mxfp_aitb_comp_top_g44149/Y                                          -       B->Y    R     AOI21x1_ASAP7_75t_SL           1  1.8    35    22     482    (-,-) 
  u_packed_mxfp_aitb_comp_top_g44091/Y                                          -       A->Y    F     NAND4xp75_ASAP7_75t_SL         2  2.4    40    20     502    (-,-) 
  u_packed_mxfp_aitb_comp_top_g44069/Y                                          -       A->Y    R     NOR2x1p5_ASAP7_75t_SL          2  1.8    36    14     516    (-,-) 
  u_packed_mxfp_aitb_comp_top_addinc_FP32_ALU_col2_fracAdder_add_113_18_g1569/Y -       A->Y    R     AND2x4_ASAP7_75t_SL            2  2.3    14    19     535    (-,-) 
  u_packed_mxfp_aitb_comp_top_addinc_FP32_ALU_col2_fracAdder_add_113_18_g1503/Y -       B->Y    F     NAND2x1p5_ASAP7_75t_SL         2  1.3    23     8     543    (-,-) 
  u_packed_mxfp_aitb_comp_top_addinc_FP32_ALU_col2_fracAdder_add_113_18_g1441/Y -       A3->Y   R     OAI321xp33_ASAP7_75t_SL        2  1.8    79    37     580    (-,-) 
  u_packed_mxfp_aitb_comp_top_addinc_FP32_ALU_col2_fracAdder_add_113_18_g1410/Y -       A->Y    F     NAND2x1_ASAP7_75t_SL           1  1.8    30    11     591    (-,-) 
  u_packed_mxfp_aitb_comp_top_addinc_FP32_ALU_col2_fracAdder_add_113_18_g1406/Y -       A->Y    R     NAND2x1p5_ASAP7_75t_SL         3  2.3    28    19     610    (-,-) 
  u_packed_mxfp_aitb_comp_top_addinc_FP32_ALU_col2_fracAdder_add_113_18_g1391/Y -       A->Y    F     NAND2xp5_ASAP7_75t_SL          1  1.3    24    13     624    (-,-) 
  u_packed_mxfp_aitb_comp_top_addinc_FP32_ALU_col2_fracAdder_add_113_18_g1378/Y -       B->Y    F     AND2x4_ASAP7_75t_SL           16 11.8    27    31     654    (-,-) 
  u_packed_mxfp_aitb_comp_top_addinc_FP32_ALU_col2_fracAdder_add_113_18_g1367/Y -       B->Y    F     XOR2xp5_ASAP7_75t_SL           1  1.5    34    25     679    (-,-) 
  u_packed_mxfp_aitb_comp_top_g42902/Y                                          -       A->Y    R     INVx2_ASAP7_75t_SL             2  1.3    17    11     690    (-,-) 
  u_packed_mxfp_aitb_comp_top_g42087/Y                                          -       A->Y    F     NAND3xp33_ASAP7_75t_SL         1  0.8    29    14     704    (-,-) 
  u_packed_mxfp_aitb_comp_top_g41901/Y                                          -       A->Y    R     NOR3xp33_ASAP7_75t_SL          1  1.3    52    28     732    (-,-) 
  u_packed_mxfp_aitb_comp_top_g41897/Y                                          -       C->Y    R     AND3x4_ASAP7_75t_SL            9  9.0    32    35     768    (-,-) 
  u_packed_mxfp_aitb_comp_top_g41873/Y                                          -       A2->Y   F     AOI21x1_ASAP7_75t_SL           2  1.3    28    11     778    (-,-) 
  u_packed_mxfp_aitb_comp_top_g41834/Y                                          -       B->Y    F     AND3x2_ASAP7_75t_SL            2  3.2    18    25     803    (-,-) 
  u_packed_mxfp_aitb_comp_top_g41826/Y                                          -       C->Y    R     NAND3x2_ASAP7_75t_SL           6  4.2    40    24     827    (-,-) 
  u_packed_mxfp_aitb_comp_top_g41803/Y                                          -       B->Y    R     OR2x2_ASAP7_75t_SL             1  1.2    13    23     850    (-,-) 
  u_packed_mxfp_aitb_comp_top_g41770/Y                                          -       D->Y    R     AND5x2_ASAP7_75t_SL            3  3.2    27    39     889    (-,-) 
  fopt124827/Y                                                                  -       A->Y    R     BUFx6f_ASAP7_75t_SL            4  3.6    12    19     908    (-,-) 
  fopt124825/Y                                                                  -       A->Y    F     INVx2_ASAP7_75t_SL             1  0.9     7     5     913    (-,-) 
  u_packed_mxfp_aitb_comp_top_g41764/Y                                          -       A1->Y   R     OAI21xp5_ASAP7_75t_SL          1  1.4    50    18     931    (-,-) 
  u_packed_mxfp_aitb_comp_top_g41727/Y                                          -       B->Y    F     AOI21x1_ASAP7_75t_SL           1  2.2    38    18     949    (-,-) 
  u_packed_mxfp_aitb_comp_top_g41721/Y                                          -       A->Y    R     NAND2x2_ASAP7_75t_SL           2  3.6    34    24     973    (-,-) 
  u_packed_mxfp_aitb_comp_top_g41719/Y                                          -       A->Y    F     INVx2_ASAP7_75t_SL             1  0.9    13     7     980    (-,-) 
  u_packed_mxfp_aitb_comp_top_g41707/Y                                          -       A1->Y   F     OA21x2_ASAP7_75t_SL            3  3.9    22    28    1008    (-,-) 
  fopt125215/Y                                                                  -       A->Y    R     INVx4_ASAP7_75t_SL             2  2.7    14    10    1017    (-,-) 
  fopt125214/Y                                                                  -       A->Y    F     INVx2_ASAP7_75t_SL             3  2.3    12     8    1026    (-,-) 
  u_packed_mxfp_aitb_comp_top_g41495/Y                                          -       A1->Y   F     OA21x2_ASAP7_75t_SL            2  2.2    19    24    1050    (-,-) 
  fopt125030/Y                                                                  -       A->Y    R     INVx2_ASAP7_75t_SL             2  1.4    13     9    1059    (-,-) 
  u_packed_mxfp_aitb_comp_top_g41285/Y                                          -       B1->Y   F     AOI22xp5_ASAP7_75t_SL          2  1.5    50    15    1074    (-,-) 
  u_packed_mxfp_aitb_comp_top_g41183/Y                                          -       B->Y    F     AND2x2_ASAP7_75t_SL            2  1.5    14    28    1102    (-,-) 
  u_packed_mxfp_aitb_comp_top_g41063/Y                                          -       A1->Y   R     OAI21xp5_ASAP7_75t_SL          2  2.5    55    28    1130    (-,-) 
  u_packed_mxfp_aitb_comp_top_g40913/Y                                          -       A2->Y   F     AOI21x1_ASAP7_75t_SL           2  2.6    34    16    1146    (-,-) 
  u_packed_mxfp_aitb_comp_top_g40827/Y                                          -       A1->Y   R     OAI21xp5_ASAP7_75t_SL          2  2.5    58    30    1176    (-,-) 
  u_packed_mxfp_aitb_comp_top_g40773/Y                                          -       B->Y    R     XOR2xp5_ASAP7_75t_SL           2  1.3    41    30    1206    (-,-) 
  u_packed_mxfp_aitb_comp_top_g40741/Y                                          -       B->Y    R     OR2x2_ASAP7_75t_SL             2  2.2    18    26    1232    (-,-) 
  fopt125048/Y                                                                  -       A->Y    F     INVx2_ASAP7_75t_SL             2  1.5    11     7    1239    (-,-) 
  u_packed_mxfp_aitb_comp_top_g40670/Y                                          -       C->Y    R     NAND3xp33_ASAP7_75t_SL         1  1.3    30    17    1256    (-,-) 
  u_packed_mxfp_aitb_comp_top_g40585/Y                                          -       A->Y    F     NOR2x1_ASAP7_75t_SL            1  0.8    20    13    1269    (-,-) 
  u_packed_mxfp_aitb_comp_top_g40551/Y                                          -       A->Y    R     NAND2xp5_ASAP7_75t_SL          1  1.2    27    17    1287    (-,-) 
  u_packed_mxfp_aitb_comp_top_g40527/Y                                          -       B->Y    R     XNOR2xp5_ASAP7_75t_SL          2  1.3    40    21    1308    (-,-) 
  u_packed_mxfp_aitb_comp_top_g40513/Y                                          -       B->Y    F     NAND3xp33_ASAP7_75t_SL         1  0.9    32    17    1325    (-,-) 
  u_packed_mxfp_aitb_comp_top_g40510/Y                                          -       A2->Y   R     OAI21xp5_ASAP7_75t_SL          1  1.3    49    23    1348    (-,-) 
  u_packed_mxfp_aitb_comp_top_g40509/Y                                          -       B->Y    R     AND2x4_ASAP7_75t_SL            9 10.1    34    32    1380    (-,-) 
  u_packed_mxfp_aitb_comp_top_g40508/Y                                          -       A->Y    F     INVx8_ASAP7_75t_SL            23 15.3    24    15    1395    (-,-) 
  u_packed_mxfp_aitb_comp_top_g40481/Y                                          -       B->Y    R     NAND2xp5_ASAP7_75t_SL          1  0.9    24    15    1410    (-,-) 
  u_packed_mxfp_aitb_comp_top_PIPE_OUT_col2_stage_reg_reg[0][20]/D              -       -       R     ASYNC_DFFHx1_ASAP7_75t_SL      1    -     -     0    1410    (-,-) 
#------------------------------------------------------------------------------------------------------------------------------------------------------------------------



Path 8: VIOLATED (-524 ps) Setup Check with Pin u_packed_mxfp_aitb_comp_top_PIPE_OUT_col2_stage_reg_reg[0][18]/CLK->D
           View: PVT_0P63V_100C.setup_view
          Group: clk
     Startpoint: (R) u_packed_mxfp_aitb_comp_top_PIPE_OUT_col2_stage_reg_reg[0][11]/CLK
          Clock: (R) clk
       Endpoint: (R) u_packed_mxfp_aitb_comp_top_PIPE_OUT_col2_stage_reg_reg[0][18]/D
          Clock: (R) clk

                     Capture       Launch     
        Clock Edge:+    1000            0     
       Src Latency:+       0            0     
       Net Latency:+       0 (I)        0 (I) 
           Arrival:=    1000            0     
                                              
             Setup:-      14                  
       Uncertainty:-     100                  
     Required Time:=     886                  
      Launch Clock:-       0                  
         Data Path:-    1410                  
             Slack:=    -524                  

#------------------------------------------------------------------------------------------------------------------------------------------------------------------------
#                                 Timing Point                                  Flags    Arc    Edge           Cell             Fanout Load Trans Delay Arrival Instance 
#                                                                                                                                      (fF)  (ps)  (ps)   (ps)  Location 
#------------------------------------------------------------------------------------------------------------------------------------------------------------------------
  u_packed_mxfp_aitb_comp_top_PIPE_OUT_col2_stage_reg_reg[0][11]/CLK            -       -       R     (arrival)                   1219    -     0     0       0    (-,-) 
  u_packed_mxfp_aitb_comp_top_PIPE_OUT_col2_stage_reg_reg[0][11]/QN             -       CLK->QN R     ASYNC_DFFHx1_ASAP7_75t_SL      3  3.5    34    54      54    (-,-) 
  u_packed_mxfp_aitb_comp_top_g46137/Y                                          -       B1->Y   F     AOI22x1_ASAP7_75t_SL           3  2.4    59    16      70    (-,-) 
  u_packed_mxfp_aitb_comp_top_g45354/Y                                          -       B->Y    R     AOI31xp33_ASAP7_75t_SL         1  0.8    49    32     102    (-,-) 
  u_packed_mxfp_aitb_comp_top_g45320/Y                                          -       C->Y    F     O2A1O1Ixp5_ASAP7_75t_SL        1  0.8    30    16     118    (-,-) 
  u_packed_mxfp_aitb_comp_top_g45301/Y                                          -       B->Y    R     AOI21xp5_ASAP7_75t_SL          1  0.9    32    19     138    (-,-) 
  u_packed_mxfp_aitb_comp_top_g45186/Y                                          -       A1->Y   F     OAI21xp5_ASAP7_75t_SL          1  1.4    31    19     156    (-,-) 
  u_packed_mxfp_aitb_comp_top_g45184/Y                                          -       B->Y    R     AOI21x1_ASAP7_75t_SL           2  1.6    30    19     175    (-,-) 
  u_packed_mxfp_aitb_comp_top_g45162/Y                                          -       B->Y    R     OR2x2_ASAP7_75t_SL             1  1.3    14    22     197    (-,-) 
  u_packed_mxfp_aitb_comp_top_g45084/Y                                          -       A->Y    R     AND2x6_ASAP7_75t_SL           16 11.7    28    28     225    (-,-) 
  u_packed_mxfp_aitb_comp_top_g44863/Y                                          -       B2->Y   R     OA22x2_ASAP7_75t_SL            2  2.4    20    25     250    (-,-) 
  u_packed_mxfp_aitb_comp_top_g44773/Y                                          -       D->Y    F     NAND4xp75_ASAP7_75t_SL         2  1.6    29    16     266    (-,-) 
  u_packed_mxfp_aitb_comp_top_g44761/Y                                          -       A->Y    R     INVx1_ASAP7_75t_SL             1  1.6    25    16     282    (-,-) 
  u_packed_mxfp_aitb_comp_top_g44735/Y                                          -       A->Y    F     NAND3x1_ASAP7_75t_SL           1  1.8    22    12     294    (-,-) 
  u_packed_mxfp_aitb_comp_top_g44692/Y                                          -       A->Y    R     NOR4xp75_ASAP7_75t_SL          2  2.3    53    25     319    (-,-) 
  u_packed_mxfp_aitb_comp_top_g44686/Y                                          -       A->Y    F     INVx2_ASAP7_75t_SL             3  2.7    24    13     332    (-,-) 
  u_packed_mxfp_aitb_comp_top_g44496/Y                                          -       A2->Y   R     AOI21x1_ASAP7_75t_SL           3  2.4    34    19     351    (-,-) 
  u_packed_mxfp_aitb_comp_top_g44485/Y                                          -       A->Y    R     BUFx6f_ASAP7_75t_SL            8  5.8    16    21     372    (-,-) 
  u_packed_mxfp_aitb_comp_top_g44418/Y                                          -       A1->Y   F     OAI22xp5_ASAP7_75t_SL          2  2.0    56    20     392    (-,-) 
  u_packed_mxfp_aitb_comp_top_g46585/Y                                          -       C->Y    F     OR4x1_ASAP7_75t_SL             1  1.3    23    42     434    (-,-) 
  u_packed_mxfp_aitb_comp_top_g44271/Y                                          -       A->Y    R     NOR2x1_ASAP7_75t_SL            1  0.8    17    11     445    (-,-) 
  u_packed_mxfp_aitb_comp_top_g44206/Y                                          -       B2->Y   F     OAI22xp5_ASAP7_75t_SL          1  1.4    43    15     460    (-,-) 
  u_packed_mxfp_aitb_comp_top_g44149/Y                                          -       B->Y    R     AOI21x1_ASAP7_75t_SL           1  1.8    35    22     482    (-,-) 
  u_packed_mxfp_aitb_comp_top_g44091/Y                                          -       A->Y    F     NAND4xp75_ASAP7_75t_SL         2  2.4    40    20     502    (-,-) 
  u_packed_mxfp_aitb_comp_top_g44069/Y                                          -       A->Y    R     NOR2x1p5_ASAP7_75t_SL          2  1.8    36    14     516    (-,-) 
  u_packed_mxfp_aitb_comp_top_addinc_FP32_ALU_col2_fracAdder_add_113_18_g1569/Y -       A->Y    R     AND2x4_ASAP7_75t_SL            2  2.3    14    19     535    (-,-) 
  u_packed_mxfp_aitb_comp_top_addinc_FP32_ALU_col2_fracAdder_add_113_18_g1503/Y -       B->Y    F     NAND2x1p5_ASAP7_75t_SL         2  1.3    23     8     543    (-,-) 
  u_packed_mxfp_aitb_comp_top_addinc_FP32_ALU_col2_fracAdder_add_113_18_g1441/Y -       A3->Y   R     OAI321xp33_ASAP7_75t_SL        2  1.8    79    37     580    (-,-) 
  u_packed_mxfp_aitb_comp_top_addinc_FP32_ALU_col2_fracAdder_add_113_18_g1410/Y -       A->Y    F     NAND2x1_ASAP7_75t_SL           1  1.8    30    11     591    (-,-) 
  u_packed_mxfp_aitb_comp_top_addinc_FP32_ALU_col2_fracAdder_add_113_18_g1406/Y -       A->Y    R     NAND2x1p5_ASAP7_75t_SL         3  2.3    28    19     610    (-,-) 
  u_packed_mxfp_aitb_comp_top_addinc_FP32_ALU_col2_fracAdder_add_113_18_g1391/Y -       A->Y    F     NAND2xp5_ASAP7_75t_SL          1  1.3    24    13     624    (-,-) 
  u_packed_mxfp_aitb_comp_top_addinc_FP32_ALU_col2_fracAdder_add_113_18_g1378/Y -       B->Y    F     AND2x4_ASAP7_75t_SL           16 11.8    27    31     654    (-,-) 
  u_packed_mxfp_aitb_comp_top_addinc_FP32_ALU_col2_fracAdder_add_113_18_g1367/Y -       B->Y    F     XOR2xp5_ASAP7_75t_SL           1  1.5    34    25     679    (-,-) 
  u_packed_mxfp_aitb_comp_top_g42902/Y                                          -       A->Y    R     INVx2_ASAP7_75t_SL             2  1.3    17    11     690    (-,-) 
  u_packed_mxfp_aitb_comp_top_g42087/Y                                          -       A->Y    F     NAND3xp33_ASAP7_75t_SL         1  0.8    29    14     704    (-,-) 
  u_packed_mxfp_aitb_comp_top_g41901/Y                                          -       A->Y    R     NOR3xp33_ASAP7_75t_SL          1  1.3    52    28     732    (-,-) 
  u_packed_mxfp_aitb_comp_top_g41897/Y                                          -       C->Y    R     AND3x4_ASAP7_75t_SL            9  9.0    32    35     768    (-,-) 
  u_packed_mxfp_aitb_comp_top_g41873/Y                                          -       A2->Y   F     AOI21x1_ASAP7_75t_SL           2  1.3    28    11     778    (-,-) 
  u_packed_mxfp_aitb_comp_top_g41834/Y                                          -       B->Y    F     AND3x2_ASAP7_75t_SL            2  3.2    18    25     803    (-,-) 
  u_packed_mxfp_aitb_comp_top_g41826/Y                                          -       C->Y    R     NAND3x2_ASAP7_75t_SL           6  4.2    40    24     827    (-,-) 
  u_packed_mxfp_aitb_comp_top_g41803/Y                                          -       B->Y    R     OR2x2_ASAP7_75t_SL             1  1.2    13    23     850    (-,-) 
  u_packed_mxfp_aitb_comp_top_g41770/Y                                          -       D->Y    R     AND5x2_ASAP7_75t_SL            3  3.2    27    39     889    (-,-) 
  fopt124827/Y                                                                  -       A->Y    R     BUFx6f_ASAP7_75t_SL            4  3.6    12    19     908    (-,-) 
  fopt124825/Y                                                                  -       A->Y    F     INVx2_ASAP7_75t_SL             1  0.9     7     5     913    (-,-) 
  u_packed_mxfp_aitb_comp_top_g41764/Y                                          -       A1->Y   R     OAI21xp5_ASAP7_75t_SL          1  1.4    50    18     931    (-,-) 
  u_packed_mxfp_aitb_comp_top_g41727/Y                                          -       B->Y    F     AOI21x1_ASAP7_75t_SL           1  2.2    38    18     949    (-,-) 
  u_packed_mxfp_aitb_comp_top_g41721/Y                                          -       A->Y    R     NAND2x2_ASAP7_75t_SL           2  3.6    34    24     973    (-,-) 
  u_packed_mxfp_aitb_comp_top_g41719/Y                                          -       A->Y    F     INVx2_ASAP7_75t_SL             1  0.9    13     7     980    (-,-) 
  u_packed_mxfp_aitb_comp_top_g41707/Y                                          -       A1->Y   F     OA21x2_ASAP7_75t_SL            3  3.9    22    28    1008    (-,-) 
  fopt125215/Y                                                                  -       A->Y    R     INVx4_ASAP7_75t_SL             2  2.7    14    10    1017    (-,-) 
  fopt125214/Y                                                                  -       A->Y    F     INVx2_ASAP7_75t_SL             3  2.3    12     8    1026    (-,-) 
  u_packed_mxfp_aitb_comp_top_g41495/Y                                          -       A1->Y   F     OA21x2_ASAP7_75t_SL            2  2.2    19    24    1050    (-,-) 
  fopt125030/Y                                                                  -       A->Y    R     INVx2_ASAP7_75t_SL             2  1.4    13     9    1059    (-,-) 
  u_packed_mxfp_aitb_comp_top_g41285/Y                                          -       B1->Y   F     AOI22xp5_ASAP7_75t_SL          2  1.5    50    15    1074    (-,-) 
  u_packed_mxfp_aitb_comp_top_g41183/Y                                          -       B->Y    F     AND2x2_ASAP7_75t_SL            2  1.5    14    28    1102    (-,-) 
  u_packed_mxfp_aitb_comp_top_g41063/Y                                          -       A1->Y   R     OAI21xp5_ASAP7_75t_SL          2  2.5    55    28    1130    (-,-) 
  u_packed_mxfp_aitb_comp_top_g40913/Y                                          -       A2->Y   F     AOI21x1_ASAP7_75t_SL           2  2.6    34    16    1146    (-,-) 
  u_packed_mxfp_aitb_comp_top_g40827/Y                                          -       A1->Y   R     OAI21xp5_ASAP7_75t_SL          2  2.5    58    30    1176    (-,-) 
  u_packed_mxfp_aitb_comp_top_g40773/Y                                          -       B->Y    R     XOR2xp5_ASAP7_75t_SL           2  1.3    41    30    1206    (-,-) 
  u_packed_mxfp_aitb_comp_top_g40741/Y                                          -       B->Y    R     OR2x2_ASAP7_75t_SL             2  2.2    18    26    1232    (-,-) 
  fopt125048/Y                                                                  -       A->Y    F     INVx2_ASAP7_75t_SL             2  1.5    11     7    1239    (-,-) 
  u_packed_mxfp_aitb_comp_top_g40670/Y                                          -       C->Y    R     NAND3xp33_ASAP7_75t_SL         1  1.3    30    17    1256    (-,-) 
  u_packed_mxfp_aitb_comp_top_g40585/Y                                          -       A->Y    F     NOR2x1_ASAP7_75t_SL            1  0.8    20    13    1269    (-,-) 
  u_packed_mxfp_aitb_comp_top_g40551/Y                                          -       A->Y    R     NAND2xp5_ASAP7_75t_SL          1  1.2    27    17    1287    (-,-) 
  u_packed_mxfp_aitb_comp_top_g40527/Y                                          -       B->Y    R     XNOR2xp5_ASAP7_75t_SL          2  1.3    40    21    1308    (-,-) 
  u_packed_mxfp_aitb_comp_top_g40513/Y                                          -       B->Y    F     NAND3xp33_ASAP7_75t_SL         1  0.9    32    17    1325    (-,-) 
  u_packed_mxfp_aitb_comp_top_g40510/Y                                          -       A2->Y   R     OAI21xp5_ASAP7_75t_SL          1  1.3    49    23    1348    (-,-) 
  u_packed_mxfp_aitb_comp_top_g40509/Y                                          -       B->Y    R     AND2x4_ASAP7_75t_SL            9 10.1    34    32    1380    (-,-) 
  u_packed_mxfp_aitb_comp_top_g40508/Y                                          -       A->Y    F     INVx8_ASAP7_75t_SL            23 15.3    24    15    1395    (-,-) 
  u_packed_mxfp_aitb_comp_top_g40463/Y                                          -       B->Y    R     NAND2xp5_ASAP7_75t_SL          1  0.9    25    15    1410    (-,-) 
  u_packed_mxfp_aitb_comp_top_PIPE_OUT_col2_stage_reg_reg[0][18]/D              -       -       R     ASYNC_DFFHx1_ASAP7_75t_SL      1    -     -     0    1410    (-,-) 
#------------------------------------------------------------------------------------------------------------------------------------------------------------------------



Path 9: VIOLATED (-524 ps) Setup Check with Pin u_packed_mxfp_aitb_comp_top_PIPE_OUT_col2_stage_reg_reg[0][17]/CLK->D
           View: PVT_0P63V_100C.setup_view
          Group: clk
     Startpoint: (R) u_packed_mxfp_aitb_comp_top_PIPE_OUT_col2_stage_reg_reg[0][11]/CLK
          Clock: (R) clk
       Endpoint: (R) u_packed_mxfp_aitb_comp_top_PIPE_OUT_col2_stage_reg_reg[0][17]/D
          Clock: (R) clk

                     Capture       Launch     
        Clock Edge:+    1000            0     
       Src Latency:+       0            0     
       Net Latency:+       0 (I)        0 (I) 
           Arrival:=    1000            0     
                                              
             Setup:-      14                  
       Uncertainty:-     100                  
     Required Time:=     886                  
      Launch Clock:-       0                  
         Data Path:-    1410                  
             Slack:=    -524                  

#------------------------------------------------------------------------------------------------------------------------------------------------------------------------
#                                 Timing Point                                  Flags    Arc    Edge           Cell             Fanout Load Trans Delay Arrival Instance 
#                                                                                                                                      (fF)  (ps)  (ps)   (ps)  Location 
#------------------------------------------------------------------------------------------------------------------------------------------------------------------------
  u_packed_mxfp_aitb_comp_top_PIPE_OUT_col2_stage_reg_reg[0][11]/CLK            -       -       R     (arrival)                   1219    -     0     0       0    (-,-) 
  u_packed_mxfp_aitb_comp_top_PIPE_OUT_col2_stage_reg_reg[0][11]/QN             -       CLK->QN R     ASYNC_DFFHx1_ASAP7_75t_SL      3  3.5    34    54      54    (-,-) 
  u_packed_mxfp_aitb_comp_top_g46137/Y                                          -       B1->Y   F     AOI22x1_ASAP7_75t_SL           3  2.4    59    16      70    (-,-) 
  u_packed_mxfp_aitb_comp_top_g45354/Y                                          -       B->Y    R     AOI31xp33_ASAP7_75t_SL         1  0.8    49    32     102    (-,-) 
  u_packed_mxfp_aitb_comp_top_g45320/Y                                          -       C->Y    F     O2A1O1Ixp5_ASAP7_75t_SL        1  0.8    30    16     118    (-,-) 
  u_packed_mxfp_aitb_comp_top_g45301/Y                                          -       B->Y    R     AOI21xp5_ASAP7_75t_SL          1  0.9    32    19     138    (-,-) 
  u_packed_mxfp_aitb_comp_top_g45186/Y                                          -       A1->Y   F     OAI21xp5_ASAP7_75t_SL          1  1.4    31    19     156    (-,-) 
  u_packed_mxfp_aitb_comp_top_g45184/Y                                          -       B->Y    R     AOI21x1_ASAP7_75t_SL           2  1.6    30    19     175    (-,-) 
  u_packed_mxfp_aitb_comp_top_g45162/Y                                          -       B->Y    R     OR2x2_ASAP7_75t_SL             1  1.3    14    22     197    (-,-) 
  u_packed_mxfp_aitb_comp_top_g45084/Y                                          -       A->Y    R     AND2x6_ASAP7_75t_SL           16 11.7    28    28     225    (-,-) 
  u_packed_mxfp_aitb_comp_top_g44863/Y                                          -       B2->Y   R     OA22x2_ASAP7_75t_SL            2  2.4    20    25     250    (-,-) 
  u_packed_mxfp_aitb_comp_top_g44773/Y                                          -       D->Y    F     NAND4xp75_ASAP7_75t_SL         2  1.6    29    16     266    (-,-) 
  u_packed_mxfp_aitb_comp_top_g44761/Y                                          -       A->Y    R     INVx1_ASAP7_75t_SL             1  1.6    25    16     282    (-,-) 
  u_packed_mxfp_aitb_comp_top_g44735/Y                                          -       A->Y    F     NAND3x1_ASAP7_75t_SL           1  1.8    22    12     294    (-,-) 
  u_packed_mxfp_aitb_comp_top_g44692/Y                                          -       A->Y    R     NOR4xp75_ASAP7_75t_SL          2  2.3    53    25     319    (-,-) 
  u_packed_mxfp_aitb_comp_top_g44686/Y                                          -       A->Y    F     INVx2_ASAP7_75t_SL             3  2.7    24    13     332    (-,-) 
  u_packed_mxfp_aitb_comp_top_g44496/Y                                          -       A2->Y   R     AOI21x1_ASAP7_75t_SL           3  2.4    34    19     351    (-,-) 
  u_packed_mxfp_aitb_comp_top_g44485/Y                                          -       A->Y    R     BUFx6f_ASAP7_75t_SL            8  5.8    16    21     372    (-,-) 
  u_packed_mxfp_aitb_comp_top_g44418/Y                                          -       A1->Y   F     OAI22xp5_ASAP7_75t_SL          2  2.0    56    20     392    (-,-) 
  u_packed_mxfp_aitb_comp_top_g46585/Y                                          -       C->Y    F     OR4x1_ASAP7_75t_SL             1  1.3    23    42     434    (-,-) 
  u_packed_mxfp_aitb_comp_top_g44271/Y                                          -       A->Y    R     NOR2x1_ASAP7_75t_SL            1  0.8    17    11     445    (-,-) 
  u_packed_mxfp_aitb_comp_top_g44206/Y                                          -       B2->Y   F     OAI22xp5_ASAP7_75t_SL          1  1.4    43    15     460    (-,-) 
  u_packed_mxfp_aitb_comp_top_g44149/Y                                          -       B->Y    R     AOI21x1_ASAP7_75t_SL           1  1.8    35    22     482    (-,-) 
  u_packed_mxfp_aitb_comp_top_g44091/Y                                          -       A->Y    F     NAND4xp75_ASAP7_75t_SL         2  2.4    40    20     502    (-,-) 
  u_packed_mxfp_aitb_comp_top_g44069/Y                                          -       A->Y    R     NOR2x1p5_ASAP7_75t_SL          2  1.8    36    14     516    (-,-) 
  u_packed_mxfp_aitb_comp_top_addinc_FP32_ALU_col2_fracAdder_add_113_18_g1569/Y -       A->Y    R     AND2x4_ASAP7_75t_SL            2  2.3    14    19     535    (-,-) 
  u_packed_mxfp_aitb_comp_top_addinc_FP32_ALU_col2_fracAdder_add_113_18_g1503/Y -       B->Y    F     NAND2x1p5_ASAP7_75t_SL         2  1.3    23     8     543    (-,-) 
  u_packed_mxfp_aitb_comp_top_addinc_FP32_ALU_col2_fracAdder_add_113_18_g1441/Y -       A3->Y   R     OAI321xp33_ASAP7_75t_SL        2  1.8    79    37     580    (-,-) 
  u_packed_mxfp_aitb_comp_top_addinc_FP32_ALU_col2_fracAdder_add_113_18_g1410/Y -       A->Y    F     NAND2x1_ASAP7_75t_SL           1  1.8    30    11     591    (-,-) 
  u_packed_mxfp_aitb_comp_top_addinc_FP32_ALU_col2_fracAdder_add_113_18_g1406/Y -       A->Y    R     NAND2x1p5_ASAP7_75t_SL         3  2.3    28    19     610    (-,-) 
  u_packed_mxfp_aitb_comp_top_addinc_FP32_ALU_col2_fracAdder_add_113_18_g1391/Y -       A->Y    F     NAND2xp5_ASAP7_75t_SL          1  1.3    24    13     624    (-,-) 
  u_packed_mxfp_aitb_comp_top_addinc_FP32_ALU_col2_fracAdder_add_113_18_g1378/Y -       B->Y    F     AND2x4_ASAP7_75t_SL           16 11.8    27    31     654    (-,-) 
  u_packed_mxfp_aitb_comp_top_addinc_FP32_ALU_col2_fracAdder_add_113_18_g1367/Y -       B->Y    F     XOR2xp5_ASAP7_75t_SL           1  1.5    34    25     679    (-,-) 
  u_packed_mxfp_aitb_comp_top_g42902/Y                                          -       A->Y    R     INVx2_ASAP7_75t_SL             2  1.3    17    11     690    (-,-) 
  u_packed_mxfp_aitb_comp_top_g42087/Y                                          -       A->Y    F     NAND3xp33_ASAP7_75t_SL         1  0.8    29    14     704    (-,-) 
  u_packed_mxfp_aitb_comp_top_g41901/Y                                          -       A->Y    R     NOR3xp33_ASAP7_75t_SL          1  1.3    52    28     732    (-,-) 
  u_packed_mxfp_aitb_comp_top_g41897/Y                                          -       C->Y    R     AND3x4_ASAP7_75t_SL            9  9.0    32    35     768    (-,-) 
  u_packed_mxfp_aitb_comp_top_g41873/Y                                          -       A2->Y   F     AOI21x1_ASAP7_75t_SL           2  1.3    28    11     778    (-,-) 
  u_packed_mxfp_aitb_comp_top_g41834/Y                                          -       B->Y    F     AND3x2_ASAP7_75t_SL            2  3.2    18    25     803    (-,-) 
  u_packed_mxfp_aitb_comp_top_g41826/Y                                          -       C->Y    R     NAND3x2_ASAP7_75t_SL           6  4.2    40    24     827    (-,-) 
  u_packed_mxfp_aitb_comp_top_g41803/Y                                          -       B->Y    R     OR2x2_ASAP7_75t_SL             1  1.2    13    23     850    (-,-) 
  u_packed_mxfp_aitb_comp_top_g41770/Y                                          -       D->Y    R     AND5x2_ASAP7_75t_SL            3  3.2    27    39     889    (-,-) 
  fopt124827/Y                                                                  -       A->Y    R     BUFx6f_ASAP7_75t_SL            4  3.6    12    19     908    (-,-) 
  fopt124825/Y                                                                  -       A->Y    F     INVx2_ASAP7_75t_SL             1  0.9     7     5     913    (-,-) 
  u_packed_mxfp_aitb_comp_top_g41764/Y                                          -       A1->Y   R     OAI21xp5_ASAP7_75t_SL          1  1.4    50    18     931    (-,-) 
  u_packed_mxfp_aitb_comp_top_g41727/Y                                          -       B->Y    F     AOI21x1_ASAP7_75t_SL           1  2.2    38    18     949    (-,-) 
  u_packed_mxfp_aitb_comp_top_g41721/Y                                          -       A->Y    R     NAND2x2_ASAP7_75t_SL           2  3.6    34    24     973    (-,-) 
  u_packed_mxfp_aitb_comp_top_g41719/Y                                          -       A->Y    F     INVx2_ASAP7_75t_SL             1  0.9    13     7     980    (-,-) 
  u_packed_mxfp_aitb_comp_top_g41707/Y                                          -       A1->Y   F     OA21x2_ASAP7_75t_SL            3  3.9    22    28    1008    (-,-) 
  fopt125215/Y                                                                  -       A->Y    R     INVx4_ASAP7_75t_SL             2  2.7    14    10    1017    (-,-) 
  fopt125214/Y                                                                  -       A->Y    F     INVx2_ASAP7_75t_SL             3  2.3    12     8    1026    (-,-) 
  u_packed_mxfp_aitb_comp_top_g41495/Y                                          -       A1->Y   F     OA21x2_ASAP7_75t_SL            2  2.2    19    24    1050    (-,-) 
  fopt125030/Y                                                                  -       A->Y    R     INVx2_ASAP7_75t_SL             2  1.4    13     9    1059    (-,-) 
  u_packed_mxfp_aitb_comp_top_g41285/Y                                          -       B1->Y   F     AOI22xp5_ASAP7_75t_SL          2  1.5    50    15    1074    (-,-) 
  u_packed_mxfp_aitb_comp_top_g41183/Y                                          -       B->Y    F     AND2x2_ASAP7_75t_SL            2  1.5    14    28    1102    (-,-) 
  u_packed_mxfp_aitb_comp_top_g41063/Y                                          -       A1->Y   R     OAI21xp5_ASAP7_75t_SL          2  2.5    55    28    1130    (-,-) 
  u_packed_mxfp_aitb_comp_top_g40913/Y                                          -       A2->Y   F     AOI21x1_ASAP7_75t_SL           2  2.6    34    16    1146    (-,-) 
  u_packed_mxfp_aitb_comp_top_g40827/Y                                          -       A1->Y   R     OAI21xp5_ASAP7_75t_SL          2  2.5    58    30    1176    (-,-) 
  u_packed_mxfp_aitb_comp_top_g40773/Y                                          -       B->Y    R     XOR2xp5_ASAP7_75t_SL           2  1.3    41    30    1206    (-,-) 
  u_packed_mxfp_aitb_comp_top_g40741/Y                                          -       B->Y    R     OR2x2_ASAP7_75t_SL             2  2.2    18    26    1232    (-,-) 
  fopt125048/Y                                                                  -       A->Y    F     INVx2_ASAP7_75t_SL             2  1.5    11     7    1239    (-,-) 
  u_packed_mxfp_aitb_comp_top_g40670/Y                                          -       C->Y    R     NAND3xp33_ASAP7_75t_SL         1  1.3    30    17    1256    (-,-) 
  u_packed_mxfp_aitb_comp_top_g40585/Y                                          -       A->Y    F     NOR2x1_ASAP7_75t_SL            1  0.8    20    13    1269    (-,-) 
  u_packed_mxfp_aitb_comp_top_g40551/Y                                          -       A->Y    R     NAND2xp5_ASAP7_75t_SL          1  1.2    27    17    1287    (-,-) 
  u_packed_mxfp_aitb_comp_top_g40527/Y                                          -       B->Y    R     XNOR2xp5_ASAP7_75t_SL          2  1.3    40    21    1308    (-,-) 
  u_packed_mxfp_aitb_comp_top_g40513/Y                                          -       B->Y    F     NAND3xp33_ASAP7_75t_SL         1  0.9    32    17    1325    (-,-) 
  u_packed_mxfp_aitb_comp_top_g40510/Y                                          -       A2->Y   R     OAI21xp5_ASAP7_75t_SL          1  1.3    49    23    1348    (-,-) 
  u_packed_mxfp_aitb_comp_top_g40509/Y                                          -       B->Y    R     AND2x4_ASAP7_75t_SL            9 10.1    34    32    1380    (-,-) 
  u_packed_mxfp_aitb_comp_top_g40508/Y                                          -       A->Y    F     INVx8_ASAP7_75t_SL            23 15.3    24    15    1395    (-,-) 
  u_packed_mxfp_aitb_comp_top_g40450/Y                                          -       B->Y    R     NAND2xp5_ASAP7_75t_SL          1  0.9    25    15    1410    (-,-) 
  u_packed_mxfp_aitb_comp_top_PIPE_OUT_col2_stage_reg_reg[0][17]/D              -       -       R     ASYNC_DFFHx1_ASAP7_75t_SL      1    -     -     0    1410    (-,-) 
#------------------------------------------------------------------------------------------------------------------------------------------------------------------------



Path 10: VIOLATED (-524 ps) Setup Check with Pin u_packed_mxfp_aitb_comp_top_PIPE_OUT_col2_stage_reg_reg[0][16]/CLK->D
           View: PVT_0P63V_100C.setup_view
          Group: clk
     Startpoint: (R) u_packed_mxfp_aitb_comp_top_PIPE_OUT_col2_stage_reg_reg[0][11]/CLK
          Clock: (R) clk
       Endpoint: (R) u_packed_mxfp_aitb_comp_top_PIPE_OUT_col2_stage_reg_reg[0][16]/D
          Clock: (R) clk

                     Capture       Launch     
        Clock Edge:+    1000            0     
       Src Latency:+       0            0     
       Net Latency:+       0 (I)        0 (I) 
           Arrival:=    1000            0     
                                              
             Setup:-      14                  
       Uncertainty:-     100                  
     Required Time:=     886                  
      Launch Clock:-       0                  
         Data Path:-    1410                  
             Slack:=    -524                  

#------------------------------------------------------------------------------------------------------------------------------------------------------------------------
#                                 Timing Point                                  Flags    Arc    Edge           Cell             Fanout Load Trans Delay Arrival Instance 
#                                                                                                                                      (fF)  (ps)  (ps)   (ps)  Location 
#------------------------------------------------------------------------------------------------------------------------------------------------------------------------
  u_packed_mxfp_aitb_comp_top_PIPE_OUT_col2_stage_reg_reg[0][11]/CLK            -       -       R     (arrival)                   1219    -     0     0       0    (-,-) 
  u_packed_mxfp_aitb_comp_top_PIPE_OUT_col2_stage_reg_reg[0][11]/QN             -       CLK->QN R     ASYNC_DFFHx1_ASAP7_75t_SL      3  3.5    34    54      54    (-,-) 
  u_packed_mxfp_aitb_comp_top_g46137/Y                                          -       B1->Y   F     AOI22x1_ASAP7_75t_SL           3  2.4    59    16      70    (-,-) 
  u_packed_mxfp_aitb_comp_top_g45354/Y                                          -       B->Y    R     AOI31xp33_ASAP7_75t_SL         1  0.8    49    32     102    (-,-) 
  u_packed_mxfp_aitb_comp_top_g45320/Y                                          -       C->Y    F     O2A1O1Ixp5_ASAP7_75t_SL        1  0.8    30    16     118    (-,-) 
  u_packed_mxfp_aitb_comp_top_g45301/Y                                          -       B->Y    R     AOI21xp5_ASAP7_75t_SL          1  0.9    32    19     138    (-,-) 
  u_packed_mxfp_aitb_comp_top_g45186/Y                                          -       A1->Y   F     OAI21xp5_ASAP7_75t_SL          1  1.4    31    19     156    (-,-) 
  u_packed_mxfp_aitb_comp_top_g45184/Y                                          -       B->Y    R     AOI21x1_ASAP7_75t_SL           2  1.6    30    19     175    (-,-) 
  u_packed_mxfp_aitb_comp_top_g45162/Y                                          -       B->Y    R     OR2x2_ASAP7_75t_SL             1  1.3    14    22     197    (-,-) 
  u_packed_mxfp_aitb_comp_top_g45084/Y                                          -       A->Y    R     AND2x6_ASAP7_75t_SL           16 11.7    28    28     225    (-,-) 
  u_packed_mxfp_aitb_comp_top_g44863/Y                                          -       B2->Y   R     OA22x2_ASAP7_75t_SL            2  2.4    20    25     250    (-,-) 
  u_packed_mxfp_aitb_comp_top_g44773/Y                                          -       D->Y    F     NAND4xp75_ASAP7_75t_SL         2  1.6    29    16     266    (-,-) 
  u_packed_mxfp_aitb_comp_top_g44761/Y                                          -       A->Y    R     INVx1_ASAP7_75t_SL             1  1.6    25    16     282    (-,-) 
  u_packed_mxfp_aitb_comp_top_g44735/Y                                          -       A->Y    F     NAND3x1_ASAP7_75t_SL           1  1.8    22    12     294    (-,-) 
  u_packed_mxfp_aitb_comp_top_g44692/Y                                          -       A->Y    R     NOR4xp75_ASAP7_75t_SL          2  2.3    53    25     319    (-,-) 
  u_packed_mxfp_aitb_comp_top_g44686/Y                                          -       A->Y    F     INVx2_ASAP7_75t_SL             3  2.7    24    13     332    (-,-) 
  u_packed_mxfp_aitb_comp_top_g44496/Y                                          -       A2->Y   R     AOI21x1_ASAP7_75t_SL           3  2.4    34    19     351    (-,-) 
  u_packed_mxfp_aitb_comp_top_g44485/Y                                          -       A->Y    R     BUFx6f_ASAP7_75t_SL            8  5.8    16    21     372    (-,-) 
  u_packed_mxfp_aitb_comp_top_g44418/Y                                          -       A1->Y   F     OAI22xp5_ASAP7_75t_SL          2  2.0    56    20     392    (-,-) 
  u_packed_mxfp_aitb_comp_top_g46585/Y                                          -       C->Y    F     OR4x1_ASAP7_75t_SL             1  1.3    23    42     434    (-,-) 
  u_packed_mxfp_aitb_comp_top_g44271/Y                                          -       A->Y    R     NOR2x1_ASAP7_75t_SL            1  0.8    17    11     445    (-,-) 
  u_packed_mxfp_aitb_comp_top_g44206/Y                                          -       B2->Y   F     OAI22xp5_ASAP7_75t_SL          1  1.4    43    15     460    (-,-) 
  u_packed_mxfp_aitb_comp_top_g44149/Y                                          -       B->Y    R     AOI21x1_ASAP7_75t_SL           1  1.8    35    22     482    (-,-) 
  u_packed_mxfp_aitb_comp_top_g44091/Y                                          -       A->Y    F     NAND4xp75_ASAP7_75t_SL         2  2.4    40    20     502    (-,-) 
  u_packed_mxfp_aitb_comp_top_g44069/Y                                          -       A->Y    R     NOR2x1p5_ASAP7_75t_SL          2  1.8    36    14     516    (-,-) 
  u_packed_mxfp_aitb_comp_top_addinc_FP32_ALU_col2_fracAdder_add_113_18_g1569/Y -       A->Y    R     AND2x4_ASAP7_75t_SL            2  2.3    14    19     535    (-,-) 
  u_packed_mxfp_aitb_comp_top_addinc_FP32_ALU_col2_fracAdder_add_113_18_g1503/Y -       B->Y    F     NAND2x1p5_ASAP7_75t_SL         2  1.3    23     8     543    (-,-) 
  u_packed_mxfp_aitb_comp_top_addinc_FP32_ALU_col2_fracAdder_add_113_18_g1441/Y -       A3->Y   R     OAI321xp33_ASAP7_75t_SL        2  1.8    79    37     580    (-,-) 
  u_packed_mxfp_aitb_comp_top_addinc_FP32_ALU_col2_fracAdder_add_113_18_g1410/Y -       A->Y    F     NAND2x1_ASAP7_75t_SL           1  1.8    30    11     591    (-,-) 
  u_packed_mxfp_aitb_comp_top_addinc_FP32_ALU_col2_fracAdder_add_113_18_g1406/Y -       A->Y    R     NAND2x1p5_ASAP7_75t_SL         3  2.3    28    19     610    (-,-) 
  u_packed_mxfp_aitb_comp_top_addinc_FP32_ALU_col2_fracAdder_add_113_18_g1391/Y -       A->Y    F     NAND2xp5_ASAP7_75t_SL          1  1.3    24    13     624    (-,-) 
  u_packed_mxfp_aitb_comp_top_addinc_FP32_ALU_col2_fracAdder_add_113_18_g1378/Y -       B->Y    F     AND2x4_ASAP7_75t_SL           16 11.8    27    31     654    (-,-) 
  u_packed_mxfp_aitb_comp_top_addinc_FP32_ALU_col2_fracAdder_add_113_18_g1367/Y -       B->Y    F     XOR2xp5_ASAP7_75t_SL           1  1.5    34    25     679    (-,-) 
  u_packed_mxfp_aitb_comp_top_g42902/Y                                          -       A->Y    R     INVx2_ASAP7_75t_SL             2  1.3    17    11     690    (-,-) 
  u_packed_mxfp_aitb_comp_top_g42087/Y                                          -       A->Y    F     NAND3xp33_ASAP7_75t_SL         1  0.8    29    14     704    (-,-) 
  u_packed_mxfp_aitb_comp_top_g41901/Y                                          -       A->Y    R     NOR3xp33_ASAP7_75t_SL          1  1.3    52    28     732    (-,-) 
  u_packed_mxfp_aitb_comp_top_g41897/Y                                          -       C->Y    R     AND3x4_ASAP7_75t_SL            9  9.0    32    35     768    (-,-) 
  u_packed_mxfp_aitb_comp_top_g41873/Y                                          -       A2->Y   F     AOI21x1_ASAP7_75t_SL           2  1.3    28    11     778    (-,-) 
  u_packed_mxfp_aitb_comp_top_g41834/Y                                          -       B->Y    F     AND3x2_ASAP7_75t_SL            2  3.2    18    25     803    (-,-) 
  u_packed_mxfp_aitb_comp_top_g41826/Y                                          -       C->Y    R     NAND3x2_ASAP7_75t_SL           6  4.2    40    24     827    (-,-) 
  u_packed_mxfp_aitb_comp_top_g41803/Y                                          -       B->Y    R     OR2x2_ASAP7_75t_SL             1  1.2    13    23     850    (-,-) 
  u_packed_mxfp_aitb_comp_top_g41770/Y                                          -       D->Y    R     AND5x2_ASAP7_75t_SL            3  3.2    27    39     889    (-,-) 
  fopt124827/Y                                                                  -       A->Y    R     BUFx6f_ASAP7_75t_SL            4  3.6    12    19     908    (-,-) 
  fopt124825/Y                                                                  -       A->Y    F     INVx2_ASAP7_75t_SL             1  0.9     7     5     913    (-,-) 
  u_packed_mxfp_aitb_comp_top_g41764/Y                                          -       A1->Y   R     OAI21xp5_ASAP7_75t_SL          1  1.4    50    18     931    (-,-) 
  u_packed_mxfp_aitb_comp_top_g41727/Y                                          -       B->Y    F     AOI21x1_ASAP7_75t_SL           1  2.2    38    18     949    (-,-) 
  u_packed_mxfp_aitb_comp_top_g41721/Y                                          -       A->Y    R     NAND2x2_ASAP7_75t_SL           2  3.6    34    24     973    (-,-) 
  u_packed_mxfp_aitb_comp_top_g41719/Y                                          -       A->Y    F     INVx2_ASAP7_75t_SL             1  0.9    13     7     980    (-,-) 
  u_packed_mxfp_aitb_comp_top_g41707/Y                                          -       A1->Y   F     OA21x2_ASAP7_75t_SL            3  3.9    22    28    1008    (-,-) 
  fopt125215/Y                                                                  -       A->Y    R     INVx4_ASAP7_75t_SL             2  2.7    14    10    1017    (-,-) 
  fopt125214/Y                                                                  -       A->Y    F     INVx2_ASAP7_75t_SL             3  2.3    12     8    1026    (-,-) 
  u_packed_mxfp_aitb_comp_top_g41495/Y                                          -       A1->Y   F     OA21x2_ASAP7_75t_SL            2  2.2    19    24    1050    (-,-) 
  fopt125030/Y                                                                  -       A->Y    R     INVx2_ASAP7_75t_SL             2  1.4    13     9    1059    (-,-) 
  u_packed_mxfp_aitb_comp_top_g41285/Y                                          -       B1->Y   F     AOI22xp5_ASAP7_75t_SL          2  1.5    50    15    1074    (-,-) 
  u_packed_mxfp_aitb_comp_top_g41183/Y                                          -       B->Y    F     AND2x2_ASAP7_75t_SL            2  1.5    14    28    1102    (-,-) 
  u_packed_mxfp_aitb_comp_top_g41063/Y                                          -       A1->Y   R     OAI21xp5_ASAP7_75t_SL          2  2.5    55    28    1130    (-,-) 
  u_packed_mxfp_aitb_comp_top_g40913/Y                                          -       A2->Y   F     AOI21x1_ASAP7_75t_SL           2  2.6    34    16    1146    (-,-) 
  u_packed_mxfp_aitb_comp_top_g40827/Y                                          -       A1->Y   R     OAI21xp5_ASAP7_75t_SL          2  2.5    58    30    1176    (-,-) 
  u_packed_mxfp_aitb_comp_top_g40773/Y                                          -       B->Y    R     XOR2xp5_ASAP7_75t_SL           2  1.3    41    30    1206    (-,-) 
  u_packed_mxfp_aitb_comp_top_g40741/Y                                          -       B->Y    R     OR2x2_ASAP7_75t_SL             2  2.2    18    26    1232    (-,-) 
  fopt125048/Y                                                                  -       A->Y    F     INVx2_ASAP7_75t_SL             2  1.5    11     7    1239    (-,-) 
  u_packed_mxfp_aitb_comp_top_g40670/Y                                          -       C->Y    R     NAND3xp33_ASAP7_75t_SL         1  1.3    30    17    1256    (-,-) 
  u_packed_mxfp_aitb_comp_top_g40585/Y                                          -       A->Y    F     NOR2x1_ASAP7_75t_SL            1  0.8    20    13    1269    (-,-) 
  u_packed_mxfp_aitb_comp_top_g40551/Y                                          -       A->Y    R     NAND2xp5_ASAP7_75t_SL          1  1.2    27    17    1287    (-,-) 
  u_packed_mxfp_aitb_comp_top_g40527/Y                                          -       B->Y    R     XNOR2xp5_ASAP7_75t_SL          2  1.3    40    21    1308    (-,-) 
  u_packed_mxfp_aitb_comp_top_g40513/Y                                          -       B->Y    F     NAND3xp33_ASAP7_75t_SL         1  0.9    32    17    1325    (-,-) 
  u_packed_mxfp_aitb_comp_top_g40510/Y                                          -       A2->Y   R     OAI21xp5_ASAP7_75t_SL          1  1.3    49    23    1348    (-,-) 
  u_packed_mxfp_aitb_comp_top_g40509/Y                                          -       B->Y    R     AND2x4_ASAP7_75t_SL            9 10.1    34    32    1380    (-,-) 
  u_packed_mxfp_aitb_comp_top_g40508/Y                                          -       A->Y    F     INVx8_ASAP7_75t_SL            23 15.3    24    15    1395    (-,-) 
  u_packed_mxfp_aitb_comp_top_g40467/Y                                          -       B->Y    R     NAND2xp5_ASAP7_75t_SL          1  0.9    24    15    1410    (-,-) 
  u_packed_mxfp_aitb_comp_top_PIPE_OUT_col2_stage_reg_reg[0][16]/D              -       -       R     ASYNC_DFFHx1_ASAP7_75t_SL      1    -     -     0    1410    (-,-) 
#------------------------------------------------------------------------------------------------------------------------------------------------------------------------



Path 11: VIOLATED (-524 ps) Setup Check with Pin u_packed_mxfp_aitb_comp_top_PIPE_OUT_col2_stage_reg_reg[0][14]/CLK->D
           View: PVT_0P63V_100C.setup_view
          Group: clk
     Startpoint: (R) u_packed_mxfp_aitb_comp_top_PIPE_OUT_col2_stage_reg_reg[0][11]/CLK
          Clock: (R) clk
       Endpoint: (R) u_packed_mxfp_aitb_comp_top_PIPE_OUT_col2_stage_reg_reg[0][14]/D
          Clock: (R) clk

                     Capture       Launch     
        Clock Edge:+    1000            0     
       Src Latency:+       0            0     
       Net Latency:+       0 (I)        0 (I) 
           Arrival:=    1000            0     
                                              
             Setup:-      14                  
       Uncertainty:-     100                  
     Required Time:=     886                  
      Launch Clock:-       0                  
         Data Path:-    1410                  
             Slack:=    -524                  

#------------------------------------------------------------------------------------------------------------------------------------------------------------------------
#                                 Timing Point                                  Flags    Arc    Edge           Cell             Fanout Load Trans Delay Arrival Instance 
#                                                                                                                                      (fF)  (ps)  (ps)   (ps)  Location 
#------------------------------------------------------------------------------------------------------------------------------------------------------------------------
  u_packed_mxfp_aitb_comp_top_PIPE_OUT_col2_stage_reg_reg[0][11]/CLK            -       -       R     (arrival)                   1219    -     0     0       0    (-,-) 
  u_packed_mxfp_aitb_comp_top_PIPE_OUT_col2_stage_reg_reg[0][11]/QN             -       CLK->QN R     ASYNC_DFFHx1_ASAP7_75t_SL      3  3.5    34    54      54    (-,-) 
  u_packed_mxfp_aitb_comp_top_g46137/Y                                          -       B1->Y   F     AOI22x1_ASAP7_75t_SL           3  2.4    59    16      70    (-,-) 
  u_packed_mxfp_aitb_comp_top_g45354/Y                                          -       B->Y    R     AOI31xp33_ASAP7_75t_SL         1  0.8    49    32     102    (-,-) 
  u_packed_mxfp_aitb_comp_top_g45320/Y                                          -       C->Y    F     O2A1O1Ixp5_ASAP7_75t_SL        1  0.8    30    16     118    (-,-) 
  u_packed_mxfp_aitb_comp_top_g45301/Y                                          -       B->Y    R     AOI21xp5_ASAP7_75t_SL          1  0.9    32    19     138    (-,-) 
  u_packed_mxfp_aitb_comp_top_g45186/Y                                          -       A1->Y   F     OAI21xp5_ASAP7_75t_SL          1  1.4    31    19     156    (-,-) 
  u_packed_mxfp_aitb_comp_top_g45184/Y                                          -       B->Y    R     AOI21x1_ASAP7_75t_SL           2  1.6    30    19     175    (-,-) 
  u_packed_mxfp_aitb_comp_top_g45162/Y                                          -       B->Y    R     OR2x2_ASAP7_75t_SL             1  1.3    14    22     197    (-,-) 
  u_packed_mxfp_aitb_comp_top_g45084/Y                                          -       A->Y    R     AND2x6_ASAP7_75t_SL           16 11.7    28    28     225    (-,-) 
  u_packed_mxfp_aitb_comp_top_g44863/Y                                          -       B2->Y   R     OA22x2_ASAP7_75t_SL            2  2.4    20    25     250    (-,-) 
  u_packed_mxfp_aitb_comp_top_g44773/Y                                          -       D->Y    F     NAND4xp75_ASAP7_75t_SL         2  1.6    29    16     266    (-,-) 
  u_packed_mxfp_aitb_comp_top_g44761/Y                                          -       A->Y    R     INVx1_ASAP7_75t_SL             1  1.6    25    16     282    (-,-) 
  u_packed_mxfp_aitb_comp_top_g44735/Y                                          -       A->Y    F     NAND3x1_ASAP7_75t_SL           1  1.8    22    12     294    (-,-) 
  u_packed_mxfp_aitb_comp_top_g44692/Y                                          -       A->Y    R     NOR4xp75_ASAP7_75t_SL          2  2.3    53    25     319    (-,-) 
  u_packed_mxfp_aitb_comp_top_g44686/Y                                          -       A->Y    F     INVx2_ASAP7_75t_SL             3  2.7    24    13     332    (-,-) 
  u_packed_mxfp_aitb_comp_top_g44496/Y                                          -       A2->Y   R     AOI21x1_ASAP7_75t_SL           3  2.4    34    19     351    (-,-) 
  u_packed_mxfp_aitb_comp_top_g44485/Y                                          -       A->Y    R     BUFx6f_ASAP7_75t_SL            8  5.8    16    21     372    (-,-) 
  u_packed_mxfp_aitb_comp_top_g44418/Y                                          -       A1->Y   F     OAI22xp5_ASAP7_75t_SL          2  2.0    56    20     392    (-,-) 
  u_packed_mxfp_aitb_comp_top_g46585/Y                                          -       C->Y    F     OR4x1_ASAP7_75t_SL             1  1.3    23    42     434    (-,-) 
  u_packed_mxfp_aitb_comp_top_g44271/Y                                          -       A->Y    R     NOR2x1_ASAP7_75t_SL            1  0.8    17    11     445    (-,-) 
  u_packed_mxfp_aitb_comp_top_g44206/Y                                          -       B2->Y   F     OAI22xp5_ASAP7_75t_SL          1  1.4    43    15     460    (-,-) 
  u_packed_mxfp_aitb_comp_top_g44149/Y                                          -       B->Y    R     AOI21x1_ASAP7_75t_SL           1  1.8    35    22     482    (-,-) 
  u_packed_mxfp_aitb_comp_top_g44091/Y                                          -       A->Y    F     NAND4xp75_ASAP7_75t_SL         2  2.4    40    20     502    (-,-) 
  u_packed_mxfp_aitb_comp_top_g44069/Y                                          -       A->Y    R     NOR2x1p5_ASAP7_75t_SL          2  1.8    36    14     516    (-,-) 
  u_packed_mxfp_aitb_comp_top_addinc_FP32_ALU_col2_fracAdder_add_113_18_g1569/Y -       A->Y    R     AND2x4_ASAP7_75t_SL            2  2.3    14    19     535    (-,-) 
  u_packed_mxfp_aitb_comp_top_addinc_FP32_ALU_col2_fracAdder_add_113_18_g1503/Y -       B->Y    F     NAND2x1p5_ASAP7_75t_SL         2  1.3    23     8     543    (-,-) 
  u_packed_mxfp_aitb_comp_top_addinc_FP32_ALU_col2_fracAdder_add_113_18_g1441/Y -       A3->Y   R     OAI321xp33_ASAP7_75t_SL        2  1.8    79    37     580    (-,-) 
  u_packed_mxfp_aitb_comp_top_addinc_FP32_ALU_col2_fracAdder_add_113_18_g1410/Y -       A->Y    F     NAND2x1_ASAP7_75t_SL           1  1.8    30    11     591    (-,-) 
  u_packed_mxfp_aitb_comp_top_addinc_FP32_ALU_col2_fracAdder_add_113_18_g1406/Y -       A->Y    R     NAND2x1p5_ASAP7_75t_SL         3  2.3    28    19     610    (-,-) 
  u_packed_mxfp_aitb_comp_top_addinc_FP32_ALU_col2_fracAdder_add_113_18_g1391/Y -       A->Y    F     NAND2xp5_ASAP7_75t_SL          1  1.3    24    13     624    (-,-) 
  u_packed_mxfp_aitb_comp_top_addinc_FP32_ALU_col2_fracAdder_add_113_18_g1378/Y -       B->Y    F     AND2x4_ASAP7_75t_SL           16 11.8    27    31     654    (-,-) 
  u_packed_mxfp_aitb_comp_top_addinc_FP32_ALU_col2_fracAdder_add_113_18_g1367/Y -       B->Y    F     XOR2xp5_ASAP7_75t_SL           1  1.5    34    25     679    (-,-) 
  u_packed_mxfp_aitb_comp_top_g42902/Y                                          -       A->Y    R     INVx2_ASAP7_75t_SL             2  1.3    17    11     690    (-,-) 
  u_packed_mxfp_aitb_comp_top_g42087/Y                                          -       A->Y    F     NAND3xp33_ASAP7_75t_SL         1  0.8    29    14     704    (-,-) 
  u_packed_mxfp_aitb_comp_top_g41901/Y                                          -       A->Y    R     NOR3xp33_ASAP7_75t_SL          1  1.3    52    28     732    (-,-) 
  u_packed_mxfp_aitb_comp_top_g41897/Y                                          -       C->Y    R     AND3x4_ASAP7_75t_SL            9  9.0    32    35     768    (-,-) 
  u_packed_mxfp_aitb_comp_top_g41873/Y                                          -       A2->Y   F     AOI21x1_ASAP7_75t_SL           2  1.3    28    11     778    (-,-) 
  u_packed_mxfp_aitb_comp_top_g41834/Y                                          -       B->Y    F     AND3x2_ASAP7_75t_SL            2  3.2    18    25     803    (-,-) 
  u_packed_mxfp_aitb_comp_top_g41826/Y                                          -       C->Y    R     NAND3x2_ASAP7_75t_SL           6  4.2    40    24     827    (-,-) 
  u_packed_mxfp_aitb_comp_top_g41803/Y                                          -       B->Y    R     OR2x2_ASAP7_75t_SL             1  1.2    13    23     850    (-,-) 
  u_packed_mxfp_aitb_comp_top_g41770/Y                                          -       D->Y    R     AND5x2_ASAP7_75t_SL            3  3.2    27    39     889    (-,-) 
  fopt124827/Y                                                                  -       A->Y    R     BUFx6f_ASAP7_75t_SL            4  3.6    12    19     908    (-,-) 
  fopt124825/Y                                                                  -       A->Y    F     INVx2_ASAP7_75t_SL             1  0.9     7     5     913    (-,-) 
  u_packed_mxfp_aitb_comp_top_g41764/Y                                          -       A1->Y   R     OAI21xp5_ASAP7_75t_SL          1  1.4    50    18     931    (-,-) 
  u_packed_mxfp_aitb_comp_top_g41727/Y                                          -       B->Y    F     AOI21x1_ASAP7_75t_SL           1  2.2    38    18     949    (-,-) 
  u_packed_mxfp_aitb_comp_top_g41721/Y                                          -       A->Y    R     NAND2x2_ASAP7_75t_SL           2  3.6    34    24     973    (-,-) 
  u_packed_mxfp_aitb_comp_top_g41719/Y                                          -       A->Y    F     INVx2_ASAP7_75t_SL             1  0.9    13     7     980    (-,-) 
  u_packed_mxfp_aitb_comp_top_g41707/Y                                          -       A1->Y   F     OA21x2_ASAP7_75t_SL            3  3.9    22    28    1008    (-,-) 
  fopt125215/Y                                                                  -       A->Y    R     INVx4_ASAP7_75t_SL             2  2.7    14    10    1017    (-,-) 
  fopt125214/Y                                                                  -       A->Y    F     INVx2_ASAP7_75t_SL             3  2.3    12     8    1026    (-,-) 
  u_packed_mxfp_aitb_comp_top_g41495/Y                                          -       A1->Y   F     OA21x2_ASAP7_75t_SL            2  2.2    19    24    1050    (-,-) 
  fopt125030/Y                                                                  -       A->Y    R     INVx2_ASAP7_75t_SL             2  1.4    13     9    1059    (-,-) 
  u_packed_mxfp_aitb_comp_top_g41285/Y                                          -       B1->Y   F     AOI22xp5_ASAP7_75t_SL          2  1.5    50    15    1074    (-,-) 
  u_packed_mxfp_aitb_comp_top_g41183/Y                                          -       B->Y    F     AND2x2_ASAP7_75t_SL            2  1.5    14    28    1102    (-,-) 
  u_packed_mxfp_aitb_comp_top_g41063/Y                                          -       A1->Y   R     OAI21xp5_ASAP7_75t_SL          2  2.5    55    28    1130    (-,-) 
  u_packed_mxfp_aitb_comp_top_g40913/Y                                          -       A2->Y   F     AOI21x1_ASAP7_75t_SL           2  2.6    34    16    1146    (-,-) 
  u_packed_mxfp_aitb_comp_top_g40827/Y                                          -       A1->Y   R     OAI21xp5_ASAP7_75t_SL          2  2.5    58    30    1176    (-,-) 
  u_packed_mxfp_aitb_comp_top_g40773/Y                                          -       B->Y    R     XOR2xp5_ASAP7_75t_SL           2  1.3    41    30    1206    (-,-) 
  u_packed_mxfp_aitb_comp_top_g40741/Y                                          -       B->Y    R     OR2x2_ASAP7_75t_SL             2  2.2    18    26    1232    (-,-) 
  fopt125048/Y                                                                  -       A->Y    F     INVx2_ASAP7_75t_SL             2  1.5    11     7    1239    (-,-) 
  u_packed_mxfp_aitb_comp_top_g40670/Y                                          -       C->Y    R     NAND3xp33_ASAP7_75t_SL         1  1.3    30    17    1256    (-,-) 
  u_packed_mxfp_aitb_comp_top_g40585/Y                                          -       A->Y    F     NOR2x1_ASAP7_75t_SL            1  0.8    20    13    1269    (-,-) 
  u_packed_mxfp_aitb_comp_top_g40551/Y                                          -       A->Y    R     NAND2xp5_ASAP7_75t_SL          1  1.2    27    17    1287    (-,-) 
  u_packed_mxfp_aitb_comp_top_g40527/Y                                          -       B->Y    R     XNOR2xp5_ASAP7_75t_SL          2  1.3    40    21    1308    (-,-) 
  u_packed_mxfp_aitb_comp_top_g40513/Y                                          -       B->Y    F     NAND3xp33_ASAP7_75t_SL         1  0.9    32    17    1325    (-,-) 
  u_packed_mxfp_aitb_comp_top_g40510/Y                                          -       A2->Y   R     OAI21xp5_ASAP7_75t_SL          1  1.3    49    23    1348    (-,-) 
  u_packed_mxfp_aitb_comp_top_g40509/Y                                          -       B->Y    R     AND2x4_ASAP7_75t_SL            9 10.1    34    32    1380    (-,-) 
  u_packed_mxfp_aitb_comp_top_g40508/Y                                          -       A->Y    F     INVx8_ASAP7_75t_SL            23 15.3    24    15    1395    (-,-) 
  u_packed_mxfp_aitb_comp_top_g40449/Y                                          -       B->Y    R     NAND2xp5_ASAP7_75t_SL          1  0.9    25    15    1410    (-,-) 
  u_packed_mxfp_aitb_comp_top_PIPE_OUT_col2_stage_reg_reg[0][14]/D              -       -       R     ASYNC_DFFHx1_ASAP7_75t_SL      1    -     -     0    1410    (-,-) 
#------------------------------------------------------------------------------------------------------------------------------------------------------------------------



Path 12: VIOLATED (-524 ps) Setup Check with Pin u_packed_mxfp_aitb_comp_top_PIPE_OUT_col2_stage_reg_reg[0][13]/CLK->D
           View: PVT_0P63V_100C.setup_view
          Group: clk
     Startpoint: (R) u_packed_mxfp_aitb_comp_top_PIPE_OUT_col2_stage_reg_reg[0][11]/CLK
          Clock: (R) clk
       Endpoint: (R) u_packed_mxfp_aitb_comp_top_PIPE_OUT_col2_stage_reg_reg[0][13]/D
          Clock: (R) clk

                     Capture       Launch     
        Clock Edge:+    1000            0     
       Src Latency:+       0            0     
       Net Latency:+       0 (I)        0 (I) 
           Arrival:=    1000            0     
                                              
             Setup:-      14                  
       Uncertainty:-     100                  
     Required Time:=     886                  
      Launch Clock:-       0                  
         Data Path:-    1410                  
             Slack:=    -524                  

#------------------------------------------------------------------------------------------------------------------------------------------------------------------------
#                                 Timing Point                                  Flags    Arc    Edge           Cell             Fanout Load Trans Delay Arrival Instance 
#                                                                                                                                      (fF)  (ps)  (ps)   (ps)  Location 
#------------------------------------------------------------------------------------------------------------------------------------------------------------------------
  u_packed_mxfp_aitb_comp_top_PIPE_OUT_col2_stage_reg_reg[0][11]/CLK            -       -       R     (arrival)                   1219    -     0     0       0    (-,-) 
  u_packed_mxfp_aitb_comp_top_PIPE_OUT_col2_stage_reg_reg[0][11]/QN             -       CLK->QN R     ASYNC_DFFHx1_ASAP7_75t_SL      3  3.5    34    54      54    (-,-) 
  u_packed_mxfp_aitb_comp_top_g46137/Y                                          -       B1->Y   F     AOI22x1_ASAP7_75t_SL           3  2.4    59    16      70    (-,-) 
  u_packed_mxfp_aitb_comp_top_g45354/Y                                          -       B->Y    R     AOI31xp33_ASAP7_75t_SL         1  0.8    49    32     102    (-,-) 
  u_packed_mxfp_aitb_comp_top_g45320/Y                                          -       C->Y    F     O2A1O1Ixp5_ASAP7_75t_SL        1  0.8    30    16     118    (-,-) 
  u_packed_mxfp_aitb_comp_top_g45301/Y                                          -       B->Y    R     AOI21xp5_ASAP7_75t_SL          1  0.9    32    19     138    (-,-) 
  u_packed_mxfp_aitb_comp_top_g45186/Y                                          -       A1->Y   F     OAI21xp5_ASAP7_75t_SL          1  1.4    31    19     156    (-,-) 
  u_packed_mxfp_aitb_comp_top_g45184/Y                                          -       B->Y    R     AOI21x1_ASAP7_75t_SL           2  1.6    30    19     175    (-,-) 
  u_packed_mxfp_aitb_comp_top_g45162/Y                                          -       B->Y    R     OR2x2_ASAP7_75t_SL             1  1.3    14    22     197    (-,-) 
  u_packed_mxfp_aitb_comp_top_g45084/Y                                          -       A->Y    R     AND2x6_ASAP7_75t_SL           16 11.7    28    28     225    (-,-) 
  u_packed_mxfp_aitb_comp_top_g44863/Y                                          -       B2->Y   R     OA22x2_ASAP7_75t_SL            2  2.4    20    25     250    (-,-) 
  u_packed_mxfp_aitb_comp_top_g44773/Y                                          -       D->Y    F     NAND4xp75_ASAP7_75t_SL         2  1.6    29    16     266    (-,-) 
  u_packed_mxfp_aitb_comp_top_g44761/Y                                          -       A->Y    R     INVx1_ASAP7_75t_SL             1  1.6    25    16     282    (-,-) 
  u_packed_mxfp_aitb_comp_top_g44735/Y                                          -       A->Y    F     NAND3x1_ASAP7_75t_SL           1  1.8    22    12     294    (-,-) 
  u_packed_mxfp_aitb_comp_top_g44692/Y                                          -       A->Y    R     NOR4xp75_ASAP7_75t_SL          2  2.3    53    25     319    (-,-) 
  u_packed_mxfp_aitb_comp_top_g44686/Y                                          -       A->Y    F     INVx2_ASAP7_75t_SL             3  2.7    24    13     332    (-,-) 
  u_packed_mxfp_aitb_comp_top_g44496/Y                                          -       A2->Y   R     AOI21x1_ASAP7_75t_SL           3  2.4    34    19     351    (-,-) 
  u_packed_mxfp_aitb_comp_top_g44485/Y                                          -       A->Y    R     BUFx6f_ASAP7_75t_SL            8  5.8    16    21     372    (-,-) 
  u_packed_mxfp_aitb_comp_top_g44418/Y                                          -       A1->Y   F     OAI22xp5_ASAP7_75t_SL          2  2.0    56    20     392    (-,-) 
  u_packed_mxfp_aitb_comp_top_g46585/Y                                          -       C->Y    F     OR4x1_ASAP7_75t_SL             1  1.3    23    42     434    (-,-) 
  u_packed_mxfp_aitb_comp_top_g44271/Y                                          -       A->Y    R     NOR2x1_ASAP7_75t_SL            1  0.8    17    11     445    (-,-) 
  u_packed_mxfp_aitb_comp_top_g44206/Y                                          -       B2->Y   F     OAI22xp5_ASAP7_75t_SL          1  1.4    43    15     460    (-,-) 
  u_packed_mxfp_aitb_comp_top_g44149/Y                                          -       B->Y    R     AOI21x1_ASAP7_75t_SL           1  1.8    35    22     482    (-,-) 
  u_packed_mxfp_aitb_comp_top_g44091/Y                                          -       A->Y    F     NAND4xp75_ASAP7_75t_SL         2  2.4    40    20     502    (-,-) 
  u_packed_mxfp_aitb_comp_top_g44069/Y                                          -       A->Y    R     NOR2x1p5_ASAP7_75t_SL          2  1.8    36    14     516    (-,-) 
  u_packed_mxfp_aitb_comp_top_addinc_FP32_ALU_col2_fracAdder_add_113_18_g1569/Y -       A->Y    R     AND2x4_ASAP7_75t_SL            2  2.3    14    19     535    (-,-) 
  u_packed_mxfp_aitb_comp_top_addinc_FP32_ALU_col2_fracAdder_add_113_18_g1503/Y -       B->Y    F     NAND2x1p5_ASAP7_75t_SL         2  1.3    23     8     543    (-,-) 
  u_packed_mxfp_aitb_comp_top_addinc_FP32_ALU_col2_fracAdder_add_113_18_g1441/Y -       A3->Y   R     OAI321xp33_ASAP7_75t_SL        2  1.8    79    37     580    (-,-) 
  u_packed_mxfp_aitb_comp_top_addinc_FP32_ALU_col2_fracAdder_add_113_18_g1410/Y -       A->Y    F     NAND2x1_ASAP7_75t_SL           1  1.8    30    11     591    (-,-) 
  u_packed_mxfp_aitb_comp_top_addinc_FP32_ALU_col2_fracAdder_add_113_18_g1406/Y -       A->Y    R     NAND2x1p5_ASAP7_75t_SL         3  2.3    28    19     610    (-,-) 
  u_packed_mxfp_aitb_comp_top_addinc_FP32_ALU_col2_fracAdder_add_113_18_g1391/Y -       A->Y    F     NAND2xp5_ASAP7_75t_SL          1  1.3    24    13     624    (-,-) 
  u_packed_mxfp_aitb_comp_top_addinc_FP32_ALU_col2_fracAdder_add_113_18_g1378/Y -       B->Y    F     AND2x4_ASAP7_75t_SL           16 11.8    27    31     654    (-,-) 
  u_packed_mxfp_aitb_comp_top_addinc_FP32_ALU_col2_fracAdder_add_113_18_g1367/Y -       B->Y    F     XOR2xp5_ASAP7_75t_SL           1  1.5    34    25     679    (-,-) 
  u_packed_mxfp_aitb_comp_top_g42902/Y                                          -       A->Y    R     INVx2_ASAP7_75t_SL             2  1.3    17    11     690    (-,-) 
  u_packed_mxfp_aitb_comp_top_g42087/Y                                          -       A->Y    F     NAND3xp33_ASAP7_75t_SL         1  0.8    29    14     704    (-,-) 
  u_packed_mxfp_aitb_comp_top_g41901/Y                                          -       A->Y    R     NOR3xp33_ASAP7_75t_SL          1  1.3    52    28     732    (-,-) 
  u_packed_mxfp_aitb_comp_top_g41897/Y                                          -       C->Y    R     AND3x4_ASAP7_75t_SL            9  9.0    32    35     768    (-,-) 
  u_packed_mxfp_aitb_comp_top_g41873/Y                                          -       A2->Y   F     AOI21x1_ASAP7_75t_SL           2  1.3    28    11     778    (-,-) 
  u_packed_mxfp_aitb_comp_top_g41834/Y                                          -       B->Y    F     AND3x2_ASAP7_75t_SL            2  3.2    18    25     803    (-,-) 
  u_packed_mxfp_aitb_comp_top_g41826/Y                                          -       C->Y    R     NAND3x2_ASAP7_75t_SL           6  4.2    40    24     827    (-,-) 
  u_packed_mxfp_aitb_comp_top_g41803/Y                                          -       B->Y    R     OR2x2_ASAP7_75t_SL             1  1.2    13    23     850    (-,-) 
  u_packed_mxfp_aitb_comp_top_g41770/Y                                          -       D->Y    R     AND5x2_ASAP7_75t_SL            3  3.2    27    39     889    (-,-) 
  fopt124827/Y                                                                  -       A->Y    R     BUFx6f_ASAP7_75t_SL            4  3.6    12    19     908    (-,-) 
  fopt124825/Y                                                                  -       A->Y    F     INVx2_ASAP7_75t_SL             1  0.9     7     5     913    (-,-) 
  u_packed_mxfp_aitb_comp_top_g41764/Y                                          -       A1->Y   R     OAI21xp5_ASAP7_75t_SL          1  1.4    50    18     931    (-,-) 
  u_packed_mxfp_aitb_comp_top_g41727/Y                                          -       B->Y    F     AOI21x1_ASAP7_75t_SL           1  2.2    38    18     949    (-,-) 
  u_packed_mxfp_aitb_comp_top_g41721/Y                                          -       A->Y    R     NAND2x2_ASAP7_75t_SL           2  3.6    34    24     973    (-,-) 
  u_packed_mxfp_aitb_comp_top_g41719/Y                                          -       A->Y    F     INVx2_ASAP7_75t_SL             1  0.9    13     7     980    (-,-) 
  u_packed_mxfp_aitb_comp_top_g41707/Y                                          -       A1->Y   F     OA21x2_ASAP7_75t_SL            3  3.9    22    28    1008    (-,-) 
  fopt125215/Y                                                                  -       A->Y    R     INVx4_ASAP7_75t_SL             2  2.7    14    10    1017    (-,-) 
  fopt125214/Y                                                                  -       A->Y    F     INVx2_ASAP7_75t_SL             3  2.3    12     8    1026    (-,-) 
  u_packed_mxfp_aitb_comp_top_g41495/Y                                          -       A1->Y   F     OA21x2_ASAP7_75t_SL            2  2.2    19    24    1050    (-,-) 
  fopt125030/Y                                                                  -       A->Y    R     INVx2_ASAP7_75t_SL             2  1.4    13     9    1059    (-,-) 
  u_packed_mxfp_aitb_comp_top_g41285/Y                                          -       B1->Y   F     AOI22xp5_ASAP7_75t_SL          2  1.5    50    15    1074    (-,-) 
  u_packed_mxfp_aitb_comp_top_g41183/Y                                          -       B->Y    F     AND2x2_ASAP7_75t_SL            2  1.5    14    28    1102    (-,-) 
  u_packed_mxfp_aitb_comp_top_g41063/Y                                          -       A1->Y   R     OAI21xp5_ASAP7_75t_SL          2  2.5    55    28    1130    (-,-) 
  u_packed_mxfp_aitb_comp_top_g40913/Y                                          -       A2->Y   F     AOI21x1_ASAP7_75t_SL           2  2.6    34    16    1146    (-,-) 
  u_packed_mxfp_aitb_comp_top_g40827/Y                                          -       A1->Y   R     OAI21xp5_ASAP7_75t_SL          2  2.5    58    30    1176    (-,-) 
  u_packed_mxfp_aitb_comp_top_g40773/Y                                          -       B->Y    R     XOR2xp5_ASAP7_75t_SL           2  1.3    41    30    1206    (-,-) 
  u_packed_mxfp_aitb_comp_top_g40741/Y                                          -       B->Y    R     OR2x2_ASAP7_75t_SL             2  2.2    18    26    1232    (-,-) 
  fopt125048/Y                                                                  -       A->Y    F     INVx2_ASAP7_75t_SL             2  1.5    11     7    1239    (-,-) 
  u_packed_mxfp_aitb_comp_top_g40670/Y                                          -       C->Y    R     NAND3xp33_ASAP7_75t_SL         1  1.3    30    17    1256    (-,-) 
  u_packed_mxfp_aitb_comp_top_g40585/Y                                          -       A->Y    F     NOR2x1_ASAP7_75t_SL            1  0.8    20    13    1269    (-,-) 
  u_packed_mxfp_aitb_comp_top_g40551/Y                                          -       A->Y    R     NAND2xp5_ASAP7_75t_SL          1  1.2    27    17    1287    (-,-) 
  u_packed_mxfp_aitb_comp_top_g40527/Y                                          -       B->Y    R     XNOR2xp5_ASAP7_75t_SL          2  1.3    40    21    1308    (-,-) 
  u_packed_mxfp_aitb_comp_top_g40513/Y                                          -       B->Y    F     NAND3xp33_ASAP7_75t_SL         1  0.9    32    17    1325    (-,-) 
  u_packed_mxfp_aitb_comp_top_g40510/Y                                          -       A2->Y   R     OAI21xp5_ASAP7_75t_SL          1  1.3    49    23    1348    (-,-) 
  u_packed_mxfp_aitb_comp_top_g40509/Y                                          -       B->Y    R     AND2x4_ASAP7_75t_SL            9 10.1    34    32    1380    (-,-) 
  u_packed_mxfp_aitb_comp_top_g40508/Y                                          -       A->Y    F     INVx8_ASAP7_75t_SL            23 15.3    24    15    1395    (-,-) 
  u_packed_mxfp_aitb_comp_top_g40464/Y                                          -       B->Y    R     NAND2xp5_ASAP7_75t_SL          1  0.9    25    15    1410    (-,-) 
  u_packed_mxfp_aitb_comp_top_PIPE_OUT_col2_stage_reg_reg[0][13]/D              -       -       R     ASYNC_DFFHx1_ASAP7_75t_SL      1    -     -     0    1410    (-,-) 
#------------------------------------------------------------------------------------------------------------------------------------------------------------------------



Path 13: VIOLATED (-524 ps) Setup Check with Pin u_packed_mxfp_aitb_comp_top_PIPE_OUT_col2_stage_reg_reg[0][12]/CLK->D
           View: PVT_0P63V_100C.setup_view
          Group: clk
     Startpoint: (R) u_packed_mxfp_aitb_comp_top_PIPE_OUT_col2_stage_reg_reg[0][11]/CLK
          Clock: (R) clk
       Endpoint: (R) u_packed_mxfp_aitb_comp_top_PIPE_OUT_col2_stage_reg_reg[0][12]/D
          Clock: (R) clk

                     Capture       Launch     
        Clock Edge:+    1000            0     
       Src Latency:+       0            0     
       Net Latency:+       0 (I)        0 (I) 
           Arrival:=    1000            0     
                                              
             Setup:-      14                  
       Uncertainty:-     100                  
     Required Time:=     886                  
      Launch Clock:-       0                  
         Data Path:-    1410                  
             Slack:=    -524                  

#------------------------------------------------------------------------------------------------------------------------------------------------------------------------
#                                 Timing Point                                  Flags    Arc    Edge           Cell             Fanout Load Trans Delay Arrival Instance 
#                                                                                                                                      (fF)  (ps)  (ps)   (ps)  Location 
#------------------------------------------------------------------------------------------------------------------------------------------------------------------------
  u_packed_mxfp_aitb_comp_top_PIPE_OUT_col2_stage_reg_reg[0][11]/CLK            -       -       R     (arrival)                   1219    -     0     0       0    (-,-) 
  u_packed_mxfp_aitb_comp_top_PIPE_OUT_col2_stage_reg_reg[0][11]/QN             -       CLK->QN R     ASYNC_DFFHx1_ASAP7_75t_SL      3  3.5    34    54      54    (-,-) 
  u_packed_mxfp_aitb_comp_top_g46137/Y                                          -       B1->Y   F     AOI22x1_ASAP7_75t_SL           3  2.4    59    16      70    (-,-) 
  u_packed_mxfp_aitb_comp_top_g45354/Y                                          -       B->Y    R     AOI31xp33_ASAP7_75t_SL         1  0.8    49    32     102    (-,-) 
  u_packed_mxfp_aitb_comp_top_g45320/Y                                          -       C->Y    F     O2A1O1Ixp5_ASAP7_75t_SL        1  0.8    30    16     118    (-,-) 
  u_packed_mxfp_aitb_comp_top_g45301/Y                                          -       B->Y    R     AOI21xp5_ASAP7_75t_SL          1  0.9    32    19     138    (-,-) 
  u_packed_mxfp_aitb_comp_top_g45186/Y                                          -       A1->Y   F     OAI21xp5_ASAP7_75t_SL          1  1.4    31    19     156    (-,-) 
  u_packed_mxfp_aitb_comp_top_g45184/Y                                          -       B->Y    R     AOI21x1_ASAP7_75t_SL           2  1.6    30    19     175    (-,-) 
  u_packed_mxfp_aitb_comp_top_g45162/Y                                          -       B->Y    R     OR2x2_ASAP7_75t_SL             1  1.3    14    22     197    (-,-) 
  u_packed_mxfp_aitb_comp_top_g45084/Y                                          -       A->Y    R     AND2x6_ASAP7_75t_SL           16 11.7    28    28     225    (-,-) 
  u_packed_mxfp_aitb_comp_top_g44863/Y                                          -       B2->Y   R     OA22x2_ASAP7_75t_SL            2  2.4    20    25     250    (-,-) 
  u_packed_mxfp_aitb_comp_top_g44773/Y                                          -       D->Y    F     NAND4xp75_ASAP7_75t_SL         2  1.6    29    16     266    (-,-) 
  u_packed_mxfp_aitb_comp_top_g44761/Y                                          -       A->Y    R     INVx1_ASAP7_75t_SL             1  1.6    25    16     282    (-,-) 
  u_packed_mxfp_aitb_comp_top_g44735/Y                                          -       A->Y    F     NAND3x1_ASAP7_75t_SL           1  1.8    22    12     294    (-,-) 
  u_packed_mxfp_aitb_comp_top_g44692/Y                                          -       A->Y    R     NOR4xp75_ASAP7_75t_SL          2  2.3    53    25     319    (-,-) 
  u_packed_mxfp_aitb_comp_top_g44686/Y                                          -       A->Y    F     INVx2_ASAP7_75t_SL             3  2.7    24    13     332    (-,-) 
  u_packed_mxfp_aitb_comp_top_g44496/Y                                          -       A2->Y   R     AOI21x1_ASAP7_75t_SL           3  2.4    34    19     351    (-,-) 
  u_packed_mxfp_aitb_comp_top_g44485/Y                                          -       A->Y    R     BUFx6f_ASAP7_75t_SL            8  5.8    16    21     372    (-,-) 
  u_packed_mxfp_aitb_comp_top_g44418/Y                                          -       A1->Y   F     OAI22xp5_ASAP7_75t_SL          2  2.0    56    20     392    (-,-) 
  u_packed_mxfp_aitb_comp_top_g46585/Y                                          -       C->Y    F     OR4x1_ASAP7_75t_SL             1  1.3    23    42     434    (-,-) 
  u_packed_mxfp_aitb_comp_top_g44271/Y                                          -       A->Y    R     NOR2x1_ASAP7_75t_SL            1  0.8    17    11     445    (-,-) 
  u_packed_mxfp_aitb_comp_top_g44206/Y                                          -       B2->Y   F     OAI22xp5_ASAP7_75t_SL          1  1.4    43    15     460    (-,-) 
  u_packed_mxfp_aitb_comp_top_g44149/Y                                          -       B->Y    R     AOI21x1_ASAP7_75t_SL           1  1.8    35    22     482    (-,-) 
  u_packed_mxfp_aitb_comp_top_g44091/Y                                          -       A->Y    F     NAND4xp75_ASAP7_75t_SL         2  2.4    40    20     502    (-,-) 
  u_packed_mxfp_aitb_comp_top_g44069/Y                                          -       A->Y    R     NOR2x1p5_ASAP7_75t_SL          2  1.8    36    14     516    (-,-) 
  u_packed_mxfp_aitb_comp_top_addinc_FP32_ALU_col2_fracAdder_add_113_18_g1569/Y -       A->Y    R     AND2x4_ASAP7_75t_SL            2  2.3    14    19     535    (-,-) 
  u_packed_mxfp_aitb_comp_top_addinc_FP32_ALU_col2_fracAdder_add_113_18_g1503/Y -       B->Y    F     NAND2x1p5_ASAP7_75t_SL         2  1.3    23     8     543    (-,-) 
  u_packed_mxfp_aitb_comp_top_addinc_FP32_ALU_col2_fracAdder_add_113_18_g1441/Y -       A3->Y   R     OAI321xp33_ASAP7_75t_SL        2  1.8    79    37     580    (-,-) 
  u_packed_mxfp_aitb_comp_top_addinc_FP32_ALU_col2_fracAdder_add_113_18_g1410/Y -       A->Y    F     NAND2x1_ASAP7_75t_SL           1  1.8    30    11     591    (-,-) 
  u_packed_mxfp_aitb_comp_top_addinc_FP32_ALU_col2_fracAdder_add_113_18_g1406/Y -       A->Y    R     NAND2x1p5_ASAP7_75t_SL         3  2.3    28    19     610    (-,-) 
  u_packed_mxfp_aitb_comp_top_addinc_FP32_ALU_col2_fracAdder_add_113_18_g1391/Y -       A->Y    F     NAND2xp5_ASAP7_75t_SL          1  1.3    24    13     624    (-,-) 
  u_packed_mxfp_aitb_comp_top_addinc_FP32_ALU_col2_fracAdder_add_113_18_g1378/Y -       B->Y    F     AND2x4_ASAP7_75t_SL           16 11.8    27    31     654    (-,-) 
  u_packed_mxfp_aitb_comp_top_addinc_FP32_ALU_col2_fracAdder_add_113_18_g1367/Y -       B->Y    F     XOR2xp5_ASAP7_75t_SL           1  1.5    34    25     679    (-,-) 
  u_packed_mxfp_aitb_comp_top_g42902/Y                                          -       A->Y    R     INVx2_ASAP7_75t_SL             2  1.3    17    11     690    (-,-) 
  u_packed_mxfp_aitb_comp_top_g42087/Y                                          -       A->Y    F     NAND3xp33_ASAP7_75t_SL         1  0.8    29    14     704    (-,-) 
  u_packed_mxfp_aitb_comp_top_g41901/Y                                          -       A->Y    R     NOR3xp33_ASAP7_75t_SL          1  1.3    52    28     732    (-,-) 
  u_packed_mxfp_aitb_comp_top_g41897/Y                                          -       C->Y    R     AND3x4_ASAP7_75t_SL            9  9.0    32    35     768    (-,-) 
  u_packed_mxfp_aitb_comp_top_g41873/Y                                          -       A2->Y   F     AOI21x1_ASAP7_75t_SL           2  1.3    28    11     778    (-,-) 
  u_packed_mxfp_aitb_comp_top_g41834/Y                                          -       B->Y    F     AND3x2_ASAP7_75t_SL            2  3.2    18    25     803    (-,-) 
  u_packed_mxfp_aitb_comp_top_g41826/Y                                          -       C->Y    R     NAND3x2_ASAP7_75t_SL           6  4.2    40    24     827    (-,-) 
  u_packed_mxfp_aitb_comp_top_g41803/Y                                          -       B->Y    R     OR2x2_ASAP7_75t_SL             1  1.2    13    23     850    (-,-) 
  u_packed_mxfp_aitb_comp_top_g41770/Y                                          -       D->Y    R     AND5x2_ASAP7_75t_SL            3  3.2    27    39     889    (-,-) 
  fopt124827/Y                                                                  -       A->Y    R     BUFx6f_ASAP7_75t_SL            4  3.6    12    19     908    (-,-) 
  fopt124825/Y                                                                  -       A->Y    F     INVx2_ASAP7_75t_SL             1  0.9     7     5     913    (-,-) 
  u_packed_mxfp_aitb_comp_top_g41764/Y                                          -       A1->Y   R     OAI21xp5_ASAP7_75t_SL          1  1.4    50    18     931    (-,-) 
  u_packed_mxfp_aitb_comp_top_g41727/Y                                          -       B->Y    F     AOI21x1_ASAP7_75t_SL           1  2.2    38    18     949    (-,-) 
  u_packed_mxfp_aitb_comp_top_g41721/Y                                          -       A->Y    R     NAND2x2_ASAP7_75t_SL           2  3.6    34    24     973    (-,-) 
  u_packed_mxfp_aitb_comp_top_g41719/Y                                          -       A->Y    F     INVx2_ASAP7_75t_SL             1  0.9    13     7     980    (-,-) 
  u_packed_mxfp_aitb_comp_top_g41707/Y                                          -       A1->Y   F     OA21x2_ASAP7_75t_SL            3  3.9    22    28    1008    (-,-) 
  fopt125215/Y                                                                  -       A->Y    R     INVx4_ASAP7_75t_SL             2  2.7    14    10    1017    (-,-) 
  fopt125214/Y                                                                  -       A->Y    F     INVx2_ASAP7_75t_SL             3  2.3    12     8    1026    (-,-) 
  u_packed_mxfp_aitb_comp_top_g41495/Y                                          -       A1->Y   F     OA21x2_ASAP7_75t_SL            2  2.2    19    24    1050    (-,-) 
  fopt125030/Y                                                                  -       A->Y    R     INVx2_ASAP7_75t_SL             2  1.4    13     9    1059    (-,-) 
  u_packed_mxfp_aitb_comp_top_g41285/Y                                          -       B1->Y   F     AOI22xp5_ASAP7_75t_SL          2  1.5    50    15    1074    (-,-) 
  u_packed_mxfp_aitb_comp_top_g41183/Y                                          -       B->Y    F     AND2x2_ASAP7_75t_SL            2  1.5    14    28    1102    (-,-) 
  u_packed_mxfp_aitb_comp_top_g41063/Y                                          -       A1->Y   R     OAI21xp5_ASAP7_75t_SL          2  2.5    55    28    1130    (-,-) 
  u_packed_mxfp_aitb_comp_top_g40913/Y                                          -       A2->Y   F     AOI21x1_ASAP7_75t_SL           2  2.6    34    16    1146    (-,-) 
  u_packed_mxfp_aitb_comp_top_g40827/Y                                          -       A1->Y   R     OAI21xp5_ASAP7_75t_SL          2  2.5    58    30    1176    (-,-) 
  u_packed_mxfp_aitb_comp_top_g40773/Y                                          -       B->Y    R     XOR2xp5_ASAP7_75t_SL           2  1.3    41    30    1206    (-,-) 
  u_packed_mxfp_aitb_comp_top_g40741/Y                                          -       B->Y    R     OR2x2_ASAP7_75t_SL             2  2.2    18    26    1232    (-,-) 
  fopt125048/Y                                                                  -       A->Y    F     INVx2_ASAP7_75t_SL             2  1.5    11     7    1239    (-,-) 
  u_packed_mxfp_aitb_comp_top_g40670/Y                                          -       C->Y    R     NAND3xp33_ASAP7_75t_SL         1  1.3    30    17    1256    (-,-) 
  u_packed_mxfp_aitb_comp_top_g40585/Y                                          -       A->Y    F     NOR2x1_ASAP7_75t_SL            1  0.8    20    13    1269    (-,-) 
  u_packed_mxfp_aitb_comp_top_g40551/Y                                          -       A->Y    R     NAND2xp5_ASAP7_75t_SL          1  1.2    27    17    1287    (-,-) 
  u_packed_mxfp_aitb_comp_top_g40527/Y                                          -       B->Y    R     XNOR2xp5_ASAP7_75t_SL          2  1.3    40    21    1308    (-,-) 
  u_packed_mxfp_aitb_comp_top_g40513/Y                                          -       B->Y    F     NAND3xp33_ASAP7_75t_SL         1  0.9    32    17    1325    (-,-) 
  u_packed_mxfp_aitb_comp_top_g40510/Y                                          -       A2->Y   R     OAI21xp5_ASAP7_75t_SL          1  1.3    49    23    1348    (-,-) 
  u_packed_mxfp_aitb_comp_top_g40509/Y                                          -       B->Y    R     AND2x4_ASAP7_75t_SL            9 10.1    34    32    1380    (-,-) 
  u_packed_mxfp_aitb_comp_top_g40508/Y                                          -       A->Y    F     INVx8_ASAP7_75t_SL            23 15.3    24    15    1395    (-,-) 
  u_packed_mxfp_aitb_comp_top_g40448/Y                                          -       B->Y    R     NAND2xp5_ASAP7_75t_SL          1  0.9    25    15    1410    (-,-) 
  u_packed_mxfp_aitb_comp_top_PIPE_OUT_col2_stage_reg_reg[0][12]/D              -       -       R     ASYNC_DFFHx1_ASAP7_75t_SL      1    -     -     0    1410    (-,-) 
#------------------------------------------------------------------------------------------------------------------------------------------------------------------------



Path 14: VIOLATED (-524 ps) Setup Check with Pin u_packed_mxfp_aitb_comp_top_PIPE_OUT_col2_stage_reg_reg[0][10]/CLK->D
           View: PVT_0P63V_100C.setup_view
          Group: clk
     Startpoint: (R) u_packed_mxfp_aitb_comp_top_PIPE_OUT_col2_stage_reg_reg[0][11]/CLK
          Clock: (R) clk
       Endpoint: (R) u_packed_mxfp_aitb_comp_top_PIPE_OUT_col2_stage_reg_reg[0][10]/D
          Clock: (R) clk

                     Capture       Launch     
        Clock Edge:+    1000            0     
       Src Latency:+       0            0     
       Net Latency:+       0 (I)        0 (I) 
           Arrival:=    1000            0     
                                              
             Setup:-      14                  
       Uncertainty:-     100                  
     Required Time:=     886                  
      Launch Clock:-       0                  
         Data Path:-    1410                  
             Slack:=    -524                  

#------------------------------------------------------------------------------------------------------------------------------------------------------------------------
#                                 Timing Point                                  Flags    Arc    Edge           Cell             Fanout Load Trans Delay Arrival Instance 
#                                                                                                                                      (fF)  (ps)  (ps)   (ps)  Location 
#------------------------------------------------------------------------------------------------------------------------------------------------------------------------
  u_packed_mxfp_aitb_comp_top_PIPE_OUT_col2_stage_reg_reg[0][11]/CLK            -       -       R     (arrival)                   1219    -     0     0       0    (-,-) 
  u_packed_mxfp_aitb_comp_top_PIPE_OUT_col2_stage_reg_reg[0][11]/QN             -       CLK->QN R     ASYNC_DFFHx1_ASAP7_75t_SL      3  3.5    34    54      54    (-,-) 
  u_packed_mxfp_aitb_comp_top_g46137/Y                                          -       B1->Y   F     AOI22x1_ASAP7_75t_SL           3  2.4    59    16      70    (-,-) 
  u_packed_mxfp_aitb_comp_top_g45354/Y                                          -       B->Y    R     AOI31xp33_ASAP7_75t_SL         1  0.8    49    32     102    (-,-) 
  u_packed_mxfp_aitb_comp_top_g45320/Y                                          -       C->Y    F     O2A1O1Ixp5_ASAP7_75t_SL        1  0.8    30    16     118    (-,-) 
  u_packed_mxfp_aitb_comp_top_g45301/Y                                          -       B->Y    R     AOI21xp5_ASAP7_75t_SL          1  0.9    32    19     138    (-,-) 
  u_packed_mxfp_aitb_comp_top_g45186/Y                                          -       A1->Y   F     OAI21xp5_ASAP7_75t_SL          1  1.4    31    19     156    (-,-) 
  u_packed_mxfp_aitb_comp_top_g45184/Y                                          -       B->Y    R     AOI21x1_ASAP7_75t_SL           2  1.6    30    19     175    (-,-) 
  u_packed_mxfp_aitb_comp_top_g45162/Y                                          -       B->Y    R     OR2x2_ASAP7_75t_SL             1  1.3    14    22     197    (-,-) 
  u_packed_mxfp_aitb_comp_top_g45084/Y                                          -       A->Y    R     AND2x6_ASAP7_75t_SL           16 11.7    28    28     225    (-,-) 
  u_packed_mxfp_aitb_comp_top_g44863/Y                                          -       B2->Y   R     OA22x2_ASAP7_75t_SL            2  2.4    20    25     250    (-,-) 
  u_packed_mxfp_aitb_comp_top_g44773/Y                                          -       D->Y    F     NAND4xp75_ASAP7_75t_SL         2  1.6    29    16     266    (-,-) 
  u_packed_mxfp_aitb_comp_top_g44761/Y                                          -       A->Y    R     INVx1_ASAP7_75t_SL             1  1.6    25    16     282    (-,-) 
  u_packed_mxfp_aitb_comp_top_g44735/Y                                          -       A->Y    F     NAND3x1_ASAP7_75t_SL           1  1.8    22    12     294    (-,-) 
  u_packed_mxfp_aitb_comp_top_g44692/Y                                          -       A->Y    R     NOR4xp75_ASAP7_75t_SL          2  2.3    53    25     319    (-,-) 
  u_packed_mxfp_aitb_comp_top_g44686/Y                                          -       A->Y    F     INVx2_ASAP7_75t_SL             3  2.7    24    13     332    (-,-) 
  u_packed_mxfp_aitb_comp_top_g44496/Y                                          -       A2->Y   R     AOI21x1_ASAP7_75t_SL           3  2.4    34    19     351    (-,-) 
  u_packed_mxfp_aitb_comp_top_g44485/Y                                          -       A->Y    R     BUFx6f_ASAP7_75t_SL            8  5.8    16    21     372    (-,-) 
  u_packed_mxfp_aitb_comp_top_g44418/Y                                          -       A1->Y   F     OAI22xp5_ASAP7_75t_SL          2  2.0    56    20     392    (-,-) 
  u_packed_mxfp_aitb_comp_top_g46585/Y                                          -       C->Y    F     OR4x1_ASAP7_75t_SL             1  1.3    23    42     434    (-,-) 
  u_packed_mxfp_aitb_comp_top_g44271/Y                                          -       A->Y    R     NOR2x1_ASAP7_75t_SL            1  0.8    17    11     445    (-,-) 
  u_packed_mxfp_aitb_comp_top_g44206/Y                                          -       B2->Y   F     OAI22xp5_ASAP7_75t_SL          1  1.4    43    15     460    (-,-) 
  u_packed_mxfp_aitb_comp_top_g44149/Y                                          -       B->Y    R     AOI21x1_ASAP7_75t_SL           1  1.8    35    22     482    (-,-) 
  u_packed_mxfp_aitb_comp_top_g44091/Y                                          -       A->Y    F     NAND4xp75_ASAP7_75t_SL         2  2.4    40    20     502    (-,-) 
  u_packed_mxfp_aitb_comp_top_g44069/Y                                          -       A->Y    R     NOR2x1p5_ASAP7_75t_SL          2  1.8    36    14     516    (-,-) 
  u_packed_mxfp_aitb_comp_top_addinc_FP32_ALU_col2_fracAdder_add_113_18_g1569/Y -       A->Y    R     AND2x4_ASAP7_75t_SL            2  2.3    14    19     535    (-,-) 
  u_packed_mxfp_aitb_comp_top_addinc_FP32_ALU_col2_fracAdder_add_113_18_g1503/Y -       B->Y    F     NAND2x1p5_ASAP7_75t_SL         2  1.3    23     8     543    (-,-) 
  u_packed_mxfp_aitb_comp_top_addinc_FP32_ALU_col2_fracAdder_add_113_18_g1441/Y -       A3->Y   R     OAI321xp33_ASAP7_75t_SL        2  1.8    79    37     580    (-,-) 
  u_packed_mxfp_aitb_comp_top_addinc_FP32_ALU_col2_fracAdder_add_113_18_g1410/Y -       A->Y    F     NAND2x1_ASAP7_75t_SL           1  1.8    30    11     591    (-,-) 
  u_packed_mxfp_aitb_comp_top_addinc_FP32_ALU_col2_fracAdder_add_113_18_g1406/Y -       A->Y    R     NAND2x1p5_ASAP7_75t_SL         3  2.3    28    19     610    (-,-) 
  u_packed_mxfp_aitb_comp_top_addinc_FP32_ALU_col2_fracAdder_add_113_18_g1391/Y -       A->Y    F     NAND2xp5_ASAP7_75t_SL          1  1.3    24    13     624    (-,-) 
  u_packed_mxfp_aitb_comp_top_addinc_FP32_ALU_col2_fracAdder_add_113_18_g1378/Y -       B->Y    F     AND2x4_ASAP7_75t_SL           16 11.8    27    31     654    (-,-) 
  u_packed_mxfp_aitb_comp_top_addinc_FP32_ALU_col2_fracAdder_add_113_18_g1367/Y -       B->Y    F     XOR2xp5_ASAP7_75t_SL           1  1.5    34    25     679    (-,-) 
  u_packed_mxfp_aitb_comp_top_g42902/Y                                          -       A->Y    R     INVx2_ASAP7_75t_SL             2  1.3    17    11     690    (-,-) 
  u_packed_mxfp_aitb_comp_top_g42087/Y                                          -       A->Y    F     NAND3xp33_ASAP7_75t_SL         1  0.8    29    14     704    (-,-) 
  u_packed_mxfp_aitb_comp_top_g41901/Y                                          -       A->Y    R     NOR3xp33_ASAP7_75t_SL          1  1.3    52    28     732    (-,-) 
  u_packed_mxfp_aitb_comp_top_g41897/Y                                          -       C->Y    R     AND3x4_ASAP7_75t_SL            9  9.0    32    35     768    (-,-) 
  u_packed_mxfp_aitb_comp_top_g41873/Y                                          -       A2->Y   F     AOI21x1_ASAP7_75t_SL           2  1.3    28    11     778    (-,-) 
  u_packed_mxfp_aitb_comp_top_g41834/Y                                          -       B->Y    F     AND3x2_ASAP7_75t_SL            2  3.2    18    25     803    (-,-) 
  u_packed_mxfp_aitb_comp_top_g41826/Y                                          -       C->Y    R     NAND3x2_ASAP7_75t_SL           6  4.2    40    24     827    (-,-) 
  u_packed_mxfp_aitb_comp_top_g41803/Y                                          -       B->Y    R     OR2x2_ASAP7_75t_SL             1  1.2    13    23     850    (-,-) 
  u_packed_mxfp_aitb_comp_top_g41770/Y                                          -       D->Y    R     AND5x2_ASAP7_75t_SL            3  3.2    27    39     889    (-,-) 
  fopt124827/Y                                                                  -       A->Y    R     BUFx6f_ASAP7_75t_SL            4  3.6    12    19     908    (-,-) 
  fopt124825/Y                                                                  -       A->Y    F     INVx2_ASAP7_75t_SL             1  0.9     7     5     913    (-,-) 
  u_packed_mxfp_aitb_comp_top_g41764/Y                                          -       A1->Y   R     OAI21xp5_ASAP7_75t_SL          1  1.4    50    18     931    (-,-) 
  u_packed_mxfp_aitb_comp_top_g41727/Y                                          -       B->Y    F     AOI21x1_ASAP7_75t_SL           1  2.2    38    18     949    (-,-) 
  u_packed_mxfp_aitb_comp_top_g41721/Y                                          -       A->Y    R     NAND2x2_ASAP7_75t_SL           2  3.6    34    24     973    (-,-) 
  u_packed_mxfp_aitb_comp_top_g41719/Y                                          -       A->Y    F     INVx2_ASAP7_75t_SL             1  0.9    13     7     980    (-,-) 
  u_packed_mxfp_aitb_comp_top_g41707/Y                                          -       A1->Y   F     OA21x2_ASAP7_75t_SL            3  3.9    22    28    1008    (-,-) 
  fopt125215/Y                                                                  -       A->Y    R     INVx4_ASAP7_75t_SL             2  2.7    14    10    1017    (-,-) 
  fopt125214/Y                                                                  -       A->Y    F     INVx2_ASAP7_75t_SL             3  2.3    12     8    1026    (-,-) 
  u_packed_mxfp_aitb_comp_top_g41495/Y                                          -       A1->Y   F     OA21x2_ASAP7_75t_SL            2  2.2    19    24    1050    (-,-) 
  fopt125030/Y                                                                  -       A->Y    R     INVx2_ASAP7_75t_SL             2  1.4    13     9    1059    (-,-) 
  u_packed_mxfp_aitb_comp_top_g41285/Y                                          -       B1->Y   F     AOI22xp5_ASAP7_75t_SL          2  1.5    50    15    1074    (-,-) 
  u_packed_mxfp_aitb_comp_top_g41183/Y                                          -       B->Y    F     AND2x2_ASAP7_75t_SL            2  1.5    14    28    1102    (-,-) 
  u_packed_mxfp_aitb_comp_top_g41063/Y                                          -       A1->Y   R     OAI21xp5_ASAP7_75t_SL          2  2.5    55    28    1130    (-,-) 
  u_packed_mxfp_aitb_comp_top_g40913/Y                                          -       A2->Y   F     AOI21x1_ASAP7_75t_SL           2  2.6    34    16    1146    (-,-) 
  u_packed_mxfp_aitb_comp_top_g40827/Y                                          -       A1->Y   R     OAI21xp5_ASAP7_75t_SL          2  2.5    58    30    1176    (-,-) 
  u_packed_mxfp_aitb_comp_top_g40773/Y                                          -       B->Y    R     XOR2xp5_ASAP7_75t_SL           2  1.3    41    30    1206    (-,-) 
  u_packed_mxfp_aitb_comp_top_g40741/Y                                          -       B->Y    R     OR2x2_ASAP7_75t_SL             2  2.2    18    26    1232    (-,-) 
  fopt125048/Y                                                                  -       A->Y    F     INVx2_ASAP7_75t_SL             2  1.5    11     7    1239    (-,-) 
  u_packed_mxfp_aitb_comp_top_g40670/Y                                          -       C->Y    R     NAND3xp33_ASAP7_75t_SL         1  1.3    30    17    1256    (-,-) 
  u_packed_mxfp_aitb_comp_top_g40585/Y                                          -       A->Y    F     NOR2x1_ASAP7_75t_SL            1  0.8    20    13    1269    (-,-) 
  u_packed_mxfp_aitb_comp_top_g40551/Y                                          -       A->Y    R     NAND2xp5_ASAP7_75t_SL          1  1.2    27    17    1287    (-,-) 
  u_packed_mxfp_aitb_comp_top_g40527/Y                                          -       B->Y    R     XNOR2xp5_ASAP7_75t_SL          2  1.3    40    21    1308    (-,-) 
  u_packed_mxfp_aitb_comp_top_g40513/Y                                          -       B->Y    F     NAND3xp33_ASAP7_75t_SL         1  0.9    32    17    1325    (-,-) 
  u_packed_mxfp_aitb_comp_top_g40510/Y                                          -       A2->Y   R     OAI21xp5_ASAP7_75t_SL          1  1.3    49    23    1348    (-,-) 
  u_packed_mxfp_aitb_comp_top_g40509/Y                                          -       B->Y    R     AND2x4_ASAP7_75t_SL            9 10.1    34    32    1380    (-,-) 
  u_packed_mxfp_aitb_comp_top_g40508/Y                                          -       A->Y    F     INVx8_ASAP7_75t_SL            23 15.3    24    15    1395    (-,-) 
  u_packed_mxfp_aitb_comp_top_g40446/Y                                          -       B->Y    R     NAND2xp5_ASAP7_75t_SL          1  0.9    25    15    1410    (-,-) 
  u_packed_mxfp_aitb_comp_top_PIPE_OUT_col2_stage_reg_reg[0][10]/D              -       -       R     ASYNC_DFFHx1_ASAP7_75t_SL      1    -     -     0    1410    (-,-) 
#------------------------------------------------------------------------------------------------------------------------------------------------------------------------



Path 15: VIOLATED (-524 ps) Setup Check with Pin u_packed_mxfp_aitb_comp_top_PIPE_OUT_col2_stage_reg_reg[0][9]/CLK->D
           View: PVT_0P63V_100C.setup_view
          Group: clk
     Startpoint: (R) u_packed_mxfp_aitb_comp_top_PIPE_OUT_col2_stage_reg_reg[0][11]/CLK
          Clock: (R) clk
       Endpoint: (R) u_packed_mxfp_aitb_comp_top_PIPE_OUT_col2_stage_reg_reg[0][9]/D
          Clock: (R) clk

                     Capture       Launch     
        Clock Edge:+    1000            0     
       Src Latency:+       0            0     
       Net Latency:+       0 (I)        0 (I) 
           Arrival:=    1000            0     
                                              
             Setup:-      14                  
       Uncertainty:-     100                  
     Required Time:=     886                  
      Launch Clock:-       0                  
         Data Path:-    1410                  
             Slack:=    -524                  

#------------------------------------------------------------------------------------------------------------------------------------------------------------------------
#                                 Timing Point                                  Flags    Arc    Edge           Cell             Fanout Load Trans Delay Arrival Instance 
#                                                                                                                                      (fF)  (ps)  (ps)   (ps)  Location 
#------------------------------------------------------------------------------------------------------------------------------------------------------------------------
  u_packed_mxfp_aitb_comp_top_PIPE_OUT_col2_stage_reg_reg[0][11]/CLK            -       -       R     (arrival)                   1219    -     0     0       0    (-,-) 
  u_packed_mxfp_aitb_comp_top_PIPE_OUT_col2_stage_reg_reg[0][11]/QN             -       CLK->QN R     ASYNC_DFFHx1_ASAP7_75t_SL      3  3.5    34    54      54    (-,-) 
  u_packed_mxfp_aitb_comp_top_g46137/Y                                          -       B1->Y   F     AOI22x1_ASAP7_75t_SL           3  2.4    59    16      70    (-,-) 
  u_packed_mxfp_aitb_comp_top_g45354/Y                                          -       B->Y    R     AOI31xp33_ASAP7_75t_SL         1  0.8    49    32     102    (-,-) 
  u_packed_mxfp_aitb_comp_top_g45320/Y                                          -       C->Y    F     O2A1O1Ixp5_ASAP7_75t_SL        1  0.8    30    16     118    (-,-) 
  u_packed_mxfp_aitb_comp_top_g45301/Y                                          -       B->Y    R     AOI21xp5_ASAP7_75t_SL          1  0.9    32    19     138    (-,-) 
  u_packed_mxfp_aitb_comp_top_g45186/Y                                          -       A1->Y   F     OAI21xp5_ASAP7_75t_SL          1  1.4    31    19     156    (-,-) 
  u_packed_mxfp_aitb_comp_top_g45184/Y                                          -       B->Y    R     AOI21x1_ASAP7_75t_SL           2  1.6    30    19     175    (-,-) 
  u_packed_mxfp_aitb_comp_top_g45162/Y                                          -       B->Y    R     OR2x2_ASAP7_75t_SL             1  1.3    14    22     197    (-,-) 
  u_packed_mxfp_aitb_comp_top_g45084/Y                                          -       A->Y    R     AND2x6_ASAP7_75t_SL           16 11.7    28    28     225    (-,-) 
  u_packed_mxfp_aitb_comp_top_g44863/Y                                          -       B2->Y   R     OA22x2_ASAP7_75t_SL            2  2.4    20    25     250    (-,-) 
  u_packed_mxfp_aitb_comp_top_g44773/Y                                          -       D->Y    F     NAND4xp75_ASAP7_75t_SL         2  1.6    29    16     266    (-,-) 
  u_packed_mxfp_aitb_comp_top_g44761/Y                                          -       A->Y    R     INVx1_ASAP7_75t_SL             1  1.6    25    16     282    (-,-) 
  u_packed_mxfp_aitb_comp_top_g44735/Y                                          -       A->Y    F     NAND3x1_ASAP7_75t_SL           1  1.8    22    12     294    (-,-) 
  u_packed_mxfp_aitb_comp_top_g44692/Y                                          -       A->Y    R     NOR4xp75_ASAP7_75t_SL          2  2.3    53    25     319    (-,-) 
  u_packed_mxfp_aitb_comp_top_g44686/Y                                          -       A->Y    F     INVx2_ASAP7_75t_SL             3  2.7    24    13     332    (-,-) 
  u_packed_mxfp_aitb_comp_top_g44496/Y                                          -       A2->Y   R     AOI21x1_ASAP7_75t_SL           3  2.4    34    19     351    (-,-) 
  u_packed_mxfp_aitb_comp_top_g44485/Y                                          -       A->Y    R     BUFx6f_ASAP7_75t_SL            8  5.8    16    21     372    (-,-) 
  u_packed_mxfp_aitb_comp_top_g44418/Y                                          -       A1->Y   F     OAI22xp5_ASAP7_75t_SL          2  2.0    56    20     392    (-,-) 
  u_packed_mxfp_aitb_comp_top_g46585/Y                                          -       C->Y    F     OR4x1_ASAP7_75t_SL             1  1.3    23    42     434    (-,-) 
  u_packed_mxfp_aitb_comp_top_g44271/Y                                          -       A->Y    R     NOR2x1_ASAP7_75t_SL            1  0.8    17    11     445    (-,-) 
  u_packed_mxfp_aitb_comp_top_g44206/Y                                          -       B2->Y   F     OAI22xp5_ASAP7_75t_SL          1  1.4    43    15     460    (-,-) 
  u_packed_mxfp_aitb_comp_top_g44149/Y                                          -       B->Y    R     AOI21x1_ASAP7_75t_SL           1  1.8    35    22     482    (-,-) 
  u_packed_mxfp_aitb_comp_top_g44091/Y                                          -       A->Y    F     NAND4xp75_ASAP7_75t_SL         2  2.4    40    20     502    (-,-) 
  u_packed_mxfp_aitb_comp_top_g44069/Y                                          -       A->Y    R     NOR2x1p5_ASAP7_75t_SL          2  1.8    36    14     516    (-,-) 
  u_packed_mxfp_aitb_comp_top_addinc_FP32_ALU_col2_fracAdder_add_113_18_g1569/Y -       A->Y    R     AND2x4_ASAP7_75t_SL            2  2.3    14    19     535    (-,-) 
  u_packed_mxfp_aitb_comp_top_addinc_FP32_ALU_col2_fracAdder_add_113_18_g1503/Y -       B->Y    F     NAND2x1p5_ASAP7_75t_SL         2  1.3    23     8     543    (-,-) 
  u_packed_mxfp_aitb_comp_top_addinc_FP32_ALU_col2_fracAdder_add_113_18_g1441/Y -       A3->Y   R     OAI321xp33_ASAP7_75t_SL        2  1.8    79    37     580    (-,-) 
  u_packed_mxfp_aitb_comp_top_addinc_FP32_ALU_col2_fracAdder_add_113_18_g1410/Y -       A->Y    F     NAND2x1_ASAP7_75t_SL           1  1.8    30    11     591    (-,-) 
  u_packed_mxfp_aitb_comp_top_addinc_FP32_ALU_col2_fracAdder_add_113_18_g1406/Y -       A->Y    R     NAND2x1p5_ASAP7_75t_SL         3  2.3    28    19     610    (-,-) 
  u_packed_mxfp_aitb_comp_top_addinc_FP32_ALU_col2_fracAdder_add_113_18_g1391/Y -       A->Y    F     NAND2xp5_ASAP7_75t_SL          1  1.3    24    13     624    (-,-) 
  u_packed_mxfp_aitb_comp_top_addinc_FP32_ALU_col2_fracAdder_add_113_18_g1378/Y -       B->Y    F     AND2x4_ASAP7_75t_SL           16 11.8    27    31     654    (-,-) 
  u_packed_mxfp_aitb_comp_top_addinc_FP32_ALU_col2_fracAdder_add_113_18_g1367/Y -       B->Y    F     XOR2xp5_ASAP7_75t_SL           1  1.5    34    25     679    (-,-) 
  u_packed_mxfp_aitb_comp_top_g42902/Y                                          -       A->Y    R     INVx2_ASAP7_75t_SL             2  1.3    17    11     690    (-,-) 
  u_packed_mxfp_aitb_comp_top_g42087/Y                                          -       A->Y    F     NAND3xp33_ASAP7_75t_SL         1  0.8    29    14     704    (-,-) 
  u_packed_mxfp_aitb_comp_top_g41901/Y                                          -       A->Y    R     NOR3xp33_ASAP7_75t_SL          1  1.3    52    28     732    (-,-) 
  u_packed_mxfp_aitb_comp_top_g41897/Y                                          -       C->Y    R     AND3x4_ASAP7_75t_SL            9  9.0    32    35     768    (-,-) 
  u_packed_mxfp_aitb_comp_top_g41873/Y                                          -       A2->Y   F     AOI21x1_ASAP7_75t_SL           2  1.3    28    11     778    (-,-) 
  u_packed_mxfp_aitb_comp_top_g41834/Y                                          -       B->Y    F     AND3x2_ASAP7_75t_SL            2  3.2    18    25     803    (-,-) 
  u_packed_mxfp_aitb_comp_top_g41826/Y                                          -       C->Y    R     NAND3x2_ASAP7_75t_SL           6  4.2    40    24     827    (-,-) 
  u_packed_mxfp_aitb_comp_top_g41803/Y                                          -       B->Y    R     OR2x2_ASAP7_75t_SL             1  1.2    13    23     850    (-,-) 
  u_packed_mxfp_aitb_comp_top_g41770/Y                                          -       D->Y    R     AND5x2_ASAP7_75t_SL            3  3.2    27    39     889    (-,-) 
  fopt124827/Y                                                                  -       A->Y    R     BUFx6f_ASAP7_75t_SL            4  3.6    12    19     908    (-,-) 
  fopt124825/Y                                                                  -       A->Y    F     INVx2_ASAP7_75t_SL             1  0.9     7     5     913    (-,-) 
  u_packed_mxfp_aitb_comp_top_g41764/Y                                          -       A1->Y   R     OAI21xp5_ASAP7_75t_SL          1  1.4    50    18     931    (-,-) 
  u_packed_mxfp_aitb_comp_top_g41727/Y                                          -       B->Y    F     AOI21x1_ASAP7_75t_SL           1  2.2    38    18     949    (-,-) 
  u_packed_mxfp_aitb_comp_top_g41721/Y                                          -       A->Y    R     NAND2x2_ASAP7_75t_SL           2  3.6    34    24     973    (-,-) 
  u_packed_mxfp_aitb_comp_top_g41719/Y                                          -       A->Y    F     INVx2_ASAP7_75t_SL             1  0.9    13     7     980    (-,-) 
  u_packed_mxfp_aitb_comp_top_g41707/Y                                          -       A1->Y   F     OA21x2_ASAP7_75t_SL            3  3.9    22    28    1008    (-,-) 
  fopt125215/Y                                                                  -       A->Y    R     INVx4_ASAP7_75t_SL             2  2.7    14    10    1017    (-,-) 
  fopt125214/Y                                                                  -       A->Y    F     INVx2_ASAP7_75t_SL             3  2.3    12     8    1026    (-,-) 
  u_packed_mxfp_aitb_comp_top_g41495/Y                                          -       A1->Y   F     OA21x2_ASAP7_75t_SL            2  2.2    19    24    1050    (-,-) 
  fopt125030/Y                                                                  -       A->Y    R     INVx2_ASAP7_75t_SL             2  1.4    13     9    1059    (-,-) 
  u_packed_mxfp_aitb_comp_top_g41285/Y                                          -       B1->Y   F     AOI22xp5_ASAP7_75t_SL          2  1.5    50    15    1074    (-,-) 
  u_packed_mxfp_aitb_comp_top_g41183/Y                                          -       B->Y    F     AND2x2_ASAP7_75t_SL            2  1.5    14    28    1102    (-,-) 
  u_packed_mxfp_aitb_comp_top_g41063/Y                                          -       A1->Y   R     OAI21xp5_ASAP7_75t_SL          2  2.5    55    28    1130    (-,-) 
  u_packed_mxfp_aitb_comp_top_g40913/Y                                          -       A2->Y   F     AOI21x1_ASAP7_75t_SL           2  2.6    34    16    1146    (-,-) 
  u_packed_mxfp_aitb_comp_top_g40827/Y                                          -       A1->Y   R     OAI21xp5_ASAP7_75t_SL          2  2.5    58    30    1176    (-,-) 
  u_packed_mxfp_aitb_comp_top_g40773/Y                                          -       B->Y    R     XOR2xp5_ASAP7_75t_SL           2  1.3    41    30    1206    (-,-) 
  u_packed_mxfp_aitb_comp_top_g40741/Y                                          -       B->Y    R     OR2x2_ASAP7_75t_SL             2  2.2    18    26    1232    (-,-) 
  fopt125048/Y                                                                  -       A->Y    F     INVx2_ASAP7_75t_SL             2  1.5    11     7    1239    (-,-) 
  u_packed_mxfp_aitb_comp_top_g40670/Y                                          -       C->Y    R     NAND3xp33_ASAP7_75t_SL         1  1.3    30    17    1256    (-,-) 
  u_packed_mxfp_aitb_comp_top_g40585/Y                                          -       A->Y    F     NOR2x1_ASAP7_75t_SL            1  0.8    20    13    1269    (-,-) 
  u_packed_mxfp_aitb_comp_top_g40551/Y                                          -       A->Y    R     NAND2xp5_ASAP7_75t_SL          1  1.2    27    17    1287    (-,-) 
  u_packed_mxfp_aitb_comp_top_g40527/Y                                          -       B->Y    R     XNOR2xp5_ASAP7_75t_SL          2  1.3    40    21    1308    (-,-) 
  u_packed_mxfp_aitb_comp_top_g40513/Y                                          -       B->Y    F     NAND3xp33_ASAP7_75t_SL         1  0.9    32    17    1325    (-,-) 
  u_packed_mxfp_aitb_comp_top_g40510/Y                                          -       A2->Y   R     OAI21xp5_ASAP7_75t_SL          1  1.3    49    23    1348    (-,-) 
  u_packed_mxfp_aitb_comp_top_g40509/Y                                          -       B->Y    R     AND2x4_ASAP7_75t_SL            9 10.1    34    32    1380    (-,-) 
  u_packed_mxfp_aitb_comp_top_g40508/Y                                          -       A->Y    F     INVx8_ASAP7_75t_SL            23 15.3    24    15    1395    (-,-) 
  u_packed_mxfp_aitb_comp_top_g40459/Y                                          -       B->Y    R     NAND2xp5_ASAP7_75t_SL          1  0.9    24    15    1410    (-,-) 
  u_packed_mxfp_aitb_comp_top_PIPE_OUT_col2_stage_reg_reg[0][9]/D               -       -       R     ASYNC_DFFHx1_ASAP7_75t_SL      1    -     -     0    1410    (-,-) 
#------------------------------------------------------------------------------------------------------------------------------------------------------------------------



Path 16: VIOLATED (-524 ps) Setup Check with Pin u_packed_mxfp_aitb_comp_top_PIPE_OUT_col2_stage_reg_reg[0][7]/CLK->D
           View: PVT_0P63V_100C.setup_view
          Group: clk
     Startpoint: (R) u_packed_mxfp_aitb_comp_top_PIPE_OUT_col2_stage_reg_reg[0][11]/CLK
          Clock: (R) clk
       Endpoint: (R) u_packed_mxfp_aitb_comp_top_PIPE_OUT_col2_stage_reg_reg[0][7]/D
          Clock: (R) clk

                     Capture       Launch     
        Clock Edge:+    1000            0     
       Src Latency:+       0            0     
       Net Latency:+       0 (I)        0 (I) 
           Arrival:=    1000            0     
                                              
             Setup:-      14                  
       Uncertainty:-     100                  
     Required Time:=     886                  
      Launch Clock:-       0                  
         Data Path:-    1410                  
             Slack:=    -524                  

#------------------------------------------------------------------------------------------------------------------------------------------------------------------------
#                                 Timing Point                                  Flags    Arc    Edge           Cell             Fanout Load Trans Delay Arrival Instance 
#                                                                                                                                      (fF)  (ps)  (ps)   (ps)  Location 
#------------------------------------------------------------------------------------------------------------------------------------------------------------------------
  u_packed_mxfp_aitb_comp_top_PIPE_OUT_col2_stage_reg_reg[0][11]/CLK            -       -       R     (arrival)                   1219    -     0     0       0    (-,-) 
  u_packed_mxfp_aitb_comp_top_PIPE_OUT_col2_stage_reg_reg[0][11]/QN             -       CLK->QN R     ASYNC_DFFHx1_ASAP7_75t_SL      3  3.5    34    54      54    (-,-) 
  u_packed_mxfp_aitb_comp_top_g46137/Y                                          -       B1->Y   F     AOI22x1_ASAP7_75t_SL           3  2.4    59    16      70    (-,-) 
  u_packed_mxfp_aitb_comp_top_g45354/Y                                          -       B->Y    R     AOI31xp33_ASAP7_75t_SL         1  0.8    49    32     102    (-,-) 
  u_packed_mxfp_aitb_comp_top_g45320/Y                                          -       C->Y    F     O2A1O1Ixp5_ASAP7_75t_SL        1  0.8    30    16     118    (-,-) 
  u_packed_mxfp_aitb_comp_top_g45301/Y                                          -       B->Y    R     AOI21xp5_ASAP7_75t_SL          1  0.9    32    19     138    (-,-) 
  u_packed_mxfp_aitb_comp_top_g45186/Y                                          -       A1->Y   F     OAI21xp5_ASAP7_75t_SL          1  1.4    31    19     156    (-,-) 
  u_packed_mxfp_aitb_comp_top_g45184/Y                                          -       B->Y    R     AOI21x1_ASAP7_75t_SL           2  1.6    30    19     175    (-,-) 
  u_packed_mxfp_aitb_comp_top_g45162/Y                                          -       B->Y    R     OR2x2_ASAP7_75t_SL             1  1.3    14    22     197    (-,-) 
  u_packed_mxfp_aitb_comp_top_g45084/Y                                          -       A->Y    R     AND2x6_ASAP7_75t_SL           16 11.7    28    28     225    (-,-) 
  u_packed_mxfp_aitb_comp_top_g44863/Y                                          -       B2->Y   R     OA22x2_ASAP7_75t_SL            2  2.4    20    25     250    (-,-) 
  u_packed_mxfp_aitb_comp_top_g44773/Y                                          -       D->Y    F     NAND4xp75_ASAP7_75t_SL         2  1.6    29    16     266    (-,-) 
  u_packed_mxfp_aitb_comp_top_g44761/Y                                          -       A->Y    R     INVx1_ASAP7_75t_SL             1  1.6    25    16     282    (-,-) 
  u_packed_mxfp_aitb_comp_top_g44735/Y                                          -       A->Y    F     NAND3x1_ASAP7_75t_SL           1  1.8    22    12     294    (-,-) 
  u_packed_mxfp_aitb_comp_top_g44692/Y                                          -       A->Y    R     NOR4xp75_ASAP7_75t_SL          2  2.3    53    25     319    (-,-) 
  u_packed_mxfp_aitb_comp_top_g44686/Y                                          -       A->Y    F     INVx2_ASAP7_75t_SL             3  2.7    24    13     332    (-,-) 
  u_packed_mxfp_aitb_comp_top_g44496/Y                                          -       A2->Y   R     AOI21x1_ASAP7_75t_SL           3  2.4    34    19     351    (-,-) 
  u_packed_mxfp_aitb_comp_top_g44485/Y                                          -       A->Y    R     BUFx6f_ASAP7_75t_SL            8  5.8    16    21     372    (-,-) 
  u_packed_mxfp_aitb_comp_top_g44418/Y                                          -       A1->Y   F     OAI22xp5_ASAP7_75t_SL          2  2.0    56    20     392    (-,-) 
  u_packed_mxfp_aitb_comp_top_g46585/Y                                          -       C->Y    F     OR4x1_ASAP7_75t_SL             1  1.3    23    42     434    (-,-) 
  u_packed_mxfp_aitb_comp_top_g44271/Y                                          -       A->Y    R     NOR2x1_ASAP7_75t_SL            1  0.8    17    11     445    (-,-) 
  u_packed_mxfp_aitb_comp_top_g44206/Y                                          -       B2->Y   F     OAI22xp5_ASAP7_75t_SL          1  1.4    43    15     460    (-,-) 
  u_packed_mxfp_aitb_comp_top_g44149/Y                                          -       B->Y    R     AOI21x1_ASAP7_75t_SL           1  1.8    35    22     482    (-,-) 
  u_packed_mxfp_aitb_comp_top_g44091/Y                                          -       A->Y    F     NAND4xp75_ASAP7_75t_SL         2  2.4    40    20     502    (-,-) 
  u_packed_mxfp_aitb_comp_top_g44069/Y                                          -       A->Y    R     NOR2x1p5_ASAP7_75t_SL          2  1.8    36    14     516    (-,-) 
  u_packed_mxfp_aitb_comp_top_addinc_FP32_ALU_col2_fracAdder_add_113_18_g1569/Y -       A->Y    R     AND2x4_ASAP7_75t_SL            2  2.3    14    19     535    (-,-) 
  u_packed_mxfp_aitb_comp_top_addinc_FP32_ALU_col2_fracAdder_add_113_18_g1503/Y -       B->Y    F     NAND2x1p5_ASAP7_75t_SL         2  1.3    23     8     543    (-,-) 
  u_packed_mxfp_aitb_comp_top_addinc_FP32_ALU_col2_fracAdder_add_113_18_g1441/Y -       A3->Y   R     OAI321xp33_ASAP7_75t_SL        2  1.8    79    37     580    (-,-) 
  u_packed_mxfp_aitb_comp_top_addinc_FP32_ALU_col2_fracAdder_add_113_18_g1410/Y -       A->Y    F     NAND2x1_ASAP7_75t_SL           1  1.8    30    11     591    (-,-) 
  u_packed_mxfp_aitb_comp_top_addinc_FP32_ALU_col2_fracAdder_add_113_18_g1406/Y -       A->Y    R     NAND2x1p5_ASAP7_75t_SL         3  2.3    28    19     610    (-,-) 
  u_packed_mxfp_aitb_comp_top_addinc_FP32_ALU_col2_fracAdder_add_113_18_g1391/Y -       A->Y    F     NAND2xp5_ASAP7_75t_SL          1  1.3    24    13     624    (-,-) 
  u_packed_mxfp_aitb_comp_top_addinc_FP32_ALU_col2_fracAdder_add_113_18_g1378/Y -       B->Y    F     AND2x4_ASAP7_75t_SL           16 11.8    27    31     654    (-,-) 
  u_packed_mxfp_aitb_comp_top_addinc_FP32_ALU_col2_fracAdder_add_113_18_g1367/Y -       B->Y    F     XOR2xp5_ASAP7_75t_SL           1  1.5    34    25     679    (-,-) 
  u_packed_mxfp_aitb_comp_top_g42902/Y                                          -       A->Y    R     INVx2_ASAP7_75t_SL             2  1.3    17    11     690    (-,-) 
  u_packed_mxfp_aitb_comp_top_g42087/Y                                          -       A->Y    F     NAND3xp33_ASAP7_75t_SL         1  0.8    29    14     704    (-,-) 
  u_packed_mxfp_aitb_comp_top_g41901/Y                                          -       A->Y    R     NOR3xp33_ASAP7_75t_SL          1  1.3    52    28     732    (-,-) 
  u_packed_mxfp_aitb_comp_top_g41897/Y                                          -       C->Y    R     AND3x4_ASAP7_75t_SL            9  9.0    32    35     768    (-,-) 
  u_packed_mxfp_aitb_comp_top_g41873/Y                                          -       A2->Y   F     AOI21x1_ASAP7_75t_SL           2  1.3    28    11     778    (-,-) 
  u_packed_mxfp_aitb_comp_top_g41834/Y                                          -       B->Y    F     AND3x2_ASAP7_75t_SL            2  3.2    18    25     803    (-,-) 
  u_packed_mxfp_aitb_comp_top_g41826/Y                                          -       C->Y    R     NAND3x2_ASAP7_75t_SL           6  4.2    40    24     827    (-,-) 
  u_packed_mxfp_aitb_comp_top_g41803/Y                                          -       B->Y    R     OR2x2_ASAP7_75t_SL             1  1.2    13    23     850    (-,-) 
  u_packed_mxfp_aitb_comp_top_g41770/Y                                          -       D->Y    R     AND5x2_ASAP7_75t_SL            3  3.2    27    39     889    (-,-) 
  fopt124827/Y                                                                  -       A->Y    R     BUFx6f_ASAP7_75t_SL            4  3.6    12    19     908    (-,-) 
  fopt124825/Y                                                                  -       A->Y    F     INVx2_ASAP7_75t_SL             1  0.9     7     5     913    (-,-) 
  u_packed_mxfp_aitb_comp_top_g41764/Y                                          -       A1->Y   R     OAI21xp5_ASAP7_75t_SL          1  1.4    50    18     931    (-,-) 
  u_packed_mxfp_aitb_comp_top_g41727/Y                                          -       B->Y    F     AOI21x1_ASAP7_75t_SL           1  2.2    38    18     949    (-,-) 
  u_packed_mxfp_aitb_comp_top_g41721/Y                                          -       A->Y    R     NAND2x2_ASAP7_75t_SL           2  3.6    34    24     973    (-,-) 
  u_packed_mxfp_aitb_comp_top_g41719/Y                                          -       A->Y    F     INVx2_ASAP7_75t_SL             1  0.9    13     7     980    (-,-) 
  u_packed_mxfp_aitb_comp_top_g41707/Y                                          -       A1->Y   F     OA21x2_ASAP7_75t_SL            3  3.9    22    28    1008    (-,-) 
  fopt125215/Y                                                                  -       A->Y    R     INVx4_ASAP7_75t_SL             2  2.7    14    10    1017    (-,-) 
  fopt125214/Y                                                                  -       A->Y    F     INVx2_ASAP7_75t_SL             3  2.3    12     8    1026    (-,-) 
  u_packed_mxfp_aitb_comp_top_g41495/Y                                          -       A1->Y   F     OA21x2_ASAP7_75t_SL            2  2.2    19    24    1050    (-,-) 
  fopt125030/Y                                                                  -       A->Y    R     INVx2_ASAP7_75t_SL             2  1.4    13     9    1059    (-,-) 
  u_packed_mxfp_aitb_comp_top_g41285/Y                                          -       B1->Y   F     AOI22xp5_ASAP7_75t_SL          2  1.5    50    15    1074    (-,-) 
  u_packed_mxfp_aitb_comp_top_g41183/Y                                          -       B->Y    F     AND2x2_ASAP7_75t_SL            2  1.5    14    28    1102    (-,-) 
  u_packed_mxfp_aitb_comp_top_g41063/Y                                          -       A1->Y   R     OAI21xp5_ASAP7_75t_SL          2  2.5    55    28    1130    (-,-) 
  u_packed_mxfp_aitb_comp_top_g40913/Y                                          -       A2->Y   F     AOI21x1_ASAP7_75t_SL           2  2.6    34    16    1146    (-,-) 
  u_packed_mxfp_aitb_comp_top_g40827/Y                                          -       A1->Y   R     OAI21xp5_ASAP7_75t_SL          2  2.5    58    30    1176    (-,-) 
  u_packed_mxfp_aitb_comp_top_g40773/Y                                          -       B->Y    R     XOR2xp5_ASAP7_75t_SL           2  1.3    41    30    1206    (-,-) 
  u_packed_mxfp_aitb_comp_top_g40741/Y                                          -       B->Y    R     OR2x2_ASAP7_75t_SL             2  2.2    18    26    1232    (-,-) 
  fopt125048/Y                                                                  -       A->Y    F     INVx2_ASAP7_75t_SL             2  1.5    11     7    1239    (-,-) 
  u_packed_mxfp_aitb_comp_top_g40670/Y                                          -       C->Y    R     NAND3xp33_ASAP7_75t_SL         1  1.3    30    17    1256    (-,-) 
  u_packed_mxfp_aitb_comp_top_g40585/Y                                          -       A->Y    F     NOR2x1_ASAP7_75t_SL            1  0.8    20    13    1269    (-,-) 
  u_packed_mxfp_aitb_comp_top_g40551/Y                                          -       A->Y    R     NAND2xp5_ASAP7_75t_SL          1  1.2    27    17    1287    (-,-) 
  u_packed_mxfp_aitb_comp_top_g40527/Y                                          -       B->Y    R     XNOR2xp5_ASAP7_75t_SL          2  1.3    40    21    1308    (-,-) 
  u_packed_mxfp_aitb_comp_top_g40513/Y                                          -       B->Y    F     NAND3xp33_ASAP7_75t_SL         1  0.9    32    17    1325    (-,-) 
  u_packed_mxfp_aitb_comp_top_g40510/Y                                          -       A2->Y   R     OAI21xp5_ASAP7_75t_SL          1  1.3    49    23    1348    (-,-) 
  u_packed_mxfp_aitb_comp_top_g40509/Y                                          -       B->Y    R     AND2x4_ASAP7_75t_SL            9 10.1    34    32    1380    (-,-) 
  u_packed_mxfp_aitb_comp_top_g40508/Y                                          -       A->Y    F     INVx8_ASAP7_75t_SL            23 15.3    24    15    1395    (-,-) 
  u_packed_mxfp_aitb_comp_top_g40468/Y                                          -       B->Y    R     NAND2xp5_ASAP7_75t_SL          1  0.9    24    15    1410    (-,-) 
  u_packed_mxfp_aitb_comp_top_PIPE_OUT_col2_stage_reg_reg[0][7]/D               -       -       R     ASYNC_DFFHx1_ASAP7_75t_SL      1    -     -     0    1410    (-,-) 
#------------------------------------------------------------------------------------------------------------------------------------------------------------------------



Path 17: VIOLATED (-524 ps) Setup Check with Pin u_packed_mxfp_aitb_comp_top_PIPE_OUT_col2_stage_reg_reg[0][5]/CLK->D
           View: PVT_0P63V_100C.setup_view
          Group: clk
     Startpoint: (R) u_packed_mxfp_aitb_comp_top_PIPE_OUT_col2_stage_reg_reg[0][11]/CLK
          Clock: (R) clk
       Endpoint: (R) u_packed_mxfp_aitb_comp_top_PIPE_OUT_col2_stage_reg_reg[0][5]/D
          Clock: (R) clk

                     Capture       Launch     
        Clock Edge:+    1000            0     
       Src Latency:+       0            0     
       Net Latency:+       0 (I)        0 (I) 
           Arrival:=    1000            0     
                                              
             Setup:-      14                  
       Uncertainty:-     100                  
     Required Time:=     886                  
      Launch Clock:-       0                  
         Data Path:-    1410                  
             Slack:=    -524                  

#------------------------------------------------------------------------------------------------------------------------------------------------------------------------
#                                 Timing Point                                  Flags    Arc    Edge           Cell             Fanout Load Trans Delay Arrival Instance 
#                                                                                                                                      (fF)  (ps)  (ps)   (ps)  Location 
#------------------------------------------------------------------------------------------------------------------------------------------------------------------------
  u_packed_mxfp_aitb_comp_top_PIPE_OUT_col2_stage_reg_reg[0][11]/CLK            -       -       R     (arrival)                   1219    -     0     0       0    (-,-) 
  u_packed_mxfp_aitb_comp_top_PIPE_OUT_col2_stage_reg_reg[0][11]/QN             -       CLK->QN R     ASYNC_DFFHx1_ASAP7_75t_SL      3  3.5    34    54      54    (-,-) 
  u_packed_mxfp_aitb_comp_top_g46137/Y                                          -       B1->Y   F     AOI22x1_ASAP7_75t_SL           3  2.4    59    16      70    (-,-) 
  u_packed_mxfp_aitb_comp_top_g45354/Y                                          -       B->Y    R     AOI31xp33_ASAP7_75t_SL         1  0.8    49    32     102    (-,-) 
  u_packed_mxfp_aitb_comp_top_g45320/Y                                          -       C->Y    F     O2A1O1Ixp5_ASAP7_75t_SL        1  0.8    30    16     118    (-,-) 
  u_packed_mxfp_aitb_comp_top_g45301/Y                                          -       B->Y    R     AOI21xp5_ASAP7_75t_SL          1  0.9    32    19     138    (-,-) 
  u_packed_mxfp_aitb_comp_top_g45186/Y                                          -       A1->Y   F     OAI21xp5_ASAP7_75t_SL          1  1.4    31    19     156    (-,-) 
  u_packed_mxfp_aitb_comp_top_g45184/Y                                          -       B->Y    R     AOI21x1_ASAP7_75t_SL           2  1.6    30    19     175    (-,-) 
  u_packed_mxfp_aitb_comp_top_g45162/Y                                          -       B->Y    R     OR2x2_ASAP7_75t_SL             1  1.3    14    22     197    (-,-) 
  u_packed_mxfp_aitb_comp_top_g45084/Y                                          -       A->Y    R     AND2x6_ASAP7_75t_SL           16 11.7    28    28     225    (-,-) 
  u_packed_mxfp_aitb_comp_top_g44863/Y                                          -       B2->Y   R     OA22x2_ASAP7_75t_SL            2  2.4    20    25     250    (-,-) 
  u_packed_mxfp_aitb_comp_top_g44773/Y                                          -       D->Y    F     NAND4xp75_ASAP7_75t_SL         2  1.6    29    16     266    (-,-) 
  u_packed_mxfp_aitb_comp_top_g44761/Y                                          -       A->Y    R     INVx1_ASAP7_75t_SL             1  1.6    25    16     282    (-,-) 
  u_packed_mxfp_aitb_comp_top_g44735/Y                                          -       A->Y    F     NAND3x1_ASAP7_75t_SL           1  1.8    22    12     294    (-,-) 
  u_packed_mxfp_aitb_comp_top_g44692/Y                                          -       A->Y    R     NOR4xp75_ASAP7_75t_SL          2  2.3    53    25     319    (-,-) 
  u_packed_mxfp_aitb_comp_top_g44686/Y                                          -       A->Y    F     INVx2_ASAP7_75t_SL             3  2.7    24    13     332    (-,-) 
  u_packed_mxfp_aitb_comp_top_g44496/Y                                          -       A2->Y   R     AOI21x1_ASAP7_75t_SL           3  2.4    34    19     351    (-,-) 
  u_packed_mxfp_aitb_comp_top_g44485/Y                                          -       A->Y    R     BUFx6f_ASAP7_75t_SL            8  5.8    16    21     372    (-,-) 
  u_packed_mxfp_aitb_comp_top_g44418/Y                                          -       A1->Y   F     OAI22xp5_ASAP7_75t_SL          2  2.0    56    20     392    (-,-) 
  u_packed_mxfp_aitb_comp_top_g46585/Y                                          -       C->Y    F     OR4x1_ASAP7_75t_SL             1  1.3    23    42     434    (-,-) 
  u_packed_mxfp_aitb_comp_top_g44271/Y                                          -       A->Y    R     NOR2x1_ASAP7_75t_SL            1  0.8    17    11     445    (-,-) 
  u_packed_mxfp_aitb_comp_top_g44206/Y                                          -       B2->Y   F     OAI22xp5_ASAP7_75t_SL          1  1.4    43    15     460    (-,-) 
  u_packed_mxfp_aitb_comp_top_g44149/Y                                          -       B->Y    R     AOI21x1_ASAP7_75t_SL           1  1.8    35    22     482    (-,-) 
  u_packed_mxfp_aitb_comp_top_g44091/Y                                          -       A->Y    F     NAND4xp75_ASAP7_75t_SL         2  2.4    40    20     502    (-,-) 
  u_packed_mxfp_aitb_comp_top_g44069/Y                                          -       A->Y    R     NOR2x1p5_ASAP7_75t_SL          2  1.8    36    14     516    (-,-) 
  u_packed_mxfp_aitb_comp_top_addinc_FP32_ALU_col2_fracAdder_add_113_18_g1569/Y -       A->Y    R     AND2x4_ASAP7_75t_SL            2  2.3    14    19     535    (-,-) 
  u_packed_mxfp_aitb_comp_top_addinc_FP32_ALU_col2_fracAdder_add_113_18_g1503/Y -       B->Y    F     NAND2x1p5_ASAP7_75t_SL         2  1.3    23     8     543    (-,-) 
  u_packed_mxfp_aitb_comp_top_addinc_FP32_ALU_col2_fracAdder_add_113_18_g1441/Y -       A3->Y   R     OAI321xp33_ASAP7_75t_SL        2  1.8    79    37     580    (-,-) 
  u_packed_mxfp_aitb_comp_top_addinc_FP32_ALU_col2_fracAdder_add_113_18_g1410/Y -       A->Y    F     NAND2x1_ASAP7_75t_SL           1  1.8    30    11     591    (-,-) 
  u_packed_mxfp_aitb_comp_top_addinc_FP32_ALU_col2_fracAdder_add_113_18_g1406/Y -       A->Y    R     NAND2x1p5_ASAP7_75t_SL         3  2.3    28    19     610    (-,-) 
  u_packed_mxfp_aitb_comp_top_addinc_FP32_ALU_col2_fracAdder_add_113_18_g1391/Y -       A->Y    F     NAND2xp5_ASAP7_75t_SL          1  1.3    24    13     624    (-,-) 
  u_packed_mxfp_aitb_comp_top_addinc_FP32_ALU_col2_fracAdder_add_113_18_g1378/Y -       B->Y    F     AND2x4_ASAP7_75t_SL           16 11.8    27    31     654    (-,-) 
  u_packed_mxfp_aitb_comp_top_addinc_FP32_ALU_col2_fracAdder_add_113_18_g1367/Y -       B->Y    F     XOR2xp5_ASAP7_75t_SL           1  1.5    34    25     679    (-,-) 
  u_packed_mxfp_aitb_comp_top_g42902/Y                                          -       A->Y    R     INVx2_ASAP7_75t_SL             2  1.3    17    11     690    (-,-) 
  u_packed_mxfp_aitb_comp_top_g42087/Y                                          -       A->Y    F     NAND3xp33_ASAP7_75t_SL         1  0.8    29    14     704    (-,-) 
  u_packed_mxfp_aitb_comp_top_g41901/Y                                          -       A->Y    R     NOR3xp33_ASAP7_75t_SL          1  1.3    52    28     732    (-,-) 
  u_packed_mxfp_aitb_comp_top_g41897/Y                                          -       C->Y    R     AND3x4_ASAP7_75t_SL            9  9.0    32    35     768    (-,-) 
  u_packed_mxfp_aitb_comp_top_g41873/Y                                          -       A2->Y   F     AOI21x1_ASAP7_75t_SL           2  1.3    28    11     778    (-,-) 
  u_packed_mxfp_aitb_comp_top_g41834/Y                                          -       B->Y    F     AND3x2_ASAP7_75t_SL            2  3.2    18    25     803    (-,-) 
  u_packed_mxfp_aitb_comp_top_g41826/Y                                          -       C->Y    R     NAND3x2_ASAP7_75t_SL           6  4.2    40    24     827    (-,-) 
  u_packed_mxfp_aitb_comp_top_g41803/Y                                          -       B->Y    R     OR2x2_ASAP7_75t_SL             1  1.2    13    23     850    (-,-) 
  u_packed_mxfp_aitb_comp_top_g41770/Y                                          -       D->Y    R     AND5x2_ASAP7_75t_SL            3  3.2    27    39     889    (-,-) 
  fopt124827/Y                                                                  -       A->Y    R     BUFx6f_ASAP7_75t_SL            4  3.6    12    19     908    (-,-) 
  fopt124825/Y                                                                  -       A->Y    F     INVx2_ASAP7_75t_SL             1  0.9     7     5     913    (-,-) 
  u_packed_mxfp_aitb_comp_top_g41764/Y                                          -       A1->Y   R     OAI21xp5_ASAP7_75t_SL          1  1.4    50    18     931    (-,-) 
  u_packed_mxfp_aitb_comp_top_g41727/Y                                          -       B->Y    F     AOI21x1_ASAP7_75t_SL           1  2.2    38    18     949    (-,-) 
  u_packed_mxfp_aitb_comp_top_g41721/Y                                          -       A->Y    R     NAND2x2_ASAP7_75t_SL           2  3.6    34    24     973    (-,-) 
  u_packed_mxfp_aitb_comp_top_g41719/Y                                          -       A->Y    F     INVx2_ASAP7_75t_SL             1  0.9    13     7     980    (-,-) 
  u_packed_mxfp_aitb_comp_top_g41707/Y                                          -       A1->Y   F     OA21x2_ASAP7_75t_SL            3  3.9    22    28    1008    (-,-) 
  fopt125215/Y                                                                  -       A->Y    R     INVx4_ASAP7_75t_SL             2  2.7    14    10    1017    (-,-) 
  fopt125214/Y                                                                  -       A->Y    F     INVx2_ASAP7_75t_SL             3  2.3    12     8    1026    (-,-) 
  u_packed_mxfp_aitb_comp_top_g41495/Y                                          -       A1->Y   F     OA21x2_ASAP7_75t_SL            2  2.2    19    24    1050    (-,-) 
  fopt125030/Y                                                                  -       A->Y    R     INVx2_ASAP7_75t_SL             2  1.4    13     9    1059    (-,-) 
  u_packed_mxfp_aitb_comp_top_g41285/Y                                          -       B1->Y   F     AOI22xp5_ASAP7_75t_SL          2  1.5    50    15    1074    (-,-) 
  u_packed_mxfp_aitb_comp_top_g41183/Y                                          -       B->Y    F     AND2x2_ASAP7_75t_SL            2  1.5    14    28    1102    (-,-) 
  u_packed_mxfp_aitb_comp_top_g41063/Y                                          -       A1->Y   R     OAI21xp5_ASAP7_75t_SL          2  2.5    55    28    1130    (-,-) 
  u_packed_mxfp_aitb_comp_top_g40913/Y                                          -       A2->Y   F     AOI21x1_ASAP7_75t_SL           2  2.6    34    16    1146    (-,-) 
  u_packed_mxfp_aitb_comp_top_g40827/Y                                          -       A1->Y   R     OAI21xp5_ASAP7_75t_SL          2  2.5    58    30    1176    (-,-) 
  u_packed_mxfp_aitb_comp_top_g40773/Y                                          -       B->Y    R     XOR2xp5_ASAP7_75t_SL           2  1.3    41    30    1206    (-,-) 
  u_packed_mxfp_aitb_comp_top_g40741/Y                                          -       B->Y    R     OR2x2_ASAP7_75t_SL             2  2.2    18    26    1232    (-,-) 
  fopt125048/Y                                                                  -       A->Y    F     INVx2_ASAP7_75t_SL             2  1.5    11     7    1239    (-,-) 
  u_packed_mxfp_aitb_comp_top_g40670/Y                                          -       C->Y    R     NAND3xp33_ASAP7_75t_SL         1  1.3    30    17    1256    (-,-) 
  u_packed_mxfp_aitb_comp_top_g40585/Y                                          -       A->Y    F     NOR2x1_ASAP7_75t_SL            1  0.8    20    13    1269    (-,-) 
  u_packed_mxfp_aitb_comp_top_g40551/Y                                          -       A->Y    R     NAND2xp5_ASAP7_75t_SL          1  1.2    27    17    1287    (-,-) 
  u_packed_mxfp_aitb_comp_top_g40527/Y                                          -       B->Y    R     XNOR2xp5_ASAP7_75t_SL          2  1.3    40    21    1308    (-,-) 
  u_packed_mxfp_aitb_comp_top_g40513/Y                                          -       B->Y    F     NAND3xp33_ASAP7_75t_SL         1  0.9    32    17    1325    (-,-) 
  u_packed_mxfp_aitb_comp_top_g40510/Y                                          -       A2->Y   R     OAI21xp5_ASAP7_75t_SL          1  1.3    49    23    1348    (-,-) 
  u_packed_mxfp_aitb_comp_top_g40509/Y                                          -       B->Y    R     AND2x4_ASAP7_75t_SL            9 10.1    34    32    1380    (-,-) 
  u_packed_mxfp_aitb_comp_top_g40508/Y                                          -       A->Y    F     INVx8_ASAP7_75t_SL            23 15.3    24    15    1395    (-,-) 
  u_packed_mxfp_aitb_comp_top_g40478/Y                                          -       B->Y    R     NAND2xp5_ASAP7_75t_SL          1  0.9    25    15    1410    (-,-) 
  u_packed_mxfp_aitb_comp_top_PIPE_OUT_col2_stage_reg_reg[0][5]/D               -       -       R     ASYNC_DFFHx1_ASAP7_75t_SL      1    -     -     0    1410    (-,-) 
#------------------------------------------------------------------------------------------------------------------------------------------------------------------------



Path 18: VIOLATED (-524 ps) Setup Check with Pin u_packed_mxfp_aitb_comp_top_PIPE_OUT_col2_stage_reg_reg[0][4]/CLK->D
           View: PVT_0P63V_100C.setup_view
          Group: clk
     Startpoint: (R) u_packed_mxfp_aitb_comp_top_PIPE_OUT_col2_stage_reg_reg[0][11]/CLK
          Clock: (R) clk
       Endpoint: (R) u_packed_mxfp_aitb_comp_top_PIPE_OUT_col2_stage_reg_reg[0][4]/D
          Clock: (R) clk

                     Capture       Launch     
        Clock Edge:+    1000            0     
       Src Latency:+       0            0     
       Net Latency:+       0 (I)        0 (I) 
           Arrival:=    1000            0     
                                              
             Setup:-      14                  
       Uncertainty:-     100                  
     Required Time:=     886                  
      Launch Clock:-       0                  
         Data Path:-    1410                  
             Slack:=    -524                  

#------------------------------------------------------------------------------------------------------------------------------------------------------------------------
#                                 Timing Point                                  Flags    Arc    Edge           Cell             Fanout Load Trans Delay Arrival Instance 
#                                                                                                                                      (fF)  (ps)  (ps)   (ps)  Location 
#------------------------------------------------------------------------------------------------------------------------------------------------------------------------
  u_packed_mxfp_aitb_comp_top_PIPE_OUT_col2_stage_reg_reg[0][11]/CLK            -       -       R     (arrival)                   1219    -     0     0       0    (-,-) 
  u_packed_mxfp_aitb_comp_top_PIPE_OUT_col2_stage_reg_reg[0][11]/QN             -       CLK->QN R     ASYNC_DFFHx1_ASAP7_75t_SL      3  3.5    34    54      54    (-,-) 
  u_packed_mxfp_aitb_comp_top_g46137/Y                                          -       B1->Y   F     AOI22x1_ASAP7_75t_SL           3  2.4    59    16      70    (-,-) 
  u_packed_mxfp_aitb_comp_top_g45354/Y                                          -       B->Y    R     AOI31xp33_ASAP7_75t_SL         1  0.8    49    32     102    (-,-) 
  u_packed_mxfp_aitb_comp_top_g45320/Y                                          -       C->Y    F     O2A1O1Ixp5_ASAP7_75t_SL        1  0.8    30    16     118    (-,-) 
  u_packed_mxfp_aitb_comp_top_g45301/Y                                          -       B->Y    R     AOI21xp5_ASAP7_75t_SL          1  0.9    32    19     138    (-,-) 
  u_packed_mxfp_aitb_comp_top_g45186/Y                                          -       A1->Y   F     OAI21xp5_ASAP7_75t_SL          1  1.4    31    19     156    (-,-) 
  u_packed_mxfp_aitb_comp_top_g45184/Y                                          -       B->Y    R     AOI21x1_ASAP7_75t_SL           2  1.6    30    19     175    (-,-) 
  u_packed_mxfp_aitb_comp_top_g45162/Y                                          -       B->Y    R     OR2x2_ASAP7_75t_SL             1  1.3    14    22     197    (-,-) 
  u_packed_mxfp_aitb_comp_top_g45084/Y                                          -       A->Y    R     AND2x6_ASAP7_75t_SL           16 11.7    28    28     225    (-,-) 
  u_packed_mxfp_aitb_comp_top_g44863/Y                                          -       B2->Y   R     OA22x2_ASAP7_75t_SL            2  2.4    20    25     250    (-,-) 
  u_packed_mxfp_aitb_comp_top_g44773/Y                                          -       D->Y    F     NAND4xp75_ASAP7_75t_SL         2  1.6    29    16     266    (-,-) 
  u_packed_mxfp_aitb_comp_top_g44761/Y                                          -       A->Y    R     INVx1_ASAP7_75t_SL             1  1.6    25    16     282    (-,-) 
  u_packed_mxfp_aitb_comp_top_g44735/Y                                          -       A->Y    F     NAND3x1_ASAP7_75t_SL           1  1.8    22    12     294    (-,-) 
  u_packed_mxfp_aitb_comp_top_g44692/Y                                          -       A->Y    R     NOR4xp75_ASAP7_75t_SL          2  2.3    53    25     319    (-,-) 
  u_packed_mxfp_aitb_comp_top_g44686/Y                                          -       A->Y    F     INVx2_ASAP7_75t_SL             3  2.7    24    13     332    (-,-) 
  u_packed_mxfp_aitb_comp_top_g44496/Y                                          -       A2->Y   R     AOI21x1_ASAP7_75t_SL           3  2.4    34    19     351    (-,-) 
  u_packed_mxfp_aitb_comp_top_g44485/Y                                          -       A->Y    R     BUFx6f_ASAP7_75t_SL            8  5.8    16    21     372    (-,-) 
  u_packed_mxfp_aitb_comp_top_g44418/Y                                          -       A1->Y   F     OAI22xp5_ASAP7_75t_SL          2  2.0    56    20     392    (-,-) 
  u_packed_mxfp_aitb_comp_top_g46585/Y                                          -       C->Y    F     OR4x1_ASAP7_75t_SL             1  1.3    23    42     434    (-,-) 
  u_packed_mxfp_aitb_comp_top_g44271/Y                                          -       A->Y    R     NOR2x1_ASAP7_75t_SL            1  0.8    17    11     445    (-,-) 
  u_packed_mxfp_aitb_comp_top_g44206/Y                                          -       B2->Y   F     OAI22xp5_ASAP7_75t_SL          1  1.4    43    15     460    (-,-) 
  u_packed_mxfp_aitb_comp_top_g44149/Y                                          -       B->Y    R     AOI21x1_ASAP7_75t_SL           1  1.8    35    22     482    (-,-) 
  u_packed_mxfp_aitb_comp_top_g44091/Y                                          -       A->Y    F     NAND4xp75_ASAP7_75t_SL         2  2.4    40    20     502    (-,-) 
  u_packed_mxfp_aitb_comp_top_g44069/Y                                          -       A->Y    R     NOR2x1p5_ASAP7_75t_SL          2  1.8    36    14     516    (-,-) 
  u_packed_mxfp_aitb_comp_top_addinc_FP32_ALU_col2_fracAdder_add_113_18_g1569/Y -       A->Y    R     AND2x4_ASAP7_75t_SL            2  2.3    14    19     535    (-,-) 
  u_packed_mxfp_aitb_comp_top_addinc_FP32_ALU_col2_fracAdder_add_113_18_g1503/Y -       B->Y    F     NAND2x1p5_ASAP7_75t_SL         2  1.3    23     8     543    (-,-) 
  u_packed_mxfp_aitb_comp_top_addinc_FP32_ALU_col2_fracAdder_add_113_18_g1441/Y -       A3->Y   R     OAI321xp33_ASAP7_75t_SL        2  1.8    79    37     580    (-,-) 
  u_packed_mxfp_aitb_comp_top_addinc_FP32_ALU_col2_fracAdder_add_113_18_g1410/Y -       A->Y    F     NAND2x1_ASAP7_75t_SL           1  1.8    30    11     591    (-,-) 
  u_packed_mxfp_aitb_comp_top_addinc_FP32_ALU_col2_fracAdder_add_113_18_g1406/Y -       A->Y    R     NAND2x1p5_ASAP7_75t_SL         3  2.3    28    19     610    (-,-) 
  u_packed_mxfp_aitb_comp_top_addinc_FP32_ALU_col2_fracAdder_add_113_18_g1391/Y -       A->Y    F     NAND2xp5_ASAP7_75t_SL          1  1.3    24    13     624    (-,-) 
  u_packed_mxfp_aitb_comp_top_addinc_FP32_ALU_col2_fracAdder_add_113_18_g1378/Y -       B->Y    F     AND2x4_ASAP7_75t_SL           16 11.8    27    31     654    (-,-) 
  u_packed_mxfp_aitb_comp_top_addinc_FP32_ALU_col2_fracAdder_add_113_18_g1367/Y -       B->Y    F     XOR2xp5_ASAP7_75t_SL           1  1.5    34    25     679    (-,-) 
  u_packed_mxfp_aitb_comp_top_g42902/Y                                          -       A->Y    R     INVx2_ASAP7_75t_SL             2  1.3    17    11     690    (-,-) 
  u_packed_mxfp_aitb_comp_top_g42087/Y                                          -       A->Y    F     NAND3xp33_ASAP7_75t_SL         1  0.8    29    14     704    (-,-) 
  u_packed_mxfp_aitb_comp_top_g41901/Y                                          -       A->Y    R     NOR3xp33_ASAP7_75t_SL          1  1.3    52    28     732    (-,-) 
  u_packed_mxfp_aitb_comp_top_g41897/Y                                          -       C->Y    R     AND3x4_ASAP7_75t_SL            9  9.0    32    35     768    (-,-) 
  u_packed_mxfp_aitb_comp_top_g41873/Y                                          -       A2->Y   F     AOI21x1_ASAP7_75t_SL           2  1.3    28    11     778    (-,-) 
  u_packed_mxfp_aitb_comp_top_g41834/Y                                          -       B->Y    F     AND3x2_ASAP7_75t_SL            2  3.2    18    25     803    (-,-) 
  u_packed_mxfp_aitb_comp_top_g41826/Y                                          -       C->Y    R     NAND3x2_ASAP7_75t_SL           6  4.2    40    24     827    (-,-) 
  u_packed_mxfp_aitb_comp_top_g41803/Y                                          -       B->Y    R     OR2x2_ASAP7_75t_SL             1  1.2    13    23     850    (-,-) 
  u_packed_mxfp_aitb_comp_top_g41770/Y                                          -       D->Y    R     AND5x2_ASAP7_75t_SL            3  3.2    27    39     889    (-,-) 
  fopt124827/Y                                                                  -       A->Y    R     BUFx6f_ASAP7_75t_SL            4  3.6    12    19     908    (-,-) 
  fopt124825/Y                                                                  -       A->Y    F     INVx2_ASAP7_75t_SL             1  0.9     7     5     913    (-,-) 
  u_packed_mxfp_aitb_comp_top_g41764/Y                                          -       A1->Y   R     OAI21xp5_ASAP7_75t_SL          1  1.4    50    18     931    (-,-) 
  u_packed_mxfp_aitb_comp_top_g41727/Y                                          -       B->Y    F     AOI21x1_ASAP7_75t_SL           1  2.2    38    18     949    (-,-) 
  u_packed_mxfp_aitb_comp_top_g41721/Y                                          -       A->Y    R     NAND2x2_ASAP7_75t_SL           2  3.6    34    24     973    (-,-) 
  u_packed_mxfp_aitb_comp_top_g41719/Y                                          -       A->Y    F     INVx2_ASAP7_75t_SL             1  0.9    13     7     980    (-,-) 
  u_packed_mxfp_aitb_comp_top_g41707/Y                                          -       A1->Y   F     OA21x2_ASAP7_75t_SL            3  3.9    22    28    1008    (-,-) 
  fopt125215/Y                                                                  -       A->Y    R     INVx4_ASAP7_75t_SL             2  2.7    14    10    1017    (-,-) 
  fopt125214/Y                                                                  -       A->Y    F     INVx2_ASAP7_75t_SL             3  2.3    12     8    1026    (-,-) 
  u_packed_mxfp_aitb_comp_top_g41495/Y                                          -       A1->Y   F     OA21x2_ASAP7_75t_SL            2  2.2    19    24    1050    (-,-) 
  fopt125030/Y                                                                  -       A->Y    R     INVx2_ASAP7_75t_SL             2  1.4    13     9    1059    (-,-) 
  u_packed_mxfp_aitb_comp_top_g41285/Y                                          -       B1->Y   F     AOI22xp5_ASAP7_75t_SL          2  1.5    50    15    1074    (-,-) 
  u_packed_mxfp_aitb_comp_top_g41183/Y                                          -       B->Y    F     AND2x2_ASAP7_75t_SL            2  1.5    14    28    1102    (-,-) 
  u_packed_mxfp_aitb_comp_top_g41063/Y                                          -       A1->Y   R     OAI21xp5_ASAP7_75t_SL          2  2.5    55    28    1130    (-,-) 
  u_packed_mxfp_aitb_comp_top_g40913/Y                                          -       A2->Y   F     AOI21x1_ASAP7_75t_SL           2  2.6    34    16    1146    (-,-) 
  u_packed_mxfp_aitb_comp_top_g40827/Y                                          -       A1->Y   R     OAI21xp5_ASAP7_75t_SL          2  2.5    58    30    1176    (-,-) 
  u_packed_mxfp_aitb_comp_top_g40773/Y                                          -       B->Y    R     XOR2xp5_ASAP7_75t_SL           2  1.3    41    30    1206    (-,-) 
  u_packed_mxfp_aitb_comp_top_g40741/Y                                          -       B->Y    R     OR2x2_ASAP7_75t_SL             2  2.2    18    26    1232    (-,-) 
  fopt125048/Y                                                                  -       A->Y    F     INVx2_ASAP7_75t_SL             2  1.5    11     7    1239    (-,-) 
  u_packed_mxfp_aitb_comp_top_g40670/Y                                          -       C->Y    R     NAND3xp33_ASAP7_75t_SL         1  1.3    30    17    1256    (-,-) 
  u_packed_mxfp_aitb_comp_top_g40585/Y                                          -       A->Y    F     NOR2x1_ASAP7_75t_SL            1  0.8    20    13    1269    (-,-) 
  u_packed_mxfp_aitb_comp_top_g40551/Y                                          -       A->Y    R     NAND2xp5_ASAP7_75t_SL          1  1.2    27    17    1287    (-,-) 
  u_packed_mxfp_aitb_comp_top_g40527/Y                                          -       B->Y    R     XNOR2xp5_ASAP7_75t_SL          2  1.3    40    21    1308    (-,-) 
  u_packed_mxfp_aitb_comp_top_g40513/Y                                          -       B->Y    F     NAND3xp33_ASAP7_75t_SL         1  0.9    32    17    1325    (-,-) 
  u_packed_mxfp_aitb_comp_top_g40510/Y                                          -       A2->Y   R     OAI21xp5_ASAP7_75t_SL          1  1.3    49    23    1348    (-,-) 
  u_packed_mxfp_aitb_comp_top_g40509/Y                                          -       B->Y    R     AND2x4_ASAP7_75t_SL            9 10.1    34    32    1380    (-,-) 
  u_packed_mxfp_aitb_comp_top_g40508/Y                                          -       A->Y    F     INVx8_ASAP7_75t_SL            23 15.3    24    15    1395    (-,-) 
  u_packed_mxfp_aitb_comp_top_g40444/Y                                          -       B->Y    R     NAND2xp5_ASAP7_75t_SL          1  0.9    25    15    1410    (-,-) 
  u_packed_mxfp_aitb_comp_top_PIPE_OUT_col2_stage_reg_reg[0][4]/D               -       -       R     ASYNC_DFFHx1_ASAP7_75t_SL      1    -     -     0    1410    (-,-) 
#------------------------------------------------------------------------------------------------------------------------------------------------------------------------



Path 19: VIOLATED (-524 ps) Setup Check with Pin u_packed_mxfp_aitb_comp_top_PIPE_OUT_col2_stage_reg_reg[0][3]/CLK->D
           View: PVT_0P63V_100C.setup_view
          Group: clk
     Startpoint: (R) u_packed_mxfp_aitb_comp_top_PIPE_OUT_col2_stage_reg_reg[0][11]/CLK
          Clock: (R) clk
       Endpoint: (R) u_packed_mxfp_aitb_comp_top_PIPE_OUT_col2_stage_reg_reg[0][3]/D
          Clock: (R) clk

                     Capture       Launch     
        Clock Edge:+    1000            0     
       Src Latency:+       0            0     
       Net Latency:+       0 (I)        0 (I) 
           Arrival:=    1000            0     
                                              
             Setup:-      14                  
       Uncertainty:-     100                  
     Required Time:=     886                  
      Launch Clock:-       0                  
         Data Path:-    1410                  
             Slack:=    -524                  

#------------------------------------------------------------------------------------------------------------------------------------------------------------------------
#                                 Timing Point                                  Flags    Arc    Edge           Cell             Fanout Load Trans Delay Arrival Instance 
#                                                                                                                                      (fF)  (ps)  (ps)   (ps)  Location 
#------------------------------------------------------------------------------------------------------------------------------------------------------------------------
  u_packed_mxfp_aitb_comp_top_PIPE_OUT_col2_stage_reg_reg[0][11]/CLK            -       -       R     (arrival)                   1219    -     0     0       0    (-,-) 
  u_packed_mxfp_aitb_comp_top_PIPE_OUT_col2_stage_reg_reg[0][11]/QN             -       CLK->QN R     ASYNC_DFFHx1_ASAP7_75t_SL      3  3.5    34    54      54    (-,-) 
  u_packed_mxfp_aitb_comp_top_g46137/Y                                          -       B1->Y   F     AOI22x1_ASAP7_75t_SL           3  2.4    59    16      70    (-,-) 
  u_packed_mxfp_aitb_comp_top_g45354/Y                                          -       B->Y    R     AOI31xp33_ASAP7_75t_SL         1  0.8    49    32     102    (-,-) 
  u_packed_mxfp_aitb_comp_top_g45320/Y                                          -       C->Y    F     O2A1O1Ixp5_ASAP7_75t_SL        1  0.8    30    16     118    (-,-) 
  u_packed_mxfp_aitb_comp_top_g45301/Y                                          -       B->Y    R     AOI21xp5_ASAP7_75t_SL          1  0.9    32    19     138    (-,-) 
  u_packed_mxfp_aitb_comp_top_g45186/Y                                          -       A1->Y   F     OAI21xp5_ASAP7_75t_SL          1  1.4    31    19     156    (-,-) 
  u_packed_mxfp_aitb_comp_top_g45184/Y                                          -       B->Y    R     AOI21x1_ASAP7_75t_SL           2  1.6    30    19     175    (-,-) 
  u_packed_mxfp_aitb_comp_top_g45162/Y                                          -       B->Y    R     OR2x2_ASAP7_75t_SL             1  1.3    14    22     197    (-,-) 
  u_packed_mxfp_aitb_comp_top_g45084/Y                                          -       A->Y    R     AND2x6_ASAP7_75t_SL           16 11.7    28    28     225    (-,-) 
  u_packed_mxfp_aitb_comp_top_g44863/Y                                          -       B2->Y   R     OA22x2_ASAP7_75t_SL            2  2.4    20    25     250    (-,-) 
  u_packed_mxfp_aitb_comp_top_g44773/Y                                          -       D->Y    F     NAND4xp75_ASAP7_75t_SL         2  1.6    29    16     266    (-,-) 
  u_packed_mxfp_aitb_comp_top_g44761/Y                                          -       A->Y    R     INVx1_ASAP7_75t_SL             1  1.6    25    16     282    (-,-) 
  u_packed_mxfp_aitb_comp_top_g44735/Y                                          -       A->Y    F     NAND3x1_ASAP7_75t_SL           1  1.8    22    12     294    (-,-) 
  u_packed_mxfp_aitb_comp_top_g44692/Y                                          -       A->Y    R     NOR4xp75_ASAP7_75t_SL          2  2.3    53    25     319    (-,-) 
  u_packed_mxfp_aitb_comp_top_g44686/Y                                          -       A->Y    F     INVx2_ASAP7_75t_SL             3  2.7    24    13     332    (-,-) 
  u_packed_mxfp_aitb_comp_top_g44496/Y                                          -       A2->Y   R     AOI21x1_ASAP7_75t_SL           3  2.4    34    19     351    (-,-) 
  u_packed_mxfp_aitb_comp_top_g44485/Y                                          -       A->Y    R     BUFx6f_ASAP7_75t_SL            8  5.8    16    21     372    (-,-) 
  u_packed_mxfp_aitb_comp_top_g44418/Y                                          -       A1->Y   F     OAI22xp5_ASAP7_75t_SL          2  2.0    56    20     392    (-,-) 
  u_packed_mxfp_aitb_comp_top_g46585/Y                                          -       C->Y    F     OR4x1_ASAP7_75t_SL             1  1.3    23    42     434    (-,-) 
  u_packed_mxfp_aitb_comp_top_g44271/Y                                          -       A->Y    R     NOR2x1_ASAP7_75t_SL            1  0.8    17    11     445    (-,-) 
  u_packed_mxfp_aitb_comp_top_g44206/Y                                          -       B2->Y   F     OAI22xp5_ASAP7_75t_SL          1  1.4    43    15     460    (-,-) 
  u_packed_mxfp_aitb_comp_top_g44149/Y                                          -       B->Y    R     AOI21x1_ASAP7_75t_SL           1  1.8    35    22     482    (-,-) 
  u_packed_mxfp_aitb_comp_top_g44091/Y                                          -       A->Y    F     NAND4xp75_ASAP7_75t_SL         2  2.4    40    20     502    (-,-) 
  u_packed_mxfp_aitb_comp_top_g44069/Y                                          -       A->Y    R     NOR2x1p5_ASAP7_75t_SL          2  1.8    36    14     516    (-,-) 
  u_packed_mxfp_aitb_comp_top_addinc_FP32_ALU_col2_fracAdder_add_113_18_g1569/Y -       A->Y    R     AND2x4_ASAP7_75t_SL            2  2.3    14    19     535    (-,-) 
  u_packed_mxfp_aitb_comp_top_addinc_FP32_ALU_col2_fracAdder_add_113_18_g1503/Y -       B->Y    F     NAND2x1p5_ASAP7_75t_SL         2  1.3    23     8     543    (-,-) 
  u_packed_mxfp_aitb_comp_top_addinc_FP32_ALU_col2_fracAdder_add_113_18_g1441/Y -       A3->Y   R     OAI321xp33_ASAP7_75t_SL        2  1.8    79    37     580    (-,-) 
  u_packed_mxfp_aitb_comp_top_addinc_FP32_ALU_col2_fracAdder_add_113_18_g1410/Y -       A->Y    F     NAND2x1_ASAP7_75t_SL           1  1.8    30    11     591    (-,-) 
  u_packed_mxfp_aitb_comp_top_addinc_FP32_ALU_col2_fracAdder_add_113_18_g1406/Y -       A->Y    R     NAND2x1p5_ASAP7_75t_SL         3  2.3    28    19     610    (-,-) 
  u_packed_mxfp_aitb_comp_top_addinc_FP32_ALU_col2_fracAdder_add_113_18_g1391/Y -       A->Y    F     NAND2xp5_ASAP7_75t_SL          1  1.3    24    13     624    (-,-) 
  u_packed_mxfp_aitb_comp_top_addinc_FP32_ALU_col2_fracAdder_add_113_18_g1378/Y -       B->Y    F     AND2x4_ASAP7_75t_SL           16 11.8    27    31     654    (-,-) 
  u_packed_mxfp_aitb_comp_top_addinc_FP32_ALU_col2_fracAdder_add_113_18_g1367/Y -       B->Y    F     XOR2xp5_ASAP7_75t_SL           1  1.5    34    25     679    (-,-) 
  u_packed_mxfp_aitb_comp_top_g42902/Y                                          -       A->Y    R     INVx2_ASAP7_75t_SL             2  1.3    17    11     690    (-,-) 
  u_packed_mxfp_aitb_comp_top_g42087/Y                                          -       A->Y    F     NAND3xp33_ASAP7_75t_SL         1  0.8    29    14     704    (-,-) 
  u_packed_mxfp_aitb_comp_top_g41901/Y                                          -       A->Y    R     NOR3xp33_ASAP7_75t_SL          1  1.3    52    28     732    (-,-) 
  u_packed_mxfp_aitb_comp_top_g41897/Y                                          -       C->Y    R     AND3x4_ASAP7_75t_SL            9  9.0    32    35     768    (-,-) 
  u_packed_mxfp_aitb_comp_top_g41873/Y                                          -       A2->Y   F     AOI21x1_ASAP7_75t_SL           2  1.3    28    11     778    (-,-) 
  u_packed_mxfp_aitb_comp_top_g41834/Y                                          -       B->Y    F     AND3x2_ASAP7_75t_SL            2  3.2    18    25     803    (-,-) 
  u_packed_mxfp_aitb_comp_top_g41826/Y                                          -       C->Y    R     NAND3x2_ASAP7_75t_SL           6  4.2    40    24     827    (-,-) 
  u_packed_mxfp_aitb_comp_top_g41803/Y                                          -       B->Y    R     OR2x2_ASAP7_75t_SL             1  1.2    13    23     850    (-,-) 
  u_packed_mxfp_aitb_comp_top_g41770/Y                                          -       D->Y    R     AND5x2_ASAP7_75t_SL            3  3.2    27    39     889    (-,-) 
  fopt124827/Y                                                                  -       A->Y    R     BUFx6f_ASAP7_75t_SL            4  3.6    12    19     908    (-,-) 
  fopt124825/Y                                                                  -       A->Y    F     INVx2_ASAP7_75t_SL             1  0.9     7     5     913    (-,-) 
  u_packed_mxfp_aitb_comp_top_g41764/Y                                          -       A1->Y   R     OAI21xp5_ASAP7_75t_SL          1  1.4    50    18     931    (-,-) 
  u_packed_mxfp_aitb_comp_top_g41727/Y                                          -       B->Y    F     AOI21x1_ASAP7_75t_SL           1  2.2    38    18     949    (-,-) 
  u_packed_mxfp_aitb_comp_top_g41721/Y                                          -       A->Y    R     NAND2x2_ASAP7_75t_SL           2  3.6    34    24     973    (-,-) 
  u_packed_mxfp_aitb_comp_top_g41719/Y                                          -       A->Y    F     INVx2_ASAP7_75t_SL             1  0.9    13     7     980    (-,-) 
  u_packed_mxfp_aitb_comp_top_g41707/Y                                          -       A1->Y   F     OA21x2_ASAP7_75t_SL            3  3.9    22    28    1008    (-,-) 
  fopt125215/Y                                                                  -       A->Y    R     INVx4_ASAP7_75t_SL             2  2.7    14    10    1017    (-,-) 
  fopt125214/Y                                                                  -       A->Y    F     INVx2_ASAP7_75t_SL             3  2.3    12     8    1026    (-,-) 
  u_packed_mxfp_aitb_comp_top_g41495/Y                                          -       A1->Y   F     OA21x2_ASAP7_75t_SL            2  2.2    19    24    1050    (-,-) 
  fopt125030/Y                                                                  -       A->Y    R     INVx2_ASAP7_75t_SL             2  1.4    13     9    1059    (-,-) 
  u_packed_mxfp_aitb_comp_top_g41285/Y                                          -       B1->Y   F     AOI22xp5_ASAP7_75t_SL          2  1.5    50    15    1074    (-,-) 
  u_packed_mxfp_aitb_comp_top_g41183/Y                                          -       B->Y    F     AND2x2_ASAP7_75t_SL            2  1.5    14    28    1102    (-,-) 
  u_packed_mxfp_aitb_comp_top_g41063/Y                                          -       A1->Y   R     OAI21xp5_ASAP7_75t_SL          2  2.5    55    28    1130    (-,-) 
  u_packed_mxfp_aitb_comp_top_g40913/Y                                          -       A2->Y   F     AOI21x1_ASAP7_75t_SL           2  2.6    34    16    1146    (-,-) 
  u_packed_mxfp_aitb_comp_top_g40827/Y                                          -       A1->Y   R     OAI21xp5_ASAP7_75t_SL          2  2.5    58    30    1176    (-,-) 
  u_packed_mxfp_aitb_comp_top_g40773/Y                                          -       B->Y    R     XOR2xp5_ASAP7_75t_SL           2  1.3    41    30    1206    (-,-) 
  u_packed_mxfp_aitb_comp_top_g40741/Y                                          -       B->Y    R     OR2x2_ASAP7_75t_SL             2  2.2    18    26    1232    (-,-) 
  fopt125048/Y                                                                  -       A->Y    F     INVx2_ASAP7_75t_SL             2  1.5    11     7    1239    (-,-) 
  u_packed_mxfp_aitb_comp_top_g40670/Y                                          -       C->Y    R     NAND3xp33_ASAP7_75t_SL         1  1.3    30    17    1256    (-,-) 
  u_packed_mxfp_aitb_comp_top_g40585/Y                                          -       A->Y    F     NOR2x1_ASAP7_75t_SL            1  0.8    20    13    1269    (-,-) 
  u_packed_mxfp_aitb_comp_top_g40551/Y                                          -       A->Y    R     NAND2xp5_ASAP7_75t_SL          1  1.2    27    17    1287    (-,-) 
  u_packed_mxfp_aitb_comp_top_g40527/Y                                          -       B->Y    R     XNOR2xp5_ASAP7_75t_SL          2  1.3    40    21    1308    (-,-) 
  u_packed_mxfp_aitb_comp_top_g40513/Y                                          -       B->Y    F     NAND3xp33_ASAP7_75t_SL         1  0.9    32    17    1325    (-,-) 
  u_packed_mxfp_aitb_comp_top_g40510/Y                                          -       A2->Y   R     OAI21xp5_ASAP7_75t_SL          1  1.3    49    23    1348    (-,-) 
  u_packed_mxfp_aitb_comp_top_g40509/Y                                          -       B->Y    R     AND2x4_ASAP7_75t_SL            9 10.1    34    32    1380    (-,-) 
  u_packed_mxfp_aitb_comp_top_g40508/Y                                          -       A->Y    F     INVx8_ASAP7_75t_SL            23 15.3    24    15    1395    (-,-) 
  u_packed_mxfp_aitb_comp_top_g40474/Y                                          -       B->Y    R     NAND2xp5_ASAP7_75t_SL          1  0.9    25    15    1410    (-,-) 
  u_packed_mxfp_aitb_comp_top_PIPE_OUT_col2_stage_reg_reg[0][3]/D               -       -       R     ASYNC_DFFHx1_ASAP7_75t_SL      1    -     -     0    1410    (-,-) 
#------------------------------------------------------------------------------------------------------------------------------------------------------------------------



Path 20: VIOLATED (-524 ps) Setup Check with Pin u_packed_mxfp_aitb_comp_top_PIPE_OUT_col2_stage_reg_reg[0][1]/CLK->D
           View: PVT_0P63V_100C.setup_view
          Group: clk
     Startpoint: (R) u_packed_mxfp_aitb_comp_top_PIPE_OUT_col2_stage_reg_reg[0][11]/CLK
          Clock: (R) clk
       Endpoint: (R) u_packed_mxfp_aitb_comp_top_PIPE_OUT_col2_stage_reg_reg[0][1]/D
          Clock: (R) clk

                     Capture       Launch     
        Clock Edge:+    1000            0     
       Src Latency:+       0            0     
       Net Latency:+       0 (I)        0 (I) 
           Arrival:=    1000            0     
                                              
             Setup:-      14                  
       Uncertainty:-     100                  
     Required Time:=     886                  
      Launch Clock:-       0                  
         Data Path:-    1410                  
             Slack:=    -524                  

#------------------------------------------------------------------------------------------------------------------------------------------------------------------------
#                                 Timing Point                                  Flags    Arc    Edge           Cell             Fanout Load Trans Delay Arrival Instance 
#                                                                                                                                      (fF)  (ps)  (ps)   (ps)  Location 
#------------------------------------------------------------------------------------------------------------------------------------------------------------------------
  u_packed_mxfp_aitb_comp_top_PIPE_OUT_col2_stage_reg_reg[0][11]/CLK            -       -       R     (arrival)                   1219    -     0     0       0    (-,-) 
  u_packed_mxfp_aitb_comp_top_PIPE_OUT_col2_stage_reg_reg[0][11]/QN             -       CLK->QN R     ASYNC_DFFHx1_ASAP7_75t_SL      3  3.5    34    54      54    (-,-) 
  u_packed_mxfp_aitb_comp_top_g46137/Y                                          -       B1->Y   F     AOI22x1_ASAP7_75t_SL           3  2.4    59    16      70    (-,-) 
  u_packed_mxfp_aitb_comp_top_g45354/Y                                          -       B->Y    R     AOI31xp33_ASAP7_75t_SL         1  0.8    49    32     102    (-,-) 
  u_packed_mxfp_aitb_comp_top_g45320/Y                                          -       C->Y    F     O2A1O1Ixp5_ASAP7_75t_SL        1  0.8    30    16     118    (-,-) 
  u_packed_mxfp_aitb_comp_top_g45301/Y                                          -       B->Y    R     AOI21xp5_ASAP7_75t_SL          1  0.9    32    19     138    (-,-) 
  u_packed_mxfp_aitb_comp_top_g45186/Y                                          -       A1->Y   F     OAI21xp5_ASAP7_75t_SL          1  1.4    31    19     156    (-,-) 
  u_packed_mxfp_aitb_comp_top_g45184/Y                                          -       B->Y    R     AOI21x1_ASAP7_75t_SL           2  1.6    30    19     175    (-,-) 
  u_packed_mxfp_aitb_comp_top_g45162/Y                                          -       B->Y    R     OR2x2_ASAP7_75t_SL             1  1.3    14    22     197    (-,-) 
  u_packed_mxfp_aitb_comp_top_g45084/Y                                          -       A->Y    R     AND2x6_ASAP7_75t_SL           16 11.7    28    28     225    (-,-) 
  u_packed_mxfp_aitb_comp_top_g44863/Y                                          -       B2->Y   R     OA22x2_ASAP7_75t_SL            2  2.4    20    25     250    (-,-) 
  u_packed_mxfp_aitb_comp_top_g44773/Y                                          -       D->Y    F     NAND4xp75_ASAP7_75t_SL         2  1.6    29    16     266    (-,-) 
  u_packed_mxfp_aitb_comp_top_g44761/Y                                          -       A->Y    R     INVx1_ASAP7_75t_SL             1  1.6    25    16     282    (-,-) 
  u_packed_mxfp_aitb_comp_top_g44735/Y                                          -       A->Y    F     NAND3x1_ASAP7_75t_SL           1  1.8    22    12     294    (-,-) 
  u_packed_mxfp_aitb_comp_top_g44692/Y                                          -       A->Y    R     NOR4xp75_ASAP7_75t_SL          2  2.3    53    25     319    (-,-) 
  u_packed_mxfp_aitb_comp_top_g44686/Y                                          -       A->Y    F     INVx2_ASAP7_75t_SL             3  2.7    24    13     332    (-,-) 
  u_packed_mxfp_aitb_comp_top_g44496/Y                                          -       A2->Y   R     AOI21x1_ASAP7_75t_SL           3  2.4    34    19     351    (-,-) 
  u_packed_mxfp_aitb_comp_top_g44485/Y                                          -       A->Y    R     BUFx6f_ASAP7_75t_SL            8  5.8    16    21     372    (-,-) 
  u_packed_mxfp_aitb_comp_top_g44418/Y                                          -       A1->Y   F     OAI22xp5_ASAP7_75t_SL          2  2.0    56    20     392    (-,-) 
  u_packed_mxfp_aitb_comp_top_g46585/Y                                          -       C->Y    F     OR4x1_ASAP7_75t_SL             1  1.3    23    42     434    (-,-) 
  u_packed_mxfp_aitb_comp_top_g44271/Y                                          -       A->Y    R     NOR2x1_ASAP7_75t_SL            1  0.8    17    11     445    (-,-) 
  u_packed_mxfp_aitb_comp_top_g44206/Y                                          -       B2->Y   F     OAI22xp5_ASAP7_75t_SL          1  1.4    43    15     460    (-,-) 
  u_packed_mxfp_aitb_comp_top_g44149/Y                                          -       B->Y    R     AOI21x1_ASAP7_75t_SL           1  1.8    35    22     482    (-,-) 
  u_packed_mxfp_aitb_comp_top_g44091/Y                                          -       A->Y    F     NAND4xp75_ASAP7_75t_SL         2  2.4    40    20     502    (-,-) 
  u_packed_mxfp_aitb_comp_top_g44069/Y                                          -       A->Y    R     NOR2x1p5_ASAP7_75t_SL          2  1.8    36    14     516    (-,-) 
  u_packed_mxfp_aitb_comp_top_addinc_FP32_ALU_col2_fracAdder_add_113_18_g1569/Y -       A->Y    R     AND2x4_ASAP7_75t_SL            2  2.3    14    19     535    (-,-) 
  u_packed_mxfp_aitb_comp_top_addinc_FP32_ALU_col2_fracAdder_add_113_18_g1503/Y -       B->Y    F     NAND2x1p5_ASAP7_75t_SL         2  1.3    23     8     543    (-,-) 
  u_packed_mxfp_aitb_comp_top_addinc_FP32_ALU_col2_fracAdder_add_113_18_g1441/Y -       A3->Y   R     OAI321xp33_ASAP7_75t_SL        2  1.8    79    37     580    (-,-) 
  u_packed_mxfp_aitb_comp_top_addinc_FP32_ALU_col2_fracAdder_add_113_18_g1410/Y -       A->Y    F     NAND2x1_ASAP7_75t_SL           1  1.8    30    11     591    (-,-) 
  u_packed_mxfp_aitb_comp_top_addinc_FP32_ALU_col2_fracAdder_add_113_18_g1406/Y -       A->Y    R     NAND2x1p5_ASAP7_75t_SL         3  2.3    28    19     610    (-,-) 
  u_packed_mxfp_aitb_comp_top_addinc_FP32_ALU_col2_fracAdder_add_113_18_g1391/Y -       A->Y    F     NAND2xp5_ASAP7_75t_SL          1  1.3    24    13     624    (-,-) 
  u_packed_mxfp_aitb_comp_top_addinc_FP32_ALU_col2_fracAdder_add_113_18_g1378/Y -       B->Y    F     AND2x4_ASAP7_75t_SL           16 11.8    27    31     654    (-,-) 
  u_packed_mxfp_aitb_comp_top_addinc_FP32_ALU_col2_fracAdder_add_113_18_g1367/Y -       B->Y    F     XOR2xp5_ASAP7_75t_SL           1  1.5    34    25     679    (-,-) 
  u_packed_mxfp_aitb_comp_top_g42902/Y                                          -       A->Y    R     INVx2_ASAP7_75t_SL             2  1.3    17    11     690    (-,-) 
  u_packed_mxfp_aitb_comp_top_g42087/Y                                          -       A->Y    F     NAND3xp33_ASAP7_75t_SL         1  0.8    29    14     704    (-,-) 
  u_packed_mxfp_aitb_comp_top_g41901/Y                                          -       A->Y    R     NOR3xp33_ASAP7_75t_SL          1  1.3    52    28     732    (-,-) 
  u_packed_mxfp_aitb_comp_top_g41897/Y                                          -       C->Y    R     AND3x4_ASAP7_75t_SL            9  9.0    32    35     768    (-,-) 
  u_packed_mxfp_aitb_comp_top_g41873/Y                                          -       A2->Y   F     AOI21x1_ASAP7_75t_SL           2  1.3    28    11     778    (-,-) 
  u_packed_mxfp_aitb_comp_top_g41834/Y                                          -       B->Y    F     AND3x2_ASAP7_75t_SL            2  3.2    18    25     803    (-,-) 
  u_packed_mxfp_aitb_comp_top_g41826/Y                                          -       C->Y    R     NAND3x2_ASAP7_75t_SL           6  4.2    40    24     827    (-,-) 
  u_packed_mxfp_aitb_comp_top_g41803/Y                                          -       B->Y    R     OR2x2_ASAP7_75t_SL             1  1.2    13    23     850    (-,-) 
  u_packed_mxfp_aitb_comp_top_g41770/Y                                          -       D->Y    R     AND5x2_ASAP7_75t_SL            3  3.2    27    39     889    (-,-) 
  fopt124827/Y                                                                  -       A->Y    R     BUFx6f_ASAP7_75t_SL            4  3.6    12    19     908    (-,-) 
  fopt124825/Y                                                                  -       A->Y    F     INVx2_ASAP7_75t_SL             1  0.9     7     5     913    (-,-) 
  u_packed_mxfp_aitb_comp_top_g41764/Y                                          -       A1->Y   R     OAI21xp5_ASAP7_75t_SL          1  1.4    50    18     931    (-,-) 
  u_packed_mxfp_aitb_comp_top_g41727/Y                                          -       B->Y    F     AOI21x1_ASAP7_75t_SL           1  2.2    38    18     949    (-,-) 
  u_packed_mxfp_aitb_comp_top_g41721/Y                                          -       A->Y    R     NAND2x2_ASAP7_75t_SL           2  3.6    34    24     973    (-,-) 
  u_packed_mxfp_aitb_comp_top_g41719/Y                                          -       A->Y    F     INVx2_ASAP7_75t_SL             1  0.9    13     7     980    (-,-) 
  u_packed_mxfp_aitb_comp_top_g41707/Y                                          -       A1->Y   F     OA21x2_ASAP7_75t_SL            3  3.9    22    28    1008    (-,-) 
  fopt125215/Y                                                                  -       A->Y    R     INVx4_ASAP7_75t_SL             2  2.7    14    10    1017    (-,-) 
  fopt125214/Y                                                                  -       A->Y    F     INVx2_ASAP7_75t_SL             3  2.3    12     8    1026    (-,-) 
  u_packed_mxfp_aitb_comp_top_g41495/Y                                          -       A1->Y   F     OA21x2_ASAP7_75t_SL            2  2.2    19    24    1050    (-,-) 
  fopt125030/Y                                                                  -       A->Y    R     INVx2_ASAP7_75t_SL             2  1.4    13     9    1059    (-,-) 
  u_packed_mxfp_aitb_comp_top_g41285/Y                                          -       B1->Y   F     AOI22xp5_ASAP7_75t_SL          2  1.5    50    15    1074    (-,-) 
  u_packed_mxfp_aitb_comp_top_g41183/Y                                          -       B->Y    F     AND2x2_ASAP7_75t_SL            2  1.5    14    28    1102    (-,-) 
  u_packed_mxfp_aitb_comp_top_g41063/Y                                          -       A1->Y   R     OAI21xp5_ASAP7_75t_SL          2  2.5    55    28    1130    (-,-) 
  u_packed_mxfp_aitb_comp_top_g40913/Y                                          -       A2->Y   F     AOI21x1_ASAP7_75t_SL           2  2.6    34    16    1146    (-,-) 
  u_packed_mxfp_aitb_comp_top_g40827/Y                                          -       A1->Y   R     OAI21xp5_ASAP7_75t_SL          2  2.5    58    30    1176    (-,-) 
  u_packed_mxfp_aitb_comp_top_g40773/Y                                          -       B->Y    R     XOR2xp5_ASAP7_75t_SL           2  1.3    41    30    1206    (-,-) 
  u_packed_mxfp_aitb_comp_top_g40741/Y                                          -       B->Y    R     OR2x2_ASAP7_75t_SL             2  2.2    18    26    1232    (-,-) 
  fopt125048/Y                                                                  -       A->Y    F     INVx2_ASAP7_75t_SL             2  1.5    11     7    1239    (-,-) 
  u_packed_mxfp_aitb_comp_top_g40670/Y                                          -       C->Y    R     NAND3xp33_ASAP7_75t_SL         1  1.3    30    17    1256    (-,-) 
  u_packed_mxfp_aitb_comp_top_g40585/Y                                          -       A->Y    F     NOR2x1_ASAP7_75t_SL            1  0.8    20    13    1269    (-,-) 
  u_packed_mxfp_aitb_comp_top_g40551/Y                                          -       A->Y    R     NAND2xp5_ASAP7_75t_SL          1  1.2    27    17    1287    (-,-) 
  u_packed_mxfp_aitb_comp_top_g40527/Y                                          -       B->Y    R     XNOR2xp5_ASAP7_75t_SL          2  1.3    40    21    1308    (-,-) 
  u_packed_mxfp_aitb_comp_top_g40513/Y                                          -       B->Y    F     NAND3xp33_ASAP7_75t_SL         1  0.9    32    17    1325    (-,-) 
  u_packed_mxfp_aitb_comp_top_g40510/Y                                          -       A2->Y   R     OAI21xp5_ASAP7_75t_SL          1  1.3    49    23    1348    (-,-) 
  u_packed_mxfp_aitb_comp_top_g40509/Y                                          -       B->Y    R     AND2x4_ASAP7_75t_SL            9 10.1    34    32    1380    (-,-) 
  u_packed_mxfp_aitb_comp_top_g40508/Y                                          -       A->Y    F     INVx8_ASAP7_75t_SL            23 15.3    24    15    1395    (-,-) 
  u_packed_mxfp_aitb_comp_top_g40473/Y                                          -       B->Y    R     NAND2xp5_ASAP7_75t_SL          1  0.9    25    15    1410    (-,-) 
  u_packed_mxfp_aitb_comp_top_PIPE_OUT_col2_stage_reg_reg[0][1]/D               -       -       R     ASYNC_DFFHx1_ASAP7_75t_SL      1    -     -     0    1410    (-,-) 
#------------------------------------------------------------------------------------------------------------------------------------------------------------------------



Path 21: VIOLATED (-524 ps) Setup Check with Pin u_packed_mxfp_aitb_comp_top_PIPE_OUT_col2_stage_reg_reg[0][0]/CLK->D
           View: PVT_0P63V_100C.setup_view
          Group: clk
     Startpoint: (R) u_packed_mxfp_aitb_comp_top_PIPE_OUT_col2_stage_reg_reg[0][11]/CLK
          Clock: (R) clk
       Endpoint: (R) u_packed_mxfp_aitb_comp_top_PIPE_OUT_col2_stage_reg_reg[0][0]/D
          Clock: (R) clk

                     Capture       Launch     
        Clock Edge:+    1000            0     
       Src Latency:+       0            0     
       Net Latency:+       0 (I)        0 (I) 
           Arrival:=    1000            0     
                                              
             Setup:-      14                  
       Uncertainty:-     100                  
     Required Time:=     886                  
      Launch Clock:-       0                  
         Data Path:-    1410                  
             Slack:=    -524                  

#------------------------------------------------------------------------------------------------------------------------------------------------------------------------
#                                 Timing Point                                  Flags    Arc    Edge           Cell             Fanout Load Trans Delay Arrival Instance 
#                                                                                                                                      (fF)  (ps)  (ps)   (ps)  Location 
#------------------------------------------------------------------------------------------------------------------------------------------------------------------------
  u_packed_mxfp_aitb_comp_top_PIPE_OUT_col2_stage_reg_reg[0][11]/CLK            -       -       R     (arrival)                   1219    -     0     0       0    (-,-) 
  u_packed_mxfp_aitb_comp_top_PIPE_OUT_col2_stage_reg_reg[0][11]/QN             -       CLK->QN R     ASYNC_DFFHx1_ASAP7_75t_SL      3  3.5    34    54      54    (-,-) 
  u_packed_mxfp_aitb_comp_top_g46137/Y                                          -       B1->Y   F     AOI22x1_ASAP7_75t_SL           3  2.4    59    16      70    (-,-) 
  u_packed_mxfp_aitb_comp_top_g45354/Y                                          -       B->Y    R     AOI31xp33_ASAP7_75t_SL         1  0.8    49    32     102    (-,-) 
  u_packed_mxfp_aitb_comp_top_g45320/Y                                          -       C->Y    F     O2A1O1Ixp5_ASAP7_75t_SL        1  0.8    30    16     118    (-,-) 
  u_packed_mxfp_aitb_comp_top_g45301/Y                                          -       B->Y    R     AOI21xp5_ASAP7_75t_SL          1  0.9    32    19     138    (-,-) 
  u_packed_mxfp_aitb_comp_top_g45186/Y                                          -       A1->Y   F     OAI21xp5_ASAP7_75t_SL          1  1.4    31    19     156    (-,-) 
  u_packed_mxfp_aitb_comp_top_g45184/Y                                          -       B->Y    R     AOI21x1_ASAP7_75t_SL           2  1.6    30    19     175    (-,-) 
  u_packed_mxfp_aitb_comp_top_g45162/Y                                          -       B->Y    R     OR2x2_ASAP7_75t_SL             1  1.3    14    22     197    (-,-) 
  u_packed_mxfp_aitb_comp_top_g45084/Y                                          -       A->Y    R     AND2x6_ASAP7_75t_SL           16 11.7    28    28     225    (-,-) 
  u_packed_mxfp_aitb_comp_top_g44863/Y                                          -       B2->Y   R     OA22x2_ASAP7_75t_SL            2  2.4    20    25     250    (-,-) 
  u_packed_mxfp_aitb_comp_top_g44773/Y                                          -       D->Y    F     NAND4xp75_ASAP7_75t_SL         2  1.6    29    16     266    (-,-) 
  u_packed_mxfp_aitb_comp_top_g44761/Y                                          -       A->Y    R     INVx1_ASAP7_75t_SL             1  1.6    25    16     282    (-,-) 
  u_packed_mxfp_aitb_comp_top_g44735/Y                                          -       A->Y    F     NAND3x1_ASAP7_75t_SL           1  1.8    22    12     294    (-,-) 
  u_packed_mxfp_aitb_comp_top_g44692/Y                                          -       A->Y    R     NOR4xp75_ASAP7_75t_SL          2  2.3    53    25     319    (-,-) 
  u_packed_mxfp_aitb_comp_top_g44686/Y                                          -       A->Y    F     INVx2_ASAP7_75t_SL             3  2.7    24    13     332    (-,-) 
  u_packed_mxfp_aitb_comp_top_g44496/Y                                          -       A2->Y   R     AOI21x1_ASAP7_75t_SL           3  2.4    34    19     351    (-,-) 
  u_packed_mxfp_aitb_comp_top_g44485/Y                                          -       A->Y    R     BUFx6f_ASAP7_75t_SL            8  5.8    16    21     372    (-,-) 
  u_packed_mxfp_aitb_comp_top_g44418/Y                                          -       A1->Y   F     OAI22xp5_ASAP7_75t_SL          2  2.0    56    20     392    (-,-) 
  u_packed_mxfp_aitb_comp_top_g46585/Y                                          -       C->Y    F     OR4x1_ASAP7_75t_SL             1  1.3    23    42     434    (-,-) 
  u_packed_mxfp_aitb_comp_top_g44271/Y                                          -       A->Y    R     NOR2x1_ASAP7_75t_SL            1  0.8    17    11     445    (-,-) 
  u_packed_mxfp_aitb_comp_top_g44206/Y                                          -       B2->Y   F     OAI22xp5_ASAP7_75t_SL          1  1.4    43    15     460    (-,-) 
  u_packed_mxfp_aitb_comp_top_g44149/Y                                          -       B->Y    R     AOI21x1_ASAP7_75t_SL           1  1.8    35    22     482    (-,-) 
  u_packed_mxfp_aitb_comp_top_g44091/Y                                          -       A->Y    F     NAND4xp75_ASAP7_75t_SL         2  2.4    40    20     502    (-,-) 
  u_packed_mxfp_aitb_comp_top_g44069/Y                                          -       A->Y    R     NOR2x1p5_ASAP7_75t_SL          2  1.8    36    14     516    (-,-) 
  u_packed_mxfp_aitb_comp_top_addinc_FP32_ALU_col2_fracAdder_add_113_18_g1569/Y -       A->Y    R     AND2x4_ASAP7_75t_SL            2  2.3    14    19     535    (-,-) 
  u_packed_mxfp_aitb_comp_top_addinc_FP32_ALU_col2_fracAdder_add_113_18_g1503/Y -       B->Y    F     NAND2x1p5_ASAP7_75t_SL         2  1.3    23     8     543    (-,-) 
  u_packed_mxfp_aitb_comp_top_addinc_FP32_ALU_col2_fracAdder_add_113_18_g1441/Y -       A3->Y   R     OAI321xp33_ASAP7_75t_SL        2  1.8    79    37     580    (-,-) 
  u_packed_mxfp_aitb_comp_top_addinc_FP32_ALU_col2_fracAdder_add_113_18_g1410/Y -       A->Y    F     NAND2x1_ASAP7_75t_SL           1  1.8    30    11     591    (-,-) 
  u_packed_mxfp_aitb_comp_top_addinc_FP32_ALU_col2_fracAdder_add_113_18_g1406/Y -       A->Y    R     NAND2x1p5_ASAP7_75t_SL         3  2.3    28    19     610    (-,-) 
  u_packed_mxfp_aitb_comp_top_addinc_FP32_ALU_col2_fracAdder_add_113_18_g1391/Y -       A->Y    F     NAND2xp5_ASAP7_75t_SL          1  1.3    24    13     624    (-,-) 
  u_packed_mxfp_aitb_comp_top_addinc_FP32_ALU_col2_fracAdder_add_113_18_g1378/Y -       B->Y    F     AND2x4_ASAP7_75t_SL           16 11.8    27    31     654    (-,-) 
  u_packed_mxfp_aitb_comp_top_addinc_FP32_ALU_col2_fracAdder_add_113_18_g1367/Y -       B->Y    F     XOR2xp5_ASAP7_75t_SL           1  1.5    34    25     679    (-,-) 
  u_packed_mxfp_aitb_comp_top_g42902/Y                                          -       A->Y    R     INVx2_ASAP7_75t_SL             2  1.3    17    11     690    (-,-) 
  u_packed_mxfp_aitb_comp_top_g42087/Y                                          -       A->Y    F     NAND3xp33_ASAP7_75t_SL         1  0.8    29    14     704    (-,-) 
  u_packed_mxfp_aitb_comp_top_g41901/Y                                          -       A->Y    R     NOR3xp33_ASAP7_75t_SL          1  1.3    52    28     732    (-,-) 
  u_packed_mxfp_aitb_comp_top_g41897/Y                                          -       C->Y    R     AND3x4_ASAP7_75t_SL            9  9.0    32    35     768    (-,-) 
  u_packed_mxfp_aitb_comp_top_g41873/Y                                          -       A2->Y   F     AOI21x1_ASAP7_75t_SL           2  1.3    28    11     778    (-,-) 
  u_packed_mxfp_aitb_comp_top_g41834/Y                                          -       B->Y    F     AND3x2_ASAP7_75t_SL            2  3.2    18    25     803    (-,-) 
  u_packed_mxfp_aitb_comp_top_g41826/Y                                          -       C->Y    R     NAND3x2_ASAP7_75t_SL           6  4.2    40    24     827    (-,-) 
  u_packed_mxfp_aitb_comp_top_g41803/Y                                          -       B->Y    R     OR2x2_ASAP7_75t_SL             1  1.2    13    23     850    (-,-) 
  u_packed_mxfp_aitb_comp_top_g41770/Y                                          -       D->Y    R     AND5x2_ASAP7_75t_SL            3  3.2    27    39     889    (-,-) 
  fopt124827/Y                                                                  -       A->Y    R     BUFx6f_ASAP7_75t_SL            4  3.6    12    19     908    (-,-) 
  fopt124825/Y                                                                  -       A->Y    F     INVx2_ASAP7_75t_SL             1  0.9     7     5     913    (-,-) 
  u_packed_mxfp_aitb_comp_top_g41764/Y                                          -       A1->Y   R     OAI21xp5_ASAP7_75t_SL          1  1.4    50    18     931    (-,-) 
  u_packed_mxfp_aitb_comp_top_g41727/Y                                          -       B->Y    F     AOI21x1_ASAP7_75t_SL           1  2.2    38    18     949    (-,-) 
  u_packed_mxfp_aitb_comp_top_g41721/Y                                          -       A->Y    R     NAND2x2_ASAP7_75t_SL           2  3.6    34    24     973    (-,-) 
  u_packed_mxfp_aitb_comp_top_g41719/Y                                          -       A->Y    F     INVx2_ASAP7_75t_SL             1  0.9    13     7     980    (-,-) 
  u_packed_mxfp_aitb_comp_top_g41707/Y                                          -       A1->Y   F     OA21x2_ASAP7_75t_SL            3  3.9    22    28    1008    (-,-) 
  fopt125215/Y                                                                  -       A->Y    R     INVx4_ASAP7_75t_SL             2  2.7    14    10    1017    (-,-) 
  fopt125214/Y                                                                  -       A->Y    F     INVx2_ASAP7_75t_SL             3  2.3    12     8    1026    (-,-) 
  u_packed_mxfp_aitb_comp_top_g41495/Y                                          -       A1->Y   F     OA21x2_ASAP7_75t_SL            2  2.2    19    24    1050    (-,-) 
  fopt125030/Y                                                                  -       A->Y    R     INVx2_ASAP7_75t_SL             2  1.4    13     9    1059    (-,-) 
  u_packed_mxfp_aitb_comp_top_g41285/Y                                          -       B1->Y   F     AOI22xp5_ASAP7_75t_SL          2  1.5    50    15    1074    (-,-) 
  u_packed_mxfp_aitb_comp_top_g41183/Y                                          -       B->Y    F     AND2x2_ASAP7_75t_SL            2  1.5    14    28    1102    (-,-) 
  u_packed_mxfp_aitb_comp_top_g41063/Y                                          -       A1->Y   R     OAI21xp5_ASAP7_75t_SL          2  2.5    55    28    1130    (-,-) 
  u_packed_mxfp_aitb_comp_top_g40913/Y                                          -       A2->Y   F     AOI21x1_ASAP7_75t_SL           2  2.6    34    16    1146    (-,-) 
  u_packed_mxfp_aitb_comp_top_g40827/Y                                          -       A1->Y   R     OAI21xp5_ASAP7_75t_SL          2  2.5    58    30    1176    (-,-) 
  u_packed_mxfp_aitb_comp_top_g40773/Y                                          -       B->Y    R     XOR2xp5_ASAP7_75t_SL           2  1.3    41    30    1206    (-,-) 
  u_packed_mxfp_aitb_comp_top_g40741/Y                                          -       B->Y    R     OR2x2_ASAP7_75t_SL             2  2.2    18    26    1232    (-,-) 
  fopt125048/Y                                                                  -       A->Y    F     INVx2_ASAP7_75t_SL             2  1.5    11     7    1239    (-,-) 
  u_packed_mxfp_aitb_comp_top_g40670/Y                                          -       C->Y    R     NAND3xp33_ASAP7_75t_SL         1  1.3    30    17    1256    (-,-) 
  u_packed_mxfp_aitb_comp_top_g40585/Y                                          -       A->Y    F     NOR2x1_ASAP7_75t_SL            1  0.8    20    13    1269    (-,-) 
  u_packed_mxfp_aitb_comp_top_g40551/Y                                          -       A->Y    R     NAND2xp5_ASAP7_75t_SL          1  1.2    27    17    1287    (-,-) 
  u_packed_mxfp_aitb_comp_top_g40527/Y                                          -       B->Y    R     XNOR2xp5_ASAP7_75t_SL          2  1.3    40    21    1308    (-,-) 
  u_packed_mxfp_aitb_comp_top_g40513/Y                                          -       B->Y    F     NAND3xp33_ASAP7_75t_SL         1  0.9    32    17    1325    (-,-) 
  u_packed_mxfp_aitb_comp_top_g40510/Y                                          -       A2->Y   R     OAI21xp5_ASAP7_75t_SL          1  1.3    49    23    1348    (-,-) 
  u_packed_mxfp_aitb_comp_top_g40509/Y                                          -       B->Y    R     AND2x4_ASAP7_75t_SL            9 10.1    34    32    1380    (-,-) 
  u_packed_mxfp_aitb_comp_top_g40508/Y                                          -       A->Y    F     INVx8_ASAP7_75t_SL            23 15.3    24    15    1395    (-,-) 
  u_packed_mxfp_aitb_comp_top_g40484/Y                                          -       B->Y    R     NAND2xp5_ASAP7_75t_SL          1  0.9    25    15    1410    (-,-) 
  u_packed_mxfp_aitb_comp_top_PIPE_OUT_col2_stage_reg_reg[0][0]/D               -       -       R     ASYNC_DFFHx1_ASAP7_75t_SL      1    -     -     0    1410    (-,-) 
#------------------------------------------------------------------------------------------------------------------------------------------------------------------------



Path 22: VIOLATED (-524 ps) Setup Check with Pin u_packed_mxfp_aitb_comp_top_PIPE_OUT_col2_stage_reg_reg[0][11]/CLK->D
           View: PVT_0P63V_100C.setup_view
          Group: clk
     Startpoint: (R) u_packed_mxfp_aitb_comp_top_PIPE_OUT_col2_stage_reg_reg[0][11]/CLK
          Clock: (R) clk
       Endpoint: (R) u_packed_mxfp_aitb_comp_top_PIPE_OUT_col2_stage_reg_reg[0][11]/D
          Clock: (R) clk

                     Capture       Launch     
        Clock Edge:+    1000            0     
       Src Latency:+       0            0     
       Net Latency:+       0 (I)        0 (I) 
           Arrival:=    1000            0     
                                              
             Setup:-      14                  
       Uncertainty:-     100                  
     Required Time:=     886                  
      Launch Clock:-       0                  
         Data Path:-    1410                  
             Slack:=    -524                  

#------------------------------------------------------------------------------------------------------------------------------------------------------------------------
#                                 Timing Point                                  Flags    Arc    Edge           Cell             Fanout Load Trans Delay Arrival Instance 
#                                                                                                                                      (fF)  (ps)  (ps)   (ps)  Location 
#------------------------------------------------------------------------------------------------------------------------------------------------------------------------
  u_packed_mxfp_aitb_comp_top_PIPE_OUT_col2_stage_reg_reg[0][11]/CLK            -       -       R     (arrival)                   1219    -     0     0       0    (-,-) 
  u_packed_mxfp_aitb_comp_top_PIPE_OUT_col2_stage_reg_reg[0][11]/QN             -       CLK->QN R     ASYNC_DFFHx1_ASAP7_75t_SL      3  3.5    34    54      54    (-,-) 
  u_packed_mxfp_aitb_comp_top_g46137/Y                                          -       B1->Y   F     AOI22x1_ASAP7_75t_SL           3  2.4    59    16      70    (-,-) 
  u_packed_mxfp_aitb_comp_top_g45354/Y                                          -       B->Y    R     AOI31xp33_ASAP7_75t_SL         1  0.8    49    32     102    (-,-) 
  u_packed_mxfp_aitb_comp_top_g45320/Y                                          -       C->Y    F     O2A1O1Ixp5_ASAP7_75t_SL        1  0.8    30    16     118    (-,-) 
  u_packed_mxfp_aitb_comp_top_g45301/Y                                          -       B->Y    R     AOI21xp5_ASAP7_75t_SL          1  0.9    32    19     138    (-,-) 
  u_packed_mxfp_aitb_comp_top_g45186/Y                                          -       A1->Y   F     OAI21xp5_ASAP7_75t_SL          1  1.4    31    19     156    (-,-) 
  u_packed_mxfp_aitb_comp_top_g45184/Y                                          -       B->Y    R     AOI21x1_ASAP7_75t_SL           2  1.6    30    19     175    (-,-) 
  u_packed_mxfp_aitb_comp_top_g45162/Y                                          -       B->Y    R     OR2x2_ASAP7_75t_SL             1  1.3    14    22     197    (-,-) 
  u_packed_mxfp_aitb_comp_top_g45084/Y                                          -       A->Y    R     AND2x6_ASAP7_75t_SL           16 11.7    28    28     225    (-,-) 
  u_packed_mxfp_aitb_comp_top_g44863/Y                                          -       B2->Y   R     OA22x2_ASAP7_75t_SL            2  2.4    20    25     250    (-,-) 
  u_packed_mxfp_aitb_comp_top_g44773/Y                                          -       D->Y    F     NAND4xp75_ASAP7_75t_SL         2  1.6    29    16     266    (-,-) 
  u_packed_mxfp_aitb_comp_top_g44761/Y                                          -       A->Y    R     INVx1_ASAP7_75t_SL             1  1.6    25    16     282    (-,-) 
  u_packed_mxfp_aitb_comp_top_g44735/Y                                          -       A->Y    F     NAND3x1_ASAP7_75t_SL           1  1.8    22    12     294    (-,-) 
  u_packed_mxfp_aitb_comp_top_g44692/Y                                          -       A->Y    R     NOR4xp75_ASAP7_75t_SL          2  2.3    53    25     319    (-,-) 
  u_packed_mxfp_aitb_comp_top_g44686/Y                                          -       A->Y    F     INVx2_ASAP7_75t_SL             3  2.7    24    13     332    (-,-) 
  u_packed_mxfp_aitb_comp_top_g44496/Y                                          -       A2->Y   R     AOI21x1_ASAP7_75t_SL           3  2.4    34    19     351    (-,-) 
  u_packed_mxfp_aitb_comp_top_g44485/Y                                          -       A->Y    R     BUFx6f_ASAP7_75t_SL            8  5.8    16    21     372    (-,-) 
  u_packed_mxfp_aitb_comp_top_g44418/Y                                          -       A1->Y   F     OAI22xp5_ASAP7_75t_SL          2  2.0    56    20     392    (-,-) 
  u_packed_mxfp_aitb_comp_top_g46585/Y                                          -       C->Y    F     OR4x1_ASAP7_75t_SL             1  1.3    23    42     434    (-,-) 
  u_packed_mxfp_aitb_comp_top_g44271/Y                                          -       A->Y    R     NOR2x1_ASAP7_75t_SL            1  0.8    17    11     445    (-,-) 
  u_packed_mxfp_aitb_comp_top_g44206/Y                                          -       B2->Y   F     OAI22xp5_ASAP7_75t_SL          1  1.4    43    15     460    (-,-) 
  u_packed_mxfp_aitb_comp_top_g44149/Y                                          -       B->Y    R     AOI21x1_ASAP7_75t_SL           1  1.8    35    22     482    (-,-) 
  u_packed_mxfp_aitb_comp_top_g44091/Y                                          -       A->Y    F     NAND4xp75_ASAP7_75t_SL         2  2.4    40    20     502    (-,-) 
  u_packed_mxfp_aitb_comp_top_g44069/Y                                          -       A->Y    R     NOR2x1p5_ASAP7_75t_SL          2  1.8    36    14     516    (-,-) 
  u_packed_mxfp_aitb_comp_top_addinc_FP32_ALU_col2_fracAdder_add_113_18_g1569/Y -       A->Y    R     AND2x4_ASAP7_75t_SL            2  2.3    14    19     535    (-,-) 
  u_packed_mxfp_aitb_comp_top_addinc_FP32_ALU_col2_fracAdder_add_113_18_g1503/Y -       B->Y    F     NAND2x1p5_ASAP7_75t_SL         2  1.3    23     8     543    (-,-) 
  u_packed_mxfp_aitb_comp_top_addinc_FP32_ALU_col2_fracAdder_add_113_18_g1441/Y -       A3->Y   R     OAI321xp33_ASAP7_75t_SL        2  1.8    79    37     580    (-,-) 
  u_packed_mxfp_aitb_comp_top_addinc_FP32_ALU_col2_fracAdder_add_113_18_g1410/Y -       A->Y    F     NAND2x1_ASAP7_75t_SL           1  1.8    30    11     591    (-,-) 
  u_packed_mxfp_aitb_comp_top_addinc_FP32_ALU_col2_fracAdder_add_113_18_g1406/Y -       A->Y    R     NAND2x1p5_ASAP7_75t_SL         3  2.3    28    19     610    (-,-) 
  u_packed_mxfp_aitb_comp_top_addinc_FP32_ALU_col2_fracAdder_add_113_18_g1391/Y -       A->Y    F     NAND2xp5_ASAP7_75t_SL          1  1.3    24    13     624    (-,-) 
  u_packed_mxfp_aitb_comp_top_addinc_FP32_ALU_col2_fracAdder_add_113_18_g1378/Y -       B->Y    F     AND2x4_ASAP7_75t_SL           16 11.8    27    31     654    (-,-) 
  u_packed_mxfp_aitb_comp_top_addinc_FP32_ALU_col2_fracAdder_add_113_18_g1367/Y -       B->Y    F     XOR2xp5_ASAP7_75t_SL           1  1.5    34    25     679    (-,-) 
  u_packed_mxfp_aitb_comp_top_g42902/Y                                          -       A->Y    R     INVx2_ASAP7_75t_SL             2  1.3    17    11     690    (-,-) 
  u_packed_mxfp_aitb_comp_top_g42087/Y                                          -       A->Y    F     NAND3xp33_ASAP7_75t_SL         1  0.8    29    14     704    (-,-) 
  u_packed_mxfp_aitb_comp_top_g41901/Y                                          -       A->Y    R     NOR3xp33_ASAP7_75t_SL          1  1.3    52    28     732    (-,-) 
  u_packed_mxfp_aitb_comp_top_g41897/Y                                          -       C->Y    R     AND3x4_ASAP7_75t_SL            9  9.0    32    35     768    (-,-) 
  u_packed_mxfp_aitb_comp_top_g41873/Y                                          -       A2->Y   F     AOI21x1_ASAP7_75t_SL           2  1.3    28    11     778    (-,-) 
  u_packed_mxfp_aitb_comp_top_g41834/Y                                          -       B->Y    F     AND3x2_ASAP7_75t_SL            2  3.2    18    25     803    (-,-) 
  u_packed_mxfp_aitb_comp_top_g41826/Y                                          -       C->Y    R     NAND3x2_ASAP7_75t_SL           6  4.2    40    24     827    (-,-) 
  u_packed_mxfp_aitb_comp_top_g41803/Y                                          -       B->Y    R     OR2x2_ASAP7_75t_SL             1  1.2    13    23     850    (-,-) 
  u_packed_mxfp_aitb_comp_top_g41770/Y                                          -       D->Y    R     AND5x2_ASAP7_75t_SL            3  3.2    27    39     889    (-,-) 
  fopt124827/Y                                                                  -       A->Y    R     BUFx6f_ASAP7_75t_SL            4  3.6    12    19     908    (-,-) 
  fopt124825/Y                                                                  -       A->Y    F     INVx2_ASAP7_75t_SL             1  0.9     7     5     913    (-,-) 
  u_packed_mxfp_aitb_comp_top_g41764/Y                                          -       A1->Y   R     OAI21xp5_ASAP7_75t_SL          1  1.4    50    18     931    (-,-) 
  u_packed_mxfp_aitb_comp_top_g41727/Y                                          -       B->Y    F     AOI21x1_ASAP7_75t_SL           1  2.2    38    18     949    (-,-) 
  u_packed_mxfp_aitb_comp_top_g41721/Y                                          -       A->Y    R     NAND2x2_ASAP7_75t_SL           2  3.6    34    24     973    (-,-) 
  u_packed_mxfp_aitb_comp_top_g41719/Y                                          -       A->Y    F     INVx2_ASAP7_75t_SL             1  0.9    13     7     980    (-,-) 
  u_packed_mxfp_aitb_comp_top_g41707/Y                                          -       A1->Y   F     OA21x2_ASAP7_75t_SL            3  3.9    22    28    1008    (-,-) 
  fopt125215/Y                                                                  -       A->Y    R     INVx4_ASAP7_75t_SL             2  2.7    14    10    1017    (-,-) 
  fopt125214/Y                                                                  -       A->Y    F     INVx2_ASAP7_75t_SL             3  2.3    12     8    1026    (-,-) 
  u_packed_mxfp_aitb_comp_top_g41495/Y                                          -       A1->Y   F     OA21x2_ASAP7_75t_SL            2  2.2    19    24    1050    (-,-) 
  fopt125030/Y                                                                  -       A->Y    R     INVx2_ASAP7_75t_SL             2  1.4    13     9    1059    (-,-) 
  u_packed_mxfp_aitb_comp_top_g41285/Y                                          -       B1->Y   F     AOI22xp5_ASAP7_75t_SL          2  1.5    50    15    1074    (-,-) 
  u_packed_mxfp_aitb_comp_top_g41183/Y                                          -       B->Y    F     AND2x2_ASAP7_75t_SL            2  1.5    14    28    1102    (-,-) 
  u_packed_mxfp_aitb_comp_top_g41063/Y                                          -       A1->Y   R     OAI21xp5_ASAP7_75t_SL          2  2.5    55    28    1130    (-,-) 
  u_packed_mxfp_aitb_comp_top_g40913/Y                                          -       A2->Y   F     AOI21x1_ASAP7_75t_SL           2  2.6    34    16    1146    (-,-) 
  u_packed_mxfp_aitb_comp_top_g40827/Y                                          -       A1->Y   R     OAI21xp5_ASAP7_75t_SL          2  2.5    58    30    1176    (-,-) 
  u_packed_mxfp_aitb_comp_top_g40773/Y                                          -       B->Y    R     XOR2xp5_ASAP7_75t_SL           2  1.3    41    30    1206    (-,-) 
  u_packed_mxfp_aitb_comp_top_g40741/Y                                          -       B->Y    R     OR2x2_ASAP7_75t_SL             2  2.2    18    26    1232    (-,-) 
  fopt125048/Y                                                                  -       A->Y    F     INVx2_ASAP7_75t_SL             2  1.5    11     7    1239    (-,-) 
  u_packed_mxfp_aitb_comp_top_g40670/Y                                          -       C->Y    R     NAND3xp33_ASAP7_75t_SL         1  1.3    30    17    1256    (-,-) 
  u_packed_mxfp_aitb_comp_top_g40585/Y                                          -       A->Y    F     NOR2x1_ASAP7_75t_SL            1  0.8    20    13    1269    (-,-) 
  u_packed_mxfp_aitb_comp_top_g40551/Y                                          -       A->Y    R     NAND2xp5_ASAP7_75t_SL          1  1.2    27    17    1287    (-,-) 
  u_packed_mxfp_aitb_comp_top_g40527/Y                                          -       B->Y    R     XNOR2xp5_ASAP7_75t_SL          2  1.3    40    21    1308    (-,-) 
  u_packed_mxfp_aitb_comp_top_g40513/Y                                          -       B->Y    F     NAND3xp33_ASAP7_75t_SL         1  0.9    32    17    1325    (-,-) 
  u_packed_mxfp_aitb_comp_top_g40510/Y                                          -       A2->Y   R     OAI21xp5_ASAP7_75t_SL          1  1.3    49    23    1348    (-,-) 
  u_packed_mxfp_aitb_comp_top_g40509/Y                                          -       B->Y    R     AND2x4_ASAP7_75t_SL            9 10.1    34    32    1380    (-,-) 
  u_packed_mxfp_aitb_comp_top_g40508/Y                                          -       A->Y    F     INVx8_ASAP7_75t_SL            23 15.3    24    15    1395    (-,-) 
  u_packed_mxfp_aitb_comp_top_g40447/Y                                          -       B->Y    R     NAND2xp5_ASAP7_75t_SL          1  0.9    24    15    1410    (-,-) 
  u_packed_mxfp_aitb_comp_top_PIPE_OUT_col2_stage_reg_reg[0][11]/D              -       -       R     ASYNC_DFFHx1_ASAP7_75t_SL      1    -     -     0    1410    (-,-) 
#------------------------------------------------------------------------------------------------------------------------------------------------------------------------



Path 23: VIOLATED (-524 ps) Setup Check with Pin u_packed_mxfp_aitb_comp_top_PIPE_OUT_col2_stage_reg_reg[0][8]/CLK->D
           View: PVT_0P63V_100C.setup_view
          Group: clk
     Startpoint: (R) u_packed_mxfp_aitb_comp_top_PIPE_OUT_col2_stage_reg_reg[0][11]/CLK
          Clock: (R) clk
       Endpoint: (R) u_packed_mxfp_aitb_comp_top_PIPE_OUT_col2_stage_reg_reg[0][8]/D
          Clock: (R) clk

                     Capture       Launch     
        Clock Edge:+    1000            0     
       Src Latency:+       0            0     
       Net Latency:+       0 (I)        0 (I) 
           Arrival:=    1000            0     
                                              
             Setup:-      14                  
       Uncertainty:-     100                  
     Required Time:=     886                  
      Launch Clock:-       0                  
         Data Path:-    1410                  
             Slack:=    -524                  

#------------------------------------------------------------------------------------------------------------------------------------------------------------------------
#                                 Timing Point                                  Flags    Arc    Edge           Cell             Fanout Load Trans Delay Arrival Instance 
#                                                                                                                                      (fF)  (ps)  (ps)   (ps)  Location 
#------------------------------------------------------------------------------------------------------------------------------------------------------------------------
  u_packed_mxfp_aitb_comp_top_PIPE_OUT_col2_stage_reg_reg[0][11]/CLK            -       -       R     (arrival)                   1219    -     0     0       0    (-,-) 
  u_packed_mxfp_aitb_comp_top_PIPE_OUT_col2_stage_reg_reg[0][11]/QN             -       CLK->QN R     ASYNC_DFFHx1_ASAP7_75t_SL      3  3.5    34    54      54    (-,-) 
  u_packed_mxfp_aitb_comp_top_g46137/Y                                          -       B1->Y   F     AOI22x1_ASAP7_75t_SL           3  2.4    59    16      70    (-,-) 
  u_packed_mxfp_aitb_comp_top_g45354/Y                                          -       B->Y    R     AOI31xp33_ASAP7_75t_SL         1  0.8    49    32     102    (-,-) 
  u_packed_mxfp_aitb_comp_top_g45320/Y                                          -       C->Y    F     O2A1O1Ixp5_ASAP7_75t_SL        1  0.8    30    16     118    (-,-) 
  u_packed_mxfp_aitb_comp_top_g45301/Y                                          -       B->Y    R     AOI21xp5_ASAP7_75t_SL          1  0.9    32    19     138    (-,-) 
  u_packed_mxfp_aitb_comp_top_g45186/Y                                          -       A1->Y   F     OAI21xp5_ASAP7_75t_SL          1  1.4    31    19     156    (-,-) 
  u_packed_mxfp_aitb_comp_top_g45184/Y                                          -       B->Y    R     AOI21x1_ASAP7_75t_SL           2  1.6    30    19     175    (-,-) 
  u_packed_mxfp_aitb_comp_top_g45162/Y                                          -       B->Y    R     OR2x2_ASAP7_75t_SL             1  1.3    14    22     197    (-,-) 
  u_packed_mxfp_aitb_comp_top_g45084/Y                                          -       A->Y    R     AND2x6_ASAP7_75t_SL           16 11.7    28    28     225    (-,-) 
  u_packed_mxfp_aitb_comp_top_g44863/Y                                          -       B2->Y   R     OA22x2_ASAP7_75t_SL            2  2.4    20    25     250    (-,-) 
  u_packed_mxfp_aitb_comp_top_g44773/Y                                          -       D->Y    F     NAND4xp75_ASAP7_75t_SL         2  1.6    29    16     266    (-,-) 
  u_packed_mxfp_aitb_comp_top_g44761/Y                                          -       A->Y    R     INVx1_ASAP7_75t_SL             1  1.6    25    16     282    (-,-) 
  u_packed_mxfp_aitb_comp_top_g44735/Y                                          -       A->Y    F     NAND3x1_ASAP7_75t_SL           1  1.8    22    12     294    (-,-) 
  u_packed_mxfp_aitb_comp_top_g44692/Y                                          -       A->Y    R     NOR4xp75_ASAP7_75t_SL          2  2.3    53    25     319    (-,-) 
  u_packed_mxfp_aitb_comp_top_g44686/Y                                          -       A->Y    F     INVx2_ASAP7_75t_SL             3  2.7    24    13     332    (-,-) 
  u_packed_mxfp_aitb_comp_top_g44496/Y                                          -       A2->Y   R     AOI21x1_ASAP7_75t_SL           3  2.4    34    19     351    (-,-) 
  u_packed_mxfp_aitb_comp_top_g44485/Y                                          -       A->Y    R     BUFx6f_ASAP7_75t_SL            8  5.8    16    21     372    (-,-) 
  u_packed_mxfp_aitb_comp_top_g44418/Y                                          -       A1->Y   F     OAI22xp5_ASAP7_75t_SL          2  2.0    56    20     392    (-,-) 
  u_packed_mxfp_aitb_comp_top_g46585/Y                                          -       C->Y    F     OR4x1_ASAP7_75t_SL             1  1.3    23    42     434    (-,-) 
  u_packed_mxfp_aitb_comp_top_g44271/Y                                          -       A->Y    R     NOR2x1_ASAP7_75t_SL            1  0.8    17    11     445    (-,-) 
  u_packed_mxfp_aitb_comp_top_g44206/Y                                          -       B2->Y   F     OAI22xp5_ASAP7_75t_SL          1  1.4    43    15     460    (-,-) 
  u_packed_mxfp_aitb_comp_top_g44149/Y                                          -       B->Y    R     AOI21x1_ASAP7_75t_SL           1  1.8    35    22     482    (-,-) 
  u_packed_mxfp_aitb_comp_top_g44091/Y                                          -       A->Y    F     NAND4xp75_ASAP7_75t_SL         2  2.4    40    20     502    (-,-) 
  u_packed_mxfp_aitb_comp_top_g44069/Y                                          -       A->Y    R     NOR2x1p5_ASAP7_75t_SL          2  1.8    36    14     516    (-,-) 
  u_packed_mxfp_aitb_comp_top_addinc_FP32_ALU_col2_fracAdder_add_113_18_g1569/Y -       A->Y    R     AND2x4_ASAP7_75t_SL            2  2.3    14    19     535    (-,-) 
  u_packed_mxfp_aitb_comp_top_addinc_FP32_ALU_col2_fracAdder_add_113_18_g1503/Y -       B->Y    F     NAND2x1p5_ASAP7_75t_SL         2  1.3    23     8     543    (-,-) 
  u_packed_mxfp_aitb_comp_top_addinc_FP32_ALU_col2_fracAdder_add_113_18_g1441/Y -       A3->Y   R     OAI321xp33_ASAP7_75t_SL        2  1.8    79    37     580    (-,-) 
  u_packed_mxfp_aitb_comp_top_addinc_FP32_ALU_col2_fracAdder_add_113_18_g1410/Y -       A->Y    F     NAND2x1_ASAP7_75t_SL           1  1.8    30    11     591    (-,-) 
  u_packed_mxfp_aitb_comp_top_addinc_FP32_ALU_col2_fracAdder_add_113_18_g1406/Y -       A->Y    R     NAND2x1p5_ASAP7_75t_SL         3  2.3    28    19     610    (-,-) 
  u_packed_mxfp_aitb_comp_top_addinc_FP32_ALU_col2_fracAdder_add_113_18_g1391/Y -       A->Y    F     NAND2xp5_ASAP7_75t_SL          1  1.3    24    13     624    (-,-) 
  u_packed_mxfp_aitb_comp_top_addinc_FP32_ALU_col2_fracAdder_add_113_18_g1378/Y -       B->Y    F     AND2x4_ASAP7_75t_SL           16 11.8    27    31     654    (-,-) 
  u_packed_mxfp_aitb_comp_top_addinc_FP32_ALU_col2_fracAdder_add_113_18_g1367/Y -       B->Y    F     XOR2xp5_ASAP7_75t_SL           1  1.5    34    25     679    (-,-) 
  u_packed_mxfp_aitb_comp_top_g42902/Y                                          -       A->Y    R     INVx2_ASAP7_75t_SL             2  1.3    17    11     690    (-,-) 
  u_packed_mxfp_aitb_comp_top_g42087/Y                                          -       A->Y    F     NAND3xp33_ASAP7_75t_SL         1  0.8    29    14     704    (-,-) 
  u_packed_mxfp_aitb_comp_top_g41901/Y                                          -       A->Y    R     NOR3xp33_ASAP7_75t_SL          1  1.3    52    28     732    (-,-) 
  u_packed_mxfp_aitb_comp_top_g41897/Y                                          -       C->Y    R     AND3x4_ASAP7_75t_SL            9  9.0    32    35     768    (-,-) 
  u_packed_mxfp_aitb_comp_top_g41873/Y                                          -       A2->Y   F     AOI21x1_ASAP7_75t_SL           2  1.3    28    11     778    (-,-) 
  u_packed_mxfp_aitb_comp_top_g41834/Y                                          -       B->Y    F     AND3x2_ASAP7_75t_SL            2  3.2    18    25     803    (-,-) 
  u_packed_mxfp_aitb_comp_top_g41826/Y                                          -       C->Y    R     NAND3x2_ASAP7_75t_SL           6  4.2    40    24     827    (-,-) 
  u_packed_mxfp_aitb_comp_top_g41803/Y                                          -       B->Y    R     OR2x2_ASAP7_75t_SL             1  1.2    13    23     850    (-,-) 
  u_packed_mxfp_aitb_comp_top_g41770/Y                                          -       D->Y    R     AND5x2_ASAP7_75t_SL            3  3.2    27    39     889    (-,-) 
  fopt124827/Y                                                                  -       A->Y    R     BUFx6f_ASAP7_75t_SL            4  3.6    12    19     908    (-,-) 
  fopt124825/Y                                                                  -       A->Y    F     INVx2_ASAP7_75t_SL             1  0.9     7     5     913    (-,-) 
  u_packed_mxfp_aitb_comp_top_g41764/Y                                          -       A1->Y   R     OAI21xp5_ASAP7_75t_SL          1  1.4    50    18     931    (-,-) 
  u_packed_mxfp_aitb_comp_top_g41727/Y                                          -       B->Y    F     AOI21x1_ASAP7_75t_SL           1  2.2    38    18     949    (-,-) 
  u_packed_mxfp_aitb_comp_top_g41721/Y                                          -       A->Y    R     NAND2x2_ASAP7_75t_SL           2  3.6    34    24     973    (-,-) 
  u_packed_mxfp_aitb_comp_top_g41719/Y                                          -       A->Y    F     INVx2_ASAP7_75t_SL             1  0.9    13     7     980    (-,-) 
  u_packed_mxfp_aitb_comp_top_g41707/Y                                          -       A1->Y   F     OA21x2_ASAP7_75t_SL            3  3.9    22    28    1008    (-,-) 
  fopt125215/Y                                                                  -       A->Y    R     INVx4_ASAP7_75t_SL             2  2.7    14    10    1017    (-,-) 
  fopt125214/Y                                                                  -       A->Y    F     INVx2_ASAP7_75t_SL             3  2.3    12     8    1026    (-,-) 
  u_packed_mxfp_aitb_comp_top_g41495/Y                                          -       A1->Y   F     OA21x2_ASAP7_75t_SL            2  2.2    19    24    1050    (-,-) 
  fopt125030/Y                                                                  -       A->Y    R     INVx2_ASAP7_75t_SL             2  1.4    13     9    1059    (-,-) 
  u_packed_mxfp_aitb_comp_top_g41285/Y                                          -       B1->Y   F     AOI22xp5_ASAP7_75t_SL          2  1.5    50    15    1074    (-,-) 
  u_packed_mxfp_aitb_comp_top_g41183/Y                                          -       B->Y    F     AND2x2_ASAP7_75t_SL            2  1.5    14    28    1102    (-,-) 
  u_packed_mxfp_aitb_comp_top_g41063/Y                                          -       A1->Y   R     OAI21xp5_ASAP7_75t_SL          2  2.5    55    28    1130    (-,-) 
  u_packed_mxfp_aitb_comp_top_g40913/Y                                          -       A2->Y   F     AOI21x1_ASAP7_75t_SL           2  2.6    34    16    1146    (-,-) 
  u_packed_mxfp_aitb_comp_top_g40827/Y                                          -       A1->Y   R     OAI21xp5_ASAP7_75t_SL          2  2.5    58    30    1176    (-,-) 
  u_packed_mxfp_aitb_comp_top_g40773/Y                                          -       B->Y    R     XOR2xp5_ASAP7_75t_SL           2  1.3    41    30    1206    (-,-) 
  u_packed_mxfp_aitb_comp_top_g40741/Y                                          -       B->Y    R     OR2x2_ASAP7_75t_SL             2  2.2    18    26    1232    (-,-) 
  fopt125048/Y                                                                  -       A->Y    F     INVx2_ASAP7_75t_SL             2  1.5    11     7    1239    (-,-) 
  u_packed_mxfp_aitb_comp_top_g40670/Y                                          -       C->Y    R     NAND3xp33_ASAP7_75t_SL         1  1.3    30    17    1256    (-,-) 
  u_packed_mxfp_aitb_comp_top_g40585/Y                                          -       A->Y    F     NOR2x1_ASAP7_75t_SL            1  0.8    20    13    1269    (-,-) 
  u_packed_mxfp_aitb_comp_top_g40551/Y                                          -       A->Y    R     NAND2xp5_ASAP7_75t_SL          1  1.2    27    17    1287    (-,-) 
  u_packed_mxfp_aitb_comp_top_g40527/Y                                          -       B->Y    R     XNOR2xp5_ASAP7_75t_SL          2  1.3    40    21    1308    (-,-) 
  u_packed_mxfp_aitb_comp_top_g40513/Y                                          -       B->Y    F     NAND3xp33_ASAP7_75t_SL         1  0.9    32    17    1325    (-,-) 
  u_packed_mxfp_aitb_comp_top_g40510/Y                                          -       A2->Y   R     OAI21xp5_ASAP7_75t_SL          1  1.3    49    23    1348    (-,-) 
  u_packed_mxfp_aitb_comp_top_g40509/Y                                          -       B->Y    R     AND2x4_ASAP7_75t_SL            9 10.1    34    32    1380    (-,-) 
  u_packed_mxfp_aitb_comp_top_g40508/Y                                          -       A->Y    F     INVx8_ASAP7_75t_SL            23 15.3    24    15    1395    (-,-) 
  u_packed_mxfp_aitb_comp_top_g40470/Y                                          -       B->Y    R     NAND2xp5_ASAP7_75t_SL          1  0.9    24    15    1410    (-,-) 
  u_packed_mxfp_aitb_comp_top_PIPE_OUT_col2_stage_reg_reg[0][8]/D               -       -       R     ASYNC_DFFHx1_ASAP7_75t_SL      1    -     -     0    1410    (-,-) 
#------------------------------------------------------------------------------------------------------------------------------------------------------------------------



Path 24: VIOLATED (-523 ps) Setup Check with Pin u_packed_mxfp_aitb_comp_top_PIPE_OUT_col1_stage_reg_reg[0][14]/CLK->D
           View: PVT_0P63V_100C.setup_view
          Group: clk
     Startpoint: (R) u_packed_mxfp_aitb_comp_top_PIPE_OUT_col2_stage_reg_reg[0][6]/CLK
          Clock: (R) clk
       Endpoint: (F) u_packed_mxfp_aitb_comp_top_PIPE_OUT_col1_stage_reg_reg[0][14]/D
          Clock: (R) clk

                     Capture       Launch     
        Clock Edge:+    1000            0     
       Src Latency:+       0            0     
       Net Latency:+       0 (I)        0 (I) 
           Arrival:=    1000            0     
                                              
             Setup:-      18                  
       Uncertainty:-     100                  
     Required Time:=     882                  
      Launch Clock:-       0                  
         Data Path:-    1405                  
             Slack:=    -523                  

#------------------------------------------------------------------------------------------------------------------------------------------------------------------------
#                                 Timing Point                                  Flags    Arc    Edge           Cell             Fanout Load Trans Delay Arrival Instance 
#                                                                                                                                      (fF)  (ps)  (ps)   (ps)  Location 
#------------------------------------------------------------------------------------------------------------------------------------------------------------------------
  u_packed_mxfp_aitb_comp_top_PIPE_OUT_col2_stage_reg_reg[0][6]/CLK             -       -       R     (arrival)                   1219    -     0     0       0    (-,-) 
  u_packed_mxfp_aitb_comp_top_PIPE_OUT_col2_stage_reg_reg[0][6]/QN              -       CLK->QN F     ASYNC_DFFHx1_ASAP7_75t_SL      3  3.6    31    49      49    (-,-) 
  u_packed_mxfp_aitb_comp_top_g46030/Y                                          -       B2->Y   R     AOI22x1_ASAP7_75t_SL           4  3.2    67    25      74    (-,-) 
  u_packed_mxfp_aitb_comp_top_g45537/Y                                          -       B1->Y   F     OAI22x1_ASAP7_75t_SL           2  1.4    32    14      88    (-,-) 
  u_packed_mxfp_aitb_comp_top_g45418/Y                                          -       A->Y    R     NOR3xp33_ASAP7_75t_SL          1  0.8    40    23     111    (-,-) 
  u_packed_mxfp_aitb_comp_top_g45317/Y                                          -       C->Y    F     A2O1A1Ixp33_ASAP7_75t_SL       1  0.8    35    20     131    (-,-) 
  u_packed_mxfp_aitb_comp_top_g45191/Y                                          -       A1->Y   R     AOI21xp5_ASAP7_75t_SL          1  0.9    32    17     148    (-,-) 
  u_packed_mxfp_aitb_comp_top_g45163/Y                                          -       A2->Y   F     OAI21xp5_ASAP7_75t_SL          1  1.3    28    17     166    (-,-) 
  u_packed_mxfp_aitb_comp_top_g45157/Y                                          -       B->Y    F     AND2x4_ASAP7_75t_SL            3  6.4    18    27     192    (-,-) 
  u_packed_mxfp_aitb_comp_top_g45153/Y                                          -       A->Y    F     BUFx12f_ASAP7_75t_SL          11 13.4    16    22     214    (-,-) 
  u_packed_mxfp_aitb_comp_top_g45151/Y                                          -       A->Y    R     INVx8_ASAP7_75t_SL            10  9.6    17    12     225    (-,-) 
  u_packed_mxfp_aitb_comp_top_g44869/Y                                          -       A2->Y   R     OA22x2_ASAP7_75t_SL            2  1.9    18    24     249    (-,-) 
  u_packed_mxfp_aitb_comp_top_g44784/Y                                          -       B->Y    R     AND2x4_ASAP7_75t_SL            3  5.0    18    22     271    (-,-) 
  u_packed_mxfp_aitb_comp_top_g44705/Y                                          -       C->Y    F     NAND4xp75_ASAP7_75t_L          1  0.9    27    18     289    (-,-) 
  u_packed_mxfp_aitb_comp_top_g44611/Y                                          -       A1->Y   R     OAI21xp5_ASAP7_75t_SL          2  2.0    48    25     315    (-,-) 
  u_packed_mxfp_aitb_comp_top_g44497/Y                                          -       B->Y    R     AND2x4_ASAP7_75t_SL           12 10.2    32    32     347    (-,-) 
  u_packed_mxfp_aitb_comp_top_g44445/Y                                          -       B->Y    R     AND2x4_ASAP7_75t_SL            8  8.7    28    29     375    (-,-) 
  u_packed_mxfp_aitb_comp_top_g44400/Y                                          -       B->Y    R     AND2x2_ASAP7_75t_SL            9  6.2    37    33     408    (-,-) 
  u_packed_mxfp_aitb_comp_top_g44357/Y                                          -       B->Y    F     NAND2xp5_ASAP7_75t_SL          4  2.6    43    25     434    (-,-) 
  u_packed_mxfp_aitb_comp_top_g44304/Y                                          -       B->Y    R     NOR2xp33_ASAP7_75t_L           1  0.8    41    27     461    (-,-) 
  u_packed_mxfp_aitb_comp_top_g44210/Y                                          -       B->Y    F     AOI21xp5_ASAP7_75t_SL          1  1.8    38    22     482    (-,-) 
  u_packed_mxfp_aitb_comp_top_g44133/Y                                          -       B->Y    F     XOR2x1_ASAP7_75t_SL            2  2.0    31    31     514    (-,-) 
  u_packed_mxfp_aitb_comp_top_addinc_FP32_ALU_col1_fracAdder_add_113_18_g1656/Y -       B->Y    R     NOR2x1_ASAP7_75t_L             3  2.6    42    25     539    (-,-) 
  u_packed_mxfp_aitb_comp_top_addinc_FP32_ALU_col1_fracAdder_add_113_18_g1546/Y -       A->Y    F     NOR2x1_ASAP7_75t_L             2  2.5    34    27     566    (-,-) 
  u_packed_mxfp_aitb_comp_top_addinc_FP32_ALU_col1_fracAdder_add_113_18_g1476/Y -       A->Y    R     NAND2x1p5_ASAP7_75t_SL         2  1.7    26    18     584    (-,-) 
  u_packed_mxfp_aitb_comp_top_addinc_FP32_ALU_col1_fracAdder_add_113_18_g1464/Y -       A->Y    F     INVx1_ASAP7_75t_L              1  1.3    18    14     598    (-,-) 
  u_packed_mxfp_aitb_comp_top_addinc_FP32_ALU_col1_fracAdder_add_113_18_g1456/Y -       A->Y    F     AND2x4_ASAP7_75t_SL            4  4.1    14    23     621    (-,-) 
  u_packed_mxfp_aitb_comp_top_addinc_FP32_ALU_col1_fracAdder_add_113_18_g1451/Y -       A->Y    R     INVx2_ASAP7_75t_SL             1  1.3    11     8     629    (-,-) 
  u_packed_mxfp_aitb_comp_top_addinc_FP32_ALU_col1_fracAdder_add_113_18_g1431/Y -       B->Y    F     NOR2x1_ASAP7_75t_SL            1  1.4    27    11     640    (-,-) 
  u_packed_mxfp_aitb_comp_top_addinc_FP32_ALU_col1_fracAdder_add_113_18_g1379/Y -       A1->Y   R     AOI21x1_ASAP7_75t_SL           1  1.8    32    16     657    (-,-) 
  u_packed_mxfp_aitb_comp_top_addinc_FP32_ALU_col1_fracAdder_add_113_18_g1366/Y -       B->Y    R     XOR2x1_ASAP7_75t_SL            2  2.3    36    26     683    (-,-) 
  u_packed_mxfp_aitb_comp_top_g42644/Y                                          -       B->Y    F     NOR4xp75_ASAP7_75t_SL          1  1.2    30    12     695    (-,-) 
  u_packed_mxfp_aitb_comp_top_g41896/Y                                          -       B->Y    F     AND3x4_ASAP7_75t_SL            9  9.9    28    39     734    (-,-) 
  u_packed_mxfp_aitb_comp_top_g41856/Y                                          -       A2->Y   R     AOI21x1_ASAP7_75t_SL           2  2.6    43    21     754    (-,-) 
  u_packed_mxfp_aitb_comp_top_g41829/Y                                          -       C->Y    F     NAND4xp75_ASAP7_75t_SL         1  2.3    39    20     774    (-,-) 
  u_packed_mxfp_aitb_comp_top_g41816/Y                                          -       B->Y    R     NOR2x2_ASAP7_75t_SL            5  4.5    36    21     795    (-,-) 
  u_packed_mxfp_aitb_comp_top_g41797/Y                                          -       A2->Y   F     AOI21xp5_ASAP7_75t_SL          1  0.8    23    12     807    (-,-) 
  u_packed_mxfp_aitb_comp_top_g41778/Y                                          -       A->Y    F     AND2x2_ASAP7_75t_SL            1  1.3    12    23     830    (-,-) 
  u_packed_mxfp_aitb_comp_top_g41776/Y                                          -       A->Y    F     AND2x4_ASAP7_75t_SL            4  5.0    15    22     853    (-,-) 
  u_packed_mxfp_aitb_comp_top_g41763/Y                                          -       A2->Y   R     AOI21x1_ASAP7_75t_SL           2  2.1    35    17     869    (-,-) 
  u_packed_mxfp_aitb_comp_top_g41760/Y                                          -       A->Y    F     INVx1_ASAP7_75t_SL             1  1.4    20    12     882    (-,-) 
  u_packed_mxfp_aitb_comp_top_g41736/Y                                          -       B->Y    R     AOI21x1_ASAP7_75t_SL           2  1.8    31    18     899    (-,-) 
  u_packed_mxfp_aitb_comp_top_g41722/Y                                          -       B->Y    F     NAND2x1_ASAP7_75t_SL           1  1.3    19    11     910    (-,-) 
  u_packed_mxfp_aitb_comp_top_g41709/Y                                          -       A2->Y   R     AOI21x1_ASAP7_75t_SL           5  4.4    54    26     936    (-,-) 
  u_packed_mxfp_aitb_comp_top_g41708/Y                                          -       A->Y    F     INVxp67_ASAP7_75t_SL           1  1.3    29    17     953    (-,-) 
  u_packed_mxfp_aitb_comp_top_g41690/Y                                          -       B->Y    R     NAND2x1_ASAP7_75t_SL           1  1.3    29    17     970    (-,-) 
  u_packed_mxfp_aitb_comp_top_g41603/Y                                          -       B->Y    R     AND2x4_ASAP7_75t_SL           14 12.2    36    32    1002    (-,-) 
  u_packed_mxfp_aitb_comp_top_g41574/Y                                          -       A->Y    F     INVx4_ASAP7_75t_SL             3  2.4    14     8    1010    (-,-) 
  u_packed_mxfp_aitb_comp_top_g41392/Y                                          -       B2->Y   F     AO22x2_ASAP7_75t_SL            2  2.7    20    28    1038    (-,-) 
  u_packed_mxfp_aitb_comp_top_g41368/Y                                          -       A->Y    R     INVx2_ASAP7_75t_SL             1  1.3    13     9    1047    (-,-) 
  u_packed_mxfp_aitb_comp_top_g41239/Y                                          -       B1->Y   F     OAI22x1_ASAP7_75t_SL           3  2.9    33    16    1063    (-,-) 
  u_packed_mxfp_aitb_comp_top_g41022/Y                                          -       A2->Y   R     AOI222xp33_ASAP7_75t_SL        1  0.9    52    28    1091    (-,-) 
  u_packed_mxfp_aitb_comp_top_g40916/Y                                          -       B->Y    F     OAI21xp5_ASAP7_75t_SL          2  2.3    44    24    1115    (-,-) 
  u_packed_mxfp_aitb_comp_top_g40800/Y                                          -       A->Y    R     NAND2x1p5_ASAP7_75t_SL         1  1.8    29    20    1135    (-,-) 
  u_packed_mxfp_aitb_comp_top_g40753/Y                                          -       C->Y    F     NOR4xp75_ASAP7_75t_SL          1  1.5    25    13    1148    (-,-) 
  u_packed_mxfp_aitb_comp_top_g40742/Y                                          -       B->Y    R     NAND3x1_ASAP7_75t_SL           2  1.3    31    20    1168    (-,-) 
  u_packed_mxfp_aitb_comp_top_g40713/Y                                          -       B->Y    R     OR2x2_ASAP7_75t_SL             3  3.9    25    28    1196    (-,-) 
  u_packed_mxfp_aitb_comp_top_g40675/Y                                          -       B->Y    F     NOR2x1p5_ASAP7_75t_SL          2  2.4    26    13    1210    (-,-) 
  u_packed_mxfp_aitb_comp_top_g40620/Y                                          -       A->Y    R     NAND2x1p5_ASAP7_75t_SL         3  2.6    30    19    1228    (-,-) 
  u_packed_mxfp_aitb_comp_top_g40603/Y                                          -       A->Y    R     BUFx3_ASAP7_75t_SL             2  2.7    15    21    1250    (-,-) 
  u_packed_mxfp_aitb_comp_top_g40602/Y                                          -       A->Y    F     INVx2_ASAP7_75t_SL             1  1.8    11     8    1257    (-,-) 
  u_packed_mxfp_aitb_comp_top_g40579/Y                                          -       B->Y    R     NAND2x1p5_ASAP7_75t_SL         1  1.4    22    10    1268    (-,-) 
  u_packed_mxfp_aitb_comp_top_g40544/Y                                          -       A1->Y   F     OAI22x1_ASAP7_75t_SL           2  2.1    35    16    1283    (-,-) 
  u_packed_mxfp_aitb_comp_top_g40517/Y                                          -       B->Y    R     NAND3x1_ASAP7_75t_SL           1  0.8    35    20    1304    (-,-) 
  u_packed_mxfp_aitb_comp_top_g40512/Y                                          -       A->Y    F     NOR3xp33_ASAP7_75t_SL          1  0.8    26    14    1317    (-,-) 
  u_packed_mxfp_aitb_comp_top_g40511/Y                                          -       A->Y    R     NAND2xp5_ASAP7_75t_SL          1  1.3    30    19    1337    (-,-) 
  u_packed_mxfp_aitb_comp_top_g40507/Y                                          -       A2->Y   F     AOI21x1_ASAP7_75t_SL           1  1.5    34    11    1348    (-,-) 
  fopt6/Y                                                                       -       A->Y    F     BUFx6f_ASAP7_75t_SL            6 11.0    20    27    1375    (-,-) 
  fopt125193/Y                                                                  -       A->Y    R     INVx1_ASAP7_75t_SL             3  2.2    28    17    1392    (-,-) 
  u_packed_mxfp_aitb_comp_top_g40465/Y                                          -       B->Y    F     OAI21xp5_ASAP7_75t_SL          1  0.9    27    13    1405    (-,-) 
  u_packed_mxfp_aitb_comp_top_PIPE_OUT_col1_stage_reg_reg[0][14]/D              -       -       F     ASYNC_DFFHx1_ASAP7_75t_SL      1    -     -     0    1405    (-,-) 
#------------------------------------------------------------------------------------------------------------------------------------------------------------------------



Path 25: VIOLATED (-522 ps) Setup Check with Pin u_packed_mxfp_aitb_comp_top_PIPE_OUT_col1_stage_reg_reg[0][10]/CLK->D
           View: PVT_0P63V_100C.setup_view
          Group: clk
     Startpoint: (R) u_packed_mxfp_aitb_comp_top_PIPE_OUT_col2_stage_reg_reg[0][6]/CLK
          Clock: (R) clk
       Endpoint: (F) u_packed_mxfp_aitb_comp_top_PIPE_OUT_col1_stage_reg_reg[0][10]/D
          Clock: (R) clk

                     Capture       Launch     
        Clock Edge:+    1000            0     
       Src Latency:+       0            0     
       Net Latency:+       0 (I)        0 (I) 
           Arrival:=    1000            0     
                                              
             Setup:-      17                  
       Uncertainty:-     100                  
     Required Time:=     883                  
      Launch Clock:-       0                  
         Data Path:-    1405                  
             Slack:=    -522                  

#------------------------------------------------------------------------------------------------------------------------------------------------------------------------
#                                 Timing Point                                  Flags    Arc    Edge           Cell             Fanout Load Trans Delay Arrival Instance 
#                                                                                                                                      (fF)  (ps)  (ps)   (ps)  Location 
#------------------------------------------------------------------------------------------------------------------------------------------------------------------------
  u_packed_mxfp_aitb_comp_top_PIPE_OUT_col2_stage_reg_reg[0][6]/CLK             -       -       R     (arrival)                   1219    -     0     0       0    (-,-) 
  u_packed_mxfp_aitb_comp_top_PIPE_OUT_col2_stage_reg_reg[0][6]/QN              -       CLK->QN F     ASYNC_DFFHx1_ASAP7_75t_SL      3  3.6    31    49      49    (-,-) 
  u_packed_mxfp_aitb_comp_top_g46030/Y                                          -       B2->Y   R     AOI22x1_ASAP7_75t_SL           4  3.2    67    25      74    (-,-) 
  u_packed_mxfp_aitb_comp_top_g45537/Y                                          -       B1->Y   F     OAI22x1_ASAP7_75t_SL           2  1.4    32    14      88    (-,-) 
  u_packed_mxfp_aitb_comp_top_g45418/Y                                          -       A->Y    R     NOR3xp33_ASAP7_75t_SL          1  0.8    40    23     111    (-,-) 
  u_packed_mxfp_aitb_comp_top_g45317/Y                                          -       C->Y    F     A2O1A1Ixp33_ASAP7_75t_SL       1  0.8    35    20     131    (-,-) 
  u_packed_mxfp_aitb_comp_top_g45191/Y                                          -       A1->Y   R     AOI21xp5_ASAP7_75t_SL          1  0.9    32    17     148    (-,-) 
  u_packed_mxfp_aitb_comp_top_g45163/Y                                          -       A2->Y   F     OAI21xp5_ASAP7_75t_SL          1  1.3    28    17     166    (-,-) 
  u_packed_mxfp_aitb_comp_top_g45157/Y                                          -       B->Y    F     AND2x4_ASAP7_75t_SL            3  6.4    18    27     192    (-,-) 
  u_packed_mxfp_aitb_comp_top_g45153/Y                                          -       A->Y    F     BUFx12f_ASAP7_75t_SL          11 13.4    16    22     214    (-,-) 
  u_packed_mxfp_aitb_comp_top_g45151/Y                                          -       A->Y    R     INVx8_ASAP7_75t_SL            10  9.6    17    12     225    (-,-) 
  u_packed_mxfp_aitb_comp_top_g44869/Y                                          -       A2->Y   R     OA22x2_ASAP7_75t_SL            2  1.9    18    24     249    (-,-) 
  u_packed_mxfp_aitb_comp_top_g44784/Y                                          -       B->Y    R     AND2x4_ASAP7_75t_SL            3  5.0    18    22     271    (-,-) 
  u_packed_mxfp_aitb_comp_top_g44705/Y                                          -       C->Y    F     NAND4xp75_ASAP7_75t_L          1  0.9    27    18     289    (-,-) 
  u_packed_mxfp_aitb_comp_top_g44611/Y                                          -       A1->Y   R     OAI21xp5_ASAP7_75t_SL          2  2.0    48    25     315    (-,-) 
  u_packed_mxfp_aitb_comp_top_g44497/Y                                          -       B->Y    R     AND2x4_ASAP7_75t_SL           12 10.2    32    32     347    (-,-) 
  u_packed_mxfp_aitb_comp_top_g44445/Y                                          -       B->Y    R     AND2x4_ASAP7_75t_SL            8  8.7    28    29     375    (-,-) 
  u_packed_mxfp_aitb_comp_top_g44400/Y                                          -       B->Y    R     AND2x2_ASAP7_75t_SL            9  6.2    37    33     408    (-,-) 
  u_packed_mxfp_aitb_comp_top_g44357/Y                                          -       B->Y    F     NAND2xp5_ASAP7_75t_SL          4  2.6    43    25     434    (-,-) 
  u_packed_mxfp_aitb_comp_top_g44304/Y                                          -       B->Y    R     NOR2xp33_ASAP7_75t_L           1  0.8    41    27     461    (-,-) 
  u_packed_mxfp_aitb_comp_top_g44210/Y                                          -       B->Y    F     AOI21xp5_ASAP7_75t_SL          1  1.8    38    22     482    (-,-) 
  u_packed_mxfp_aitb_comp_top_g44133/Y                                          -       B->Y    F     XOR2x1_ASAP7_75t_SL            2  2.0    31    31     514    (-,-) 
  u_packed_mxfp_aitb_comp_top_addinc_FP32_ALU_col1_fracAdder_add_113_18_g1656/Y -       B->Y    R     NOR2x1_ASAP7_75t_L             3  2.6    42    25     539    (-,-) 
  u_packed_mxfp_aitb_comp_top_addinc_FP32_ALU_col1_fracAdder_add_113_18_g1546/Y -       A->Y    F     NOR2x1_ASAP7_75t_L             2  2.5    34    27     566    (-,-) 
  u_packed_mxfp_aitb_comp_top_addinc_FP32_ALU_col1_fracAdder_add_113_18_g1476/Y -       A->Y    R     NAND2x1p5_ASAP7_75t_SL         2  1.7    26    18     584    (-,-) 
  u_packed_mxfp_aitb_comp_top_addinc_FP32_ALU_col1_fracAdder_add_113_18_g1464/Y -       A->Y    F     INVx1_ASAP7_75t_L              1  1.3    18    14     598    (-,-) 
  u_packed_mxfp_aitb_comp_top_addinc_FP32_ALU_col1_fracAdder_add_113_18_g1456/Y -       A->Y    F     AND2x4_ASAP7_75t_SL            4  4.1    14    23     621    (-,-) 
  u_packed_mxfp_aitb_comp_top_addinc_FP32_ALU_col1_fracAdder_add_113_18_g1451/Y -       A->Y    R     INVx2_ASAP7_75t_SL             1  1.3    11     8     629    (-,-) 
  u_packed_mxfp_aitb_comp_top_addinc_FP32_ALU_col1_fracAdder_add_113_18_g1431/Y -       B->Y    F     NOR2x1_ASAP7_75t_SL            1  1.4    27    11     640    (-,-) 
  u_packed_mxfp_aitb_comp_top_addinc_FP32_ALU_col1_fracAdder_add_113_18_g1379/Y -       A1->Y   R     AOI21x1_ASAP7_75t_SL           1  1.8    32    16     657    (-,-) 
  u_packed_mxfp_aitb_comp_top_addinc_FP32_ALU_col1_fracAdder_add_113_18_g1366/Y -       B->Y    R     XOR2x1_ASAP7_75t_SL            2  2.3    36    26     683    (-,-) 
  u_packed_mxfp_aitb_comp_top_g42644/Y                                          -       B->Y    F     NOR4xp75_ASAP7_75t_SL          1  1.2    30    12     695    (-,-) 
  u_packed_mxfp_aitb_comp_top_g41896/Y                                          -       B->Y    F     AND3x4_ASAP7_75t_SL            9  9.9    28    39     734    (-,-) 
  u_packed_mxfp_aitb_comp_top_g41856/Y                                          -       A2->Y   R     AOI21x1_ASAP7_75t_SL           2  2.6    43    21     754    (-,-) 
  u_packed_mxfp_aitb_comp_top_g41829/Y                                          -       C->Y    F     NAND4xp75_ASAP7_75t_SL         1  2.3    39    20     774    (-,-) 
  u_packed_mxfp_aitb_comp_top_g41816/Y                                          -       B->Y    R     NOR2x2_ASAP7_75t_SL            5  4.5    36    21     795    (-,-) 
  u_packed_mxfp_aitb_comp_top_g41797/Y                                          -       A2->Y   F     AOI21xp5_ASAP7_75t_SL          1  0.8    23    12     807    (-,-) 
  u_packed_mxfp_aitb_comp_top_g41778/Y                                          -       A->Y    F     AND2x2_ASAP7_75t_SL            1  1.3    12    23     830    (-,-) 
  u_packed_mxfp_aitb_comp_top_g41776/Y                                          -       A->Y    F     AND2x4_ASAP7_75t_SL            4  5.0    15    22     853    (-,-) 
  u_packed_mxfp_aitb_comp_top_g41763/Y                                          -       A2->Y   R     AOI21x1_ASAP7_75t_SL           2  2.1    35    17     869    (-,-) 
  u_packed_mxfp_aitb_comp_top_g41760/Y                                          -       A->Y    F     INVx1_ASAP7_75t_SL             1  1.4    20    12     882    (-,-) 
  u_packed_mxfp_aitb_comp_top_g41736/Y                                          -       B->Y    R     AOI21x1_ASAP7_75t_SL           2  1.8    31    18     899    (-,-) 
  u_packed_mxfp_aitb_comp_top_g41722/Y                                          -       B->Y    F     NAND2x1_ASAP7_75t_SL           1  1.3    19    11     910    (-,-) 
  u_packed_mxfp_aitb_comp_top_g41709/Y                                          -       A2->Y   R     AOI21x1_ASAP7_75t_SL           5  4.4    54    26     936    (-,-) 
  u_packed_mxfp_aitb_comp_top_g41708/Y                                          -       A->Y    F     INVxp67_ASAP7_75t_SL           1  1.3    29    17     953    (-,-) 
  u_packed_mxfp_aitb_comp_top_g41690/Y                                          -       B->Y    R     NAND2x1_ASAP7_75t_SL           1  1.3    29    17     970    (-,-) 
  u_packed_mxfp_aitb_comp_top_g41603/Y                                          -       B->Y    R     AND2x4_ASAP7_75t_SL           14 12.2    36    32    1002    (-,-) 
  u_packed_mxfp_aitb_comp_top_g41574/Y                                          -       A->Y    F     INVx4_ASAP7_75t_SL             3  2.4    14     8    1010    (-,-) 
  u_packed_mxfp_aitb_comp_top_g41392/Y                                          -       B2->Y   F     AO22x2_ASAP7_75t_SL            2  2.7    20    28    1038    (-,-) 
  u_packed_mxfp_aitb_comp_top_g41368/Y                                          -       A->Y    R     INVx2_ASAP7_75t_SL             1  1.3    13     9    1047    (-,-) 
  u_packed_mxfp_aitb_comp_top_g41239/Y                                          -       B1->Y   F     OAI22x1_ASAP7_75t_SL           3  2.9    33    16    1063    (-,-) 
  u_packed_mxfp_aitb_comp_top_g41022/Y                                          -       A2->Y   R     AOI222xp33_ASAP7_75t_SL        1  0.9    52    28    1091    (-,-) 
  u_packed_mxfp_aitb_comp_top_g40916/Y                                          -       B->Y    F     OAI21xp5_ASAP7_75t_SL          2  2.3    44    24    1115    (-,-) 
  u_packed_mxfp_aitb_comp_top_g40800/Y                                          -       A->Y    R     NAND2x1p5_ASAP7_75t_SL         1  1.8    29    20    1135    (-,-) 
  u_packed_mxfp_aitb_comp_top_g40753/Y                                          -       C->Y    F     NOR4xp75_ASAP7_75t_SL          1  1.5    25    13    1148    (-,-) 
  u_packed_mxfp_aitb_comp_top_g40742/Y                                          -       B->Y    R     NAND3x1_ASAP7_75t_SL           2  1.3    31    20    1168    (-,-) 
  u_packed_mxfp_aitb_comp_top_g40713/Y                                          -       B->Y    R     OR2x2_ASAP7_75t_SL             3  3.9    25    28    1196    (-,-) 
  u_packed_mxfp_aitb_comp_top_g40675/Y                                          -       B->Y    F     NOR2x1p5_ASAP7_75t_SL          2  2.4    26    13    1210    (-,-) 
  u_packed_mxfp_aitb_comp_top_g40620/Y                                          -       A->Y    R     NAND2x1p5_ASAP7_75t_SL         3  2.6    30    19    1228    (-,-) 
  u_packed_mxfp_aitb_comp_top_g40603/Y                                          -       A->Y    R     BUFx3_ASAP7_75t_SL             2  2.7    15    21    1250    (-,-) 
  u_packed_mxfp_aitb_comp_top_g40602/Y                                          -       A->Y    F     INVx2_ASAP7_75t_SL             1  1.8    11     8    1257    (-,-) 
  u_packed_mxfp_aitb_comp_top_g40579/Y                                          -       B->Y    R     NAND2x1p5_ASAP7_75t_SL         1  1.4    22    10    1268    (-,-) 
  u_packed_mxfp_aitb_comp_top_g40544/Y                                          -       A1->Y   F     OAI22x1_ASAP7_75t_SL           2  2.1    35    16    1283    (-,-) 
  u_packed_mxfp_aitb_comp_top_g40517/Y                                          -       B->Y    R     NAND3x1_ASAP7_75t_SL           1  0.8    35    20    1304    (-,-) 
  u_packed_mxfp_aitb_comp_top_g40512/Y                                          -       A->Y    F     NOR3xp33_ASAP7_75t_SL          1  0.8    26    14    1317    (-,-) 
  u_packed_mxfp_aitb_comp_top_g40511/Y                                          -       A->Y    R     NAND2xp5_ASAP7_75t_SL          1  1.3    30    19    1337    (-,-) 
  u_packed_mxfp_aitb_comp_top_g40507/Y                                          -       A2->Y   F     AOI21x1_ASAP7_75t_SL           1  1.5    34    11    1348    (-,-) 
  fopt6/Y                                                                       -       A->Y    F     BUFx6f_ASAP7_75t_SL            6 11.0    20    27    1375    (-,-) 
  fopt125193/Y                                                                  -       A->Y    R     INVx1_ASAP7_75t_SL             3  2.2    28    17    1392    (-,-) 
  u_packed_mxfp_aitb_comp_top_g40482/Y                                          -       B->Y    F     NAND2xp5_ASAP7_75t_SL          1  0.9    21    13    1405    (-,-) 
  u_packed_mxfp_aitb_comp_top_PIPE_OUT_col1_stage_reg_reg[0][10]/D              -       -       F     ASYNC_DFFHx1_ASAP7_75t_SL      1    -     -     0    1405    (-,-) 
#------------------------------------------------------------------------------------------------------------------------------------------------------------------------



Path 26: VIOLATED (-522 ps) Setup Check with Pin u_packed_mxfp_aitb_comp_top_PIPE_OUT_col1_stage_reg_reg[0][1]/CLK->D
           View: PVT_0P63V_100C.setup_view
          Group: clk
     Startpoint: (R) u_packed_mxfp_aitb_comp_top_PIPE_OUT_col2_stage_reg_reg[0][6]/CLK
          Clock: (R) clk
       Endpoint: (F) u_packed_mxfp_aitb_comp_top_PIPE_OUT_col1_stage_reg_reg[0][1]/D
          Clock: (R) clk

                     Capture       Launch     
        Clock Edge:+    1000            0     
       Src Latency:+       0            0     
       Net Latency:+       0 (I)        0 (I) 
           Arrival:=    1000            0     
                                              
             Setup:-      17                  
       Uncertainty:-     100                  
     Required Time:=     883                  
      Launch Clock:-       0                  
         Data Path:-    1405                  
             Slack:=    -522                  

#------------------------------------------------------------------------------------------------------------------------------------------------------------------------
#                                 Timing Point                                  Flags    Arc    Edge           Cell             Fanout Load Trans Delay Arrival Instance 
#                                                                                                                                      (fF)  (ps)  (ps)   (ps)  Location 
#------------------------------------------------------------------------------------------------------------------------------------------------------------------------
  u_packed_mxfp_aitb_comp_top_PIPE_OUT_col2_stage_reg_reg[0][6]/CLK             -       -       R     (arrival)                   1219    -     0     0       0    (-,-) 
  u_packed_mxfp_aitb_comp_top_PIPE_OUT_col2_stage_reg_reg[0][6]/QN              -       CLK->QN F     ASYNC_DFFHx1_ASAP7_75t_SL      3  3.6    31    49      49    (-,-) 
  u_packed_mxfp_aitb_comp_top_g46030/Y                                          -       B2->Y   R     AOI22x1_ASAP7_75t_SL           4  3.2    67    25      74    (-,-) 
  u_packed_mxfp_aitb_comp_top_g45537/Y                                          -       B1->Y   F     OAI22x1_ASAP7_75t_SL           2  1.4    32    14      88    (-,-) 
  u_packed_mxfp_aitb_comp_top_g45418/Y                                          -       A->Y    R     NOR3xp33_ASAP7_75t_SL          1  0.8    40    23     111    (-,-) 
  u_packed_mxfp_aitb_comp_top_g45317/Y                                          -       C->Y    F     A2O1A1Ixp33_ASAP7_75t_SL       1  0.8    35    20     131    (-,-) 
  u_packed_mxfp_aitb_comp_top_g45191/Y                                          -       A1->Y   R     AOI21xp5_ASAP7_75t_SL          1  0.9    32    17     148    (-,-) 
  u_packed_mxfp_aitb_comp_top_g45163/Y                                          -       A2->Y   F     OAI21xp5_ASAP7_75t_SL          1  1.3    28    17     166    (-,-) 
  u_packed_mxfp_aitb_comp_top_g45157/Y                                          -       B->Y    F     AND2x4_ASAP7_75t_SL            3  6.4    18    27     192    (-,-) 
  u_packed_mxfp_aitb_comp_top_g45153/Y                                          -       A->Y    F     BUFx12f_ASAP7_75t_SL          11 13.4    16    22     214    (-,-) 
  u_packed_mxfp_aitb_comp_top_g45151/Y                                          -       A->Y    R     INVx8_ASAP7_75t_SL            10  9.6    17    12     225    (-,-) 
  u_packed_mxfp_aitb_comp_top_g44869/Y                                          -       A2->Y   R     OA22x2_ASAP7_75t_SL            2  1.9    18    24     249    (-,-) 
  u_packed_mxfp_aitb_comp_top_g44784/Y                                          -       B->Y    R     AND2x4_ASAP7_75t_SL            3  5.0    18    22     271    (-,-) 
  u_packed_mxfp_aitb_comp_top_g44705/Y                                          -       C->Y    F     NAND4xp75_ASAP7_75t_L          1  0.9    27    18     289    (-,-) 
  u_packed_mxfp_aitb_comp_top_g44611/Y                                          -       A1->Y   R     OAI21xp5_ASAP7_75t_SL          2  2.0    48    25     315    (-,-) 
  u_packed_mxfp_aitb_comp_top_g44497/Y                                          -       B->Y    R     AND2x4_ASAP7_75t_SL           12 10.2    32    32     347    (-,-) 
  u_packed_mxfp_aitb_comp_top_g44445/Y                                          -       B->Y    R     AND2x4_ASAP7_75t_SL            8  8.7    28    29     375    (-,-) 
  u_packed_mxfp_aitb_comp_top_g44400/Y                                          -       B->Y    R     AND2x2_ASAP7_75t_SL            9  6.2    37    33     408    (-,-) 
  u_packed_mxfp_aitb_comp_top_g44357/Y                                          -       B->Y    F     NAND2xp5_ASAP7_75t_SL          4  2.6    43    25     434    (-,-) 
  u_packed_mxfp_aitb_comp_top_g44304/Y                                          -       B->Y    R     NOR2xp33_ASAP7_75t_L           1  0.8    41    27     461    (-,-) 
  u_packed_mxfp_aitb_comp_top_g44210/Y                                          -       B->Y    F     AOI21xp5_ASAP7_75t_SL          1  1.8    38    22     482    (-,-) 
  u_packed_mxfp_aitb_comp_top_g44133/Y                                          -       B->Y    F     XOR2x1_ASAP7_75t_SL            2  2.0    31    31     514    (-,-) 
  u_packed_mxfp_aitb_comp_top_addinc_FP32_ALU_col1_fracAdder_add_113_18_g1656/Y -       B->Y    R     NOR2x1_ASAP7_75t_L             3  2.6    42    25     539    (-,-) 
  u_packed_mxfp_aitb_comp_top_addinc_FP32_ALU_col1_fracAdder_add_113_18_g1546/Y -       A->Y    F     NOR2x1_ASAP7_75t_L             2  2.5    34    27     566    (-,-) 
  u_packed_mxfp_aitb_comp_top_addinc_FP32_ALU_col1_fracAdder_add_113_18_g1476/Y -       A->Y    R     NAND2x1p5_ASAP7_75t_SL         2  1.7    26    18     584    (-,-) 
  u_packed_mxfp_aitb_comp_top_addinc_FP32_ALU_col1_fracAdder_add_113_18_g1464/Y -       A->Y    F     INVx1_ASAP7_75t_L              1  1.3    18    14     598    (-,-) 
  u_packed_mxfp_aitb_comp_top_addinc_FP32_ALU_col1_fracAdder_add_113_18_g1456/Y -       A->Y    F     AND2x4_ASAP7_75t_SL            4  4.1    14    23     621    (-,-) 
  u_packed_mxfp_aitb_comp_top_addinc_FP32_ALU_col1_fracAdder_add_113_18_g1451/Y -       A->Y    R     INVx2_ASAP7_75t_SL             1  1.3    11     8     629    (-,-) 
  u_packed_mxfp_aitb_comp_top_addinc_FP32_ALU_col1_fracAdder_add_113_18_g1431/Y -       B->Y    F     NOR2x1_ASAP7_75t_SL            1  1.4    27    11     640    (-,-) 
  u_packed_mxfp_aitb_comp_top_addinc_FP32_ALU_col1_fracAdder_add_113_18_g1379/Y -       A1->Y   R     AOI21x1_ASAP7_75t_SL           1  1.8    32    16     657    (-,-) 
  u_packed_mxfp_aitb_comp_top_addinc_FP32_ALU_col1_fracAdder_add_113_18_g1366/Y -       B->Y    R     XOR2x1_ASAP7_75t_SL            2  2.3    36    26     683    (-,-) 
  u_packed_mxfp_aitb_comp_top_g42644/Y                                          -       B->Y    F     NOR4xp75_ASAP7_75t_SL          1  1.2    30    12     695    (-,-) 
  u_packed_mxfp_aitb_comp_top_g41896/Y                                          -       B->Y    F     AND3x4_ASAP7_75t_SL            9  9.9    28    39     734    (-,-) 
  u_packed_mxfp_aitb_comp_top_g41856/Y                                          -       A2->Y   R     AOI21x1_ASAP7_75t_SL           2  2.6    43    21     754    (-,-) 
  u_packed_mxfp_aitb_comp_top_g41829/Y                                          -       C->Y    F     NAND4xp75_ASAP7_75t_SL         1  2.3    39    20     774    (-,-) 
  u_packed_mxfp_aitb_comp_top_g41816/Y                                          -       B->Y    R     NOR2x2_ASAP7_75t_SL            5  4.5    36    21     795    (-,-) 
  u_packed_mxfp_aitb_comp_top_g41797/Y                                          -       A2->Y   F     AOI21xp5_ASAP7_75t_SL          1  0.8    23    12     807    (-,-) 
  u_packed_mxfp_aitb_comp_top_g41778/Y                                          -       A->Y    F     AND2x2_ASAP7_75t_SL            1  1.3    12    23     830    (-,-) 
  u_packed_mxfp_aitb_comp_top_g41776/Y                                          -       A->Y    F     AND2x4_ASAP7_75t_SL            4  5.0    15    22     853    (-,-) 
  u_packed_mxfp_aitb_comp_top_g41763/Y                                          -       A2->Y   R     AOI21x1_ASAP7_75t_SL           2  2.1    35    17     869    (-,-) 
  u_packed_mxfp_aitb_comp_top_g41760/Y                                          -       A->Y    F     INVx1_ASAP7_75t_SL             1  1.4    20    12     882    (-,-) 
  u_packed_mxfp_aitb_comp_top_g41736/Y                                          -       B->Y    R     AOI21x1_ASAP7_75t_SL           2  1.8    31    18     899    (-,-) 
  u_packed_mxfp_aitb_comp_top_g41722/Y                                          -       B->Y    F     NAND2x1_ASAP7_75t_SL           1  1.3    19    11     910    (-,-) 
  u_packed_mxfp_aitb_comp_top_g41709/Y                                          -       A2->Y   R     AOI21x1_ASAP7_75t_SL           5  4.4    54    26     936    (-,-) 
  u_packed_mxfp_aitb_comp_top_g41708/Y                                          -       A->Y    F     INVxp67_ASAP7_75t_SL           1  1.3    29    17     953    (-,-) 
  u_packed_mxfp_aitb_comp_top_g41690/Y                                          -       B->Y    R     NAND2x1_ASAP7_75t_SL           1  1.3    29    17     970    (-,-) 
  u_packed_mxfp_aitb_comp_top_g41603/Y                                          -       B->Y    R     AND2x4_ASAP7_75t_SL           14 12.2    36    32    1002    (-,-) 
  u_packed_mxfp_aitb_comp_top_g41574/Y                                          -       A->Y    F     INVx4_ASAP7_75t_SL             3  2.4    14     8    1010    (-,-) 
  u_packed_mxfp_aitb_comp_top_g41392/Y                                          -       B2->Y   F     AO22x2_ASAP7_75t_SL            2  2.7    20    28    1038    (-,-) 
  u_packed_mxfp_aitb_comp_top_g41368/Y                                          -       A->Y    R     INVx2_ASAP7_75t_SL             1  1.3    13     9    1047    (-,-) 
  u_packed_mxfp_aitb_comp_top_g41239/Y                                          -       B1->Y   F     OAI22x1_ASAP7_75t_SL           3  2.9    33    16    1063    (-,-) 
  u_packed_mxfp_aitb_comp_top_g41022/Y                                          -       A2->Y   R     AOI222xp33_ASAP7_75t_SL        1  0.9    52    28    1091    (-,-) 
  u_packed_mxfp_aitb_comp_top_g40916/Y                                          -       B->Y    F     OAI21xp5_ASAP7_75t_SL          2  2.3    44    24    1115    (-,-) 
  u_packed_mxfp_aitb_comp_top_g40800/Y                                          -       A->Y    R     NAND2x1p5_ASAP7_75t_SL         1  1.8    29    20    1135    (-,-) 
  u_packed_mxfp_aitb_comp_top_g40753/Y                                          -       C->Y    F     NOR4xp75_ASAP7_75t_SL          1  1.5    25    13    1148    (-,-) 
  u_packed_mxfp_aitb_comp_top_g40742/Y                                          -       B->Y    R     NAND3x1_ASAP7_75t_SL           2  1.3    31    20    1168    (-,-) 
  u_packed_mxfp_aitb_comp_top_g40713/Y                                          -       B->Y    R     OR2x2_ASAP7_75t_SL             3  3.9    25    28    1196    (-,-) 
  u_packed_mxfp_aitb_comp_top_g40675/Y                                          -       B->Y    F     NOR2x1p5_ASAP7_75t_SL          2  2.4    26    13    1210    (-,-) 
  u_packed_mxfp_aitb_comp_top_g40620/Y                                          -       A->Y    R     NAND2x1p5_ASAP7_75t_SL         3  2.6    30    19    1228    (-,-) 
  u_packed_mxfp_aitb_comp_top_g40603/Y                                          -       A->Y    R     BUFx3_ASAP7_75t_SL             2  2.7    15    21    1250    (-,-) 
  u_packed_mxfp_aitb_comp_top_g40602/Y                                          -       A->Y    F     INVx2_ASAP7_75t_SL             1  1.8    11     8    1257    (-,-) 
  u_packed_mxfp_aitb_comp_top_g40579/Y                                          -       B->Y    R     NAND2x1p5_ASAP7_75t_SL         1  1.4    22    10    1268    (-,-) 
  u_packed_mxfp_aitb_comp_top_g40544/Y                                          -       A1->Y   F     OAI22x1_ASAP7_75t_SL           2  2.1    35    16    1283    (-,-) 
  u_packed_mxfp_aitb_comp_top_g40517/Y                                          -       B->Y    R     NAND3x1_ASAP7_75t_SL           1  0.8    35    20    1304    (-,-) 
  u_packed_mxfp_aitb_comp_top_g40512/Y                                          -       A->Y    F     NOR3xp33_ASAP7_75t_SL          1  0.8    26    14    1317    (-,-) 
  u_packed_mxfp_aitb_comp_top_g40511/Y                                          -       A->Y    R     NAND2xp5_ASAP7_75t_SL          1  1.3    30    19    1337    (-,-) 
  u_packed_mxfp_aitb_comp_top_g40507/Y                                          -       A2->Y   F     AOI21x1_ASAP7_75t_SL           1  1.5    34    11    1348    (-,-) 
  fopt6/Y                                                                       -       A->Y    F     BUFx6f_ASAP7_75t_SL            6 11.0    20    27    1375    (-,-) 
  fopt125193/Y                                                                  -       A->Y    R     INVx1_ASAP7_75t_SL             3  2.2    28    17    1392    (-,-) 
  u_packed_mxfp_aitb_comp_top_g40477/Y                                          -       B->Y    F     NAND2xp5_ASAP7_75t_SL          1  0.9    21    13    1405    (-,-) 
  u_packed_mxfp_aitb_comp_top_PIPE_OUT_col1_stage_reg_reg[0][1]/D               -       -       F     ASYNC_DFFHx1_ASAP7_75t_SL      1    -     -     0    1405    (-,-) 
#------------------------------------------------------------------------------------------------------------------------------------------------------------------------



Path 27: VIOLATED (-522 ps) Setup Check with Pin u_packed_mxfp_aitb_comp_top_PIPE_OUT_col1_stage_reg_reg[0][21]/CLK->D
           View: PVT_0P63V_100C.setup_view
          Group: clk
     Startpoint: (R) u_packed_mxfp_aitb_comp_top_PIPE_OUT_col2_stage_reg_reg[0][6]/CLK
          Clock: (R) clk
       Endpoint: (F) u_packed_mxfp_aitb_comp_top_PIPE_OUT_col1_stage_reg_reg[0][21]/D
          Clock: (R) clk

                     Capture       Launch     
        Clock Edge:+    1000            0     
       Src Latency:+       0            0     
       Net Latency:+       0 (I)        0 (I) 
           Arrival:=    1000            0     
                                              
             Setup:-      18                  
       Uncertainty:-     100                  
     Required Time:=     882                  
      Launch Clock:-       0                  
         Data Path:-    1405                  
             Slack:=    -522                  

#------------------------------------------------------------------------------------------------------------------------------------------------------------------------
#                                 Timing Point                                  Flags    Arc    Edge           Cell             Fanout Load Trans Delay Arrival Instance 
#                                                                                                                                      (fF)  (ps)  (ps)   (ps)  Location 
#------------------------------------------------------------------------------------------------------------------------------------------------------------------------
  u_packed_mxfp_aitb_comp_top_PIPE_OUT_col2_stage_reg_reg[0][6]/CLK             -       -       R     (arrival)                   1219    -     0     0       0    (-,-) 
  u_packed_mxfp_aitb_comp_top_PIPE_OUT_col2_stage_reg_reg[0][6]/QN              -       CLK->QN F     ASYNC_DFFHx1_ASAP7_75t_SL      3  3.6    31    49      49    (-,-) 
  u_packed_mxfp_aitb_comp_top_g46030/Y                                          -       B2->Y   R     AOI22x1_ASAP7_75t_SL           4  3.2    67    25      74    (-,-) 
  u_packed_mxfp_aitb_comp_top_g45537/Y                                          -       B1->Y   F     OAI22x1_ASAP7_75t_SL           2  1.4    32    14      88    (-,-) 
  u_packed_mxfp_aitb_comp_top_g45418/Y                                          -       A->Y    R     NOR3xp33_ASAP7_75t_SL          1  0.8    40    23     111    (-,-) 
  u_packed_mxfp_aitb_comp_top_g45317/Y                                          -       C->Y    F     A2O1A1Ixp33_ASAP7_75t_SL       1  0.8    35    20     131    (-,-) 
  u_packed_mxfp_aitb_comp_top_g45191/Y                                          -       A1->Y   R     AOI21xp5_ASAP7_75t_SL          1  0.9    32    17     148    (-,-) 
  u_packed_mxfp_aitb_comp_top_g45163/Y                                          -       A2->Y   F     OAI21xp5_ASAP7_75t_SL          1  1.3    28    17     166    (-,-) 
  u_packed_mxfp_aitb_comp_top_g45157/Y                                          -       B->Y    F     AND2x4_ASAP7_75t_SL            3  6.4    18    27     192    (-,-) 
  u_packed_mxfp_aitb_comp_top_g45153/Y                                          -       A->Y    F     BUFx12f_ASAP7_75t_SL          11 13.4    16    22     214    (-,-) 
  u_packed_mxfp_aitb_comp_top_g45151/Y                                          -       A->Y    R     INVx8_ASAP7_75t_SL            10  9.6    17    12     225    (-,-) 
  u_packed_mxfp_aitb_comp_top_g44869/Y                                          -       A2->Y   R     OA22x2_ASAP7_75t_SL            2  1.9    18    24     249    (-,-) 
  u_packed_mxfp_aitb_comp_top_g44784/Y                                          -       B->Y    R     AND2x4_ASAP7_75t_SL            3  5.0    18    22     271    (-,-) 
  u_packed_mxfp_aitb_comp_top_g44705/Y                                          -       C->Y    F     NAND4xp75_ASAP7_75t_L          1  0.9    27    18     289    (-,-) 
  u_packed_mxfp_aitb_comp_top_g44611/Y                                          -       A1->Y   R     OAI21xp5_ASAP7_75t_SL          2  2.0    48    25     315    (-,-) 
  u_packed_mxfp_aitb_comp_top_g44497/Y                                          -       B->Y    R     AND2x4_ASAP7_75t_SL           12 10.2    32    32     347    (-,-) 
  u_packed_mxfp_aitb_comp_top_g44445/Y                                          -       B->Y    R     AND2x4_ASAP7_75t_SL            8  8.7    28    29     375    (-,-) 
  u_packed_mxfp_aitb_comp_top_g44400/Y                                          -       B->Y    R     AND2x2_ASAP7_75t_SL            9  6.2    37    33     408    (-,-) 
  u_packed_mxfp_aitb_comp_top_g44357/Y                                          -       B->Y    F     NAND2xp5_ASAP7_75t_SL          4  2.6    43    25     434    (-,-) 
  u_packed_mxfp_aitb_comp_top_g44304/Y                                          -       B->Y    R     NOR2xp33_ASAP7_75t_L           1  0.8    41    27     461    (-,-) 
  u_packed_mxfp_aitb_comp_top_g44210/Y                                          -       B->Y    F     AOI21xp5_ASAP7_75t_SL          1  1.8    38    22     482    (-,-) 
  u_packed_mxfp_aitb_comp_top_g44133/Y                                          -       B->Y    F     XOR2x1_ASAP7_75t_SL            2  2.0    31    31     514    (-,-) 
  u_packed_mxfp_aitb_comp_top_addinc_FP32_ALU_col1_fracAdder_add_113_18_g1656/Y -       B->Y    R     NOR2x1_ASAP7_75t_L             3  2.6    42    25     539    (-,-) 
  u_packed_mxfp_aitb_comp_top_addinc_FP32_ALU_col1_fracAdder_add_113_18_g1546/Y -       A->Y    F     NOR2x1_ASAP7_75t_L             2  2.5    34    27     566    (-,-) 
  u_packed_mxfp_aitb_comp_top_addinc_FP32_ALU_col1_fracAdder_add_113_18_g1476/Y -       A->Y    R     NAND2x1p5_ASAP7_75t_SL         2  1.7    26    18     584    (-,-) 
  u_packed_mxfp_aitb_comp_top_addinc_FP32_ALU_col1_fracAdder_add_113_18_g1464/Y -       A->Y    F     INVx1_ASAP7_75t_L              1  1.3    18    14     598    (-,-) 
  u_packed_mxfp_aitb_comp_top_addinc_FP32_ALU_col1_fracAdder_add_113_18_g1456/Y -       A->Y    F     AND2x4_ASAP7_75t_SL            4  4.1    14    23     621    (-,-) 
  u_packed_mxfp_aitb_comp_top_addinc_FP32_ALU_col1_fracAdder_add_113_18_g1451/Y -       A->Y    R     INVx2_ASAP7_75t_SL             1  1.3    11     8     629    (-,-) 
  u_packed_mxfp_aitb_comp_top_addinc_FP32_ALU_col1_fracAdder_add_113_18_g1431/Y -       B->Y    F     NOR2x1_ASAP7_75t_SL            1  1.4    27    11     640    (-,-) 
  u_packed_mxfp_aitb_comp_top_addinc_FP32_ALU_col1_fracAdder_add_113_18_g1379/Y -       A1->Y   R     AOI21x1_ASAP7_75t_SL           1  1.8    32    16     657    (-,-) 
  u_packed_mxfp_aitb_comp_top_addinc_FP32_ALU_col1_fracAdder_add_113_18_g1366/Y -       B->Y    R     XOR2x1_ASAP7_75t_SL            2  2.3    36    26     683    (-,-) 
  u_packed_mxfp_aitb_comp_top_g42644/Y                                          -       B->Y    F     NOR4xp75_ASAP7_75t_SL          1  1.2    30    12     695    (-,-) 
  u_packed_mxfp_aitb_comp_top_g41896/Y                                          -       B->Y    F     AND3x4_ASAP7_75t_SL            9  9.9    28    39     734    (-,-) 
  u_packed_mxfp_aitb_comp_top_g41856/Y                                          -       A2->Y   R     AOI21x1_ASAP7_75t_SL           2  2.6    43    21     754    (-,-) 
  u_packed_mxfp_aitb_comp_top_g41829/Y                                          -       C->Y    F     NAND4xp75_ASAP7_75t_SL         1  2.3    39    20     774    (-,-) 
  u_packed_mxfp_aitb_comp_top_g41816/Y                                          -       B->Y    R     NOR2x2_ASAP7_75t_SL            5  4.5    36    21     795    (-,-) 
  u_packed_mxfp_aitb_comp_top_g41797/Y                                          -       A2->Y   F     AOI21xp5_ASAP7_75t_SL          1  0.8    23    12     807    (-,-) 
  u_packed_mxfp_aitb_comp_top_g41778/Y                                          -       A->Y    F     AND2x2_ASAP7_75t_SL            1  1.3    12    23     830    (-,-) 
  u_packed_mxfp_aitb_comp_top_g41776/Y                                          -       A->Y    F     AND2x4_ASAP7_75t_SL            4  5.0    15    22     853    (-,-) 
  u_packed_mxfp_aitb_comp_top_g41763/Y                                          -       A2->Y   R     AOI21x1_ASAP7_75t_SL           2  2.1    35    17     869    (-,-) 
  u_packed_mxfp_aitb_comp_top_g41760/Y                                          -       A->Y    F     INVx1_ASAP7_75t_SL             1  1.4    20    12     882    (-,-) 
  u_packed_mxfp_aitb_comp_top_g41736/Y                                          -       B->Y    R     AOI21x1_ASAP7_75t_SL           2  1.8    31    18     899    (-,-) 
  u_packed_mxfp_aitb_comp_top_g41722/Y                                          -       B->Y    F     NAND2x1_ASAP7_75t_SL           1  1.3    19    11     910    (-,-) 
  u_packed_mxfp_aitb_comp_top_g41709/Y                                          -       A2->Y   R     AOI21x1_ASAP7_75t_SL           5  4.4    54    26     936    (-,-) 
  u_packed_mxfp_aitb_comp_top_g41708/Y                                          -       A->Y    F     INVxp67_ASAP7_75t_SL           1  1.3    29    17     953    (-,-) 
  u_packed_mxfp_aitb_comp_top_g41690/Y                                          -       B->Y    R     NAND2x1_ASAP7_75t_SL           1  1.3    29    17     970    (-,-) 
  u_packed_mxfp_aitb_comp_top_g41603/Y                                          -       B->Y    R     AND2x4_ASAP7_75t_SL           14 12.2    36    32    1002    (-,-) 
  u_packed_mxfp_aitb_comp_top_g41574/Y                                          -       A->Y    F     INVx4_ASAP7_75t_SL             3  2.4    14     8    1010    (-,-) 
  u_packed_mxfp_aitb_comp_top_g41392/Y                                          -       B2->Y   F     AO22x2_ASAP7_75t_SL            2  2.7    20    28    1038    (-,-) 
  u_packed_mxfp_aitb_comp_top_g41368/Y                                          -       A->Y    R     INVx2_ASAP7_75t_SL             1  1.3    13     9    1047    (-,-) 
  u_packed_mxfp_aitb_comp_top_g41239/Y                                          -       B1->Y   F     OAI22x1_ASAP7_75t_SL           3  2.9    33    16    1063    (-,-) 
  u_packed_mxfp_aitb_comp_top_g41022/Y                                          -       A2->Y   R     AOI222xp33_ASAP7_75t_SL        1  0.9    52    28    1091    (-,-) 
  u_packed_mxfp_aitb_comp_top_g40916/Y                                          -       B->Y    F     OAI21xp5_ASAP7_75t_SL          2  2.3    44    24    1115    (-,-) 
  u_packed_mxfp_aitb_comp_top_g40800/Y                                          -       A->Y    R     NAND2x1p5_ASAP7_75t_SL         1  1.8    29    20    1135    (-,-) 
  u_packed_mxfp_aitb_comp_top_g40753/Y                                          -       C->Y    F     NOR4xp75_ASAP7_75t_SL          1  1.5    25    13    1148    (-,-) 
  u_packed_mxfp_aitb_comp_top_g40742/Y                                          -       B->Y    R     NAND3x1_ASAP7_75t_SL           2  1.3    31    20    1168    (-,-) 
  u_packed_mxfp_aitb_comp_top_g40713/Y                                          -       B->Y    R     OR2x2_ASAP7_75t_SL             3  3.9    25    28    1196    (-,-) 
  u_packed_mxfp_aitb_comp_top_g40675/Y                                          -       B->Y    F     NOR2x1p5_ASAP7_75t_SL          2  2.4    26    13    1210    (-,-) 
  u_packed_mxfp_aitb_comp_top_g40620/Y                                          -       A->Y    R     NAND2x1p5_ASAP7_75t_SL         3  2.6    30    19    1228    (-,-) 
  u_packed_mxfp_aitb_comp_top_g40603/Y                                          -       A->Y    R     BUFx3_ASAP7_75t_SL             2  2.7    15    21    1250    (-,-) 
  u_packed_mxfp_aitb_comp_top_g40602/Y                                          -       A->Y    F     INVx2_ASAP7_75t_SL             1  1.8    11     8    1257    (-,-) 
  u_packed_mxfp_aitb_comp_top_g40579/Y                                          -       B->Y    R     NAND2x1p5_ASAP7_75t_SL         1  1.4    22    10    1268    (-,-) 
  u_packed_mxfp_aitb_comp_top_g40544/Y                                          -       A1->Y   F     OAI22x1_ASAP7_75t_SL           2  2.1    35    16    1283    (-,-) 
  u_packed_mxfp_aitb_comp_top_g40517/Y                                          -       B->Y    R     NAND3x1_ASAP7_75t_SL           1  0.8    35    20    1304    (-,-) 
  u_packed_mxfp_aitb_comp_top_g40512/Y                                          -       A->Y    F     NOR3xp33_ASAP7_75t_SL          1  0.8    26    14    1317    (-,-) 
  u_packed_mxfp_aitb_comp_top_g40511/Y                                          -       A->Y    R     NAND2xp5_ASAP7_75t_SL          1  1.3    30    19    1337    (-,-) 
  u_packed_mxfp_aitb_comp_top_g40507/Y                                          -       A2->Y   F     AOI21x1_ASAP7_75t_SL           1  1.5    34    11    1348    (-,-) 
  fopt6/Y                                                                       -       A->Y    F     BUFx6f_ASAP7_75t_SL            6 11.0    20    27    1375    (-,-) 
  fopt5/Y                                                                       -       A->Y    R     INVx4_ASAP7_75t_SL            12  8.4    26    16    1392    (-,-) 
  u_packed_mxfp_aitb_comp_top_g40485/Y                                          -       B->Y    F     OAI21xp5_ASAP7_75t_SL          1  0.9    28    13    1404    (-,-) 
  u_packed_mxfp_aitb_comp_top_PIPE_OUT_col1_stage_reg_reg[0][21]/D              -       -       F     ASYNC_DFFHx1_ASAP7_75t_SL      1    -     -     0    1405    (-,-) 
#------------------------------------------------------------------------------------------------------------------------------------------------------------------------



Path 28: VIOLATED (-522 ps) Setup Check with Pin u_packed_mxfp_aitb_comp_top_PIPE_OUT_col1_stage_reg_reg[0][13]/CLK->D
           View: PVT_0P63V_100C.setup_view
          Group: clk
     Startpoint: (R) u_packed_mxfp_aitb_comp_top_PIPE_OUT_col2_stage_reg_reg[0][6]/CLK
          Clock: (R) clk
       Endpoint: (F) u_packed_mxfp_aitb_comp_top_PIPE_OUT_col1_stage_reg_reg[0][13]/D
          Clock: (R) clk

                     Capture       Launch     
        Clock Edge:+    1000            0     
       Src Latency:+       0            0     
       Net Latency:+       0 (I)        0 (I) 
           Arrival:=    1000            0     
                                              
             Setup:-      18                  
       Uncertainty:-     100                  
     Required Time:=     882                  
      Launch Clock:-       0                  
         Data Path:-    1405                  
             Slack:=    -522                  

#------------------------------------------------------------------------------------------------------------------------------------------------------------------------
#                                 Timing Point                                  Flags    Arc    Edge           Cell             Fanout Load Trans Delay Arrival Instance 
#                                                                                                                                      (fF)  (ps)  (ps)   (ps)  Location 
#------------------------------------------------------------------------------------------------------------------------------------------------------------------------
  u_packed_mxfp_aitb_comp_top_PIPE_OUT_col2_stage_reg_reg[0][6]/CLK             -       -       R     (arrival)                   1219    -     0     0       0    (-,-) 
  u_packed_mxfp_aitb_comp_top_PIPE_OUT_col2_stage_reg_reg[0][6]/QN              -       CLK->QN F     ASYNC_DFFHx1_ASAP7_75t_SL      3  3.6    31    49      49    (-,-) 
  u_packed_mxfp_aitb_comp_top_g46030/Y                                          -       B2->Y   R     AOI22x1_ASAP7_75t_SL           4  3.2    67    25      74    (-,-) 
  u_packed_mxfp_aitb_comp_top_g45537/Y                                          -       B1->Y   F     OAI22x1_ASAP7_75t_SL           2  1.4    32    14      88    (-,-) 
  u_packed_mxfp_aitb_comp_top_g45418/Y                                          -       A->Y    R     NOR3xp33_ASAP7_75t_SL          1  0.8    40    23     111    (-,-) 
  u_packed_mxfp_aitb_comp_top_g45317/Y                                          -       C->Y    F     A2O1A1Ixp33_ASAP7_75t_SL       1  0.8    35    20     131    (-,-) 
  u_packed_mxfp_aitb_comp_top_g45191/Y                                          -       A1->Y   R     AOI21xp5_ASAP7_75t_SL          1  0.9    32    17     148    (-,-) 
  u_packed_mxfp_aitb_comp_top_g45163/Y                                          -       A2->Y   F     OAI21xp5_ASAP7_75t_SL          1  1.3    28    17     166    (-,-) 
  u_packed_mxfp_aitb_comp_top_g45157/Y                                          -       B->Y    F     AND2x4_ASAP7_75t_SL            3  6.4    18    27     192    (-,-) 
  u_packed_mxfp_aitb_comp_top_g45153/Y                                          -       A->Y    F     BUFx12f_ASAP7_75t_SL          11 13.4    16    22     214    (-,-) 
  u_packed_mxfp_aitb_comp_top_g45151/Y                                          -       A->Y    R     INVx8_ASAP7_75t_SL            10  9.6    17    12     225    (-,-) 
  u_packed_mxfp_aitb_comp_top_g44869/Y                                          -       A2->Y   R     OA22x2_ASAP7_75t_SL            2  1.9    18    24     249    (-,-) 
  u_packed_mxfp_aitb_comp_top_g44784/Y                                          -       B->Y    R     AND2x4_ASAP7_75t_SL            3  5.0    18    22     271    (-,-) 
  u_packed_mxfp_aitb_comp_top_g44705/Y                                          -       C->Y    F     NAND4xp75_ASAP7_75t_L          1  0.9    27    18     289    (-,-) 
  u_packed_mxfp_aitb_comp_top_g44611/Y                                          -       A1->Y   R     OAI21xp5_ASAP7_75t_SL          2  2.0    48    25     315    (-,-) 
  u_packed_mxfp_aitb_comp_top_g44497/Y                                          -       B->Y    R     AND2x4_ASAP7_75t_SL           12 10.2    32    32     347    (-,-) 
  u_packed_mxfp_aitb_comp_top_g44445/Y                                          -       B->Y    R     AND2x4_ASAP7_75t_SL            8  8.7    28    29     375    (-,-) 
  u_packed_mxfp_aitb_comp_top_g44400/Y                                          -       B->Y    R     AND2x2_ASAP7_75t_SL            9  6.2    37    33     408    (-,-) 
  u_packed_mxfp_aitb_comp_top_g44357/Y                                          -       B->Y    F     NAND2xp5_ASAP7_75t_SL          4  2.6    43    25     434    (-,-) 
  u_packed_mxfp_aitb_comp_top_g44304/Y                                          -       B->Y    R     NOR2xp33_ASAP7_75t_L           1  0.8    41    27     461    (-,-) 
  u_packed_mxfp_aitb_comp_top_g44210/Y                                          -       B->Y    F     AOI21xp5_ASAP7_75t_SL          1  1.8    38    22     482    (-,-) 
  u_packed_mxfp_aitb_comp_top_g44133/Y                                          -       B->Y    F     XOR2x1_ASAP7_75t_SL            2  2.0    31    31     514    (-,-) 
  u_packed_mxfp_aitb_comp_top_addinc_FP32_ALU_col1_fracAdder_add_113_18_g1656/Y -       B->Y    R     NOR2x1_ASAP7_75t_L             3  2.6    42    25     539    (-,-) 
  u_packed_mxfp_aitb_comp_top_addinc_FP32_ALU_col1_fracAdder_add_113_18_g1546/Y -       A->Y    F     NOR2x1_ASAP7_75t_L             2  2.5    34    27     566    (-,-) 
  u_packed_mxfp_aitb_comp_top_addinc_FP32_ALU_col1_fracAdder_add_113_18_g1476/Y -       A->Y    R     NAND2x1p5_ASAP7_75t_SL         2  1.7    26    18     584    (-,-) 
  u_packed_mxfp_aitb_comp_top_addinc_FP32_ALU_col1_fracAdder_add_113_18_g1464/Y -       A->Y    F     INVx1_ASAP7_75t_L              1  1.3    18    14     598    (-,-) 
  u_packed_mxfp_aitb_comp_top_addinc_FP32_ALU_col1_fracAdder_add_113_18_g1456/Y -       A->Y    F     AND2x4_ASAP7_75t_SL            4  4.1    14    23     621    (-,-) 
  u_packed_mxfp_aitb_comp_top_addinc_FP32_ALU_col1_fracAdder_add_113_18_g1451/Y -       A->Y    R     INVx2_ASAP7_75t_SL             1  1.3    11     8     629    (-,-) 
  u_packed_mxfp_aitb_comp_top_addinc_FP32_ALU_col1_fracAdder_add_113_18_g1431/Y -       B->Y    F     NOR2x1_ASAP7_75t_SL            1  1.4    27    11     640    (-,-) 
  u_packed_mxfp_aitb_comp_top_addinc_FP32_ALU_col1_fracAdder_add_113_18_g1379/Y -       A1->Y   R     AOI21x1_ASAP7_75t_SL           1  1.8    32    16     657    (-,-) 
  u_packed_mxfp_aitb_comp_top_addinc_FP32_ALU_col1_fracAdder_add_113_18_g1366/Y -       B->Y    R     XOR2x1_ASAP7_75t_SL            2  2.3    36    26     683    (-,-) 
  u_packed_mxfp_aitb_comp_top_g42644/Y                                          -       B->Y    F     NOR4xp75_ASAP7_75t_SL          1  1.2    30    12     695    (-,-) 
  u_packed_mxfp_aitb_comp_top_g41896/Y                                          -       B->Y    F     AND3x4_ASAP7_75t_SL            9  9.9    28    39     734    (-,-) 
  u_packed_mxfp_aitb_comp_top_g41856/Y                                          -       A2->Y   R     AOI21x1_ASAP7_75t_SL           2  2.6    43    21     754    (-,-) 
  u_packed_mxfp_aitb_comp_top_g41829/Y                                          -       C->Y    F     NAND4xp75_ASAP7_75t_SL         1  2.3    39    20     774    (-,-) 
  u_packed_mxfp_aitb_comp_top_g41816/Y                                          -       B->Y    R     NOR2x2_ASAP7_75t_SL            5  4.5    36    21     795    (-,-) 
  u_packed_mxfp_aitb_comp_top_g41797/Y                                          -       A2->Y   F     AOI21xp5_ASAP7_75t_SL          1  0.8    23    12     807    (-,-) 
  u_packed_mxfp_aitb_comp_top_g41778/Y                                          -       A->Y    F     AND2x2_ASAP7_75t_SL            1  1.3    12    23     830    (-,-) 
  u_packed_mxfp_aitb_comp_top_g41776/Y                                          -       A->Y    F     AND2x4_ASAP7_75t_SL            4  5.0    15    22     853    (-,-) 
  u_packed_mxfp_aitb_comp_top_g41763/Y                                          -       A2->Y   R     AOI21x1_ASAP7_75t_SL           2  2.1    35    17     869    (-,-) 
  u_packed_mxfp_aitb_comp_top_g41760/Y                                          -       A->Y    F     INVx1_ASAP7_75t_SL             1  1.4    20    12     882    (-,-) 
  u_packed_mxfp_aitb_comp_top_g41736/Y                                          -       B->Y    R     AOI21x1_ASAP7_75t_SL           2  1.8    31    18     899    (-,-) 
  u_packed_mxfp_aitb_comp_top_g41722/Y                                          -       B->Y    F     NAND2x1_ASAP7_75t_SL           1  1.3    19    11     910    (-,-) 
  u_packed_mxfp_aitb_comp_top_g41709/Y                                          -       A2->Y   R     AOI21x1_ASAP7_75t_SL           5  4.4    54    26     936    (-,-) 
  u_packed_mxfp_aitb_comp_top_g41708/Y                                          -       A->Y    F     INVxp67_ASAP7_75t_SL           1  1.3    29    17     953    (-,-) 
  u_packed_mxfp_aitb_comp_top_g41690/Y                                          -       B->Y    R     NAND2x1_ASAP7_75t_SL           1  1.3    29    17     970    (-,-) 
  u_packed_mxfp_aitb_comp_top_g41603/Y                                          -       B->Y    R     AND2x4_ASAP7_75t_SL           14 12.2    36    32    1002    (-,-) 
  u_packed_mxfp_aitb_comp_top_g41574/Y                                          -       A->Y    F     INVx4_ASAP7_75t_SL             3  2.4    14     8    1010    (-,-) 
  u_packed_mxfp_aitb_comp_top_g41392/Y                                          -       B2->Y   F     AO22x2_ASAP7_75t_SL            2  2.7    20    28    1038    (-,-) 
  u_packed_mxfp_aitb_comp_top_g41368/Y                                          -       A->Y    R     INVx2_ASAP7_75t_SL             1  1.3    13     9    1047    (-,-) 
  u_packed_mxfp_aitb_comp_top_g41239/Y                                          -       B1->Y   F     OAI22x1_ASAP7_75t_SL           3  2.9    33    16    1063    (-,-) 
  u_packed_mxfp_aitb_comp_top_g41022/Y                                          -       A2->Y   R     AOI222xp33_ASAP7_75t_SL        1  0.9    52    28    1091    (-,-) 
  u_packed_mxfp_aitb_comp_top_g40916/Y                                          -       B->Y    F     OAI21xp5_ASAP7_75t_SL          2  2.3    44    24    1115    (-,-) 
  u_packed_mxfp_aitb_comp_top_g40800/Y                                          -       A->Y    R     NAND2x1p5_ASAP7_75t_SL         1  1.8    29    20    1135    (-,-) 
  u_packed_mxfp_aitb_comp_top_g40753/Y                                          -       C->Y    F     NOR4xp75_ASAP7_75t_SL          1  1.5    25    13    1148    (-,-) 
  u_packed_mxfp_aitb_comp_top_g40742/Y                                          -       B->Y    R     NAND3x1_ASAP7_75t_SL           2  1.3    31    20    1168    (-,-) 
  u_packed_mxfp_aitb_comp_top_g40713/Y                                          -       B->Y    R     OR2x2_ASAP7_75t_SL             3  3.9    25    28    1196    (-,-) 
  u_packed_mxfp_aitb_comp_top_g40675/Y                                          -       B->Y    F     NOR2x1p5_ASAP7_75t_SL          2  2.4    26    13    1210    (-,-) 
  u_packed_mxfp_aitb_comp_top_g40620/Y                                          -       A->Y    R     NAND2x1p5_ASAP7_75t_SL         3  2.6    30    19    1228    (-,-) 
  u_packed_mxfp_aitb_comp_top_g40603/Y                                          -       A->Y    R     BUFx3_ASAP7_75t_SL             2  2.7    15    21    1250    (-,-) 
  u_packed_mxfp_aitb_comp_top_g40602/Y                                          -       A->Y    F     INVx2_ASAP7_75t_SL             1  1.8    11     8    1257    (-,-) 
  u_packed_mxfp_aitb_comp_top_g40579/Y                                          -       B->Y    R     NAND2x1p5_ASAP7_75t_SL         1  1.4    22    10    1268    (-,-) 
  u_packed_mxfp_aitb_comp_top_g40544/Y                                          -       A1->Y   F     OAI22x1_ASAP7_75t_SL           2  2.1    35    16    1283    (-,-) 
  u_packed_mxfp_aitb_comp_top_g40517/Y                                          -       B->Y    R     NAND3x1_ASAP7_75t_SL           1  0.8    35    20    1304    (-,-) 
  u_packed_mxfp_aitb_comp_top_g40512/Y                                          -       A->Y    F     NOR3xp33_ASAP7_75t_SL          1  0.8    26    14    1317    (-,-) 
  u_packed_mxfp_aitb_comp_top_g40511/Y                                          -       A->Y    R     NAND2xp5_ASAP7_75t_SL          1  1.3    30    19    1337    (-,-) 
  u_packed_mxfp_aitb_comp_top_g40507/Y                                          -       A2->Y   F     AOI21x1_ASAP7_75t_SL           1  1.5    34    11    1348    (-,-) 
  fopt6/Y                                                                       -       A->Y    F     BUFx6f_ASAP7_75t_SL            6 11.0    20    27    1375    (-,-) 
  fopt5/Y                                                                       -       A->Y    R     INVx4_ASAP7_75t_SL            12  8.4    26    16    1392    (-,-) 
  u_packed_mxfp_aitb_comp_top_g40452/Y                                          -       B->Y    F     OAI21xp5_ASAP7_75t_SL          1  0.9    28    13    1404    (-,-) 
  u_packed_mxfp_aitb_comp_top_PIPE_OUT_col1_stage_reg_reg[0][13]/D              -       -       F     ASYNC_DFFHx1_ASAP7_75t_SL      1    -     -     0    1405    (-,-) 
#------------------------------------------------------------------------------------------------------------------------------------------------------------------------



Path 29: VIOLATED (-522 ps) Setup Check with Pin u_packed_mxfp_aitb_comp_top_PIPE_OUT_col1_stage_reg_reg[0][18]/CLK->D
           View: PVT_0P63V_100C.setup_view
          Group: clk
     Startpoint: (R) u_packed_mxfp_aitb_comp_top_PIPE_OUT_col2_stage_reg_reg[0][6]/CLK
          Clock: (R) clk
       Endpoint: (R) u_packed_mxfp_aitb_comp_top_PIPE_OUT_col1_stage_reg_reg[0][18]/D
          Clock: (R) clk

                     Capture       Launch     
        Clock Edge:+    1000            0     
       Src Latency:+       0            0     
       Net Latency:+       0 (I)        0 (I) 
           Arrival:=    1000            0     
                                              
             Setup:-      14                  
       Uncertainty:-     100                  
     Required Time:=     886                  
      Launch Clock:-       0                  
         Data Path:-    1408                  
             Slack:=    -522                  

#------------------------------------------------------------------------------------------------------------------------------------------------------------------------
#                                 Timing Point                                  Flags    Arc    Edge           Cell             Fanout Load Trans Delay Arrival Instance 
#                                                                                                                                      (fF)  (ps)  (ps)   (ps)  Location 
#------------------------------------------------------------------------------------------------------------------------------------------------------------------------
  u_packed_mxfp_aitb_comp_top_PIPE_OUT_col2_stage_reg_reg[0][6]/CLK             -       -       R     (arrival)                   1219    -     0     0       0    (-,-) 
  u_packed_mxfp_aitb_comp_top_PIPE_OUT_col2_stage_reg_reg[0][6]/QN              -       CLK->QN F     ASYNC_DFFHx1_ASAP7_75t_SL      3  3.6    31    49      49    (-,-) 
  u_packed_mxfp_aitb_comp_top_g46030/Y                                          -       B2->Y   R     AOI22x1_ASAP7_75t_SL           4  3.2    67    25      74    (-,-) 
  u_packed_mxfp_aitb_comp_top_g45537/Y                                          -       B1->Y   F     OAI22x1_ASAP7_75t_SL           2  1.4    32    14      88    (-,-) 
  u_packed_mxfp_aitb_comp_top_g45418/Y                                          -       A->Y    R     NOR3xp33_ASAP7_75t_SL          1  0.8    40    23     111    (-,-) 
  u_packed_mxfp_aitb_comp_top_g45317/Y                                          -       C->Y    F     A2O1A1Ixp33_ASAP7_75t_SL       1  0.8    35    20     131    (-,-) 
  u_packed_mxfp_aitb_comp_top_g45191/Y                                          -       A1->Y   R     AOI21xp5_ASAP7_75t_SL          1  0.9    32    17     148    (-,-) 
  u_packed_mxfp_aitb_comp_top_g45163/Y                                          -       A2->Y   F     OAI21xp5_ASAP7_75t_SL          1  1.3    28    17     166    (-,-) 
  u_packed_mxfp_aitb_comp_top_g45157/Y                                          -       B->Y    F     AND2x4_ASAP7_75t_SL            3  6.4    18    27     192    (-,-) 
  u_packed_mxfp_aitb_comp_top_g45153/Y                                          -       A->Y    F     BUFx12f_ASAP7_75t_SL          11 13.4    16    22     214    (-,-) 
  u_packed_mxfp_aitb_comp_top_g45151/Y                                          -       A->Y    R     INVx8_ASAP7_75t_SL            10  9.6    17    12     225    (-,-) 
  u_packed_mxfp_aitb_comp_top_g44869/Y                                          -       A2->Y   R     OA22x2_ASAP7_75t_SL            2  1.9    18    24     249    (-,-) 
  u_packed_mxfp_aitb_comp_top_g44784/Y                                          -       B->Y    R     AND2x4_ASAP7_75t_SL            3  5.0    18    22     271    (-,-) 
  u_packed_mxfp_aitb_comp_top_g44705/Y                                          -       C->Y    F     NAND4xp75_ASAP7_75t_L          1  0.9    27    18     289    (-,-) 
  u_packed_mxfp_aitb_comp_top_g44611/Y                                          -       A1->Y   R     OAI21xp5_ASAP7_75t_SL          2  2.0    48    25     315    (-,-) 
  u_packed_mxfp_aitb_comp_top_g44497/Y                                          -       B->Y    R     AND2x4_ASAP7_75t_SL           12 10.2    32    32     347    (-,-) 
  u_packed_mxfp_aitb_comp_top_g44445/Y                                          -       B->Y    R     AND2x4_ASAP7_75t_SL            8  8.7    28    29     375    (-,-) 
  u_packed_mxfp_aitb_comp_top_g44400/Y                                          -       B->Y    R     AND2x2_ASAP7_75t_SL            9  6.2    37    33     408    (-,-) 
  u_packed_mxfp_aitb_comp_top_g44357/Y                                          -       B->Y    F     NAND2xp5_ASAP7_75t_SL          4  2.6    43    25     434    (-,-) 
  u_packed_mxfp_aitb_comp_top_g44304/Y                                          -       B->Y    R     NOR2xp33_ASAP7_75t_L           1  0.8    41    27     461    (-,-) 
  u_packed_mxfp_aitb_comp_top_g44210/Y                                          -       B->Y    F     AOI21xp5_ASAP7_75t_SL          1  1.8    38    22     482    (-,-) 
  u_packed_mxfp_aitb_comp_top_g44133/Y                                          -       B->Y    F     XOR2x1_ASAP7_75t_SL            2  2.0    31    31     514    (-,-) 
  u_packed_mxfp_aitb_comp_top_addinc_FP32_ALU_col1_fracAdder_add_113_18_g1656/Y -       B->Y    R     NOR2x1_ASAP7_75t_L             3  2.6    42    25     539    (-,-) 
  u_packed_mxfp_aitb_comp_top_addinc_FP32_ALU_col1_fracAdder_add_113_18_g1546/Y -       A->Y    F     NOR2x1_ASAP7_75t_L             2  2.5    34    27     566    (-,-) 
  u_packed_mxfp_aitb_comp_top_addinc_FP32_ALU_col1_fracAdder_add_113_18_g1476/Y -       A->Y    R     NAND2x1p5_ASAP7_75t_SL         2  1.7    26    18     584    (-,-) 
  u_packed_mxfp_aitb_comp_top_addinc_FP32_ALU_col1_fracAdder_add_113_18_g1464/Y -       A->Y    F     INVx1_ASAP7_75t_L              1  1.3    18    14     598    (-,-) 
  u_packed_mxfp_aitb_comp_top_addinc_FP32_ALU_col1_fracAdder_add_113_18_g1456/Y -       A->Y    F     AND2x4_ASAP7_75t_SL            4  4.1    14    23     621    (-,-) 
  u_packed_mxfp_aitb_comp_top_addinc_FP32_ALU_col1_fracAdder_add_113_18_g1451/Y -       A->Y    R     INVx2_ASAP7_75t_SL             1  1.3    11     8     629    (-,-) 
  u_packed_mxfp_aitb_comp_top_addinc_FP32_ALU_col1_fracAdder_add_113_18_g1431/Y -       B->Y    F     NOR2x1_ASAP7_75t_SL            1  1.4    27    11     640    (-,-) 
  u_packed_mxfp_aitb_comp_top_addinc_FP32_ALU_col1_fracAdder_add_113_18_g1379/Y -       A1->Y   R     AOI21x1_ASAP7_75t_SL           1  1.8    32    16     657    (-,-) 
  u_packed_mxfp_aitb_comp_top_addinc_FP32_ALU_col1_fracAdder_add_113_18_g1366/Y -       B->Y    R     XOR2x1_ASAP7_75t_SL            2  2.3    36    26     683    (-,-) 
  u_packed_mxfp_aitb_comp_top_g42644/Y                                          -       B->Y    F     NOR4xp75_ASAP7_75t_SL          1  1.2    30    12     695    (-,-) 
  u_packed_mxfp_aitb_comp_top_g41896/Y                                          -       B->Y    F     AND3x4_ASAP7_75t_SL            9  9.9    28    39     734    (-,-) 
  u_packed_mxfp_aitb_comp_top_g41856/Y                                          -       A2->Y   R     AOI21x1_ASAP7_75t_SL           2  2.6    43    21     754    (-,-) 
  u_packed_mxfp_aitb_comp_top_g41829/Y                                          -       C->Y    F     NAND4xp75_ASAP7_75t_SL         1  2.3    39    20     774    (-,-) 
  u_packed_mxfp_aitb_comp_top_g41816/Y                                          -       B->Y    R     NOR2x2_ASAP7_75t_SL            5  4.5    36    21     795    (-,-) 
  u_packed_mxfp_aitb_comp_top_g41797/Y                                          -       A2->Y   F     AOI21xp5_ASAP7_75t_SL          1  0.8    23    12     807    (-,-) 
  u_packed_mxfp_aitb_comp_top_g41778/Y                                          -       A->Y    F     AND2x2_ASAP7_75t_SL            1  1.3    12    23     830    (-,-) 
  u_packed_mxfp_aitb_comp_top_g41776/Y                                          -       A->Y    F     AND2x4_ASAP7_75t_SL            4  5.0    15    22     853    (-,-) 
  u_packed_mxfp_aitb_comp_top_g41763/Y                                          -       A2->Y   R     AOI21x1_ASAP7_75t_SL           2  2.1    35    17     869    (-,-) 
  u_packed_mxfp_aitb_comp_top_g41760/Y                                          -       A->Y    F     INVx1_ASAP7_75t_SL             1  1.4    20    12     882    (-,-) 
  u_packed_mxfp_aitb_comp_top_g41736/Y                                          -       B->Y    R     AOI21x1_ASAP7_75t_SL           2  1.8    31    18     899    (-,-) 
  u_packed_mxfp_aitb_comp_top_g41722/Y                                          -       B->Y    F     NAND2x1_ASAP7_75t_SL           1  1.3    19    11     910    (-,-) 
  u_packed_mxfp_aitb_comp_top_g41709/Y                                          -       A2->Y   R     AOI21x1_ASAP7_75t_SL           5  4.4    54    26     936    (-,-) 
  u_packed_mxfp_aitb_comp_top_g41705/Y                                          -       B->Y    R     AND2x4_ASAP7_75t_SL            7  5.7    22    27     963    (-,-) 
  u_packed_mxfp_aitb_comp_top_g41691/Y                                          -       A->Y    F     INVx2_ASAP7_75t_SL             2  1.6    12     8     971    (-,-) 
  u_packed_mxfp_aitb_comp_top_g41602/Y                                          -       A2->Y   F     AO22x2_ASAP7_75t_SL            3  3.6    22    30    1001    (-,-) 
  u_packed_mxfp_aitb_comp_top_g41552/Y                                          -       A->Y    F     BUFx6f_ASAP7_75t_SL            9 12.6    21    26    1027    (-,-) 
  u_packed_mxfp_aitb_comp_top_g41550/Y                                          -       A->Y    R     INVx8_ASAP7_75t_SL             8  6.1    15    10    1037    (-,-) 
  u_packed_mxfp_aitb_comp_top_g41437/Y                                          -       B->Y    F     NAND2xp5_ASAP7_75t_SL          1  1.8    33    16    1054    (-,-) 
  u_packed_mxfp_aitb_comp_top_g41269/Y                                          -       B->Y    R     NOR2x1p5_ASAP7_75t_SL          3  2.2    27    16    1070    (-,-) 
  u_packed_mxfp_aitb_comp_top_g41179/Y                                          -       B->Y    R     AND2x2_ASAP7_75t_SL            1  1.4    14    22    1091    (-,-) 
  u_packed_mxfp_aitb_comp_top_g40953/Y                                          -       B->Y    F     AOI21x1_ASAP7_75t_SL           1  1.8    29    12    1103    (-,-) 
  u_packed_mxfp_aitb_comp_top_g40882/Y                                          -       A->Y    R     NAND2x1p5_ASAP7_75t_SL         2  1.9    25    18    1120    (-,-) 
  u_packed_mxfp_aitb_comp_top_g40799/Y                                          -       B->Y    F     NAND2x1_ASAP7_75t_SL           1  1.8    24    12    1132    (-,-) 
  u_packed_mxfp_aitb_comp_top_g40753/Y                                          -       B->Y    R     NOR4xp75_ASAP7_75t_SL          1  1.6    42    23    1156    (-,-) 
  u_packed_mxfp_aitb_comp_top_g40742/Y                                          -       B->Y    F     NAND3x1_ASAP7_75t_SL           2  1.3    22    10    1166    (-,-) 
  u_packed_mxfp_aitb_comp_top_g40713/Y                                          -       B->Y    F     OR2x2_ASAP7_75t_SL             3  3.9    23    30    1196    (-,-) 
  u_packed_mxfp_aitb_comp_top_g40675/Y                                          -       B->Y    R     NOR2x1p5_ASAP7_75t_SL          2  2.4    31    15    1211    (-,-) 
  u_packed_mxfp_aitb_comp_top_g40620/Y                                          -       A->Y    F     NAND2x1p5_ASAP7_75t_SL         3  2.7    30    11    1223    (-,-) 
  u_packed_mxfp_aitb_comp_top_g40603/Y                                          -       A->Y    F     BUFx3_ASAP7_75t_SL             2  2.7    14    23    1246    (-,-) 
  u_packed_mxfp_aitb_comp_top_g40578/Y                                          -       B->Y    R     NOR2x1_ASAP7_75t_SL            2  3.0    35    19    1265    (-,-) 
  u_packed_mxfp_aitb_comp_top_g40552/Y                                          -       B->Y    F     NAND2x1p5_ASAP7_75t_SL         1  1.3    18     9    1274    (-,-) 
  u_packed_mxfp_aitb_comp_top_g40528/Y                                          -       A->Y    F     XNOR2xp5_ASAP7_75t_SL          2  1.3    28    26    1300    (-,-) 
  u_packed_mxfp_aitb_comp_top_g40512/Y                                          -       C->Y    R     NOR3xp33_ASAP7_75t_SL          1  0.8    38    21    1321    (-,-) 
  u_packed_mxfp_aitb_comp_top_g40511/Y                                          -       A->Y    F     NAND2xp5_ASAP7_75t_SL          1  1.3    30    14    1336    (-,-) 
  u_packed_mxfp_aitb_comp_top_g40507/Y                                          -       A2->Y   R     AOI21x1_ASAP7_75t_SL           1  1.5    49    16    1352    (-,-) 
  fopt6/Y                                                                       -       A->Y    R     BUFx6f_ASAP7_75t_SL            6 11.0    25    27    1379    (-,-) 
  fopt5/Y                                                                       -       A->Y    F     INVx4_ASAP7_75t_SL            12  8.4    22    14    1393    (-,-) 
  u_packed_mxfp_aitb_comp_top_g40462/Y                                          -       B->Y    R     NAND2xp5_ASAP7_75t_SL          1  0.9    28    15    1408    (-,-) 
  u_packed_mxfp_aitb_comp_top_PIPE_OUT_col1_stage_reg_reg[0][18]/D              -       -       R     ASYNC_DFFHx1_ASAP7_75t_SL      1    -     -     0    1408    (-,-) 
#------------------------------------------------------------------------------------------------------------------------------------------------------------------------



Path 30: VIOLATED (-522 ps) Setup Check with Pin u_packed_mxfp_aitb_comp_top_PIPE_OUT_col1_stage_reg_reg[0][0]/CLK->D
           View: PVT_0P63V_100C.setup_view
          Group: clk
     Startpoint: (R) u_packed_mxfp_aitb_comp_top_PIPE_OUT_col2_stage_reg_reg[0][6]/CLK
          Clock: (R) clk
       Endpoint: (F) u_packed_mxfp_aitb_comp_top_PIPE_OUT_col1_stage_reg_reg[0][0]/D
          Clock: (R) clk

                     Capture       Launch     
        Clock Edge:+    1000            0     
       Src Latency:+       0            0     
       Net Latency:+       0 (I)        0 (I) 
           Arrival:=    1000            0     
                                              
             Setup:-      17                  
       Uncertainty:-     100                  
     Required Time:=     883                  
      Launch Clock:-       0                  
         Data Path:-    1405                  
             Slack:=    -522                  

#------------------------------------------------------------------------------------------------------------------------------------------------------------------------
#                                 Timing Point                                  Flags    Arc    Edge           Cell             Fanout Load Trans Delay Arrival Instance 
#                                                                                                                                      (fF)  (ps)  (ps)   (ps)  Location 
#------------------------------------------------------------------------------------------------------------------------------------------------------------------------
  u_packed_mxfp_aitb_comp_top_PIPE_OUT_col2_stage_reg_reg[0][6]/CLK             -       -       R     (arrival)                   1219    -     0     0       0    (-,-) 
  u_packed_mxfp_aitb_comp_top_PIPE_OUT_col2_stage_reg_reg[0][6]/QN              -       CLK->QN F     ASYNC_DFFHx1_ASAP7_75t_SL      3  3.6    31    49      49    (-,-) 
  u_packed_mxfp_aitb_comp_top_g46030/Y                                          -       B2->Y   R     AOI22x1_ASAP7_75t_SL           4  3.2    67    25      74    (-,-) 
  u_packed_mxfp_aitb_comp_top_g45537/Y                                          -       B1->Y   F     OAI22x1_ASAP7_75t_SL           2  1.4    32    14      88    (-,-) 
  u_packed_mxfp_aitb_comp_top_g45418/Y                                          -       A->Y    R     NOR3xp33_ASAP7_75t_SL          1  0.8    40    23     111    (-,-) 
  u_packed_mxfp_aitb_comp_top_g45317/Y                                          -       C->Y    F     A2O1A1Ixp33_ASAP7_75t_SL       1  0.8    35    20     131    (-,-) 
  u_packed_mxfp_aitb_comp_top_g45191/Y                                          -       A1->Y   R     AOI21xp5_ASAP7_75t_SL          1  0.9    32    17     148    (-,-) 
  u_packed_mxfp_aitb_comp_top_g45163/Y                                          -       A2->Y   F     OAI21xp5_ASAP7_75t_SL          1  1.3    28    17     166    (-,-) 
  u_packed_mxfp_aitb_comp_top_g45157/Y                                          -       B->Y    F     AND2x4_ASAP7_75t_SL            3  6.4    18    27     192    (-,-) 
  u_packed_mxfp_aitb_comp_top_g45153/Y                                          -       A->Y    F     BUFx12f_ASAP7_75t_SL          11 13.4    16    22     214    (-,-) 
  u_packed_mxfp_aitb_comp_top_g45151/Y                                          -       A->Y    R     INVx8_ASAP7_75t_SL            10  9.6    17    12     225    (-,-) 
  u_packed_mxfp_aitb_comp_top_g44869/Y                                          -       A2->Y   R     OA22x2_ASAP7_75t_SL            2  1.9    18    24     249    (-,-) 
  u_packed_mxfp_aitb_comp_top_g44784/Y                                          -       B->Y    R     AND2x4_ASAP7_75t_SL            3  5.0    18    22     271    (-,-) 
  u_packed_mxfp_aitb_comp_top_g44705/Y                                          -       C->Y    F     NAND4xp75_ASAP7_75t_L          1  0.9    27    18     289    (-,-) 
  u_packed_mxfp_aitb_comp_top_g44611/Y                                          -       A1->Y   R     OAI21xp5_ASAP7_75t_SL          2  2.0    48    25     315    (-,-) 
  u_packed_mxfp_aitb_comp_top_g44497/Y                                          -       B->Y    R     AND2x4_ASAP7_75t_SL           12 10.2    32    32     347    (-,-) 
  u_packed_mxfp_aitb_comp_top_g44445/Y                                          -       B->Y    R     AND2x4_ASAP7_75t_SL            8  8.7    28    29     375    (-,-) 
  u_packed_mxfp_aitb_comp_top_g44400/Y                                          -       B->Y    R     AND2x2_ASAP7_75t_SL            9  6.2    37    33     408    (-,-) 
  u_packed_mxfp_aitb_comp_top_g44357/Y                                          -       B->Y    F     NAND2xp5_ASAP7_75t_SL          4  2.6    43    25     434    (-,-) 
  u_packed_mxfp_aitb_comp_top_g44304/Y                                          -       B->Y    R     NOR2xp33_ASAP7_75t_L           1  0.8    41    27     461    (-,-) 
  u_packed_mxfp_aitb_comp_top_g44210/Y                                          -       B->Y    F     AOI21xp5_ASAP7_75t_SL          1  1.8    38    22     482    (-,-) 
  u_packed_mxfp_aitb_comp_top_g44133/Y                                          -       B->Y    F     XOR2x1_ASAP7_75t_SL            2  2.0    31    31     514    (-,-) 
  u_packed_mxfp_aitb_comp_top_addinc_FP32_ALU_col1_fracAdder_add_113_18_g1656/Y -       B->Y    R     NOR2x1_ASAP7_75t_L             3  2.6    42    25     539    (-,-) 
  u_packed_mxfp_aitb_comp_top_addinc_FP32_ALU_col1_fracAdder_add_113_18_g1546/Y -       A->Y    F     NOR2x1_ASAP7_75t_L             2  2.5    34    27     566    (-,-) 
  u_packed_mxfp_aitb_comp_top_addinc_FP32_ALU_col1_fracAdder_add_113_18_g1476/Y -       A->Y    R     NAND2x1p5_ASAP7_75t_SL         2  1.7    26    18     584    (-,-) 
  u_packed_mxfp_aitb_comp_top_addinc_FP32_ALU_col1_fracAdder_add_113_18_g1464/Y -       A->Y    F     INVx1_ASAP7_75t_L              1  1.3    18    14     598    (-,-) 
  u_packed_mxfp_aitb_comp_top_addinc_FP32_ALU_col1_fracAdder_add_113_18_g1456/Y -       A->Y    F     AND2x4_ASAP7_75t_SL            4  4.1    14    23     621    (-,-) 
  u_packed_mxfp_aitb_comp_top_addinc_FP32_ALU_col1_fracAdder_add_113_18_g1451/Y -       A->Y    R     INVx2_ASAP7_75t_SL             1  1.3    11     8     629    (-,-) 
  u_packed_mxfp_aitb_comp_top_addinc_FP32_ALU_col1_fracAdder_add_113_18_g1431/Y -       B->Y    F     NOR2x1_ASAP7_75t_SL            1  1.4    27    11     640    (-,-) 
  u_packed_mxfp_aitb_comp_top_addinc_FP32_ALU_col1_fracAdder_add_113_18_g1379/Y -       A1->Y   R     AOI21x1_ASAP7_75t_SL           1  1.8    32    16     657    (-,-) 
  u_packed_mxfp_aitb_comp_top_addinc_FP32_ALU_col1_fracAdder_add_113_18_g1366/Y -       B->Y    R     XOR2x1_ASAP7_75t_SL            2  2.3    36    26     683    (-,-) 
  u_packed_mxfp_aitb_comp_top_g42644/Y                                          -       B->Y    F     NOR4xp75_ASAP7_75t_SL          1  1.2    30    12     695    (-,-) 
  u_packed_mxfp_aitb_comp_top_g41896/Y                                          -       B->Y    F     AND3x4_ASAP7_75t_SL            9  9.9    28    39     734    (-,-) 
  u_packed_mxfp_aitb_comp_top_g41856/Y                                          -       A2->Y   R     AOI21x1_ASAP7_75t_SL           2  2.6    43    21     754    (-,-) 
  u_packed_mxfp_aitb_comp_top_g41829/Y                                          -       C->Y    F     NAND4xp75_ASAP7_75t_SL         1  2.3    39    20     774    (-,-) 
  u_packed_mxfp_aitb_comp_top_g41816/Y                                          -       B->Y    R     NOR2x2_ASAP7_75t_SL            5  4.5    36    21     795    (-,-) 
  u_packed_mxfp_aitb_comp_top_g41797/Y                                          -       A2->Y   F     AOI21xp5_ASAP7_75t_SL          1  0.8    23    12     807    (-,-) 
  u_packed_mxfp_aitb_comp_top_g41778/Y                                          -       A->Y    F     AND2x2_ASAP7_75t_SL            1  1.3    12    23     830    (-,-) 
  u_packed_mxfp_aitb_comp_top_g41776/Y                                          -       A->Y    F     AND2x4_ASAP7_75t_SL            4  5.0    15    22     853    (-,-) 
  u_packed_mxfp_aitb_comp_top_g41763/Y                                          -       A2->Y   R     AOI21x1_ASAP7_75t_SL           2  2.1    35    17     869    (-,-) 
  u_packed_mxfp_aitb_comp_top_g41760/Y                                          -       A->Y    F     INVx1_ASAP7_75t_SL             1  1.4    20    12     882    (-,-) 
  u_packed_mxfp_aitb_comp_top_g41736/Y                                          -       B->Y    R     AOI21x1_ASAP7_75t_SL           2  1.8    31    18     899    (-,-) 
  u_packed_mxfp_aitb_comp_top_g41722/Y                                          -       B->Y    F     NAND2x1_ASAP7_75t_SL           1  1.3    19    11     910    (-,-) 
  u_packed_mxfp_aitb_comp_top_g41709/Y                                          -       A2->Y   R     AOI21x1_ASAP7_75t_SL           5  4.4    54    26     936    (-,-) 
  u_packed_mxfp_aitb_comp_top_g41708/Y                                          -       A->Y    F     INVxp67_ASAP7_75t_SL           1  1.3    29    17     953    (-,-) 
  u_packed_mxfp_aitb_comp_top_g41690/Y                                          -       B->Y    R     NAND2x1_ASAP7_75t_SL           1  1.3    29    17     970    (-,-) 
  u_packed_mxfp_aitb_comp_top_g41603/Y                                          -       B->Y    R     AND2x4_ASAP7_75t_SL           14 12.2    36    32    1002    (-,-) 
  u_packed_mxfp_aitb_comp_top_g41574/Y                                          -       A->Y    F     INVx4_ASAP7_75t_SL             3  2.4    14     8    1010    (-,-) 
  u_packed_mxfp_aitb_comp_top_g41392/Y                                          -       B2->Y   F     AO22x2_ASAP7_75t_SL            2  2.7    20    28    1038    (-,-) 
  u_packed_mxfp_aitb_comp_top_g41368/Y                                          -       A->Y    R     INVx2_ASAP7_75t_SL             1  1.3    13     9    1047    (-,-) 
  u_packed_mxfp_aitb_comp_top_g41239/Y                                          -       B1->Y   F     OAI22x1_ASAP7_75t_SL           3  2.9    33    16    1063    (-,-) 
  u_packed_mxfp_aitb_comp_top_g41022/Y                                          -       A2->Y   R     AOI222xp33_ASAP7_75t_SL        1  0.9    52    28    1091    (-,-) 
  u_packed_mxfp_aitb_comp_top_g40916/Y                                          -       B->Y    F     OAI21xp5_ASAP7_75t_SL          2  2.3    44    24    1115    (-,-) 
  u_packed_mxfp_aitb_comp_top_g40800/Y                                          -       A->Y    R     NAND2x1p5_ASAP7_75t_SL         1  1.8    29    20    1135    (-,-) 
  u_packed_mxfp_aitb_comp_top_g40753/Y                                          -       C->Y    F     NOR4xp75_ASAP7_75t_SL          1  1.5    25    13    1148    (-,-) 
  u_packed_mxfp_aitb_comp_top_g40742/Y                                          -       B->Y    R     NAND3x1_ASAP7_75t_SL           2  1.3    31    20    1168    (-,-) 
  u_packed_mxfp_aitb_comp_top_g40713/Y                                          -       B->Y    R     OR2x2_ASAP7_75t_SL             3  3.9    25    28    1196    (-,-) 
  u_packed_mxfp_aitb_comp_top_g40675/Y                                          -       B->Y    F     NOR2x1p5_ASAP7_75t_SL          2  2.4    26    13    1210    (-,-) 
  u_packed_mxfp_aitb_comp_top_g40620/Y                                          -       A->Y    R     NAND2x1p5_ASAP7_75t_SL         3  2.6    30    19    1228    (-,-) 
  u_packed_mxfp_aitb_comp_top_g40603/Y                                          -       A->Y    R     BUFx3_ASAP7_75t_SL             2  2.7    15    21    1250    (-,-) 
  u_packed_mxfp_aitb_comp_top_g40602/Y                                          -       A->Y    F     INVx2_ASAP7_75t_SL             1  1.8    11     8    1257    (-,-) 
  u_packed_mxfp_aitb_comp_top_g40579/Y                                          -       B->Y    R     NAND2x1p5_ASAP7_75t_SL         1  1.4    22    10    1268    (-,-) 
  u_packed_mxfp_aitb_comp_top_g40544/Y                                          -       A1->Y   F     OAI22x1_ASAP7_75t_SL           2  2.1    35    16    1283    (-,-) 
  u_packed_mxfp_aitb_comp_top_g40517/Y                                          -       B->Y    R     NAND3x1_ASAP7_75t_SL           1  0.8    35    20    1304    (-,-) 
  u_packed_mxfp_aitb_comp_top_g40512/Y                                          -       A->Y    F     NOR3xp33_ASAP7_75t_SL          1  0.8    26    14    1317    (-,-) 
  u_packed_mxfp_aitb_comp_top_g40511/Y                                          -       A->Y    R     NAND2xp5_ASAP7_75t_SL          1  1.3    30    19    1337    (-,-) 
  u_packed_mxfp_aitb_comp_top_g40507/Y                                          -       A2->Y   F     AOI21x1_ASAP7_75t_SL           1  1.5    34    11    1348    (-,-) 
  fopt6/Y                                                                       -       A->Y    F     BUFx6f_ASAP7_75t_SL            6 11.0    20    27    1375    (-,-) 
  fopt5/Y                                                                       -       A->Y    R     INVx4_ASAP7_75t_SL            12  8.4    26    16    1392    (-,-) 
  u_packed_mxfp_aitb_comp_top_g40486/Y                                          -       B->Y    F     OAI21xp5_ASAP7_75t_SL          1  0.9    26    13    1404    (-,-) 
  u_packed_mxfp_aitb_comp_top_PIPE_OUT_col1_stage_reg_reg[0][0]/D               -       -       F     ASYNC_DFFHx1_ASAP7_75t_SL      1    -     -     0    1405    (-,-) 
#------------------------------------------------------------------------------------------------------------------------------------------------------------------------



Path 31: VIOLATED (-522 ps) Setup Check with Pin u_packed_mxfp_aitb_comp_top_PIPE_OUT_col1_stage_reg_reg[0][15]/CLK->D
           View: PVT_0P63V_100C.setup_view
          Group: clk
     Startpoint: (R) u_packed_mxfp_aitb_comp_top_PIPE_OUT_col2_stage_reg_reg[0][6]/CLK
          Clock: (R) clk
       Endpoint: (F) u_packed_mxfp_aitb_comp_top_PIPE_OUT_col1_stage_reg_reg[0][15]/D
          Clock: (R) clk

                     Capture       Launch     
        Clock Edge:+    1000            0     
       Src Latency:+       0            0     
       Net Latency:+       0 (I)        0 (I) 
           Arrival:=    1000            0     
                                              
             Setup:-      17                  
       Uncertainty:-     100                  
     Required Time:=     883                  
      Launch Clock:-       0                  
         Data Path:-    1405                  
             Slack:=    -522                  

#------------------------------------------------------------------------------------------------------------------------------------------------------------------------
#                                 Timing Point                                  Flags    Arc    Edge           Cell             Fanout Load Trans Delay Arrival Instance 
#                                                                                                                                      (fF)  (ps)  (ps)   (ps)  Location 
#------------------------------------------------------------------------------------------------------------------------------------------------------------------------
  u_packed_mxfp_aitb_comp_top_PIPE_OUT_col2_stage_reg_reg[0][6]/CLK             -       -       R     (arrival)                   1219    -     0     0       0    (-,-) 
  u_packed_mxfp_aitb_comp_top_PIPE_OUT_col2_stage_reg_reg[0][6]/QN              -       CLK->QN F     ASYNC_DFFHx1_ASAP7_75t_SL      3  3.6    31    49      49    (-,-) 
  u_packed_mxfp_aitb_comp_top_g46030/Y                                          -       B2->Y   R     AOI22x1_ASAP7_75t_SL           4  3.2    67    25      74    (-,-) 
  u_packed_mxfp_aitb_comp_top_g45537/Y                                          -       B1->Y   F     OAI22x1_ASAP7_75t_SL           2  1.4    32    14      88    (-,-) 
  u_packed_mxfp_aitb_comp_top_g45418/Y                                          -       A->Y    R     NOR3xp33_ASAP7_75t_SL          1  0.8    40    23     111    (-,-) 
  u_packed_mxfp_aitb_comp_top_g45317/Y                                          -       C->Y    F     A2O1A1Ixp33_ASAP7_75t_SL       1  0.8    35    20     131    (-,-) 
  u_packed_mxfp_aitb_comp_top_g45191/Y                                          -       A1->Y   R     AOI21xp5_ASAP7_75t_SL          1  0.9    32    17     148    (-,-) 
  u_packed_mxfp_aitb_comp_top_g45163/Y                                          -       A2->Y   F     OAI21xp5_ASAP7_75t_SL          1  1.3    28    17     166    (-,-) 
  u_packed_mxfp_aitb_comp_top_g45157/Y                                          -       B->Y    F     AND2x4_ASAP7_75t_SL            3  6.4    18    27     192    (-,-) 
  u_packed_mxfp_aitb_comp_top_g45153/Y                                          -       A->Y    F     BUFx12f_ASAP7_75t_SL          11 13.4    16    22     214    (-,-) 
  u_packed_mxfp_aitb_comp_top_g45151/Y                                          -       A->Y    R     INVx8_ASAP7_75t_SL            10  9.6    17    12     225    (-,-) 
  u_packed_mxfp_aitb_comp_top_g44869/Y                                          -       A2->Y   R     OA22x2_ASAP7_75t_SL            2  1.9    18    24     249    (-,-) 
  u_packed_mxfp_aitb_comp_top_g44784/Y                                          -       B->Y    R     AND2x4_ASAP7_75t_SL            3  5.0    18    22     271    (-,-) 
  u_packed_mxfp_aitb_comp_top_g44705/Y                                          -       C->Y    F     NAND4xp75_ASAP7_75t_L          1  0.9    27    18     289    (-,-) 
  u_packed_mxfp_aitb_comp_top_g44611/Y                                          -       A1->Y   R     OAI21xp5_ASAP7_75t_SL          2  2.0    48    25     315    (-,-) 
  u_packed_mxfp_aitb_comp_top_g44497/Y                                          -       B->Y    R     AND2x4_ASAP7_75t_SL           12 10.2    32    32     347    (-,-) 
  u_packed_mxfp_aitb_comp_top_g44445/Y                                          -       B->Y    R     AND2x4_ASAP7_75t_SL            8  8.7    28    29     375    (-,-) 
  u_packed_mxfp_aitb_comp_top_g44400/Y                                          -       B->Y    R     AND2x2_ASAP7_75t_SL            9  6.2    37    33     408    (-,-) 
  u_packed_mxfp_aitb_comp_top_g44357/Y                                          -       B->Y    F     NAND2xp5_ASAP7_75t_SL          4  2.6    43    25     434    (-,-) 
  u_packed_mxfp_aitb_comp_top_g44304/Y                                          -       B->Y    R     NOR2xp33_ASAP7_75t_L           1  0.8    41    27     461    (-,-) 
  u_packed_mxfp_aitb_comp_top_g44210/Y                                          -       B->Y    F     AOI21xp5_ASAP7_75t_SL          1  1.8    38    22     482    (-,-) 
  u_packed_mxfp_aitb_comp_top_g44133/Y                                          -       B->Y    F     XOR2x1_ASAP7_75t_SL            2  2.0    31    31     514    (-,-) 
  u_packed_mxfp_aitb_comp_top_addinc_FP32_ALU_col1_fracAdder_add_113_18_g1656/Y -       B->Y    R     NOR2x1_ASAP7_75t_L             3  2.6    42    25     539    (-,-) 
  u_packed_mxfp_aitb_comp_top_addinc_FP32_ALU_col1_fracAdder_add_113_18_g1546/Y -       A->Y    F     NOR2x1_ASAP7_75t_L             2  2.5    34    27     566    (-,-) 
  u_packed_mxfp_aitb_comp_top_addinc_FP32_ALU_col1_fracAdder_add_113_18_g1476/Y -       A->Y    R     NAND2x1p5_ASAP7_75t_SL         2  1.7    26    18     584    (-,-) 
  u_packed_mxfp_aitb_comp_top_addinc_FP32_ALU_col1_fracAdder_add_113_18_g1464/Y -       A->Y    F     INVx1_ASAP7_75t_L              1  1.3    18    14     598    (-,-) 
  u_packed_mxfp_aitb_comp_top_addinc_FP32_ALU_col1_fracAdder_add_113_18_g1456/Y -       A->Y    F     AND2x4_ASAP7_75t_SL            4  4.1    14    23     621    (-,-) 
  u_packed_mxfp_aitb_comp_top_addinc_FP32_ALU_col1_fracAdder_add_113_18_g1451/Y -       A->Y    R     INVx2_ASAP7_75t_SL             1  1.3    11     8     629    (-,-) 
  u_packed_mxfp_aitb_comp_top_addinc_FP32_ALU_col1_fracAdder_add_113_18_g1431/Y -       B->Y    F     NOR2x1_ASAP7_75t_SL            1  1.4    27    11     640    (-,-) 
  u_packed_mxfp_aitb_comp_top_addinc_FP32_ALU_col1_fracAdder_add_113_18_g1379/Y -       A1->Y   R     AOI21x1_ASAP7_75t_SL           1  1.8    32    16     657    (-,-) 
  u_packed_mxfp_aitb_comp_top_addinc_FP32_ALU_col1_fracAdder_add_113_18_g1366/Y -       B->Y    R     XOR2x1_ASAP7_75t_SL            2  2.3    36    26     683    (-,-) 
  u_packed_mxfp_aitb_comp_top_g42644/Y                                          -       B->Y    F     NOR4xp75_ASAP7_75t_SL          1  1.2    30    12     695    (-,-) 
  u_packed_mxfp_aitb_comp_top_g41896/Y                                          -       B->Y    F     AND3x4_ASAP7_75t_SL            9  9.9    28    39     734    (-,-) 
  u_packed_mxfp_aitb_comp_top_g41856/Y                                          -       A2->Y   R     AOI21x1_ASAP7_75t_SL           2  2.6    43    21     754    (-,-) 
  u_packed_mxfp_aitb_comp_top_g41829/Y                                          -       C->Y    F     NAND4xp75_ASAP7_75t_SL         1  2.3    39    20     774    (-,-) 
  u_packed_mxfp_aitb_comp_top_g41816/Y                                          -       B->Y    R     NOR2x2_ASAP7_75t_SL            5  4.5    36    21     795    (-,-) 
  u_packed_mxfp_aitb_comp_top_g41797/Y                                          -       A2->Y   F     AOI21xp5_ASAP7_75t_SL          1  0.8    23    12     807    (-,-) 
  u_packed_mxfp_aitb_comp_top_g41778/Y                                          -       A->Y    F     AND2x2_ASAP7_75t_SL            1  1.3    12    23     830    (-,-) 
  u_packed_mxfp_aitb_comp_top_g41776/Y                                          -       A->Y    F     AND2x4_ASAP7_75t_SL            4  5.0    15    22     853    (-,-) 
  u_packed_mxfp_aitb_comp_top_g41763/Y                                          -       A2->Y   R     AOI21x1_ASAP7_75t_SL           2  2.1    35    17     869    (-,-) 
  u_packed_mxfp_aitb_comp_top_g41760/Y                                          -       A->Y    F     INVx1_ASAP7_75t_SL             1  1.4    20    12     882    (-,-) 
  u_packed_mxfp_aitb_comp_top_g41736/Y                                          -       B->Y    R     AOI21x1_ASAP7_75t_SL           2  1.8    31    18     899    (-,-) 
  u_packed_mxfp_aitb_comp_top_g41722/Y                                          -       B->Y    F     NAND2x1_ASAP7_75t_SL           1  1.3    19    11     910    (-,-) 
  u_packed_mxfp_aitb_comp_top_g41709/Y                                          -       A2->Y   R     AOI21x1_ASAP7_75t_SL           5  4.4    54    26     936    (-,-) 
  u_packed_mxfp_aitb_comp_top_g41708/Y                                          -       A->Y    F     INVxp67_ASAP7_75t_SL           1  1.3    29    17     953    (-,-) 
  u_packed_mxfp_aitb_comp_top_g41690/Y                                          -       B->Y    R     NAND2x1_ASAP7_75t_SL           1  1.3    29    17     970    (-,-) 
  u_packed_mxfp_aitb_comp_top_g41603/Y                                          -       B->Y    R     AND2x4_ASAP7_75t_SL           14 12.2    36    32    1002    (-,-) 
  u_packed_mxfp_aitb_comp_top_g41574/Y                                          -       A->Y    F     INVx4_ASAP7_75t_SL             3  2.4    14     8    1010    (-,-) 
  u_packed_mxfp_aitb_comp_top_g41392/Y                                          -       B2->Y   F     AO22x2_ASAP7_75t_SL            2  2.7    20    28    1038    (-,-) 
  u_packed_mxfp_aitb_comp_top_g41368/Y                                          -       A->Y    R     INVx2_ASAP7_75t_SL             1  1.3    13     9    1047    (-,-) 
  u_packed_mxfp_aitb_comp_top_g41239/Y                                          -       B1->Y   F     OAI22x1_ASAP7_75t_SL           3  2.9    33    16    1063    (-,-) 
  u_packed_mxfp_aitb_comp_top_g41022/Y                                          -       A2->Y   R     AOI222xp33_ASAP7_75t_SL        1  0.9    52    28    1091    (-,-) 
  u_packed_mxfp_aitb_comp_top_g40916/Y                                          -       B->Y    F     OAI21xp5_ASAP7_75t_SL          2  2.3    44    24    1115    (-,-) 
  u_packed_mxfp_aitb_comp_top_g40800/Y                                          -       A->Y    R     NAND2x1p5_ASAP7_75t_SL         1  1.8    29    20    1135    (-,-) 
  u_packed_mxfp_aitb_comp_top_g40753/Y                                          -       C->Y    F     NOR4xp75_ASAP7_75t_SL          1  1.5    25    13    1148    (-,-) 
  u_packed_mxfp_aitb_comp_top_g40742/Y                                          -       B->Y    R     NAND3x1_ASAP7_75t_SL           2  1.3    31    20    1168    (-,-) 
  u_packed_mxfp_aitb_comp_top_g40713/Y                                          -       B->Y    R     OR2x2_ASAP7_75t_SL             3  3.9    25    28    1196    (-,-) 
  u_packed_mxfp_aitb_comp_top_g40675/Y                                          -       B->Y    F     NOR2x1p5_ASAP7_75t_SL          2  2.4    26    13    1210    (-,-) 
  u_packed_mxfp_aitb_comp_top_g40620/Y                                          -       A->Y    R     NAND2x1p5_ASAP7_75t_SL         3  2.6    30    19    1228    (-,-) 
  u_packed_mxfp_aitb_comp_top_g40603/Y                                          -       A->Y    R     BUFx3_ASAP7_75t_SL             2  2.7    15    21    1250    (-,-) 
  u_packed_mxfp_aitb_comp_top_g40602/Y                                          -       A->Y    F     INVx2_ASAP7_75t_SL             1  1.8    11     8    1257    (-,-) 
  u_packed_mxfp_aitb_comp_top_g40579/Y                                          -       B->Y    R     NAND2x1p5_ASAP7_75t_SL         1  1.4    22    10    1268    (-,-) 
  u_packed_mxfp_aitb_comp_top_g40544/Y                                          -       A1->Y   F     OAI22x1_ASAP7_75t_SL           2  2.1    35    16    1283    (-,-) 
  u_packed_mxfp_aitb_comp_top_g40517/Y                                          -       B->Y    R     NAND3x1_ASAP7_75t_SL           1  0.8    35    20    1304    (-,-) 
  u_packed_mxfp_aitb_comp_top_g40512/Y                                          -       A->Y    F     NOR3xp33_ASAP7_75t_SL          1  0.8    26    14    1317    (-,-) 
  u_packed_mxfp_aitb_comp_top_g40511/Y                                          -       A->Y    R     NAND2xp5_ASAP7_75t_SL          1  1.3    30    19    1337    (-,-) 
  u_packed_mxfp_aitb_comp_top_g40507/Y                                          -       A2->Y   F     AOI21x1_ASAP7_75t_SL           1  1.5    34    11    1348    (-,-) 
  fopt6/Y                                                                       -       A->Y    F     BUFx6f_ASAP7_75t_SL            6 11.0    20    27    1375    (-,-) 
  fopt5/Y                                                                       -       A->Y    R     INVx4_ASAP7_75t_SL            12  8.4    26    16    1392    (-,-) 
  u_packed_mxfp_aitb_comp_top_g40454/Y                                          -       B->Y    F     OAI21xp5_ASAP7_75t_SL          1  0.9    24    13    1404    (-,-) 
  u_packed_mxfp_aitb_comp_top_PIPE_OUT_col1_stage_reg_reg[0][15]/D              -       -       F     ASYNC_DFFHx1_ASAP7_75t_SL      1    -     -     0    1405    (-,-) 
#------------------------------------------------------------------------------------------------------------------------------------------------------------------------



Path 32: VIOLATED (-522 ps) Setup Check with Pin u_packed_mxfp_aitb_comp_top_PIPE_OUT_col1_stage_reg_reg[0][22]/CLK->D
           View: PVT_0P63V_100C.setup_view
          Group: clk
     Startpoint: (R) u_packed_mxfp_aitb_comp_top_PIPE_OUT_col2_stage_reg_reg[0][6]/CLK
          Clock: (R) clk
       Endpoint: (R) u_packed_mxfp_aitb_comp_top_PIPE_OUT_col1_stage_reg_reg[0][22]/D
          Clock: (R) clk

                     Capture       Launch     
        Clock Edge:+    1000            0     
       Src Latency:+       0            0     
       Net Latency:+       0 (I)        0 (I) 
           Arrival:=    1000            0     
                                              
             Setup:-      14                  
       Uncertainty:-     100                  
     Required Time:=     886                  
      Launch Clock:-       0                  
         Data Path:-    1408                  
             Slack:=    -522                  

#------------------------------------------------------------------------------------------------------------------------------------------------------------------------
#                                 Timing Point                                  Flags    Arc    Edge           Cell             Fanout Load Trans Delay Arrival Instance 
#                                                                                                                                      (fF)  (ps)  (ps)   (ps)  Location 
#------------------------------------------------------------------------------------------------------------------------------------------------------------------------
  u_packed_mxfp_aitb_comp_top_PIPE_OUT_col2_stage_reg_reg[0][6]/CLK             -       -       R     (arrival)                   1219    -     0     0       0    (-,-) 
  u_packed_mxfp_aitb_comp_top_PIPE_OUT_col2_stage_reg_reg[0][6]/QN              -       CLK->QN F     ASYNC_DFFHx1_ASAP7_75t_SL      3  3.6    31    49      49    (-,-) 
  u_packed_mxfp_aitb_comp_top_g46030/Y                                          -       B2->Y   R     AOI22x1_ASAP7_75t_SL           4  3.2    67    25      74    (-,-) 
  u_packed_mxfp_aitb_comp_top_g45537/Y                                          -       B1->Y   F     OAI22x1_ASAP7_75t_SL           2  1.4    32    14      88    (-,-) 
  u_packed_mxfp_aitb_comp_top_g45418/Y                                          -       A->Y    R     NOR3xp33_ASAP7_75t_SL          1  0.8    40    23     111    (-,-) 
  u_packed_mxfp_aitb_comp_top_g45317/Y                                          -       C->Y    F     A2O1A1Ixp33_ASAP7_75t_SL       1  0.8    35    20     131    (-,-) 
  u_packed_mxfp_aitb_comp_top_g45191/Y                                          -       A1->Y   R     AOI21xp5_ASAP7_75t_SL          1  0.9    32    17     148    (-,-) 
  u_packed_mxfp_aitb_comp_top_g45163/Y                                          -       A2->Y   F     OAI21xp5_ASAP7_75t_SL          1  1.3    28    17     166    (-,-) 
  u_packed_mxfp_aitb_comp_top_g45157/Y                                          -       B->Y    F     AND2x4_ASAP7_75t_SL            3  6.4    18    27     192    (-,-) 
  u_packed_mxfp_aitb_comp_top_g45153/Y                                          -       A->Y    F     BUFx12f_ASAP7_75t_SL          11 13.4    16    22     214    (-,-) 
  u_packed_mxfp_aitb_comp_top_g45151/Y                                          -       A->Y    R     INVx8_ASAP7_75t_SL            10  9.6    17    12     225    (-,-) 
  u_packed_mxfp_aitb_comp_top_g44869/Y                                          -       A2->Y   R     OA22x2_ASAP7_75t_SL            2  1.9    18    24     249    (-,-) 
  u_packed_mxfp_aitb_comp_top_g44784/Y                                          -       B->Y    R     AND2x4_ASAP7_75t_SL            3  5.0    18    22     271    (-,-) 
  u_packed_mxfp_aitb_comp_top_g44705/Y                                          -       C->Y    F     NAND4xp75_ASAP7_75t_L          1  0.9    27    18     289    (-,-) 
  u_packed_mxfp_aitb_comp_top_g44611/Y                                          -       A1->Y   R     OAI21xp5_ASAP7_75t_SL          2  2.0    48    25     315    (-,-) 
  u_packed_mxfp_aitb_comp_top_g44497/Y                                          -       B->Y    R     AND2x4_ASAP7_75t_SL           12 10.2    32    32     347    (-,-) 
  u_packed_mxfp_aitb_comp_top_g44445/Y                                          -       B->Y    R     AND2x4_ASAP7_75t_SL            8  8.7    28    29     375    (-,-) 
  u_packed_mxfp_aitb_comp_top_g44400/Y                                          -       B->Y    R     AND2x2_ASAP7_75t_SL            9  6.2    37    33     408    (-,-) 
  u_packed_mxfp_aitb_comp_top_g44357/Y                                          -       B->Y    F     NAND2xp5_ASAP7_75t_SL          4  2.6    43    25     434    (-,-) 
  u_packed_mxfp_aitb_comp_top_g44304/Y                                          -       B->Y    R     NOR2xp33_ASAP7_75t_L           1  0.8    41    27     461    (-,-) 
  u_packed_mxfp_aitb_comp_top_g44210/Y                                          -       B->Y    F     AOI21xp5_ASAP7_75t_SL          1  1.8    38    22     482    (-,-) 
  u_packed_mxfp_aitb_comp_top_g44133/Y                                          -       B->Y    F     XOR2x1_ASAP7_75t_SL            2  2.0    31    31     514    (-,-) 
  u_packed_mxfp_aitb_comp_top_addinc_FP32_ALU_col1_fracAdder_add_113_18_g1656/Y -       B->Y    R     NOR2x1_ASAP7_75t_L             3  2.6    42    25     539    (-,-) 
  u_packed_mxfp_aitb_comp_top_addinc_FP32_ALU_col1_fracAdder_add_113_18_g1546/Y -       A->Y    F     NOR2x1_ASAP7_75t_L             2  2.5    34    27     566    (-,-) 
  u_packed_mxfp_aitb_comp_top_addinc_FP32_ALU_col1_fracAdder_add_113_18_g1476/Y -       A->Y    R     NAND2x1p5_ASAP7_75t_SL         2  1.7    26    18     584    (-,-) 
  u_packed_mxfp_aitb_comp_top_addinc_FP32_ALU_col1_fracAdder_add_113_18_g1464/Y -       A->Y    F     INVx1_ASAP7_75t_L              1  1.3    18    14     598    (-,-) 
  u_packed_mxfp_aitb_comp_top_addinc_FP32_ALU_col1_fracAdder_add_113_18_g1456/Y -       A->Y    F     AND2x4_ASAP7_75t_SL            4  4.1    14    23     621    (-,-) 
  u_packed_mxfp_aitb_comp_top_addinc_FP32_ALU_col1_fracAdder_add_113_18_g1451/Y -       A->Y    R     INVx2_ASAP7_75t_SL             1  1.3    11     8     629    (-,-) 
  u_packed_mxfp_aitb_comp_top_addinc_FP32_ALU_col1_fracAdder_add_113_18_g1431/Y -       B->Y    F     NOR2x1_ASAP7_75t_SL            1  1.4    27    11     640    (-,-) 
  u_packed_mxfp_aitb_comp_top_addinc_FP32_ALU_col1_fracAdder_add_113_18_g1379/Y -       A1->Y   R     AOI21x1_ASAP7_75t_SL           1  1.8    32    16     657    (-,-) 
  u_packed_mxfp_aitb_comp_top_addinc_FP32_ALU_col1_fracAdder_add_113_18_g1366/Y -       B->Y    R     XOR2x1_ASAP7_75t_SL            2  2.3    36    26     683    (-,-) 
  u_packed_mxfp_aitb_comp_top_g42644/Y                                          -       B->Y    F     NOR4xp75_ASAP7_75t_SL          1  1.2    30    12     695    (-,-) 
  u_packed_mxfp_aitb_comp_top_g41896/Y                                          -       B->Y    F     AND3x4_ASAP7_75t_SL            9  9.9    28    39     734    (-,-) 
  u_packed_mxfp_aitb_comp_top_g41856/Y                                          -       A2->Y   R     AOI21x1_ASAP7_75t_SL           2  2.6    43    21     754    (-,-) 
  u_packed_mxfp_aitb_comp_top_g41829/Y                                          -       C->Y    F     NAND4xp75_ASAP7_75t_SL         1  2.3    39    20     774    (-,-) 
  u_packed_mxfp_aitb_comp_top_g41816/Y                                          -       B->Y    R     NOR2x2_ASAP7_75t_SL            5  4.5    36    21     795    (-,-) 
  u_packed_mxfp_aitb_comp_top_g41797/Y                                          -       A2->Y   F     AOI21xp5_ASAP7_75t_SL          1  0.8    23    12     807    (-,-) 
  u_packed_mxfp_aitb_comp_top_g41778/Y                                          -       A->Y    F     AND2x2_ASAP7_75t_SL            1  1.3    12    23     830    (-,-) 
  u_packed_mxfp_aitb_comp_top_g41776/Y                                          -       A->Y    F     AND2x4_ASAP7_75t_SL            4  5.0    15    22     853    (-,-) 
  u_packed_mxfp_aitb_comp_top_g41763/Y                                          -       A2->Y   R     AOI21x1_ASAP7_75t_SL           2  2.1    35    17     869    (-,-) 
  u_packed_mxfp_aitb_comp_top_g41760/Y                                          -       A->Y    F     INVx1_ASAP7_75t_SL             1  1.4    20    12     882    (-,-) 
  u_packed_mxfp_aitb_comp_top_g41736/Y                                          -       B->Y    R     AOI21x1_ASAP7_75t_SL           2  1.8    31    18     899    (-,-) 
  u_packed_mxfp_aitb_comp_top_g41722/Y                                          -       B->Y    F     NAND2x1_ASAP7_75t_SL           1  1.3    19    11     910    (-,-) 
  u_packed_mxfp_aitb_comp_top_g41709/Y                                          -       A2->Y   R     AOI21x1_ASAP7_75t_SL           5  4.4    54    26     936    (-,-) 
  u_packed_mxfp_aitb_comp_top_g41705/Y                                          -       B->Y    R     AND2x4_ASAP7_75t_SL            7  5.7    22    27     963    (-,-) 
  u_packed_mxfp_aitb_comp_top_g41691/Y                                          -       A->Y    F     INVx2_ASAP7_75t_SL             2  1.6    12     8     971    (-,-) 
  u_packed_mxfp_aitb_comp_top_g41602/Y                                          -       A2->Y   F     AO22x2_ASAP7_75t_SL            3  3.6    22    30    1001    (-,-) 
  u_packed_mxfp_aitb_comp_top_g41552/Y                                          -       A->Y    F     BUFx6f_ASAP7_75t_SL            9 12.6    21    26    1027    (-,-) 
  u_packed_mxfp_aitb_comp_top_g41550/Y                                          -       A->Y    R     INVx8_ASAP7_75t_SL             8  6.1    15    10    1037    (-,-) 
  u_packed_mxfp_aitb_comp_top_g41437/Y                                          -       B->Y    F     NAND2xp5_ASAP7_75t_SL          1  1.8    33    16    1054    (-,-) 
  u_packed_mxfp_aitb_comp_top_g41269/Y                                          -       B->Y    R     NOR2x1p5_ASAP7_75t_SL          3  2.2    27    16    1070    (-,-) 
  u_packed_mxfp_aitb_comp_top_g41179/Y                                          -       B->Y    R     AND2x2_ASAP7_75t_SL            1  1.4    14    22    1091    (-,-) 
  u_packed_mxfp_aitb_comp_top_g40953/Y                                          -       B->Y    F     AOI21x1_ASAP7_75t_SL           1  1.8    29    12    1103    (-,-) 
  u_packed_mxfp_aitb_comp_top_g40882/Y                                          -       A->Y    R     NAND2x1p5_ASAP7_75t_SL         2  1.9    25    18    1120    (-,-) 
  u_packed_mxfp_aitb_comp_top_g40799/Y                                          -       B->Y    F     NAND2x1_ASAP7_75t_SL           1  1.8    24    12    1132    (-,-) 
  u_packed_mxfp_aitb_comp_top_g40753/Y                                          -       B->Y    R     NOR4xp75_ASAP7_75t_SL          1  1.6    42    23    1156    (-,-) 
  u_packed_mxfp_aitb_comp_top_g40742/Y                                          -       B->Y    F     NAND3x1_ASAP7_75t_SL           2  1.3    22    10    1166    (-,-) 
  u_packed_mxfp_aitb_comp_top_g40713/Y                                          -       B->Y    F     OR2x2_ASAP7_75t_SL             3  3.9    23    30    1196    (-,-) 
  u_packed_mxfp_aitb_comp_top_g40675/Y                                          -       B->Y    R     NOR2x1p5_ASAP7_75t_SL          2  2.4    31    15    1211    (-,-) 
  u_packed_mxfp_aitb_comp_top_g40620/Y                                          -       A->Y    F     NAND2x1p5_ASAP7_75t_SL         3  2.7    30    11    1223    (-,-) 
  u_packed_mxfp_aitb_comp_top_g40603/Y                                          -       A->Y    F     BUFx3_ASAP7_75t_SL             2  2.7    14    23    1246    (-,-) 
  u_packed_mxfp_aitb_comp_top_g40578/Y                                          -       B->Y    R     NOR2x1_ASAP7_75t_SL            2  3.0    35    19    1265    (-,-) 
  u_packed_mxfp_aitb_comp_top_g40552/Y                                          -       B->Y    F     NAND2x1p5_ASAP7_75t_SL         1  1.3    18     9    1274    (-,-) 
  u_packed_mxfp_aitb_comp_top_g40528/Y                                          -       A->Y    F     XNOR2xp5_ASAP7_75t_SL          2  1.3    28    26    1300    (-,-) 
  u_packed_mxfp_aitb_comp_top_g40512/Y                                          -       C->Y    R     NOR3xp33_ASAP7_75t_SL          1  0.8    38    21    1321    (-,-) 
  u_packed_mxfp_aitb_comp_top_g40511/Y                                          -       A->Y    F     NAND2xp5_ASAP7_75t_SL          1  1.3    30    14    1336    (-,-) 
  u_packed_mxfp_aitb_comp_top_g40507/Y                                          -       A2->Y   R     AOI21x1_ASAP7_75t_SL           1  1.5    49    16    1352    (-,-) 
  fopt6/Y                                                                       -       A->Y    R     BUFx6f_ASAP7_75t_SL            6 11.0    25    27    1379    (-,-) 
  fopt5/Y                                                                       -       A->Y    F     INVx4_ASAP7_75t_SL            12  8.4    22    14    1393    (-,-) 
  u_packed_mxfp_aitb_comp_top_g40456/Y                                          -       B->Y    R     NAND2xp5_ASAP7_75t_SL          1  0.9    24    15    1408    (-,-) 
  u_packed_mxfp_aitb_comp_top_PIPE_OUT_col1_stage_reg_reg[0][22]/D              -       -       R     ASYNC_DFFHx1_ASAP7_75t_SL      1    -     -     0    1408    (-,-) 
#------------------------------------------------------------------------------------------------------------------------------------------------------------------------



Path 33: VIOLATED (-522 ps) Setup Check with Pin u_packed_mxfp_aitb_comp_top_PIPE_OUT_col1_stage_reg_reg[0][20]/CLK->D
           View: PVT_0P63V_100C.setup_view
          Group: clk
     Startpoint: (R) u_packed_mxfp_aitb_comp_top_PIPE_OUT_col2_stage_reg_reg[0][6]/CLK
          Clock: (R) clk
       Endpoint: (F) u_packed_mxfp_aitb_comp_top_PIPE_OUT_col1_stage_reg_reg[0][20]/D
          Clock: (R) clk

                     Capture       Launch     
        Clock Edge:+    1000            0     
       Src Latency:+       0            0     
       Net Latency:+       0 (I)        0 (I) 
           Arrival:=    1000            0     
                                              
             Setup:-      17                  
       Uncertainty:-     100                  
     Required Time:=     883                  
      Launch Clock:-       0                  
         Data Path:-    1404                  
             Slack:=    -522                  

#------------------------------------------------------------------------------------------------------------------------------------------------------------------------
#                                 Timing Point                                  Flags    Arc    Edge           Cell             Fanout Load Trans Delay Arrival Instance 
#                                                                                                                                      (fF)  (ps)  (ps)   (ps)  Location 
#------------------------------------------------------------------------------------------------------------------------------------------------------------------------
  u_packed_mxfp_aitb_comp_top_PIPE_OUT_col2_stage_reg_reg[0][6]/CLK             -       -       R     (arrival)                   1219    -     0     0       0    (-,-) 
  u_packed_mxfp_aitb_comp_top_PIPE_OUT_col2_stage_reg_reg[0][6]/QN              -       CLK->QN F     ASYNC_DFFHx1_ASAP7_75t_SL      3  3.6    31    49      49    (-,-) 
  u_packed_mxfp_aitb_comp_top_g46030/Y                                          -       B2->Y   R     AOI22x1_ASAP7_75t_SL           4  3.2    67    25      74    (-,-) 
  u_packed_mxfp_aitb_comp_top_g45537/Y                                          -       B1->Y   F     OAI22x1_ASAP7_75t_SL           2  1.4    32    14      88    (-,-) 
  u_packed_mxfp_aitb_comp_top_g45418/Y                                          -       A->Y    R     NOR3xp33_ASAP7_75t_SL          1  0.8    40    23     111    (-,-) 
  u_packed_mxfp_aitb_comp_top_g45317/Y                                          -       C->Y    F     A2O1A1Ixp33_ASAP7_75t_SL       1  0.8    35    20     131    (-,-) 
  u_packed_mxfp_aitb_comp_top_g45191/Y                                          -       A1->Y   R     AOI21xp5_ASAP7_75t_SL          1  0.9    32    17     148    (-,-) 
  u_packed_mxfp_aitb_comp_top_g45163/Y                                          -       A2->Y   F     OAI21xp5_ASAP7_75t_SL          1  1.3    28    17     166    (-,-) 
  u_packed_mxfp_aitb_comp_top_g45157/Y                                          -       B->Y    F     AND2x4_ASAP7_75t_SL            3  6.4    18    27     192    (-,-) 
  u_packed_mxfp_aitb_comp_top_g45153/Y                                          -       A->Y    F     BUFx12f_ASAP7_75t_SL          11 13.4    16    22     214    (-,-) 
  u_packed_mxfp_aitb_comp_top_g45151/Y                                          -       A->Y    R     INVx8_ASAP7_75t_SL            10  9.6    17    12     225    (-,-) 
  u_packed_mxfp_aitb_comp_top_g44869/Y                                          -       A2->Y   R     OA22x2_ASAP7_75t_SL            2  1.9    18    24     249    (-,-) 
  u_packed_mxfp_aitb_comp_top_g44784/Y                                          -       B->Y    R     AND2x4_ASAP7_75t_SL            3  5.0    18    22     271    (-,-) 
  u_packed_mxfp_aitb_comp_top_g44705/Y                                          -       C->Y    F     NAND4xp75_ASAP7_75t_L          1  0.9    27    18     289    (-,-) 
  u_packed_mxfp_aitb_comp_top_g44611/Y                                          -       A1->Y   R     OAI21xp5_ASAP7_75t_SL          2  2.0    48    25     315    (-,-) 
  u_packed_mxfp_aitb_comp_top_g44497/Y                                          -       B->Y    R     AND2x4_ASAP7_75t_SL           12 10.2    32    32     347    (-,-) 
  u_packed_mxfp_aitb_comp_top_g44445/Y                                          -       B->Y    R     AND2x4_ASAP7_75t_SL            8  8.7    28    29     375    (-,-) 
  u_packed_mxfp_aitb_comp_top_g44400/Y                                          -       B->Y    R     AND2x2_ASAP7_75t_SL            9  6.2    37    33     408    (-,-) 
  u_packed_mxfp_aitb_comp_top_g44357/Y                                          -       B->Y    F     NAND2xp5_ASAP7_75t_SL          4  2.6    43    25     434    (-,-) 
  u_packed_mxfp_aitb_comp_top_g44304/Y                                          -       B->Y    R     NOR2xp33_ASAP7_75t_L           1  0.8    41    27     461    (-,-) 
  u_packed_mxfp_aitb_comp_top_g44210/Y                                          -       B->Y    F     AOI21xp5_ASAP7_75t_SL          1  1.8    38    22     482    (-,-) 
  u_packed_mxfp_aitb_comp_top_g44133/Y                                          -       B->Y    F     XOR2x1_ASAP7_75t_SL            2  2.0    31    31     514    (-,-) 
  u_packed_mxfp_aitb_comp_top_addinc_FP32_ALU_col1_fracAdder_add_113_18_g1656/Y -       B->Y    R     NOR2x1_ASAP7_75t_L             3  2.6    42    25     539    (-,-) 
  u_packed_mxfp_aitb_comp_top_addinc_FP32_ALU_col1_fracAdder_add_113_18_g1546/Y -       A->Y    F     NOR2x1_ASAP7_75t_L             2  2.5    34    27     566    (-,-) 
  u_packed_mxfp_aitb_comp_top_addinc_FP32_ALU_col1_fracAdder_add_113_18_g1476/Y -       A->Y    R     NAND2x1p5_ASAP7_75t_SL         2  1.7    26    18     584    (-,-) 
  u_packed_mxfp_aitb_comp_top_addinc_FP32_ALU_col1_fracAdder_add_113_18_g1464/Y -       A->Y    F     INVx1_ASAP7_75t_L              1  1.3    18    14     598    (-,-) 
  u_packed_mxfp_aitb_comp_top_addinc_FP32_ALU_col1_fracAdder_add_113_18_g1456/Y -       A->Y    F     AND2x4_ASAP7_75t_SL            4  4.1    14    23     621    (-,-) 
  u_packed_mxfp_aitb_comp_top_addinc_FP32_ALU_col1_fracAdder_add_113_18_g1451/Y -       A->Y    R     INVx2_ASAP7_75t_SL             1  1.3    11     8     629    (-,-) 
  u_packed_mxfp_aitb_comp_top_addinc_FP32_ALU_col1_fracAdder_add_113_18_g1431/Y -       B->Y    F     NOR2x1_ASAP7_75t_SL            1  1.4    27    11     640    (-,-) 
  u_packed_mxfp_aitb_comp_top_addinc_FP32_ALU_col1_fracAdder_add_113_18_g1379/Y -       A1->Y   R     AOI21x1_ASAP7_75t_SL           1  1.8    32    16     657    (-,-) 
  u_packed_mxfp_aitb_comp_top_addinc_FP32_ALU_col1_fracAdder_add_113_18_g1366/Y -       B->Y    R     XOR2x1_ASAP7_75t_SL            2  2.3    36    26     683    (-,-) 
  u_packed_mxfp_aitb_comp_top_g42644/Y                                          -       B->Y    F     NOR4xp75_ASAP7_75t_SL          1  1.2    30    12     695    (-,-) 
  u_packed_mxfp_aitb_comp_top_g41896/Y                                          -       B->Y    F     AND3x4_ASAP7_75t_SL            9  9.9    28    39     734    (-,-) 
  u_packed_mxfp_aitb_comp_top_g41856/Y                                          -       A2->Y   R     AOI21x1_ASAP7_75t_SL           2  2.6    43    21     754    (-,-) 
  u_packed_mxfp_aitb_comp_top_g41829/Y                                          -       C->Y    F     NAND4xp75_ASAP7_75t_SL         1  2.3    39    20     774    (-,-) 
  u_packed_mxfp_aitb_comp_top_g41816/Y                                          -       B->Y    R     NOR2x2_ASAP7_75t_SL            5  4.5    36    21     795    (-,-) 
  u_packed_mxfp_aitb_comp_top_g41797/Y                                          -       A2->Y   F     AOI21xp5_ASAP7_75t_SL          1  0.8    23    12     807    (-,-) 
  u_packed_mxfp_aitb_comp_top_g41778/Y                                          -       A->Y    F     AND2x2_ASAP7_75t_SL            1  1.3    12    23     830    (-,-) 
  u_packed_mxfp_aitb_comp_top_g41776/Y                                          -       A->Y    F     AND2x4_ASAP7_75t_SL            4  5.0    15    22     853    (-,-) 
  u_packed_mxfp_aitb_comp_top_g41763/Y                                          -       A2->Y   R     AOI21x1_ASAP7_75t_SL           2  2.1    35    17     869    (-,-) 
  u_packed_mxfp_aitb_comp_top_g41760/Y                                          -       A->Y    F     INVx1_ASAP7_75t_SL             1  1.4    20    12     882    (-,-) 
  u_packed_mxfp_aitb_comp_top_g41736/Y                                          -       B->Y    R     AOI21x1_ASAP7_75t_SL           2  1.8    31    18     899    (-,-) 
  u_packed_mxfp_aitb_comp_top_g41722/Y                                          -       B->Y    F     NAND2x1_ASAP7_75t_SL           1  1.3    19    11     910    (-,-) 
  u_packed_mxfp_aitb_comp_top_g41709/Y                                          -       A2->Y   R     AOI21x1_ASAP7_75t_SL           5  4.4    54    26     936    (-,-) 
  u_packed_mxfp_aitb_comp_top_g41708/Y                                          -       A->Y    F     INVxp67_ASAP7_75t_SL           1  1.3    29    17     953    (-,-) 
  u_packed_mxfp_aitb_comp_top_g41690/Y                                          -       B->Y    R     NAND2x1_ASAP7_75t_SL           1  1.3    29    17     970    (-,-) 
  u_packed_mxfp_aitb_comp_top_g41603/Y                                          -       B->Y    R     AND2x4_ASAP7_75t_SL           14 12.2    36    32    1002    (-,-) 
  u_packed_mxfp_aitb_comp_top_g41574/Y                                          -       A->Y    F     INVx4_ASAP7_75t_SL             3  2.4    14     8    1010    (-,-) 
  u_packed_mxfp_aitb_comp_top_g41392/Y                                          -       B2->Y   F     AO22x2_ASAP7_75t_SL            2  2.7    20    28    1038    (-,-) 
  u_packed_mxfp_aitb_comp_top_g41368/Y                                          -       A->Y    R     INVx2_ASAP7_75t_SL             1  1.3    13     9    1047    (-,-) 
  u_packed_mxfp_aitb_comp_top_g41239/Y                                          -       B1->Y   F     OAI22x1_ASAP7_75t_SL           3  2.9    33    16    1063    (-,-) 
  u_packed_mxfp_aitb_comp_top_g41022/Y                                          -       A2->Y   R     AOI222xp33_ASAP7_75t_SL        1  0.9    52    28    1091    (-,-) 
  u_packed_mxfp_aitb_comp_top_g40916/Y                                          -       B->Y    F     OAI21xp5_ASAP7_75t_SL          2  2.3    44    24    1115    (-,-) 
  u_packed_mxfp_aitb_comp_top_g40800/Y                                          -       A->Y    R     NAND2x1p5_ASAP7_75t_SL         1  1.8    29    20    1135    (-,-) 
  u_packed_mxfp_aitb_comp_top_g40753/Y                                          -       C->Y    F     NOR4xp75_ASAP7_75t_SL          1  1.5    25    13    1148    (-,-) 
  u_packed_mxfp_aitb_comp_top_g40742/Y                                          -       B->Y    R     NAND3x1_ASAP7_75t_SL           2  1.3    31    20    1168    (-,-) 
  u_packed_mxfp_aitb_comp_top_g40713/Y                                          -       B->Y    R     OR2x2_ASAP7_75t_SL             3  3.9    25    28    1196    (-,-) 
  u_packed_mxfp_aitb_comp_top_g40675/Y                                          -       B->Y    F     NOR2x1p5_ASAP7_75t_SL          2  2.4    26    13    1210    (-,-) 
  u_packed_mxfp_aitb_comp_top_g40620/Y                                          -       A->Y    R     NAND2x1p5_ASAP7_75t_SL         3  2.6    30    19    1228    (-,-) 
  u_packed_mxfp_aitb_comp_top_g40603/Y                                          -       A->Y    R     BUFx3_ASAP7_75t_SL             2  2.7    15    21    1250    (-,-) 
  u_packed_mxfp_aitb_comp_top_g40602/Y                                          -       A->Y    F     INVx2_ASAP7_75t_SL             1  1.8    11     8    1257    (-,-) 
  u_packed_mxfp_aitb_comp_top_g40579/Y                                          -       B->Y    R     NAND2x1p5_ASAP7_75t_SL         1  1.4    22    10    1268    (-,-) 
  u_packed_mxfp_aitb_comp_top_g40544/Y                                          -       A1->Y   F     OAI22x1_ASAP7_75t_SL           2  2.1    35    16    1283    (-,-) 
  u_packed_mxfp_aitb_comp_top_g40517/Y                                          -       B->Y    R     NAND3x1_ASAP7_75t_SL           1  0.8    35    20    1304    (-,-) 
  u_packed_mxfp_aitb_comp_top_g40512/Y                                          -       A->Y    F     NOR3xp33_ASAP7_75t_SL          1  0.8    26    14    1317    (-,-) 
  u_packed_mxfp_aitb_comp_top_g40511/Y                                          -       A->Y    R     NAND2xp5_ASAP7_75t_SL          1  1.3    30    19    1337    (-,-) 
  u_packed_mxfp_aitb_comp_top_g40507/Y                                          -       A2->Y   F     AOI21x1_ASAP7_75t_SL           1  1.5    34    11    1348    (-,-) 
  fopt6/Y                                                                       -       A->Y    F     BUFx6f_ASAP7_75t_SL            6 11.0    20    27    1375    (-,-) 
  fopt5/Y                                                                       -       A->Y    R     INVx4_ASAP7_75t_SL            12  8.4    26    16    1392    (-,-) 
  u_packed_mxfp_aitb_comp_top_g40458/Y                                          -       B->Y    F     NAND2xp5_ASAP7_75t_SL          1  0.9    21    13    1404    (-,-) 
  u_packed_mxfp_aitb_comp_top_PIPE_OUT_col1_stage_reg_reg[0][20]/D              -       -       F     ASYNC_DFFHx1_ASAP7_75t_SL      1    -     -     0    1404    (-,-) 
#------------------------------------------------------------------------------------------------------------------------------------------------------------------------



Path 34: VIOLATED (-522 ps) Setup Check with Pin u_packed_mxfp_aitb_comp_top_PIPE_OUT_col1_stage_reg_reg[0][16]/CLK->D
           View: PVT_0P63V_100C.setup_view
          Group: clk
     Startpoint: (R) u_packed_mxfp_aitb_comp_top_PIPE_OUT_col2_stage_reg_reg[0][6]/CLK
          Clock: (R) clk
       Endpoint: (R) u_packed_mxfp_aitb_comp_top_PIPE_OUT_col1_stage_reg_reg[0][16]/D
          Clock: (R) clk

                     Capture       Launch     
        Clock Edge:+    1000            0     
       Src Latency:+       0            0     
       Net Latency:+       0 (I)        0 (I) 
           Arrival:=    1000            0     
                                              
             Setup:-      14                  
       Uncertainty:-     100                  
     Required Time:=     886                  
      Launch Clock:-       0                  
         Data Path:-    1408                  
             Slack:=    -522                  

#------------------------------------------------------------------------------------------------------------------------------------------------------------------------
#                                 Timing Point                                  Flags    Arc    Edge           Cell             Fanout Load Trans Delay Arrival Instance 
#                                                                                                                                      (fF)  (ps)  (ps)   (ps)  Location 
#------------------------------------------------------------------------------------------------------------------------------------------------------------------------
  u_packed_mxfp_aitb_comp_top_PIPE_OUT_col2_stage_reg_reg[0][6]/CLK             -       -       R     (arrival)                   1219    -     0     0       0    (-,-) 
  u_packed_mxfp_aitb_comp_top_PIPE_OUT_col2_stage_reg_reg[0][6]/QN              -       CLK->QN F     ASYNC_DFFHx1_ASAP7_75t_SL      3  3.6    31    49      49    (-,-) 
  u_packed_mxfp_aitb_comp_top_g46030/Y                                          -       B2->Y   R     AOI22x1_ASAP7_75t_SL           4  3.2    67    25      74    (-,-) 
  u_packed_mxfp_aitb_comp_top_g45537/Y                                          -       B1->Y   F     OAI22x1_ASAP7_75t_SL           2  1.4    32    14      88    (-,-) 
  u_packed_mxfp_aitb_comp_top_g45418/Y                                          -       A->Y    R     NOR3xp33_ASAP7_75t_SL          1  0.8    40    23     111    (-,-) 
  u_packed_mxfp_aitb_comp_top_g45317/Y                                          -       C->Y    F     A2O1A1Ixp33_ASAP7_75t_SL       1  0.8    35    20     131    (-,-) 
  u_packed_mxfp_aitb_comp_top_g45191/Y                                          -       A1->Y   R     AOI21xp5_ASAP7_75t_SL          1  0.9    32    17     148    (-,-) 
  u_packed_mxfp_aitb_comp_top_g45163/Y                                          -       A2->Y   F     OAI21xp5_ASAP7_75t_SL          1  1.3    28    17     166    (-,-) 
  u_packed_mxfp_aitb_comp_top_g45157/Y                                          -       B->Y    F     AND2x4_ASAP7_75t_SL            3  6.4    18    27     192    (-,-) 
  u_packed_mxfp_aitb_comp_top_g45153/Y                                          -       A->Y    F     BUFx12f_ASAP7_75t_SL          11 13.4    16    22     214    (-,-) 
  u_packed_mxfp_aitb_comp_top_g45151/Y                                          -       A->Y    R     INVx8_ASAP7_75t_SL            10  9.6    17    12     225    (-,-) 
  u_packed_mxfp_aitb_comp_top_g44869/Y                                          -       A2->Y   R     OA22x2_ASAP7_75t_SL            2  1.9    18    24     249    (-,-) 
  u_packed_mxfp_aitb_comp_top_g44784/Y                                          -       B->Y    R     AND2x4_ASAP7_75t_SL            3  5.0    18    22     271    (-,-) 
  u_packed_mxfp_aitb_comp_top_g44705/Y                                          -       C->Y    F     NAND4xp75_ASAP7_75t_L          1  0.9    27    18     289    (-,-) 
  u_packed_mxfp_aitb_comp_top_g44611/Y                                          -       A1->Y   R     OAI21xp5_ASAP7_75t_SL          2  2.0    48    25     315    (-,-) 
  u_packed_mxfp_aitb_comp_top_g44497/Y                                          -       B->Y    R     AND2x4_ASAP7_75t_SL           12 10.2    32    32     347    (-,-) 
  u_packed_mxfp_aitb_comp_top_g44445/Y                                          -       B->Y    R     AND2x4_ASAP7_75t_SL            8  8.7    28    29     375    (-,-) 
  u_packed_mxfp_aitb_comp_top_g44400/Y                                          -       B->Y    R     AND2x2_ASAP7_75t_SL            9  6.2    37    33     408    (-,-) 
  u_packed_mxfp_aitb_comp_top_g44357/Y                                          -       B->Y    F     NAND2xp5_ASAP7_75t_SL          4  2.6    43    25     434    (-,-) 
  u_packed_mxfp_aitb_comp_top_g44304/Y                                          -       B->Y    R     NOR2xp33_ASAP7_75t_L           1  0.8    41    27     461    (-,-) 
  u_packed_mxfp_aitb_comp_top_g44210/Y                                          -       B->Y    F     AOI21xp5_ASAP7_75t_SL          1  1.8    38    22     482    (-,-) 
  u_packed_mxfp_aitb_comp_top_g44133/Y                                          -       B->Y    F     XOR2x1_ASAP7_75t_SL            2  2.0    31    31     514    (-,-) 
  u_packed_mxfp_aitb_comp_top_addinc_FP32_ALU_col1_fracAdder_add_113_18_g1656/Y -       B->Y    R     NOR2x1_ASAP7_75t_L             3  2.6    42    25     539    (-,-) 
  u_packed_mxfp_aitb_comp_top_addinc_FP32_ALU_col1_fracAdder_add_113_18_g1546/Y -       A->Y    F     NOR2x1_ASAP7_75t_L             2  2.5    34    27     566    (-,-) 
  u_packed_mxfp_aitb_comp_top_addinc_FP32_ALU_col1_fracAdder_add_113_18_g1476/Y -       A->Y    R     NAND2x1p5_ASAP7_75t_SL         2  1.7    26    18     584    (-,-) 
  u_packed_mxfp_aitb_comp_top_addinc_FP32_ALU_col1_fracAdder_add_113_18_g1464/Y -       A->Y    F     INVx1_ASAP7_75t_L              1  1.3    18    14     598    (-,-) 
  u_packed_mxfp_aitb_comp_top_addinc_FP32_ALU_col1_fracAdder_add_113_18_g1456/Y -       A->Y    F     AND2x4_ASAP7_75t_SL            4  4.1    14    23     621    (-,-) 
  u_packed_mxfp_aitb_comp_top_addinc_FP32_ALU_col1_fracAdder_add_113_18_g1451/Y -       A->Y    R     INVx2_ASAP7_75t_SL             1  1.3    11     8     629    (-,-) 
  u_packed_mxfp_aitb_comp_top_addinc_FP32_ALU_col1_fracAdder_add_113_18_g1431/Y -       B->Y    F     NOR2x1_ASAP7_75t_SL            1  1.4    27    11     640    (-,-) 
  u_packed_mxfp_aitb_comp_top_addinc_FP32_ALU_col1_fracAdder_add_113_18_g1379/Y -       A1->Y   R     AOI21x1_ASAP7_75t_SL           1  1.8    32    16     657    (-,-) 
  u_packed_mxfp_aitb_comp_top_addinc_FP32_ALU_col1_fracAdder_add_113_18_g1366/Y -       B->Y    R     XOR2x1_ASAP7_75t_SL            2  2.3    36    26     683    (-,-) 
  u_packed_mxfp_aitb_comp_top_g42644/Y                                          -       B->Y    F     NOR4xp75_ASAP7_75t_SL          1  1.2    30    12     695    (-,-) 
  u_packed_mxfp_aitb_comp_top_g41896/Y                                          -       B->Y    F     AND3x4_ASAP7_75t_SL            9  9.9    28    39     734    (-,-) 
  u_packed_mxfp_aitb_comp_top_g41856/Y                                          -       A2->Y   R     AOI21x1_ASAP7_75t_SL           2  2.6    43    21     754    (-,-) 
  u_packed_mxfp_aitb_comp_top_g41829/Y                                          -       C->Y    F     NAND4xp75_ASAP7_75t_SL         1  2.3    39    20     774    (-,-) 
  u_packed_mxfp_aitb_comp_top_g41816/Y                                          -       B->Y    R     NOR2x2_ASAP7_75t_SL            5  4.5    36    21     795    (-,-) 
  u_packed_mxfp_aitb_comp_top_g41797/Y                                          -       A2->Y   F     AOI21xp5_ASAP7_75t_SL          1  0.8    23    12     807    (-,-) 
  u_packed_mxfp_aitb_comp_top_g41778/Y                                          -       A->Y    F     AND2x2_ASAP7_75t_SL            1  1.3    12    23     830    (-,-) 
  u_packed_mxfp_aitb_comp_top_g41776/Y                                          -       A->Y    F     AND2x4_ASAP7_75t_SL            4  5.0    15    22     853    (-,-) 
  u_packed_mxfp_aitb_comp_top_g41763/Y                                          -       A2->Y   R     AOI21x1_ASAP7_75t_SL           2  2.1    35    17     869    (-,-) 
  u_packed_mxfp_aitb_comp_top_g41760/Y                                          -       A->Y    F     INVx1_ASAP7_75t_SL             1  1.4    20    12     882    (-,-) 
  u_packed_mxfp_aitb_comp_top_g41736/Y                                          -       B->Y    R     AOI21x1_ASAP7_75t_SL           2  1.8    31    18     899    (-,-) 
  u_packed_mxfp_aitb_comp_top_g41722/Y                                          -       B->Y    F     NAND2x1_ASAP7_75t_SL           1  1.3    19    11     910    (-,-) 
  u_packed_mxfp_aitb_comp_top_g41709/Y                                          -       A2->Y   R     AOI21x1_ASAP7_75t_SL           5  4.4    54    26     936    (-,-) 
  u_packed_mxfp_aitb_comp_top_g41705/Y                                          -       B->Y    R     AND2x4_ASAP7_75t_SL            7  5.7    22    27     963    (-,-) 
  u_packed_mxfp_aitb_comp_top_g41691/Y                                          -       A->Y    F     INVx2_ASAP7_75t_SL             2  1.6    12     8     971    (-,-) 
  u_packed_mxfp_aitb_comp_top_g41602/Y                                          -       A2->Y   F     AO22x2_ASAP7_75t_SL            3  3.6    22    30    1001    (-,-) 
  u_packed_mxfp_aitb_comp_top_g41552/Y                                          -       A->Y    F     BUFx6f_ASAP7_75t_SL            9 12.6    21    26    1027    (-,-) 
  u_packed_mxfp_aitb_comp_top_g41550/Y                                          -       A->Y    R     INVx8_ASAP7_75t_SL             8  6.1    15    10    1037    (-,-) 
  u_packed_mxfp_aitb_comp_top_g41437/Y                                          -       B->Y    F     NAND2xp5_ASAP7_75t_SL          1  1.8    33    16    1054    (-,-) 
  u_packed_mxfp_aitb_comp_top_g41269/Y                                          -       B->Y    R     NOR2x1p5_ASAP7_75t_SL          3  2.2    27    16    1070    (-,-) 
  u_packed_mxfp_aitb_comp_top_g41179/Y                                          -       B->Y    R     AND2x2_ASAP7_75t_SL            1  1.4    14    22    1091    (-,-) 
  u_packed_mxfp_aitb_comp_top_g40953/Y                                          -       B->Y    F     AOI21x1_ASAP7_75t_SL           1  1.8    29    12    1103    (-,-) 
  u_packed_mxfp_aitb_comp_top_g40882/Y                                          -       A->Y    R     NAND2x1p5_ASAP7_75t_SL         2  1.9    25    18    1120    (-,-) 
  u_packed_mxfp_aitb_comp_top_g40799/Y                                          -       B->Y    F     NAND2x1_ASAP7_75t_SL           1  1.8    24    12    1132    (-,-) 
  u_packed_mxfp_aitb_comp_top_g40753/Y                                          -       B->Y    R     NOR4xp75_ASAP7_75t_SL          1  1.6    42    23    1156    (-,-) 
  u_packed_mxfp_aitb_comp_top_g40742/Y                                          -       B->Y    F     NAND3x1_ASAP7_75t_SL           2  1.3    22    10    1166    (-,-) 
  u_packed_mxfp_aitb_comp_top_g40713/Y                                          -       B->Y    F     OR2x2_ASAP7_75t_SL             3  3.9    23    30    1196    (-,-) 
  u_packed_mxfp_aitb_comp_top_g40675/Y                                          -       B->Y    R     NOR2x1p5_ASAP7_75t_SL          2  2.4    31    15    1211    (-,-) 
  u_packed_mxfp_aitb_comp_top_g40620/Y                                          -       A->Y    F     NAND2x1p5_ASAP7_75t_SL         3  2.7    30    11    1223    (-,-) 
  u_packed_mxfp_aitb_comp_top_g40603/Y                                          -       A->Y    F     BUFx3_ASAP7_75t_SL             2  2.7    14    23    1246    (-,-) 
  u_packed_mxfp_aitb_comp_top_g40578/Y                                          -       B->Y    R     NOR2x1_ASAP7_75t_SL            2  3.0    35    19    1265    (-,-) 
  u_packed_mxfp_aitb_comp_top_g40552/Y                                          -       B->Y    F     NAND2x1p5_ASAP7_75t_SL         1  1.3    18     9    1274    (-,-) 
  u_packed_mxfp_aitb_comp_top_g40528/Y                                          -       A->Y    F     XNOR2xp5_ASAP7_75t_SL          2  1.3    28    26    1300    (-,-) 
  u_packed_mxfp_aitb_comp_top_g40512/Y                                          -       C->Y    R     NOR3xp33_ASAP7_75t_SL          1  0.8    38    21    1321    (-,-) 
  u_packed_mxfp_aitb_comp_top_g40511/Y                                          -       A->Y    F     NAND2xp5_ASAP7_75t_SL          1  1.3    30    14    1336    (-,-) 
  u_packed_mxfp_aitb_comp_top_g40507/Y                                          -       A2->Y   R     AOI21x1_ASAP7_75t_SL           1  1.5    49    16    1352    (-,-) 
  fopt6/Y                                                                       -       A->Y    R     BUFx6f_ASAP7_75t_SL            6 11.0    25    27    1379    (-,-) 
  fopt5/Y                                                                       -       A->Y    F     INVx4_ASAP7_75t_SL            12  8.4    22    14    1393    (-,-) 
  u_packed_mxfp_aitb_comp_top_g40466/Y                                          -       B->Y    R     NAND2xp5_ASAP7_75t_SL          1  0.9    24    15    1408    (-,-) 
  u_packed_mxfp_aitb_comp_top_PIPE_OUT_col1_stage_reg_reg[0][16]/D              -       -       R     ASYNC_DFFHx1_ASAP7_75t_SL      1    -     -     0    1408    (-,-) 
#------------------------------------------------------------------------------------------------------------------------------------------------------------------------



Path 35: VIOLATED (-522 ps) Setup Check with Pin u_packed_mxfp_aitb_comp_top_PIPE_OUT_col1_stage_reg_reg[0][12]/CLK->D
           View: PVT_0P63V_100C.setup_view
          Group: clk
     Startpoint: (R) u_packed_mxfp_aitb_comp_top_PIPE_OUT_col2_stage_reg_reg[0][6]/CLK
          Clock: (R) clk
       Endpoint: (R) u_packed_mxfp_aitb_comp_top_PIPE_OUT_col1_stage_reg_reg[0][12]/D
          Clock: (R) clk

                     Capture       Launch     
        Clock Edge:+    1000            0     
       Src Latency:+       0            0     
       Net Latency:+       0 (I)        0 (I) 
           Arrival:=    1000            0     
                                              
             Setup:-      14                  
       Uncertainty:-     100                  
     Required Time:=     886                  
      Launch Clock:-       0                  
         Data Path:-    1408                  
             Slack:=    -522                  

#------------------------------------------------------------------------------------------------------------------------------------------------------------------------
#                                 Timing Point                                  Flags    Arc    Edge           Cell             Fanout Load Trans Delay Arrival Instance 
#                                                                                                                                      (fF)  (ps)  (ps)   (ps)  Location 
#------------------------------------------------------------------------------------------------------------------------------------------------------------------------
  u_packed_mxfp_aitb_comp_top_PIPE_OUT_col2_stage_reg_reg[0][6]/CLK             -       -       R     (arrival)                   1219    -     0     0       0    (-,-) 
  u_packed_mxfp_aitb_comp_top_PIPE_OUT_col2_stage_reg_reg[0][6]/QN              -       CLK->QN F     ASYNC_DFFHx1_ASAP7_75t_SL      3  3.6    31    49      49    (-,-) 
  u_packed_mxfp_aitb_comp_top_g46030/Y                                          -       B2->Y   R     AOI22x1_ASAP7_75t_SL           4  3.2    67    25      74    (-,-) 
  u_packed_mxfp_aitb_comp_top_g45537/Y                                          -       B1->Y   F     OAI22x1_ASAP7_75t_SL           2  1.4    32    14      88    (-,-) 
  u_packed_mxfp_aitb_comp_top_g45418/Y                                          -       A->Y    R     NOR3xp33_ASAP7_75t_SL          1  0.8    40    23     111    (-,-) 
  u_packed_mxfp_aitb_comp_top_g45317/Y                                          -       C->Y    F     A2O1A1Ixp33_ASAP7_75t_SL       1  0.8    35    20     131    (-,-) 
  u_packed_mxfp_aitb_comp_top_g45191/Y                                          -       A1->Y   R     AOI21xp5_ASAP7_75t_SL          1  0.9    32    17     148    (-,-) 
  u_packed_mxfp_aitb_comp_top_g45163/Y                                          -       A2->Y   F     OAI21xp5_ASAP7_75t_SL          1  1.3    28    17     166    (-,-) 
  u_packed_mxfp_aitb_comp_top_g45157/Y                                          -       B->Y    F     AND2x4_ASAP7_75t_SL            3  6.4    18    27     192    (-,-) 
  u_packed_mxfp_aitb_comp_top_g45153/Y                                          -       A->Y    F     BUFx12f_ASAP7_75t_SL          11 13.4    16    22     214    (-,-) 
  u_packed_mxfp_aitb_comp_top_g45151/Y                                          -       A->Y    R     INVx8_ASAP7_75t_SL            10  9.6    17    12     225    (-,-) 
  u_packed_mxfp_aitb_comp_top_g44869/Y                                          -       A2->Y   R     OA22x2_ASAP7_75t_SL            2  1.9    18    24     249    (-,-) 
  u_packed_mxfp_aitb_comp_top_g44784/Y                                          -       B->Y    R     AND2x4_ASAP7_75t_SL            3  5.0    18    22     271    (-,-) 
  u_packed_mxfp_aitb_comp_top_g44705/Y                                          -       C->Y    F     NAND4xp75_ASAP7_75t_L          1  0.9    27    18     289    (-,-) 
  u_packed_mxfp_aitb_comp_top_g44611/Y                                          -       A1->Y   R     OAI21xp5_ASAP7_75t_SL          2  2.0    48    25     315    (-,-) 
  u_packed_mxfp_aitb_comp_top_g44497/Y                                          -       B->Y    R     AND2x4_ASAP7_75t_SL           12 10.2    32    32     347    (-,-) 
  u_packed_mxfp_aitb_comp_top_g44445/Y                                          -       B->Y    R     AND2x4_ASAP7_75t_SL            8  8.7    28    29     375    (-,-) 
  u_packed_mxfp_aitb_comp_top_g44400/Y                                          -       B->Y    R     AND2x2_ASAP7_75t_SL            9  6.2    37    33     408    (-,-) 
  u_packed_mxfp_aitb_comp_top_g44357/Y                                          -       B->Y    F     NAND2xp5_ASAP7_75t_SL          4  2.6    43    25     434    (-,-) 
  u_packed_mxfp_aitb_comp_top_g44304/Y                                          -       B->Y    R     NOR2xp33_ASAP7_75t_L           1  0.8    41    27     461    (-,-) 
  u_packed_mxfp_aitb_comp_top_g44210/Y                                          -       B->Y    F     AOI21xp5_ASAP7_75t_SL          1  1.8    38    22     482    (-,-) 
  u_packed_mxfp_aitb_comp_top_g44133/Y                                          -       B->Y    F     XOR2x1_ASAP7_75t_SL            2  2.0    31    31     514    (-,-) 
  u_packed_mxfp_aitb_comp_top_addinc_FP32_ALU_col1_fracAdder_add_113_18_g1656/Y -       B->Y    R     NOR2x1_ASAP7_75t_L             3  2.6    42    25     539    (-,-) 
  u_packed_mxfp_aitb_comp_top_addinc_FP32_ALU_col1_fracAdder_add_113_18_g1546/Y -       A->Y    F     NOR2x1_ASAP7_75t_L             2  2.5    34    27     566    (-,-) 
  u_packed_mxfp_aitb_comp_top_addinc_FP32_ALU_col1_fracAdder_add_113_18_g1476/Y -       A->Y    R     NAND2x1p5_ASAP7_75t_SL         2  1.7    26    18     584    (-,-) 
  u_packed_mxfp_aitb_comp_top_addinc_FP32_ALU_col1_fracAdder_add_113_18_g1464/Y -       A->Y    F     INVx1_ASAP7_75t_L              1  1.3    18    14     598    (-,-) 
  u_packed_mxfp_aitb_comp_top_addinc_FP32_ALU_col1_fracAdder_add_113_18_g1456/Y -       A->Y    F     AND2x4_ASAP7_75t_SL            4  4.1    14    23     621    (-,-) 
  u_packed_mxfp_aitb_comp_top_addinc_FP32_ALU_col1_fracAdder_add_113_18_g1451/Y -       A->Y    R     INVx2_ASAP7_75t_SL             1  1.3    11     8     629    (-,-) 
  u_packed_mxfp_aitb_comp_top_addinc_FP32_ALU_col1_fracAdder_add_113_18_g1431/Y -       B->Y    F     NOR2x1_ASAP7_75t_SL            1  1.4    27    11     640    (-,-) 
  u_packed_mxfp_aitb_comp_top_addinc_FP32_ALU_col1_fracAdder_add_113_18_g1379/Y -       A1->Y   R     AOI21x1_ASAP7_75t_SL           1  1.8    32    16     657    (-,-) 
  u_packed_mxfp_aitb_comp_top_addinc_FP32_ALU_col1_fracAdder_add_113_18_g1366/Y -       B->Y    R     XOR2x1_ASAP7_75t_SL            2  2.3    36    26     683    (-,-) 
  u_packed_mxfp_aitb_comp_top_g42644/Y                                          -       B->Y    F     NOR4xp75_ASAP7_75t_SL          1  1.2    30    12     695    (-,-) 
  u_packed_mxfp_aitb_comp_top_g41896/Y                                          -       B->Y    F     AND3x4_ASAP7_75t_SL            9  9.9    28    39     734    (-,-) 
  u_packed_mxfp_aitb_comp_top_g41856/Y                                          -       A2->Y   R     AOI21x1_ASAP7_75t_SL           2  2.6    43    21     754    (-,-) 
  u_packed_mxfp_aitb_comp_top_g41829/Y                                          -       C->Y    F     NAND4xp75_ASAP7_75t_SL         1  2.3    39    20     774    (-,-) 
  u_packed_mxfp_aitb_comp_top_g41816/Y                                          -       B->Y    R     NOR2x2_ASAP7_75t_SL            5  4.5    36    21     795    (-,-) 
  u_packed_mxfp_aitb_comp_top_g41797/Y                                          -       A2->Y   F     AOI21xp5_ASAP7_75t_SL          1  0.8    23    12     807    (-,-) 
  u_packed_mxfp_aitb_comp_top_g41778/Y                                          -       A->Y    F     AND2x2_ASAP7_75t_SL            1  1.3    12    23     830    (-,-) 
  u_packed_mxfp_aitb_comp_top_g41776/Y                                          -       A->Y    F     AND2x4_ASAP7_75t_SL            4  5.0    15    22     853    (-,-) 
  u_packed_mxfp_aitb_comp_top_g41763/Y                                          -       A2->Y   R     AOI21x1_ASAP7_75t_SL           2  2.1    35    17     869    (-,-) 
  u_packed_mxfp_aitb_comp_top_g41760/Y                                          -       A->Y    F     INVx1_ASAP7_75t_SL             1  1.4    20    12     882    (-,-) 
  u_packed_mxfp_aitb_comp_top_g41736/Y                                          -       B->Y    R     AOI21x1_ASAP7_75t_SL           2  1.8    31    18     899    (-,-) 
  u_packed_mxfp_aitb_comp_top_g41722/Y                                          -       B->Y    F     NAND2x1_ASAP7_75t_SL           1  1.3    19    11     910    (-,-) 
  u_packed_mxfp_aitb_comp_top_g41709/Y                                          -       A2->Y   R     AOI21x1_ASAP7_75t_SL           5  4.4    54    26     936    (-,-) 
  u_packed_mxfp_aitb_comp_top_g41705/Y                                          -       B->Y    R     AND2x4_ASAP7_75t_SL            7  5.7    22    27     963    (-,-) 
  u_packed_mxfp_aitb_comp_top_g41691/Y                                          -       A->Y    F     INVx2_ASAP7_75t_SL             2  1.6    12     8     971    (-,-) 
  u_packed_mxfp_aitb_comp_top_g41602/Y                                          -       A2->Y   F     AO22x2_ASAP7_75t_SL            3  3.6    22    30    1001    (-,-) 
  u_packed_mxfp_aitb_comp_top_g41552/Y                                          -       A->Y    F     BUFx6f_ASAP7_75t_SL            9 12.6    21    26    1027    (-,-) 
  u_packed_mxfp_aitb_comp_top_g41550/Y                                          -       A->Y    R     INVx8_ASAP7_75t_SL             8  6.1    15    10    1037    (-,-) 
  u_packed_mxfp_aitb_comp_top_g41437/Y                                          -       B->Y    F     NAND2xp5_ASAP7_75t_SL          1  1.8    33    16    1054    (-,-) 
  u_packed_mxfp_aitb_comp_top_g41269/Y                                          -       B->Y    R     NOR2x1p5_ASAP7_75t_SL          3  2.2    27    16    1070    (-,-) 
  u_packed_mxfp_aitb_comp_top_g41179/Y                                          -       B->Y    R     AND2x2_ASAP7_75t_SL            1  1.4    14    22    1091    (-,-) 
  u_packed_mxfp_aitb_comp_top_g40953/Y                                          -       B->Y    F     AOI21x1_ASAP7_75t_SL           1  1.8    29    12    1103    (-,-) 
  u_packed_mxfp_aitb_comp_top_g40882/Y                                          -       A->Y    R     NAND2x1p5_ASAP7_75t_SL         2  1.9    25    18    1120    (-,-) 
  u_packed_mxfp_aitb_comp_top_g40799/Y                                          -       B->Y    F     NAND2x1_ASAP7_75t_SL           1  1.8    24    12    1132    (-,-) 
  u_packed_mxfp_aitb_comp_top_g40753/Y                                          -       B->Y    R     NOR4xp75_ASAP7_75t_SL          1  1.6    42    23    1156    (-,-) 
  u_packed_mxfp_aitb_comp_top_g40742/Y                                          -       B->Y    F     NAND3x1_ASAP7_75t_SL           2  1.3    22    10    1166    (-,-) 
  u_packed_mxfp_aitb_comp_top_g40713/Y                                          -       B->Y    F     OR2x2_ASAP7_75t_SL             3  3.9    23    30    1196    (-,-) 
  u_packed_mxfp_aitb_comp_top_g40675/Y                                          -       B->Y    R     NOR2x1p5_ASAP7_75t_SL          2  2.4    31    15    1211    (-,-) 
  u_packed_mxfp_aitb_comp_top_g40620/Y                                          -       A->Y    F     NAND2x1p5_ASAP7_75t_SL         3  2.7    30    11    1223    (-,-) 
  u_packed_mxfp_aitb_comp_top_g40603/Y                                          -       A->Y    F     BUFx3_ASAP7_75t_SL             2  2.7    14    23    1246    (-,-) 
  u_packed_mxfp_aitb_comp_top_g40578/Y                                          -       B->Y    R     NOR2x1_ASAP7_75t_SL            2  3.0    35    19    1265    (-,-) 
  u_packed_mxfp_aitb_comp_top_g40552/Y                                          -       B->Y    F     NAND2x1p5_ASAP7_75t_SL         1  1.3    18     9    1274    (-,-) 
  u_packed_mxfp_aitb_comp_top_g40528/Y                                          -       A->Y    F     XNOR2xp5_ASAP7_75t_SL          2  1.3    28    26    1300    (-,-) 
  u_packed_mxfp_aitb_comp_top_g40512/Y                                          -       C->Y    R     NOR3xp33_ASAP7_75t_SL          1  0.8    38    21    1321    (-,-) 
  u_packed_mxfp_aitb_comp_top_g40511/Y                                          -       A->Y    F     NAND2xp5_ASAP7_75t_SL          1  1.3    30    14    1336    (-,-) 
  u_packed_mxfp_aitb_comp_top_g40507/Y                                          -       A2->Y   R     AOI21x1_ASAP7_75t_SL           1  1.5    49    16    1352    (-,-) 
  fopt6/Y                                                                       -       A->Y    R     BUFx6f_ASAP7_75t_SL            6 11.0    25    27    1379    (-,-) 
  fopt5/Y                                                                       -       A->Y    F     INVx4_ASAP7_75t_SL            12  8.4    22    14    1393    (-,-) 
  u_packed_mxfp_aitb_comp_top_g40453/Y                                          -       B->Y    R     NAND2xp5_ASAP7_75t_SL          1  0.9    24    15    1408    (-,-) 
  u_packed_mxfp_aitb_comp_top_PIPE_OUT_col1_stage_reg_reg[0][12]/D              -       -       R     ASYNC_DFFHx1_ASAP7_75t_SL      1    -     -     0    1408    (-,-) 
#------------------------------------------------------------------------------------------------------------------------------------------------------------------------



Path 36: VIOLATED (-522 ps) Setup Check with Pin u_packed_mxfp_aitb_comp_top_PIPE_OUT_col1_stage_reg_reg[0][8]/CLK->D
           View: PVT_0P63V_100C.setup_view
          Group: clk
     Startpoint: (R) u_packed_mxfp_aitb_comp_top_PIPE_OUT_col2_stage_reg_reg[0][6]/CLK
          Clock: (R) clk
       Endpoint: (F) u_packed_mxfp_aitb_comp_top_PIPE_OUT_col1_stage_reg_reg[0][8]/D
          Clock: (R) clk

                     Capture       Launch     
        Clock Edge:+    1000            0     
       Src Latency:+       0            0     
       Net Latency:+       0 (I)        0 (I) 
           Arrival:=    1000            0     
                                              
             Setup:-      17                  
       Uncertainty:-     100                  
     Required Time:=     883                  
      Launch Clock:-       0                  
         Data Path:-    1404                  
             Slack:=    -522                  

#------------------------------------------------------------------------------------------------------------------------------------------------------------------------
#                                 Timing Point                                  Flags    Arc    Edge           Cell             Fanout Load Trans Delay Arrival Instance 
#                                                                                                                                      (fF)  (ps)  (ps)   (ps)  Location 
#------------------------------------------------------------------------------------------------------------------------------------------------------------------------
  u_packed_mxfp_aitb_comp_top_PIPE_OUT_col2_stage_reg_reg[0][6]/CLK             -       -       R     (arrival)                   1219    -     0     0       0    (-,-) 
  u_packed_mxfp_aitb_comp_top_PIPE_OUT_col2_stage_reg_reg[0][6]/QN              -       CLK->QN F     ASYNC_DFFHx1_ASAP7_75t_SL      3  3.6    31    49      49    (-,-) 
  u_packed_mxfp_aitb_comp_top_g46030/Y                                          -       B2->Y   R     AOI22x1_ASAP7_75t_SL           4  3.2    67    25      74    (-,-) 
  u_packed_mxfp_aitb_comp_top_g45537/Y                                          -       B1->Y   F     OAI22x1_ASAP7_75t_SL           2  1.4    32    14      88    (-,-) 
  u_packed_mxfp_aitb_comp_top_g45418/Y                                          -       A->Y    R     NOR3xp33_ASAP7_75t_SL          1  0.8    40    23     111    (-,-) 
  u_packed_mxfp_aitb_comp_top_g45317/Y                                          -       C->Y    F     A2O1A1Ixp33_ASAP7_75t_SL       1  0.8    35    20     131    (-,-) 
  u_packed_mxfp_aitb_comp_top_g45191/Y                                          -       A1->Y   R     AOI21xp5_ASAP7_75t_SL          1  0.9    32    17     148    (-,-) 
  u_packed_mxfp_aitb_comp_top_g45163/Y                                          -       A2->Y   F     OAI21xp5_ASAP7_75t_SL          1  1.3    28    17     166    (-,-) 
  u_packed_mxfp_aitb_comp_top_g45157/Y                                          -       B->Y    F     AND2x4_ASAP7_75t_SL            3  6.4    18    27     192    (-,-) 
  u_packed_mxfp_aitb_comp_top_g45153/Y                                          -       A->Y    F     BUFx12f_ASAP7_75t_SL          11 13.4    16    22     214    (-,-) 
  u_packed_mxfp_aitb_comp_top_g45151/Y                                          -       A->Y    R     INVx8_ASAP7_75t_SL            10  9.6    17    12     225    (-,-) 
  u_packed_mxfp_aitb_comp_top_g44869/Y                                          -       A2->Y   R     OA22x2_ASAP7_75t_SL            2  1.9    18    24     249    (-,-) 
  u_packed_mxfp_aitb_comp_top_g44784/Y                                          -       B->Y    R     AND2x4_ASAP7_75t_SL            3  5.0    18    22     271    (-,-) 
  u_packed_mxfp_aitb_comp_top_g44705/Y                                          -       C->Y    F     NAND4xp75_ASAP7_75t_L          1  0.9    27    18     289    (-,-) 
  u_packed_mxfp_aitb_comp_top_g44611/Y                                          -       A1->Y   R     OAI21xp5_ASAP7_75t_SL          2  2.0    48    25     315    (-,-) 
  u_packed_mxfp_aitb_comp_top_g44497/Y                                          -       B->Y    R     AND2x4_ASAP7_75t_SL           12 10.2    32    32     347    (-,-) 
  u_packed_mxfp_aitb_comp_top_g44445/Y                                          -       B->Y    R     AND2x4_ASAP7_75t_SL            8  8.7    28    29     375    (-,-) 
  u_packed_mxfp_aitb_comp_top_g44400/Y                                          -       B->Y    R     AND2x2_ASAP7_75t_SL            9  6.2    37    33     408    (-,-) 
  u_packed_mxfp_aitb_comp_top_g44357/Y                                          -       B->Y    F     NAND2xp5_ASAP7_75t_SL          4  2.6    43    25     434    (-,-) 
  u_packed_mxfp_aitb_comp_top_g44304/Y                                          -       B->Y    R     NOR2xp33_ASAP7_75t_L           1  0.8    41    27     461    (-,-) 
  u_packed_mxfp_aitb_comp_top_g44210/Y                                          -       B->Y    F     AOI21xp5_ASAP7_75t_SL          1  1.8    38    22     482    (-,-) 
  u_packed_mxfp_aitb_comp_top_g44133/Y                                          -       B->Y    F     XOR2x1_ASAP7_75t_SL            2  2.0    31    31     514    (-,-) 
  u_packed_mxfp_aitb_comp_top_addinc_FP32_ALU_col1_fracAdder_add_113_18_g1656/Y -       B->Y    R     NOR2x1_ASAP7_75t_L             3  2.6    42    25     539    (-,-) 
  u_packed_mxfp_aitb_comp_top_addinc_FP32_ALU_col1_fracAdder_add_113_18_g1546/Y -       A->Y    F     NOR2x1_ASAP7_75t_L             2  2.5    34    27     566    (-,-) 
  u_packed_mxfp_aitb_comp_top_addinc_FP32_ALU_col1_fracAdder_add_113_18_g1476/Y -       A->Y    R     NAND2x1p5_ASAP7_75t_SL         2  1.7    26    18     584    (-,-) 
  u_packed_mxfp_aitb_comp_top_addinc_FP32_ALU_col1_fracAdder_add_113_18_g1464/Y -       A->Y    F     INVx1_ASAP7_75t_L              1  1.3    18    14     598    (-,-) 
  u_packed_mxfp_aitb_comp_top_addinc_FP32_ALU_col1_fracAdder_add_113_18_g1456/Y -       A->Y    F     AND2x4_ASAP7_75t_SL            4  4.1    14    23     621    (-,-) 
  u_packed_mxfp_aitb_comp_top_addinc_FP32_ALU_col1_fracAdder_add_113_18_g1451/Y -       A->Y    R     INVx2_ASAP7_75t_SL             1  1.3    11     8     629    (-,-) 
  u_packed_mxfp_aitb_comp_top_addinc_FP32_ALU_col1_fracAdder_add_113_18_g1431/Y -       B->Y    F     NOR2x1_ASAP7_75t_SL            1  1.4    27    11     640    (-,-) 
  u_packed_mxfp_aitb_comp_top_addinc_FP32_ALU_col1_fracAdder_add_113_18_g1379/Y -       A1->Y   R     AOI21x1_ASAP7_75t_SL           1  1.8    32    16     657    (-,-) 
  u_packed_mxfp_aitb_comp_top_addinc_FP32_ALU_col1_fracAdder_add_113_18_g1366/Y -       B->Y    R     XOR2x1_ASAP7_75t_SL            2  2.3    36    26     683    (-,-) 
  u_packed_mxfp_aitb_comp_top_g42644/Y                                          -       B->Y    F     NOR4xp75_ASAP7_75t_SL          1  1.2    30    12     695    (-,-) 
  u_packed_mxfp_aitb_comp_top_g41896/Y                                          -       B->Y    F     AND3x4_ASAP7_75t_SL            9  9.9    28    39     734    (-,-) 
  u_packed_mxfp_aitb_comp_top_g41856/Y                                          -       A2->Y   R     AOI21x1_ASAP7_75t_SL           2  2.6    43    21     754    (-,-) 
  u_packed_mxfp_aitb_comp_top_g41829/Y                                          -       C->Y    F     NAND4xp75_ASAP7_75t_SL         1  2.3    39    20     774    (-,-) 
  u_packed_mxfp_aitb_comp_top_g41816/Y                                          -       B->Y    R     NOR2x2_ASAP7_75t_SL            5  4.5    36    21     795    (-,-) 
  u_packed_mxfp_aitb_comp_top_g41797/Y                                          -       A2->Y   F     AOI21xp5_ASAP7_75t_SL          1  0.8    23    12     807    (-,-) 
  u_packed_mxfp_aitb_comp_top_g41778/Y                                          -       A->Y    F     AND2x2_ASAP7_75t_SL            1  1.3    12    23     830    (-,-) 
  u_packed_mxfp_aitb_comp_top_g41776/Y                                          -       A->Y    F     AND2x4_ASAP7_75t_SL            4  5.0    15    22     853    (-,-) 
  u_packed_mxfp_aitb_comp_top_g41763/Y                                          -       A2->Y   R     AOI21x1_ASAP7_75t_SL           2  2.1    35    17     869    (-,-) 
  u_packed_mxfp_aitb_comp_top_g41760/Y                                          -       A->Y    F     INVx1_ASAP7_75t_SL             1  1.4    20    12     882    (-,-) 
  u_packed_mxfp_aitb_comp_top_g41736/Y                                          -       B->Y    R     AOI21x1_ASAP7_75t_SL           2  1.8    31    18     899    (-,-) 
  u_packed_mxfp_aitb_comp_top_g41722/Y                                          -       B->Y    F     NAND2x1_ASAP7_75t_SL           1  1.3    19    11     910    (-,-) 
  u_packed_mxfp_aitb_comp_top_g41709/Y                                          -       A2->Y   R     AOI21x1_ASAP7_75t_SL           5  4.4    54    26     936    (-,-) 
  u_packed_mxfp_aitb_comp_top_g41708/Y                                          -       A->Y    F     INVxp67_ASAP7_75t_SL           1  1.3    29    17     953    (-,-) 
  u_packed_mxfp_aitb_comp_top_g41690/Y                                          -       B->Y    R     NAND2x1_ASAP7_75t_SL           1  1.3    29    17     970    (-,-) 
  u_packed_mxfp_aitb_comp_top_g41603/Y                                          -       B->Y    R     AND2x4_ASAP7_75t_SL           14 12.2    36    32    1002    (-,-) 
  u_packed_mxfp_aitb_comp_top_g41574/Y                                          -       A->Y    F     INVx4_ASAP7_75t_SL             3  2.4    14     8    1010    (-,-) 
  u_packed_mxfp_aitb_comp_top_g41392/Y                                          -       B2->Y   F     AO22x2_ASAP7_75t_SL            2  2.7    20    28    1038    (-,-) 
  u_packed_mxfp_aitb_comp_top_g41368/Y                                          -       A->Y    R     INVx2_ASAP7_75t_SL             1  1.3    13     9    1047    (-,-) 
  u_packed_mxfp_aitb_comp_top_g41239/Y                                          -       B1->Y   F     OAI22x1_ASAP7_75t_SL           3  2.9    33    16    1063    (-,-) 
  u_packed_mxfp_aitb_comp_top_g41022/Y                                          -       A2->Y   R     AOI222xp33_ASAP7_75t_SL        1  0.9    52    28    1091    (-,-) 
  u_packed_mxfp_aitb_comp_top_g40916/Y                                          -       B->Y    F     OAI21xp5_ASAP7_75t_SL          2  2.3    44    24    1115    (-,-) 
  u_packed_mxfp_aitb_comp_top_g40800/Y                                          -       A->Y    R     NAND2x1p5_ASAP7_75t_SL         1  1.8    29    20    1135    (-,-) 
  u_packed_mxfp_aitb_comp_top_g40753/Y                                          -       C->Y    F     NOR4xp75_ASAP7_75t_SL          1  1.5    25    13    1148    (-,-) 
  u_packed_mxfp_aitb_comp_top_g40742/Y                                          -       B->Y    R     NAND3x1_ASAP7_75t_SL           2  1.3    31    20    1168    (-,-) 
  u_packed_mxfp_aitb_comp_top_g40713/Y                                          -       B->Y    R     OR2x2_ASAP7_75t_SL             3  3.9    25    28    1196    (-,-) 
  u_packed_mxfp_aitb_comp_top_g40675/Y                                          -       B->Y    F     NOR2x1p5_ASAP7_75t_SL          2  2.4    26    13    1210    (-,-) 
  u_packed_mxfp_aitb_comp_top_g40620/Y                                          -       A->Y    R     NAND2x1p5_ASAP7_75t_SL         3  2.6    30    19    1228    (-,-) 
  u_packed_mxfp_aitb_comp_top_g40603/Y                                          -       A->Y    R     BUFx3_ASAP7_75t_SL             2  2.7    15    21    1250    (-,-) 
  u_packed_mxfp_aitb_comp_top_g40602/Y                                          -       A->Y    F     INVx2_ASAP7_75t_SL             1  1.8    11     8    1257    (-,-) 
  u_packed_mxfp_aitb_comp_top_g40579/Y                                          -       B->Y    R     NAND2x1p5_ASAP7_75t_SL         1  1.4    22    10    1268    (-,-) 
  u_packed_mxfp_aitb_comp_top_g40544/Y                                          -       A1->Y   F     OAI22x1_ASAP7_75t_SL           2  2.1    35    16    1283    (-,-) 
  u_packed_mxfp_aitb_comp_top_g40517/Y                                          -       B->Y    R     NAND3x1_ASAP7_75t_SL           1  0.8    35    20    1304    (-,-) 
  u_packed_mxfp_aitb_comp_top_g40512/Y                                          -       A->Y    F     NOR3xp33_ASAP7_75t_SL          1  0.8    26    14    1317    (-,-) 
  u_packed_mxfp_aitb_comp_top_g40511/Y                                          -       A->Y    R     NAND2xp5_ASAP7_75t_SL          1  1.3    30    19    1337    (-,-) 
  u_packed_mxfp_aitb_comp_top_g40507/Y                                          -       A2->Y   F     AOI21x1_ASAP7_75t_SL           1  1.5    34    11    1348    (-,-) 
  fopt6/Y                                                                       -       A->Y    F     BUFx6f_ASAP7_75t_SL            6 11.0    20    27    1375    (-,-) 
  fopt5/Y                                                                       -       A->Y    R     INVx4_ASAP7_75t_SL            12  8.4    26    16    1392    (-,-) 
  u_packed_mxfp_aitb_comp_top_g40483/Y                                          -       B->Y    F     NAND2xp5_ASAP7_75t_SL          1  0.9    21    13    1404    (-,-) 
  u_packed_mxfp_aitb_comp_top_PIPE_OUT_col1_stage_reg_reg[0][8]/D               -       -       F     ASYNC_DFFHx1_ASAP7_75t_SL      1    -     -     0    1404    (-,-) 
#------------------------------------------------------------------------------------------------------------------------------------------------------------------------



Path 37: VIOLATED (-522 ps) Setup Check with Pin u_packed_mxfp_aitb_comp_top_PIPE_OUT_col1_stage_reg_reg[0][7]/CLK->D
           View: PVT_0P63V_100C.setup_view
          Group: clk
     Startpoint: (R) u_packed_mxfp_aitb_comp_top_PIPE_OUT_col2_stage_reg_reg[0][6]/CLK
          Clock: (R) clk
       Endpoint: (R) u_packed_mxfp_aitb_comp_top_PIPE_OUT_col1_stage_reg_reg[0][7]/D
          Clock: (R) clk

                     Capture       Launch     
        Clock Edge:+    1000            0     
       Src Latency:+       0            0     
       Net Latency:+       0 (I)        0 (I) 
           Arrival:=    1000            0     
                                              
             Setup:-      14                  
       Uncertainty:-     100                  
     Required Time:=     886                  
      Launch Clock:-       0                  
         Data Path:-    1408                  
             Slack:=    -522                  

#------------------------------------------------------------------------------------------------------------------------------------------------------------------------
#                                 Timing Point                                  Flags    Arc    Edge           Cell             Fanout Load Trans Delay Arrival Instance 
#                                                                                                                                      (fF)  (ps)  (ps)   (ps)  Location 
#------------------------------------------------------------------------------------------------------------------------------------------------------------------------
  u_packed_mxfp_aitb_comp_top_PIPE_OUT_col2_stage_reg_reg[0][6]/CLK             -       -       R     (arrival)                   1219    -     0     0       0    (-,-) 
  u_packed_mxfp_aitb_comp_top_PIPE_OUT_col2_stage_reg_reg[0][6]/QN              -       CLK->QN F     ASYNC_DFFHx1_ASAP7_75t_SL      3  3.6    31    49      49    (-,-) 
  u_packed_mxfp_aitb_comp_top_g46030/Y                                          -       B2->Y   R     AOI22x1_ASAP7_75t_SL           4  3.2    67    25      74    (-,-) 
  u_packed_mxfp_aitb_comp_top_g45537/Y                                          -       B1->Y   F     OAI22x1_ASAP7_75t_SL           2  1.4    32    14      88    (-,-) 
  u_packed_mxfp_aitb_comp_top_g45418/Y                                          -       A->Y    R     NOR3xp33_ASAP7_75t_SL          1  0.8    40    23     111    (-,-) 
  u_packed_mxfp_aitb_comp_top_g45317/Y                                          -       C->Y    F     A2O1A1Ixp33_ASAP7_75t_SL       1  0.8    35    20     131    (-,-) 
  u_packed_mxfp_aitb_comp_top_g45191/Y                                          -       A1->Y   R     AOI21xp5_ASAP7_75t_SL          1  0.9    32    17     148    (-,-) 
  u_packed_mxfp_aitb_comp_top_g45163/Y                                          -       A2->Y   F     OAI21xp5_ASAP7_75t_SL          1  1.3    28    17     166    (-,-) 
  u_packed_mxfp_aitb_comp_top_g45157/Y                                          -       B->Y    F     AND2x4_ASAP7_75t_SL            3  6.4    18    27     192    (-,-) 
  u_packed_mxfp_aitb_comp_top_g45153/Y                                          -       A->Y    F     BUFx12f_ASAP7_75t_SL          11 13.4    16    22     214    (-,-) 
  u_packed_mxfp_aitb_comp_top_g45151/Y                                          -       A->Y    R     INVx8_ASAP7_75t_SL            10  9.6    17    12     225    (-,-) 
  u_packed_mxfp_aitb_comp_top_g44869/Y                                          -       A2->Y   R     OA22x2_ASAP7_75t_SL            2  1.9    18    24     249    (-,-) 
  u_packed_mxfp_aitb_comp_top_g44784/Y                                          -       B->Y    R     AND2x4_ASAP7_75t_SL            3  5.0    18    22     271    (-,-) 
  u_packed_mxfp_aitb_comp_top_g44705/Y                                          -       C->Y    F     NAND4xp75_ASAP7_75t_L          1  0.9    27    18     289    (-,-) 
  u_packed_mxfp_aitb_comp_top_g44611/Y                                          -       A1->Y   R     OAI21xp5_ASAP7_75t_SL          2  2.0    48    25     315    (-,-) 
  u_packed_mxfp_aitb_comp_top_g44497/Y                                          -       B->Y    R     AND2x4_ASAP7_75t_SL           12 10.2    32    32     347    (-,-) 
  u_packed_mxfp_aitb_comp_top_g44445/Y                                          -       B->Y    R     AND2x4_ASAP7_75t_SL            8  8.7    28    29     375    (-,-) 
  u_packed_mxfp_aitb_comp_top_g44400/Y                                          -       B->Y    R     AND2x2_ASAP7_75t_SL            9  6.2    37    33     408    (-,-) 
  u_packed_mxfp_aitb_comp_top_g44357/Y                                          -       B->Y    F     NAND2xp5_ASAP7_75t_SL          4  2.6    43    25     434    (-,-) 
  u_packed_mxfp_aitb_comp_top_g44304/Y                                          -       B->Y    R     NOR2xp33_ASAP7_75t_L           1  0.8    41    27     461    (-,-) 
  u_packed_mxfp_aitb_comp_top_g44210/Y                                          -       B->Y    F     AOI21xp5_ASAP7_75t_SL          1  1.8    38    22     482    (-,-) 
  u_packed_mxfp_aitb_comp_top_g44133/Y                                          -       B->Y    F     XOR2x1_ASAP7_75t_SL            2  2.0    31    31     514    (-,-) 
  u_packed_mxfp_aitb_comp_top_addinc_FP32_ALU_col1_fracAdder_add_113_18_g1656/Y -       B->Y    R     NOR2x1_ASAP7_75t_L             3  2.6    42    25     539    (-,-) 
  u_packed_mxfp_aitb_comp_top_addinc_FP32_ALU_col1_fracAdder_add_113_18_g1546/Y -       A->Y    F     NOR2x1_ASAP7_75t_L             2  2.5    34    27     566    (-,-) 
  u_packed_mxfp_aitb_comp_top_addinc_FP32_ALU_col1_fracAdder_add_113_18_g1476/Y -       A->Y    R     NAND2x1p5_ASAP7_75t_SL         2  1.7    26    18     584    (-,-) 
  u_packed_mxfp_aitb_comp_top_addinc_FP32_ALU_col1_fracAdder_add_113_18_g1464/Y -       A->Y    F     INVx1_ASAP7_75t_L              1  1.3    18    14     598    (-,-) 
  u_packed_mxfp_aitb_comp_top_addinc_FP32_ALU_col1_fracAdder_add_113_18_g1456/Y -       A->Y    F     AND2x4_ASAP7_75t_SL            4  4.1    14    23     621    (-,-) 
  u_packed_mxfp_aitb_comp_top_addinc_FP32_ALU_col1_fracAdder_add_113_18_g1451/Y -       A->Y    R     INVx2_ASAP7_75t_SL             1  1.3    11     8     629    (-,-) 
  u_packed_mxfp_aitb_comp_top_addinc_FP32_ALU_col1_fracAdder_add_113_18_g1431/Y -       B->Y    F     NOR2x1_ASAP7_75t_SL            1  1.4    27    11     640    (-,-) 
  u_packed_mxfp_aitb_comp_top_addinc_FP32_ALU_col1_fracAdder_add_113_18_g1379/Y -       A1->Y   R     AOI21x1_ASAP7_75t_SL           1  1.8    32    16     657    (-,-) 
  u_packed_mxfp_aitb_comp_top_addinc_FP32_ALU_col1_fracAdder_add_113_18_g1366/Y -       B->Y    R     XOR2x1_ASAP7_75t_SL            2  2.3    36    26     683    (-,-) 
  u_packed_mxfp_aitb_comp_top_g42644/Y                                          -       B->Y    F     NOR4xp75_ASAP7_75t_SL          1  1.2    30    12     695    (-,-) 
  u_packed_mxfp_aitb_comp_top_g41896/Y                                          -       B->Y    F     AND3x4_ASAP7_75t_SL            9  9.9    28    39     734    (-,-) 
  u_packed_mxfp_aitb_comp_top_g41856/Y                                          -       A2->Y   R     AOI21x1_ASAP7_75t_SL           2  2.6    43    21     754    (-,-) 
  u_packed_mxfp_aitb_comp_top_g41829/Y                                          -       C->Y    F     NAND4xp75_ASAP7_75t_SL         1  2.3    39    20     774    (-,-) 
  u_packed_mxfp_aitb_comp_top_g41816/Y                                          -       B->Y    R     NOR2x2_ASAP7_75t_SL            5  4.5    36    21     795    (-,-) 
  u_packed_mxfp_aitb_comp_top_g41797/Y                                          -       A2->Y   F     AOI21xp5_ASAP7_75t_SL          1  0.8    23    12     807    (-,-) 
  u_packed_mxfp_aitb_comp_top_g41778/Y                                          -       A->Y    F     AND2x2_ASAP7_75t_SL            1  1.3    12    23     830    (-,-) 
  u_packed_mxfp_aitb_comp_top_g41776/Y                                          -       A->Y    F     AND2x4_ASAP7_75t_SL            4  5.0    15    22     853    (-,-) 
  u_packed_mxfp_aitb_comp_top_g41763/Y                                          -       A2->Y   R     AOI21x1_ASAP7_75t_SL           2  2.1    35    17     869    (-,-) 
  u_packed_mxfp_aitb_comp_top_g41760/Y                                          -       A->Y    F     INVx1_ASAP7_75t_SL             1  1.4    20    12     882    (-,-) 
  u_packed_mxfp_aitb_comp_top_g41736/Y                                          -       B->Y    R     AOI21x1_ASAP7_75t_SL           2  1.8    31    18     899    (-,-) 
  u_packed_mxfp_aitb_comp_top_g41722/Y                                          -       B->Y    F     NAND2x1_ASAP7_75t_SL           1  1.3    19    11     910    (-,-) 
  u_packed_mxfp_aitb_comp_top_g41709/Y                                          -       A2->Y   R     AOI21x1_ASAP7_75t_SL           5  4.4    54    26     936    (-,-) 
  u_packed_mxfp_aitb_comp_top_g41705/Y                                          -       B->Y    R     AND2x4_ASAP7_75t_SL            7  5.7    22    27     963    (-,-) 
  u_packed_mxfp_aitb_comp_top_g41691/Y                                          -       A->Y    F     INVx2_ASAP7_75t_SL             2  1.6    12     8     971    (-,-) 
  u_packed_mxfp_aitb_comp_top_g41602/Y                                          -       A2->Y   F     AO22x2_ASAP7_75t_SL            3  3.6    22    30    1001    (-,-) 
  u_packed_mxfp_aitb_comp_top_g41552/Y                                          -       A->Y    F     BUFx6f_ASAP7_75t_SL            9 12.6    21    26    1027    (-,-) 
  u_packed_mxfp_aitb_comp_top_g41550/Y                                          -       A->Y    R     INVx8_ASAP7_75t_SL             8  6.1    15    10    1037    (-,-) 
  u_packed_mxfp_aitb_comp_top_g41437/Y                                          -       B->Y    F     NAND2xp5_ASAP7_75t_SL          1  1.8    33    16    1054    (-,-) 
  u_packed_mxfp_aitb_comp_top_g41269/Y                                          -       B->Y    R     NOR2x1p5_ASAP7_75t_SL          3  2.2    27    16    1070    (-,-) 
  u_packed_mxfp_aitb_comp_top_g41179/Y                                          -       B->Y    R     AND2x2_ASAP7_75t_SL            1  1.4    14    22    1091    (-,-) 
  u_packed_mxfp_aitb_comp_top_g40953/Y                                          -       B->Y    F     AOI21x1_ASAP7_75t_SL           1  1.8    29    12    1103    (-,-) 
  u_packed_mxfp_aitb_comp_top_g40882/Y                                          -       A->Y    R     NAND2x1p5_ASAP7_75t_SL         2  1.9    25    18    1120    (-,-) 
  u_packed_mxfp_aitb_comp_top_g40799/Y                                          -       B->Y    F     NAND2x1_ASAP7_75t_SL           1  1.8    24    12    1132    (-,-) 
  u_packed_mxfp_aitb_comp_top_g40753/Y                                          -       B->Y    R     NOR4xp75_ASAP7_75t_SL          1  1.6    42    23    1156    (-,-) 
  u_packed_mxfp_aitb_comp_top_g40742/Y                                          -       B->Y    F     NAND3x1_ASAP7_75t_SL           2  1.3    22    10    1166    (-,-) 
  u_packed_mxfp_aitb_comp_top_g40713/Y                                          -       B->Y    F     OR2x2_ASAP7_75t_SL             3  3.9    23    30    1196    (-,-) 
  u_packed_mxfp_aitb_comp_top_g40675/Y                                          -       B->Y    R     NOR2x1p5_ASAP7_75t_SL          2  2.4    31    15    1211    (-,-) 
  u_packed_mxfp_aitb_comp_top_g40620/Y                                          -       A->Y    F     NAND2x1p5_ASAP7_75t_SL         3  2.7    30    11    1223    (-,-) 
  u_packed_mxfp_aitb_comp_top_g40603/Y                                          -       A->Y    F     BUFx3_ASAP7_75t_SL             2  2.7    14    23    1246    (-,-) 
  u_packed_mxfp_aitb_comp_top_g40578/Y                                          -       B->Y    R     NOR2x1_ASAP7_75t_SL            2  3.0    35    19    1265    (-,-) 
  u_packed_mxfp_aitb_comp_top_g40552/Y                                          -       B->Y    F     NAND2x1p5_ASAP7_75t_SL         1  1.3    18     9    1274    (-,-) 
  u_packed_mxfp_aitb_comp_top_g40528/Y                                          -       A->Y    F     XNOR2xp5_ASAP7_75t_SL          2  1.3    28    26    1300    (-,-) 
  u_packed_mxfp_aitb_comp_top_g40512/Y                                          -       C->Y    R     NOR3xp33_ASAP7_75t_SL          1  0.8    38    21    1321    (-,-) 
  u_packed_mxfp_aitb_comp_top_g40511/Y                                          -       A->Y    F     NAND2xp5_ASAP7_75t_SL          1  1.3    30    14    1336    (-,-) 
  u_packed_mxfp_aitb_comp_top_g40507/Y                                          -       A2->Y   R     AOI21x1_ASAP7_75t_SL           1  1.5    49    16    1352    (-,-) 
  fopt6/Y                                                                       -       A->Y    R     BUFx6f_ASAP7_75t_SL            6 11.0    25    27    1379    (-,-) 
  fopt5/Y                                                                       -       A->Y    F     INVx4_ASAP7_75t_SL            12  8.4    22    14    1393    (-,-) 
  u_packed_mxfp_aitb_comp_top_g40457/Y                                          -       B->Y    R     NAND2xp5_ASAP7_75t_SL          1  0.9    24    15    1408    (-,-) 
  u_packed_mxfp_aitb_comp_top_PIPE_OUT_col1_stage_reg_reg[0][7]/D               -       -       R     ASYNC_DFFHx1_ASAP7_75t_SL      1    -     -     0    1408    (-,-) 
#------------------------------------------------------------------------------------------------------------------------------------------------------------------------



Path 38: VIOLATED (-522 ps) Setup Check with Pin u_packed_mxfp_aitb_comp_top_PIPE_OUT_col1_stage_reg_reg[0][2]/CLK->D
           View: PVT_0P63V_100C.setup_view
          Group: clk
     Startpoint: (R) u_packed_mxfp_aitb_comp_top_PIPE_OUT_col2_stage_reg_reg[0][6]/CLK
          Clock: (R) clk
       Endpoint: (R) u_packed_mxfp_aitb_comp_top_PIPE_OUT_col1_stage_reg_reg[0][2]/D
          Clock: (R) clk

                     Capture       Launch     
        Clock Edge:+    1000            0     
       Src Latency:+       0            0     
       Net Latency:+       0 (I)        0 (I) 
           Arrival:=    1000            0     
                                              
             Setup:-      14                  
       Uncertainty:-     100                  
     Required Time:=     886                  
      Launch Clock:-       0                  
         Data Path:-    1408                  
             Slack:=    -522                  

#------------------------------------------------------------------------------------------------------------------------------------------------------------------------
#                                 Timing Point                                  Flags    Arc    Edge           Cell             Fanout Load Trans Delay Arrival Instance 
#                                                                                                                                      (fF)  (ps)  (ps)   (ps)  Location 
#------------------------------------------------------------------------------------------------------------------------------------------------------------------------
  u_packed_mxfp_aitb_comp_top_PIPE_OUT_col2_stage_reg_reg[0][6]/CLK             -       -       R     (arrival)                   1219    -     0     0       0    (-,-) 
  u_packed_mxfp_aitb_comp_top_PIPE_OUT_col2_stage_reg_reg[0][6]/QN              -       CLK->QN F     ASYNC_DFFHx1_ASAP7_75t_SL      3  3.6    31    49      49    (-,-) 
  u_packed_mxfp_aitb_comp_top_g46030/Y                                          -       B2->Y   R     AOI22x1_ASAP7_75t_SL           4  3.2    67    25      74    (-,-) 
  u_packed_mxfp_aitb_comp_top_g45537/Y                                          -       B1->Y   F     OAI22x1_ASAP7_75t_SL           2  1.4    32    14      88    (-,-) 
  u_packed_mxfp_aitb_comp_top_g45418/Y                                          -       A->Y    R     NOR3xp33_ASAP7_75t_SL          1  0.8    40    23     111    (-,-) 
  u_packed_mxfp_aitb_comp_top_g45317/Y                                          -       C->Y    F     A2O1A1Ixp33_ASAP7_75t_SL       1  0.8    35    20     131    (-,-) 
  u_packed_mxfp_aitb_comp_top_g45191/Y                                          -       A1->Y   R     AOI21xp5_ASAP7_75t_SL          1  0.9    32    17     148    (-,-) 
  u_packed_mxfp_aitb_comp_top_g45163/Y                                          -       A2->Y   F     OAI21xp5_ASAP7_75t_SL          1  1.3    28    17     166    (-,-) 
  u_packed_mxfp_aitb_comp_top_g45157/Y                                          -       B->Y    F     AND2x4_ASAP7_75t_SL            3  6.4    18    27     192    (-,-) 
  u_packed_mxfp_aitb_comp_top_g45153/Y                                          -       A->Y    F     BUFx12f_ASAP7_75t_SL          11 13.4    16    22     214    (-,-) 
  u_packed_mxfp_aitb_comp_top_g45151/Y                                          -       A->Y    R     INVx8_ASAP7_75t_SL            10  9.6    17    12     225    (-,-) 
  u_packed_mxfp_aitb_comp_top_g44869/Y                                          -       A2->Y   R     OA22x2_ASAP7_75t_SL            2  1.9    18    24     249    (-,-) 
  u_packed_mxfp_aitb_comp_top_g44784/Y                                          -       B->Y    R     AND2x4_ASAP7_75t_SL            3  5.0    18    22     271    (-,-) 
  u_packed_mxfp_aitb_comp_top_g44705/Y                                          -       C->Y    F     NAND4xp75_ASAP7_75t_L          1  0.9    27    18     289    (-,-) 
  u_packed_mxfp_aitb_comp_top_g44611/Y                                          -       A1->Y   R     OAI21xp5_ASAP7_75t_SL          2  2.0    48    25     315    (-,-) 
  u_packed_mxfp_aitb_comp_top_g44497/Y                                          -       B->Y    R     AND2x4_ASAP7_75t_SL           12 10.2    32    32     347    (-,-) 
  u_packed_mxfp_aitb_comp_top_g44445/Y                                          -       B->Y    R     AND2x4_ASAP7_75t_SL            8  8.7    28    29     375    (-,-) 
  u_packed_mxfp_aitb_comp_top_g44400/Y                                          -       B->Y    R     AND2x2_ASAP7_75t_SL            9  6.2    37    33     408    (-,-) 
  u_packed_mxfp_aitb_comp_top_g44357/Y                                          -       B->Y    F     NAND2xp5_ASAP7_75t_SL          4  2.6    43    25     434    (-,-) 
  u_packed_mxfp_aitb_comp_top_g44304/Y                                          -       B->Y    R     NOR2xp33_ASAP7_75t_L           1  0.8    41    27     461    (-,-) 
  u_packed_mxfp_aitb_comp_top_g44210/Y                                          -       B->Y    F     AOI21xp5_ASAP7_75t_SL          1  1.8    38    22     482    (-,-) 
  u_packed_mxfp_aitb_comp_top_g44133/Y                                          -       B->Y    F     XOR2x1_ASAP7_75t_SL            2  2.0    31    31     514    (-,-) 
  u_packed_mxfp_aitb_comp_top_addinc_FP32_ALU_col1_fracAdder_add_113_18_g1656/Y -       B->Y    R     NOR2x1_ASAP7_75t_L             3  2.6    42    25     539    (-,-) 
  u_packed_mxfp_aitb_comp_top_addinc_FP32_ALU_col1_fracAdder_add_113_18_g1546/Y -       A->Y    F     NOR2x1_ASAP7_75t_L             2  2.5    34    27     566    (-,-) 
  u_packed_mxfp_aitb_comp_top_addinc_FP32_ALU_col1_fracAdder_add_113_18_g1476/Y -       A->Y    R     NAND2x1p5_ASAP7_75t_SL         2  1.7    26    18     584    (-,-) 
  u_packed_mxfp_aitb_comp_top_addinc_FP32_ALU_col1_fracAdder_add_113_18_g1464/Y -       A->Y    F     INVx1_ASAP7_75t_L              1  1.3    18    14     598    (-,-) 
  u_packed_mxfp_aitb_comp_top_addinc_FP32_ALU_col1_fracAdder_add_113_18_g1456/Y -       A->Y    F     AND2x4_ASAP7_75t_SL            4  4.1    14    23     621    (-,-) 
  u_packed_mxfp_aitb_comp_top_addinc_FP32_ALU_col1_fracAdder_add_113_18_g1451/Y -       A->Y    R     INVx2_ASAP7_75t_SL             1  1.3    11     8     629    (-,-) 
  u_packed_mxfp_aitb_comp_top_addinc_FP32_ALU_col1_fracAdder_add_113_18_g1431/Y -       B->Y    F     NOR2x1_ASAP7_75t_SL            1  1.4    27    11     640    (-,-) 
  u_packed_mxfp_aitb_comp_top_addinc_FP32_ALU_col1_fracAdder_add_113_18_g1379/Y -       A1->Y   R     AOI21x1_ASAP7_75t_SL           1  1.8    32    16     657    (-,-) 
  u_packed_mxfp_aitb_comp_top_addinc_FP32_ALU_col1_fracAdder_add_113_18_g1366/Y -       B->Y    R     XOR2x1_ASAP7_75t_SL            2  2.3    36    26     683    (-,-) 
  u_packed_mxfp_aitb_comp_top_g42644/Y                                          -       B->Y    F     NOR4xp75_ASAP7_75t_SL          1  1.2    30    12     695    (-,-) 
  u_packed_mxfp_aitb_comp_top_g41896/Y                                          -       B->Y    F     AND3x4_ASAP7_75t_SL            9  9.9    28    39     734    (-,-) 
  u_packed_mxfp_aitb_comp_top_g41856/Y                                          -       A2->Y   R     AOI21x1_ASAP7_75t_SL           2  2.6    43    21     754    (-,-) 
  u_packed_mxfp_aitb_comp_top_g41829/Y                                          -       C->Y    F     NAND4xp75_ASAP7_75t_SL         1  2.3    39    20     774    (-,-) 
  u_packed_mxfp_aitb_comp_top_g41816/Y                                          -       B->Y    R     NOR2x2_ASAP7_75t_SL            5  4.5    36    21     795    (-,-) 
  u_packed_mxfp_aitb_comp_top_g41797/Y                                          -       A2->Y   F     AOI21xp5_ASAP7_75t_SL          1  0.8    23    12     807    (-,-) 
  u_packed_mxfp_aitb_comp_top_g41778/Y                                          -       A->Y    F     AND2x2_ASAP7_75t_SL            1  1.3    12    23     830    (-,-) 
  u_packed_mxfp_aitb_comp_top_g41776/Y                                          -       A->Y    F     AND2x4_ASAP7_75t_SL            4  5.0    15    22     853    (-,-) 
  u_packed_mxfp_aitb_comp_top_g41763/Y                                          -       A2->Y   R     AOI21x1_ASAP7_75t_SL           2  2.1    35    17     869    (-,-) 
  u_packed_mxfp_aitb_comp_top_g41760/Y                                          -       A->Y    F     INVx1_ASAP7_75t_SL             1  1.4    20    12     882    (-,-) 
  u_packed_mxfp_aitb_comp_top_g41736/Y                                          -       B->Y    R     AOI21x1_ASAP7_75t_SL           2  1.8    31    18     899    (-,-) 
  u_packed_mxfp_aitb_comp_top_g41722/Y                                          -       B->Y    F     NAND2x1_ASAP7_75t_SL           1  1.3    19    11     910    (-,-) 
  u_packed_mxfp_aitb_comp_top_g41709/Y                                          -       A2->Y   R     AOI21x1_ASAP7_75t_SL           5  4.4    54    26     936    (-,-) 
  u_packed_mxfp_aitb_comp_top_g41705/Y                                          -       B->Y    R     AND2x4_ASAP7_75t_SL            7  5.7    22    27     963    (-,-) 
  u_packed_mxfp_aitb_comp_top_g41691/Y                                          -       A->Y    F     INVx2_ASAP7_75t_SL             2  1.6    12     8     971    (-,-) 
  u_packed_mxfp_aitb_comp_top_g41602/Y                                          -       A2->Y   F     AO22x2_ASAP7_75t_SL            3  3.6    22    30    1001    (-,-) 
  u_packed_mxfp_aitb_comp_top_g41552/Y                                          -       A->Y    F     BUFx6f_ASAP7_75t_SL            9 12.6    21    26    1027    (-,-) 
  u_packed_mxfp_aitb_comp_top_g41550/Y                                          -       A->Y    R     INVx8_ASAP7_75t_SL             8  6.1    15    10    1037    (-,-) 
  u_packed_mxfp_aitb_comp_top_g41437/Y                                          -       B->Y    F     NAND2xp5_ASAP7_75t_SL          1  1.8    33    16    1054    (-,-) 
  u_packed_mxfp_aitb_comp_top_g41269/Y                                          -       B->Y    R     NOR2x1p5_ASAP7_75t_SL          3  2.2    27    16    1070    (-,-) 
  u_packed_mxfp_aitb_comp_top_g41179/Y                                          -       B->Y    R     AND2x2_ASAP7_75t_SL            1  1.4    14    22    1091    (-,-) 
  u_packed_mxfp_aitb_comp_top_g40953/Y                                          -       B->Y    F     AOI21x1_ASAP7_75t_SL           1  1.8    29    12    1103    (-,-) 
  u_packed_mxfp_aitb_comp_top_g40882/Y                                          -       A->Y    R     NAND2x1p5_ASAP7_75t_SL         2  1.9    25    18    1120    (-,-) 
  u_packed_mxfp_aitb_comp_top_g40799/Y                                          -       B->Y    F     NAND2x1_ASAP7_75t_SL           1  1.8    24    12    1132    (-,-) 
  u_packed_mxfp_aitb_comp_top_g40753/Y                                          -       B->Y    R     NOR4xp75_ASAP7_75t_SL          1  1.6    42    23    1156    (-,-) 
  u_packed_mxfp_aitb_comp_top_g40742/Y                                          -       B->Y    F     NAND3x1_ASAP7_75t_SL           2  1.3    22    10    1166    (-,-) 
  u_packed_mxfp_aitb_comp_top_g40713/Y                                          -       B->Y    F     OR2x2_ASAP7_75t_SL             3  3.9    23    30    1196    (-,-) 
  u_packed_mxfp_aitb_comp_top_g40675/Y                                          -       B->Y    R     NOR2x1p5_ASAP7_75t_SL          2  2.4    31    15    1211    (-,-) 
  u_packed_mxfp_aitb_comp_top_g40620/Y                                          -       A->Y    F     NAND2x1p5_ASAP7_75t_SL         3  2.7    30    11    1223    (-,-) 
  u_packed_mxfp_aitb_comp_top_g40603/Y                                          -       A->Y    F     BUFx3_ASAP7_75t_SL             2  2.7    14    23    1246    (-,-) 
  u_packed_mxfp_aitb_comp_top_g40578/Y                                          -       B->Y    R     NOR2x1_ASAP7_75t_SL            2  3.0    35    19    1265    (-,-) 
  u_packed_mxfp_aitb_comp_top_g40552/Y                                          -       B->Y    F     NAND2x1p5_ASAP7_75t_SL         1  1.3    18     9    1274    (-,-) 
  u_packed_mxfp_aitb_comp_top_g40528/Y                                          -       A->Y    F     XNOR2xp5_ASAP7_75t_SL          2  1.3    28    26    1300    (-,-) 
  u_packed_mxfp_aitb_comp_top_g40512/Y                                          -       C->Y    R     NOR3xp33_ASAP7_75t_SL          1  0.8    38    21    1321    (-,-) 
  u_packed_mxfp_aitb_comp_top_g40511/Y                                          -       A->Y    F     NAND2xp5_ASAP7_75t_SL          1  1.3    30    14    1336    (-,-) 
  u_packed_mxfp_aitb_comp_top_g40507/Y                                          -       A2->Y   R     AOI21x1_ASAP7_75t_SL           1  1.5    49    16    1352    (-,-) 
  fopt6/Y                                                                       -       A->Y    R     BUFx6f_ASAP7_75t_SL            6 11.0    25    27    1379    (-,-) 
  fopt5/Y                                                                       -       A->Y    F     INVx4_ASAP7_75t_SL            12  8.4    22    14    1393    (-,-) 
  u_packed_mxfp_aitb_comp_top_g40469/Y                                          -       B->Y    R     NAND2xp5_ASAP7_75t_SL          1  0.9    24    15    1408    (-,-) 
  u_packed_mxfp_aitb_comp_top_PIPE_OUT_col1_stage_reg_reg[0][2]/D               -       -       R     ASYNC_DFFHx1_ASAP7_75t_SL      1    -     -     0    1408    (-,-) 
#------------------------------------------------------------------------------------------------------------------------------------------------------------------------



Path 39: VIOLATED (-521 ps) Setup Check with Pin u_packed_mxfp_aitb_comp_top_PIPE_OUT_col1_stage_reg_reg[0][30]/CLK->D
           View: PVT_0P63V_100C.setup_view
          Group: clk
     Startpoint: (R) u_packed_mxfp_aitb_comp_top_PIPE_OUT_col2_stage_reg_reg[0][6]/CLK
          Clock: (R) clk
       Endpoint: (R) u_packed_mxfp_aitb_comp_top_PIPE_OUT_col1_stage_reg_reg[0][30]/D
          Clock: (R) clk

                     Capture       Launch     
        Clock Edge:+    1000            0     
       Src Latency:+       0            0     
       Net Latency:+       0 (I)        0 (I) 
           Arrival:=    1000            0     
                                              
             Setup:-      13                  
       Uncertainty:-     100                  
     Required Time:=     887                  
      Launch Clock:-       0                  
         Data Path:-    1408                  
             Slack:=    -521                  

#------------------------------------------------------------------------------------------------------------------------------------------------------------------------
#                                 Timing Point                                  Flags    Arc    Edge           Cell             Fanout Load Trans Delay Arrival Instance 
#                                                                                                                                      (fF)  (ps)  (ps)   (ps)  Location 
#------------------------------------------------------------------------------------------------------------------------------------------------------------------------
  u_packed_mxfp_aitb_comp_top_PIPE_OUT_col2_stage_reg_reg[0][6]/CLK             -       -       R     (arrival)                   1219    -     0     0       0    (-,-) 
  u_packed_mxfp_aitb_comp_top_PIPE_OUT_col2_stage_reg_reg[0][6]/QN              -       CLK->QN F     ASYNC_DFFHx1_ASAP7_75t_SL      3  3.6    31    49      49    (-,-) 
  u_packed_mxfp_aitb_comp_top_g46030/Y                                          -       B2->Y   R     AOI22x1_ASAP7_75t_SL           4  3.2    67    25      74    (-,-) 
  u_packed_mxfp_aitb_comp_top_g45537/Y                                          -       B1->Y   F     OAI22x1_ASAP7_75t_SL           2  1.4    32    14      88    (-,-) 
  u_packed_mxfp_aitb_comp_top_g45418/Y                                          -       A->Y    R     NOR3xp33_ASAP7_75t_SL          1  0.8    40    23     111    (-,-) 
  u_packed_mxfp_aitb_comp_top_g45317/Y                                          -       C->Y    F     A2O1A1Ixp33_ASAP7_75t_SL       1  0.8    35    20     131    (-,-) 
  u_packed_mxfp_aitb_comp_top_g45191/Y                                          -       A1->Y   R     AOI21xp5_ASAP7_75t_SL          1  0.9    32    17     148    (-,-) 
  u_packed_mxfp_aitb_comp_top_g45163/Y                                          -       A2->Y   F     OAI21xp5_ASAP7_75t_SL          1  1.3    28    17     166    (-,-) 
  u_packed_mxfp_aitb_comp_top_g45157/Y                                          -       B->Y    F     AND2x4_ASAP7_75t_SL            3  6.4    18    27     192    (-,-) 
  u_packed_mxfp_aitb_comp_top_g45153/Y                                          -       A->Y    F     BUFx12f_ASAP7_75t_SL          11 13.4    16    22     214    (-,-) 
  u_packed_mxfp_aitb_comp_top_g45151/Y                                          -       A->Y    R     INVx8_ASAP7_75t_SL            10  9.6    17    12     225    (-,-) 
  u_packed_mxfp_aitb_comp_top_g44869/Y                                          -       A2->Y   R     OA22x2_ASAP7_75t_SL            2  1.9    18    24     249    (-,-) 
  u_packed_mxfp_aitb_comp_top_g44784/Y                                          -       B->Y    R     AND2x4_ASAP7_75t_SL            3  5.0    18    22     271    (-,-) 
  u_packed_mxfp_aitb_comp_top_g44705/Y                                          -       C->Y    F     NAND4xp75_ASAP7_75t_L          1  0.9    27    18     289    (-,-) 
  u_packed_mxfp_aitb_comp_top_g44611/Y                                          -       A1->Y   R     OAI21xp5_ASAP7_75t_SL          2  2.0    48    25     315    (-,-) 
  u_packed_mxfp_aitb_comp_top_g44497/Y                                          -       B->Y    R     AND2x4_ASAP7_75t_SL           12 10.2    32    32     347    (-,-) 
  u_packed_mxfp_aitb_comp_top_g44445/Y                                          -       B->Y    R     AND2x4_ASAP7_75t_SL            8  8.7    28    29     375    (-,-) 
  u_packed_mxfp_aitb_comp_top_g44400/Y                                          -       B->Y    R     AND2x2_ASAP7_75t_SL            9  6.2    37    33     408    (-,-) 
  u_packed_mxfp_aitb_comp_top_g44357/Y                                          -       B->Y    F     NAND2xp5_ASAP7_75t_SL          4  2.6    43    25     434    (-,-) 
  u_packed_mxfp_aitb_comp_top_g44304/Y                                          -       B->Y    R     NOR2xp33_ASAP7_75t_L           1  0.8    41    27     461    (-,-) 
  u_packed_mxfp_aitb_comp_top_g44210/Y                                          -       B->Y    F     AOI21xp5_ASAP7_75t_SL          1  1.8    38    22     482    (-,-) 
  u_packed_mxfp_aitb_comp_top_g44133/Y                                          -       B->Y    F     XOR2x1_ASAP7_75t_SL            2  2.0    31    31     514    (-,-) 
  u_packed_mxfp_aitb_comp_top_addinc_FP32_ALU_col1_fracAdder_add_113_18_g1656/Y -       B->Y    R     NOR2x1_ASAP7_75t_L             3  2.6    42    25     539    (-,-) 
  u_packed_mxfp_aitb_comp_top_addinc_FP32_ALU_col1_fracAdder_add_113_18_g1546/Y -       A->Y    F     NOR2x1_ASAP7_75t_L             2  2.5    34    27     566    (-,-) 
  u_packed_mxfp_aitb_comp_top_addinc_FP32_ALU_col1_fracAdder_add_113_18_g1476/Y -       A->Y    R     NAND2x1p5_ASAP7_75t_SL         2  1.7    26    18     584    (-,-) 
  u_packed_mxfp_aitb_comp_top_addinc_FP32_ALU_col1_fracAdder_add_113_18_g1464/Y -       A->Y    F     INVx1_ASAP7_75t_L              1  1.3    18    14     598    (-,-) 
  u_packed_mxfp_aitb_comp_top_addinc_FP32_ALU_col1_fracAdder_add_113_18_g1456/Y -       A->Y    F     AND2x4_ASAP7_75t_SL            4  4.1    14    23     621    (-,-) 
  u_packed_mxfp_aitb_comp_top_addinc_FP32_ALU_col1_fracAdder_add_113_18_g1451/Y -       A->Y    R     INVx2_ASAP7_75t_SL             1  1.3    11     8     629    (-,-) 
  u_packed_mxfp_aitb_comp_top_addinc_FP32_ALU_col1_fracAdder_add_113_18_g1431/Y -       B->Y    F     NOR2x1_ASAP7_75t_SL            1  1.4    27    11     640    (-,-) 
  u_packed_mxfp_aitb_comp_top_addinc_FP32_ALU_col1_fracAdder_add_113_18_g1379/Y -       A1->Y   R     AOI21x1_ASAP7_75t_SL           1  1.8    32    16     657    (-,-) 
  u_packed_mxfp_aitb_comp_top_addinc_FP32_ALU_col1_fracAdder_add_113_18_g1366/Y -       B->Y    R     XOR2x1_ASAP7_75t_SL            2  2.3    36    26     683    (-,-) 
  u_packed_mxfp_aitb_comp_top_g42644/Y                                          -       B->Y    F     NOR4xp75_ASAP7_75t_SL          1  1.2    30    12     695    (-,-) 
  u_packed_mxfp_aitb_comp_top_g41896/Y                                          -       B->Y    F     AND3x4_ASAP7_75t_SL            9  9.9    28    39     734    (-,-) 
  u_packed_mxfp_aitb_comp_top_g41856/Y                                          -       A2->Y   R     AOI21x1_ASAP7_75t_SL           2  2.6    43    21     754    (-,-) 
  u_packed_mxfp_aitb_comp_top_g41829/Y                                          -       C->Y    F     NAND4xp75_ASAP7_75t_SL         1  2.3    39    20     774    (-,-) 
  u_packed_mxfp_aitb_comp_top_g41816/Y                                          -       B->Y    R     NOR2x2_ASAP7_75t_SL            5  4.5    36    21     795    (-,-) 
  u_packed_mxfp_aitb_comp_top_g41797/Y                                          -       A2->Y   F     AOI21xp5_ASAP7_75t_SL          1  0.8    23    12     807    (-,-) 
  u_packed_mxfp_aitb_comp_top_g41778/Y                                          -       A->Y    F     AND2x2_ASAP7_75t_SL            1  1.3    12    23     830    (-,-) 
  u_packed_mxfp_aitb_comp_top_g41776/Y                                          -       A->Y    F     AND2x4_ASAP7_75t_SL            4  5.0    15    22     853    (-,-) 
  u_packed_mxfp_aitb_comp_top_g41763/Y                                          -       A2->Y   R     AOI21x1_ASAP7_75t_SL           2  2.1    35    17     869    (-,-) 
  u_packed_mxfp_aitb_comp_top_g41760/Y                                          -       A->Y    F     INVx1_ASAP7_75t_SL             1  1.4    20    12     882    (-,-) 
  u_packed_mxfp_aitb_comp_top_g41736/Y                                          -       B->Y    R     AOI21x1_ASAP7_75t_SL           2  1.8    31    18     899    (-,-) 
  u_packed_mxfp_aitb_comp_top_g41722/Y                                          -       B->Y    F     NAND2x1_ASAP7_75t_SL           1  1.3    19    11     910    (-,-) 
  u_packed_mxfp_aitb_comp_top_g41709/Y                                          -       A2->Y   R     AOI21x1_ASAP7_75t_SL           5  4.4    54    26     936    (-,-) 
  u_packed_mxfp_aitb_comp_top_g41708/Y                                          -       A->Y    F     INVxp67_ASAP7_75t_SL           1  1.3    29    17     953    (-,-) 
  u_packed_mxfp_aitb_comp_top_g41690/Y                                          -       B->Y    R     NAND2x1_ASAP7_75t_SL           1  1.3    29    17     970    (-,-) 
  u_packed_mxfp_aitb_comp_top_g41603/Y                                          -       B->Y    R     AND2x4_ASAP7_75t_SL           14 12.2    36    32    1002    (-,-) 
  u_packed_mxfp_aitb_comp_top_g41574/Y                                          -       A->Y    F     INVx4_ASAP7_75t_SL             3  2.4    14     8    1010    (-,-) 
  u_packed_mxfp_aitb_comp_top_g41392/Y                                          -       B2->Y   F     AO22x2_ASAP7_75t_SL            2  2.7    20    28    1038    (-,-) 
  u_packed_mxfp_aitb_comp_top_g41368/Y                                          -       A->Y    R     INVx2_ASAP7_75t_SL             1  1.3    13     9    1047    (-,-) 
  u_packed_mxfp_aitb_comp_top_g41239/Y                                          -       B1->Y   F     OAI22x1_ASAP7_75t_SL           3  2.9    33    16    1063    (-,-) 
  u_packed_mxfp_aitb_comp_top_g41022/Y                                          -       A2->Y   R     AOI222xp33_ASAP7_75t_SL        1  0.9    52    28    1091    (-,-) 
  u_packed_mxfp_aitb_comp_top_g40916/Y                                          -       B->Y    F     OAI21xp5_ASAP7_75t_SL          2  2.3    44    24    1115    (-,-) 
  u_packed_mxfp_aitb_comp_top_g40800/Y                                          -       A->Y    R     NAND2x1p5_ASAP7_75t_SL         1  1.8    29    20    1135    (-,-) 
  u_packed_mxfp_aitb_comp_top_g40753/Y                                          -       C->Y    F     NOR4xp75_ASAP7_75t_SL          1  1.5    25    13    1148    (-,-) 
  u_packed_mxfp_aitb_comp_top_g40742/Y                                          -       B->Y    R     NAND3x1_ASAP7_75t_SL           2  1.3    31    20    1168    (-,-) 
  u_packed_mxfp_aitb_comp_top_g40713/Y                                          -       B->Y    R     OR2x2_ASAP7_75t_SL             3  3.9    25    28    1196    (-,-) 
  u_packed_mxfp_aitb_comp_top_g40675/Y                                          -       B->Y    F     NOR2x1p5_ASAP7_75t_SL          2  2.4    26    13    1210    (-,-) 
  u_packed_mxfp_aitb_comp_top_g40620/Y                                          -       A->Y    R     NAND2x1p5_ASAP7_75t_SL         3  2.6    30    19    1228    (-,-) 
  u_packed_mxfp_aitb_comp_top_g40603/Y                                          -       A->Y    R     BUFx3_ASAP7_75t_SL             2  2.7    15    21    1250    (-,-) 
  u_packed_mxfp_aitb_comp_top_g40602/Y                                          -       A->Y    F     INVx2_ASAP7_75t_SL             1  1.8    11     8    1257    (-,-) 
  u_packed_mxfp_aitb_comp_top_g40579/Y                                          -       B->Y    R     NAND2x1p5_ASAP7_75t_SL         1  1.4    22    10    1268    (-,-) 
  u_packed_mxfp_aitb_comp_top_g40544/Y                                          -       A1->Y   F     OAI22x1_ASAP7_75t_SL           2  2.1    35    16    1283    (-,-) 
  u_packed_mxfp_aitb_comp_top_g40517/Y                                          -       B->Y    R     NAND3x1_ASAP7_75t_SL           1  0.8    35    20    1304    (-,-) 
  u_packed_mxfp_aitb_comp_top_g40512/Y                                          -       A->Y    F     NOR3xp33_ASAP7_75t_SL          1  0.8    26    14    1317    (-,-) 
  u_packed_mxfp_aitb_comp_top_g40511/Y                                          -       A->Y    R     NAND2xp5_ASAP7_75t_SL          1  1.3    30    19    1337    (-,-) 
  u_packed_mxfp_aitb_comp_top_g40507/Y                                          -       A2->Y   F     AOI21x1_ASAP7_75t_SL           1  1.5    34    11    1348    (-,-) 
  fopt6/Y                                                                       -       A->Y    F     BUFx6f_ASAP7_75t_SL            6 11.0    20    27    1375    (-,-) 
  fopt125190/Y                                                                  -       A->Y    R     INVx2_ASAP7_75t_SL             2  1.7    15    10    1385    (-,-) 
  u_packed_mxfp_aitb_comp_top_g40505/Y                                          -       B->Y    R     AND3x1_ASAP7_75t_SL            1  0.9    19    23    1408    (-,-) 
  u_packed_mxfp_aitb_comp_top_PIPE_OUT_col1_stage_reg_reg[0][30]/D              -       -       R     ASYNC_DFFHx1_ASAP7_75t_SL      1    -     -     0    1408    (-,-) 
#------------------------------------------------------------------------------------------------------------------------------------------------------------------------



Path 40: VIOLATED (-521 ps) Setup Check with Pin u_packed_mxfp_aitb_comp_top_PIPE_OUT_col1_stage_reg_reg[0][28]/CLK->D
           View: PVT_0P63V_100C.setup_view
          Group: clk
     Startpoint: (R) u_packed_mxfp_aitb_comp_top_PIPE_OUT_col2_stage_reg_reg[0][6]/CLK
          Clock: (R) clk
       Endpoint: (R) u_packed_mxfp_aitb_comp_top_PIPE_OUT_col1_stage_reg_reg[0][28]/D
          Clock: (R) clk

                     Capture       Launch     
        Clock Edge:+    1000            0     
       Src Latency:+       0            0     
       Net Latency:+       0 (I)        0 (I) 
           Arrival:=    1000            0     
                                              
             Setup:-      13                  
       Uncertainty:-     100                  
     Required Time:=     887                  
      Launch Clock:-       0                  
         Data Path:-    1408                  
             Slack:=    -521                  

#------------------------------------------------------------------------------------------------------------------------------------------------------------------------
#                                 Timing Point                                  Flags    Arc    Edge           Cell             Fanout Load Trans Delay Arrival Instance 
#                                                                                                                                      (fF)  (ps)  (ps)   (ps)  Location 
#------------------------------------------------------------------------------------------------------------------------------------------------------------------------
  u_packed_mxfp_aitb_comp_top_PIPE_OUT_col2_stage_reg_reg[0][6]/CLK             -       -       R     (arrival)                   1219    -     0     0       0    (-,-) 
  u_packed_mxfp_aitb_comp_top_PIPE_OUT_col2_stage_reg_reg[0][6]/QN              -       CLK->QN F     ASYNC_DFFHx1_ASAP7_75t_SL      3  3.6    31    49      49    (-,-) 
  u_packed_mxfp_aitb_comp_top_g46030/Y                                          -       B2->Y   R     AOI22x1_ASAP7_75t_SL           4  3.2    67    25      74    (-,-) 
  u_packed_mxfp_aitb_comp_top_g45537/Y                                          -       B1->Y   F     OAI22x1_ASAP7_75t_SL           2  1.4    32    14      88    (-,-) 
  u_packed_mxfp_aitb_comp_top_g45418/Y                                          -       A->Y    R     NOR3xp33_ASAP7_75t_SL          1  0.8    40    23     111    (-,-) 
  u_packed_mxfp_aitb_comp_top_g45317/Y                                          -       C->Y    F     A2O1A1Ixp33_ASAP7_75t_SL       1  0.8    35    20     131    (-,-) 
  u_packed_mxfp_aitb_comp_top_g45191/Y                                          -       A1->Y   R     AOI21xp5_ASAP7_75t_SL          1  0.9    32    17     148    (-,-) 
  u_packed_mxfp_aitb_comp_top_g45163/Y                                          -       A2->Y   F     OAI21xp5_ASAP7_75t_SL          1  1.3    28    17     166    (-,-) 
  u_packed_mxfp_aitb_comp_top_g45157/Y                                          -       B->Y    F     AND2x4_ASAP7_75t_SL            3  6.4    18    27     192    (-,-) 
  u_packed_mxfp_aitb_comp_top_g45153/Y                                          -       A->Y    F     BUFx12f_ASAP7_75t_SL          11 13.4    16    22     214    (-,-) 
  u_packed_mxfp_aitb_comp_top_g45151/Y                                          -       A->Y    R     INVx8_ASAP7_75t_SL            10  9.6    17    12     225    (-,-) 
  u_packed_mxfp_aitb_comp_top_g44869/Y                                          -       A2->Y   R     OA22x2_ASAP7_75t_SL            2  1.9    18    24     249    (-,-) 
  u_packed_mxfp_aitb_comp_top_g44784/Y                                          -       B->Y    R     AND2x4_ASAP7_75t_SL            3  5.0    18    22     271    (-,-) 
  u_packed_mxfp_aitb_comp_top_g44705/Y                                          -       C->Y    F     NAND4xp75_ASAP7_75t_L          1  0.9    27    18     289    (-,-) 
  u_packed_mxfp_aitb_comp_top_g44611/Y                                          -       A1->Y   R     OAI21xp5_ASAP7_75t_SL          2  2.0    48    25     315    (-,-) 
  u_packed_mxfp_aitb_comp_top_g44497/Y                                          -       B->Y    R     AND2x4_ASAP7_75t_SL           12 10.2    32    32     347    (-,-) 
  u_packed_mxfp_aitb_comp_top_g44445/Y                                          -       B->Y    R     AND2x4_ASAP7_75t_SL            8  8.7    28    29     375    (-,-) 
  u_packed_mxfp_aitb_comp_top_g44400/Y                                          -       B->Y    R     AND2x2_ASAP7_75t_SL            9  6.2    37    33     408    (-,-) 
  u_packed_mxfp_aitb_comp_top_g44357/Y                                          -       B->Y    F     NAND2xp5_ASAP7_75t_SL          4  2.6    43    25     434    (-,-) 
  u_packed_mxfp_aitb_comp_top_g44304/Y                                          -       B->Y    R     NOR2xp33_ASAP7_75t_L           1  0.8    41    27     461    (-,-) 
  u_packed_mxfp_aitb_comp_top_g44210/Y                                          -       B->Y    F     AOI21xp5_ASAP7_75t_SL          1  1.8    38    22     482    (-,-) 
  u_packed_mxfp_aitb_comp_top_g44133/Y                                          -       B->Y    F     XOR2x1_ASAP7_75t_SL            2  2.0    31    31     514    (-,-) 
  u_packed_mxfp_aitb_comp_top_addinc_FP32_ALU_col1_fracAdder_add_113_18_g1656/Y -       B->Y    R     NOR2x1_ASAP7_75t_L             3  2.6    42    25     539    (-,-) 
  u_packed_mxfp_aitb_comp_top_addinc_FP32_ALU_col1_fracAdder_add_113_18_g1546/Y -       A->Y    F     NOR2x1_ASAP7_75t_L             2  2.5    34    27     566    (-,-) 
  u_packed_mxfp_aitb_comp_top_addinc_FP32_ALU_col1_fracAdder_add_113_18_g1476/Y -       A->Y    R     NAND2x1p5_ASAP7_75t_SL         2  1.7    26    18     584    (-,-) 
  u_packed_mxfp_aitb_comp_top_addinc_FP32_ALU_col1_fracAdder_add_113_18_g1464/Y -       A->Y    F     INVx1_ASAP7_75t_L              1  1.3    18    14     598    (-,-) 
  u_packed_mxfp_aitb_comp_top_addinc_FP32_ALU_col1_fracAdder_add_113_18_g1456/Y -       A->Y    F     AND2x4_ASAP7_75t_SL            4  4.1    14    23     621    (-,-) 
  u_packed_mxfp_aitb_comp_top_addinc_FP32_ALU_col1_fracAdder_add_113_18_g1451/Y -       A->Y    R     INVx2_ASAP7_75t_SL             1  1.3    11     8     629    (-,-) 
  u_packed_mxfp_aitb_comp_top_addinc_FP32_ALU_col1_fracAdder_add_113_18_g1431/Y -       B->Y    F     NOR2x1_ASAP7_75t_SL            1  1.4    27    11     640    (-,-) 
  u_packed_mxfp_aitb_comp_top_addinc_FP32_ALU_col1_fracAdder_add_113_18_g1379/Y -       A1->Y   R     AOI21x1_ASAP7_75t_SL           1  1.8    32    16     657    (-,-) 
  u_packed_mxfp_aitb_comp_top_addinc_FP32_ALU_col1_fracAdder_add_113_18_g1366/Y -       B->Y    R     XOR2x1_ASAP7_75t_SL            2  2.3    36    26     683    (-,-) 
  u_packed_mxfp_aitb_comp_top_g42644/Y                                          -       B->Y    F     NOR4xp75_ASAP7_75t_SL          1  1.2    30    12     695    (-,-) 
  u_packed_mxfp_aitb_comp_top_g41896/Y                                          -       B->Y    F     AND3x4_ASAP7_75t_SL            9  9.9    28    39     734    (-,-) 
  u_packed_mxfp_aitb_comp_top_g41856/Y                                          -       A2->Y   R     AOI21x1_ASAP7_75t_SL           2  2.6    43    21     754    (-,-) 
  u_packed_mxfp_aitb_comp_top_g41829/Y                                          -       C->Y    F     NAND4xp75_ASAP7_75t_SL         1  2.3    39    20     774    (-,-) 
  u_packed_mxfp_aitb_comp_top_g41816/Y                                          -       B->Y    R     NOR2x2_ASAP7_75t_SL            5  4.5    36    21     795    (-,-) 
  u_packed_mxfp_aitb_comp_top_g41797/Y                                          -       A2->Y   F     AOI21xp5_ASAP7_75t_SL          1  0.8    23    12     807    (-,-) 
  u_packed_mxfp_aitb_comp_top_g41778/Y                                          -       A->Y    F     AND2x2_ASAP7_75t_SL            1  1.3    12    23     830    (-,-) 
  u_packed_mxfp_aitb_comp_top_g41776/Y                                          -       A->Y    F     AND2x4_ASAP7_75t_SL            4  5.0    15    22     853    (-,-) 
  u_packed_mxfp_aitb_comp_top_g41763/Y                                          -       A2->Y   R     AOI21x1_ASAP7_75t_SL           2  2.1    35    17     869    (-,-) 
  u_packed_mxfp_aitb_comp_top_g41760/Y                                          -       A->Y    F     INVx1_ASAP7_75t_SL             1  1.4    20    12     882    (-,-) 
  u_packed_mxfp_aitb_comp_top_g41736/Y                                          -       B->Y    R     AOI21x1_ASAP7_75t_SL           2  1.8    31    18     899    (-,-) 
  u_packed_mxfp_aitb_comp_top_g41722/Y                                          -       B->Y    F     NAND2x1_ASAP7_75t_SL           1  1.3    19    11     910    (-,-) 
  u_packed_mxfp_aitb_comp_top_g41709/Y                                          -       A2->Y   R     AOI21x1_ASAP7_75t_SL           5  4.4    54    26     936    (-,-) 
  u_packed_mxfp_aitb_comp_top_g41708/Y                                          -       A->Y    F     INVxp67_ASAP7_75t_SL           1  1.3    29    17     953    (-,-) 
  u_packed_mxfp_aitb_comp_top_g41690/Y                                          -       B->Y    R     NAND2x1_ASAP7_75t_SL           1  1.3    29    17     970    (-,-) 
  u_packed_mxfp_aitb_comp_top_g41603/Y                                          -       B->Y    R     AND2x4_ASAP7_75t_SL           14 12.2    36    32    1002    (-,-) 
  u_packed_mxfp_aitb_comp_top_g41574/Y                                          -       A->Y    F     INVx4_ASAP7_75t_SL             3  2.4    14     8    1010    (-,-) 
  u_packed_mxfp_aitb_comp_top_g41392/Y                                          -       B2->Y   F     AO22x2_ASAP7_75t_SL            2  2.7    20    28    1038    (-,-) 
  u_packed_mxfp_aitb_comp_top_g41368/Y                                          -       A->Y    R     INVx2_ASAP7_75t_SL             1  1.3    13     9    1047    (-,-) 
  u_packed_mxfp_aitb_comp_top_g41239/Y                                          -       B1->Y   F     OAI22x1_ASAP7_75t_SL           3  2.9    33    16    1063    (-,-) 
  u_packed_mxfp_aitb_comp_top_g41022/Y                                          -       A2->Y   R     AOI222xp33_ASAP7_75t_SL        1  0.9    52    28    1091    (-,-) 
  u_packed_mxfp_aitb_comp_top_g40916/Y                                          -       B->Y    F     OAI21xp5_ASAP7_75t_SL          2  2.3    44    24    1115    (-,-) 
  u_packed_mxfp_aitb_comp_top_g40800/Y                                          -       A->Y    R     NAND2x1p5_ASAP7_75t_SL         1  1.8    29    20    1135    (-,-) 
  u_packed_mxfp_aitb_comp_top_g40753/Y                                          -       C->Y    F     NOR4xp75_ASAP7_75t_SL          1  1.5    25    13    1148    (-,-) 
  u_packed_mxfp_aitb_comp_top_g40742/Y                                          -       B->Y    R     NAND3x1_ASAP7_75t_SL           2  1.3    31    20    1168    (-,-) 
  u_packed_mxfp_aitb_comp_top_g40713/Y                                          -       B->Y    R     OR2x2_ASAP7_75t_SL             3  3.9    25    28    1196    (-,-) 
  u_packed_mxfp_aitb_comp_top_g40675/Y                                          -       B->Y    F     NOR2x1p5_ASAP7_75t_SL          2  2.4    26    13    1210    (-,-) 
  u_packed_mxfp_aitb_comp_top_g40620/Y                                          -       A->Y    R     NAND2x1p5_ASAP7_75t_SL         3  2.6    30    19    1228    (-,-) 
  u_packed_mxfp_aitb_comp_top_g40603/Y                                          -       A->Y    R     BUFx3_ASAP7_75t_SL             2  2.7    15    21    1250    (-,-) 
  u_packed_mxfp_aitb_comp_top_g40602/Y                                          -       A->Y    F     INVx2_ASAP7_75t_SL             1  1.8    11     8    1257    (-,-) 
  u_packed_mxfp_aitb_comp_top_g40579/Y                                          -       B->Y    R     NAND2x1p5_ASAP7_75t_SL         1  1.4    22    10    1268    (-,-) 
  u_packed_mxfp_aitb_comp_top_g40544/Y                                          -       A1->Y   F     OAI22x1_ASAP7_75t_SL           2  2.1    35    16    1283    (-,-) 
  u_packed_mxfp_aitb_comp_top_g40517/Y                                          -       B->Y    R     NAND3x1_ASAP7_75t_SL           1  0.8    35    20    1304    (-,-) 
  u_packed_mxfp_aitb_comp_top_g40512/Y                                          -       A->Y    F     NOR3xp33_ASAP7_75t_SL          1  0.8    26    14    1317    (-,-) 
  u_packed_mxfp_aitb_comp_top_g40511/Y                                          -       A->Y    R     NAND2xp5_ASAP7_75t_SL          1  1.3    30    19    1337    (-,-) 
  u_packed_mxfp_aitb_comp_top_g40507/Y                                          -       A2->Y   F     AOI21x1_ASAP7_75t_SL           1  1.5    34    11    1348    (-,-) 
  fopt6/Y                                                                       -       A->Y    F     BUFx6f_ASAP7_75t_SL            6 11.0    20    27    1375    (-,-) 
  fopt125194/Y                                                                  -       A->Y    R     INVx2_ASAP7_75t_SL             2  1.7    15    10    1385    (-,-) 
  u_packed_mxfp_aitb_comp_top_g40503/Y                                          -       B->Y    R     AND3x1_ASAP7_75t_SL            1  0.9    19    23    1408    (-,-) 
  u_packed_mxfp_aitb_comp_top_PIPE_OUT_col1_stage_reg_reg[0][28]/D              -       -       R     ASYNC_DFFHx1_ASAP7_75t_SL      1    -     -     0    1408    (-,-) 
#------------------------------------------------------------------------------------------------------------------------------------------------------------------------



Path 41: VIOLATED (-521 ps) Setup Check with Pin u_packed_mxfp_aitb_comp_top_PIPE_OUT_col1_stage_reg_reg[0][26]/CLK->D
           View: PVT_0P63V_100C.setup_view
          Group: clk
     Startpoint: (R) u_packed_mxfp_aitb_comp_top_PIPE_OUT_col2_stage_reg_reg[0][6]/CLK
          Clock: (R) clk
       Endpoint: (R) u_packed_mxfp_aitb_comp_top_PIPE_OUT_col1_stage_reg_reg[0][26]/D
          Clock: (R) clk

                     Capture       Launch     
        Clock Edge:+    1000            0     
       Src Latency:+       0            0     
       Net Latency:+       0 (I)        0 (I) 
           Arrival:=    1000            0     
                                              
             Setup:-      13                  
       Uncertainty:-     100                  
     Required Time:=     887                  
      Launch Clock:-       0                  
         Data Path:-    1408                  
             Slack:=    -521                  

#------------------------------------------------------------------------------------------------------------------------------------------------------------------------
#                                 Timing Point                                  Flags    Arc    Edge           Cell             Fanout Load Trans Delay Arrival Instance 
#                                                                                                                                      (fF)  (ps)  (ps)   (ps)  Location 
#------------------------------------------------------------------------------------------------------------------------------------------------------------------------
  u_packed_mxfp_aitb_comp_top_PIPE_OUT_col2_stage_reg_reg[0][6]/CLK             -       -       R     (arrival)                   1219    -     0     0       0    (-,-) 
  u_packed_mxfp_aitb_comp_top_PIPE_OUT_col2_stage_reg_reg[0][6]/QN              -       CLK->QN F     ASYNC_DFFHx1_ASAP7_75t_SL      3  3.6    31    49      49    (-,-) 
  u_packed_mxfp_aitb_comp_top_g46030/Y                                          -       B2->Y   R     AOI22x1_ASAP7_75t_SL           4  3.2    67    25      74    (-,-) 
  u_packed_mxfp_aitb_comp_top_g45537/Y                                          -       B1->Y   F     OAI22x1_ASAP7_75t_SL           2  1.4    32    14      88    (-,-) 
  u_packed_mxfp_aitb_comp_top_g45418/Y                                          -       A->Y    R     NOR3xp33_ASAP7_75t_SL          1  0.8    40    23     111    (-,-) 
  u_packed_mxfp_aitb_comp_top_g45317/Y                                          -       C->Y    F     A2O1A1Ixp33_ASAP7_75t_SL       1  0.8    35    20     131    (-,-) 
  u_packed_mxfp_aitb_comp_top_g45191/Y                                          -       A1->Y   R     AOI21xp5_ASAP7_75t_SL          1  0.9    32    17     148    (-,-) 
  u_packed_mxfp_aitb_comp_top_g45163/Y                                          -       A2->Y   F     OAI21xp5_ASAP7_75t_SL          1  1.3    28    17     166    (-,-) 
  u_packed_mxfp_aitb_comp_top_g45157/Y                                          -       B->Y    F     AND2x4_ASAP7_75t_SL            3  6.4    18    27     192    (-,-) 
  u_packed_mxfp_aitb_comp_top_g45153/Y                                          -       A->Y    F     BUFx12f_ASAP7_75t_SL          11 13.4    16    22     214    (-,-) 
  u_packed_mxfp_aitb_comp_top_g45151/Y                                          -       A->Y    R     INVx8_ASAP7_75t_SL            10  9.6    17    12     225    (-,-) 
  u_packed_mxfp_aitb_comp_top_g44869/Y                                          -       A2->Y   R     OA22x2_ASAP7_75t_SL            2  1.9    18    24     249    (-,-) 
  u_packed_mxfp_aitb_comp_top_g44784/Y                                          -       B->Y    R     AND2x4_ASAP7_75t_SL            3  5.0    18    22     271    (-,-) 
  u_packed_mxfp_aitb_comp_top_g44705/Y                                          -       C->Y    F     NAND4xp75_ASAP7_75t_L          1  0.9    27    18     289    (-,-) 
  u_packed_mxfp_aitb_comp_top_g44611/Y                                          -       A1->Y   R     OAI21xp5_ASAP7_75t_SL          2  2.0    48    25     315    (-,-) 
  u_packed_mxfp_aitb_comp_top_g44497/Y                                          -       B->Y    R     AND2x4_ASAP7_75t_SL           12 10.2    32    32     347    (-,-) 
  u_packed_mxfp_aitb_comp_top_g44445/Y                                          -       B->Y    R     AND2x4_ASAP7_75t_SL            8  8.7    28    29     375    (-,-) 
  u_packed_mxfp_aitb_comp_top_g44400/Y                                          -       B->Y    R     AND2x2_ASAP7_75t_SL            9  6.2    37    33     408    (-,-) 
  u_packed_mxfp_aitb_comp_top_g44357/Y                                          -       B->Y    F     NAND2xp5_ASAP7_75t_SL          4  2.6    43    25     434    (-,-) 
  u_packed_mxfp_aitb_comp_top_g44304/Y                                          -       B->Y    R     NOR2xp33_ASAP7_75t_L           1  0.8    41    27     461    (-,-) 
  u_packed_mxfp_aitb_comp_top_g44210/Y                                          -       B->Y    F     AOI21xp5_ASAP7_75t_SL          1  1.8    38    22     482    (-,-) 
  u_packed_mxfp_aitb_comp_top_g44133/Y                                          -       B->Y    F     XOR2x1_ASAP7_75t_SL            2  2.0    31    31     514    (-,-) 
  u_packed_mxfp_aitb_comp_top_addinc_FP32_ALU_col1_fracAdder_add_113_18_g1656/Y -       B->Y    R     NOR2x1_ASAP7_75t_L             3  2.6    42    25     539    (-,-) 
  u_packed_mxfp_aitb_comp_top_addinc_FP32_ALU_col1_fracAdder_add_113_18_g1546/Y -       A->Y    F     NOR2x1_ASAP7_75t_L             2  2.5    34    27     566    (-,-) 
  u_packed_mxfp_aitb_comp_top_addinc_FP32_ALU_col1_fracAdder_add_113_18_g1476/Y -       A->Y    R     NAND2x1p5_ASAP7_75t_SL         2  1.7    26    18     584    (-,-) 
  u_packed_mxfp_aitb_comp_top_addinc_FP32_ALU_col1_fracAdder_add_113_18_g1464/Y -       A->Y    F     INVx1_ASAP7_75t_L              1  1.3    18    14     598    (-,-) 
  u_packed_mxfp_aitb_comp_top_addinc_FP32_ALU_col1_fracAdder_add_113_18_g1456/Y -       A->Y    F     AND2x4_ASAP7_75t_SL            4  4.1    14    23     621    (-,-) 
  u_packed_mxfp_aitb_comp_top_addinc_FP32_ALU_col1_fracAdder_add_113_18_g1451/Y -       A->Y    R     INVx2_ASAP7_75t_SL             1  1.3    11     8     629    (-,-) 
  u_packed_mxfp_aitb_comp_top_addinc_FP32_ALU_col1_fracAdder_add_113_18_g1431/Y -       B->Y    F     NOR2x1_ASAP7_75t_SL            1  1.4    27    11     640    (-,-) 
  u_packed_mxfp_aitb_comp_top_addinc_FP32_ALU_col1_fracAdder_add_113_18_g1379/Y -       A1->Y   R     AOI21x1_ASAP7_75t_SL           1  1.8    32    16     657    (-,-) 
  u_packed_mxfp_aitb_comp_top_addinc_FP32_ALU_col1_fracAdder_add_113_18_g1366/Y -       B->Y    R     XOR2x1_ASAP7_75t_SL            2  2.3    36    26     683    (-,-) 
  u_packed_mxfp_aitb_comp_top_g42644/Y                                          -       B->Y    F     NOR4xp75_ASAP7_75t_SL          1  1.2    30    12     695    (-,-) 
  u_packed_mxfp_aitb_comp_top_g41896/Y                                          -       B->Y    F     AND3x4_ASAP7_75t_SL            9  9.9    28    39     734    (-,-) 
  u_packed_mxfp_aitb_comp_top_g41856/Y                                          -       A2->Y   R     AOI21x1_ASAP7_75t_SL           2  2.6    43    21     754    (-,-) 
  u_packed_mxfp_aitb_comp_top_g41829/Y                                          -       C->Y    F     NAND4xp75_ASAP7_75t_SL         1  2.3    39    20     774    (-,-) 
  u_packed_mxfp_aitb_comp_top_g41816/Y                                          -       B->Y    R     NOR2x2_ASAP7_75t_SL            5  4.5    36    21     795    (-,-) 
  u_packed_mxfp_aitb_comp_top_g41797/Y                                          -       A2->Y   F     AOI21xp5_ASAP7_75t_SL          1  0.8    23    12     807    (-,-) 
  u_packed_mxfp_aitb_comp_top_g41778/Y                                          -       A->Y    F     AND2x2_ASAP7_75t_SL            1  1.3    12    23     830    (-,-) 
  u_packed_mxfp_aitb_comp_top_g41776/Y                                          -       A->Y    F     AND2x4_ASAP7_75t_SL            4  5.0    15    22     853    (-,-) 
  u_packed_mxfp_aitb_comp_top_g41763/Y                                          -       A2->Y   R     AOI21x1_ASAP7_75t_SL           2  2.1    35    17     869    (-,-) 
  u_packed_mxfp_aitb_comp_top_g41760/Y                                          -       A->Y    F     INVx1_ASAP7_75t_SL             1  1.4    20    12     882    (-,-) 
  u_packed_mxfp_aitb_comp_top_g41736/Y                                          -       B->Y    R     AOI21x1_ASAP7_75t_SL           2  1.8    31    18     899    (-,-) 
  u_packed_mxfp_aitb_comp_top_g41722/Y                                          -       B->Y    F     NAND2x1_ASAP7_75t_SL           1  1.3    19    11     910    (-,-) 
  u_packed_mxfp_aitb_comp_top_g41709/Y                                          -       A2->Y   R     AOI21x1_ASAP7_75t_SL           5  4.4    54    26     936    (-,-) 
  u_packed_mxfp_aitb_comp_top_g41708/Y                                          -       A->Y    F     INVxp67_ASAP7_75t_SL           1  1.3    29    17     953    (-,-) 
  u_packed_mxfp_aitb_comp_top_g41690/Y                                          -       B->Y    R     NAND2x1_ASAP7_75t_SL           1  1.3    29    17     970    (-,-) 
  u_packed_mxfp_aitb_comp_top_g41603/Y                                          -       B->Y    R     AND2x4_ASAP7_75t_SL           14 12.2    36    32    1002    (-,-) 
  u_packed_mxfp_aitb_comp_top_g41574/Y                                          -       A->Y    F     INVx4_ASAP7_75t_SL             3  2.4    14     8    1010    (-,-) 
  u_packed_mxfp_aitb_comp_top_g41392/Y                                          -       B2->Y   F     AO22x2_ASAP7_75t_SL            2  2.7    20    28    1038    (-,-) 
  u_packed_mxfp_aitb_comp_top_g41368/Y                                          -       A->Y    R     INVx2_ASAP7_75t_SL             1  1.3    13     9    1047    (-,-) 
  u_packed_mxfp_aitb_comp_top_g41239/Y                                          -       B1->Y   F     OAI22x1_ASAP7_75t_SL           3  2.9    33    16    1063    (-,-) 
  u_packed_mxfp_aitb_comp_top_g41022/Y                                          -       A2->Y   R     AOI222xp33_ASAP7_75t_SL        1  0.9    52    28    1091    (-,-) 
  u_packed_mxfp_aitb_comp_top_g40916/Y                                          -       B->Y    F     OAI21xp5_ASAP7_75t_SL          2  2.3    44    24    1115    (-,-) 
  u_packed_mxfp_aitb_comp_top_g40800/Y                                          -       A->Y    R     NAND2x1p5_ASAP7_75t_SL         1  1.8    29    20    1135    (-,-) 
  u_packed_mxfp_aitb_comp_top_g40753/Y                                          -       C->Y    F     NOR4xp75_ASAP7_75t_SL          1  1.5    25    13    1148    (-,-) 
  u_packed_mxfp_aitb_comp_top_g40742/Y                                          -       B->Y    R     NAND3x1_ASAP7_75t_SL           2  1.3    31    20    1168    (-,-) 
  u_packed_mxfp_aitb_comp_top_g40713/Y                                          -       B->Y    R     OR2x2_ASAP7_75t_SL             3  3.9    25    28    1196    (-,-) 
  u_packed_mxfp_aitb_comp_top_g40675/Y                                          -       B->Y    F     NOR2x1p5_ASAP7_75t_SL          2  2.4    26    13    1210    (-,-) 
  u_packed_mxfp_aitb_comp_top_g40620/Y                                          -       A->Y    R     NAND2x1p5_ASAP7_75t_SL         3  2.6    30    19    1228    (-,-) 
  u_packed_mxfp_aitb_comp_top_g40603/Y                                          -       A->Y    R     BUFx3_ASAP7_75t_SL             2  2.7    15    21    1250    (-,-) 
  u_packed_mxfp_aitb_comp_top_g40602/Y                                          -       A->Y    F     INVx2_ASAP7_75t_SL             1  1.8    11     8    1257    (-,-) 
  u_packed_mxfp_aitb_comp_top_g40579/Y                                          -       B->Y    R     NAND2x1p5_ASAP7_75t_SL         1  1.4    22    10    1268    (-,-) 
  u_packed_mxfp_aitb_comp_top_g40544/Y                                          -       A1->Y   F     OAI22x1_ASAP7_75t_SL           2  2.1    35    16    1283    (-,-) 
  u_packed_mxfp_aitb_comp_top_g40517/Y                                          -       B->Y    R     NAND3x1_ASAP7_75t_SL           1  0.8    35    20    1304    (-,-) 
  u_packed_mxfp_aitb_comp_top_g40512/Y                                          -       A->Y    F     NOR3xp33_ASAP7_75t_SL          1  0.8    26    14    1317    (-,-) 
  u_packed_mxfp_aitb_comp_top_g40511/Y                                          -       A->Y    R     NAND2xp5_ASAP7_75t_SL          1  1.3    30    19    1337    (-,-) 
  u_packed_mxfp_aitb_comp_top_g40507/Y                                          -       A2->Y   F     AOI21x1_ASAP7_75t_SL           1  1.5    34    11    1348    (-,-) 
  fopt6/Y                                                                       -       A->Y    F     BUFx6f_ASAP7_75t_SL            6 11.0    20    27    1375    (-,-) 
  fopt125190/Y                                                                  -       A->Y    R     INVx2_ASAP7_75t_SL             2  1.7    15    10    1385    (-,-) 
  u_packed_mxfp_aitb_comp_top_g40501/Y                                          -       B->Y    R     AND3x1_ASAP7_75t_SL            1  0.9    19    23    1408    (-,-) 
  u_packed_mxfp_aitb_comp_top_PIPE_OUT_col1_stage_reg_reg[0][26]/D              -       -       R     ASYNC_DFFHx1_ASAP7_75t_SL      1    -     -     0    1408    (-,-) 
#------------------------------------------------------------------------------------------------------------------------------------------------------------------------



Path 42: VIOLATED (-521 ps) Setup Check with Pin u_packed_mxfp_aitb_comp_top_PIPE_OUT_col1_stage_reg_reg[0][23]/CLK->D
           View: PVT_0P63V_100C.setup_view
          Group: clk
     Startpoint: (R) u_packed_mxfp_aitb_comp_top_PIPE_OUT_col2_stage_reg_reg[0][6]/CLK
          Clock: (R) clk
       Endpoint: (R) u_packed_mxfp_aitb_comp_top_PIPE_OUT_col1_stage_reg_reg[0][23]/D
          Clock: (R) clk

                     Capture       Launch     
        Clock Edge:+    1000            0     
       Src Latency:+       0            0     
       Net Latency:+       0 (I)        0 (I) 
           Arrival:=    1000            0     
                                              
             Setup:-      13                  
       Uncertainty:-     100                  
     Required Time:=     887                  
      Launch Clock:-       0                  
         Data Path:-    1408                  
             Slack:=    -521                  

#------------------------------------------------------------------------------------------------------------------------------------------------------------------------
#                                 Timing Point                                  Flags    Arc    Edge           Cell             Fanout Load Trans Delay Arrival Instance 
#                                                                                                                                      (fF)  (ps)  (ps)   (ps)  Location 
#------------------------------------------------------------------------------------------------------------------------------------------------------------------------
  u_packed_mxfp_aitb_comp_top_PIPE_OUT_col2_stage_reg_reg[0][6]/CLK             -       -       R     (arrival)                   1219    -     0     0       0    (-,-) 
  u_packed_mxfp_aitb_comp_top_PIPE_OUT_col2_stage_reg_reg[0][6]/QN              -       CLK->QN F     ASYNC_DFFHx1_ASAP7_75t_SL      3  3.6    31    49      49    (-,-) 
  u_packed_mxfp_aitb_comp_top_g46030/Y                                          -       B2->Y   R     AOI22x1_ASAP7_75t_SL           4  3.2    67    25      74    (-,-) 
  u_packed_mxfp_aitb_comp_top_g45537/Y                                          -       B1->Y   F     OAI22x1_ASAP7_75t_SL           2  1.4    32    14      88    (-,-) 
  u_packed_mxfp_aitb_comp_top_g45418/Y                                          -       A->Y    R     NOR3xp33_ASAP7_75t_SL          1  0.8    40    23     111    (-,-) 
  u_packed_mxfp_aitb_comp_top_g45317/Y                                          -       C->Y    F     A2O1A1Ixp33_ASAP7_75t_SL       1  0.8    35    20     131    (-,-) 
  u_packed_mxfp_aitb_comp_top_g45191/Y                                          -       A1->Y   R     AOI21xp5_ASAP7_75t_SL          1  0.9    32    17     148    (-,-) 
  u_packed_mxfp_aitb_comp_top_g45163/Y                                          -       A2->Y   F     OAI21xp5_ASAP7_75t_SL          1  1.3    28    17     166    (-,-) 
  u_packed_mxfp_aitb_comp_top_g45157/Y                                          -       B->Y    F     AND2x4_ASAP7_75t_SL            3  6.4    18    27     192    (-,-) 
  u_packed_mxfp_aitb_comp_top_g45153/Y                                          -       A->Y    F     BUFx12f_ASAP7_75t_SL          11 13.4    16    22     214    (-,-) 
  u_packed_mxfp_aitb_comp_top_g45151/Y                                          -       A->Y    R     INVx8_ASAP7_75t_SL            10  9.6    17    12     225    (-,-) 
  u_packed_mxfp_aitb_comp_top_g44869/Y                                          -       A2->Y   R     OA22x2_ASAP7_75t_SL            2  1.9    18    24     249    (-,-) 
  u_packed_mxfp_aitb_comp_top_g44784/Y                                          -       B->Y    R     AND2x4_ASAP7_75t_SL            3  5.0    18    22     271    (-,-) 
  u_packed_mxfp_aitb_comp_top_g44705/Y                                          -       C->Y    F     NAND4xp75_ASAP7_75t_L          1  0.9    27    18     289    (-,-) 
  u_packed_mxfp_aitb_comp_top_g44611/Y                                          -       A1->Y   R     OAI21xp5_ASAP7_75t_SL          2  2.0    48    25     315    (-,-) 
  u_packed_mxfp_aitb_comp_top_g44497/Y                                          -       B->Y    R     AND2x4_ASAP7_75t_SL           12 10.2    32    32     347    (-,-) 
  u_packed_mxfp_aitb_comp_top_g44445/Y                                          -       B->Y    R     AND2x4_ASAP7_75t_SL            8  8.7    28    29     375    (-,-) 
  u_packed_mxfp_aitb_comp_top_g44400/Y                                          -       B->Y    R     AND2x2_ASAP7_75t_SL            9  6.2    37    33     408    (-,-) 
  u_packed_mxfp_aitb_comp_top_g44357/Y                                          -       B->Y    F     NAND2xp5_ASAP7_75t_SL          4  2.6    43    25     434    (-,-) 
  u_packed_mxfp_aitb_comp_top_g44304/Y                                          -       B->Y    R     NOR2xp33_ASAP7_75t_L           1  0.8    41    27     461    (-,-) 
  u_packed_mxfp_aitb_comp_top_g44210/Y                                          -       B->Y    F     AOI21xp5_ASAP7_75t_SL          1  1.8    38    22     482    (-,-) 
  u_packed_mxfp_aitb_comp_top_g44133/Y                                          -       B->Y    F     XOR2x1_ASAP7_75t_SL            2  2.0    31    31     514    (-,-) 
  u_packed_mxfp_aitb_comp_top_addinc_FP32_ALU_col1_fracAdder_add_113_18_g1656/Y -       B->Y    R     NOR2x1_ASAP7_75t_L             3  2.6    42    25     539    (-,-) 
  u_packed_mxfp_aitb_comp_top_addinc_FP32_ALU_col1_fracAdder_add_113_18_g1546/Y -       A->Y    F     NOR2x1_ASAP7_75t_L             2  2.5    34    27     566    (-,-) 
  u_packed_mxfp_aitb_comp_top_addinc_FP32_ALU_col1_fracAdder_add_113_18_g1476/Y -       A->Y    R     NAND2x1p5_ASAP7_75t_SL         2  1.7    26    18     584    (-,-) 
  u_packed_mxfp_aitb_comp_top_addinc_FP32_ALU_col1_fracAdder_add_113_18_g1464/Y -       A->Y    F     INVx1_ASAP7_75t_L              1  1.3    18    14     598    (-,-) 
  u_packed_mxfp_aitb_comp_top_addinc_FP32_ALU_col1_fracAdder_add_113_18_g1456/Y -       A->Y    F     AND2x4_ASAP7_75t_SL            4  4.1    14    23     621    (-,-) 
  u_packed_mxfp_aitb_comp_top_addinc_FP32_ALU_col1_fracAdder_add_113_18_g1451/Y -       A->Y    R     INVx2_ASAP7_75t_SL             1  1.3    11     8     629    (-,-) 
  u_packed_mxfp_aitb_comp_top_addinc_FP32_ALU_col1_fracAdder_add_113_18_g1431/Y -       B->Y    F     NOR2x1_ASAP7_75t_SL            1  1.4    27    11     640    (-,-) 
  u_packed_mxfp_aitb_comp_top_addinc_FP32_ALU_col1_fracAdder_add_113_18_g1379/Y -       A1->Y   R     AOI21x1_ASAP7_75t_SL           1  1.8    32    16     657    (-,-) 
  u_packed_mxfp_aitb_comp_top_addinc_FP32_ALU_col1_fracAdder_add_113_18_g1366/Y -       B->Y    R     XOR2x1_ASAP7_75t_SL            2  2.3    36    26     683    (-,-) 
  u_packed_mxfp_aitb_comp_top_g42644/Y                                          -       B->Y    F     NOR4xp75_ASAP7_75t_SL          1  1.2    30    12     695    (-,-) 
  u_packed_mxfp_aitb_comp_top_g41896/Y                                          -       B->Y    F     AND3x4_ASAP7_75t_SL            9  9.9    28    39     734    (-,-) 
  u_packed_mxfp_aitb_comp_top_g41856/Y                                          -       A2->Y   R     AOI21x1_ASAP7_75t_SL           2  2.6    43    21     754    (-,-) 
  u_packed_mxfp_aitb_comp_top_g41829/Y                                          -       C->Y    F     NAND4xp75_ASAP7_75t_SL         1  2.3    39    20     774    (-,-) 
  u_packed_mxfp_aitb_comp_top_g41816/Y                                          -       B->Y    R     NOR2x2_ASAP7_75t_SL            5  4.5    36    21     795    (-,-) 
  u_packed_mxfp_aitb_comp_top_g41797/Y                                          -       A2->Y   F     AOI21xp5_ASAP7_75t_SL          1  0.8    23    12     807    (-,-) 
  u_packed_mxfp_aitb_comp_top_g41778/Y                                          -       A->Y    F     AND2x2_ASAP7_75t_SL            1  1.3    12    23     830    (-,-) 
  u_packed_mxfp_aitb_comp_top_g41776/Y                                          -       A->Y    F     AND2x4_ASAP7_75t_SL            4  5.0    15    22     853    (-,-) 
  u_packed_mxfp_aitb_comp_top_g41763/Y                                          -       A2->Y   R     AOI21x1_ASAP7_75t_SL           2  2.1    35    17     869    (-,-) 
  u_packed_mxfp_aitb_comp_top_g41760/Y                                          -       A->Y    F     INVx1_ASAP7_75t_SL             1  1.4    20    12     882    (-,-) 
  u_packed_mxfp_aitb_comp_top_g41736/Y                                          -       B->Y    R     AOI21x1_ASAP7_75t_SL           2  1.8    31    18     899    (-,-) 
  u_packed_mxfp_aitb_comp_top_g41722/Y                                          -       B->Y    F     NAND2x1_ASAP7_75t_SL           1  1.3    19    11     910    (-,-) 
  u_packed_mxfp_aitb_comp_top_g41709/Y                                          -       A2->Y   R     AOI21x1_ASAP7_75t_SL           5  4.4    54    26     936    (-,-) 
  u_packed_mxfp_aitb_comp_top_g41708/Y                                          -       A->Y    F     INVxp67_ASAP7_75t_SL           1  1.3    29    17     953    (-,-) 
  u_packed_mxfp_aitb_comp_top_g41690/Y                                          -       B->Y    R     NAND2x1_ASAP7_75t_SL           1  1.3    29    17     970    (-,-) 
  u_packed_mxfp_aitb_comp_top_g41603/Y                                          -       B->Y    R     AND2x4_ASAP7_75t_SL           14 12.2    36    32    1002    (-,-) 
  u_packed_mxfp_aitb_comp_top_g41574/Y                                          -       A->Y    F     INVx4_ASAP7_75t_SL             3  2.4    14     8    1010    (-,-) 
  u_packed_mxfp_aitb_comp_top_g41392/Y                                          -       B2->Y   F     AO22x2_ASAP7_75t_SL            2  2.7    20    28    1038    (-,-) 
  u_packed_mxfp_aitb_comp_top_g41368/Y                                          -       A->Y    R     INVx2_ASAP7_75t_SL             1  1.3    13     9    1047    (-,-) 
  u_packed_mxfp_aitb_comp_top_g41239/Y                                          -       B1->Y   F     OAI22x1_ASAP7_75t_SL           3  2.9    33    16    1063    (-,-) 
  u_packed_mxfp_aitb_comp_top_g41022/Y                                          -       A2->Y   R     AOI222xp33_ASAP7_75t_SL        1  0.9    52    28    1091    (-,-) 
  u_packed_mxfp_aitb_comp_top_g40916/Y                                          -       B->Y    F     OAI21xp5_ASAP7_75t_SL          2  2.3    44    24    1115    (-,-) 
  u_packed_mxfp_aitb_comp_top_g40800/Y                                          -       A->Y    R     NAND2x1p5_ASAP7_75t_SL         1  1.8    29    20    1135    (-,-) 
  u_packed_mxfp_aitb_comp_top_g40753/Y                                          -       C->Y    F     NOR4xp75_ASAP7_75t_SL          1  1.5    25    13    1148    (-,-) 
  u_packed_mxfp_aitb_comp_top_g40742/Y                                          -       B->Y    R     NAND3x1_ASAP7_75t_SL           2  1.3    31    20    1168    (-,-) 
  u_packed_mxfp_aitb_comp_top_g40713/Y                                          -       B->Y    R     OR2x2_ASAP7_75t_SL             3  3.9    25    28    1196    (-,-) 
  u_packed_mxfp_aitb_comp_top_g40675/Y                                          -       B->Y    F     NOR2x1p5_ASAP7_75t_SL          2  2.4    26    13    1210    (-,-) 
  u_packed_mxfp_aitb_comp_top_g40620/Y                                          -       A->Y    R     NAND2x1p5_ASAP7_75t_SL         3  2.6    30    19    1228    (-,-) 
  u_packed_mxfp_aitb_comp_top_g40603/Y                                          -       A->Y    R     BUFx3_ASAP7_75t_SL             2  2.7    15    21    1250    (-,-) 
  u_packed_mxfp_aitb_comp_top_g40602/Y                                          -       A->Y    F     INVx2_ASAP7_75t_SL             1  1.8    11     8    1257    (-,-) 
  u_packed_mxfp_aitb_comp_top_g40579/Y                                          -       B->Y    R     NAND2x1p5_ASAP7_75t_SL         1  1.4    22    10    1268    (-,-) 
  u_packed_mxfp_aitb_comp_top_g40544/Y                                          -       A1->Y   F     OAI22x1_ASAP7_75t_SL           2  2.1    35    16    1283    (-,-) 
  u_packed_mxfp_aitb_comp_top_g40517/Y                                          -       B->Y    R     NAND3x1_ASAP7_75t_SL           1  0.8    35    20    1304    (-,-) 
  u_packed_mxfp_aitb_comp_top_g40512/Y                                          -       A->Y    F     NOR3xp33_ASAP7_75t_SL          1  0.8    26    14    1317    (-,-) 
  u_packed_mxfp_aitb_comp_top_g40511/Y                                          -       A->Y    R     NAND2xp5_ASAP7_75t_SL          1  1.3    30    19    1337    (-,-) 
  u_packed_mxfp_aitb_comp_top_g40507/Y                                          -       A2->Y   F     AOI21x1_ASAP7_75t_SL           1  1.5    34    11    1348    (-,-) 
  fopt6/Y                                                                       -       A->Y    F     BUFx6f_ASAP7_75t_SL            6 11.0    20    27    1375    (-,-) 
  fopt125194/Y                                                                  -       A->Y    R     INVx2_ASAP7_75t_SL             2  1.7    15    10    1385    (-,-) 
  u_packed_mxfp_aitb_comp_top_g40498/Y                                          -       B->Y    R     AND3x1_ASAP7_75t_SL            1  0.9    19    23    1408    (-,-) 
  u_packed_mxfp_aitb_comp_top_PIPE_OUT_col1_stage_reg_reg[0][23]/D              -       -       R     ASYNC_DFFHx1_ASAP7_75t_SL      1    -     -     0    1408    (-,-) 
#------------------------------------------------------------------------------------------------------------------------------------------------------------------------



Path 43: VIOLATED (-521 ps) Setup Check with Pin u_packed_mxfp_aitb_comp_top_PIPE_OUT_col1_stage_reg_reg[0][29]/CLK->D
           View: PVT_0P63V_100C.setup_view
          Group: clk
     Startpoint: (R) u_packed_mxfp_aitb_comp_top_PIPE_OUT_col2_stage_reg_reg[0][6]/CLK
          Clock: (R) clk
       Endpoint: (R) u_packed_mxfp_aitb_comp_top_PIPE_OUT_col1_stage_reg_reg[0][29]/D
          Clock: (R) clk

                     Capture       Launch     
        Clock Edge:+    1000            0     
       Src Latency:+       0            0     
       Net Latency:+       0 (I)        0 (I) 
           Arrival:=    1000            0     
                                              
             Setup:-      13                  
       Uncertainty:-     100                  
     Required Time:=     887                  
      Launch Clock:-       0                  
         Data Path:-    1408                  
             Slack:=    -521                  

#------------------------------------------------------------------------------------------------------------------------------------------------------------------------
#                                 Timing Point                                  Flags    Arc    Edge           Cell             Fanout Load Trans Delay Arrival Instance 
#                                                                                                                                      (fF)  (ps)  (ps)   (ps)  Location 
#------------------------------------------------------------------------------------------------------------------------------------------------------------------------
  u_packed_mxfp_aitb_comp_top_PIPE_OUT_col2_stage_reg_reg[0][6]/CLK             -       -       R     (arrival)                   1219    -     0     0       0    (-,-) 
  u_packed_mxfp_aitb_comp_top_PIPE_OUT_col2_stage_reg_reg[0][6]/QN              -       CLK->QN F     ASYNC_DFFHx1_ASAP7_75t_SL      3  3.6    31    49      49    (-,-) 
  u_packed_mxfp_aitb_comp_top_g46030/Y                                          -       B2->Y   R     AOI22x1_ASAP7_75t_SL           4  3.2    67    25      74    (-,-) 
  u_packed_mxfp_aitb_comp_top_g45537/Y                                          -       B1->Y   F     OAI22x1_ASAP7_75t_SL           2  1.4    32    14      88    (-,-) 
  u_packed_mxfp_aitb_comp_top_g45418/Y                                          -       A->Y    R     NOR3xp33_ASAP7_75t_SL          1  0.8    40    23     111    (-,-) 
  u_packed_mxfp_aitb_comp_top_g45317/Y                                          -       C->Y    F     A2O1A1Ixp33_ASAP7_75t_SL       1  0.8    35    20     131    (-,-) 
  u_packed_mxfp_aitb_comp_top_g45191/Y                                          -       A1->Y   R     AOI21xp5_ASAP7_75t_SL          1  0.9    32    17     148    (-,-) 
  u_packed_mxfp_aitb_comp_top_g45163/Y                                          -       A2->Y   F     OAI21xp5_ASAP7_75t_SL          1  1.3    28    17     166    (-,-) 
  u_packed_mxfp_aitb_comp_top_g45157/Y                                          -       B->Y    F     AND2x4_ASAP7_75t_SL            3  6.4    18    27     192    (-,-) 
  u_packed_mxfp_aitb_comp_top_g45153/Y                                          -       A->Y    F     BUFx12f_ASAP7_75t_SL          11 13.4    16    22     214    (-,-) 
  u_packed_mxfp_aitb_comp_top_g45151/Y                                          -       A->Y    R     INVx8_ASAP7_75t_SL            10  9.6    17    12     225    (-,-) 
  u_packed_mxfp_aitb_comp_top_g44869/Y                                          -       A2->Y   R     OA22x2_ASAP7_75t_SL            2  1.9    18    24     249    (-,-) 
  u_packed_mxfp_aitb_comp_top_g44784/Y                                          -       B->Y    R     AND2x4_ASAP7_75t_SL            3  5.0    18    22     271    (-,-) 
  u_packed_mxfp_aitb_comp_top_g44705/Y                                          -       C->Y    F     NAND4xp75_ASAP7_75t_L          1  0.9    27    18     289    (-,-) 
  u_packed_mxfp_aitb_comp_top_g44611/Y                                          -       A1->Y   R     OAI21xp5_ASAP7_75t_SL          2  2.0    48    25     315    (-,-) 
  u_packed_mxfp_aitb_comp_top_g44497/Y                                          -       B->Y    R     AND2x4_ASAP7_75t_SL           12 10.2    32    32     347    (-,-) 
  u_packed_mxfp_aitb_comp_top_g44445/Y                                          -       B->Y    R     AND2x4_ASAP7_75t_SL            8  8.7    28    29     375    (-,-) 
  u_packed_mxfp_aitb_comp_top_g44400/Y                                          -       B->Y    R     AND2x2_ASAP7_75t_SL            9  6.2    37    33     408    (-,-) 
  u_packed_mxfp_aitb_comp_top_g44357/Y                                          -       B->Y    F     NAND2xp5_ASAP7_75t_SL          4  2.6    43    25     434    (-,-) 
  u_packed_mxfp_aitb_comp_top_g44304/Y                                          -       B->Y    R     NOR2xp33_ASAP7_75t_L           1  0.8    41    27     461    (-,-) 
  u_packed_mxfp_aitb_comp_top_g44210/Y                                          -       B->Y    F     AOI21xp5_ASAP7_75t_SL          1  1.8    38    22     482    (-,-) 
  u_packed_mxfp_aitb_comp_top_g44133/Y                                          -       B->Y    F     XOR2x1_ASAP7_75t_SL            2  2.0    31    31     514    (-,-) 
  u_packed_mxfp_aitb_comp_top_addinc_FP32_ALU_col1_fracAdder_add_113_18_g1656/Y -       B->Y    R     NOR2x1_ASAP7_75t_L             3  2.6    42    25     539    (-,-) 
  u_packed_mxfp_aitb_comp_top_addinc_FP32_ALU_col1_fracAdder_add_113_18_g1546/Y -       A->Y    F     NOR2x1_ASAP7_75t_L             2  2.5    34    27     566    (-,-) 
  u_packed_mxfp_aitb_comp_top_addinc_FP32_ALU_col1_fracAdder_add_113_18_g1476/Y -       A->Y    R     NAND2x1p5_ASAP7_75t_SL         2  1.7    26    18     584    (-,-) 
  u_packed_mxfp_aitb_comp_top_addinc_FP32_ALU_col1_fracAdder_add_113_18_g1464/Y -       A->Y    F     INVx1_ASAP7_75t_L              1  1.3    18    14     598    (-,-) 
  u_packed_mxfp_aitb_comp_top_addinc_FP32_ALU_col1_fracAdder_add_113_18_g1456/Y -       A->Y    F     AND2x4_ASAP7_75t_SL            4  4.1    14    23     621    (-,-) 
  u_packed_mxfp_aitb_comp_top_addinc_FP32_ALU_col1_fracAdder_add_113_18_g1451/Y -       A->Y    R     INVx2_ASAP7_75t_SL             1  1.3    11     8     629    (-,-) 
  u_packed_mxfp_aitb_comp_top_addinc_FP32_ALU_col1_fracAdder_add_113_18_g1431/Y -       B->Y    F     NOR2x1_ASAP7_75t_SL            1  1.4    27    11     640    (-,-) 
  u_packed_mxfp_aitb_comp_top_addinc_FP32_ALU_col1_fracAdder_add_113_18_g1379/Y -       A1->Y   R     AOI21x1_ASAP7_75t_SL           1  1.8    32    16     657    (-,-) 
  u_packed_mxfp_aitb_comp_top_addinc_FP32_ALU_col1_fracAdder_add_113_18_g1366/Y -       B->Y    R     XOR2x1_ASAP7_75t_SL            2  2.3    36    26     683    (-,-) 
  u_packed_mxfp_aitb_comp_top_g42644/Y                                          -       B->Y    F     NOR4xp75_ASAP7_75t_SL          1  1.2    30    12     695    (-,-) 
  u_packed_mxfp_aitb_comp_top_g41896/Y                                          -       B->Y    F     AND3x4_ASAP7_75t_SL            9  9.9    28    39     734    (-,-) 
  u_packed_mxfp_aitb_comp_top_g41856/Y                                          -       A2->Y   R     AOI21x1_ASAP7_75t_SL           2  2.6    43    21     754    (-,-) 
  u_packed_mxfp_aitb_comp_top_g41829/Y                                          -       C->Y    F     NAND4xp75_ASAP7_75t_SL         1  2.3    39    20     774    (-,-) 
  u_packed_mxfp_aitb_comp_top_g41816/Y                                          -       B->Y    R     NOR2x2_ASAP7_75t_SL            5  4.5    36    21     795    (-,-) 
  u_packed_mxfp_aitb_comp_top_g41797/Y                                          -       A2->Y   F     AOI21xp5_ASAP7_75t_SL          1  0.8    23    12     807    (-,-) 
  u_packed_mxfp_aitb_comp_top_g41778/Y                                          -       A->Y    F     AND2x2_ASAP7_75t_SL            1  1.3    12    23     830    (-,-) 
  u_packed_mxfp_aitb_comp_top_g41776/Y                                          -       A->Y    F     AND2x4_ASAP7_75t_SL            4  5.0    15    22     853    (-,-) 
  u_packed_mxfp_aitb_comp_top_g41763/Y                                          -       A2->Y   R     AOI21x1_ASAP7_75t_SL           2  2.1    35    17     869    (-,-) 
  u_packed_mxfp_aitb_comp_top_g41760/Y                                          -       A->Y    F     INVx1_ASAP7_75t_SL             1  1.4    20    12     882    (-,-) 
  u_packed_mxfp_aitb_comp_top_g41736/Y                                          -       B->Y    R     AOI21x1_ASAP7_75t_SL           2  1.8    31    18     899    (-,-) 
  u_packed_mxfp_aitb_comp_top_g41722/Y                                          -       B->Y    F     NAND2x1_ASAP7_75t_SL           1  1.3    19    11     910    (-,-) 
  u_packed_mxfp_aitb_comp_top_g41709/Y                                          -       A2->Y   R     AOI21x1_ASAP7_75t_SL           5  4.4    54    26     936    (-,-) 
  u_packed_mxfp_aitb_comp_top_g41708/Y                                          -       A->Y    F     INVxp67_ASAP7_75t_SL           1  1.3    29    17     953    (-,-) 
  u_packed_mxfp_aitb_comp_top_g41690/Y                                          -       B->Y    R     NAND2x1_ASAP7_75t_SL           1  1.3    29    17     970    (-,-) 
  u_packed_mxfp_aitb_comp_top_g41603/Y                                          -       B->Y    R     AND2x4_ASAP7_75t_SL           14 12.2    36    32    1002    (-,-) 
  u_packed_mxfp_aitb_comp_top_g41574/Y                                          -       A->Y    F     INVx4_ASAP7_75t_SL             3  2.4    14     8    1010    (-,-) 
  u_packed_mxfp_aitb_comp_top_g41392/Y                                          -       B2->Y   F     AO22x2_ASAP7_75t_SL            2  2.7    20    28    1038    (-,-) 
  u_packed_mxfp_aitb_comp_top_g41368/Y                                          -       A->Y    R     INVx2_ASAP7_75t_SL             1  1.3    13     9    1047    (-,-) 
  u_packed_mxfp_aitb_comp_top_g41239/Y                                          -       B1->Y   F     OAI22x1_ASAP7_75t_SL           3  2.9    33    16    1063    (-,-) 
  u_packed_mxfp_aitb_comp_top_g41022/Y                                          -       A2->Y   R     AOI222xp33_ASAP7_75t_SL        1  0.9    52    28    1091    (-,-) 
  u_packed_mxfp_aitb_comp_top_g40916/Y                                          -       B->Y    F     OAI21xp5_ASAP7_75t_SL          2  2.3    44    24    1115    (-,-) 
  u_packed_mxfp_aitb_comp_top_g40800/Y                                          -       A->Y    R     NAND2x1p5_ASAP7_75t_SL         1  1.8    29    20    1135    (-,-) 
  u_packed_mxfp_aitb_comp_top_g40753/Y                                          -       C->Y    F     NOR4xp75_ASAP7_75t_SL          1  1.5    25    13    1148    (-,-) 
  u_packed_mxfp_aitb_comp_top_g40742/Y                                          -       B->Y    R     NAND3x1_ASAP7_75t_SL           2  1.3    31    20    1168    (-,-) 
  u_packed_mxfp_aitb_comp_top_g40713/Y                                          -       B->Y    R     OR2x2_ASAP7_75t_SL             3  3.9    25    28    1196    (-,-) 
  u_packed_mxfp_aitb_comp_top_g40675/Y                                          -       B->Y    F     NOR2x1p5_ASAP7_75t_SL          2  2.4    26    13    1210    (-,-) 
  u_packed_mxfp_aitb_comp_top_g40620/Y                                          -       A->Y    R     NAND2x1p5_ASAP7_75t_SL         3  2.6    30    19    1228    (-,-) 
  u_packed_mxfp_aitb_comp_top_g40603/Y                                          -       A->Y    R     BUFx3_ASAP7_75t_SL             2  2.7    15    21    1250    (-,-) 
  u_packed_mxfp_aitb_comp_top_g40602/Y                                          -       A->Y    F     INVx2_ASAP7_75t_SL             1  1.8    11     8    1257    (-,-) 
  u_packed_mxfp_aitb_comp_top_g40579/Y                                          -       B->Y    R     NAND2x1p5_ASAP7_75t_SL         1  1.4    22    10    1268    (-,-) 
  u_packed_mxfp_aitb_comp_top_g40544/Y                                          -       A1->Y   F     OAI22x1_ASAP7_75t_SL           2  2.1    35    16    1283    (-,-) 
  u_packed_mxfp_aitb_comp_top_g40517/Y                                          -       B->Y    R     NAND3x1_ASAP7_75t_SL           1  0.8    35    20    1304    (-,-) 
  u_packed_mxfp_aitb_comp_top_g40512/Y                                          -       A->Y    F     NOR3xp33_ASAP7_75t_SL          1  0.8    26    14    1317    (-,-) 
  u_packed_mxfp_aitb_comp_top_g40511/Y                                          -       A->Y    R     NAND2xp5_ASAP7_75t_SL          1  1.3    30    19    1337    (-,-) 
  u_packed_mxfp_aitb_comp_top_g40507/Y                                          -       A2->Y   F     AOI21x1_ASAP7_75t_SL           1  1.5    34    11    1348    (-,-) 
  fopt6/Y                                                                       -       A->Y    F     BUFx6f_ASAP7_75t_SL            6 11.0    20    27    1375    (-,-) 
  fopt125192/Y                                                                  -       A->Y    R     INVx4_ASAP7_75t_SL             4  3.2    15    10    1385    (-,-) 
  u_packed_mxfp_aitb_comp_top_g40504/Y                                          -       B->Y    R     AND3x1_ASAP7_75t_SL            1  0.9    19    23    1408    (-,-) 
  u_packed_mxfp_aitb_comp_top_PIPE_OUT_col1_stage_reg_reg[0][29]/D              -       -       R     ASYNC_DFFHx1_ASAP7_75t_SL      1    -     -     0    1408    (-,-) 
#------------------------------------------------------------------------------------------------------------------------------------------------------------------------



Path 44: VIOLATED (-521 ps) Setup Check with Pin u_packed_mxfp_aitb_comp_top_PIPE_OUT_col1_stage_reg_reg[0][27]/CLK->D
           View: PVT_0P63V_100C.setup_view
          Group: clk
     Startpoint: (R) u_packed_mxfp_aitb_comp_top_PIPE_OUT_col2_stage_reg_reg[0][6]/CLK
          Clock: (R) clk
       Endpoint: (R) u_packed_mxfp_aitb_comp_top_PIPE_OUT_col1_stage_reg_reg[0][27]/D
          Clock: (R) clk

                     Capture       Launch     
        Clock Edge:+    1000            0     
       Src Latency:+       0            0     
       Net Latency:+       0 (I)        0 (I) 
           Arrival:=    1000            0     
                                              
             Setup:-      13                  
       Uncertainty:-     100                  
     Required Time:=     887                  
      Launch Clock:-       0                  
         Data Path:-    1408                  
             Slack:=    -521                  

#------------------------------------------------------------------------------------------------------------------------------------------------------------------------
#                                 Timing Point                                  Flags    Arc    Edge           Cell             Fanout Load Trans Delay Arrival Instance 
#                                                                                                                                      (fF)  (ps)  (ps)   (ps)  Location 
#------------------------------------------------------------------------------------------------------------------------------------------------------------------------
  u_packed_mxfp_aitb_comp_top_PIPE_OUT_col2_stage_reg_reg[0][6]/CLK             -       -       R     (arrival)                   1219    -     0     0       0    (-,-) 
  u_packed_mxfp_aitb_comp_top_PIPE_OUT_col2_stage_reg_reg[0][6]/QN              -       CLK->QN F     ASYNC_DFFHx1_ASAP7_75t_SL      3  3.6    31    49      49    (-,-) 
  u_packed_mxfp_aitb_comp_top_g46030/Y                                          -       B2->Y   R     AOI22x1_ASAP7_75t_SL           4  3.2    67    25      74    (-,-) 
  u_packed_mxfp_aitb_comp_top_g45537/Y                                          -       B1->Y   F     OAI22x1_ASAP7_75t_SL           2  1.4    32    14      88    (-,-) 
  u_packed_mxfp_aitb_comp_top_g45418/Y                                          -       A->Y    R     NOR3xp33_ASAP7_75t_SL          1  0.8    40    23     111    (-,-) 
  u_packed_mxfp_aitb_comp_top_g45317/Y                                          -       C->Y    F     A2O1A1Ixp33_ASAP7_75t_SL       1  0.8    35    20     131    (-,-) 
  u_packed_mxfp_aitb_comp_top_g45191/Y                                          -       A1->Y   R     AOI21xp5_ASAP7_75t_SL          1  0.9    32    17     148    (-,-) 
  u_packed_mxfp_aitb_comp_top_g45163/Y                                          -       A2->Y   F     OAI21xp5_ASAP7_75t_SL          1  1.3    28    17     166    (-,-) 
  u_packed_mxfp_aitb_comp_top_g45157/Y                                          -       B->Y    F     AND2x4_ASAP7_75t_SL            3  6.4    18    27     192    (-,-) 
  u_packed_mxfp_aitb_comp_top_g45153/Y                                          -       A->Y    F     BUFx12f_ASAP7_75t_SL          11 13.4    16    22     214    (-,-) 
  u_packed_mxfp_aitb_comp_top_g45151/Y                                          -       A->Y    R     INVx8_ASAP7_75t_SL            10  9.6    17    12     225    (-,-) 
  u_packed_mxfp_aitb_comp_top_g44869/Y                                          -       A2->Y   R     OA22x2_ASAP7_75t_SL            2  1.9    18    24     249    (-,-) 
  u_packed_mxfp_aitb_comp_top_g44784/Y                                          -       B->Y    R     AND2x4_ASAP7_75t_SL            3  5.0    18    22     271    (-,-) 
  u_packed_mxfp_aitb_comp_top_g44705/Y                                          -       C->Y    F     NAND4xp75_ASAP7_75t_L          1  0.9    27    18     289    (-,-) 
  u_packed_mxfp_aitb_comp_top_g44611/Y                                          -       A1->Y   R     OAI21xp5_ASAP7_75t_SL          2  2.0    48    25     315    (-,-) 
  u_packed_mxfp_aitb_comp_top_g44497/Y                                          -       B->Y    R     AND2x4_ASAP7_75t_SL           12 10.2    32    32     347    (-,-) 
  u_packed_mxfp_aitb_comp_top_g44445/Y                                          -       B->Y    R     AND2x4_ASAP7_75t_SL            8  8.7    28    29     375    (-,-) 
  u_packed_mxfp_aitb_comp_top_g44400/Y                                          -       B->Y    R     AND2x2_ASAP7_75t_SL            9  6.2    37    33     408    (-,-) 
  u_packed_mxfp_aitb_comp_top_g44357/Y                                          -       B->Y    F     NAND2xp5_ASAP7_75t_SL          4  2.6    43    25     434    (-,-) 
  u_packed_mxfp_aitb_comp_top_g44304/Y                                          -       B->Y    R     NOR2xp33_ASAP7_75t_L           1  0.8    41    27     461    (-,-) 
  u_packed_mxfp_aitb_comp_top_g44210/Y                                          -       B->Y    F     AOI21xp5_ASAP7_75t_SL          1  1.8    38    22     482    (-,-) 
  u_packed_mxfp_aitb_comp_top_g44133/Y                                          -       B->Y    F     XOR2x1_ASAP7_75t_SL            2  2.0    31    31     514    (-,-) 
  u_packed_mxfp_aitb_comp_top_addinc_FP32_ALU_col1_fracAdder_add_113_18_g1656/Y -       B->Y    R     NOR2x1_ASAP7_75t_L             3  2.6    42    25     539    (-,-) 
  u_packed_mxfp_aitb_comp_top_addinc_FP32_ALU_col1_fracAdder_add_113_18_g1546/Y -       A->Y    F     NOR2x1_ASAP7_75t_L             2  2.5    34    27     566    (-,-) 
  u_packed_mxfp_aitb_comp_top_addinc_FP32_ALU_col1_fracAdder_add_113_18_g1476/Y -       A->Y    R     NAND2x1p5_ASAP7_75t_SL         2  1.7    26    18     584    (-,-) 
  u_packed_mxfp_aitb_comp_top_addinc_FP32_ALU_col1_fracAdder_add_113_18_g1464/Y -       A->Y    F     INVx1_ASAP7_75t_L              1  1.3    18    14     598    (-,-) 
  u_packed_mxfp_aitb_comp_top_addinc_FP32_ALU_col1_fracAdder_add_113_18_g1456/Y -       A->Y    F     AND2x4_ASAP7_75t_SL            4  4.1    14    23     621    (-,-) 
  u_packed_mxfp_aitb_comp_top_addinc_FP32_ALU_col1_fracAdder_add_113_18_g1451/Y -       A->Y    R     INVx2_ASAP7_75t_SL             1  1.3    11     8     629    (-,-) 
  u_packed_mxfp_aitb_comp_top_addinc_FP32_ALU_col1_fracAdder_add_113_18_g1431/Y -       B->Y    F     NOR2x1_ASAP7_75t_SL            1  1.4    27    11     640    (-,-) 
  u_packed_mxfp_aitb_comp_top_addinc_FP32_ALU_col1_fracAdder_add_113_18_g1379/Y -       A1->Y   R     AOI21x1_ASAP7_75t_SL           1  1.8    32    16     657    (-,-) 
  u_packed_mxfp_aitb_comp_top_addinc_FP32_ALU_col1_fracAdder_add_113_18_g1366/Y -       B->Y    R     XOR2x1_ASAP7_75t_SL            2  2.3    36    26     683    (-,-) 
  u_packed_mxfp_aitb_comp_top_g42644/Y                                          -       B->Y    F     NOR4xp75_ASAP7_75t_SL          1  1.2    30    12     695    (-,-) 
  u_packed_mxfp_aitb_comp_top_g41896/Y                                          -       B->Y    F     AND3x4_ASAP7_75t_SL            9  9.9    28    39     734    (-,-) 
  u_packed_mxfp_aitb_comp_top_g41856/Y                                          -       A2->Y   R     AOI21x1_ASAP7_75t_SL           2  2.6    43    21     754    (-,-) 
  u_packed_mxfp_aitb_comp_top_g41829/Y                                          -       C->Y    F     NAND4xp75_ASAP7_75t_SL         1  2.3    39    20     774    (-,-) 
  u_packed_mxfp_aitb_comp_top_g41816/Y                                          -       B->Y    R     NOR2x2_ASAP7_75t_SL            5  4.5    36    21     795    (-,-) 
  u_packed_mxfp_aitb_comp_top_g41797/Y                                          -       A2->Y   F     AOI21xp5_ASAP7_75t_SL          1  0.8    23    12     807    (-,-) 
  u_packed_mxfp_aitb_comp_top_g41778/Y                                          -       A->Y    F     AND2x2_ASAP7_75t_SL            1  1.3    12    23     830    (-,-) 
  u_packed_mxfp_aitb_comp_top_g41776/Y                                          -       A->Y    F     AND2x4_ASAP7_75t_SL            4  5.0    15    22     853    (-,-) 
  u_packed_mxfp_aitb_comp_top_g41763/Y                                          -       A2->Y   R     AOI21x1_ASAP7_75t_SL           2  2.1    35    17     869    (-,-) 
  u_packed_mxfp_aitb_comp_top_g41760/Y                                          -       A->Y    F     INVx1_ASAP7_75t_SL             1  1.4    20    12     882    (-,-) 
  u_packed_mxfp_aitb_comp_top_g41736/Y                                          -       B->Y    R     AOI21x1_ASAP7_75t_SL           2  1.8    31    18     899    (-,-) 
  u_packed_mxfp_aitb_comp_top_g41722/Y                                          -       B->Y    F     NAND2x1_ASAP7_75t_SL           1  1.3    19    11     910    (-,-) 
  u_packed_mxfp_aitb_comp_top_g41709/Y                                          -       A2->Y   R     AOI21x1_ASAP7_75t_SL           5  4.4    54    26     936    (-,-) 
  u_packed_mxfp_aitb_comp_top_g41708/Y                                          -       A->Y    F     INVxp67_ASAP7_75t_SL           1  1.3    29    17     953    (-,-) 
  u_packed_mxfp_aitb_comp_top_g41690/Y                                          -       B->Y    R     NAND2x1_ASAP7_75t_SL           1  1.3    29    17     970    (-,-) 
  u_packed_mxfp_aitb_comp_top_g41603/Y                                          -       B->Y    R     AND2x4_ASAP7_75t_SL           14 12.2    36    32    1002    (-,-) 
  u_packed_mxfp_aitb_comp_top_g41574/Y                                          -       A->Y    F     INVx4_ASAP7_75t_SL             3  2.4    14     8    1010    (-,-) 
  u_packed_mxfp_aitb_comp_top_g41392/Y                                          -       B2->Y   F     AO22x2_ASAP7_75t_SL            2  2.7    20    28    1038    (-,-) 
  u_packed_mxfp_aitb_comp_top_g41368/Y                                          -       A->Y    R     INVx2_ASAP7_75t_SL             1  1.3    13     9    1047    (-,-) 
  u_packed_mxfp_aitb_comp_top_g41239/Y                                          -       B1->Y   F     OAI22x1_ASAP7_75t_SL           3  2.9    33    16    1063    (-,-) 
  u_packed_mxfp_aitb_comp_top_g41022/Y                                          -       A2->Y   R     AOI222xp33_ASAP7_75t_SL        1  0.9    52    28    1091    (-,-) 
  u_packed_mxfp_aitb_comp_top_g40916/Y                                          -       B->Y    F     OAI21xp5_ASAP7_75t_SL          2  2.3    44    24    1115    (-,-) 
  u_packed_mxfp_aitb_comp_top_g40800/Y                                          -       A->Y    R     NAND2x1p5_ASAP7_75t_SL         1  1.8    29    20    1135    (-,-) 
  u_packed_mxfp_aitb_comp_top_g40753/Y                                          -       C->Y    F     NOR4xp75_ASAP7_75t_SL          1  1.5    25    13    1148    (-,-) 
  u_packed_mxfp_aitb_comp_top_g40742/Y                                          -       B->Y    R     NAND3x1_ASAP7_75t_SL           2  1.3    31    20    1168    (-,-) 
  u_packed_mxfp_aitb_comp_top_g40713/Y                                          -       B->Y    R     OR2x2_ASAP7_75t_SL             3  3.9    25    28    1196    (-,-) 
  u_packed_mxfp_aitb_comp_top_g40675/Y                                          -       B->Y    F     NOR2x1p5_ASAP7_75t_SL          2  2.4    26    13    1210    (-,-) 
  u_packed_mxfp_aitb_comp_top_g40620/Y                                          -       A->Y    R     NAND2x1p5_ASAP7_75t_SL         3  2.6    30    19    1228    (-,-) 
  u_packed_mxfp_aitb_comp_top_g40603/Y                                          -       A->Y    R     BUFx3_ASAP7_75t_SL             2  2.7    15    21    1250    (-,-) 
  u_packed_mxfp_aitb_comp_top_g40602/Y                                          -       A->Y    F     INVx2_ASAP7_75t_SL             1  1.8    11     8    1257    (-,-) 
  u_packed_mxfp_aitb_comp_top_g40579/Y                                          -       B->Y    R     NAND2x1p5_ASAP7_75t_SL         1  1.4    22    10    1268    (-,-) 
  u_packed_mxfp_aitb_comp_top_g40544/Y                                          -       A1->Y   F     OAI22x1_ASAP7_75t_SL           2  2.1    35    16    1283    (-,-) 
  u_packed_mxfp_aitb_comp_top_g40517/Y                                          -       B->Y    R     NAND3x1_ASAP7_75t_SL           1  0.8    35    20    1304    (-,-) 
  u_packed_mxfp_aitb_comp_top_g40512/Y                                          -       A->Y    F     NOR3xp33_ASAP7_75t_SL          1  0.8    26    14    1317    (-,-) 
  u_packed_mxfp_aitb_comp_top_g40511/Y                                          -       A->Y    R     NAND2xp5_ASAP7_75t_SL          1  1.3    30    19    1337    (-,-) 
  u_packed_mxfp_aitb_comp_top_g40507/Y                                          -       A2->Y   F     AOI21x1_ASAP7_75t_SL           1  1.5    34    11    1348    (-,-) 
  fopt6/Y                                                                       -       A->Y    F     BUFx6f_ASAP7_75t_SL            6 11.0    20    27    1375    (-,-) 
  fopt125192/Y                                                                  -       A->Y    R     INVx4_ASAP7_75t_SL             4  3.2    15    10    1385    (-,-) 
  u_packed_mxfp_aitb_comp_top_g40502/Y                                          -       B->Y    R     AND3x1_ASAP7_75t_SL            1  0.9    19    23    1408    (-,-) 
  u_packed_mxfp_aitb_comp_top_PIPE_OUT_col1_stage_reg_reg[0][27]/D              -       -       R     ASYNC_DFFHx1_ASAP7_75t_SL      1    -     -     0    1408    (-,-) 
#------------------------------------------------------------------------------------------------------------------------------------------------------------------------



Path 45: VIOLATED (-521 ps) Setup Check with Pin u_packed_mxfp_aitb_comp_top_PIPE_OUT_col1_stage_reg_reg[0][25]/CLK->D
           View: PVT_0P63V_100C.setup_view
          Group: clk
     Startpoint: (R) u_packed_mxfp_aitb_comp_top_PIPE_OUT_col2_stage_reg_reg[0][6]/CLK
          Clock: (R) clk
       Endpoint: (R) u_packed_mxfp_aitb_comp_top_PIPE_OUT_col1_stage_reg_reg[0][25]/D
          Clock: (R) clk

                     Capture       Launch     
        Clock Edge:+    1000            0     
       Src Latency:+       0            0     
       Net Latency:+       0 (I)        0 (I) 
           Arrival:=    1000            0     
                                              
             Setup:-      13                  
       Uncertainty:-     100                  
     Required Time:=     887                  
      Launch Clock:-       0                  
         Data Path:-    1408                  
             Slack:=    -521                  

#------------------------------------------------------------------------------------------------------------------------------------------------------------------------
#                                 Timing Point                                  Flags    Arc    Edge           Cell             Fanout Load Trans Delay Arrival Instance 
#                                                                                                                                      (fF)  (ps)  (ps)   (ps)  Location 
#------------------------------------------------------------------------------------------------------------------------------------------------------------------------
  u_packed_mxfp_aitb_comp_top_PIPE_OUT_col2_stage_reg_reg[0][6]/CLK             -       -       R     (arrival)                   1219    -     0     0       0    (-,-) 
  u_packed_mxfp_aitb_comp_top_PIPE_OUT_col2_stage_reg_reg[0][6]/QN              -       CLK->QN F     ASYNC_DFFHx1_ASAP7_75t_SL      3  3.6    31    49      49    (-,-) 
  u_packed_mxfp_aitb_comp_top_g46030/Y                                          -       B2->Y   R     AOI22x1_ASAP7_75t_SL           4  3.2    67    25      74    (-,-) 
  u_packed_mxfp_aitb_comp_top_g45537/Y                                          -       B1->Y   F     OAI22x1_ASAP7_75t_SL           2  1.4    32    14      88    (-,-) 
  u_packed_mxfp_aitb_comp_top_g45418/Y                                          -       A->Y    R     NOR3xp33_ASAP7_75t_SL          1  0.8    40    23     111    (-,-) 
  u_packed_mxfp_aitb_comp_top_g45317/Y                                          -       C->Y    F     A2O1A1Ixp33_ASAP7_75t_SL       1  0.8    35    20     131    (-,-) 
  u_packed_mxfp_aitb_comp_top_g45191/Y                                          -       A1->Y   R     AOI21xp5_ASAP7_75t_SL          1  0.9    32    17     148    (-,-) 
  u_packed_mxfp_aitb_comp_top_g45163/Y                                          -       A2->Y   F     OAI21xp5_ASAP7_75t_SL          1  1.3    28    17     166    (-,-) 
  u_packed_mxfp_aitb_comp_top_g45157/Y                                          -       B->Y    F     AND2x4_ASAP7_75t_SL            3  6.4    18    27     192    (-,-) 
  u_packed_mxfp_aitb_comp_top_g45153/Y                                          -       A->Y    F     BUFx12f_ASAP7_75t_SL          11 13.4    16    22     214    (-,-) 
  u_packed_mxfp_aitb_comp_top_g45151/Y                                          -       A->Y    R     INVx8_ASAP7_75t_SL            10  9.6    17    12     225    (-,-) 
  u_packed_mxfp_aitb_comp_top_g44869/Y                                          -       A2->Y   R     OA22x2_ASAP7_75t_SL            2  1.9    18    24     249    (-,-) 
  u_packed_mxfp_aitb_comp_top_g44784/Y                                          -       B->Y    R     AND2x4_ASAP7_75t_SL            3  5.0    18    22     271    (-,-) 
  u_packed_mxfp_aitb_comp_top_g44705/Y                                          -       C->Y    F     NAND4xp75_ASAP7_75t_L          1  0.9    27    18     289    (-,-) 
  u_packed_mxfp_aitb_comp_top_g44611/Y                                          -       A1->Y   R     OAI21xp5_ASAP7_75t_SL          2  2.0    48    25     315    (-,-) 
  u_packed_mxfp_aitb_comp_top_g44497/Y                                          -       B->Y    R     AND2x4_ASAP7_75t_SL           12 10.2    32    32     347    (-,-) 
  u_packed_mxfp_aitb_comp_top_g44445/Y                                          -       B->Y    R     AND2x4_ASAP7_75t_SL            8  8.7    28    29     375    (-,-) 
  u_packed_mxfp_aitb_comp_top_g44400/Y                                          -       B->Y    R     AND2x2_ASAP7_75t_SL            9  6.2    37    33     408    (-,-) 
  u_packed_mxfp_aitb_comp_top_g44357/Y                                          -       B->Y    F     NAND2xp5_ASAP7_75t_SL          4  2.6    43    25     434    (-,-) 
  u_packed_mxfp_aitb_comp_top_g44304/Y                                          -       B->Y    R     NOR2xp33_ASAP7_75t_L           1  0.8    41    27     461    (-,-) 
  u_packed_mxfp_aitb_comp_top_g44210/Y                                          -       B->Y    F     AOI21xp5_ASAP7_75t_SL          1  1.8    38    22     482    (-,-) 
  u_packed_mxfp_aitb_comp_top_g44133/Y                                          -       B->Y    F     XOR2x1_ASAP7_75t_SL            2  2.0    31    31     514    (-,-) 
  u_packed_mxfp_aitb_comp_top_addinc_FP32_ALU_col1_fracAdder_add_113_18_g1656/Y -       B->Y    R     NOR2x1_ASAP7_75t_L             3  2.6    42    25     539    (-,-) 
  u_packed_mxfp_aitb_comp_top_addinc_FP32_ALU_col1_fracAdder_add_113_18_g1546/Y -       A->Y    F     NOR2x1_ASAP7_75t_L             2  2.5    34    27     566    (-,-) 
  u_packed_mxfp_aitb_comp_top_addinc_FP32_ALU_col1_fracAdder_add_113_18_g1476/Y -       A->Y    R     NAND2x1p5_ASAP7_75t_SL         2  1.7    26    18     584    (-,-) 
  u_packed_mxfp_aitb_comp_top_addinc_FP32_ALU_col1_fracAdder_add_113_18_g1464/Y -       A->Y    F     INVx1_ASAP7_75t_L              1  1.3    18    14     598    (-,-) 
  u_packed_mxfp_aitb_comp_top_addinc_FP32_ALU_col1_fracAdder_add_113_18_g1456/Y -       A->Y    F     AND2x4_ASAP7_75t_SL            4  4.1    14    23     621    (-,-) 
  u_packed_mxfp_aitb_comp_top_addinc_FP32_ALU_col1_fracAdder_add_113_18_g1451/Y -       A->Y    R     INVx2_ASAP7_75t_SL             1  1.3    11     8     629    (-,-) 
  u_packed_mxfp_aitb_comp_top_addinc_FP32_ALU_col1_fracAdder_add_113_18_g1431/Y -       B->Y    F     NOR2x1_ASAP7_75t_SL            1  1.4    27    11     640    (-,-) 
  u_packed_mxfp_aitb_comp_top_addinc_FP32_ALU_col1_fracAdder_add_113_18_g1379/Y -       A1->Y   R     AOI21x1_ASAP7_75t_SL           1  1.8    32    16     657    (-,-) 
  u_packed_mxfp_aitb_comp_top_addinc_FP32_ALU_col1_fracAdder_add_113_18_g1366/Y -       B->Y    R     XOR2x1_ASAP7_75t_SL            2  2.3    36    26     683    (-,-) 
  u_packed_mxfp_aitb_comp_top_g42644/Y                                          -       B->Y    F     NOR4xp75_ASAP7_75t_SL          1  1.2    30    12     695    (-,-) 
  u_packed_mxfp_aitb_comp_top_g41896/Y                                          -       B->Y    F     AND3x4_ASAP7_75t_SL            9  9.9    28    39     734    (-,-) 
  u_packed_mxfp_aitb_comp_top_g41856/Y                                          -       A2->Y   R     AOI21x1_ASAP7_75t_SL           2  2.6    43    21     754    (-,-) 
  u_packed_mxfp_aitb_comp_top_g41829/Y                                          -       C->Y    F     NAND4xp75_ASAP7_75t_SL         1  2.3    39    20     774    (-,-) 
  u_packed_mxfp_aitb_comp_top_g41816/Y                                          -       B->Y    R     NOR2x2_ASAP7_75t_SL            5  4.5    36    21     795    (-,-) 
  u_packed_mxfp_aitb_comp_top_g41797/Y                                          -       A2->Y   F     AOI21xp5_ASAP7_75t_SL          1  0.8    23    12     807    (-,-) 
  u_packed_mxfp_aitb_comp_top_g41778/Y                                          -       A->Y    F     AND2x2_ASAP7_75t_SL            1  1.3    12    23     830    (-,-) 
  u_packed_mxfp_aitb_comp_top_g41776/Y                                          -       A->Y    F     AND2x4_ASAP7_75t_SL            4  5.0    15    22     853    (-,-) 
  u_packed_mxfp_aitb_comp_top_g41763/Y                                          -       A2->Y   R     AOI21x1_ASAP7_75t_SL           2  2.1    35    17     869    (-,-) 
  u_packed_mxfp_aitb_comp_top_g41760/Y                                          -       A->Y    F     INVx1_ASAP7_75t_SL             1  1.4    20    12     882    (-,-) 
  u_packed_mxfp_aitb_comp_top_g41736/Y                                          -       B->Y    R     AOI21x1_ASAP7_75t_SL           2  1.8    31    18     899    (-,-) 
  u_packed_mxfp_aitb_comp_top_g41722/Y                                          -       B->Y    F     NAND2x1_ASAP7_75t_SL           1  1.3    19    11     910    (-,-) 
  u_packed_mxfp_aitb_comp_top_g41709/Y                                          -       A2->Y   R     AOI21x1_ASAP7_75t_SL           5  4.4    54    26     936    (-,-) 
  u_packed_mxfp_aitb_comp_top_g41708/Y                                          -       A->Y    F     INVxp67_ASAP7_75t_SL           1  1.3    29    17     953    (-,-) 
  u_packed_mxfp_aitb_comp_top_g41690/Y                                          -       B->Y    R     NAND2x1_ASAP7_75t_SL           1  1.3    29    17     970    (-,-) 
  u_packed_mxfp_aitb_comp_top_g41603/Y                                          -       B->Y    R     AND2x4_ASAP7_75t_SL           14 12.2    36    32    1002    (-,-) 
  u_packed_mxfp_aitb_comp_top_g41574/Y                                          -       A->Y    F     INVx4_ASAP7_75t_SL             3  2.4    14     8    1010    (-,-) 
  u_packed_mxfp_aitb_comp_top_g41392/Y                                          -       B2->Y   F     AO22x2_ASAP7_75t_SL            2  2.7    20    28    1038    (-,-) 
  u_packed_mxfp_aitb_comp_top_g41368/Y                                          -       A->Y    R     INVx2_ASAP7_75t_SL             1  1.3    13     9    1047    (-,-) 
  u_packed_mxfp_aitb_comp_top_g41239/Y                                          -       B1->Y   F     OAI22x1_ASAP7_75t_SL           3  2.9    33    16    1063    (-,-) 
  u_packed_mxfp_aitb_comp_top_g41022/Y                                          -       A2->Y   R     AOI222xp33_ASAP7_75t_SL        1  0.9    52    28    1091    (-,-) 
  u_packed_mxfp_aitb_comp_top_g40916/Y                                          -       B->Y    F     OAI21xp5_ASAP7_75t_SL          2  2.3    44    24    1115    (-,-) 
  u_packed_mxfp_aitb_comp_top_g40800/Y                                          -       A->Y    R     NAND2x1p5_ASAP7_75t_SL         1  1.8    29    20    1135    (-,-) 
  u_packed_mxfp_aitb_comp_top_g40753/Y                                          -       C->Y    F     NOR4xp75_ASAP7_75t_SL          1  1.5    25    13    1148    (-,-) 
  u_packed_mxfp_aitb_comp_top_g40742/Y                                          -       B->Y    R     NAND3x1_ASAP7_75t_SL           2  1.3    31    20    1168    (-,-) 
  u_packed_mxfp_aitb_comp_top_g40713/Y                                          -       B->Y    R     OR2x2_ASAP7_75t_SL             3  3.9    25    28    1196    (-,-) 
  u_packed_mxfp_aitb_comp_top_g40675/Y                                          -       B->Y    F     NOR2x1p5_ASAP7_75t_SL          2  2.4    26    13    1210    (-,-) 
  u_packed_mxfp_aitb_comp_top_g40620/Y                                          -       A->Y    R     NAND2x1p5_ASAP7_75t_SL         3  2.6    30    19    1228    (-,-) 
  u_packed_mxfp_aitb_comp_top_g40603/Y                                          -       A->Y    R     BUFx3_ASAP7_75t_SL             2  2.7    15    21    1250    (-,-) 
  u_packed_mxfp_aitb_comp_top_g40602/Y                                          -       A->Y    F     INVx2_ASAP7_75t_SL             1  1.8    11     8    1257    (-,-) 
  u_packed_mxfp_aitb_comp_top_g40579/Y                                          -       B->Y    R     NAND2x1p5_ASAP7_75t_SL         1  1.4    22    10    1268    (-,-) 
  u_packed_mxfp_aitb_comp_top_g40544/Y                                          -       A1->Y   F     OAI22x1_ASAP7_75t_SL           2  2.1    35    16    1283    (-,-) 
  u_packed_mxfp_aitb_comp_top_g40517/Y                                          -       B->Y    R     NAND3x1_ASAP7_75t_SL           1  0.8    35    20    1304    (-,-) 
  u_packed_mxfp_aitb_comp_top_g40512/Y                                          -       A->Y    F     NOR3xp33_ASAP7_75t_SL          1  0.8    26    14    1317    (-,-) 
  u_packed_mxfp_aitb_comp_top_g40511/Y                                          -       A->Y    R     NAND2xp5_ASAP7_75t_SL          1  1.3    30    19    1337    (-,-) 
  u_packed_mxfp_aitb_comp_top_g40507/Y                                          -       A2->Y   F     AOI21x1_ASAP7_75t_SL           1  1.5    34    11    1348    (-,-) 
  fopt6/Y                                                                       -       A->Y    F     BUFx6f_ASAP7_75t_SL            6 11.0    20    27    1375    (-,-) 
  fopt125192/Y                                                                  -       A->Y    R     INVx4_ASAP7_75t_SL             4  3.2    15    10    1385    (-,-) 
  u_packed_mxfp_aitb_comp_top_g40500/Y                                          -       B->Y    R     AND3x1_ASAP7_75t_SL            1  0.9    19    23    1408    (-,-) 
  u_packed_mxfp_aitb_comp_top_PIPE_OUT_col1_stage_reg_reg[0][25]/D              -       -       R     ASYNC_DFFHx1_ASAP7_75t_SL      1    -     -     0    1408    (-,-) 
#------------------------------------------------------------------------------------------------------------------------------------------------------------------------



Path 46: VIOLATED (-521 ps) Setup Check with Pin u_packed_mxfp_aitb_comp_top_PIPE_OUT_col1_stage_reg_reg[0][24]/CLK->D
           View: PVT_0P63V_100C.setup_view
          Group: clk
     Startpoint: (R) u_packed_mxfp_aitb_comp_top_PIPE_OUT_col2_stage_reg_reg[0][6]/CLK
          Clock: (R) clk
       Endpoint: (R) u_packed_mxfp_aitb_comp_top_PIPE_OUT_col1_stage_reg_reg[0][24]/D
          Clock: (R) clk

                     Capture       Launch     
        Clock Edge:+    1000            0     
       Src Latency:+       0            0     
       Net Latency:+       0 (I)        0 (I) 
           Arrival:=    1000            0     
                                              
             Setup:-      13                  
       Uncertainty:-     100                  
     Required Time:=     887                  
      Launch Clock:-       0                  
         Data Path:-    1408                  
             Slack:=    -521                  

#------------------------------------------------------------------------------------------------------------------------------------------------------------------------
#                                 Timing Point                                  Flags    Arc    Edge           Cell             Fanout Load Trans Delay Arrival Instance 
#                                                                                                                                      (fF)  (ps)  (ps)   (ps)  Location 
#------------------------------------------------------------------------------------------------------------------------------------------------------------------------
  u_packed_mxfp_aitb_comp_top_PIPE_OUT_col2_stage_reg_reg[0][6]/CLK             -       -       R     (arrival)                   1219    -     0     0       0    (-,-) 
  u_packed_mxfp_aitb_comp_top_PIPE_OUT_col2_stage_reg_reg[0][6]/QN              -       CLK->QN F     ASYNC_DFFHx1_ASAP7_75t_SL      3  3.6    31    49      49    (-,-) 
  u_packed_mxfp_aitb_comp_top_g46030/Y                                          -       B2->Y   R     AOI22x1_ASAP7_75t_SL           4  3.2    67    25      74    (-,-) 
  u_packed_mxfp_aitb_comp_top_g45537/Y                                          -       B1->Y   F     OAI22x1_ASAP7_75t_SL           2  1.4    32    14      88    (-,-) 
  u_packed_mxfp_aitb_comp_top_g45418/Y                                          -       A->Y    R     NOR3xp33_ASAP7_75t_SL          1  0.8    40    23     111    (-,-) 
  u_packed_mxfp_aitb_comp_top_g45317/Y                                          -       C->Y    F     A2O1A1Ixp33_ASAP7_75t_SL       1  0.8    35    20     131    (-,-) 
  u_packed_mxfp_aitb_comp_top_g45191/Y                                          -       A1->Y   R     AOI21xp5_ASAP7_75t_SL          1  0.9    32    17     148    (-,-) 
  u_packed_mxfp_aitb_comp_top_g45163/Y                                          -       A2->Y   F     OAI21xp5_ASAP7_75t_SL          1  1.3    28    17     166    (-,-) 
  u_packed_mxfp_aitb_comp_top_g45157/Y                                          -       B->Y    F     AND2x4_ASAP7_75t_SL            3  6.4    18    27     192    (-,-) 
  u_packed_mxfp_aitb_comp_top_g45153/Y                                          -       A->Y    F     BUFx12f_ASAP7_75t_SL          11 13.4    16    22     214    (-,-) 
  u_packed_mxfp_aitb_comp_top_g45151/Y                                          -       A->Y    R     INVx8_ASAP7_75t_SL            10  9.6    17    12     225    (-,-) 
  u_packed_mxfp_aitb_comp_top_g44869/Y                                          -       A2->Y   R     OA22x2_ASAP7_75t_SL            2  1.9    18    24     249    (-,-) 
  u_packed_mxfp_aitb_comp_top_g44784/Y                                          -       B->Y    R     AND2x4_ASAP7_75t_SL            3  5.0    18    22     271    (-,-) 
  u_packed_mxfp_aitb_comp_top_g44705/Y                                          -       C->Y    F     NAND4xp75_ASAP7_75t_L          1  0.9    27    18     289    (-,-) 
  u_packed_mxfp_aitb_comp_top_g44611/Y                                          -       A1->Y   R     OAI21xp5_ASAP7_75t_SL          2  2.0    48    25     315    (-,-) 
  u_packed_mxfp_aitb_comp_top_g44497/Y                                          -       B->Y    R     AND2x4_ASAP7_75t_SL           12 10.2    32    32     347    (-,-) 
  u_packed_mxfp_aitb_comp_top_g44445/Y                                          -       B->Y    R     AND2x4_ASAP7_75t_SL            8  8.7    28    29     375    (-,-) 
  u_packed_mxfp_aitb_comp_top_g44400/Y                                          -       B->Y    R     AND2x2_ASAP7_75t_SL            9  6.2    37    33     408    (-,-) 
  u_packed_mxfp_aitb_comp_top_g44357/Y                                          -       B->Y    F     NAND2xp5_ASAP7_75t_SL          4  2.6    43    25     434    (-,-) 
  u_packed_mxfp_aitb_comp_top_g44304/Y                                          -       B->Y    R     NOR2xp33_ASAP7_75t_L           1  0.8    41    27     461    (-,-) 
  u_packed_mxfp_aitb_comp_top_g44210/Y                                          -       B->Y    F     AOI21xp5_ASAP7_75t_SL          1  1.8    38    22     482    (-,-) 
  u_packed_mxfp_aitb_comp_top_g44133/Y                                          -       B->Y    F     XOR2x1_ASAP7_75t_SL            2  2.0    31    31     514    (-,-) 
  u_packed_mxfp_aitb_comp_top_addinc_FP32_ALU_col1_fracAdder_add_113_18_g1656/Y -       B->Y    R     NOR2x1_ASAP7_75t_L             3  2.6    42    25     539    (-,-) 
  u_packed_mxfp_aitb_comp_top_addinc_FP32_ALU_col1_fracAdder_add_113_18_g1546/Y -       A->Y    F     NOR2x1_ASAP7_75t_L             2  2.5    34    27     566    (-,-) 
  u_packed_mxfp_aitb_comp_top_addinc_FP32_ALU_col1_fracAdder_add_113_18_g1476/Y -       A->Y    R     NAND2x1p5_ASAP7_75t_SL         2  1.7    26    18     584    (-,-) 
  u_packed_mxfp_aitb_comp_top_addinc_FP32_ALU_col1_fracAdder_add_113_18_g1464/Y -       A->Y    F     INVx1_ASAP7_75t_L              1  1.3    18    14     598    (-,-) 
  u_packed_mxfp_aitb_comp_top_addinc_FP32_ALU_col1_fracAdder_add_113_18_g1456/Y -       A->Y    F     AND2x4_ASAP7_75t_SL            4  4.1    14    23     621    (-,-) 
  u_packed_mxfp_aitb_comp_top_addinc_FP32_ALU_col1_fracAdder_add_113_18_g1451/Y -       A->Y    R     INVx2_ASAP7_75t_SL             1  1.3    11     8     629    (-,-) 
  u_packed_mxfp_aitb_comp_top_addinc_FP32_ALU_col1_fracAdder_add_113_18_g1431/Y -       B->Y    F     NOR2x1_ASAP7_75t_SL            1  1.4    27    11     640    (-,-) 
  u_packed_mxfp_aitb_comp_top_addinc_FP32_ALU_col1_fracAdder_add_113_18_g1379/Y -       A1->Y   R     AOI21x1_ASAP7_75t_SL           1  1.8    32    16     657    (-,-) 
  u_packed_mxfp_aitb_comp_top_addinc_FP32_ALU_col1_fracAdder_add_113_18_g1366/Y -       B->Y    R     XOR2x1_ASAP7_75t_SL            2  2.3    36    26     683    (-,-) 
  u_packed_mxfp_aitb_comp_top_g42644/Y                                          -       B->Y    F     NOR4xp75_ASAP7_75t_SL          1  1.2    30    12     695    (-,-) 
  u_packed_mxfp_aitb_comp_top_g41896/Y                                          -       B->Y    F     AND3x4_ASAP7_75t_SL            9  9.9    28    39     734    (-,-) 
  u_packed_mxfp_aitb_comp_top_g41856/Y                                          -       A2->Y   R     AOI21x1_ASAP7_75t_SL           2  2.6    43    21     754    (-,-) 
  u_packed_mxfp_aitb_comp_top_g41829/Y                                          -       C->Y    F     NAND4xp75_ASAP7_75t_SL         1  2.3    39    20     774    (-,-) 
  u_packed_mxfp_aitb_comp_top_g41816/Y                                          -       B->Y    R     NOR2x2_ASAP7_75t_SL            5  4.5    36    21     795    (-,-) 
  u_packed_mxfp_aitb_comp_top_g41797/Y                                          -       A2->Y   F     AOI21xp5_ASAP7_75t_SL          1  0.8    23    12     807    (-,-) 
  u_packed_mxfp_aitb_comp_top_g41778/Y                                          -       A->Y    F     AND2x2_ASAP7_75t_SL            1  1.3    12    23     830    (-,-) 
  u_packed_mxfp_aitb_comp_top_g41776/Y                                          -       A->Y    F     AND2x4_ASAP7_75t_SL            4  5.0    15    22     853    (-,-) 
  u_packed_mxfp_aitb_comp_top_g41763/Y                                          -       A2->Y   R     AOI21x1_ASAP7_75t_SL           2  2.1    35    17     869    (-,-) 
  u_packed_mxfp_aitb_comp_top_g41760/Y                                          -       A->Y    F     INVx1_ASAP7_75t_SL             1  1.4    20    12     882    (-,-) 
  u_packed_mxfp_aitb_comp_top_g41736/Y                                          -       B->Y    R     AOI21x1_ASAP7_75t_SL           2  1.8    31    18     899    (-,-) 
  u_packed_mxfp_aitb_comp_top_g41722/Y                                          -       B->Y    F     NAND2x1_ASAP7_75t_SL           1  1.3    19    11     910    (-,-) 
  u_packed_mxfp_aitb_comp_top_g41709/Y                                          -       A2->Y   R     AOI21x1_ASAP7_75t_SL           5  4.4    54    26     936    (-,-) 
  u_packed_mxfp_aitb_comp_top_g41708/Y                                          -       A->Y    F     INVxp67_ASAP7_75t_SL           1  1.3    29    17     953    (-,-) 
  u_packed_mxfp_aitb_comp_top_g41690/Y                                          -       B->Y    R     NAND2x1_ASAP7_75t_SL           1  1.3    29    17     970    (-,-) 
  u_packed_mxfp_aitb_comp_top_g41603/Y                                          -       B->Y    R     AND2x4_ASAP7_75t_SL           14 12.2    36    32    1002    (-,-) 
  u_packed_mxfp_aitb_comp_top_g41574/Y                                          -       A->Y    F     INVx4_ASAP7_75t_SL             3  2.4    14     8    1010    (-,-) 
  u_packed_mxfp_aitb_comp_top_g41392/Y                                          -       B2->Y   F     AO22x2_ASAP7_75t_SL            2  2.7    20    28    1038    (-,-) 
  u_packed_mxfp_aitb_comp_top_g41368/Y                                          -       A->Y    R     INVx2_ASAP7_75t_SL             1  1.3    13     9    1047    (-,-) 
  u_packed_mxfp_aitb_comp_top_g41239/Y                                          -       B1->Y   F     OAI22x1_ASAP7_75t_SL           3  2.9    33    16    1063    (-,-) 
  u_packed_mxfp_aitb_comp_top_g41022/Y                                          -       A2->Y   R     AOI222xp33_ASAP7_75t_SL        1  0.9    52    28    1091    (-,-) 
  u_packed_mxfp_aitb_comp_top_g40916/Y                                          -       B->Y    F     OAI21xp5_ASAP7_75t_SL          2  2.3    44    24    1115    (-,-) 
  u_packed_mxfp_aitb_comp_top_g40800/Y                                          -       A->Y    R     NAND2x1p5_ASAP7_75t_SL         1  1.8    29    20    1135    (-,-) 
  u_packed_mxfp_aitb_comp_top_g40753/Y                                          -       C->Y    F     NOR4xp75_ASAP7_75t_SL          1  1.5    25    13    1148    (-,-) 
  u_packed_mxfp_aitb_comp_top_g40742/Y                                          -       B->Y    R     NAND3x1_ASAP7_75t_SL           2  1.3    31    20    1168    (-,-) 
  u_packed_mxfp_aitb_comp_top_g40713/Y                                          -       B->Y    R     OR2x2_ASAP7_75t_SL             3  3.9    25    28    1196    (-,-) 
  u_packed_mxfp_aitb_comp_top_g40675/Y                                          -       B->Y    F     NOR2x1p5_ASAP7_75t_SL          2  2.4    26    13    1210    (-,-) 
  u_packed_mxfp_aitb_comp_top_g40620/Y                                          -       A->Y    R     NAND2x1p5_ASAP7_75t_SL         3  2.6    30    19    1228    (-,-) 
  u_packed_mxfp_aitb_comp_top_g40603/Y                                          -       A->Y    R     BUFx3_ASAP7_75t_SL             2  2.7    15    21    1250    (-,-) 
  u_packed_mxfp_aitb_comp_top_g40602/Y                                          -       A->Y    F     INVx2_ASAP7_75t_SL             1  1.8    11     8    1257    (-,-) 
  u_packed_mxfp_aitb_comp_top_g40579/Y                                          -       B->Y    R     NAND2x1p5_ASAP7_75t_SL         1  1.4    22    10    1268    (-,-) 
  u_packed_mxfp_aitb_comp_top_g40544/Y                                          -       A1->Y   F     OAI22x1_ASAP7_75t_SL           2  2.1    35    16    1283    (-,-) 
  u_packed_mxfp_aitb_comp_top_g40517/Y                                          -       B->Y    R     NAND3x1_ASAP7_75t_SL           1  0.8    35    20    1304    (-,-) 
  u_packed_mxfp_aitb_comp_top_g40512/Y                                          -       A->Y    F     NOR3xp33_ASAP7_75t_SL          1  0.8    26    14    1317    (-,-) 
  u_packed_mxfp_aitb_comp_top_g40511/Y                                          -       A->Y    R     NAND2xp5_ASAP7_75t_SL          1  1.3    30    19    1337    (-,-) 
  u_packed_mxfp_aitb_comp_top_g40507/Y                                          -       A2->Y   F     AOI21x1_ASAP7_75t_SL           1  1.5    34    11    1348    (-,-) 
  fopt6/Y                                                                       -       A->Y    F     BUFx6f_ASAP7_75t_SL            6 11.0    20    27    1375    (-,-) 
  fopt125192/Y                                                                  -       A->Y    R     INVx4_ASAP7_75t_SL             4  3.2    15    10    1385    (-,-) 
  u_packed_mxfp_aitb_comp_top_g40499/Y                                          -       B->Y    R     AND3x1_ASAP7_75t_SL            1  0.9    19    23    1408    (-,-) 
  u_packed_mxfp_aitb_comp_top_PIPE_OUT_col1_stage_reg_reg[0][24]/D              -       -       R     ASYNC_DFFHx1_ASAP7_75t_SL      1    -     -     0    1408    (-,-) 
#------------------------------------------------------------------------------------------------------------------------------------------------------------------------



Path 47: VIOLATED (-518 ps) Setup Check with Pin u_packed_mxfp_aitb_comp_top_PIPE_OUT_col1_stage_reg_reg[0][4]/CLK->D
           View: PVT_0P63V_100C.setup_view
          Group: clk
     Startpoint: (R) u_packed_mxfp_aitb_comp_top_PIPE_OUT_col2_stage_reg_reg[0][6]/CLK
          Clock: (R) clk
       Endpoint: (R) u_packed_mxfp_aitb_comp_top_PIPE_OUT_col1_stage_reg_reg[0][4]/D
          Clock: (R) clk

                     Capture       Launch     
        Clock Edge:+    1000            0     
       Src Latency:+       0            0     
       Net Latency:+       0 (I)        0 (I) 
           Arrival:=    1000            0     
                                              
             Setup:-      14                  
       Uncertainty:-     100                  
     Required Time:=     886                  
      Launch Clock:-       0                  
         Data Path:-    1404                  
             Slack:=    -518                  

#------------------------------------------------------------------------------------------------------------------------------------------------------------------------
#                                 Timing Point                                  Flags    Arc    Edge           Cell             Fanout Load Trans Delay Arrival Instance 
#                                                                                                                                      (fF)  (ps)  (ps)   (ps)  Location 
#------------------------------------------------------------------------------------------------------------------------------------------------------------------------
  u_packed_mxfp_aitb_comp_top_PIPE_OUT_col2_stage_reg_reg[0][6]/CLK             -       -       R     (arrival)                   1219    -     0     0       0    (-,-) 
  u_packed_mxfp_aitb_comp_top_PIPE_OUT_col2_stage_reg_reg[0][6]/QN              -       CLK->QN F     ASYNC_DFFHx1_ASAP7_75t_SL      3  3.6    31    49      49    (-,-) 
  u_packed_mxfp_aitb_comp_top_g46030/Y                                          -       B2->Y   R     AOI22x1_ASAP7_75t_SL           4  3.2    67    25      74    (-,-) 
  u_packed_mxfp_aitb_comp_top_g45537/Y                                          -       B1->Y   F     OAI22x1_ASAP7_75t_SL           2  1.4    32    14      88    (-,-) 
  u_packed_mxfp_aitb_comp_top_g45418/Y                                          -       A->Y    R     NOR3xp33_ASAP7_75t_SL          1  0.8    40    23     111    (-,-) 
  u_packed_mxfp_aitb_comp_top_g45317/Y                                          -       C->Y    F     A2O1A1Ixp33_ASAP7_75t_SL       1  0.8    35    20     131    (-,-) 
  u_packed_mxfp_aitb_comp_top_g45191/Y                                          -       A1->Y   R     AOI21xp5_ASAP7_75t_SL          1  0.9    32    17     148    (-,-) 
  u_packed_mxfp_aitb_comp_top_g45163/Y                                          -       A2->Y   F     OAI21xp5_ASAP7_75t_SL          1  1.3    28    17     166    (-,-) 
  u_packed_mxfp_aitb_comp_top_g45157/Y                                          -       B->Y    F     AND2x4_ASAP7_75t_SL            3  6.4    18    27     192    (-,-) 
  u_packed_mxfp_aitb_comp_top_g45153/Y                                          -       A->Y    F     BUFx12f_ASAP7_75t_SL          11 13.4    16    22     214    (-,-) 
  u_packed_mxfp_aitb_comp_top_g45151/Y                                          -       A->Y    R     INVx8_ASAP7_75t_SL            10  9.6    17    12     225    (-,-) 
  u_packed_mxfp_aitb_comp_top_g44869/Y                                          -       A2->Y   R     OA22x2_ASAP7_75t_SL            2  1.9    18    24     249    (-,-) 
  u_packed_mxfp_aitb_comp_top_g44784/Y                                          -       B->Y    R     AND2x4_ASAP7_75t_SL            3  5.0    18    22     271    (-,-) 
  u_packed_mxfp_aitb_comp_top_g44705/Y                                          -       C->Y    F     NAND4xp75_ASAP7_75t_L          1  0.9    27    18     289    (-,-) 
  u_packed_mxfp_aitb_comp_top_g44611/Y                                          -       A1->Y   R     OAI21xp5_ASAP7_75t_SL          2  2.0    48    25     315    (-,-) 
  u_packed_mxfp_aitb_comp_top_g44497/Y                                          -       B->Y    R     AND2x4_ASAP7_75t_SL           12 10.2    32    32     347    (-,-) 
  u_packed_mxfp_aitb_comp_top_g44445/Y                                          -       B->Y    R     AND2x4_ASAP7_75t_SL            8  8.7    28    29     375    (-,-) 
  u_packed_mxfp_aitb_comp_top_g44400/Y                                          -       B->Y    R     AND2x2_ASAP7_75t_SL            9  6.2    37    33     408    (-,-) 
  u_packed_mxfp_aitb_comp_top_g44357/Y                                          -       B->Y    F     NAND2xp5_ASAP7_75t_SL          4  2.6    43    25     434    (-,-) 
  u_packed_mxfp_aitb_comp_top_g44304/Y                                          -       B->Y    R     NOR2xp33_ASAP7_75t_L           1  0.8    41    27     461    (-,-) 
  u_packed_mxfp_aitb_comp_top_g44210/Y                                          -       B->Y    F     AOI21xp5_ASAP7_75t_SL          1  1.8    38    22     482    (-,-) 
  u_packed_mxfp_aitb_comp_top_g44133/Y                                          -       B->Y    F     XOR2x1_ASAP7_75t_SL            2  2.0    31    31     514    (-,-) 
  u_packed_mxfp_aitb_comp_top_addinc_FP32_ALU_col1_fracAdder_add_113_18_g1656/Y -       B->Y    R     NOR2x1_ASAP7_75t_L             3  2.6    42    25     539    (-,-) 
  u_packed_mxfp_aitb_comp_top_addinc_FP32_ALU_col1_fracAdder_add_113_18_g1546/Y -       A->Y    F     NOR2x1_ASAP7_75t_L             2  2.5    34    27     566    (-,-) 
  u_packed_mxfp_aitb_comp_top_addinc_FP32_ALU_col1_fracAdder_add_113_18_g1476/Y -       A->Y    R     NAND2x1p5_ASAP7_75t_SL         2  1.7    26    18     584    (-,-) 
  u_packed_mxfp_aitb_comp_top_addinc_FP32_ALU_col1_fracAdder_add_113_18_g1464/Y -       A->Y    F     INVx1_ASAP7_75t_L              1  1.3    18    14     598    (-,-) 
  u_packed_mxfp_aitb_comp_top_addinc_FP32_ALU_col1_fracAdder_add_113_18_g1456/Y -       A->Y    F     AND2x4_ASAP7_75t_SL            4  4.1    14    23     621    (-,-) 
  u_packed_mxfp_aitb_comp_top_addinc_FP32_ALU_col1_fracAdder_add_113_18_g1451/Y -       A->Y    R     INVx2_ASAP7_75t_SL             1  1.3    11     8     629    (-,-) 
  u_packed_mxfp_aitb_comp_top_addinc_FP32_ALU_col1_fracAdder_add_113_18_g1431/Y -       B->Y    F     NOR2x1_ASAP7_75t_SL            1  1.4    27    11     640    (-,-) 
  u_packed_mxfp_aitb_comp_top_addinc_FP32_ALU_col1_fracAdder_add_113_18_g1379/Y -       A1->Y   R     AOI21x1_ASAP7_75t_SL           1  1.8    32    16     657    (-,-) 
  u_packed_mxfp_aitb_comp_top_addinc_FP32_ALU_col1_fracAdder_add_113_18_g1366/Y -       B->Y    R     XOR2x1_ASAP7_75t_SL            2  2.3    36    26     683    (-,-) 
  u_packed_mxfp_aitb_comp_top_g42644/Y                                          -       B->Y    F     NOR4xp75_ASAP7_75t_SL          1  1.2    30    12     695    (-,-) 
  u_packed_mxfp_aitb_comp_top_g41896/Y                                          -       B->Y    F     AND3x4_ASAP7_75t_SL            9  9.9    28    39     734    (-,-) 
  u_packed_mxfp_aitb_comp_top_g41856/Y                                          -       A2->Y   R     AOI21x1_ASAP7_75t_SL           2  2.6    43    21     754    (-,-) 
  u_packed_mxfp_aitb_comp_top_g41829/Y                                          -       C->Y    F     NAND4xp75_ASAP7_75t_SL         1  2.3    39    20     774    (-,-) 
  u_packed_mxfp_aitb_comp_top_g41816/Y                                          -       B->Y    R     NOR2x2_ASAP7_75t_SL            5  4.5    36    21     795    (-,-) 
  u_packed_mxfp_aitb_comp_top_g41797/Y                                          -       A2->Y   F     AOI21xp5_ASAP7_75t_SL          1  0.8    23    12     807    (-,-) 
  u_packed_mxfp_aitb_comp_top_g41778/Y                                          -       A->Y    F     AND2x2_ASAP7_75t_SL            1  1.3    12    23     830    (-,-) 
  u_packed_mxfp_aitb_comp_top_g41776/Y                                          -       A->Y    F     AND2x4_ASAP7_75t_SL            4  5.0    15    22     853    (-,-) 
  u_packed_mxfp_aitb_comp_top_g41763/Y                                          -       A2->Y   R     AOI21x1_ASAP7_75t_SL           2  2.1    35    17     869    (-,-) 
  u_packed_mxfp_aitb_comp_top_g41760/Y                                          -       A->Y    F     INVx1_ASAP7_75t_SL             1  1.4    20    12     882    (-,-) 
  u_packed_mxfp_aitb_comp_top_g41736/Y                                          -       B->Y    R     AOI21x1_ASAP7_75t_SL           2  1.8    31    18     899    (-,-) 
  u_packed_mxfp_aitb_comp_top_g41722/Y                                          -       B->Y    F     NAND2x1_ASAP7_75t_SL           1  1.3    19    11     910    (-,-) 
  u_packed_mxfp_aitb_comp_top_g41709/Y                                          -       A2->Y   R     AOI21x1_ASAP7_75t_SL           5  4.4    54    26     936    (-,-) 
  u_packed_mxfp_aitb_comp_top_g41705/Y                                          -       B->Y    R     AND2x4_ASAP7_75t_SL            7  5.7    22    27     963    (-,-) 
  u_packed_mxfp_aitb_comp_top_g41691/Y                                          -       A->Y    F     INVx2_ASAP7_75t_SL             2  1.6    12     8     971    (-,-) 
  u_packed_mxfp_aitb_comp_top_g41602/Y                                          -       A2->Y   F     AO22x2_ASAP7_75t_SL            3  3.6    22    30    1001    (-,-) 
  u_packed_mxfp_aitb_comp_top_g41552/Y                                          -       A->Y    F     BUFx6f_ASAP7_75t_SL            9 12.6    21    26    1027    (-,-) 
  u_packed_mxfp_aitb_comp_top_g41550/Y                                          -       A->Y    R     INVx8_ASAP7_75t_SL             8  6.1    15    10    1037    (-,-) 
  u_packed_mxfp_aitb_comp_top_g41437/Y                                          -       B->Y    F     NAND2xp5_ASAP7_75t_SL          1  1.8    33    16    1054    (-,-) 
  u_packed_mxfp_aitb_comp_top_g41269/Y                                          -       B->Y    R     NOR2x1p5_ASAP7_75t_SL          3  2.2    27    16    1070    (-,-) 
  u_packed_mxfp_aitb_comp_top_g41179/Y                                          -       B->Y    R     AND2x2_ASAP7_75t_SL            1  1.4    14    22    1091    (-,-) 
  u_packed_mxfp_aitb_comp_top_g40953/Y                                          -       B->Y    F     AOI21x1_ASAP7_75t_SL           1  1.8    29    12    1103    (-,-) 
  u_packed_mxfp_aitb_comp_top_g40882/Y                                          -       A->Y    R     NAND2x1p5_ASAP7_75t_SL         2  1.9    25    18    1120    (-,-) 
  u_packed_mxfp_aitb_comp_top_g40799/Y                                          -       B->Y    F     NAND2x1_ASAP7_75t_SL           1  1.8    24    12    1132    (-,-) 
  u_packed_mxfp_aitb_comp_top_g40753/Y                                          -       B->Y    R     NOR4xp75_ASAP7_75t_SL          1  1.6    42    23    1156    (-,-) 
  u_packed_mxfp_aitb_comp_top_g40742/Y                                          -       B->Y    F     NAND3x1_ASAP7_75t_SL           2  1.3    22    10    1166    (-,-) 
  u_packed_mxfp_aitb_comp_top_g40713/Y                                          -       B->Y    F     OR2x2_ASAP7_75t_SL             3  3.9    23    30    1196    (-,-) 
  u_packed_mxfp_aitb_comp_top_g40675/Y                                          -       B->Y    R     NOR2x1p5_ASAP7_75t_SL          2  2.4    31    15    1211    (-,-) 
  u_packed_mxfp_aitb_comp_top_g40620/Y                                          -       A->Y    F     NAND2x1p5_ASAP7_75t_SL         3  2.7    30    11    1223    (-,-) 
  u_packed_mxfp_aitb_comp_top_g40603/Y                                          -       A->Y    F     BUFx3_ASAP7_75t_SL             2  2.7    14    23    1246    (-,-) 
  u_packed_mxfp_aitb_comp_top_g40578/Y                                          -       B->Y    R     NOR2x1_ASAP7_75t_SL            2  3.0    35    19    1265    (-,-) 
  u_packed_mxfp_aitb_comp_top_g40552/Y                                          -       B->Y    F     NAND2x1p5_ASAP7_75t_SL         1  1.3    18     9    1274    (-,-) 
  u_packed_mxfp_aitb_comp_top_g40528/Y                                          -       A->Y    F     XNOR2xp5_ASAP7_75t_SL          2  1.3    28    26    1300    (-,-) 
  u_packed_mxfp_aitb_comp_top_g40512/Y                                          -       C->Y    R     NOR3xp33_ASAP7_75t_SL          1  0.8    38    21    1321    (-,-) 
  u_packed_mxfp_aitb_comp_top_g40511/Y                                          -       A->Y    F     NAND2xp5_ASAP7_75t_SL          1  1.3    30    14    1336    (-,-) 
  u_packed_mxfp_aitb_comp_top_g40507/Y                                          -       A2->Y   R     AOI21x1_ASAP7_75t_SL           1  1.5    49    16    1352    (-,-) 
  fopt6/Y                                                                       -       A->Y    R     BUFx6f_ASAP7_75t_SL            6 11.0    25    27    1379    (-,-) 
  fopt125191/Y                                                                  -       A->Y    F     INVx4_ASAP7_75t_SL             8  5.9    18    12    1391    (-,-) 
  u_packed_mxfp_aitb_comp_top_g40476/Y                                          -       B->Y    R     NAND2xp5_ASAP7_75t_SL          1  0.9    28    14    1404    (-,-) 
  u_packed_mxfp_aitb_comp_top_PIPE_OUT_col1_stage_reg_reg[0][4]/D               -       -       R     ASYNC_DFFHx1_ASAP7_75t_SL      1    -     -     0    1404    (-,-) 
#------------------------------------------------------------------------------------------------------------------------------------------------------------------------



Path 48: VIOLATED (-518 ps) Setup Check with Pin u_packed_mxfp_aitb_comp_top_PIPE_OUT_col1_stage_reg_reg[0][19]/CLK->D
           View: PVT_0P63V_100C.setup_view
          Group: clk
     Startpoint: (R) u_packed_mxfp_aitb_comp_top_PIPE_OUT_col2_stage_reg_reg[0][6]/CLK
          Clock: (R) clk
       Endpoint: (F) u_packed_mxfp_aitb_comp_top_PIPE_OUT_col1_stage_reg_reg[0][19]/D
          Clock: (R) clk

                     Capture       Launch     
        Clock Edge:+    1000            0     
       Src Latency:+       0            0     
       Net Latency:+       0 (I)        0 (I) 
           Arrival:=    1000            0     
                                              
             Setup:-      17                  
       Uncertainty:-     100                  
     Required Time:=     883                  
      Launch Clock:-       0                  
         Data Path:-    1401                  
             Slack:=    -518                  

#------------------------------------------------------------------------------------------------------------------------------------------------------------------------
#                                 Timing Point                                  Flags    Arc    Edge           Cell             Fanout Load Trans Delay Arrival Instance 
#                                                                                                                                      (fF)  (ps)  (ps)   (ps)  Location 
#------------------------------------------------------------------------------------------------------------------------------------------------------------------------
  u_packed_mxfp_aitb_comp_top_PIPE_OUT_col2_stage_reg_reg[0][6]/CLK             -       -       R     (arrival)                   1219    -     0     0       0    (-,-) 
  u_packed_mxfp_aitb_comp_top_PIPE_OUT_col2_stage_reg_reg[0][6]/QN              -       CLK->QN F     ASYNC_DFFHx1_ASAP7_75t_SL      3  3.6    31    49      49    (-,-) 
  u_packed_mxfp_aitb_comp_top_g46030/Y                                          -       B2->Y   R     AOI22x1_ASAP7_75t_SL           4  3.2    67    25      74    (-,-) 
  u_packed_mxfp_aitb_comp_top_g45537/Y                                          -       B1->Y   F     OAI22x1_ASAP7_75t_SL           2  1.4    32    14      88    (-,-) 
  u_packed_mxfp_aitb_comp_top_g45418/Y                                          -       A->Y    R     NOR3xp33_ASAP7_75t_SL          1  0.8    40    23     111    (-,-) 
  u_packed_mxfp_aitb_comp_top_g45317/Y                                          -       C->Y    F     A2O1A1Ixp33_ASAP7_75t_SL       1  0.8    35    20     131    (-,-) 
  u_packed_mxfp_aitb_comp_top_g45191/Y                                          -       A1->Y   R     AOI21xp5_ASAP7_75t_SL          1  0.9    32    17     148    (-,-) 
  u_packed_mxfp_aitb_comp_top_g45163/Y                                          -       A2->Y   F     OAI21xp5_ASAP7_75t_SL          1  1.3    28    17     166    (-,-) 
  u_packed_mxfp_aitb_comp_top_g45157/Y                                          -       B->Y    F     AND2x4_ASAP7_75t_SL            3  6.4    18    27     192    (-,-) 
  u_packed_mxfp_aitb_comp_top_g45153/Y                                          -       A->Y    F     BUFx12f_ASAP7_75t_SL          11 13.4    16    22     214    (-,-) 
  u_packed_mxfp_aitb_comp_top_g45151/Y                                          -       A->Y    R     INVx8_ASAP7_75t_SL            10  9.6    17    12     225    (-,-) 
  u_packed_mxfp_aitb_comp_top_g44869/Y                                          -       A2->Y   R     OA22x2_ASAP7_75t_SL            2  1.9    18    24     249    (-,-) 
  u_packed_mxfp_aitb_comp_top_g44784/Y                                          -       B->Y    R     AND2x4_ASAP7_75t_SL            3  5.0    18    22     271    (-,-) 
  u_packed_mxfp_aitb_comp_top_g44705/Y                                          -       C->Y    F     NAND4xp75_ASAP7_75t_L          1  0.9    27    18     289    (-,-) 
  u_packed_mxfp_aitb_comp_top_g44611/Y                                          -       A1->Y   R     OAI21xp5_ASAP7_75t_SL          2  2.0    48    25     315    (-,-) 
  u_packed_mxfp_aitb_comp_top_g44497/Y                                          -       B->Y    R     AND2x4_ASAP7_75t_SL           12 10.2    32    32     347    (-,-) 
  u_packed_mxfp_aitb_comp_top_g44445/Y                                          -       B->Y    R     AND2x4_ASAP7_75t_SL            8  8.7    28    29     375    (-,-) 
  u_packed_mxfp_aitb_comp_top_g44400/Y                                          -       B->Y    R     AND2x2_ASAP7_75t_SL            9  6.2    37    33     408    (-,-) 
  u_packed_mxfp_aitb_comp_top_g44357/Y                                          -       B->Y    F     NAND2xp5_ASAP7_75t_SL          4  2.6    43    25     434    (-,-) 
  u_packed_mxfp_aitb_comp_top_g44304/Y                                          -       B->Y    R     NOR2xp33_ASAP7_75t_L           1  0.8    41    27     461    (-,-) 
  u_packed_mxfp_aitb_comp_top_g44210/Y                                          -       B->Y    F     AOI21xp5_ASAP7_75t_SL          1  1.8    38    22     482    (-,-) 
  u_packed_mxfp_aitb_comp_top_g44133/Y                                          -       B->Y    F     XOR2x1_ASAP7_75t_SL            2  2.0    31    31     514    (-,-) 
  u_packed_mxfp_aitb_comp_top_addinc_FP32_ALU_col1_fracAdder_add_113_18_g1656/Y -       B->Y    R     NOR2x1_ASAP7_75t_L             3  2.6    42    25     539    (-,-) 
  u_packed_mxfp_aitb_comp_top_addinc_FP32_ALU_col1_fracAdder_add_113_18_g1546/Y -       A->Y    F     NOR2x1_ASAP7_75t_L             2  2.5    34    27     566    (-,-) 
  u_packed_mxfp_aitb_comp_top_addinc_FP32_ALU_col1_fracAdder_add_113_18_g1476/Y -       A->Y    R     NAND2x1p5_ASAP7_75t_SL         2  1.7    26    18     584    (-,-) 
  u_packed_mxfp_aitb_comp_top_addinc_FP32_ALU_col1_fracAdder_add_113_18_g1464/Y -       A->Y    F     INVx1_ASAP7_75t_L              1  1.3    18    14     598    (-,-) 
  u_packed_mxfp_aitb_comp_top_addinc_FP32_ALU_col1_fracAdder_add_113_18_g1456/Y -       A->Y    F     AND2x4_ASAP7_75t_SL            4  4.1    14    23     621    (-,-) 
  u_packed_mxfp_aitb_comp_top_addinc_FP32_ALU_col1_fracAdder_add_113_18_g1451/Y -       A->Y    R     INVx2_ASAP7_75t_SL             1  1.3    11     8     629    (-,-) 
  u_packed_mxfp_aitb_comp_top_addinc_FP32_ALU_col1_fracAdder_add_113_18_g1431/Y -       B->Y    F     NOR2x1_ASAP7_75t_SL            1  1.4    27    11     640    (-,-) 
  u_packed_mxfp_aitb_comp_top_addinc_FP32_ALU_col1_fracAdder_add_113_18_g1379/Y -       A1->Y   R     AOI21x1_ASAP7_75t_SL           1  1.8    32    16     657    (-,-) 
  u_packed_mxfp_aitb_comp_top_addinc_FP32_ALU_col1_fracAdder_add_113_18_g1366/Y -       B->Y    R     XOR2x1_ASAP7_75t_SL            2  2.3    36    26     683    (-,-) 
  u_packed_mxfp_aitb_comp_top_g42644/Y                                          -       B->Y    F     NOR4xp75_ASAP7_75t_SL          1  1.2    30    12     695    (-,-) 
  u_packed_mxfp_aitb_comp_top_g41896/Y                                          -       B->Y    F     AND3x4_ASAP7_75t_SL            9  9.9    28    39     734    (-,-) 
  u_packed_mxfp_aitb_comp_top_g41856/Y                                          -       A2->Y   R     AOI21x1_ASAP7_75t_SL           2  2.6    43    21     754    (-,-) 
  u_packed_mxfp_aitb_comp_top_g41829/Y                                          -       C->Y    F     NAND4xp75_ASAP7_75t_SL         1  2.3    39    20     774    (-,-) 
  u_packed_mxfp_aitb_comp_top_g41816/Y                                          -       B->Y    R     NOR2x2_ASAP7_75t_SL            5  4.5    36    21     795    (-,-) 
  u_packed_mxfp_aitb_comp_top_g41797/Y                                          -       A2->Y   F     AOI21xp5_ASAP7_75t_SL          1  0.8    23    12     807    (-,-) 
  u_packed_mxfp_aitb_comp_top_g41778/Y                                          -       A->Y    F     AND2x2_ASAP7_75t_SL            1  1.3    12    23     830    (-,-) 
  u_packed_mxfp_aitb_comp_top_g41776/Y                                          -       A->Y    F     AND2x4_ASAP7_75t_SL            4  5.0    15    22     853    (-,-) 
  u_packed_mxfp_aitb_comp_top_g41763/Y                                          -       A2->Y   R     AOI21x1_ASAP7_75t_SL           2  2.1    35    17     869    (-,-) 
  u_packed_mxfp_aitb_comp_top_g41760/Y                                          -       A->Y    F     INVx1_ASAP7_75t_SL             1  1.4    20    12     882    (-,-) 
  u_packed_mxfp_aitb_comp_top_g41736/Y                                          -       B->Y    R     AOI21x1_ASAP7_75t_SL           2  1.8    31    18     899    (-,-) 
  u_packed_mxfp_aitb_comp_top_g41722/Y                                          -       B->Y    F     NAND2x1_ASAP7_75t_SL           1  1.3    19    11     910    (-,-) 
  u_packed_mxfp_aitb_comp_top_g41709/Y                                          -       A2->Y   R     AOI21x1_ASAP7_75t_SL           5  4.4    54    26     936    (-,-) 
  u_packed_mxfp_aitb_comp_top_g41708/Y                                          -       A->Y    F     INVxp67_ASAP7_75t_SL           1  1.3    29    17     953    (-,-) 
  u_packed_mxfp_aitb_comp_top_g41690/Y                                          -       B->Y    R     NAND2x1_ASAP7_75t_SL           1  1.3    29    17     970    (-,-) 
  u_packed_mxfp_aitb_comp_top_g41603/Y                                          -       B->Y    R     AND2x4_ASAP7_75t_SL           14 12.2    36    32    1002    (-,-) 
  u_packed_mxfp_aitb_comp_top_g41574/Y                                          -       A->Y    F     INVx4_ASAP7_75t_SL             3  2.4    14     8    1010    (-,-) 
  u_packed_mxfp_aitb_comp_top_g41392/Y                                          -       B2->Y   F     AO22x2_ASAP7_75t_SL            2  2.7    20    28    1038    (-,-) 
  u_packed_mxfp_aitb_comp_top_g41368/Y                                          -       A->Y    R     INVx2_ASAP7_75t_SL             1  1.3    13     9    1047    (-,-) 
  u_packed_mxfp_aitb_comp_top_g41239/Y                                          -       B1->Y   F     OAI22x1_ASAP7_75t_SL           3  2.9    33    16    1063    (-,-) 
  u_packed_mxfp_aitb_comp_top_g41022/Y                                          -       A2->Y   R     AOI222xp33_ASAP7_75t_SL        1  0.9    52    28    1091    (-,-) 
  u_packed_mxfp_aitb_comp_top_g40916/Y                                          -       B->Y    F     OAI21xp5_ASAP7_75t_SL          2  2.3    44    24    1115    (-,-) 
  u_packed_mxfp_aitb_comp_top_g40800/Y                                          -       A->Y    R     NAND2x1p5_ASAP7_75t_SL         1  1.8    29    20    1135    (-,-) 
  u_packed_mxfp_aitb_comp_top_g40753/Y                                          -       C->Y    F     NOR4xp75_ASAP7_75t_SL          1  1.5    25    13    1148    (-,-) 
  u_packed_mxfp_aitb_comp_top_g40742/Y                                          -       B->Y    R     NAND3x1_ASAP7_75t_SL           2  1.3    31    20    1168    (-,-) 
  u_packed_mxfp_aitb_comp_top_g40713/Y                                          -       B->Y    R     OR2x2_ASAP7_75t_SL             3  3.9    25    28    1196    (-,-) 
  u_packed_mxfp_aitb_comp_top_g40675/Y                                          -       B->Y    F     NOR2x1p5_ASAP7_75t_SL          2  2.4    26    13    1210    (-,-) 
  u_packed_mxfp_aitb_comp_top_g40620/Y                                          -       A->Y    R     NAND2x1p5_ASAP7_75t_SL         3  2.6    30    19    1228    (-,-) 
  u_packed_mxfp_aitb_comp_top_g40603/Y                                          -       A->Y    R     BUFx3_ASAP7_75t_SL             2  2.7    15    21    1250    (-,-) 
  u_packed_mxfp_aitb_comp_top_g40602/Y                                          -       A->Y    F     INVx2_ASAP7_75t_SL             1  1.8    11     8    1257    (-,-) 
  u_packed_mxfp_aitb_comp_top_g40579/Y                                          -       B->Y    R     NAND2x1p5_ASAP7_75t_SL         1  1.4    22    10    1268    (-,-) 
  u_packed_mxfp_aitb_comp_top_g40544/Y                                          -       A1->Y   F     OAI22x1_ASAP7_75t_SL           2  2.1    35    16    1283    (-,-) 
  u_packed_mxfp_aitb_comp_top_g40517/Y                                          -       B->Y    R     NAND3x1_ASAP7_75t_SL           1  0.8    35    20    1304    (-,-) 
  u_packed_mxfp_aitb_comp_top_g40512/Y                                          -       A->Y    F     NOR3xp33_ASAP7_75t_SL          1  0.8    26    14    1317    (-,-) 
  u_packed_mxfp_aitb_comp_top_g40511/Y                                          -       A->Y    R     NAND2xp5_ASAP7_75t_SL          1  1.3    30    19    1337    (-,-) 
  u_packed_mxfp_aitb_comp_top_g40507/Y                                          -       A2->Y   F     AOI21x1_ASAP7_75t_SL           1  1.5    34    11    1348    (-,-) 
  fopt6/Y                                                                       -       A->Y    F     BUFx6f_ASAP7_75t_SL            6 11.0    20    27    1375    (-,-) 
  fopt125191/Y                                                                  -       A->Y    R     INVx4_ASAP7_75t_SL             8  5.9    20    14    1389    (-,-) 
  u_packed_mxfp_aitb_comp_top_g40488/Y                                          -       B->Y    F     OAI21xp5_ASAP7_75t_SL          1  0.9    24    12    1401    (-,-) 
  u_packed_mxfp_aitb_comp_top_PIPE_OUT_col1_stage_reg_reg[0][19]/D              -       -       F     ASYNC_DFFHx1_ASAP7_75t_SL      1    -     -     0    1401    (-,-) 
#------------------------------------------------------------------------------------------------------------------------------------------------------------------------



Path 49: VIOLATED (-518 ps) Setup Check with Pin u_packed_mxfp_aitb_comp_top_PIPE_OUT_col1_stage_reg_reg[0][11]/CLK->D
           View: PVT_0P63V_100C.setup_view
          Group: clk
     Startpoint: (R) u_packed_mxfp_aitb_comp_top_PIPE_OUT_col2_stage_reg_reg[0][6]/CLK
          Clock: (R) clk
       Endpoint: (F) u_packed_mxfp_aitb_comp_top_PIPE_OUT_col1_stage_reg_reg[0][11]/D
          Clock: (R) clk

                     Capture       Launch     
        Clock Edge:+    1000            0     
       Src Latency:+       0            0     
       Net Latency:+       0 (I)        0 (I) 
           Arrival:=    1000            0     
                                              
             Setup:-      17                  
       Uncertainty:-     100                  
     Required Time:=     883                  
      Launch Clock:-       0                  
         Data Path:-    1401                  
             Slack:=    -518                  

#------------------------------------------------------------------------------------------------------------------------------------------------------------------------
#                                 Timing Point                                  Flags    Arc    Edge           Cell             Fanout Load Trans Delay Arrival Instance 
#                                                                                                                                      (fF)  (ps)  (ps)   (ps)  Location 
#------------------------------------------------------------------------------------------------------------------------------------------------------------------------
  u_packed_mxfp_aitb_comp_top_PIPE_OUT_col2_stage_reg_reg[0][6]/CLK             -       -       R     (arrival)                   1219    -     0     0       0    (-,-) 
  u_packed_mxfp_aitb_comp_top_PIPE_OUT_col2_stage_reg_reg[0][6]/QN              -       CLK->QN F     ASYNC_DFFHx1_ASAP7_75t_SL      3  3.6    31    49      49    (-,-) 
  u_packed_mxfp_aitb_comp_top_g46030/Y                                          -       B2->Y   R     AOI22x1_ASAP7_75t_SL           4  3.2    67    25      74    (-,-) 
  u_packed_mxfp_aitb_comp_top_g45537/Y                                          -       B1->Y   F     OAI22x1_ASAP7_75t_SL           2  1.4    32    14      88    (-,-) 
  u_packed_mxfp_aitb_comp_top_g45418/Y                                          -       A->Y    R     NOR3xp33_ASAP7_75t_SL          1  0.8    40    23     111    (-,-) 
  u_packed_mxfp_aitb_comp_top_g45317/Y                                          -       C->Y    F     A2O1A1Ixp33_ASAP7_75t_SL       1  0.8    35    20     131    (-,-) 
  u_packed_mxfp_aitb_comp_top_g45191/Y                                          -       A1->Y   R     AOI21xp5_ASAP7_75t_SL          1  0.9    32    17     148    (-,-) 
  u_packed_mxfp_aitb_comp_top_g45163/Y                                          -       A2->Y   F     OAI21xp5_ASAP7_75t_SL          1  1.3    28    17     166    (-,-) 
  u_packed_mxfp_aitb_comp_top_g45157/Y                                          -       B->Y    F     AND2x4_ASAP7_75t_SL            3  6.4    18    27     192    (-,-) 
  u_packed_mxfp_aitb_comp_top_g45153/Y                                          -       A->Y    F     BUFx12f_ASAP7_75t_SL          11 13.4    16    22     214    (-,-) 
  u_packed_mxfp_aitb_comp_top_g45151/Y                                          -       A->Y    R     INVx8_ASAP7_75t_SL            10  9.6    17    12     225    (-,-) 
  u_packed_mxfp_aitb_comp_top_g44869/Y                                          -       A2->Y   R     OA22x2_ASAP7_75t_SL            2  1.9    18    24     249    (-,-) 
  u_packed_mxfp_aitb_comp_top_g44784/Y                                          -       B->Y    R     AND2x4_ASAP7_75t_SL            3  5.0    18    22     271    (-,-) 
  u_packed_mxfp_aitb_comp_top_g44705/Y                                          -       C->Y    F     NAND4xp75_ASAP7_75t_L          1  0.9    27    18     289    (-,-) 
  u_packed_mxfp_aitb_comp_top_g44611/Y                                          -       A1->Y   R     OAI21xp5_ASAP7_75t_SL          2  2.0    48    25     315    (-,-) 
  u_packed_mxfp_aitb_comp_top_g44497/Y                                          -       B->Y    R     AND2x4_ASAP7_75t_SL           12 10.2    32    32     347    (-,-) 
  u_packed_mxfp_aitb_comp_top_g44445/Y                                          -       B->Y    R     AND2x4_ASAP7_75t_SL            8  8.7    28    29     375    (-,-) 
  u_packed_mxfp_aitb_comp_top_g44400/Y                                          -       B->Y    R     AND2x2_ASAP7_75t_SL            9  6.2    37    33     408    (-,-) 
  u_packed_mxfp_aitb_comp_top_g44357/Y                                          -       B->Y    F     NAND2xp5_ASAP7_75t_SL          4  2.6    43    25     434    (-,-) 
  u_packed_mxfp_aitb_comp_top_g44304/Y                                          -       B->Y    R     NOR2xp33_ASAP7_75t_L           1  0.8    41    27     461    (-,-) 
  u_packed_mxfp_aitb_comp_top_g44210/Y                                          -       B->Y    F     AOI21xp5_ASAP7_75t_SL          1  1.8    38    22     482    (-,-) 
  u_packed_mxfp_aitb_comp_top_g44133/Y                                          -       B->Y    F     XOR2x1_ASAP7_75t_SL            2  2.0    31    31     514    (-,-) 
  u_packed_mxfp_aitb_comp_top_addinc_FP32_ALU_col1_fracAdder_add_113_18_g1656/Y -       B->Y    R     NOR2x1_ASAP7_75t_L             3  2.6    42    25     539    (-,-) 
  u_packed_mxfp_aitb_comp_top_addinc_FP32_ALU_col1_fracAdder_add_113_18_g1546/Y -       A->Y    F     NOR2x1_ASAP7_75t_L             2  2.5    34    27     566    (-,-) 
  u_packed_mxfp_aitb_comp_top_addinc_FP32_ALU_col1_fracAdder_add_113_18_g1476/Y -       A->Y    R     NAND2x1p5_ASAP7_75t_SL         2  1.7    26    18     584    (-,-) 
  u_packed_mxfp_aitb_comp_top_addinc_FP32_ALU_col1_fracAdder_add_113_18_g1464/Y -       A->Y    F     INVx1_ASAP7_75t_L              1  1.3    18    14     598    (-,-) 
  u_packed_mxfp_aitb_comp_top_addinc_FP32_ALU_col1_fracAdder_add_113_18_g1456/Y -       A->Y    F     AND2x4_ASAP7_75t_SL            4  4.1    14    23     621    (-,-) 
  u_packed_mxfp_aitb_comp_top_addinc_FP32_ALU_col1_fracAdder_add_113_18_g1451/Y -       A->Y    R     INVx2_ASAP7_75t_SL             1  1.3    11     8     629    (-,-) 
  u_packed_mxfp_aitb_comp_top_addinc_FP32_ALU_col1_fracAdder_add_113_18_g1431/Y -       B->Y    F     NOR2x1_ASAP7_75t_SL            1  1.4    27    11     640    (-,-) 
  u_packed_mxfp_aitb_comp_top_addinc_FP32_ALU_col1_fracAdder_add_113_18_g1379/Y -       A1->Y   R     AOI21x1_ASAP7_75t_SL           1  1.8    32    16     657    (-,-) 
  u_packed_mxfp_aitb_comp_top_addinc_FP32_ALU_col1_fracAdder_add_113_18_g1366/Y -       B->Y    R     XOR2x1_ASAP7_75t_SL            2  2.3    36    26     683    (-,-) 
  u_packed_mxfp_aitb_comp_top_g42644/Y                                          -       B->Y    F     NOR4xp75_ASAP7_75t_SL          1  1.2    30    12     695    (-,-) 
  u_packed_mxfp_aitb_comp_top_g41896/Y                                          -       B->Y    F     AND3x4_ASAP7_75t_SL            9  9.9    28    39     734    (-,-) 
  u_packed_mxfp_aitb_comp_top_g41856/Y                                          -       A2->Y   R     AOI21x1_ASAP7_75t_SL           2  2.6    43    21     754    (-,-) 
  u_packed_mxfp_aitb_comp_top_g41829/Y                                          -       C->Y    F     NAND4xp75_ASAP7_75t_SL         1  2.3    39    20     774    (-,-) 
  u_packed_mxfp_aitb_comp_top_g41816/Y                                          -       B->Y    R     NOR2x2_ASAP7_75t_SL            5  4.5    36    21     795    (-,-) 
  u_packed_mxfp_aitb_comp_top_g41797/Y                                          -       A2->Y   F     AOI21xp5_ASAP7_75t_SL          1  0.8    23    12     807    (-,-) 
  u_packed_mxfp_aitb_comp_top_g41778/Y                                          -       A->Y    F     AND2x2_ASAP7_75t_SL            1  1.3    12    23     830    (-,-) 
  u_packed_mxfp_aitb_comp_top_g41776/Y                                          -       A->Y    F     AND2x4_ASAP7_75t_SL            4  5.0    15    22     853    (-,-) 
  u_packed_mxfp_aitb_comp_top_g41763/Y                                          -       A2->Y   R     AOI21x1_ASAP7_75t_SL           2  2.1    35    17     869    (-,-) 
  u_packed_mxfp_aitb_comp_top_g41760/Y                                          -       A->Y    F     INVx1_ASAP7_75t_SL             1  1.4    20    12     882    (-,-) 
  u_packed_mxfp_aitb_comp_top_g41736/Y                                          -       B->Y    R     AOI21x1_ASAP7_75t_SL           2  1.8    31    18     899    (-,-) 
  u_packed_mxfp_aitb_comp_top_g41722/Y                                          -       B->Y    F     NAND2x1_ASAP7_75t_SL           1  1.3    19    11     910    (-,-) 
  u_packed_mxfp_aitb_comp_top_g41709/Y                                          -       A2->Y   R     AOI21x1_ASAP7_75t_SL           5  4.4    54    26     936    (-,-) 
  u_packed_mxfp_aitb_comp_top_g41708/Y                                          -       A->Y    F     INVxp67_ASAP7_75t_SL           1  1.3    29    17     953    (-,-) 
  u_packed_mxfp_aitb_comp_top_g41690/Y                                          -       B->Y    R     NAND2x1_ASAP7_75t_SL           1  1.3    29    17     970    (-,-) 
  u_packed_mxfp_aitb_comp_top_g41603/Y                                          -       B->Y    R     AND2x4_ASAP7_75t_SL           14 12.2    36    32    1002    (-,-) 
  u_packed_mxfp_aitb_comp_top_g41574/Y                                          -       A->Y    F     INVx4_ASAP7_75t_SL             3  2.4    14     8    1010    (-,-) 
  u_packed_mxfp_aitb_comp_top_g41392/Y                                          -       B2->Y   F     AO22x2_ASAP7_75t_SL            2  2.7    20    28    1038    (-,-) 
  u_packed_mxfp_aitb_comp_top_g41368/Y                                          -       A->Y    R     INVx2_ASAP7_75t_SL             1  1.3    13     9    1047    (-,-) 
  u_packed_mxfp_aitb_comp_top_g41239/Y                                          -       B1->Y   F     OAI22x1_ASAP7_75t_SL           3  2.9    33    16    1063    (-,-) 
  u_packed_mxfp_aitb_comp_top_g41022/Y                                          -       A2->Y   R     AOI222xp33_ASAP7_75t_SL        1  0.9    52    28    1091    (-,-) 
  u_packed_mxfp_aitb_comp_top_g40916/Y                                          -       B->Y    F     OAI21xp5_ASAP7_75t_SL          2  2.3    44    24    1115    (-,-) 
  u_packed_mxfp_aitb_comp_top_g40800/Y                                          -       A->Y    R     NAND2x1p5_ASAP7_75t_SL         1  1.8    29    20    1135    (-,-) 
  u_packed_mxfp_aitb_comp_top_g40753/Y                                          -       C->Y    F     NOR4xp75_ASAP7_75t_SL          1  1.5    25    13    1148    (-,-) 
  u_packed_mxfp_aitb_comp_top_g40742/Y                                          -       B->Y    R     NAND3x1_ASAP7_75t_SL           2  1.3    31    20    1168    (-,-) 
  u_packed_mxfp_aitb_comp_top_g40713/Y                                          -       B->Y    R     OR2x2_ASAP7_75t_SL             3  3.9    25    28    1196    (-,-) 
  u_packed_mxfp_aitb_comp_top_g40675/Y                                          -       B->Y    F     NOR2x1p5_ASAP7_75t_SL          2  2.4    26    13    1210    (-,-) 
  u_packed_mxfp_aitb_comp_top_g40620/Y                                          -       A->Y    R     NAND2x1p5_ASAP7_75t_SL         3  2.6    30    19    1228    (-,-) 
  u_packed_mxfp_aitb_comp_top_g40603/Y                                          -       A->Y    R     BUFx3_ASAP7_75t_SL             2  2.7    15    21    1250    (-,-) 
  u_packed_mxfp_aitb_comp_top_g40602/Y                                          -       A->Y    F     INVx2_ASAP7_75t_SL             1  1.8    11     8    1257    (-,-) 
  u_packed_mxfp_aitb_comp_top_g40579/Y                                          -       B->Y    R     NAND2x1p5_ASAP7_75t_SL         1  1.4    22    10    1268    (-,-) 
  u_packed_mxfp_aitb_comp_top_g40544/Y                                          -       A1->Y   F     OAI22x1_ASAP7_75t_SL           2  2.1    35    16    1283    (-,-) 
  u_packed_mxfp_aitb_comp_top_g40517/Y                                          -       B->Y    R     NAND3x1_ASAP7_75t_SL           1  0.8    35    20    1304    (-,-) 
  u_packed_mxfp_aitb_comp_top_g40512/Y                                          -       A->Y    F     NOR3xp33_ASAP7_75t_SL          1  0.8    26    14    1317    (-,-) 
  u_packed_mxfp_aitb_comp_top_g40511/Y                                          -       A->Y    R     NAND2xp5_ASAP7_75t_SL          1  1.3    30    19    1337    (-,-) 
  u_packed_mxfp_aitb_comp_top_g40507/Y                                          -       A2->Y   F     AOI21x1_ASAP7_75t_SL           1  1.5    34    11    1348    (-,-) 
  fopt6/Y                                                                       -       A->Y    F     BUFx6f_ASAP7_75t_SL            6 11.0    20    27    1375    (-,-) 
  fopt125191/Y                                                                  -       A->Y    R     INVx4_ASAP7_75t_SL             8  5.9    20    14    1389    (-,-) 
  u_packed_mxfp_aitb_comp_top_g40451/Y                                          -       B->Y    F     OAI21xp5_ASAP7_75t_SL          1  0.9    24    12    1401    (-,-) 
  u_packed_mxfp_aitb_comp_top_PIPE_OUT_col1_stage_reg_reg[0][11]/D              -       -       F     ASYNC_DFFHx1_ASAP7_75t_SL      1    -     -     0    1401    (-,-) 
#------------------------------------------------------------------------------------------------------------------------------------------------------------------------



Path 50: VIOLATED (-518 ps) Setup Check with Pin u_packed_mxfp_aitb_comp_top_PIPE_OUT_col1_stage_reg_reg[0][9]/CLK->D
           View: PVT_0P63V_100C.setup_view
          Group: clk
     Startpoint: (R) u_packed_mxfp_aitb_comp_top_PIPE_OUT_col2_stage_reg_reg[0][6]/CLK
          Clock: (R) clk
       Endpoint: (F) u_packed_mxfp_aitb_comp_top_PIPE_OUT_col1_stage_reg_reg[0][9]/D
          Clock: (R) clk

                     Capture       Launch     
        Clock Edge:+    1000            0     
       Src Latency:+       0            0     
       Net Latency:+       0 (I)        0 (I) 
           Arrival:=    1000            0     
                                              
             Setup:-      17                  
       Uncertainty:-     100                  
     Required Time:=     883                  
      Launch Clock:-       0                  
         Data Path:-    1401                  
             Slack:=    -518                  

#------------------------------------------------------------------------------------------------------------------------------------------------------------------------
#                                 Timing Point                                  Flags    Arc    Edge           Cell             Fanout Load Trans Delay Arrival Instance 
#                                                                                                                                      (fF)  (ps)  (ps)   (ps)  Location 
#------------------------------------------------------------------------------------------------------------------------------------------------------------------------
  u_packed_mxfp_aitb_comp_top_PIPE_OUT_col2_stage_reg_reg[0][6]/CLK             -       -       R     (arrival)                   1219    -     0     0       0    (-,-) 
  u_packed_mxfp_aitb_comp_top_PIPE_OUT_col2_stage_reg_reg[0][6]/QN              -       CLK->QN F     ASYNC_DFFHx1_ASAP7_75t_SL      3  3.6    31    49      49    (-,-) 
  u_packed_mxfp_aitb_comp_top_g46030/Y                                          -       B2->Y   R     AOI22x1_ASAP7_75t_SL           4  3.2    67    25      74    (-,-) 
  u_packed_mxfp_aitb_comp_top_g45537/Y                                          -       B1->Y   F     OAI22x1_ASAP7_75t_SL           2  1.4    32    14      88    (-,-) 
  u_packed_mxfp_aitb_comp_top_g45418/Y                                          -       A->Y    R     NOR3xp33_ASAP7_75t_SL          1  0.8    40    23     111    (-,-) 
  u_packed_mxfp_aitb_comp_top_g45317/Y                                          -       C->Y    F     A2O1A1Ixp33_ASAP7_75t_SL       1  0.8    35    20     131    (-,-) 
  u_packed_mxfp_aitb_comp_top_g45191/Y                                          -       A1->Y   R     AOI21xp5_ASAP7_75t_SL          1  0.9    32    17     148    (-,-) 
  u_packed_mxfp_aitb_comp_top_g45163/Y                                          -       A2->Y   F     OAI21xp5_ASAP7_75t_SL          1  1.3    28    17     166    (-,-) 
  u_packed_mxfp_aitb_comp_top_g45157/Y                                          -       B->Y    F     AND2x4_ASAP7_75t_SL            3  6.4    18    27     192    (-,-) 
  u_packed_mxfp_aitb_comp_top_g45153/Y                                          -       A->Y    F     BUFx12f_ASAP7_75t_SL          11 13.4    16    22     214    (-,-) 
  u_packed_mxfp_aitb_comp_top_g45151/Y                                          -       A->Y    R     INVx8_ASAP7_75t_SL            10  9.6    17    12     225    (-,-) 
  u_packed_mxfp_aitb_comp_top_g44869/Y                                          -       A2->Y   R     OA22x2_ASAP7_75t_SL            2  1.9    18    24     249    (-,-) 
  u_packed_mxfp_aitb_comp_top_g44784/Y                                          -       B->Y    R     AND2x4_ASAP7_75t_SL            3  5.0    18    22     271    (-,-) 
  u_packed_mxfp_aitb_comp_top_g44705/Y                                          -       C->Y    F     NAND4xp75_ASAP7_75t_L          1  0.9    27    18     289    (-,-) 
  u_packed_mxfp_aitb_comp_top_g44611/Y                                          -       A1->Y   R     OAI21xp5_ASAP7_75t_SL          2  2.0    48    25     315    (-,-) 
  u_packed_mxfp_aitb_comp_top_g44497/Y                                          -       B->Y    R     AND2x4_ASAP7_75t_SL           12 10.2    32    32     347    (-,-) 
  u_packed_mxfp_aitb_comp_top_g44445/Y                                          -       B->Y    R     AND2x4_ASAP7_75t_SL            8  8.7    28    29     375    (-,-) 
  u_packed_mxfp_aitb_comp_top_g44400/Y                                          -       B->Y    R     AND2x2_ASAP7_75t_SL            9  6.2    37    33     408    (-,-) 
  u_packed_mxfp_aitb_comp_top_g44357/Y                                          -       B->Y    F     NAND2xp5_ASAP7_75t_SL          4  2.6    43    25     434    (-,-) 
  u_packed_mxfp_aitb_comp_top_g44304/Y                                          -       B->Y    R     NOR2xp33_ASAP7_75t_L           1  0.8    41    27     461    (-,-) 
  u_packed_mxfp_aitb_comp_top_g44210/Y                                          -       B->Y    F     AOI21xp5_ASAP7_75t_SL          1  1.8    38    22     482    (-,-) 
  u_packed_mxfp_aitb_comp_top_g44133/Y                                          -       B->Y    F     XOR2x1_ASAP7_75t_SL            2  2.0    31    31     514    (-,-) 
  u_packed_mxfp_aitb_comp_top_addinc_FP32_ALU_col1_fracAdder_add_113_18_g1656/Y -       B->Y    R     NOR2x1_ASAP7_75t_L             3  2.6    42    25     539    (-,-) 
  u_packed_mxfp_aitb_comp_top_addinc_FP32_ALU_col1_fracAdder_add_113_18_g1546/Y -       A->Y    F     NOR2x1_ASAP7_75t_L             2  2.5    34    27     566    (-,-) 
  u_packed_mxfp_aitb_comp_top_addinc_FP32_ALU_col1_fracAdder_add_113_18_g1476/Y -       A->Y    R     NAND2x1p5_ASAP7_75t_SL         2  1.7    26    18     584    (-,-) 
  u_packed_mxfp_aitb_comp_top_addinc_FP32_ALU_col1_fracAdder_add_113_18_g1464/Y -       A->Y    F     INVx1_ASAP7_75t_L              1  1.3    18    14     598    (-,-) 
  u_packed_mxfp_aitb_comp_top_addinc_FP32_ALU_col1_fracAdder_add_113_18_g1456/Y -       A->Y    F     AND2x4_ASAP7_75t_SL            4  4.1    14    23     621    (-,-) 
  u_packed_mxfp_aitb_comp_top_addinc_FP32_ALU_col1_fracAdder_add_113_18_g1451/Y -       A->Y    R     INVx2_ASAP7_75t_SL             1  1.3    11     8     629    (-,-) 
  u_packed_mxfp_aitb_comp_top_addinc_FP32_ALU_col1_fracAdder_add_113_18_g1431/Y -       B->Y    F     NOR2x1_ASAP7_75t_SL            1  1.4    27    11     640    (-,-) 
  u_packed_mxfp_aitb_comp_top_addinc_FP32_ALU_col1_fracAdder_add_113_18_g1379/Y -       A1->Y   R     AOI21x1_ASAP7_75t_SL           1  1.8    32    16     657    (-,-) 
  u_packed_mxfp_aitb_comp_top_addinc_FP32_ALU_col1_fracAdder_add_113_18_g1366/Y -       B->Y    R     XOR2x1_ASAP7_75t_SL            2  2.3    36    26     683    (-,-) 
  u_packed_mxfp_aitb_comp_top_g42644/Y                                          -       B->Y    F     NOR4xp75_ASAP7_75t_SL          1  1.2    30    12     695    (-,-) 
  u_packed_mxfp_aitb_comp_top_g41896/Y                                          -       B->Y    F     AND3x4_ASAP7_75t_SL            9  9.9    28    39     734    (-,-) 
  u_packed_mxfp_aitb_comp_top_g41856/Y                                          -       A2->Y   R     AOI21x1_ASAP7_75t_SL           2  2.6    43    21     754    (-,-) 
  u_packed_mxfp_aitb_comp_top_g41829/Y                                          -       C->Y    F     NAND4xp75_ASAP7_75t_SL         1  2.3    39    20     774    (-,-) 
  u_packed_mxfp_aitb_comp_top_g41816/Y                                          -       B->Y    R     NOR2x2_ASAP7_75t_SL            5  4.5    36    21     795    (-,-) 
  u_packed_mxfp_aitb_comp_top_g41797/Y                                          -       A2->Y   F     AOI21xp5_ASAP7_75t_SL          1  0.8    23    12     807    (-,-) 
  u_packed_mxfp_aitb_comp_top_g41778/Y                                          -       A->Y    F     AND2x2_ASAP7_75t_SL            1  1.3    12    23     830    (-,-) 
  u_packed_mxfp_aitb_comp_top_g41776/Y                                          -       A->Y    F     AND2x4_ASAP7_75t_SL            4  5.0    15    22     853    (-,-) 
  u_packed_mxfp_aitb_comp_top_g41763/Y                                          -       A2->Y   R     AOI21x1_ASAP7_75t_SL           2  2.1    35    17     869    (-,-) 
  u_packed_mxfp_aitb_comp_top_g41760/Y                                          -       A->Y    F     INVx1_ASAP7_75t_SL             1  1.4    20    12     882    (-,-) 
  u_packed_mxfp_aitb_comp_top_g41736/Y                                          -       B->Y    R     AOI21x1_ASAP7_75t_SL           2  1.8    31    18     899    (-,-) 
  u_packed_mxfp_aitb_comp_top_g41722/Y                                          -       B->Y    F     NAND2x1_ASAP7_75t_SL           1  1.3    19    11     910    (-,-) 
  u_packed_mxfp_aitb_comp_top_g41709/Y                                          -       A2->Y   R     AOI21x1_ASAP7_75t_SL           5  4.4    54    26     936    (-,-) 
  u_packed_mxfp_aitb_comp_top_g41708/Y                                          -       A->Y    F     INVxp67_ASAP7_75t_SL           1  1.3    29    17     953    (-,-) 
  u_packed_mxfp_aitb_comp_top_g41690/Y                                          -       B->Y    R     NAND2x1_ASAP7_75t_SL           1  1.3    29    17     970    (-,-) 
  u_packed_mxfp_aitb_comp_top_g41603/Y                                          -       B->Y    R     AND2x4_ASAP7_75t_SL           14 12.2    36    32    1002    (-,-) 
  u_packed_mxfp_aitb_comp_top_g41574/Y                                          -       A->Y    F     INVx4_ASAP7_75t_SL             3  2.4    14     8    1010    (-,-) 
  u_packed_mxfp_aitb_comp_top_g41392/Y                                          -       B2->Y   F     AO22x2_ASAP7_75t_SL            2  2.7    20    28    1038    (-,-) 
  u_packed_mxfp_aitb_comp_top_g41368/Y                                          -       A->Y    R     INVx2_ASAP7_75t_SL             1  1.3    13     9    1047    (-,-) 
  u_packed_mxfp_aitb_comp_top_g41239/Y                                          -       B1->Y   F     OAI22x1_ASAP7_75t_SL           3  2.9    33    16    1063    (-,-) 
  u_packed_mxfp_aitb_comp_top_g41022/Y                                          -       A2->Y   R     AOI222xp33_ASAP7_75t_SL        1  0.9    52    28    1091    (-,-) 
  u_packed_mxfp_aitb_comp_top_g40916/Y                                          -       B->Y    F     OAI21xp5_ASAP7_75t_SL          2  2.3    44    24    1115    (-,-) 
  u_packed_mxfp_aitb_comp_top_g40800/Y                                          -       A->Y    R     NAND2x1p5_ASAP7_75t_SL         1  1.8    29    20    1135    (-,-) 
  u_packed_mxfp_aitb_comp_top_g40753/Y                                          -       C->Y    F     NOR4xp75_ASAP7_75t_SL          1  1.5    25    13    1148    (-,-) 
  u_packed_mxfp_aitb_comp_top_g40742/Y                                          -       B->Y    R     NAND3x1_ASAP7_75t_SL           2  1.3    31    20    1168    (-,-) 
  u_packed_mxfp_aitb_comp_top_g40713/Y                                          -       B->Y    R     OR2x2_ASAP7_75t_SL             3  3.9    25    28    1196    (-,-) 
  u_packed_mxfp_aitb_comp_top_g40675/Y                                          -       B->Y    F     NOR2x1p5_ASAP7_75t_SL          2  2.4    26    13    1210    (-,-) 
  u_packed_mxfp_aitb_comp_top_g40620/Y                                          -       A->Y    R     NAND2x1p5_ASAP7_75t_SL         3  2.6    30    19    1228    (-,-) 
  u_packed_mxfp_aitb_comp_top_g40603/Y                                          -       A->Y    R     BUFx3_ASAP7_75t_SL             2  2.7    15    21    1250    (-,-) 
  u_packed_mxfp_aitb_comp_top_g40602/Y                                          -       A->Y    F     INVx2_ASAP7_75t_SL             1  1.8    11     8    1257    (-,-) 
  u_packed_mxfp_aitb_comp_top_g40579/Y                                          -       B->Y    R     NAND2x1p5_ASAP7_75t_SL         1  1.4    22    10    1268    (-,-) 
  u_packed_mxfp_aitb_comp_top_g40544/Y                                          -       A1->Y   F     OAI22x1_ASAP7_75t_SL           2  2.1    35    16    1283    (-,-) 
  u_packed_mxfp_aitb_comp_top_g40517/Y                                          -       B->Y    R     NAND3x1_ASAP7_75t_SL           1  0.8    35    20    1304    (-,-) 
  u_packed_mxfp_aitb_comp_top_g40512/Y                                          -       A->Y    F     NOR3xp33_ASAP7_75t_SL          1  0.8    26    14    1317    (-,-) 
  u_packed_mxfp_aitb_comp_top_g40511/Y                                          -       A->Y    R     NAND2xp5_ASAP7_75t_SL          1  1.3    30    19    1337    (-,-) 
  u_packed_mxfp_aitb_comp_top_g40507/Y                                          -       A2->Y   F     AOI21x1_ASAP7_75t_SL           1  1.5    34    11    1348    (-,-) 
  fopt6/Y                                                                       -       A->Y    F     BUFx6f_ASAP7_75t_SL            6 11.0    20    27    1375    (-,-) 
  fopt125191/Y                                                                  -       A->Y    R     INVx4_ASAP7_75t_SL             8  5.9    20    14    1389    (-,-) 
  u_packed_mxfp_aitb_comp_top_g40460/Y                                          -       B->Y    F     OAI21xp5_ASAP7_75t_SL          1  0.9    24    12    1401    (-,-) 
  u_packed_mxfp_aitb_comp_top_PIPE_OUT_col1_stage_reg_reg[0][9]/D               -       -       F     ASYNC_DFFHx1_ASAP7_75t_SL      1    -     -     0    1401    (-,-) 
#------------------------------------------------------------------------------------------------------------------------------------------------------------------------

