============================================================
  Generated by:           Genus(TM) Synthesis Solution 21.17-s066_1
  Generated on:           Apr 03 2026  01:17:15 pm
  Module:                 noe5m2_mxfp_aitb_comp_top
  Operating conditions:   PVT_0P63V_100C 
  Interconnect mode:      global
  Area mode:              physical library
============================================================


Path 1: VIOLATED (-515 ps) Setup Check with Pin PIPE_OUT_col1_stage_reg_reg[0][29]/CLK->D
           View: PVT_0P63V_100C.setup_view
          Group: clk
     Startpoint: (R) PIPE_OUT_col1_stage_reg_reg[0][6]/CLK
          Clock: (R) clk
       Endpoint: (R) PIPE_OUT_col1_stage_reg_reg[0][29]/D
          Clock: (R) clk

                     Capture       Launch     
        Clock Edge:+    1000            0     
       Src Latency:+       0            0     
       Net Latency:+       0 (I)        0 (I) 
           Arrival:=    1000            0     
                                              
             Setup:-      13                  
       Uncertainty:-     100                  
     Required Time:=     887                  
      Launch Clock:-       0                  
         Data Path:-    1402                  
             Slack:=    -515                  

#--------------------------------------------------------------------------------------------------------------------------------------------
#                   Timing Point                    Flags    Arc    Edge           Cell             Fanout Load Trans Delay Arrival Instance 
#                                                                                                          (fF)  (ps)  (ps)   (ps)  Location 
#--------------------------------------------------------------------------------------------------------------------------------------------
  PIPE_OUT_col1_stage_reg_reg[0][6]/CLK             -       -       R     (arrival)                   1135    -     0     0       0    (-,-) 
  PIPE_OUT_col1_stage_reg_reg[0][6]/QN              -       CLK->QN R     ASYNC_DFFHx1_ASAP7_75t_SL      2  1.8    34    54      54    (-,-) 
  g62601/Y                                          -       B1->Y   F     AOI22x1_ASAP7_75t_SL           4  3.0    62    18      72    (-,-) 
  g61903/Y                                          -       B2->Y   R     AOI22xp5_ASAP7_75t_SL          1  0.8    39    24      96    (-,-) 
  g61800__9315/Y                                    -       B->Y    R     OR2x2_ASAP7_75t_SL             1  0.9    12    22     118    (-,-) 
  g61766__9315/Y                                    -       B->Y    F     OAI21xp5_ASAP7_75t_SL          1  0.8    30    11     129    (-,-) 
  g61723__1881/Y                                    -       B->Y    R     AOI21xp5_ASAP7_75t_SL          1  0.9    31    19     148    (-,-) 
  g61712__6783/Y                                    -       A2->Y   F     OAI21xp5_ASAP7_75t_SL          1  0.8    24    14     162    (-,-) 
  g61646__6161/Y                                    -       A1->Y   F     AO331x2_ASAP7_75t_SL           2  2.3    24    41     203    (-,-) 
  g61643/Y                                          -       A->Y    F     BUFx5_ASAP7_75t_SL            11  8.4    22    31     234    (-,-) 
  g61641/Y                                          -       A->Y    R     INVx1_ASAP7_75t_SL             2  1.6    22    15     248    (-,-) 
  g61475__4319/Y                                    -       A2->Y   R     AO22x2_ASAP7_75t_SL            2  3.2    25    29     277    (-,-) 
  g61395/Y                                          -       A->Y    F     INVx2_ASAP7_75t_SL             2  2.6    16    11     288    (-,-) 
  g61191__5477/Y                                    -       B->Y    R     NAND4xp75_ASAP7_75t_SL         2  2.4    32    15     303    (-,-) 
  g61185__6417/Y                                    -       A->Y    F     NOR2x1p5_ASAP7_75t_SL          2  1.5    20    13     316    (-,-) 
  g63166/Y                                          -       B->Y    F     AND2x2_ASAP7_75t_SL            1  1.8    14    23     339    (-,-) 
  g61147__6260/Y                                    -       B->Y    F     XOR2x1_ASAP7_75t_SL            3  2.7    31    27     366    (-,-) 
  g61124/Y                                          -       A->Y    F     BUFx6f_ASAP7_75t_SL            8 10.5    19    26     392    (-,-) 
  g61127/Y                                          -       A->Y    R     INVx8_ASAP7_75t_SL            11 10.9    20    13     405    (-,-) 
  g60996__8428/Y                                    -       A->Y    R     AND2x4_ASAP7_75t_SL            4  3.1    15    19     424    (-,-) 
  g60846__1705/Y                                    -       A1->Y   F     AOI22xp5_ASAP7_75t_SL          1  1.8    42    17     442    (-,-) 
  g60791__9315/Y                                    -       B->Y    R     NAND2x1p5_ASAP7_75t_SL         2  2.2    32    19     461    (-,-) 
  g60769/Y                                          -       A->Y    F     INVx2_ASAP7_75t_SL             3  3.9    22    14     475    (-,-) 
  g60666__1881/Y                                    -       A1->Y   R     OAI22x1_ASAP7_75t_SL           1  1.8    35    17     492    (-,-) 
  g60615__6260/Y                                    -       A->Y    F     NOR2x1p5_ASAP7_75t_SL          1  1.8    22    15     507    (-,-) 
  g60540__5122/Y                                    -       A->Y    F     XOR2x1_ASAP7_75t_SL            3  3.1    40    29     535    (-,-) 
  addinc_FP32_ALU_col1_fracAdder_add_113_18_g954/Y  -       B->Y    F     AND2x2_ASAP7_75t_SL            3  1.8    17    27     562    (-,-) 
  addinc_FP32_ALU_col1_fracAdder_add_113_18_g844/Y  -       A2->Y   R     AOI21xp5_ASAP7_75t_SL          1  0.9    27    16     578    (-,-) 
  addinc_FP32_ALU_col1_fracAdder_add_113_18_g805/Y  -       B->Y    F     OAI21xp5_ASAP7_75t_SL          2  1.6    31    17     595    (-,-) 
  addinc_FP32_ALU_col1_fracAdder_add_113_18_g778/Y  -       A1->Y   R     AOI21xp5_ASAP7_75t_SL          1  0.9    32    17     612    (-,-) 
  addinc_FP32_ALU_col1_fracAdder_add_113_18_g764/Y  -       B->Y    F     OAI21xp5_ASAP7_75t_SL          1  1.5    30    17     629    (-,-) 
  addinc_FP32_ALU_col1_fracAdder_add_113_18_fopt3/Y -       A->Y    F     BUFx6f_ASAP7_75t_SL            6  5.9    14    23     652    (-,-) 
  addinc_FP32_ALU_col1_fracAdder_add_113_18_fopt2/Y -       A->Y    R     INVx3_ASAP7_75t_SL             6  5.0    21    13     665    (-,-) 
  addinc_FP32_ALU_col1_fracAdder_add_113_18_g739/Y  -       A1->Y   F     OAI21xp5_ASAP7_75t_SL          1  1.2    26    15     680    (-,-) 
  addinc_FP32_ALU_col1_fracAdder_add_113_18_g731/Y  -       B->Y    F     XOR2xp5_ASAP7_75t_SL           2  2.3    46    27     708    (-,-) 
  g50558/Y                                          -       B->Y    R     NOR4xp75_ASAP7_75t_SL          1  1.3    44    25     732    (-,-) 
  g49807/Y                                          -       B->Y    R     AND3x4_ASAP7_75t_SL            9  9.9    34    38     770    (-,-) 
  g49779/Y                                          -       A2->Y   F     AOI21x1_ASAP7_75t_SL           2  2.4    29    14     784    (-,-) 
  g49750/Y                                          -       D->Y    R     NAND4xp75_ASAP7_75t_SL         1  2.2    31    19     803    (-,-) 
  g49743/Y                                          -       A->Y    F     NOR2x2_ASAP7_75t_SL            5  5.0    30    21     824    (-,-) 
  g49735/Y                                          -       B->Y    R     NAND2xp5_ASAP7_75t_SL          1  1.8    39    23     847    (-,-) 
  g49696/Y                                          -       C->Y    F     NAND4xp75_ASAP7_75t_SL         4  4.8    58    29     876    (-,-) 
  g49695/Y                                          -       A->Y    R     INVx2_ASAP7_75t_SL             2  2.5    29    18     894    (-,-) 
  g49679/Y                                          -       A2->Y   F     AOI21x1_ASAP7_75t_SL           1  1.8    23    12     906    (-,-) 
  g49667/Y                                          -       A->Y    R     NAND2x1p5_ASAP7_75t_SL         3  3.4    31    20     926    (-,-) 
  g49645/Y                                          -       A1->Y   F     OAI21xp5_ASAP7_75t_SL          1  0.9    36    15     941    (-,-) 
  g49633/Y                                          -       A1->Y   F     OA21x2_ASAP7_75t_SL            5  5.2    27    34     975    (-,-) 
  g49630/Y                                          -       A->Y    R     INVx3_ASAP7_75t_SL             3  2.6    17    11     987    (-,-) 
  g49621/Y                                          -       B->Y    R     AND2x2_ASAP7_75t_SL            3  2.9    20    24    1011    (-,-) 
  g49518/Y                                          -       A2->Y   F     AOI21x1_ASAP7_75t_SL           1  1.5    30    11    1021    (-,-) 
  g49484/Y                                          -       A->Y    R     INVx2_ASAP7_75t_SL             1  1.4    16    11    1032    (-,-) 
  g49423/Y                                          -       B->Y    F     AOI21x1_ASAP7_75t_SL           2  1.5    28    11    1043    (-,-) 
  g49338/Y                                          -       B->Y    F     OR2x2_ASAP7_75t_SL             3  3.7    22    31    1074    (-,-) 
  g49267/Y                                          -       B->Y    R     NAND2x1p5_ASAP7_75t_SL         2  2.4    30    16    1090    (-,-) 
  g49195/Y                                          -       A->Y    F     NAND2x1p5_ASAP7_75t_SL         2  1.4    23     8    1098    (-,-) 
  g49071/Y                                          -       A2->Y   R     OAI21xp5_ASAP7_75t_SL          2  1.8    43    25    1122    (-,-) 
  g48939/Y                                          -       A2->Y   F     AOI21x1_ASAP7_75t_SL           2  1.7    26    13    1135    (-,-) 
  g48914/Y                                          -       A->Y    F     BUFx3_ASAP7_75t_SL             1  1.8    12    21    1156    (-,-) 
  g48866/Y                                          -       B->Y    F     XOR2x1_ASAP7_75t_SL            2  1.5    25    24    1180    (-,-) 
  g48827/Y                                          -       A->Y    R     NAND3xp33_ASAP7_75t_SL         1  1.3    36    19    1199    (-,-) 
  g48792/Y                                          -       A->Y    F     NOR2x1_ASAP7_75t_SL            2  1.4    25    17    1216    (-,-) 
  g48748/Y                                          -       B->Y    R     NAND2xp5_ASAP7_75t_SL          1  0.8    21    15    1231    (-,-) 
  g48736/Y                                          -       B->Y    R     OR2x2_ASAP7_75t_SL             1  1.8    16    21    1252    (-,-) 
  g48672/Y                                          -       A->Y    F     NOR2x1p5_ASAP7_75t_SL          1  1.8    16    12    1264    (-,-) 
  g48633/Y                                          -       A->Y    R     NAND2x1p5_ASAP7_75t_SL         1  1.8    21    14    1278    (-,-) 
  g48602/Y                                          -       A->Y    R     XOR2x1_ASAP7_75t_SL            2  2.4    36    26    1304    (-,-) 
  g48587/Y                                          -       B->Y    F     NOR2x1p5_ASAP7_75t_SL          1  1.8    23    13    1317    (-,-) 
  g48582/Y                                          -       A->Y    R     NAND4xp75_ASAP7_75t_SL         1  1.3    28    12    1329    (-,-) 
  g48577/Y                                          -       A2->Y   F     AOI21x1_ASAP7_75t_SL           1  2.6    44    15    1344    (-,-) 
  g48576/Y                                          -       A->Y    F     BUFx12f_ASAP7_75t_SL           7 11.8    16    26    1370    (-,-) 
  g48574/Y                                          -       A->Y    R     INVx6_ASAP7_75t_SL             6  4.5    13     9    1380    (-,-) 
  g48543/Y                                          -       A->Y    R     AND3x1_ASAP7_75t_SL            1  0.9    20    22    1402    (-,-) 
  PIPE_OUT_col1_stage_reg_reg[0][29]/D              -       -       R     ASYNC_DFFHx1_ASAP7_75t_SL      1    -     -     0    1402    (-,-) 
#--------------------------------------------------------------------------------------------------------------------------------------------



Path 2: VIOLATED (-515 ps) Setup Check with Pin PIPE_OUT_col1_stage_reg_reg[0][24]/CLK->D
           View: PVT_0P63V_100C.setup_view
          Group: clk
     Startpoint: (R) PIPE_OUT_col1_stage_reg_reg[0][6]/CLK
          Clock: (R) clk
       Endpoint: (R) PIPE_OUT_col1_stage_reg_reg[0][24]/D
          Clock: (R) clk

                     Capture       Launch     
        Clock Edge:+    1000            0     
       Src Latency:+       0            0     
       Net Latency:+       0 (I)        0 (I) 
           Arrival:=    1000            0     
                                              
             Setup:-      13                  
       Uncertainty:-     100                  
     Required Time:=     887                  
      Launch Clock:-       0                  
         Data Path:-    1402                  
             Slack:=    -515                  

#--------------------------------------------------------------------------------------------------------------------------------------------
#                   Timing Point                    Flags    Arc    Edge           Cell             Fanout Load Trans Delay Arrival Instance 
#                                                                                                          (fF)  (ps)  (ps)   (ps)  Location 
#--------------------------------------------------------------------------------------------------------------------------------------------
  PIPE_OUT_col1_stage_reg_reg[0][6]/CLK             -       -       R     (arrival)                   1135    -     0     0       0    (-,-) 
  PIPE_OUT_col1_stage_reg_reg[0][6]/QN              -       CLK->QN R     ASYNC_DFFHx1_ASAP7_75t_SL      2  1.8    34    54      54    (-,-) 
  g62601/Y                                          -       B1->Y   F     AOI22x1_ASAP7_75t_SL           4  3.0    62    18      72    (-,-) 
  g61903/Y                                          -       B2->Y   R     AOI22xp5_ASAP7_75t_SL          1  0.8    39    24      96    (-,-) 
  g61800__9315/Y                                    -       B->Y    R     OR2x2_ASAP7_75t_SL             1  0.9    12    22     118    (-,-) 
  g61766__9315/Y                                    -       B->Y    F     OAI21xp5_ASAP7_75t_SL          1  0.8    30    11     129    (-,-) 
  g61723__1881/Y                                    -       B->Y    R     AOI21xp5_ASAP7_75t_SL          1  0.9    31    19     148    (-,-) 
  g61712__6783/Y                                    -       A2->Y   F     OAI21xp5_ASAP7_75t_SL          1  0.8    24    14     162    (-,-) 
  g61646__6161/Y                                    -       A1->Y   F     AO331x2_ASAP7_75t_SL           2  2.3    24    41     203    (-,-) 
  g61643/Y                                          -       A->Y    F     BUFx5_ASAP7_75t_SL            11  8.4    22    31     234    (-,-) 
  g61641/Y                                          -       A->Y    R     INVx1_ASAP7_75t_SL             2  1.6    22    15     248    (-,-) 
  g61475__4319/Y                                    -       A2->Y   R     AO22x2_ASAP7_75t_SL            2  3.2    25    29     277    (-,-) 
  g61395/Y                                          -       A->Y    F     INVx2_ASAP7_75t_SL             2  2.6    16    11     288    (-,-) 
  g61191__5477/Y                                    -       B->Y    R     NAND4xp75_ASAP7_75t_SL         2  2.4    32    15     303    (-,-) 
  g61185__6417/Y                                    -       A->Y    F     NOR2x1p5_ASAP7_75t_SL          2  1.5    20    13     316    (-,-) 
  g63166/Y                                          -       B->Y    F     AND2x2_ASAP7_75t_SL            1  1.8    14    23     339    (-,-) 
  g61147__6260/Y                                    -       B->Y    F     XOR2x1_ASAP7_75t_SL            3  2.7    31    27     366    (-,-) 
  g61124/Y                                          -       A->Y    F     BUFx6f_ASAP7_75t_SL            8 10.5    19    26     392    (-,-) 
  g61127/Y                                          -       A->Y    R     INVx8_ASAP7_75t_SL            11 10.9    20    13     405    (-,-) 
  g60996__8428/Y                                    -       A->Y    R     AND2x4_ASAP7_75t_SL            4  3.1    15    19     424    (-,-) 
  g60846__1705/Y                                    -       A1->Y   F     AOI22xp5_ASAP7_75t_SL          1  1.8    42    17     442    (-,-) 
  g60791__9315/Y                                    -       B->Y    R     NAND2x1p5_ASAP7_75t_SL         2  2.2    32    19     461    (-,-) 
  g60769/Y                                          -       A->Y    F     INVx2_ASAP7_75t_SL             3  3.9    22    14     475    (-,-) 
  g60666__1881/Y                                    -       A1->Y   R     OAI22x1_ASAP7_75t_SL           1  1.8    35    17     492    (-,-) 
  g60615__6260/Y                                    -       A->Y    F     NOR2x1p5_ASAP7_75t_SL          1  1.8    22    15     507    (-,-) 
  g60540__5122/Y                                    -       A->Y    F     XOR2x1_ASAP7_75t_SL            3  3.1    40    29     535    (-,-) 
  addinc_FP32_ALU_col1_fracAdder_add_113_18_g954/Y  -       B->Y    F     AND2x2_ASAP7_75t_SL            3  1.8    17    27     562    (-,-) 
  addinc_FP32_ALU_col1_fracAdder_add_113_18_g844/Y  -       A2->Y   R     AOI21xp5_ASAP7_75t_SL          1  0.9    27    16     578    (-,-) 
  addinc_FP32_ALU_col1_fracAdder_add_113_18_g805/Y  -       B->Y    F     OAI21xp5_ASAP7_75t_SL          2  1.6    31    17     595    (-,-) 
  addinc_FP32_ALU_col1_fracAdder_add_113_18_g778/Y  -       A1->Y   R     AOI21xp5_ASAP7_75t_SL          1  0.9    32    17     612    (-,-) 
  addinc_FP32_ALU_col1_fracAdder_add_113_18_g764/Y  -       B->Y    F     OAI21xp5_ASAP7_75t_SL          1  1.5    30    17     629    (-,-) 
  addinc_FP32_ALU_col1_fracAdder_add_113_18_fopt3/Y -       A->Y    F     BUFx6f_ASAP7_75t_SL            6  5.9    14    23     652    (-,-) 
  addinc_FP32_ALU_col1_fracAdder_add_113_18_fopt2/Y -       A->Y    R     INVx3_ASAP7_75t_SL             6  5.0    21    13     665    (-,-) 
  addinc_FP32_ALU_col1_fracAdder_add_113_18_g739/Y  -       A1->Y   F     OAI21xp5_ASAP7_75t_SL          1  1.2    26    15     680    (-,-) 
  addinc_FP32_ALU_col1_fracAdder_add_113_18_g731/Y  -       B->Y    F     XOR2xp5_ASAP7_75t_SL           2  2.3    46    27     708    (-,-) 
  g50558/Y                                          -       B->Y    R     NOR4xp75_ASAP7_75t_SL          1  1.3    44    25     732    (-,-) 
  g49807/Y                                          -       B->Y    R     AND3x4_ASAP7_75t_SL            9  9.9    34    38     770    (-,-) 
  g49779/Y                                          -       A2->Y   F     AOI21x1_ASAP7_75t_SL           2  2.4    29    14     784    (-,-) 
  g49750/Y                                          -       D->Y    R     NAND4xp75_ASAP7_75t_SL         1  2.2    31    19     803    (-,-) 
  g49743/Y                                          -       A->Y    F     NOR2x2_ASAP7_75t_SL            5  5.0    30    21     824    (-,-) 
  g49735/Y                                          -       B->Y    R     NAND2xp5_ASAP7_75t_SL          1  1.8    39    23     847    (-,-) 
  g49696/Y                                          -       C->Y    F     NAND4xp75_ASAP7_75t_SL         4  4.8    58    29     876    (-,-) 
  g49695/Y                                          -       A->Y    R     INVx2_ASAP7_75t_SL             2  2.5    29    18     894    (-,-) 
  g49679/Y                                          -       A2->Y   F     AOI21x1_ASAP7_75t_SL           1  1.8    23    12     906    (-,-) 
  g49667/Y                                          -       A->Y    R     NAND2x1p5_ASAP7_75t_SL         3  3.4    31    20     926    (-,-) 
  g49645/Y                                          -       A1->Y   F     OAI21xp5_ASAP7_75t_SL          1  0.9    36    15     941    (-,-) 
  g49633/Y                                          -       A1->Y   F     OA21x2_ASAP7_75t_SL            5  5.2    27    34     975    (-,-) 
  g49630/Y                                          -       A->Y    R     INVx3_ASAP7_75t_SL             3  2.6    17    11     987    (-,-) 
  g49621/Y                                          -       B->Y    R     AND2x2_ASAP7_75t_SL            3  2.9    20    24    1011    (-,-) 
  g49518/Y                                          -       A2->Y   F     AOI21x1_ASAP7_75t_SL           1  1.5    30    11    1021    (-,-) 
  g49484/Y                                          -       A->Y    R     INVx2_ASAP7_75t_SL             1  1.4    16    11    1032    (-,-) 
  g49423/Y                                          -       B->Y    F     AOI21x1_ASAP7_75t_SL           2  1.5    28    11    1043    (-,-) 
  g49338/Y                                          -       B->Y    F     OR2x2_ASAP7_75t_SL             3  3.7    22    31    1074    (-,-) 
  g49267/Y                                          -       B->Y    R     NAND2x1p5_ASAP7_75t_SL         2  2.4    30    16    1090    (-,-) 
  g49195/Y                                          -       A->Y    F     NAND2x1p5_ASAP7_75t_SL         2  1.4    23     8    1098    (-,-) 
  g49071/Y                                          -       A2->Y   R     OAI21xp5_ASAP7_75t_SL          2  1.8    43    25    1122    (-,-) 
  g48939/Y                                          -       A2->Y   F     AOI21x1_ASAP7_75t_SL           2  1.7    26    13    1135    (-,-) 
  g48914/Y                                          -       A->Y    F     BUFx3_ASAP7_75t_SL             1  1.8    12    21    1156    (-,-) 
  g48866/Y                                          -       B->Y    F     XOR2x1_ASAP7_75t_SL            2  1.5    25    24    1180    (-,-) 
  g48827/Y                                          -       A->Y    R     NAND3xp33_ASAP7_75t_SL         1  1.3    36    19    1199    (-,-) 
  g48792/Y                                          -       A->Y    F     NOR2x1_ASAP7_75t_SL            2  1.4    25    17    1216    (-,-) 
  g48748/Y                                          -       B->Y    R     NAND2xp5_ASAP7_75t_SL          1  0.8    21    15    1231    (-,-) 
  g48736/Y                                          -       B->Y    R     OR2x2_ASAP7_75t_SL             1  1.8    16    21    1252    (-,-) 
  g48672/Y                                          -       A->Y    F     NOR2x1p5_ASAP7_75t_SL          1  1.8    16    12    1264    (-,-) 
  g48633/Y                                          -       A->Y    R     NAND2x1p5_ASAP7_75t_SL         1  1.8    21    14    1278    (-,-) 
  g48602/Y                                          -       A->Y    R     XOR2x1_ASAP7_75t_SL            2  2.4    36    26    1304    (-,-) 
  g48587/Y                                          -       B->Y    F     NOR2x1p5_ASAP7_75t_SL          1  1.8    23    13    1317    (-,-) 
  g48582/Y                                          -       A->Y    R     NAND4xp75_ASAP7_75t_SL         1  1.3    28    12    1329    (-,-) 
  g48577/Y                                          -       A2->Y   F     AOI21x1_ASAP7_75t_SL           1  2.6    44    15    1344    (-,-) 
  g48576/Y                                          -       A->Y    F     BUFx12f_ASAP7_75t_SL           7 11.8    16    26    1370    (-,-) 
  g48574/Y                                          -       A->Y    R     INVx6_ASAP7_75t_SL             6  4.5    13     9    1380    (-,-) 
  g48539/Y                                          -       A->Y    R     AND3x1_ASAP7_75t_SL            1  0.9    20    22    1402    (-,-) 
  PIPE_OUT_col1_stage_reg_reg[0][24]/D              -       -       R     ASYNC_DFFHx1_ASAP7_75t_SL      1    -     -     0    1402    (-,-) 
#--------------------------------------------------------------------------------------------------------------------------------------------



Path 3: VIOLATED (-515 ps) Setup Check with Pin PIPE_OUT_col1_stage_reg_reg[0][23]/CLK->D
           View: PVT_0P63V_100C.setup_view
          Group: clk
     Startpoint: (R) PIPE_OUT_col1_stage_reg_reg[0][6]/CLK
          Clock: (R) clk
       Endpoint: (R) PIPE_OUT_col1_stage_reg_reg[0][23]/D
          Clock: (R) clk

                     Capture       Launch     
        Clock Edge:+    1000            0     
       Src Latency:+       0            0     
       Net Latency:+       0 (I)        0 (I) 
           Arrival:=    1000            0     
                                              
             Setup:-      13                  
       Uncertainty:-     100                  
     Required Time:=     887                  
      Launch Clock:-       0                  
         Data Path:-    1402                  
             Slack:=    -515                  

#--------------------------------------------------------------------------------------------------------------------------------------------
#                   Timing Point                    Flags    Arc    Edge           Cell             Fanout Load Trans Delay Arrival Instance 
#                                                                                                          (fF)  (ps)  (ps)   (ps)  Location 
#--------------------------------------------------------------------------------------------------------------------------------------------
  PIPE_OUT_col1_stage_reg_reg[0][6]/CLK             -       -       R     (arrival)                   1135    -     0     0       0    (-,-) 
  PIPE_OUT_col1_stage_reg_reg[0][6]/QN              -       CLK->QN R     ASYNC_DFFHx1_ASAP7_75t_SL      2  1.8    34    54      54    (-,-) 
  g62601/Y                                          -       B1->Y   F     AOI22x1_ASAP7_75t_SL           4  3.0    62    18      72    (-,-) 
  g61903/Y                                          -       B2->Y   R     AOI22xp5_ASAP7_75t_SL          1  0.8    39    24      96    (-,-) 
  g61800__9315/Y                                    -       B->Y    R     OR2x2_ASAP7_75t_SL             1  0.9    12    22     118    (-,-) 
  g61766__9315/Y                                    -       B->Y    F     OAI21xp5_ASAP7_75t_SL          1  0.8    30    11     129    (-,-) 
  g61723__1881/Y                                    -       B->Y    R     AOI21xp5_ASAP7_75t_SL          1  0.9    31    19     148    (-,-) 
  g61712__6783/Y                                    -       A2->Y   F     OAI21xp5_ASAP7_75t_SL          1  0.8    24    14     162    (-,-) 
  g61646__6161/Y                                    -       A1->Y   F     AO331x2_ASAP7_75t_SL           2  2.3    24    41     203    (-,-) 
  g61643/Y                                          -       A->Y    F     BUFx5_ASAP7_75t_SL            11  8.4    22    31     234    (-,-) 
  g61641/Y                                          -       A->Y    R     INVx1_ASAP7_75t_SL             2  1.6    22    15     248    (-,-) 
  g61475__4319/Y                                    -       A2->Y   R     AO22x2_ASAP7_75t_SL            2  3.2    25    29     277    (-,-) 
  g61395/Y                                          -       A->Y    F     INVx2_ASAP7_75t_SL             2  2.6    16    11     288    (-,-) 
  g61191__5477/Y                                    -       B->Y    R     NAND4xp75_ASAP7_75t_SL         2  2.4    32    15     303    (-,-) 
  g61185__6417/Y                                    -       A->Y    F     NOR2x1p5_ASAP7_75t_SL          2  1.5    20    13     316    (-,-) 
  g63166/Y                                          -       B->Y    F     AND2x2_ASAP7_75t_SL            1  1.8    14    23     339    (-,-) 
  g61147__6260/Y                                    -       B->Y    F     XOR2x1_ASAP7_75t_SL            3  2.7    31    27     366    (-,-) 
  g61124/Y                                          -       A->Y    F     BUFx6f_ASAP7_75t_SL            8 10.5    19    26     392    (-,-) 
  g61127/Y                                          -       A->Y    R     INVx8_ASAP7_75t_SL            11 10.9    20    13     405    (-,-) 
  g60996__8428/Y                                    -       A->Y    R     AND2x4_ASAP7_75t_SL            4  3.1    15    19     424    (-,-) 
  g60846__1705/Y                                    -       A1->Y   F     AOI22xp5_ASAP7_75t_SL          1  1.8    42    17     442    (-,-) 
  g60791__9315/Y                                    -       B->Y    R     NAND2x1p5_ASAP7_75t_SL         2  2.2    32    19     461    (-,-) 
  g60769/Y                                          -       A->Y    F     INVx2_ASAP7_75t_SL             3  3.9    22    14     475    (-,-) 
  g60666__1881/Y                                    -       A1->Y   R     OAI22x1_ASAP7_75t_SL           1  1.8    35    17     492    (-,-) 
  g60615__6260/Y                                    -       A->Y    F     NOR2x1p5_ASAP7_75t_SL          1  1.8    22    15     507    (-,-) 
  g60540__5122/Y                                    -       A->Y    F     XOR2x1_ASAP7_75t_SL            3  3.1    40    29     535    (-,-) 
  addinc_FP32_ALU_col1_fracAdder_add_113_18_g954/Y  -       B->Y    F     AND2x2_ASAP7_75t_SL            3  1.8    17    27     562    (-,-) 
  addinc_FP32_ALU_col1_fracAdder_add_113_18_g844/Y  -       A2->Y   R     AOI21xp5_ASAP7_75t_SL          1  0.9    27    16     578    (-,-) 
  addinc_FP32_ALU_col1_fracAdder_add_113_18_g805/Y  -       B->Y    F     OAI21xp5_ASAP7_75t_SL          2  1.6    31    17     595    (-,-) 
  addinc_FP32_ALU_col1_fracAdder_add_113_18_g778/Y  -       A1->Y   R     AOI21xp5_ASAP7_75t_SL          1  0.9    32    17     612    (-,-) 
  addinc_FP32_ALU_col1_fracAdder_add_113_18_g764/Y  -       B->Y    F     OAI21xp5_ASAP7_75t_SL          1  1.5    30    17     629    (-,-) 
  addinc_FP32_ALU_col1_fracAdder_add_113_18_fopt3/Y -       A->Y    F     BUFx6f_ASAP7_75t_SL            6  5.9    14    23     652    (-,-) 
  addinc_FP32_ALU_col1_fracAdder_add_113_18_fopt2/Y -       A->Y    R     INVx3_ASAP7_75t_SL             6  5.0    21    13     665    (-,-) 
  addinc_FP32_ALU_col1_fracAdder_add_113_18_g739/Y  -       A1->Y   F     OAI21xp5_ASAP7_75t_SL          1  1.2    26    15     680    (-,-) 
  addinc_FP32_ALU_col1_fracAdder_add_113_18_g731/Y  -       B->Y    F     XOR2xp5_ASAP7_75t_SL           2  2.3    46    27     708    (-,-) 
  g50558/Y                                          -       B->Y    R     NOR4xp75_ASAP7_75t_SL          1  1.3    44    25     732    (-,-) 
  g49807/Y                                          -       B->Y    R     AND3x4_ASAP7_75t_SL            9  9.9    34    38     770    (-,-) 
  g49779/Y                                          -       A2->Y   F     AOI21x1_ASAP7_75t_SL           2  2.4    29    14     784    (-,-) 
  g49750/Y                                          -       D->Y    R     NAND4xp75_ASAP7_75t_SL         1  2.2    31    19     803    (-,-) 
  g49743/Y                                          -       A->Y    F     NOR2x2_ASAP7_75t_SL            5  5.0    30    21     824    (-,-) 
  g49735/Y                                          -       B->Y    R     NAND2xp5_ASAP7_75t_SL          1  1.8    39    23     847    (-,-) 
  g49696/Y                                          -       C->Y    F     NAND4xp75_ASAP7_75t_SL         4  4.8    58    29     876    (-,-) 
  g49695/Y                                          -       A->Y    R     INVx2_ASAP7_75t_SL             2  2.5    29    18     894    (-,-) 
  g49679/Y                                          -       A2->Y   F     AOI21x1_ASAP7_75t_SL           1  1.8    23    12     906    (-,-) 
  g49667/Y                                          -       A->Y    R     NAND2x1p5_ASAP7_75t_SL         3  3.4    31    20     926    (-,-) 
  g49645/Y                                          -       A1->Y   F     OAI21xp5_ASAP7_75t_SL          1  0.9    36    15     941    (-,-) 
  g49633/Y                                          -       A1->Y   F     OA21x2_ASAP7_75t_SL            5  5.2    27    34     975    (-,-) 
  g49630/Y                                          -       A->Y    R     INVx3_ASAP7_75t_SL             3  2.6    17    11     987    (-,-) 
  g49621/Y                                          -       B->Y    R     AND2x2_ASAP7_75t_SL            3  2.9    20    24    1011    (-,-) 
  g49518/Y                                          -       A2->Y   F     AOI21x1_ASAP7_75t_SL           1  1.5    30    11    1021    (-,-) 
  g49484/Y                                          -       A->Y    R     INVx2_ASAP7_75t_SL             1  1.4    16    11    1032    (-,-) 
  g49423/Y                                          -       B->Y    F     AOI21x1_ASAP7_75t_SL           2  1.5    28    11    1043    (-,-) 
  g49338/Y                                          -       B->Y    F     OR2x2_ASAP7_75t_SL             3  3.7    22    31    1074    (-,-) 
  g49267/Y                                          -       B->Y    R     NAND2x1p5_ASAP7_75t_SL         2  2.4    30    16    1090    (-,-) 
  g49195/Y                                          -       A->Y    F     NAND2x1p5_ASAP7_75t_SL         2  1.4    23     8    1098    (-,-) 
  g49071/Y                                          -       A2->Y   R     OAI21xp5_ASAP7_75t_SL          2  1.8    43    25    1122    (-,-) 
  g48939/Y                                          -       A2->Y   F     AOI21x1_ASAP7_75t_SL           2  1.7    26    13    1135    (-,-) 
  g48914/Y                                          -       A->Y    F     BUFx3_ASAP7_75t_SL             1  1.8    12    21    1156    (-,-) 
  g48866/Y                                          -       B->Y    F     XOR2x1_ASAP7_75t_SL            2  1.5    25    24    1180    (-,-) 
  g48827/Y                                          -       A->Y    R     NAND3xp33_ASAP7_75t_SL         1  1.3    36    19    1199    (-,-) 
  g48792/Y                                          -       A->Y    F     NOR2x1_ASAP7_75t_SL            2  1.4    25    17    1216    (-,-) 
  g48748/Y                                          -       B->Y    R     NAND2xp5_ASAP7_75t_SL          1  0.8    21    15    1231    (-,-) 
  g48736/Y                                          -       B->Y    R     OR2x2_ASAP7_75t_SL             1  1.8    16    21    1252    (-,-) 
  g48672/Y                                          -       A->Y    F     NOR2x1p5_ASAP7_75t_SL          1  1.8    16    12    1264    (-,-) 
  g48633/Y                                          -       A->Y    R     NAND2x1p5_ASAP7_75t_SL         1  1.8    21    14    1278    (-,-) 
  g48602/Y                                          -       A->Y    R     XOR2x1_ASAP7_75t_SL            2  2.4    36    26    1304    (-,-) 
  g48587/Y                                          -       B->Y    F     NOR2x1p5_ASAP7_75t_SL          1  1.8    23    13    1317    (-,-) 
  g48582/Y                                          -       A->Y    R     NAND4xp75_ASAP7_75t_SL         1  1.3    28    12    1329    (-,-) 
  g48577/Y                                          -       A2->Y   F     AOI21x1_ASAP7_75t_SL           1  2.6    44    15    1344    (-,-) 
  g48576/Y                                          -       A->Y    F     BUFx12f_ASAP7_75t_SL           7 11.8    16    26    1370    (-,-) 
  g48574/Y                                          -       A->Y    R     INVx6_ASAP7_75t_SL             6  4.5    13     9    1380    (-,-) 
  g48537/Y                                          -       A->Y    R     AND3x1_ASAP7_75t_SL            1  0.9    20    22    1402    (-,-) 
  PIPE_OUT_col1_stage_reg_reg[0][23]/D              -       -       R     ASYNC_DFFHx1_ASAP7_75t_SL      1    -     -     0    1402    (-,-) 
#--------------------------------------------------------------------------------------------------------------------------------------------



Path 4: VIOLATED (-515 ps) Setup Check with Pin PIPE_OUT_col1_stage_reg_reg[0][3]/CLK->D
           View: PVT_0P63V_100C.setup_view
          Group: clk
     Startpoint: (R) PIPE_OUT_col1_stage_reg_reg[0][6]/CLK
          Clock: (R) clk
       Endpoint: (R) PIPE_OUT_col1_stage_reg_reg[0][3]/D
          Clock: (R) clk

                     Capture       Launch     
        Clock Edge:+    1000            0     
       Src Latency:+       0            0     
       Net Latency:+       0 (I)        0 (I) 
           Arrival:=    1000            0     
                                              
             Setup:-      14                  
       Uncertainty:-     100                  
     Required Time:=     886                  
      Launch Clock:-       0                  
         Data Path:-    1401                  
             Slack:=    -515                  

#--------------------------------------------------------------------------------------------------------------------------------------------
#                   Timing Point                    Flags    Arc    Edge           Cell             Fanout Load Trans Delay Arrival Instance 
#                                                                                                          (fF)  (ps)  (ps)   (ps)  Location 
#--------------------------------------------------------------------------------------------------------------------------------------------
  PIPE_OUT_col1_stage_reg_reg[0][6]/CLK             -       -       R     (arrival)                   1135    -     0     0       0    (-,-) 
  PIPE_OUT_col1_stage_reg_reg[0][6]/QN              -       CLK->QN R     ASYNC_DFFHx1_ASAP7_75t_SL      2  1.8    34    54      54    (-,-) 
  g62601/Y                                          -       B1->Y   F     AOI22x1_ASAP7_75t_SL           4  3.0    62    18      72    (-,-) 
  g61903/Y                                          -       B2->Y   R     AOI22xp5_ASAP7_75t_SL          1  0.8    39    24      96    (-,-) 
  g61800__9315/Y                                    -       B->Y    R     OR2x2_ASAP7_75t_SL             1  0.9    12    22     118    (-,-) 
  g61766__9315/Y                                    -       B->Y    F     OAI21xp5_ASAP7_75t_SL          1  0.8    30    11     129    (-,-) 
  g61723__1881/Y                                    -       B->Y    R     AOI21xp5_ASAP7_75t_SL          1  0.9    31    19     148    (-,-) 
  g61712__6783/Y                                    -       A2->Y   F     OAI21xp5_ASAP7_75t_SL          1  0.8    24    14     162    (-,-) 
  g61646__6161/Y                                    -       A1->Y   F     AO331x2_ASAP7_75t_SL           2  2.3    24    41     203    (-,-) 
  g61643/Y                                          -       A->Y    F     BUFx5_ASAP7_75t_SL            11  8.4    22    31     234    (-,-) 
  g61641/Y                                          -       A->Y    R     INVx1_ASAP7_75t_SL             2  1.6    22    15     248    (-,-) 
  g61475__4319/Y                                    -       A2->Y   R     AO22x2_ASAP7_75t_SL            2  3.2    25    29     277    (-,-) 
  g61395/Y                                          -       A->Y    F     INVx2_ASAP7_75t_SL             2  2.6    16    11     288    (-,-) 
  g61191__5477/Y                                    -       B->Y    R     NAND4xp75_ASAP7_75t_SL         2  2.4    32    15     303    (-,-) 
  g61185__6417/Y                                    -       A->Y    F     NOR2x1p5_ASAP7_75t_SL          2  1.5    20    13     316    (-,-) 
  g63166/Y                                          -       B->Y    F     AND2x2_ASAP7_75t_SL            1  1.8    14    23     339    (-,-) 
  g61147__6260/Y                                    -       B->Y    F     XOR2x1_ASAP7_75t_SL            3  2.7    31    27     366    (-,-) 
  g61124/Y                                          -       A->Y    F     BUFx6f_ASAP7_75t_SL            8 10.5    19    26     392    (-,-) 
  g61127/Y                                          -       A->Y    R     INVx8_ASAP7_75t_SL            11 10.9    20    13     405    (-,-) 
  g60996__8428/Y                                    -       A->Y    R     AND2x4_ASAP7_75t_SL            4  3.1    15    19     424    (-,-) 
  g60846__1705/Y                                    -       A1->Y   F     AOI22xp5_ASAP7_75t_SL          1  1.8    42    17     442    (-,-) 
  g60791__9315/Y                                    -       B->Y    R     NAND2x1p5_ASAP7_75t_SL         2  2.2    32    19     461    (-,-) 
  g60769/Y                                          -       A->Y    F     INVx2_ASAP7_75t_SL             3  3.9    22    14     475    (-,-) 
  g60666__1881/Y                                    -       A1->Y   R     OAI22x1_ASAP7_75t_SL           1  1.8    35    17     492    (-,-) 
  g60615__6260/Y                                    -       A->Y    F     NOR2x1p5_ASAP7_75t_SL          1  1.8    22    15     507    (-,-) 
  g60540__5122/Y                                    -       A->Y    F     XOR2x1_ASAP7_75t_SL            3  3.1    40    29     535    (-,-) 
  addinc_FP32_ALU_col1_fracAdder_add_113_18_g954/Y  -       B->Y    F     AND2x2_ASAP7_75t_SL            3  1.8    17    27     562    (-,-) 
  addinc_FP32_ALU_col1_fracAdder_add_113_18_g844/Y  -       A2->Y   R     AOI21xp5_ASAP7_75t_SL          1  0.9    27    16     578    (-,-) 
  addinc_FP32_ALU_col1_fracAdder_add_113_18_g805/Y  -       B->Y    F     OAI21xp5_ASAP7_75t_SL          2  1.6    31    17     595    (-,-) 
  addinc_FP32_ALU_col1_fracAdder_add_113_18_g778/Y  -       A1->Y   R     AOI21xp5_ASAP7_75t_SL          1  0.9    32    17     612    (-,-) 
  addinc_FP32_ALU_col1_fracAdder_add_113_18_g764/Y  -       B->Y    F     OAI21xp5_ASAP7_75t_SL          1  1.5    30    17     629    (-,-) 
  addinc_FP32_ALU_col1_fracAdder_add_113_18_fopt3/Y -       A->Y    F     BUFx6f_ASAP7_75t_SL            6  5.9    14    23     652    (-,-) 
  addinc_FP32_ALU_col1_fracAdder_add_113_18_fopt2/Y -       A->Y    R     INVx3_ASAP7_75t_SL             6  5.0    21    13     665    (-,-) 
  addinc_FP32_ALU_col1_fracAdder_add_113_18_g739/Y  -       A1->Y   F     OAI21xp5_ASAP7_75t_SL          1  1.2    26    15     680    (-,-) 
  addinc_FP32_ALU_col1_fracAdder_add_113_18_g731/Y  -       B->Y    F     XOR2xp5_ASAP7_75t_SL           2  2.3    46    27     708    (-,-) 
  g50558/Y                                          -       B->Y    R     NOR4xp75_ASAP7_75t_SL          1  1.3    44    25     732    (-,-) 
  g49807/Y                                          -       B->Y    R     AND3x4_ASAP7_75t_SL            9  9.9    34    38     770    (-,-) 
  g49779/Y                                          -       A2->Y   F     AOI21x1_ASAP7_75t_SL           2  2.4    29    14     784    (-,-) 
  g49750/Y                                          -       D->Y    R     NAND4xp75_ASAP7_75t_SL         1  2.2    31    19     803    (-,-) 
  g49743/Y                                          -       A->Y    F     NOR2x2_ASAP7_75t_SL            5  5.0    30    21     824    (-,-) 
  g49735/Y                                          -       B->Y    R     NAND2xp5_ASAP7_75t_SL          1  1.8    39    23     847    (-,-) 
  g49696/Y                                          -       C->Y    F     NAND4xp75_ASAP7_75t_SL         4  4.8    58    29     876    (-,-) 
  g49695/Y                                          -       A->Y    R     INVx2_ASAP7_75t_SL             2  2.5    29    18     894    (-,-) 
  g49679/Y                                          -       A2->Y   F     AOI21x1_ASAP7_75t_SL           1  1.8    23    12     906    (-,-) 
  g49667/Y                                          -       A->Y    R     NAND2x1p5_ASAP7_75t_SL         3  3.4    31    20     926    (-,-) 
  g49645/Y                                          -       A1->Y   F     OAI21xp5_ASAP7_75t_SL          1  0.9    36    15     941    (-,-) 
  g49633/Y                                          -       A1->Y   F     OA21x2_ASAP7_75t_SL            5  5.2    27    34     975    (-,-) 
  g49630/Y                                          -       A->Y    R     INVx3_ASAP7_75t_SL             3  2.6    17    11     987    (-,-) 
  g49569/Y                                          -       B->Y    F     NAND2x1_ASAP7_75t_SL           1  1.3    22    10     996    (-,-) 
  g49527/Y                                          -       B->Y    F     AND2x4_ASAP7_75t_SL           20 16.6    36    34    1031    (-,-) 
  g49510/Y                                          -       A->Y    F     BUFx6f_ASAP7_75t_SL            8  5.6    14    24    1055    (-,-) 
  g49379/Y                                          -       A2->Y   R     AOI22xp5_ASAP7_75t_SL          2  1.6    49    22    1077    (-,-) 
  g49222/Y                                          -       B2->Y   R     OA22x2_ASAP7_75t_SL            2  2.0    18    25    1102    (-,-) 
  g49093/Y                                          -       A1->Y   F     OAI22x1_ASAP7_75t_SL           2  1.5    32    14    1116    (-,-) 
  g48976/Y                                          -       B1->Y   R     AOI22xp5_ASAP7_75t_SL          1  1.8    50    29    1144    (-,-) 
  g48908/Y                                          -       B->Y    F     NAND2x1p5_ASAP7_75t_SL         2  2.1    25    12    1156    (-,-) 
  g48819/Y                                          -       B->Y    R     NAND3x1_ASAP7_75t_SL           1  1.8    37    22    1179    (-,-) 
  g48793/Y                                          -       A->Y    F     NOR4xp75_ASAP7_75t_SL          2  1.8    23    12    1191    (-,-) 
  g48769/Y                                          -       B->Y    F     AND2x4_ASAP7_75t_SL            4  4.9    16    24    1215    (-,-) 
  g48742/Y                                          -       B->Y    R     NAND2x2_ASAP7_75t_SL           3  4.1    31    17    1232    (-,-) 
  g48696/Y                                          -       B->Y    F     NOR2x1p5_ASAP7_75t_SL          2  2.4    26    14    1246    (-,-) 
  g48668/Y                                          -       B->Y    F     AND2x4_ASAP7_75t_SL            2  2.9    14    22    1269    (-,-) 
  g63177/Y                                          -       B->Y    F     XNOR2xp5_ASAP7_75t_SL          2  1.9    34    27    1296    (-,-) 
  g48595/Y                                          -       B->Y    R     NOR2x1_ASAP7_75t_SL            1  1.8    30    17    1314    (-,-) 
  g48582/Y                                          -       C->Y    F     NAND4xp75_ASAP7_75t_SL         1  1.3    30    16    1330    (-,-) 
  g48577/Y                                          -       A2->Y   R     AOI21x1_ASAP7_75t_SL           1  2.6    60    21    1350    (-,-) 
  g48576/Y                                          -       A->Y    R     BUFx12f_ASAP7_75t_SL           7 11.8    19    25    1375    (-,-) 
  g48575/Y                                          -       A->Y    F     INVx8_ASAP7_75t_SL            20 13.5    18    12    1387    (-,-) 
  g48529/Y                                          -       B->Y    R     NAND2xp5_ASAP7_75t_SL          1  0.9    26    14    1401    (-,-) 
  PIPE_OUT_col1_stage_reg_reg[0][3]/D               -       -       R     ASYNC_DFFHx1_ASAP7_75t_SL      1    -     -     0    1401    (-,-) 
#--------------------------------------------------------------------------------------------------------------------------------------------



Path 5: VIOLATED (-515 ps) Setup Check with Pin PIPE_OUT_col2_stage_reg_reg[0][22]/CLK->D
           View: PVT_0P63V_100C.setup_view
          Group: clk
     Startpoint: (R) PIPE_OUT_col2_stage_reg_reg[0][19]/CLK
          Clock: (R) clk
       Endpoint: (F) PIPE_OUT_col2_stage_reg_reg[0][22]/D
          Clock: (R) clk

                     Capture       Launch     
        Clock Edge:+    1000            0     
       Src Latency:+       0            0     
       Net Latency:+       0 (I)        0 (I) 
           Arrival:=    1000            0     
                                              
             Setup:-      19                  
       Uncertainty:-     100                  
     Required Time:=     881                  
      Launch Clock:-       0                  
         Data Path:-    1396                  
             Slack:=    -515                  

#--------------------------------------------------------------------------------------------------------------------------------------------
#                   Timing Point                    Flags    Arc    Edge           Cell             Fanout Load Trans Delay Arrival Instance 
#                                                                                                          (fF)  (ps)  (ps)   (ps)  Location 
#--------------------------------------------------------------------------------------------------------------------------------------------
  PIPE_OUT_col2_stage_reg_reg[0][19]/CLK            -       -       R     (arrival)                   1135    -     0     0       0    (-,-) 
  PIPE_OUT_col2_stage_reg_reg[0][19]/QN             -       CLK->QN R     ASYNC_DFFHx1_ASAP7_75t_SL      2  1.3    29    51      51    (-,-) 
  g62605/Y                                          -       B1->Y   F     AOI22xp5_ASAP7_75t_SL          3  2.3    72    21      72    (-,-) 
  g61915/Y                                          -       B2->Y   F     OA22x2_ASAP7_75t_SL            2  1.5    18    39     110    (-,-) 
  g61886/Y                                          -       A->Y    R     INVx1_ASAP7_75t_SL             1  1.3    19    13     123    (-,-) 
  g61786__1617/Y                                    -       C->Y    F     AOI211x1_ASAP7_75t_SL          1  1.2    42    12     135    (-,-) 
  g61741__5477/Y                                    -       D->Y    F     AND5x2_ASAP7_75t_SL            2  2.1    18    37     172    (-,-) 
  g61737/Y                                          -       A->Y    F     BUFx3_ASAP7_75t_SL             3  3.1    14    21     194    (-,-) 
  g61696__1666/Y                                    -       B->Y    R     NAND2x1p5_ASAP7_75t_SL         2  2.0    30    12     206    (-,-) 
  g61692__9315/Y                                    -       B->Y    R     AND2x4_ASAP7_75t_SL            3  2.1    12    20     227    (-,-) 
  g61310__2398/Y                                    -       B1->Y   F     AOI22xp5_ASAP7_75t_L           1  0.8    33    13     240    (-,-) 
  g61232__1881/Y                                    -       A->Y    R     NAND3xp33_ASAP7_75t_SL         1  1.8    45    24     264    (-,-) 
  g61196__8428/Y                                    -       A->Y    F     NOR2x1p5_ASAP7_75t_SL          2  2.4    28    18     281    (-,-) 
  g61173__5115/Y                                    -       A->Y    R     NAND4xp75_ASAP7_75t_SL         1  1.8    27    14     295    (-,-) 
  g61155__3680/Y                                    -       A->Y    F     NAND4xp75_ASAP7_75t_SL         2  1.6    31    16     311    (-,-) 
  g61151/Y                                          -       A->Y    F     BUFx3_ASAP7_75t_SL             3  3.5    16    25     336    (-,-) 
  g61092__9315/Y                                    -       B->Y    R     NAND2x1p5_ASAP7_75t_SL         1  2.3    30    14     350    (-,-) 
  g61081__4733/Y                                    -       B->Y    F     NAND2x2_ASAP7_75t_SL           2  3.3    21    12     362    (-,-) 
  g61069/Y                                          -       A->Y    F     BUFx12f_ASAP7_75t_SL          12  9.9    14    21     383    (-,-) 
  g60932__2883/Y                                    -       A->Y    F     OR2x2_ASAP7_75t_SL             3  3.6    21    27     410    (-,-) 
  g60889/Y                                          -       A->Y    F     BUFx6f_ASAP7_75t_SL            3  4.6    12    20     430    (-,-) 
  g60887/Y                                          -       A->Y    R     INVx4_ASAP7_75t_SL             4  4.2    14    10     440    (-,-) 
  g60730__2398/Y                                    -       A2->Y   R     AO221x1_ASAP7_75t_SL           2  2.1    33    32     472    (-,-) 
  g60709/Y                                          -       A->Y    F     INVx2_ASAP7_75t_SL             2  1.6    15     9     481    (-,-) 
  g60642__6417/Y                                    -       A1->Y   R     OAI21xp5_ASAP7_75t_SL          2  1.6    38    20     501    (-,-) 
  g60616/Y                                          -       A->Y    F     INVx1_ASAP7_75t_SL             2  1.6    22    14     515    (-,-) 
  g60525__1666/Y                                    -       B1->Y   R     AOI22xp5_ASAP7_75t_SL          1  1.3    40    23     538    (-,-) 
  g60491__6161/Y                                    -       A->Y    F     NAND2x1_ASAP7_75t_SL           2  2.1    24    13     550    (-,-) 
  addinc_FP32_ALU_col2_fracAdder_add_113_18_g1337/Y -       A->Y    F     BUFx3_ASAP7_75t_SL             1  1.8    11    21     571    (-,-) 
  addinc_FP32_ALU_col2_fracAdder_add_113_18_g1320/Y -       B->Y    R     NOR2x1p5_ASAP7_75t_SL          2  1.8    32    12     583    (-,-) 
  addinc_FP32_ALU_col2_fracAdder_add_113_18_g1194/Y -       A->Y    F     NOR2x1_ASAP7_75t_SL            3  2.5    31    21     603    (-,-) 
  addinc_FP32_ALU_col2_fracAdder_add_113_18_g1151/Y -       B->Y    F     AND2x6_ASAP7_75t_SL            5  4.4    15    28     631    (-,-) 
  addinc_FP32_ALU_col2_fracAdder_add_113_18_g1124/Y -       B->Y    F     AND2x4_ASAP7_75t_L             3  3.7    15    25     656    (-,-) 
  addinc_FP32_ALU_col2_fracAdder_add_113_18_g1107/Y -       B->Y    R     NAND2x1_ASAP7_75t_SL           1  0.9    33    12     668    (-,-) 
  addinc_FP32_ALU_col2_fracAdder_add_113_18_g1052/Y -       A1->Y   F     OAI21xp5_ASAP7_75t_SL          1  1.8    36    21     689    (-,-) 
  addinc_FP32_ALU_col2_fracAdder_add_113_18_g1041/Y -       A->Y    F     XOR2x1_ASAP7_75t_SL            2  2.3    36    29     718    (-,-) 
  g50551/Y                                          -       D->Y    R     NOR4xp75_ASAP7_75t_SL          1  2.9    62    32     750    (-,-) 
  g49818/Y                                          -       A->Y    F     NAND3x2_ASAP7_75t_SL           2  4.0    33    14     765    (-,-) 
  g49816/Y                                          -       A->Y    R     INVx4_ASAP7_75t_SL             7  7.1    27    18     782    (-,-) 
  g49795/Y                                          -       A2->Y   F     AOI21x1_ASAP7_75t_SL           2  1.8    31    12     794    (-,-) 
  g49758/Y                                          -       B->Y    F     AND2x4_ASAP7_75t_SL            2  3.5    14    24     818    (-,-) 
  g49752/Y                                          -       A->Y    R     NAND2x1p5_ASAP7_75t_SL         1  2.9    26    16     835    (-,-) 
  g49749/Y                                          -       B->Y    F     NOR3x2_ASAP7_75t_SL            3  3.2    27    19     854    (-,-) 
  g49747/Y                                          -       A->Y    F     BUFx3_ASAP7_75t_SL             6  4.4    17    25     879    (-,-) 
  g49710/Y                                          -       A2->Y   R     AOI21x1_ASAP7_75t_SL           1  0.9    23    12     891    (-,-) 
  g49704/Y                                          -       A->Y    F     INVx1_ASAP7_75t_L              1  1.4    17    14     905    (-,-) 
  g49689/Y                                          -       B->Y    R     AOI21x1_ASAP7_75t_SL           2  1.6    28    16     921    (-,-) 
  g49682/Y                                          -       A->Y    F     INVx1_ASAP7_75t_SL             1  1.4    18    12     933    (-,-) 
  g49655/Y                                          -       B->Y    R     AOI21x1_ASAP7_75t_SL           2  1.6    29    16     949    (-,-) 
  g49639/Y                                          -       A1->Y   R     AO221x2_ASAP7_75t_SL           3  3.0    26    39     988    (-,-) 
  g49632/Y                                          -       B->Y    F     NAND2xp5_ASAP7_75t_SL          1  1.3    26    15    1003    (-,-) 
  g49566/Y                                          -       B->Y    F     AND2x6_ASAP7_75t_SL           23 14.7    26    34    1037    (-,-) 
  g49425/Y                                          -       B2->Y   F     OA22x2_ASAP7_75t_SL            2  2.8    20    32    1069    (-,-) 
  g49389/Y                                          -       A->Y    R     INVx2_ASAP7_75t_SL             1  1.3    13     9    1078    (-,-) 
  g49281/Y                                          -       B1->Y   F     AOI22x1_ASAP7_75t_SL           2  2.1    28    13    1091    (-,-) 
  fopt63181/Y                                       -       A->Y    R     INVx1_ASAP7_75t_SL             1  1.3    22    14    1106    (-,-) 
  g49155/Y                                          -       B1->Y   F     AOI22x1_ASAP7_75t_SL           2  2.3    33    15    1120    (-,-) 
  g49135/Y                                          -       A->Y    R     INVx2_ASAP7_75t_SL             1  1.3    17    11    1131    (-,-) 
  g49039/Y                                          -       A2->Y   F     AOI21x1_ASAP7_75t_SL           2  2.1    32    12    1143    (-,-) 
  g48912/Y                                          -       A2->Y   F     OA21x2_ASAP7_75t_SL            4  4.2    24    34    1177    (-,-) 
  g48843/Y                                          -       B->Y    R     NOR2x1_ASAP7_75t_SL            1  1.3    26    14    1190    (-,-) 
  g48823/Y                                          -       B->Y    R     AND2x4_ASAP7_75t_SL            2  2.6    14    21    1211    (-,-) 
  g48783/Y                                          -       A->Y    F     NAND4xp75_ASAP7_75t_SL         3  3.6    47    21    1232    (-,-) 
  g48777/Y                                          -       A->Y    R     INVx2_ASAP7_75t_SL             1  0.8    18    11    1242    (-,-) 
  g48749/Y                                          -       B->Y    F     NAND2xp5_ASAP7_75t_SL          1  1.2    26    14    1256    (-,-) 
  g48712/Y                                          -       B->Y    F     XOR2xp5_ASAP7_75t_SL           2  1.3    31    24    1279    (-,-) 
  g48671/Y                                          -       A->Y    F     AND2x2_ASAP7_75t_SL            1  0.8    11    24    1303    (-,-) 
  g48643/Y                                          -       A->Y    F     AND2x2_ASAP7_75t_SL            2  2.5    16    23    1326    (-,-) 
  g48580/Y                                          -       A3->Y   F     AO31x2_ASAP7_75t_SL            1  2.6    16    23    1349    (-,-) 
  g48578/Y                                          -       A->Y    R     INVx4_ASAP7_75t_SL            23 14.6    40    22    1371    (-,-) 
  g48564/Y                                          -       A1->Y   F     AOI221xp5_ASAP7_75t_SL         1  0.9    41    25    1396    (-,-) 
  PIPE_OUT_col2_stage_reg_reg[0][22]/D              -       -       F     ASYNC_DFFHx1_ASAP7_75t_SL      1    -     -     0    1396    (-,-) 
#--------------------------------------------------------------------------------------------------------------------------------------------



Path 6: VIOLATED (-515 ps) Setup Check with Pin PIPE_OUT_col2_stage_reg_reg[0][21]/CLK->D
           View: PVT_0P63V_100C.setup_view
          Group: clk
     Startpoint: (R) PIPE_OUT_col2_stage_reg_reg[0][19]/CLK
          Clock: (R) clk
       Endpoint: (F) PIPE_OUT_col2_stage_reg_reg[0][21]/D
          Clock: (R) clk

                     Capture       Launch     
        Clock Edge:+    1000            0     
       Src Latency:+       0            0     
       Net Latency:+       0 (I)        0 (I) 
           Arrival:=    1000            0     
                                              
             Setup:-      19                  
       Uncertainty:-     100                  
     Required Time:=     881                  
      Launch Clock:-       0                  
         Data Path:-    1396                  
             Slack:=    -515                  

#--------------------------------------------------------------------------------------------------------------------------------------------
#                   Timing Point                    Flags    Arc    Edge           Cell             Fanout Load Trans Delay Arrival Instance 
#                                                                                                          (fF)  (ps)  (ps)   (ps)  Location 
#--------------------------------------------------------------------------------------------------------------------------------------------
  PIPE_OUT_col2_stage_reg_reg[0][19]/CLK            -       -       R     (arrival)                   1135    -     0     0       0    (-,-) 
  PIPE_OUT_col2_stage_reg_reg[0][19]/QN             -       CLK->QN R     ASYNC_DFFHx1_ASAP7_75t_SL      2  1.3    29    51      51    (-,-) 
  g62605/Y                                          -       B1->Y   F     AOI22xp5_ASAP7_75t_SL          3  2.3    72    21      72    (-,-) 
  g61915/Y                                          -       B2->Y   F     OA22x2_ASAP7_75t_SL            2  1.5    18    39     110    (-,-) 
  g61886/Y                                          -       A->Y    R     INVx1_ASAP7_75t_SL             1  1.3    19    13     123    (-,-) 
  g61786__1617/Y                                    -       C->Y    F     AOI211x1_ASAP7_75t_SL          1  1.2    42    12     135    (-,-) 
  g61741__5477/Y                                    -       D->Y    F     AND5x2_ASAP7_75t_SL            2  2.1    18    37     172    (-,-) 
  g61737/Y                                          -       A->Y    F     BUFx3_ASAP7_75t_SL             3  3.1    14    21     194    (-,-) 
  g61696__1666/Y                                    -       B->Y    R     NAND2x1p5_ASAP7_75t_SL         2  2.0    30    12     206    (-,-) 
  g61692__9315/Y                                    -       B->Y    R     AND2x4_ASAP7_75t_SL            3  2.1    12    20     227    (-,-) 
  g61310__2398/Y                                    -       B1->Y   F     AOI22xp5_ASAP7_75t_L           1  0.8    33    13     240    (-,-) 
  g61232__1881/Y                                    -       A->Y    R     NAND3xp33_ASAP7_75t_SL         1  1.8    45    24     264    (-,-) 
  g61196__8428/Y                                    -       A->Y    F     NOR2x1p5_ASAP7_75t_SL          2  2.4    28    18     281    (-,-) 
  g61173__5115/Y                                    -       A->Y    R     NAND4xp75_ASAP7_75t_SL         1  1.8    27    14     295    (-,-) 
  g61155__3680/Y                                    -       A->Y    F     NAND4xp75_ASAP7_75t_SL         2  1.6    31    16     311    (-,-) 
  g61151/Y                                          -       A->Y    F     BUFx3_ASAP7_75t_SL             3  3.5    16    25     336    (-,-) 
  g61092__9315/Y                                    -       B->Y    R     NAND2x1p5_ASAP7_75t_SL         1  2.3    30    14     350    (-,-) 
  g61081__4733/Y                                    -       B->Y    F     NAND2x2_ASAP7_75t_SL           2  3.3    21    12     362    (-,-) 
  g61069/Y                                          -       A->Y    F     BUFx12f_ASAP7_75t_SL          12  9.9    14    21     383    (-,-) 
  g60932__2883/Y                                    -       A->Y    F     OR2x2_ASAP7_75t_SL             3  3.6    21    27     410    (-,-) 
  g60889/Y                                          -       A->Y    F     BUFx6f_ASAP7_75t_SL            3  4.6    12    20     430    (-,-) 
  g60887/Y                                          -       A->Y    R     INVx4_ASAP7_75t_SL             4  4.2    14    10     440    (-,-) 
  g60730__2398/Y                                    -       A2->Y   R     AO221x1_ASAP7_75t_SL           2  2.1    33    32     472    (-,-) 
  g60709/Y                                          -       A->Y    F     INVx2_ASAP7_75t_SL             2  1.6    15     9     481    (-,-) 
  g60642__6417/Y                                    -       A1->Y   R     OAI21xp5_ASAP7_75t_SL          2  1.6    38    20     501    (-,-) 
  g60616/Y                                          -       A->Y    F     INVx1_ASAP7_75t_SL             2  1.6    22    14     515    (-,-) 
  g60525__1666/Y                                    -       B1->Y   R     AOI22xp5_ASAP7_75t_SL          1  1.3    40    23     538    (-,-) 
  g60491__6161/Y                                    -       A->Y    F     NAND2x1_ASAP7_75t_SL           2  2.1    24    13     550    (-,-) 
  addinc_FP32_ALU_col2_fracAdder_add_113_18_g1337/Y -       A->Y    F     BUFx3_ASAP7_75t_SL             1  1.8    11    21     571    (-,-) 
  addinc_FP32_ALU_col2_fracAdder_add_113_18_g1320/Y -       B->Y    R     NOR2x1p5_ASAP7_75t_SL          2  1.8    32    12     583    (-,-) 
  addinc_FP32_ALU_col2_fracAdder_add_113_18_g1194/Y -       A->Y    F     NOR2x1_ASAP7_75t_SL            3  2.5    31    21     603    (-,-) 
  addinc_FP32_ALU_col2_fracAdder_add_113_18_g1151/Y -       B->Y    F     AND2x6_ASAP7_75t_SL            5  4.4    15    28     631    (-,-) 
  addinc_FP32_ALU_col2_fracAdder_add_113_18_g1124/Y -       B->Y    F     AND2x4_ASAP7_75t_L             3  3.7    15    25     656    (-,-) 
  addinc_FP32_ALU_col2_fracAdder_add_113_18_g1107/Y -       B->Y    R     NAND2x1_ASAP7_75t_SL           1  0.9    33    12     668    (-,-) 
  addinc_FP32_ALU_col2_fracAdder_add_113_18_g1052/Y -       A1->Y   F     OAI21xp5_ASAP7_75t_SL          1  1.8    36    21     689    (-,-) 
  addinc_FP32_ALU_col2_fracAdder_add_113_18_g1041/Y -       A->Y    F     XOR2x1_ASAP7_75t_SL            2  2.3    36    29     718    (-,-) 
  g50551/Y                                          -       D->Y    R     NOR4xp75_ASAP7_75t_SL          1  2.9    62    32     750    (-,-) 
  g49818/Y                                          -       A->Y    F     NAND3x2_ASAP7_75t_SL           2  4.0    33    14     765    (-,-) 
  g49816/Y                                          -       A->Y    R     INVx4_ASAP7_75t_SL             7  7.1    27    18     782    (-,-) 
  g49795/Y                                          -       A2->Y   F     AOI21x1_ASAP7_75t_SL           2  1.8    31    12     794    (-,-) 
  g49758/Y                                          -       B->Y    F     AND2x4_ASAP7_75t_SL            2  3.5    14    24     818    (-,-) 
  g49752/Y                                          -       A->Y    R     NAND2x1p5_ASAP7_75t_SL         1  2.9    26    16     835    (-,-) 
  g49749/Y                                          -       B->Y    F     NOR3x2_ASAP7_75t_SL            3  3.2    27    19     854    (-,-) 
  g49747/Y                                          -       A->Y    F     BUFx3_ASAP7_75t_SL             6  4.4    17    25     879    (-,-) 
  g49710/Y                                          -       A2->Y   R     AOI21x1_ASAP7_75t_SL           1  0.9    23    12     891    (-,-) 
  g49704/Y                                          -       A->Y    F     INVx1_ASAP7_75t_L              1  1.4    17    14     905    (-,-) 
  g49689/Y                                          -       B->Y    R     AOI21x1_ASAP7_75t_SL           2  1.6    28    16     921    (-,-) 
  g49682/Y                                          -       A->Y    F     INVx1_ASAP7_75t_SL             1  1.4    18    12     933    (-,-) 
  g49655/Y                                          -       B->Y    R     AOI21x1_ASAP7_75t_SL           2  1.6    29    16     949    (-,-) 
  g49639/Y                                          -       A1->Y   R     AO221x2_ASAP7_75t_SL           3  3.0    26    39     988    (-,-) 
  g49632/Y                                          -       B->Y    F     NAND2xp5_ASAP7_75t_SL          1  1.3    26    15    1003    (-,-) 
  g49566/Y                                          -       B->Y    F     AND2x6_ASAP7_75t_SL           23 14.7    26    34    1037    (-,-) 
  g49425/Y                                          -       B2->Y   F     OA22x2_ASAP7_75t_SL            2  2.8    20    32    1069    (-,-) 
  g49389/Y                                          -       A->Y    R     INVx2_ASAP7_75t_SL             1  1.3    13     9    1078    (-,-) 
  g49281/Y                                          -       B1->Y   F     AOI22x1_ASAP7_75t_SL           2  2.1    28    13    1091    (-,-) 
  fopt63181/Y                                       -       A->Y    R     INVx1_ASAP7_75t_SL             1  1.3    22    14    1106    (-,-) 
  g49155/Y                                          -       B1->Y   F     AOI22x1_ASAP7_75t_SL           2  2.3    33    15    1120    (-,-) 
  g49135/Y                                          -       A->Y    R     INVx2_ASAP7_75t_SL             1  1.3    17    11    1131    (-,-) 
  g49039/Y                                          -       A2->Y   F     AOI21x1_ASAP7_75t_SL           2  2.1    32    12    1143    (-,-) 
  g48912/Y                                          -       A2->Y   F     OA21x2_ASAP7_75t_SL            4  4.2    24    34    1177    (-,-) 
  g48843/Y                                          -       B->Y    R     NOR2x1_ASAP7_75t_SL            1  1.3    26    14    1190    (-,-) 
  g48823/Y                                          -       B->Y    R     AND2x4_ASAP7_75t_SL            2  2.6    14    21    1211    (-,-) 
  g48783/Y                                          -       A->Y    F     NAND4xp75_ASAP7_75t_SL         3  3.6    47    21    1232    (-,-) 
  g48777/Y                                          -       A->Y    R     INVx2_ASAP7_75t_SL             1  0.8    18    11    1242    (-,-) 
  g48749/Y                                          -       B->Y    F     NAND2xp5_ASAP7_75t_SL          1  1.2    26    14    1256    (-,-) 
  g48712/Y                                          -       B->Y    F     XOR2xp5_ASAP7_75t_SL           2  1.3    31    24    1279    (-,-) 
  g48671/Y                                          -       A->Y    F     AND2x2_ASAP7_75t_SL            1  0.8    11    24    1303    (-,-) 
  g48643/Y                                          -       A->Y    F     AND2x2_ASAP7_75t_SL            2  2.5    16    23    1326    (-,-) 
  g48580/Y                                          -       A3->Y   F     AO31x2_ASAP7_75t_SL            1  2.6    16    23    1349    (-,-) 
  g48578/Y                                          -       A->Y    R     INVx4_ASAP7_75t_SL            23 14.6    40    22    1371    (-,-) 
  g48563/Y                                          -       A1->Y   F     AOI221xp5_ASAP7_75t_SL         1  0.9    41    25    1396    (-,-) 
  PIPE_OUT_col2_stage_reg_reg[0][21]/D              -       -       F     ASYNC_DFFHx1_ASAP7_75t_SL      1    -     -     0    1396    (-,-) 
#--------------------------------------------------------------------------------------------------------------------------------------------



Path 7: VIOLATED (-515 ps) Setup Check with Pin PIPE_OUT_col2_stage_reg_reg[0][20]/CLK->D
           View: PVT_0P63V_100C.setup_view
          Group: clk
     Startpoint: (R) PIPE_OUT_col2_stage_reg_reg[0][19]/CLK
          Clock: (R) clk
       Endpoint: (F) PIPE_OUT_col2_stage_reg_reg[0][20]/D
          Clock: (R) clk

                     Capture       Launch     
        Clock Edge:+    1000            0     
       Src Latency:+       0            0     
       Net Latency:+       0 (I)        0 (I) 
           Arrival:=    1000            0     
                                              
             Setup:-      19                  
       Uncertainty:-     100                  
     Required Time:=     881                  
      Launch Clock:-       0                  
         Data Path:-    1396                  
             Slack:=    -515                  

#--------------------------------------------------------------------------------------------------------------------------------------------
#                   Timing Point                    Flags    Arc    Edge           Cell             Fanout Load Trans Delay Arrival Instance 
#                                                                                                          (fF)  (ps)  (ps)   (ps)  Location 
#--------------------------------------------------------------------------------------------------------------------------------------------
  PIPE_OUT_col2_stage_reg_reg[0][19]/CLK            -       -       R     (arrival)                   1135    -     0     0       0    (-,-) 
  PIPE_OUT_col2_stage_reg_reg[0][19]/QN             -       CLK->QN R     ASYNC_DFFHx1_ASAP7_75t_SL      2  1.3    29    51      51    (-,-) 
  g62605/Y                                          -       B1->Y   F     AOI22xp5_ASAP7_75t_SL          3  2.3    72    21      72    (-,-) 
  g61915/Y                                          -       B2->Y   F     OA22x2_ASAP7_75t_SL            2  1.5    18    39     110    (-,-) 
  g61886/Y                                          -       A->Y    R     INVx1_ASAP7_75t_SL             1  1.3    19    13     123    (-,-) 
  g61786__1617/Y                                    -       C->Y    F     AOI211x1_ASAP7_75t_SL          1  1.2    42    12     135    (-,-) 
  g61741__5477/Y                                    -       D->Y    F     AND5x2_ASAP7_75t_SL            2  2.1    18    37     172    (-,-) 
  g61737/Y                                          -       A->Y    F     BUFx3_ASAP7_75t_SL             3  3.1    14    21     194    (-,-) 
  g61696__1666/Y                                    -       B->Y    R     NAND2x1p5_ASAP7_75t_SL         2  2.0    30    12     206    (-,-) 
  g61692__9315/Y                                    -       B->Y    R     AND2x4_ASAP7_75t_SL            3  2.1    12    20     227    (-,-) 
  g61310__2398/Y                                    -       B1->Y   F     AOI22xp5_ASAP7_75t_L           1  0.8    33    13     240    (-,-) 
  g61232__1881/Y                                    -       A->Y    R     NAND3xp33_ASAP7_75t_SL         1  1.8    45    24     264    (-,-) 
  g61196__8428/Y                                    -       A->Y    F     NOR2x1p5_ASAP7_75t_SL          2  2.4    28    18     281    (-,-) 
  g61173__5115/Y                                    -       A->Y    R     NAND4xp75_ASAP7_75t_SL         1  1.8    27    14     295    (-,-) 
  g61155__3680/Y                                    -       A->Y    F     NAND4xp75_ASAP7_75t_SL         2  1.6    31    16     311    (-,-) 
  g61151/Y                                          -       A->Y    F     BUFx3_ASAP7_75t_SL             3  3.5    16    25     336    (-,-) 
  g61092__9315/Y                                    -       B->Y    R     NAND2x1p5_ASAP7_75t_SL         1  2.3    30    14     350    (-,-) 
  g61081__4733/Y                                    -       B->Y    F     NAND2x2_ASAP7_75t_SL           2  3.3    21    12     362    (-,-) 
  g61069/Y                                          -       A->Y    F     BUFx12f_ASAP7_75t_SL          12  9.9    14    21     383    (-,-) 
  g60932__2883/Y                                    -       A->Y    F     OR2x2_ASAP7_75t_SL             3  3.6    21    27     410    (-,-) 
  g60889/Y                                          -       A->Y    F     BUFx6f_ASAP7_75t_SL            3  4.6    12    20     430    (-,-) 
  g60887/Y                                          -       A->Y    R     INVx4_ASAP7_75t_SL             4  4.2    14    10     440    (-,-) 
  g60730__2398/Y                                    -       A2->Y   R     AO221x1_ASAP7_75t_SL           2  2.1    33    32     472    (-,-) 
  g60709/Y                                          -       A->Y    F     INVx2_ASAP7_75t_SL             2  1.6    15     9     481    (-,-) 
  g60642__6417/Y                                    -       A1->Y   R     OAI21xp5_ASAP7_75t_SL          2  1.6    38    20     501    (-,-) 
  g60616/Y                                          -       A->Y    F     INVx1_ASAP7_75t_SL             2  1.6    22    14     515    (-,-) 
  g60525__1666/Y                                    -       B1->Y   R     AOI22xp5_ASAP7_75t_SL          1  1.3    40    23     538    (-,-) 
  g60491__6161/Y                                    -       A->Y    F     NAND2x1_ASAP7_75t_SL           2  2.1    24    13     550    (-,-) 
  addinc_FP32_ALU_col2_fracAdder_add_113_18_g1337/Y -       A->Y    F     BUFx3_ASAP7_75t_SL             1  1.8    11    21     571    (-,-) 
  addinc_FP32_ALU_col2_fracAdder_add_113_18_g1320/Y -       B->Y    R     NOR2x1p5_ASAP7_75t_SL          2  1.8    32    12     583    (-,-) 
  addinc_FP32_ALU_col2_fracAdder_add_113_18_g1194/Y -       A->Y    F     NOR2x1_ASAP7_75t_SL            3  2.5    31    21     603    (-,-) 
  addinc_FP32_ALU_col2_fracAdder_add_113_18_g1151/Y -       B->Y    F     AND2x6_ASAP7_75t_SL            5  4.4    15    28     631    (-,-) 
  addinc_FP32_ALU_col2_fracAdder_add_113_18_g1124/Y -       B->Y    F     AND2x4_ASAP7_75t_L             3  3.7    15    25     656    (-,-) 
  addinc_FP32_ALU_col2_fracAdder_add_113_18_g1107/Y -       B->Y    R     NAND2x1_ASAP7_75t_SL           1  0.9    33    12     668    (-,-) 
  addinc_FP32_ALU_col2_fracAdder_add_113_18_g1052/Y -       A1->Y   F     OAI21xp5_ASAP7_75t_SL          1  1.8    36    21     689    (-,-) 
  addinc_FP32_ALU_col2_fracAdder_add_113_18_g1041/Y -       A->Y    F     XOR2x1_ASAP7_75t_SL            2  2.3    36    29     718    (-,-) 
  g50551/Y                                          -       D->Y    R     NOR4xp75_ASAP7_75t_SL          1  2.9    62    32     750    (-,-) 
  g49818/Y                                          -       A->Y    F     NAND3x2_ASAP7_75t_SL           2  4.0    33    14     765    (-,-) 
  g49816/Y                                          -       A->Y    R     INVx4_ASAP7_75t_SL             7  7.1    27    18     782    (-,-) 
  g49795/Y                                          -       A2->Y   F     AOI21x1_ASAP7_75t_SL           2  1.8    31    12     794    (-,-) 
  g49758/Y                                          -       B->Y    F     AND2x4_ASAP7_75t_SL            2  3.5    14    24     818    (-,-) 
  g49752/Y                                          -       A->Y    R     NAND2x1p5_ASAP7_75t_SL         1  2.9    26    16     835    (-,-) 
  g49749/Y                                          -       B->Y    F     NOR3x2_ASAP7_75t_SL            3  3.2    27    19     854    (-,-) 
  g49747/Y                                          -       A->Y    F     BUFx3_ASAP7_75t_SL             6  4.4    17    25     879    (-,-) 
  g49710/Y                                          -       A2->Y   R     AOI21x1_ASAP7_75t_SL           1  0.9    23    12     891    (-,-) 
  g49704/Y                                          -       A->Y    F     INVx1_ASAP7_75t_L              1  1.4    17    14     905    (-,-) 
  g49689/Y                                          -       B->Y    R     AOI21x1_ASAP7_75t_SL           2  1.6    28    16     921    (-,-) 
  g49682/Y                                          -       A->Y    F     INVx1_ASAP7_75t_SL             1  1.4    18    12     933    (-,-) 
  g49655/Y                                          -       B->Y    R     AOI21x1_ASAP7_75t_SL           2  1.6    29    16     949    (-,-) 
  g49639/Y                                          -       A1->Y   R     AO221x2_ASAP7_75t_SL           3  3.0    26    39     988    (-,-) 
  g49632/Y                                          -       B->Y    F     NAND2xp5_ASAP7_75t_SL          1  1.3    26    15    1003    (-,-) 
  g49566/Y                                          -       B->Y    F     AND2x6_ASAP7_75t_SL           23 14.7    26    34    1037    (-,-) 
  g49425/Y                                          -       B2->Y   F     OA22x2_ASAP7_75t_SL            2  2.8    20    32    1069    (-,-) 
  g49389/Y                                          -       A->Y    R     INVx2_ASAP7_75t_SL             1  1.3    13     9    1078    (-,-) 
  g49281/Y                                          -       B1->Y   F     AOI22x1_ASAP7_75t_SL           2  2.1    28    13    1091    (-,-) 
  fopt63181/Y                                       -       A->Y    R     INVx1_ASAP7_75t_SL             1  1.3    22    14    1106    (-,-) 
  g49155/Y                                          -       B1->Y   F     AOI22x1_ASAP7_75t_SL           2  2.3    33    15    1120    (-,-) 
  g49135/Y                                          -       A->Y    R     INVx2_ASAP7_75t_SL             1  1.3    17    11    1131    (-,-) 
  g49039/Y                                          -       A2->Y   F     AOI21x1_ASAP7_75t_SL           2  2.1    32    12    1143    (-,-) 
  g48912/Y                                          -       A2->Y   F     OA21x2_ASAP7_75t_SL            4  4.2    24    34    1177    (-,-) 
  g48843/Y                                          -       B->Y    R     NOR2x1_ASAP7_75t_SL            1  1.3    26    14    1190    (-,-) 
  g48823/Y                                          -       B->Y    R     AND2x4_ASAP7_75t_SL            2  2.6    14    21    1211    (-,-) 
  g48783/Y                                          -       A->Y    F     NAND4xp75_ASAP7_75t_SL         3  3.6    47    21    1232    (-,-) 
  g48777/Y                                          -       A->Y    R     INVx2_ASAP7_75t_SL             1  0.8    18    11    1242    (-,-) 
  g48749/Y                                          -       B->Y    F     NAND2xp5_ASAP7_75t_SL          1  1.2    26    14    1256    (-,-) 
  g48712/Y                                          -       B->Y    F     XOR2xp5_ASAP7_75t_SL           2  1.3    31    24    1279    (-,-) 
  g48671/Y                                          -       A->Y    F     AND2x2_ASAP7_75t_SL            1  0.8    11    24    1303    (-,-) 
  g48643/Y                                          -       A->Y    F     AND2x2_ASAP7_75t_SL            2  2.5    16    23    1326    (-,-) 
  g48580/Y                                          -       A3->Y   F     AO31x2_ASAP7_75t_SL            1  2.6    16    23    1349    (-,-) 
  g48578/Y                                          -       A->Y    R     INVx4_ASAP7_75t_SL            23 14.6    40    22    1371    (-,-) 
  g48556/Y                                          -       A1->Y   F     AOI221xp5_ASAP7_75t_SL         1  0.9    41    25    1396    (-,-) 
  PIPE_OUT_col2_stage_reg_reg[0][20]/D              -       -       F     ASYNC_DFFHx1_ASAP7_75t_SL      1    -     -     0    1396    (-,-) 
#--------------------------------------------------------------------------------------------------------------------------------------------



Path 8: VIOLATED (-515 ps) Setup Check with Pin PIPE_OUT_col2_stage_reg_reg[0][19]/CLK->D
           View: PVT_0P63V_100C.setup_view
          Group: clk
     Startpoint: (R) PIPE_OUT_col2_stage_reg_reg[0][19]/CLK
          Clock: (R) clk
       Endpoint: (F) PIPE_OUT_col2_stage_reg_reg[0][19]/D
          Clock: (R) clk

                     Capture       Launch     
        Clock Edge:+    1000            0     
       Src Latency:+       0            0     
       Net Latency:+       0 (I)        0 (I) 
           Arrival:=    1000            0     
                                              
             Setup:-      19                  
       Uncertainty:-     100                  
     Required Time:=     881                  
      Launch Clock:-       0                  
         Data Path:-    1396                  
             Slack:=    -515                  

#--------------------------------------------------------------------------------------------------------------------------------------------
#                   Timing Point                    Flags    Arc    Edge           Cell             Fanout Load Trans Delay Arrival Instance 
#                                                                                                          (fF)  (ps)  (ps)   (ps)  Location 
#--------------------------------------------------------------------------------------------------------------------------------------------
  PIPE_OUT_col2_stage_reg_reg[0][19]/CLK            -       -       R     (arrival)                   1135    -     0     0       0    (-,-) 
  PIPE_OUT_col2_stage_reg_reg[0][19]/QN             -       CLK->QN R     ASYNC_DFFHx1_ASAP7_75t_SL      2  1.3    29    51      51    (-,-) 
  g62605/Y                                          -       B1->Y   F     AOI22xp5_ASAP7_75t_SL          3  2.3    72    21      72    (-,-) 
  g61915/Y                                          -       B2->Y   F     OA22x2_ASAP7_75t_SL            2  1.5    18    39     110    (-,-) 
  g61886/Y                                          -       A->Y    R     INVx1_ASAP7_75t_SL             1  1.3    19    13     123    (-,-) 
  g61786__1617/Y                                    -       C->Y    F     AOI211x1_ASAP7_75t_SL          1  1.2    42    12     135    (-,-) 
  g61741__5477/Y                                    -       D->Y    F     AND5x2_ASAP7_75t_SL            2  2.1    18    37     172    (-,-) 
  g61737/Y                                          -       A->Y    F     BUFx3_ASAP7_75t_SL             3  3.1    14    21     194    (-,-) 
  g61696__1666/Y                                    -       B->Y    R     NAND2x1p5_ASAP7_75t_SL         2  2.0    30    12     206    (-,-) 
  g61692__9315/Y                                    -       B->Y    R     AND2x4_ASAP7_75t_SL            3  2.1    12    20     227    (-,-) 
  g61310__2398/Y                                    -       B1->Y   F     AOI22xp5_ASAP7_75t_L           1  0.8    33    13     240    (-,-) 
  g61232__1881/Y                                    -       A->Y    R     NAND3xp33_ASAP7_75t_SL         1  1.8    45    24     264    (-,-) 
  g61196__8428/Y                                    -       A->Y    F     NOR2x1p5_ASAP7_75t_SL          2  2.4    28    18     281    (-,-) 
  g61173__5115/Y                                    -       A->Y    R     NAND4xp75_ASAP7_75t_SL         1  1.8    27    14     295    (-,-) 
  g61155__3680/Y                                    -       A->Y    F     NAND4xp75_ASAP7_75t_SL         2  1.6    31    16     311    (-,-) 
  g61151/Y                                          -       A->Y    F     BUFx3_ASAP7_75t_SL             3  3.5    16    25     336    (-,-) 
  g61092__9315/Y                                    -       B->Y    R     NAND2x1p5_ASAP7_75t_SL         1  2.3    30    14     350    (-,-) 
  g61081__4733/Y                                    -       B->Y    F     NAND2x2_ASAP7_75t_SL           2  3.3    21    12     362    (-,-) 
  g61069/Y                                          -       A->Y    F     BUFx12f_ASAP7_75t_SL          12  9.9    14    21     383    (-,-) 
  g60932__2883/Y                                    -       A->Y    F     OR2x2_ASAP7_75t_SL             3  3.6    21    27     410    (-,-) 
  g60889/Y                                          -       A->Y    F     BUFx6f_ASAP7_75t_SL            3  4.6    12    20     430    (-,-) 
  g60887/Y                                          -       A->Y    R     INVx4_ASAP7_75t_SL             4  4.2    14    10     440    (-,-) 
  g60730__2398/Y                                    -       A2->Y   R     AO221x1_ASAP7_75t_SL           2  2.1    33    32     472    (-,-) 
  g60709/Y                                          -       A->Y    F     INVx2_ASAP7_75t_SL             2  1.6    15     9     481    (-,-) 
  g60642__6417/Y                                    -       A1->Y   R     OAI21xp5_ASAP7_75t_SL          2  1.6    38    20     501    (-,-) 
  g60616/Y                                          -       A->Y    F     INVx1_ASAP7_75t_SL             2  1.6    22    14     515    (-,-) 
  g60525__1666/Y                                    -       B1->Y   R     AOI22xp5_ASAP7_75t_SL          1  1.3    40    23     538    (-,-) 
  g60491__6161/Y                                    -       A->Y    F     NAND2x1_ASAP7_75t_SL           2  2.1    24    13     550    (-,-) 
  addinc_FP32_ALU_col2_fracAdder_add_113_18_g1337/Y -       A->Y    F     BUFx3_ASAP7_75t_SL             1  1.8    11    21     571    (-,-) 
  addinc_FP32_ALU_col2_fracAdder_add_113_18_g1320/Y -       B->Y    R     NOR2x1p5_ASAP7_75t_SL          2  1.8    32    12     583    (-,-) 
  addinc_FP32_ALU_col2_fracAdder_add_113_18_g1194/Y -       A->Y    F     NOR2x1_ASAP7_75t_SL            3  2.5    31    21     603    (-,-) 
  addinc_FP32_ALU_col2_fracAdder_add_113_18_g1151/Y -       B->Y    F     AND2x6_ASAP7_75t_SL            5  4.4    15    28     631    (-,-) 
  addinc_FP32_ALU_col2_fracAdder_add_113_18_g1124/Y -       B->Y    F     AND2x4_ASAP7_75t_L             3  3.7    15    25     656    (-,-) 
  addinc_FP32_ALU_col2_fracAdder_add_113_18_g1107/Y -       B->Y    R     NAND2x1_ASAP7_75t_SL           1  0.9    33    12     668    (-,-) 
  addinc_FP32_ALU_col2_fracAdder_add_113_18_g1052/Y -       A1->Y   F     OAI21xp5_ASAP7_75t_SL          1  1.8    36    21     689    (-,-) 
  addinc_FP32_ALU_col2_fracAdder_add_113_18_g1041/Y -       A->Y    F     XOR2x1_ASAP7_75t_SL            2  2.3    36    29     718    (-,-) 
  g50551/Y                                          -       D->Y    R     NOR4xp75_ASAP7_75t_SL          1  2.9    62    32     750    (-,-) 
  g49818/Y                                          -       A->Y    F     NAND3x2_ASAP7_75t_SL           2  4.0    33    14     765    (-,-) 
  g49816/Y                                          -       A->Y    R     INVx4_ASAP7_75t_SL             7  7.1    27    18     782    (-,-) 
  g49795/Y                                          -       A2->Y   F     AOI21x1_ASAP7_75t_SL           2  1.8    31    12     794    (-,-) 
  g49758/Y                                          -       B->Y    F     AND2x4_ASAP7_75t_SL            2  3.5    14    24     818    (-,-) 
  g49752/Y                                          -       A->Y    R     NAND2x1p5_ASAP7_75t_SL         1  2.9    26    16     835    (-,-) 
  g49749/Y                                          -       B->Y    F     NOR3x2_ASAP7_75t_SL            3  3.2    27    19     854    (-,-) 
  g49747/Y                                          -       A->Y    F     BUFx3_ASAP7_75t_SL             6  4.4    17    25     879    (-,-) 
  g49710/Y                                          -       A2->Y   R     AOI21x1_ASAP7_75t_SL           1  0.9    23    12     891    (-,-) 
  g49704/Y                                          -       A->Y    F     INVx1_ASAP7_75t_L              1  1.4    17    14     905    (-,-) 
  g49689/Y                                          -       B->Y    R     AOI21x1_ASAP7_75t_SL           2  1.6    28    16     921    (-,-) 
  g49682/Y                                          -       A->Y    F     INVx1_ASAP7_75t_SL             1  1.4    18    12     933    (-,-) 
  g49655/Y                                          -       B->Y    R     AOI21x1_ASAP7_75t_SL           2  1.6    29    16     949    (-,-) 
  g49639/Y                                          -       A1->Y   R     AO221x2_ASAP7_75t_SL           3  3.0    26    39     988    (-,-) 
  g49632/Y                                          -       B->Y    F     NAND2xp5_ASAP7_75t_SL          1  1.3    26    15    1003    (-,-) 
  g49566/Y                                          -       B->Y    F     AND2x6_ASAP7_75t_SL           23 14.7    26    34    1037    (-,-) 
  g49425/Y                                          -       B2->Y   F     OA22x2_ASAP7_75t_SL            2  2.8    20    32    1069    (-,-) 
  g49389/Y                                          -       A->Y    R     INVx2_ASAP7_75t_SL             1  1.3    13     9    1078    (-,-) 
  g49281/Y                                          -       B1->Y   F     AOI22x1_ASAP7_75t_SL           2  2.1    28    13    1091    (-,-) 
  fopt63181/Y                                       -       A->Y    R     INVx1_ASAP7_75t_SL             1  1.3    22    14    1106    (-,-) 
  g49155/Y                                          -       B1->Y   F     AOI22x1_ASAP7_75t_SL           2  2.3    33    15    1120    (-,-) 
  g49135/Y                                          -       A->Y    R     INVx2_ASAP7_75t_SL             1  1.3    17    11    1131    (-,-) 
  g49039/Y                                          -       A2->Y   F     AOI21x1_ASAP7_75t_SL           2  2.1    32    12    1143    (-,-) 
  g48912/Y                                          -       A2->Y   F     OA21x2_ASAP7_75t_SL            4  4.2    24    34    1177    (-,-) 
  g48843/Y                                          -       B->Y    R     NOR2x1_ASAP7_75t_SL            1  1.3    26    14    1190    (-,-) 
  g48823/Y                                          -       B->Y    R     AND2x4_ASAP7_75t_SL            2  2.6    14    21    1211    (-,-) 
  g48783/Y                                          -       A->Y    F     NAND4xp75_ASAP7_75t_SL         3  3.6    47    21    1232    (-,-) 
  g48777/Y                                          -       A->Y    R     INVx2_ASAP7_75t_SL             1  0.8    18    11    1242    (-,-) 
  g48749/Y                                          -       B->Y    F     NAND2xp5_ASAP7_75t_SL          1  1.2    26    14    1256    (-,-) 
  g48712/Y                                          -       B->Y    F     XOR2xp5_ASAP7_75t_SL           2  1.3    31    24    1279    (-,-) 
  g48671/Y                                          -       A->Y    F     AND2x2_ASAP7_75t_SL            1  0.8    11    24    1303    (-,-) 
  g48643/Y                                          -       A->Y    F     AND2x2_ASAP7_75t_SL            2  2.5    16    23    1326    (-,-) 
  g48580/Y                                          -       A3->Y   F     AO31x2_ASAP7_75t_SL            1  2.6    16    23    1349    (-,-) 
  g48578/Y                                          -       A->Y    R     INVx4_ASAP7_75t_SL            23 14.6    40    22    1371    (-,-) 
  g48557/Y                                          -       A1->Y   F     AOI221xp5_ASAP7_75t_SL         1  0.9    41    25    1396    (-,-) 
  PIPE_OUT_col2_stage_reg_reg[0][19]/D              -       -       F     ASYNC_DFFHx1_ASAP7_75t_SL      1    -     -     0    1396    (-,-) 
#--------------------------------------------------------------------------------------------------------------------------------------------



Path 9: VIOLATED (-515 ps) Setup Check with Pin PIPE_OUT_col2_stage_reg_reg[0][18]/CLK->D
           View: PVT_0P63V_100C.setup_view
          Group: clk
     Startpoint: (R) PIPE_OUT_col2_stage_reg_reg[0][19]/CLK
          Clock: (R) clk
       Endpoint: (F) PIPE_OUT_col2_stage_reg_reg[0][18]/D
          Clock: (R) clk

                     Capture       Launch     
        Clock Edge:+    1000            0     
       Src Latency:+       0            0     
       Net Latency:+       0 (I)        0 (I) 
           Arrival:=    1000            0     
                                              
             Setup:-      19                  
       Uncertainty:-     100                  
     Required Time:=     881                  
      Launch Clock:-       0                  
         Data Path:-    1396                  
             Slack:=    -515                  

#--------------------------------------------------------------------------------------------------------------------------------------------
#                   Timing Point                    Flags    Arc    Edge           Cell             Fanout Load Trans Delay Arrival Instance 
#                                                                                                          (fF)  (ps)  (ps)   (ps)  Location 
#--------------------------------------------------------------------------------------------------------------------------------------------
  PIPE_OUT_col2_stage_reg_reg[0][19]/CLK            -       -       R     (arrival)                   1135    -     0     0       0    (-,-) 
  PIPE_OUT_col2_stage_reg_reg[0][19]/QN             -       CLK->QN R     ASYNC_DFFHx1_ASAP7_75t_SL      2  1.3    29    51      51    (-,-) 
  g62605/Y                                          -       B1->Y   F     AOI22xp5_ASAP7_75t_SL          3  2.3    72    21      72    (-,-) 
  g61915/Y                                          -       B2->Y   F     OA22x2_ASAP7_75t_SL            2  1.5    18    39     110    (-,-) 
  g61886/Y                                          -       A->Y    R     INVx1_ASAP7_75t_SL             1  1.3    19    13     123    (-,-) 
  g61786__1617/Y                                    -       C->Y    F     AOI211x1_ASAP7_75t_SL          1  1.2    42    12     135    (-,-) 
  g61741__5477/Y                                    -       D->Y    F     AND5x2_ASAP7_75t_SL            2  2.1    18    37     172    (-,-) 
  g61737/Y                                          -       A->Y    F     BUFx3_ASAP7_75t_SL             3  3.1    14    21     194    (-,-) 
  g61696__1666/Y                                    -       B->Y    R     NAND2x1p5_ASAP7_75t_SL         2  2.0    30    12     206    (-,-) 
  g61692__9315/Y                                    -       B->Y    R     AND2x4_ASAP7_75t_SL            3  2.1    12    20     227    (-,-) 
  g61310__2398/Y                                    -       B1->Y   F     AOI22xp5_ASAP7_75t_L           1  0.8    33    13     240    (-,-) 
  g61232__1881/Y                                    -       A->Y    R     NAND3xp33_ASAP7_75t_SL         1  1.8    45    24     264    (-,-) 
  g61196__8428/Y                                    -       A->Y    F     NOR2x1p5_ASAP7_75t_SL          2  2.4    28    18     281    (-,-) 
  g61173__5115/Y                                    -       A->Y    R     NAND4xp75_ASAP7_75t_SL         1  1.8    27    14     295    (-,-) 
  g61155__3680/Y                                    -       A->Y    F     NAND4xp75_ASAP7_75t_SL         2  1.6    31    16     311    (-,-) 
  g61151/Y                                          -       A->Y    F     BUFx3_ASAP7_75t_SL             3  3.5    16    25     336    (-,-) 
  g61092__9315/Y                                    -       B->Y    R     NAND2x1p5_ASAP7_75t_SL         1  2.3    30    14     350    (-,-) 
  g61081__4733/Y                                    -       B->Y    F     NAND2x2_ASAP7_75t_SL           2  3.3    21    12     362    (-,-) 
  g61069/Y                                          -       A->Y    F     BUFx12f_ASAP7_75t_SL          12  9.9    14    21     383    (-,-) 
  g60932__2883/Y                                    -       A->Y    F     OR2x2_ASAP7_75t_SL             3  3.6    21    27     410    (-,-) 
  g60889/Y                                          -       A->Y    F     BUFx6f_ASAP7_75t_SL            3  4.6    12    20     430    (-,-) 
  g60887/Y                                          -       A->Y    R     INVx4_ASAP7_75t_SL             4  4.2    14    10     440    (-,-) 
  g60730__2398/Y                                    -       A2->Y   R     AO221x1_ASAP7_75t_SL           2  2.1    33    32     472    (-,-) 
  g60709/Y                                          -       A->Y    F     INVx2_ASAP7_75t_SL             2  1.6    15     9     481    (-,-) 
  g60642__6417/Y                                    -       A1->Y   R     OAI21xp5_ASAP7_75t_SL          2  1.6    38    20     501    (-,-) 
  g60616/Y                                          -       A->Y    F     INVx1_ASAP7_75t_SL             2  1.6    22    14     515    (-,-) 
  g60525__1666/Y                                    -       B1->Y   R     AOI22xp5_ASAP7_75t_SL          1  1.3    40    23     538    (-,-) 
  g60491__6161/Y                                    -       A->Y    F     NAND2x1_ASAP7_75t_SL           2  2.1    24    13     550    (-,-) 
  addinc_FP32_ALU_col2_fracAdder_add_113_18_g1337/Y -       A->Y    F     BUFx3_ASAP7_75t_SL             1  1.8    11    21     571    (-,-) 
  addinc_FP32_ALU_col2_fracAdder_add_113_18_g1320/Y -       B->Y    R     NOR2x1p5_ASAP7_75t_SL          2  1.8    32    12     583    (-,-) 
  addinc_FP32_ALU_col2_fracAdder_add_113_18_g1194/Y -       A->Y    F     NOR2x1_ASAP7_75t_SL            3  2.5    31    21     603    (-,-) 
  addinc_FP32_ALU_col2_fracAdder_add_113_18_g1151/Y -       B->Y    F     AND2x6_ASAP7_75t_SL            5  4.4    15    28     631    (-,-) 
  addinc_FP32_ALU_col2_fracAdder_add_113_18_g1124/Y -       B->Y    F     AND2x4_ASAP7_75t_L             3  3.7    15    25     656    (-,-) 
  addinc_FP32_ALU_col2_fracAdder_add_113_18_g1107/Y -       B->Y    R     NAND2x1_ASAP7_75t_SL           1  0.9    33    12     668    (-,-) 
  addinc_FP32_ALU_col2_fracAdder_add_113_18_g1052/Y -       A1->Y   F     OAI21xp5_ASAP7_75t_SL          1  1.8    36    21     689    (-,-) 
  addinc_FP32_ALU_col2_fracAdder_add_113_18_g1041/Y -       A->Y    F     XOR2x1_ASAP7_75t_SL            2  2.3    36    29     718    (-,-) 
  g50551/Y                                          -       D->Y    R     NOR4xp75_ASAP7_75t_SL          1  2.9    62    32     750    (-,-) 
  g49818/Y                                          -       A->Y    F     NAND3x2_ASAP7_75t_SL           2  4.0    33    14     765    (-,-) 
  g49816/Y                                          -       A->Y    R     INVx4_ASAP7_75t_SL             7  7.1    27    18     782    (-,-) 
  g49795/Y                                          -       A2->Y   F     AOI21x1_ASAP7_75t_SL           2  1.8    31    12     794    (-,-) 
  g49758/Y                                          -       B->Y    F     AND2x4_ASAP7_75t_SL            2  3.5    14    24     818    (-,-) 
  g49752/Y                                          -       A->Y    R     NAND2x1p5_ASAP7_75t_SL         1  2.9    26    16     835    (-,-) 
  g49749/Y                                          -       B->Y    F     NOR3x2_ASAP7_75t_SL            3  3.2    27    19     854    (-,-) 
  g49747/Y                                          -       A->Y    F     BUFx3_ASAP7_75t_SL             6  4.4    17    25     879    (-,-) 
  g49710/Y                                          -       A2->Y   R     AOI21x1_ASAP7_75t_SL           1  0.9    23    12     891    (-,-) 
  g49704/Y                                          -       A->Y    F     INVx1_ASAP7_75t_L              1  1.4    17    14     905    (-,-) 
  g49689/Y                                          -       B->Y    R     AOI21x1_ASAP7_75t_SL           2  1.6    28    16     921    (-,-) 
  g49682/Y                                          -       A->Y    F     INVx1_ASAP7_75t_SL             1  1.4    18    12     933    (-,-) 
  g49655/Y                                          -       B->Y    R     AOI21x1_ASAP7_75t_SL           2  1.6    29    16     949    (-,-) 
  g49639/Y                                          -       A1->Y   R     AO221x2_ASAP7_75t_SL           3  3.0    26    39     988    (-,-) 
  g49632/Y                                          -       B->Y    F     NAND2xp5_ASAP7_75t_SL          1  1.3    26    15    1003    (-,-) 
  g49566/Y                                          -       B->Y    F     AND2x6_ASAP7_75t_SL           23 14.7    26    34    1037    (-,-) 
  g49425/Y                                          -       B2->Y   F     OA22x2_ASAP7_75t_SL            2  2.8    20    32    1069    (-,-) 
  g49389/Y                                          -       A->Y    R     INVx2_ASAP7_75t_SL             1  1.3    13     9    1078    (-,-) 
  g49281/Y                                          -       B1->Y   F     AOI22x1_ASAP7_75t_SL           2  2.1    28    13    1091    (-,-) 
  fopt63181/Y                                       -       A->Y    R     INVx1_ASAP7_75t_SL             1  1.3    22    14    1106    (-,-) 
  g49155/Y                                          -       B1->Y   F     AOI22x1_ASAP7_75t_SL           2  2.3    33    15    1120    (-,-) 
  g49135/Y                                          -       A->Y    R     INVx2_ASAP7_75t_SL             1  1.3    17    11    1131    (-,-) 
  g49039/Y                                          -       A2->Y   F     AOI21x1_ASAP7_75t_SL           2  2.1    32    12    1143    (-,-) 
  g48912/Y                                          -       A2->Y   F     OA21x2_ASAP7_75t_SL            4  4.2    24    34    1177    (-,-) 
  g48843/Y                                          -       B->Y    R     NOR2x1_ASAP7_75t_SL            1  1.3    26    14    1190    (-,-) 
  g48823/Y                                          -       B->Y    R     AND2x4_ASAP7_75t_SL            2  2.6    14    21    1211    (-,-) 
  g48783/Y                                          -       A->Y    F     NAND4xp75_ASAP7_75t_SL         3  3.6    47    21    1232    (-,-) 
  g48777/Y                                          -       A->Y    R     INVx2_ASAP7_75t_SL             1  0.8    18    11    1242    (-,-) 
  g48749/Y                                          -       B->Y    F     NAND2xp5_ASAP7_75t_SL          1  1.2    26    14    1256    (-,-) 
  g48712/Y                                          -       B->Y    F     XOR2xp5_ASAP7_75t_SL           2  1.3    31    24    1279    (-,-) 
  g48671/Y                                          -       A->Y    F     AND2x2_ASAP7_75t_SL            1  0.8    11    24    1303    (-,-) 
  g48643/Y                                          -       A->Y    F     AND2x2_ASAP7_75t_SL            2  2.5    16    23    1326    (-,-) 
  g48580/Y                                          -       A3->Y   F     AO31x2_ASAP7_75t_SL            1  2.6    16    23    1349    (-,-) 
  g48578/Y                                          -       A->Y    R     INVx4_ASAP7_75t_SL            23 14.6    40    22    1371    (-,-) 
  g48555/Y                                          -       A1->Y   F     AOI221xp5_ASAP7_75t_SL         1  0.9    41    25    1396    (-,-) 
  PIPE_OUT_col2_stage_reg_reg[0][18]/D              -       -       F     ASYNC_DFFHx1_ASAP7_75t_SL      1    -     -     0    1396    (-,-) 
#--------------------------------------------------------------------------------------------------------------------------------------------



Path 10: VIOLATED (-515 ps) Setup Check with Pin PIPE_OUT_col2_stage_reg_reg[0][17]/CLK->D
           View: PVT_0P63V_100C.setup_view
          Group: clk
     Startpoint: (R) PIPE_OUT_col2_stage_reg_reg[0][19]/CLK
          Clock: (R) clk
       Endpoint: (F) PIPE_OUT_col2_stage_reg_reg[0][17]/D
          Clock: (R) clk

                     Capture       Launch     
        Clock Edge:+    1000            0     
       Src Latency:+       0            0     
       Net Latency:+       0 (I)        0 (I) 
           Arrival:=    1000            0     
                                              
             Setup:-      19                  
       Uncertainty:-     100                  
     Required Time:=     881                  
      Launch Clock:-       0                  
         Data Path:-    1396                  
             Slack:=    -515                  

#--------------------------------------------------------------------------------------------------------------------------------------------
#                   Timing Point                    Flags    Arc    Edge           Cell             Fanout Load Trans Delay Arrival Instance 
#                                                                                                          (fF)  (ps)  (ps)   (ps)  Location 
#--------------------------------------------------------------------------------------------------------------------------------------------
  PIPE_OUT_col2_stage_reg_reg[0][19]/CLK            -       -       R     (arrival)                   1135    -     0     0       0    (-,-) 
  PIPE_OUT_col2_stage_reg_reg[0][19]/QN             -       CLK->QN R     ASYNC_DFFHx1_ASAP7_75t_SL      2  1.3    29    51      51    (-,-) 
  g62605/Y                                          -       B1->Y   F     AOI22xp5_ASAP7_75t_SL          3  2.3    72    21      72    (-,-) 
  g61915/Y                                          -       B2->Y   F     OA22x2_ASAP7_75t_SL            2  1.5    18    39     110    (-,-) 
  g61886/Y                                          -       A->Y    R     INVx1_ASAP7_75t_SL             1  1.3    19    13     123    (-,-) 
  g61786__1617/Y                                    -       C->Y    F     AOI211x1_ASAP7_75t_SL          1  1.2    42    12     135    (-,-) 
  g61741__5477/Y                                    -       D->Y    F     AND5x2_ASAP7_75t_SL            2  2.1    18    37     172    (-,-) 
  g61737/Y                                          -       A->Y    F     BUFx3_ASAP7_75t_SL             3  3.1    14    21     194    (-,-) 
  g61696__1666/Y                                    -       B->Y    R     NAND2x1p5_ASAP7_75t_SL         2  2.0    30    12     206    (-,-) 
  g61692__9315/Y                                    -       B->Y    R     AND2x4_ASAP7_75t_SL            3  2.1    12    20     227    (-,-) 
  g61310__2398/Y                                    -       B1->Y   F     AOI22xp5_ASAP7_75t_L           1  0.8    33    13     240    (-,-) 
  g61232__1881/Y                                    -       A->Y    R     NAND3xp33_ASAP7_75t_SL         1  1.8    45    24     264    (-,-) 
  g61196__8428/Y                                    -       A->Y    F     NOR2x1p5_ASAP7_75t_SL          2  2.4    28    18     281    (-,-) 
  g61173__5115/Y                                    -       A->Y    R     NAND4xp75_ASAP7_75t_SL         1  1.8    27    14     295    (-,-) 
  g61155__3680/Y                                    -       A->Y    F     NAND4xp75_ASAP7_75t_SL         2  1.6    31    16     311    (-,-) 
  g61151/Y                                          -       A->Y    F     BUFx3_ASAP7_75t_SL             3  3.5    16    25     336    (-,-) 
  g61092__9315/Y                                    -       B->Y    R     NAND2x1p5_ASAP7_75t_SL         1  2.3    30    14     350    (-,-) 
  g61081__4733/Y                                    -       B->Y    F     NAND2x2_ASAP7_75t_SL           2  3.3    21    12     362    (-,-) 
  g61069/Y                                          -       A->Y    F     BUFx12f_ASAP7_75t_SL          12  9.9    14    21     383    (-,-) 
  g60932__2883/Y                                    -       A->Y    F     OR2x2_ASAP7_75t_SL             3  3.6    21    27     410    (-,-) 
  g60889/Y                                          -       A->Y    F     BUFx6f_ASAP7_75t_SL            3  4.6    12    20     430    (-,-) 
  g60887/Y                                          -       A->Y    R     INVx4_ASAP7_75t_SL             4  4.2    14    10     440    (-,-) 
  g60730__2398/Y                                    -       A2->Y   R     AO221x1_ASAP7_75t_SL           2  2.1    33    32     472    (-,-) 
  g60709/Y                                          -       A->Y    F     INVx2_ASAP7_75t_SL             2  1.6    15     9     481    (-,-) 
  g60642__6417/Y                                    -       A1->Y   R     OAI21xp5_ASAP7_75t_SL          2  1.6    38    20     501    (-,-) 
  g60616/Y                                          -       A->Y    F     INVx1_ASAP7_75t_SL             2  1.6    22    14     515    (-,-) 
  g60525__1666/Y                                    -       B1->Y   R     AOI22xp5_ASAP7_75t_SL          1  1.3    40    23     538    (-,-) 
  g60491__6161/Y                                    -       A->Y    F     NAND2x1_ASAP7_75t_SL           2  2.1    24    13     550    (-,-) 
  addinc_FP32_ALU_col2_fracAdder_add_113_18_g1337/Y -       A->Y    F     BUFx3_ASAP7_75t_SL             1  1.8    11    21     571    (-,-) 
  addinc_FP32_ALU_col2_fracAdder_add_113_18_g1320/Y -       B->Y    R     NOR2x1p5_ASAP7_75t_SL          2  1.8    32    12     583    (-,-) 
  addinc_FP32_ALU_col2_fracAdder_add_113_18_g1194/Y -       A->Y    F     NOR2x1_ASAP7_75t_SL            3  2.5    31    21     603    (-,-) 
  addinc_FP32_ALU_col2_fracAdder_add_113_18_g1151/Y -       B->Y    F     AND2x6_ASAP7_75t_SL            5  4.4    15    28     631    (-,-) 
  addinc_FP32_ALU_col2_fracAdder_add_113_18_g1124/Y -       B->Y    F     AND2x4_ASAP7_75t_L             3  3.7    15    25     656    (-,-) 
  addinc_FP32_ALU_col2_fracAdder_add_113_18_g1107/Y -       B->Y    R     NAND2x1_ASAP7_75t_SL           1  0.9    33    12     668    (-,-) 
  addinc_FP32_ALU_col2_fracAdder_add_113_18_g1052/Y -       A1->Y   F     OAI21xp5_ASAP7_75t_SL          1  1.8    36    21     689    (-,-) 
  addinc_FP32_ALU_col2_fracAdder_add_113_18_g1041/Y -       A->Y    F     XOR2x1_ASAP7_75t_SL            2  2.3    36    29     718    (-,-) 
  g50551/Y                                          -       D->Y    R     NOR4xp75_ASAP7_75t_SL          1  2.9    62    32     750    (-,-) 
  g49818/Y                                          -       A->Y    F     NAND3x2_ASAP7_75t_SL           2  4.0    33    14     765    (-,-) 
  g49816/Y                                          -       A->Y    R     INVx4_ASAP7_75t_SL             7  7.1    27    18     782    (-,-) 
  g49795/Y                                          -       A2->Y   F     AOI21x1_ASAP7_75t_SL           2  1.8    31    12     794    (-,-) 
  g49758/Y                                          -       B->Y    F     AND2x4_ASAP7_75t_SL            2  3.5    14    24     818    (-,-) 
  g49752/Y                                          -       A->Y    R     NAND2x1p5_ASAP7_75t_SL         1  2.9    26    16     835    (-,-) 
  g49749/Y                                          -       B->Y    F     NOR3x2_ASAP7_75t_SL            3  3.2    27    19     854    (-,-) 
  g49747/Y                                          -       A->Y    F     BUFx3_ASAP7_75t_SL             6  4.4    17    25     879    (-,-) 
  g49710/Y                                          -       A2->Y   R     AOI21x1_ASAP7_75t_SL           1  0.9    23    12     891    (-,-) 
  g49704/Y                                          -       A->Y    F     INVx1_ASAP7_75t_L              1  1.4    17    14     905    (-,-) 
  g49689/Y                                          -       B->Y    R     AOI21x1_ASAP7_75t_SL           2  1.6    28    16     921    (-,-) 
  g49682/Y                                          -       A->Y    F     INVx1_ASAP7_75t_SL             1  1.4    18    12     933    (-,-) 
  g49655/Y                                          -       B->Y    R     AOI21x1_ASAP7_75t_SL           2  1.6    29    16     949    (-,-) 
  g49639/Y                                          -       A1->Y   R     AO221x2_ASAP7_75t_SL           3  3.0    26    39     988    (-,-) 
  g49632/Y                                          -       B->Y    F     NAND2xp5_ASAP7_75t_SL          1  1.3    26    15    1003    (-,-) 
  g49566/Y                                          -       B->Y    F     AND2x6_ASAP7_75t_SL           23 14.7    26    34    1037    (-,-) 
  g49425/Y                                          -       B2->Y   F     OA22x2_ASAP7_75t_SL            2  2.8    20    32    1069    (-,-) 
  g49389/Y                                          -       A->Y    R     INVx2_ASAP7_75t_SL             1  1.3    13     9    1078    (-,-) 
  g49281/Y                                          -       B1->Y   F     AOI22x1_ASAP7_75t_SL           2  2.1    28    13    1091    (-,-) 
  fopt63181/Y                                       -       A->Y    R     INVx1_ASAP7_75t_SL             1  1.3    22    14    1106    (-,-) 
  g49155/Y                                          -       B1->Y   F     AOI22x1_ASAP7_75t_SL           2  2.3    33    15    1120    (-,-) 
  g49135/Y                                          -       A->Y    R     INVx2_ASAP7_75t_SL             1  1.3    17    11    1131    (-,-) 
  g49039/Y                                          -       A2->Y   F     AOI21x1_ASAP7_75t_SL           2  2.1    32    12    1143    (-,-) 
  g48912/Y                                          -       A2->Y   F     OA21x2_ASAP7_75t_SL            4  4.2    24    34    1177    (-,-) 
  g48843/Y                                          -       B->Y    R     NOR2x1_ASAP7_75t_SL            1  1.3    26    14    1190    (-,-) 
  g48823/Y                                          -       B->Y    R     AND2x4_ASAP7_75t_SL            2  2.6    14    21    1211    (-,-) 
  g48783/Y                                          -       A->Y    F     NAND4xp75_ASAP7_75t_SL         3  3.6    47    21    1232    (-,-) 
  g48777/Y                                          -       A->Y    R     INVx2_ASAP7_75t_SL             1  0.8    18    11    1242    (-,-) 
  g48749/Y                                          -       B->Y    F     NAND2xp5_ASAP7_75t_SL          1  1.2    26    14    1256    (-,-) 
  g48712/Y                                          -       B->Y    F     XOR2xp5_ASAP7_75t_SL           2  1.3    31    24    1279    (-,-) 
  g48671/Y                                          -       A->Y    F     AND2x2_ASAP7_75t_SL            1  0.8    11    24    1303    (-,-) 
  g48643/Y                                          -       A->Y    F     AND2x2_ASAP7_75t_SL            2  2.5    16    23    1326    (-,-) 
  g48580/Y                                          -       A3->Y   F     AO31x2_ASAP7_75t_SL            1  2.6    16    23    1349    (-,-) 
  g48578/Y                                          -       A->Y    R     INVx4_ASAP7_75t_SL            23 14.6    40    22    1371    (-,-) 
  g48554/Y                                          -       A1->Y   F     AOI221xp5_ASAP7_75t_SL         1  0.9    41    25    1396    (-,-) 
  PIPE_OUT_col2_stage_reg_reg[0][17]/D              -       -       F     ASYNC_DFFHx1_ASAP7_75t_SL      1    -     -     0    1396    (-,-) 
#--------------------------------------------------------------------------------------------------------------------------------------------



Path 11: VIOLATED (-515 ps) Setup Check with Pin PIPE_OUT_col2_stage_reg_reg[0][16]/CLK->D
           View: PVT_0P63V_100C.setup_view
          Group: clk
     Startpoint: (R) PIPE_OUT_col2_stage_reg_reg[0][19]/CLK
          Clock: (R) clk
       Endpoint: (F) PIPE_OUT_col2_stage_reg_reg[0][16]/D
          Clock: (R) clk

                     Capture       Launch     
        Clock Edge:+    1000            0     
       Src Latency:+       0            0     
       Net Latency:+       0 (I)        0 (I) 
           Arrival:=    1000            0     
                                              
             Setup:-      19                  
       Uncertainty:-     100                  
     Required Time:=     881                  
      Launch Clock:-       0                  
         Data Path:-    1396                  
             Slack:=    -515                  

#--------------------------------------------------------------------------------------------------------------------------------------------
#                   Timing Point                    Flags    Arc    Edge           Cell             Fanout Load Trans Delay Arrival Instance 
#                                                                                                          (fF)  (ps)  (ps)   (ps)  Location 
#--------------------------------------------------------------------------------------------------------------------------------------------
  PIPE_OUT_col2_stage_reg_reg[0][19]/CLK            -       -       R     (arrival)                   1135    -     0     0       0    (-,-) 
  PIPE_OUT_col2_stage_reg_reg[0][19]/QN             -       CLK->QN R     ASYNC_DFFHx1_ASAP7_75t_SL      2  1.3    29    51      51    (-,-) 
  g62605/Y                                          -       B1->Y   F     AOI22xp5_ASAP7_75t_SL          3  2.3    72    21      72    (-,-) 
  g61915/Y                                          -       B2->Y   F     OA22x2_ASAP7_75t_SL            2  1.5    18    39     110    (-,-) 
  g61886/Y                                          -       A->Y    R     INVx1_ASAP7_75t_SL             1  1.3    19    13     123    (-,-) 
  g61786__1617/Y                                    -       C->Y    F     AOI211x1_ASAP7_75t_SL          1  1.2    42    12     135    (-,-) 
  g61741__5477/Y                                    -       D->Y    F     AND5x2_ASAP7_75t_SL            2  2.1    18    37     172    (-,-) 
  g61737/Y                                          -       A->Y    F     BUFx3_ASAP7_75t_SL             3  3.1    14    21     194    (-,-) 
  g61696__1666/Y                                    -       B->Y    R     NAND2x1p5_ASAP7_75t_SL         2  2.0    30    12     206    (-,-) 
  g61692__9315/Y                                    -       B->Y    R     AND2x4_ASAP7_75t_SL            3  2.1    12    20     227    (-,-) 
  g61310__2398/Y                                    -       B1->Y   F     AOI22xp5_ASAP7_75t_L           1  0.8    33    13     240    (-,-) 
  g61232__1881/Y                                    -       A->Y    R     NAND3xp33_ASAP7_75t_SL         1  1.8    45    24     264    (-,-) 
  g61196__8428/Y                                    -       A->Y    F     NOR2x1p5_ASAP7_75t_SL          2  2.4    28    18     281    (-,-) 
  g61173__5115/Y                                    -       A->Y    R     NAND4xp75_ASAP7_75t_SL         1  1.8    27    14     295    (-,-) 
  g61155__3680/Y                                    -       A->Y    F     NAND4xp75_ASAP7_75t_SL         2  1.6    31    16     311    (-,-) 
  g61151/Y                                          -       A->Y    F     BUFx3_ASAP7_75t_SL             3  3.5    16    25     336    (-,-) 
  g61092__9315/Y                                    -       B->Y    R     NAND2x1p5_ASAP7_75t_SL         1  2.3    30    14     350    (-,-) 
  g61081__4733/Y                                    -       B->Y    F     NAND2x2_ASAP7_75t_SL           2  3.3    21    12     362    (-,-) 
  g61069/Y                                          -       A->Y    F     BUFx12f_ASAP7_75t_SL          12  9.9    14    21     383    (-,-) 
  g60932__2883/Y                                    -       A->Y    F     OR2x2_ASAP7_75t_SL             3  3.6    21    27     410    (-,-) 
  g60889/Y                                          -       A->Y    F     BUFx6f_ASAP7_75t_SL            3  4.6    12    20     430    (-,-) 
  g60887/Y                                          -       A->Y    R     INVx4_ASAP7_75t_SL             4  4.2    14    10     440    (-,-) 
  g60730__2398/Y                                    -       A2->Y   R     AO221x1_ASAP7_75t_SL           2  2.1    33    32     472    (-,-) 
  g60709/Y                                          -       A->Y    F     INVx2_ASAP7_75t_SL             2  1.6    15     9     481    (-,-) 
  g60642__6417/Y                                    -       A1->Y   R     OAI21xp5_ASAP7_75t_SL          2  1.6    38    20     501    (-,-) 
  g60616/Y                                          -       A->Y    F     INVx1_ASAP7_75t_SL             2  1.6    22    14     515    (-,-) 
  g60525__1666/Y                                    -       B1->Y   R     AOI22xp5_ASAP7_75t_SL          1  1.3    40    23     538    (-,-) 
  g60491__6161/Y                                    -       A->Y    F     NAND2x1_ASAP7_75t_SL           2  2.1    24    13     550    (-,-) 
  addinc_FP32_ALU_col2_fracAdder_add_113_18_g1337/Y -       A->Y    F     BUFx3_ASAP7_75t_SL             1  1.8    11    21     571    (-,-) 
  addinc_FP32_ALU_col2_fracAdder_add_113_18_g1320/Y -       B->Y    R     NOR2x1p5_ASAP7_75t_SL          2  1.8    32    12     583    (-,-) 
  addinc_FP32_ALU_col2_fracAdder_add_113_18_g1194/Y -       A->Y    F     NOR2x1_ASAP7_75t_SL            3  2.5    31    21     603    (-,-) 
  addinc_FP32_ALU_col2_fracAdder_add_113_18_g1151/Y -       B->Y    F     AND2x6_ASAP7_75t_SL            5  4.4    15    28     631    (-,-) 
  addinc_FP32_ALU_col2_fracAdder_add_113_18_g1124/Y -       B->Y    F     AND2x4_ASAP7_75t_L             3  3.7    15    25     656    (-,-) 
  addinc_FP32_ALU_col2_fracAdder_add_113_18_g1107/Y -       B->Y    R     NAND2x1_ASAP7_75t_SL           1  0.9    33    12     668    (-,-) 
  addinc_FP32_ALU_col2_fracAdder_add_113_18_g1052/Y -       A1->Y   F     OAI21xp5_ASAP7_75t_SL          1  1.8    36    21     689    (-,-) 
  addinc_FP32_ALU_col2_fracAdder_add_113_18_g1041/Y -       A->Y    F     XOR2x1_ASAP7_75t_SL            2  2.3    36    29     718    (-,-) 
  g50551/Y                                          -       D->Y    R     NOR4xp75_ASAP7_75t_SL          1  2.9    62    32     750    (-,-) 
  g49818/Y                                          -       A->Y    F     NAND3x2_ASAP7_75t_SL           2  4.0    33    14     765    (-,-) 
  g49816/Y                                          -       A->Y    R     INVx4_ASAP7_75t_SL             7  7.1    27    18     782    (-,-) 
  g49795/Y                                          -       A2->Y   F     AOI21x1_ASAP7_75t_SL           2  1.8    31    12     794    (-,-) 
  g49758/Y                                          -       B->Y    F     AND2x4_ASAP7_75t_SL            2  3.5    14    24     818    (-,-) 
  g49752/Y                                          -       A->Y    R     NAND2x1p5_ASAP7_75t_SL         1  2.9    26    16     835    (-,-) 
  g49749/Y                                          -       B->Y    F     NOR3x2_ASAP7_75t_SL            3  3.2    27    19     854    (-,-) 
  g49747/Y                                          -       A->Y    F     BUFx3_ASAP7_75t_SL             6  4.4    17    25     879    (-,-) 
  g49710/Y                                          -       A2->Y   R     AOI21x1_ASAP7_75t_SL           1  0.9    23    12     891    (-,-) 
  g49704/Y                                          -       A->Y    F     INVx1_ASAP7_75t_L              1  1.4    17    14     905    (-,-) 
  g49689/Y                                          -       B->Y    R     AOI21x1_ASAP7_75t_SL           2  1.6    28    16     921    (-,-) 
  g49682/Y                                          -       A->Y    F     INVx1_ASAP7_75t_SL             1  1.4    18    12     933    (-,-) 
  g49655/Y                                          -       B->Y    R     AOI21x1_ASAP7_75t_SL           2  1.6    29    16     949    (-,-) 
  g49639/Y                                          -       A1->Y   R     AO221x2_ASAP7_75t_SL           3  3.0    26    39     988    (-,-) 
  g49632/Y                                          -       B->Y    F     NAND2xp5_ASAP7_75t_SL          1  1.3    26    15    1003    (-,-) 
  g49566/Y                                          -       B->Y    F     AND2x6_ASAP7_75t_SL           23 14.7    26    34    1037    (-,-) 
  g49425/Y                                          -       B2->Y   F     OA22x2_ASAP7_75t_SL            2  2.8    20    32    1069    (-,-) 
  g49389/Y                                          -       A->Y    R     INVx2_ASAP7_75t_SL             1  1.3    13     9    1078    (-,-) 
  g49281/Y                                          -       B1->Y   F     AOI22x1_ASAP7_75t_SL           2  2.1    28    13    1091    (-,-) 
  fopt63181/Y                                       -       A->Y    R     INVx1_ASAP7_75t_SL             1  1.3    22    14    1106    (-,-) 
  g49155/Y                                          -       B1->Y   F     AOI22x1_ASAP7_75t_SL           2  2.3    33    15    1120    (-,-) 
  g49135/Y                                          -       A->Y    R     INVx2_ASAP7_75t_SL             1  1.3    17    11    1131    (-,-) 
  g49039/Y                                          -       A2->Y   F     AOI21x1_ASAP7_75t_SL           2  2.1    32    12    1143    (-,-) 
  g48912/Y                                          -       A2->Y   F     OA21x2_ASAP7_75t_SL            4  4.2    24    34    1177    (-,-) 
  g48843/Y                                          -       B->Y    R     NOR2x1_ASAP7_75t_SL            1  1.3    26    14    1190    (-,-) 
  g48823/Y                                          -       B->Y    R     AND2x4_ASAP7_75t_SL            2  2.6    14    21    1211    (-,-) 
  g48783/Y                                          -       A->Y    F     NAND4xp75_ASAP7_75t_SL         3  3.6    47    21    1232    (-,-) 
  g48777/Y                                          -       A->Y    R     INVx2_ASAP7_75t_SL             1  0.8    18    11    1242    (-,-) 
  g48749/Y                                          -       B->Y    F     NAND2xp5_ASAP7_75t_SL          1  1.2    26    14    1256    (-,-) 
  g48712/Y                                          -       B->Y    F     XOR2xp5_ASAP7_75t_SL           2  1.3    31    24    1279    (-,-) 
  g48671/Y                                          -       A->Y    F     AND2x2_ASAP7_75t_SL            1  0.8    11    24    1303    (-,-) 
  g48643/Y                                          -       A->Y    F     AND2x2_ASAP7_75t_SL            2  2.5    16    23    1326    (-,-) 
  g48580/Y                                          -       A3->Y   F     AO31x2_ASAP7_75t_SL            1  2.6    16    23    1349    (-,-) 
  g48578/Y                                          -       A->Y    R     INVx4_ASAP7_75t_SL            23 14.6    40    22    1371    (-,-) 
  g48553/Y                                          -       A1->Y   F     AOI221xp5_ASAP7_75t_SL         1  0.9    41    25    1396    (-,-) 
  PIPE_OUT_col2_stage_reg_reg[0][16]/D              -       -       F     ASYNC_DFFHx1_ASAP7_75t_SL      1    -     -     0    1396    (-,-) 
#--------------------------------------------------------------------------------------------------------------------------------------------



Path 12: VIOLATED (-515 ps) Setup Check with Pin PIPE_OUT_col2_stage_reg_reg[0][14]/CLK->D
           View: PVT_0P63V_100C.setup_view
          Group: clk
     Startpoint: (R) PIPE_OUT_col2_stage_reg_reg[0][19]/CLK
          Clock: (R) clk
       Endpoint: (F) PIPE_OUT_col2_stage_reg_reg[0][14]/D
          Clock: (R) clk

                     Capture       Launch     
        Clock Edge:+    1000            0     
       Src Latency:+       0            0     
       Net Latency:+       0 (I)        0 (I) 
           Arrival:=    1000            0     
                                              
             Setup:-      19                  
       Uncertainty:-     100                  
     Required Time:=     881                  
      Launch Clock:-       0                  
         Data Path:-    1396                  
             Slack:=    -515                  

#--------------------------------------------------------------------------------------------------------------------------------------------
#                   Timing Point                    Flags    Arc    Edge           Cell             Fanout Load Trans Delay Arrival Instance 
#                                                                                                          (fF)  (ps)  (ps)   (ps)  Location 
#--------------------------------------------------------------------------------------------------------------------------------------------
  PIPE_OUT_col2_stage_reg_reg[0][19]/CLK            -       -       R     (arrival)                   1135    -     0     0       0    (-,-) 
  PIPE_OUT_col2_stage_reg_reg[0][19]/QN             -       CLK->QN R     ASYNC_DFFHx1_ASAP7_75t_SL      2  1.3    29    51      51    (-,-) 
  g62605/Y                                          -       B1->Y   F     AOI22xp5_ASAP7_75t_SL          3  2.3    72    21      72    (-,-) 
  g61915/Y                                          -       B2->Y   F     OA22x2_ASAP7_75t_SL            2  1.5    18    39     110    (-,-) 
  g61886/Y                                          -       A->Y    R     INVx1_ASAP7_75t_SL             1  1.3    19    13     123    (-,-) 
  g61786__1617/Y                                    -       C->Y    F     AOI211x1_ASAP7_75t_SL          1  1.2    42    12     135    (-,-) 
  g61741__5477/Y                                    -       D->Y    F     AND5x2_ASAP7_75t_SL            2  2.1    18    37     172    (-,-) 
  g61737/Y                                          -       A->Y    F     BUFx3_ASAP7_75t_SL             3  3.1    14    21     194    (-,-) 
  g61696__1666/Y                                    -       B->Y    R     NAND2x1p5_ASAP7_75t_SL         2  2.0    30    12     206    (-,-) 
  g61692__9315/Y                                    -       B->Y    R     AND2x4_ASAP7_75t_SL            3  2.1    12    20     227    (-,-) 
  g61310__2398/Y                                    -       B1->Y   F     AOI22xp5_ASAP7_75t_L           1  0.8    33    13     240    (-,-) 
  g61232__1881/Y                                    -       A->Y    R     NAND3xp33_ASAP7_75t_SL         1  1.8    45    24     264    (-,-) 
  g61196__8428/Y                                    -       A->Y    F     NOR2x1p5_ASAP7_75t_SL          2  2.4    28    18     281    (-,-) 
  g61173__5115/Y                                    -       A->Y    R     NAND4xp75_ASAP7_75t_SL         1  1.8    27    14     295    (-,-) 
  g61155__3680/Y                                    -       A->Y    F     NAND4xp75_ASAP7_75t_SL         2  1.6    31    16     311    (-,-) 
  g61151/Y                                          -       A->Y    F     BUFx3_ASAP7_75t_SL             3  3.5    16    25     336    (-,-) 
  g61092__9315/Y                                    -       B->Y    R     NAND2x1p5_ASAP7_75t_SL         1  2.3    30    14     350    (-,-) 
  g61081__4733/Y                                    -       B->Y    F     NAND2x2_ASAP7_75t_SL           2  3.3    21    12     362    (-,-) 
  g61069/Y                                          -       A->Y    F     BUFx12f_ASAP7_75t_SL          12  9.9    14    21     383    (-,-) 
  g60932__2883/Y                                    -       A->Y    F     OR2x2_ASAP7_75t_SL             3  3.6    21    27     410    (-,-) 
  g60889/Y                                          -       A->Y    F     BUFx6f_ASAP7_75t_SL            3  4.6    12    20     430    (-,-) 
  g60887/Y                                          -       A->Y    R     INVx4_ASAP7_75t_SL             4  4.2    14    10     440    (-,-) 
  g60730__2398/Y                                    -       A2->Y   R     AO221x1_ASAP7_75t_SL           2  2.1    33    32     472    (-,-) 
  g60709/Y                                          -       A->Y    F     INVx2_ASAP7_75t_SL             2  1.6    15     9     481    (-,-) 
  g60642__6417/Y                                    -       A1->Y   R     OAI21xp5_ASAP7_75t_SL          2  1.6    38    20     501    (-,-) 
  g60616/Y                                          -       A->Y    F     INVx1_ASAP7_75t_SL             2  1.6    22    14     515    (-,-) 
  g60525__1666/Y                                    -       B1->Y   R     AOI22xp5_ASAP7_75t_SL          1  1.3    40    23     538    (-,-) 
  g60491__6161/Y                                    -       A->Y    F     NAND2x1_ASAP7_75t_SL           2  2.1    24    13     550    (-,-) 
  addinc_FP32_ALU_col2_fracAdder_add_113_18_g1337/Y -       A->Y    F     BUFx3_ASAP7_75t_SL             1  1.8    11    21     571    (-,-) 
  addinc_FP32_ALU_col2_fracAdder_add_113_18_g1320/Y -       B->Y    R     NOR2x1p5_ASAP7_75t_SL          2  1.8    32    12     583    (-,-) 
  addinc_FP32_ALU_col2_fracAdder_add_113_18_g1194/Y -       A->Y    F     NOR2x1_ASAP7_75t_SL            3  2.5    31    21     603    (-,-) 
  addinc_FP32_ALU_col2_fracAdder_add_113_18_g1151/Y -       B->Y    F     AND2x6_ASAP7_75t_SL            5  4.4    15    28     631    (-,-) 
  addinc_FP32_ALU_col2_fracAdder_add_113_18_g1124/Y -       B->Y    F     AND2x4_ASAP7_75t_L             3  3.7    15    25     656    (-,-) 
  addinc_FP32_ALU_col2_fracAdder_add_113_18_g1107/Y -       B->Y    R     NAND2x1_ASAP7_75t_SL           1  0.9    33    12     668    (-,-) 
  addinc_FP32_ALU_col2_fracAdder_add_113_18_g1052/Y -       A1->Y   F     OAI21xp5_ASAP7_75t_SL          1  1.8    36    21     689    (-,-) 
  addinc_FP32_ALU_col2_fracAdder_add_113_18_g1041/Y -       A->Y    F     XOR2x1_ASAP7_75t_SL            2  2.3    36    29     718    (-,-) 
  g50551/Y                                          -       D->Y    R     NOR4xp75_ASAP7_75t_SL          1  2.9    62    32     750    (-,-) 
  g49818/Y                                          -       A->Y    F     NAND3x2_ASAP7_75t_SL           2  4.0    33    14     765    (-,-) 
  g49816/Y                                          -       A->Y    R     INVx4_ASAP7_75t_SL             7  7.1    27    18     782    (-,-) 
  g49795/Y                                          -       A2->Y   F     AOI21x1_ASAP7_75t_SL           2  1.8    31    12     794    (-,-) 
  g49758/Y                                          -       B->Y    F     AND2x4_ASAP7_75t_SL            2  3.5    14    24     818    (-,-) 
  g49752/Y                                          -       A->Y    R     NAND2x1p5_ASAP7_75t_SL         1  2.9    26    16     835    (-,-) 
  g49749/Y                                          -       B->Y    F     NOR3x2_ASAP7_75t_SL            3  3.2    27    19     854    (-,-) 
  g49747/Y                                          -       A->Y    F     BUFx3_ASAP7_75t_SL             6  4.4    17    25     879    (-,-) 
  g49710/Y                                          -       A2->Y   R     AOI21x1_ASAP7_75t_SL           1  0.9    23    12     891    (-,-) 
  g49704/Y                                          -       A->Y    F     INVx1_ASAP7_75t_L              1  1.4    17    14     905    (-,-) 
  g49689/Y                                          -       B->Y    R     AOI21x1_ASAP7_75t_SL           2  1.6    28    16     921    (-,-) 
  g49682/Y                                          -       A->Y    F     INVx1_ASAP7_75t_SL             1  1.4    18    12     933    (-,-) 
  g49655/Y                                          -       B->Y    R     AOI21x1_ASAP7_75t_SL           2  1.6    29    16     949    (-,-) 
  g49639/Y                                          -       A1->Y   R     AO221x2_ASAP7_75t_SL           3  3.0    26    39     988    (-,-) 
  g49632/Y                                          -       B->Y    F     NAND2xp5_ASAP7_75t_SL          1  1.3    26    15    1003    (-,-) 
  g49566/Y                                          -       B->Y    F     AND2x6_ASAP7_75t_SL           23 14.7    26    34    1037    (-,-) 
  g49425/Y                                          -       B2->Y   F     OA22x2_ASAP7_75t_SL            2  2.8    20    32    1069    (-,-) 
  g49389/Y                                          -       A->Y    R     INVx2_ASAP7_75t_SL             1  1.3    13     9    1078    (-,-) 
  g49281/Y                                          -       B1->Y   F     AOI22x1_ASAP7_75t_SL           2  2.1    28    13    1091    (-,-) 
  fopt63181/Y                                       -       A->Y    R     INVx1_ASAP7_75t_SL             1  1.3    22    14    1106    (-,-) 
  g49155/Y                                          -       B1->Y   F     AOI22x1_ASAP7_75t_SL           2  2.3    33    15    1120    (-,-) 
  g49135/Y                                          -       A->Y    R     INVx2_ASAP7_75t_SL             1  1.3    17    11    1131    (-,-) 
  g49039/Y                                          -       A2->Y   F     AOI21x1_ASAP7_75t_SL           2  2.1    32    12    1143    (-,-) 
  g48912/Y                                          -       A2->Y   F     OA21x2_ASAP7_75t_SL            4  4.2    24    34    1177    (-,-) 
  g48843/Y                                          -       B->Y    R     NOR2x1_ASAP7_75t_SL            1  1.3    26    14    1190    (-,-) 
  g48823/Y                                          -       B->Y    R     AND2x4_ASAP7_75t_SL            2  2.6    14    21    1211    (-,-) 
  g48783/Y                                          -       A->Y    F     NAND4xp75_ASAP7_75t_SL         3  3.6    47    21    1232    (-,-) 
  g48777/Y                                          -       A->Y    R     INVx2_ASAP7_75t_SL             1  0.8    18    11    1242    (-,-) 
  g48749/Y                                          -       B->Y    F     NAND2xp5_ASAP7_75t_SL          1  1.2    26    14    1256    (-,-) 
  g48712/Y                                          -       B->Y    F     XOR2xp5_ASAP7_75t_SL           2  1.3    31    24    1279    (-,-) 
  g48671/Y                                          -       A->Y    F     AND2x2_ASAP7_75t_SL            1  0.8    11    24    1303    (-,-) 
  g48643/Y                                          -       A->Y    F     AND2x2_ASAP7_75t_SL            2  2.5    16    23    1326    (-,-) 
  g48580/Y                                          -       A3->Y   F     AO31x2_ASAP7_75t_SL            1  2.6    16    23    1349    (-,-) 
  g48578/Y                                          -       A->Y    R     INVx4_ASAP7_75t_SL            23 14.6    40    22    1371    (-,-) 
  g48551/Y                                          -       A1->Y   F     AOI221xp5_ASAP7_75t_SL         1  0.9    41    25    1396    (-,-) 
  PIPE_OUT_col2_stage_reg_reg[0][14]/D              -       -       F     ASYNC_DFFHx1_ASAP7_75t_SL      1    -     -     0    1396    (-,-) 
#--------------------------------------------------------------------------------------------------------------------------------------------



Path 13: VIOLATED (-515 ps) Setup Check with Pin PIPE_OUT_col2_stage_reg_reg[0][13]/CLK->D
           View: PVT_0P63V_100C.setup_view
          Group: clk
     Startpoint: (R) PIPE_OUT_col2_stage_reg_reg[0][19]/CLK
          Clock: (R) clk
       Endpoint: (F) PIPE_OUT_col2_stage_reg_reg[0][13]/D
          Clock: (R) clk

                     Capture       Launch     
        Clock Edge:+    1000            0     
       Src Latency:+       0            0     
       Net Latency:+       0 (I)        0 (I) 
           Arrival:=    1000            0     
                                              
             Setup:-      19                  
       Uncertainty:-     100                  
     Required Time:=     881                  
      Launch Clock:-       0                  
         Data Path:-    1396                  
             Slack:=    -515                  

#--------------------------------------------------------------------------------------------------------------------------------------------
#                   Timing Point                    Flags    Arc    Edge           Cell             Fanout Load Trans Delay Arrival Instance 
#                                                                                                          (fF)  (ps)  (ps)   (ps)  Location 
#--------------------------------------------------------------------------------------------------------------------------------------------
  PIPE_OUT_col2_stage_reg_reg[0][19]/CLK            -       -       R     (arrival)                   1135    -     0     0       0    (-,-) 
  PIPE_OUT_col2_stage_reg_reg[0][19]/QN             -       CLK->QN R     ASYNC_DFFHx1_ASAP7_75t_SL      2  1.3    29    51      51    (-,-) 
  g62605/Y                                          -       B1->Y   F     AOI22xp5_ASAP7_75t_SL          3  2.3    72    21      72    (-,-) 
  g61915/Y                                          -       B2->Y   F     OA22x2_ASAP7_75t_SL            2  1.5    18    39     110    (-,-) 
  g61886/Y                                          -       A->Y    R     INVx1_ASAP7_75t_SL             1  1.3    19    13     123    (-,-) 
  g61786__1617/Y                                    -       C->Y    F     AOI211x1_ASAP7_75t_SL          1  1.2    42    12     135    (-,-) 
  g61741__5477/Y                                    -       D->Y    F     AND5x2_ASAP7_75t_SL            2  2.1    18    37     172    (-,-) 
  g61737/Y                                          -       A->Y    F     BUFx3_ASAP7_75t_SL             3  3.1    14    21     194    (-,-) 
  g61696__1666/Y                                    -       B->Y    R     NAND2x1p5_ASAP7_75t_SL         2  2.0    30    12     206    (-,-) 
  g61692__9315/Y                                    -       B->Y    R     AND2x4_ASAP7_75t_SL            3  2.1    12    20     227    (-,-) 
  g61310__2398/Y                                    -       B1->Y   F     AOI22xp5_ASAP7_75t_L           1  0.8    33    13     240    (-,-) 
  g61232__1881/Y                                    -       A->Y    R     NAND3xp33_ASAP7_75t_SL         1  1.8    45    24     264    (-,-) 
  g61196__8428/Y                                    -       A->Y    F     NOR2x1p5_ASAP7_75t_SL          2  2.4    28    18     281    (-,-) 
  g61173__5115/Y                                    -       A->Y    R     NAND4xp75_ASAP7_75t_SL         1  1.8    27    14     295    (-,-) 
  g61155__3680/Y                                    -       A->Y    F     NAND4xp75_ASAP7_75t_SL         2  1.6    31    16     311    (-,-) 
  g61151/Y                                          -       A->Y    F     BUFx3_ASAP7_75t_SL             3  3.5    16    25     336    (-,-) 
  g61092__9315/Y                                    -       B->Y    R     NAND2x1p5_ASAP7_75t_SL         1  2.3    30    14     350    (-,-) 
  g61081__4733/Y                                    -       B->Y    F     NAND2x2_ASAP7_75t_SL           2  3.3    21    12     362    (-,-) 
  g61069/Y                                          -       A->Y    F     BUFx12f_ASAP7_75t_SL          12  9.9    14    21     383    (-,-) 
  g60932__2883/Y                                    -       A->Y    F     OR2x2_ASAP7_75t_SL             3  3.6    21    27     410    (-,-) 
  g60889/Y                                          -       A->Y    F     BUFx6f_ASAP7_75t_SL            3  4.6    12    20     430    (-,-) 
  g60887/Y                                          -       A->Y    R     INVx4_ASAP7_75t_SL             4  4.2    14    10     440    (-,-) 
  g60730__2398/Y                                    -       A2->Y   R     AO221x1_ASAP7_75t_SL           2  2.1    33    32     472    (-,-) 
  g60709/Y                                          -       A->Y    F     INVx2_ASAP7_75t_SL             2  1.6    15     9     481    (-,-) 
  g60642__6417/Y                                    -       A1->Y   R     OAI21xp5_ASAP7_75t_SL          2  1.6    38    20     501    (-,-) 
  g60616/Y                                          -       A->Y    F     INVx1_ASAP7_75t_SL             2  1.6    22    14     515    (-,-) 
  g60525__1666/Y                                    -       B1->Y   R     AOI22xp5_ASAP7_75t_SL          1  1.3    40    23     538    (-,-) 
  g60491__6161/Y                                    -       A->Y    F     NAND2x1_ASAP7_75t_SL           2  2.1    24    13     550    (-,-) 
  addinc_FP32_ALU_col2_fracAdder_add_113_18_g1337/Y -       A->Y    F     BUFx3_ASAP7_75t_SL             1  1.8    11    21     571    (-,-) 
  addinc_FP32_ALU_col2_fracAdder_add_113_18_g1320/Y -       B->Y    R     NOR2x1p5_ASAP7_75t_SL          2  1.8    32    12     583    (-,-) 
  addinc_FP32_ALU_col2_fracAdder_add_113_18_g1194/Y -       A->Y    F     NOR2x1_ASAP7_75t_SL            3  2.5    31    21     603    (-,-) 
  addinc_FP32_ALU_col2_fracAdder_add_113_18_g1151/Y -       B->Y    F     AND2x6_ASAP7_75t_SL            5  4.4    15    28     631    (-,-) 
  addinc_FP32_ALU_col2_fracAdder_add_113_18_g1124/Y -       B->Y    F     AND2x4_ASAP7_75t_L             3  3.7    15    25     656    (-,-) 
  addinc_FP32_ALU_col2_fracAdder_add_113_18_g1107/Y -       B->Y    R     NAND2x1_ASAP7_75t_SL           1  0.9    33    12     668    (-,-) 
  addinc_FP32_ALU_col2_fracAdder_add_113_18_g1052/Y -       A1->Y   F     OAI21xp5_ASAP7_75t_SL          1  1.8    36    21     689    (-,-) 
  addinc_FP32_ALU_col2_fracAdder_add_113_18_g1041/Y -       A->Y    F     XOR2x1_ASAP7_75t_SL            2  2.3    36    29     718    (-,-) 
  g50551/Y                                          -       D->Y    R     NOR4xp75_ASAP7_75t_SL          1  2.9    62    32     750    (-,-) 
  g49818/Y                                          -       A->Y    F     NAND3x2_ASAP7_75t_SL           2  4.0    33    14     765    (-,-) 
  g49816/Y                                          -       A->Y    R     INVx4_ASAP7_75t_SL             7  7.1    27    18     782    (-,-) 
  g49795/Y                                          -       A2->Y   F     AOI21x1_ASAP7_75t_SL           2  1.8    31    12     794    (-,-) 
  g49758/Y                                          -       B->Y    F     AND2x4_ASAP7_75t_SL            2  3.5    14    24     818    (-,-) 
  g49752/Y                                          -       A->Y    R     NAND2x1p5_ASAP7_75t_SL         1  2.9    26    16     835    (-,-) 
  g49749/Y                                          -       B->Y    F     NOR3x2_ASAP7_75t_SL            3  3.2    27    19     854    (-,-) 
  g49747/Y                                          -       A->Y    F     BUFx3_ASAP7_75t_SL             6  4.4    17    25     879    (-,-) 
  g49710/Y                                          -       A2->Y   R     AOI21x1_ASAP7_75t_SL           1  0.9    23    12     891    (-,-) 
  g49704/Y                                          -       A->Y    F     INVx1_ASAP7_75t_L              1  1.4    17    14     905    (-,-) 
  g49689/Y                                          -       B->Y    R     AOI21x1_ASAP7_75t_SL           2  1.6    28    16     921    (-,-) 
  g49682/Y                                          -       A->Y    F     INVx1_ASAP7_75t_SL             1  1.4    18    12     933    (-,-) 
  g49655/Y                                          -       B->Y    R     AOI21x1_ASAP7_75t_SL           2  1.6    29    16     949    (-,-) 
  g49639/Y                                          -       A1->Y   R     AO221x2_ASAP7_75t_SL           3  3.0    26    39     988    (-,-) 
  g49632/Y                                          -       B->Y    F     NAND2xp5_ASAP7_75t_SL          1  1.3    26    15    1003    (-,-) 
  g49566/Y                                          -       B->Y    F     AND2x6_ASAP7_75t_SL           23 14.7    26    34    1037    (-,-) 
  g49425/Y                                          -       B2->Y   F     OA22x2_ASAP7_75t_SL            2  2.8    20    32    1069    (-,-) 
  g49389/Y                                          -       A->Y    R     INVx2_ASAP7_75t_SL             1  1.3    13     9    1078    (-,-) 
  g49281/Y                                          -       B1->Y   F     AOI22x1_ASAP7_75t_SL           2  2.1    28    13    1091    (-,-) 
  fopt63181/Y                                       -       A->Y    R     INVx1_ASAP7_75t_SL             1  1.3    22    14    1106    (-,-) 
  g49155/Y                                          -       B1->Y   F     AOI22x1_ASAP7_75t_SL           2  2.3    33    15    1120    (-,-) 
  g49135/Y                                          -       A->Y    R     INVx2_ASAP7_75t_SL             1  1.3    17    11    1131    (-,-) 
  g49039/Y                                          -       A2->Y   F     AOI21x1_ASAP7_75t_SL           2  2.1    32    12    1143    (-,-) 
  g48912/Y                                          -       A2->Y   F     OA21x2_ASAP7_75t_SL            4  4.2    24    34    1177    (-,-) 
  g48843/Y                                          -       B->Y    R     NOR2x1_ASAP7_75t_SL            1  1.3    26    14    1190    (-,-) 
  g48823/Y                                          -       B->Y    R     AND2x4_ASAP7_75t_SL            2  2.6    14    21    1211    (-,-) 
  g48783/Y                                          -       A->Y    F     NAND4xp75_ASAP7_75t_SL         3  3.6    47    21    1232    (-,-) 
  g48777/Y                                          -       A->Y    R     INVx2_ASAP7_75t_SL             1  0.8    18    11    1242    (-,-) 
  g48749/Y                                          -       B->Y    F     NAND2xp5_ASAP7_75t_SL          1  1.2    26    14    1256    (-,-) 
  g48712/Y                                          -       B->Y    F     XOR2xp5_ASAP7_75t_SL           2  1.3    31    24    1279    (-,-) 
  g48671/Y                                          -       A->Y    F     AND2x2_ASAP7_75t_SL            1  0.8    11    24    1303    (-,-) 
  g48643/Y                                          -       A->Y    F     AND2x2_ASAP7_75t_SL            2  2.5    16    23    1326    (-,-) 
  g48580/Y                                          -       A3->Y   F     AO31x2_ASAP7_75t_SL            1  2.6    16    23    1349    (-,-) 
  g48578/Y                                          -       A->Y    R     INVx4_ASAP7_75t_SL            23 14.6    40    22    1371    (-,-) 
  g48550/Y                                          -       A1->Y   F     AOI221xp5_ASAP7_75t_SL         1  0.9    41    25    1396    (-,-) 
  PIPE_OUT_col2_stage_reg_reg[0][13]/D              -       -       F     ASYNC_DFFHx1_ASAP7_75t_SL      1    -     -     0    1396    (-,-) 
#--------------------------------------------------------------------------------------------------------------------------------------------



Path 14: VIOLATED (-515 ps) Setup Check with Pin PIPE_OUT_col2_stage_reg_reg[0][12]/CLK->D
           View: PVT_0P63V_100C.setup_view
          Group: clk
     Startpoint: (R) PIPE_OUT_col2_stage_reg_reg[0][19]/CLK
          Clock: (R) clk
       Endpoint: (F) PIPE_OUT_col2_stage_reg_reg[0][12]/D
          Clock: (R) clk

                     Capture       Launch     
        Clock Edge:+    1000            0     
       Src Latency:+       0            0     
       Net Latency:+       0 (I)        0 (I) 
           Arrival:=    1000            0     
                                              
             Setup:-      19                  
       Uncertainty:-     100                  
     Required Time:=     881                  
      Launch Clock:-       0                  
         Data Path:-    1396                  
             Slack:=    -515                  

#--------------------------------------------------------------------------------------------------------------------------------------------
#                   Timing Point                    Flags    Arc    Edge           Cell             Fanout Load Trans Delay Arrival Instance 
#                                                                                                          (fF)  (ps)  (ps)   (ps)  Location 
#--------------------------------------------------------------------------------------------------------------------------------------------
  PIPE_OUT_col2_stage_reg_reg[0][19]/CLK            -       -       R     (arrival)                   1135    -     0     0       0    (-,-) 
  PIPE_OUT_col2_stage_reg_reg[0][19]/QN             -       CLK->QN R     ASYNC_DFFHx1_ASAP7_75t_SL      2  1.3    29    51      51    (-,-) 
  g62605/Y                                          -       B1->Y   F     AOI22xp5_ASAP7_75t_SL          3  2.3    72    21      72    (-,-) 
  g61915/Y                                          -       B2->Y   F     OA22x2_ASAP7_75t_SL            2  1.5    18    39     110    (-,-) 
  g61886/Y                                          -       A->Y    R     INVx1_ASAP7_75t_SL             1  1.3    19    13     123    (-,-) 
  g61786__1617/Y                                    -       C->Y    F     AOI211x1_ASAP7_75t_SL          1  1.2    42    12     135    (-,-) 
  g61741__5477/Y                                    -       D->Y    F     AND5x2_ASAP7_75t_SL            2  2.1    18    37     172    (-,-) 
  g61737/Y                                          -       A->Y    F     BUFx3_ASAP7_75t_SL             3  3.1    14    21     194    (-,-) 
  g61696__1666/Y                                    -       B->Y    R     NAND2x1p5_ASAP7_75t_SL         2  2.0    30    12     206    (-,-) 
  g61692__9315/Y                                    -       B->Y    R     AND2x4_ASAP7_75t_SL            3  2.1    12    20     227    (-,-) 
  g61310__2398/Y                                    -       B1->Y   F     AOI22xp5_ASAP7_75t_L           1  0.8    33    13     240    (-,-) 
  g61232__1881/Y                                    -       A->Y    R     NAND3xp33_ASAP7_75t_SL         1  1.8    45    24     264    (-,-) 
  g61196__8428/Y                                    -       A->Y    F     NOR2x1p5_ASAP7_75t_SL          2  2.4    28    18     281    (-,-) 
  g61173__5115/Y                                    -       A->Y    R     NAND4xp75_ASAP7_75t_SL         1  1.8    27    14     295    (-,-) 
  g61155__3680/Y                                    -       A->Y    F     NAND4xp75_ASAP7_75t_SL         2  1.6    31    16     311    (-,-) 
  g61151/Y                                          -       A->Y    F     BUFx3_ASAP7_75t_SL             3  3.5    16    25     336    (-,-) 
  g61092__9315/Y                                    -       B->Y    R     NAND2x1p5_ASAP7_75t_SL         1  2.3    30    14     350    (-,-) 
  g61081__4733/Y                                    -       B->Y    F     NAND2x2_ASAP7_75t_SL           2  3.3    21    12     362    (-,-) 
  g61069/Y                                          -       A->Y    F     BUFx12f_ASAP7_75t_SL          12  9.9    14    21     383    (-,-) 
  g60932__2883/Y                                    -       A->Y    F     OR2x2_ASAP7_75t_SL             3  3.6    21    27     410    (-,-) 
  g60889/Y                                          -       A->Y    F     BUFx6f_ASAP7_75t_SL            3  4.6    12    20     430    (-,-) 
  g60887/Y                                          -       A->Y    R     INVx4_ASAP7_75t_SL             4  4.2    14    10     440    (-,-) 
  g60730__2398/Y                                    -       A2->Y   R     AO221x1_ASAP7_75t_SL           2  2.1    33    32     472    (-,-) 
  g60709/Y                                          -       A->Y    F     INVx2_ASAP7_75t_SL             2  1.6    15     9     481    (-,-) 
  g60642__6417/Y                                    -       A1->Y   R     OAI21xp5_ASAP7_75t_SL          2  1.6    38    20     501    (-,-) 
  g60616/Y                                          -       A->Y    F     INVx1_ASAP7_75t_SL             2  1.6    22    14     515    (-,-) 
  g60525__1666/Y                                    -       B1->Y   R     AOI22xp5_ASAP7_75t_SL          1  1.3    40    23     538    (-,-) 
  g60491__6161/Y                                    -       A->Y    F     NAND2x1_ASAP7_75t_SL           2  2.1    24    13     550    (-,-) 
  addinc_FP32_ALU_col2_fracAdder_add_113_18_g1337/Y -       A->Y    F     BUFx3_ASAP7_75t_SL             1  1.8    11    21     571    (-,-) 
  addinc_FP32_ALU_col2_fracAdder_add_113_18_g1320/Y -       B->Y    R     NOR2x1p5_ASAP7_75t_SL          2  1.8    32    12     583    (-,-) 
  addinc_FP32_ALU_col2_fracAdder_add_113_18_g1194/Y -       A->Y    F     NOR2x1_ASAP7_75t_SL            3  2.5    31    21     603    (-,-) 
  addinc_FP32_ALU_col2_fracAdder_add_113_18_g1151/Y -       B->Y    F     AND2x6_ASAP7_75t_SL            5  4.4    15    28     631    (-,-) 
  addinc_FP32_ALU_col2_fracAdder_add_113_18_g1124/Y -       B->Y    F     AND2x4_ASAP7_75t_L             3  3.7    15    25     656    (-,-) 
  addinc_FP32_ALU_col2_fracAdder_add_113_18_g1107/Y -       B->Y    R     NAND2x1_ASAP7_75t_SL           1  0.9    33    12     668    (-,-) 
  addinc_FP32_ALU_col2_fracAdder_add_113_18_g1052/Y -       A1->Y   F     OAI21xp5_ASAP7_75t_SL          1  1.8    36    21     689    (-,-) 
  addinc_FP32_ALU_col2_fracAdder_add_113_18_g1041/Y -       A->Y    F     XOR2x1_ASAP7_75t_SL            2  2.3    36    29     718    (-,-) 
  g50551/Y                                          -       D->Y    R     NOR4xp75_ASAP7_75t_SL          1  2.9    62    32     750    (-,-) 
  g49818/Y                                          -       A->Y    F     NAND3x2_ASAP7_75t_SL           2  4.0    33    14     765    (-,-) 
  g49816/Y                                          -       A->Y    R     INVx4_ASAP7_75t_SL             7  7.1    27    18     782    (-,-) 
  g49795/Y                                          -       A2->Y   F     AOI21x1_ASAP7_75t_SL           2  1.8    31    12     794    (-,-) 
  g49758/Y                                          -       B->Y    F     AND2x4_ASAP7_75t_SL            2  3.5    14    24     818    (-,-) 
  g49752/Y                                          -       A->Y    R     NAND2x1p5_ASAP7_75t_SL         1  2.9    26    16     835    (-,-) 
  g49749/Y                                          -       B->Y    F     NOR3x2_ASAP7_75t_SL            3  3.2    27    19     854    (-,-) 
  g49747/Y                                          -       A->Y    F     BUFx3_ASAP7_75t_SL             6  4.4    17    25     879    (-,-) 
  g49710/Y                                          -       A2->Y   R     AOI21x1_ASAP7_75t_SL           1  0.9    23    12     891    (-,-) 
  g49704/Y                                          -       A->Y    F     INVx1_ASAP7_75t_L              1  1.4    17    14     905    (-,-) 
  g49689/Y                                          -       B->Y    R     AOI21x1_ASAP7_75t_SL           2  1.6    28    16     921    (-,-) 
  g49682/Y                                          -       A->Y    F     INVx1_ASAP7_75t_SL             1  1.4    18    12     933    (-,-) 
  g49655/Y                                          -       B->Y    R     AOI21x1_ASAP7_75t_SL           2  1.6    29    16     949    (-,-) 
  g49639/Y                                          -       A1->Y   R     AO221x2_ASAP7_75t_SL           3  3.0    26    39     988    (-,-) 
  g49632/Y                                          -       B->Y    F     NAND2xp5_ASAP7_75t_SL          1  1.3    26    15    1003    (-,-) 
  g49566/Y                                          -       B->Y    F     AND2x6_ASAP7_75t_SL           23 14.7    26    34    1037    (-,-) 
  g49425/Y                                          -       B2->Y   F     OA22x2_ASAP7_75t_SL            2  2.8    20    32    1069    (-,-) 
  g49389/Y                                          -       A->Y    R     INVx2_ASAP7_75t_SL             1  1.3    13     9    1078    (-,-) 
  g49281/Y                                          -       B1->Y   F     AOI22x1_ASAP7_75t_SL           2  2.1    28    13    1091    (-,-) 
  fopt63181/Y                                       -       A->Y    R     INVx1_ASAP7_75t_SL             1  1.3    22    14    1106    (-,-) 
  g49155/Y                                          -       B1->Y   F     AOI22x1_ASAP7_75t_SL           2  2.3    33    15    1120    (-,-) 
  g49135/Y                                          -       A->Y    R     INVx2_ASAP7_75t_SL             1  1.3    17    11    1131    (-,-) 
  g49039/Y                                          -       A2->Y   F     AOI21x1_ASAP7_75t_SL           2  2.1    32    12    1143    (-,-) 
  g48912/Y                                          -       A2->Y   F     OA21x2_ASAP7_75t_SL            4  4.2    24    34    1177    (-,-) 
  g48843/Y                                          -       B->Y    R     NOR2x1_ASAP7_75t_SL            1  1.3    26    14    1190    (-,-) 
  g48823/Y                                          -       B->Y    R     AND2x4_ASAP7_75t_SL            2  2.6    14    21    1211    (-,-) 
  g48783/Y                                          -       A->Y    F     NAND4xp75_ASAP7_75t_SL         3  3.6    47    21    1232    (-,-) 
  g48777/Y                                          -       A->Y    R     INVx2_ASAP7_75t_SL             1  0.8    18    11    1242    (-,-) 
  g48749/Y                                          -       B->Y    F     NAND2xp5_ASAP7_75t_SL          1  1.2    26    14    1256    (-,-) 
  g48712/Y                                          -       B->Y    F     XOR2xp5_ASAP7_75t_SL           2  1.3    31    24    1279    (-,-) 
  g48671/Y                                          -       A->Y    F     AND2x2_ASAP7_75t_SL            1  0.8    11    24    1303    (-,-) 
  g48643/Y                                          -       A->Y    F     AND2x2_ASAP7_75t_SL            2  2.5    16    23    1326    (-,-) 
  g48580/Y                                          -       A3->Y   F     AO31x2_ASAP7_75t_SL            1  2.6    16    23    1349    (-,-) 
  g48578/Y                                          -       A->Y    R     INVx4_ASAP7_75t_SL            23 14.6    40    22    1371    (-,-) 
  g48549/Y                                          -       A1->Y   F     AOI221xp5_ASAP7_75t_SL         1  0.9    41    25    1396    (-,-) 
  PIPE_OUT_col2_stage_reg_reg[0][12]/D              -       -       F     ASYNC_DFFHx1_ASAP7_75t_SL      1    -     -     0    1396    (-,-) 
#--------------------------------------------------------------------------------------------------------------------------------------------



Path 15: VIOLATED (-515 ps) Setup Check with Pin PIPE_OUT_col2_stage_reg_reg[0][10]/CLK->D
           View: PVT_0P63V_100C.setup_view
          Group: clk
     Startpoint: (R) PIPE_OUT_col2_stage_reg_reg[0][19]/CLK
          Clock: (R) clk
       Endpoint: (F) PIPE_OUT_col2_stage_reg_reg[0][10]/D
          Clock: (R) clk

                     Capture       Launch     
        Clock Edge:+    1000            0     
       Src Latency:+       0            0     
       Net Latency:+       0 (I)        0 (I) 
           Arrival:=    1000            0     
                                              
             Setup:-      19                  
       Uncertainty:-     100                  
     Required Time:=     881                  
      Launch Clock:-       0                  
         Data Path:-    1396                  
             Slack:=    -515                  

#--------------------------------------------------------------------------------------------------------------------------------------------
#                   Timing Point                    Flags    Arc    Edge           Cell             Fanout Load Trans Delay Arrival Instance 
#                                                                                                          (fF)  (ps)  (ps)   (ps)  Location 
#--------------------------------------------------------------------------------------------------------------------------------------------
  PIPE_OUT_col2_stage_reg_reg[0][19]/CLK            -       -       R     (arrival)                   1135    -     0     0       0    (-,-) 
  PIPE_OUT_col2_stage_reg_reg[0][19]/QN             -       CLK->QN R     ASYNC_DFFHx1_ASAP7_75t_SL      2  1.3    29    51      51    (-,-) 
  g62605/Y                                          -       B1->Y   F     AOI22xp5_ASAP7_75t_SL          3  2.3    72    21      72    (-,-) 
  g61915/Y                                          -       B2->Y   F     OA22x2_ASAP7_75t_SL            2  1.5    18    39     110    (-,-) 
  g61886/Y                                          -       A->Y    R     INVx1_ASAP7_75t_SL             1  1.3    19    13     123    (-,-) 
  g61786__1617/Y                                    -       C->Y    F     AOI211x1_ASAP7_75t_SL          1  1.2    42    12     135    (-,-) 
  g61741__5477/Y                                    -       D->Y    F     AND5x2_ASAP7_75t_SL            2  2.1    18    37     172    (-,-) 
  g61737/Y                                          -       A->Y    F     BUFx3_ASAP7_75t_SL             3  3.1    14    21     194    (-,-) 
  g61696__1666/Y                                    -       B->Y    R     NAND2x1p5_ASAP7_75t_SL         2  2.0    30    12     206    (-,-) 
  g61692__9315/Y                                    -       B->Y    R     AND2x4_ASAP7_75t_SL            3  2.1    12    20     227    (-,-) 
  g61310__2398/Y                                    -       B1->Y   F     AOI22xp5_ASAP7_75t_L           1  0.8    33    13     240    (-,-) 
  g61232__1881/Y                                    -       A->Y    R     NAND3xp33_ASAP7_75t_SL         1  1.8    45    24     264    (-,-) 
  g61196__8428/Y                                    -       A->Y    F     NOR2x1p5_ASAP7_75t_SL          2  2.4    28    18     281    (-,-) 
  g61173__5115/Y                                    -       A->Y    R     NAND4xp75_ASAP7_75t_SL         1  1.8    27    14     295    (-,-) 
  g61155__3680/Y                                    -       A->Y    F     NAND4xp75_ASAP7_75t_SL         2  1.6    31    16     311    (-,-) 
  g61151/Y                                          -       A->Y    F     BUFx3_ASAP7_75t_SL             3  3.5    16    25     336    (-,-) 
  g61092__9315/Y                                    -       B->Y    R     NAND2x1p5_ASAP7_75t_SL         1  2.3    30    14     350    (-,-) 
  g61081__4733/Y                                    -       B->Y    F     NAND2x2_ASAP7_75t_SL           2  3.3    21    12     362    (-,-) 
  g61069/Y                                          -       A->Y    F     BUFx12f_ASAP7_75t_SL          12  9.9    14    21     383    (-,-) 
  g60932__2883/Y                                    -       A->Y    F     OR2x2_ASAP7_75t_SL             3  3.6    21    27     410    (-,-) 
  g60889/Y                                          -       A->Y    F     BUFx6f_ASAP7_75t_SL            3  4.6    12    20     430    (-,-) 
  g60887/Y                                          -       A->Y    R     INVx4_ASAP7_75t_SL             4  4.2    14    10     440    (-,-) 
  g60730__2398/Y                                    -       A2->Y   R     AO221x1_ASAP7_75t_SL           2  2.1    33    32     472    (-,-) 
  g60709/Y                                          -       A->Y    F     INVx2_ASAP7_75t_SL             2  1.6    15     9     481    (-,-) 
  g60642__6417/Y                                    -       A1->Y   R     OAI21xp5_ASAP7_75t_SL          2  1.6    38    20     501    (-,-) 
  g60616/Y                                          -       A->Y    F     INVx1_ASAP7_75t_SL             2  1.6    22    14     515    (-,-) 
  g60525__1666/Y                                    -       B1->Y   R     AOI22xp5_ASAP7_75t_SL          1  1.3    40    23     538    (-,-) 
  g60491__6161/Y                                    -       A->Y    F     NAND2x1_ASAP7_75t_SL           2  2.1    24    13     550    (-,-) 
  addinc_FP32_ALU_col2_fracAdder_add_113_18_g1337/Y -       A->Y    F     BUFx3_ASAP7_75t_SL             1  1.8    11    21     571    (-,-) 
  addinc_FP32_ALU_col2_fracAdder_add_113_18_g1320/Y -       B->Y    R     NOR2x1p5_ASAP7_75t_SL          2  1.8    32    12     583    (-,-) 
  addinc_FP32_ALU_col2_fracAdder_add_113_18_g1194/Y -       A->Y    F     NOR2x1_ASAP7_75t_SL            3  2.5    31    21     603    (-,-) 
  addinc_FP32_ALU_col2_fracAdder_add_113_18_g1151/Y -       B->Y    F     AND2x6_ASAP7_75t_SL            5  4.4    15    28     631    (-,-) 
  addinc_FP32_ALU_col2_fracAdder_add_113_18_g1124/Y -       B->Y    F     AND2x4_ASAP7_75t_L             3  3.7    15    25     656    (-,-) 
  addinc_FP32_ALU_col2_fracAdder_add_113_18_g1107/Y -       B->Y    R     NAND2x1_ASAP7_75t_SL           1  0.9    33    12     668    (-,-) 
  addinc_FP32_ALU_col2_fracAdder_add_113_18_g1052/Y -       A1->Y   F     OAI21xp5_ASAP7_75t_SL          1  1.8    36    21     689    (-,-) 
  addinc_FP32_ALU_col2_fracAdder_add_113_18_g1041/Y -       A->Y    F     XOR2x1_ASAP7_75t_SL            2  2.3    36    29     718    (-,-) 
  g50551/Y                                          -       D->Y    R     NOR4xp75_ASAP7_75t_SL          1  2.9    62    32     750    (-,-) 
  g49818/Y                                          -       A->Y    F     NAND3x2_ASAP7_75t_SL           2  4.0    33    14     765    (-,-) 
  g49816/Y                                          -       A->Y    R     INVx4_ASAP7_75t_SL             7  7.1    27    18     782    (-,-) 
  g49795/Y                                          -       A2->Y   F     AOI21x1_ASAP7_75t_SL           2  1.8    31    12     794    (-,-) 
  g49758/Y                                          -       B->Y    F     AND2x4_ASAP7_75t_SL            2  3.5    14    24     818    (-,-) 
  g49752/Y                                          -       A->Y    R     NAND2x1p5_ASAP7_75t_SL         1  2.9    26    16     835    (-,-) 
  g49749/Y                                          -       B->Y    F     NOR3x2_ASAP7_75t_SL            3  3.2    27    19     854    (-,-) 
  g49747/Y                                          -       A->Y    F     BUFx3_ASAP7_75t_SL             6  4.4    17    25     879    (-,-) 
  g49710/Y                                          -       A2->Y   R     AOI21x1_ASAP7_75t_SL           1  0.9    23    12     891    (-,-) 
  g49704/Y                                          -       A->Y    F     INVx1_ASAP7_75t_L              1  1.4    17    14     905    (-,-) 
  g49689/Y                                          -       B->Y    R     AOI21x1_ASAP7_75t_SL           2  1.6    28    16     921    (-,-) 
  g49682/Y                                          -       A->Y    F     INVx1_ASAP7_75t_SL             1  1.4    18    12     933    (-,-) 
  g49655/Y                                          -       B->Y    R     AOI21x1_ASAP7_75t_SL           2  1.6    29    16     949    (-,-) 
  g49639/Y                                          -       A1->Y   R     AO221x2_ASAP7_75t_SL           3  3.0    26    39     988    (-,-) 
  g49632/Y                                          -       B->Y    F     NAND2xp5_ASAP7_75t_SL          1  1.3    26    15    1003    (-,-) 
  g49566/Y                                          -       B->Y    F     AND2x6_ASAP7_75t_SL           23 14.7    26    34    1037    (-,-) 
  g49425/Y                                          -       B2->Y   F     OA22x2_ASAP7_75t_SL            2  2.8    20    32    1069    (-,-) 
  g49389/Y                                          -       A->Y    R     INVx2_ASAP7_75t_SL             1  1.3    13     9    1078    (-,-) 
  g49281/Y                                          -       B1->Y   F     AOI22x1_ASAP7_75t_SL           2  2.1    28    13    1091    (-,-) 
  fopt63181/Y                                       -       A->Y    R     INVx1_ASAP7_75t_SL             1  1.3    22    14    1106    (-,-) 
  g49155/Y                                          -       B1->Y   F     AOI22x1_ASAP7_75t_SL           2  2.3    33    15    1120    (-,-) 
  g49135/Y                                          -       A->Y    R     INVx2_ASAP7_75t_SL             1  1.3    17    11    1131    (-,-) 
  g49039/Y                                          -       A2->Y   F     AOI21x1_ASAP7_75t_SL           2  2.1    32    12    1143    (-,-) 
  g48912/Y                                          -       A2->Y   F     OA21x2_ASAP7_75t_SL            4  4.2    24    34    1177    (-,-) 
  g48843/Y                                          -       B->Y    R     NOR2x1_ASAP7_75t_SL            1  1.3    26    14    1190    (-,-) 
  g48823/Y                                          -       B->Y    R     AND2x4_ASAP7_75t_SL            2  2.6    14    21    1211    (-,-) 
  g48783/Y                                          -       A->Y    F     NAND4xp75_ASAP7_75t_SL         3  3.6    47    21    1232    (-,-) 
  g48777/Y                                          -       A->Y    R     INVx2_ASAP7_75t_SL             1  0.8    18    11    1242    (-,-) 
  g48749/Y                                          -       B->Y    F     NAND2xp5_ASAP7_75t_SL          1  1.2    26    14    1256    (-,-) 
  g48712/Y                                          -       B->Y    F     XOR2xp5_ASAP7_75t_SL           2  1.3    31    24    1279    (-,-) 
  g48671/Y                                          -       A->Y    F     AND2x2_ASAP7_75t_SL            1  0.8    11    24    1303    (-,-) 
  g48643/Y                                          -       A->Y    F     AND2x2_ASAP7_75t_SL            2  2.5    16    23    1326    (-,-) 
  g48580/Y                                          -       A3->Y   F     AO31x2_ASAP7_75t_SL            1  2.6    16    23    1349    (-,-) 
  g48578/Y                                          -       A->Y    R     INVx4_ASAP7_75t_SL            23 14.6    40    22    1371    (-,-) 
  g48547/Y                                          -       A1->Y   F     AOI221xp5_ASAP7_75t_SL         1  0.9    41    25    1396    (-,-) 
  PIPE_OUT_col2_stage_reg_reg[0][10]/D              -       -       F     ASYNC_DFFHx1_ASAP7_75t_SL      1    -     -     0    1396    (-,-) 
#--------------------------------------------------------------------------------------------------------------------------------------------



Path 16: VIOLATED (-515 ps) Setup Check with Pin PIPE_OUT_col2_stage_reg_reg[0][9]/CLK->D
           View: PVT_0P63V_100C.setup_view
          Group: clk
     Startpoint: (R) PIPE_OUT_col2_stage_reg_reg[0][19]/CLK
          Clock: (R) clk
       Endpoint: (F) PIPE_OUT_col2_stage_reg_reg[0][9]/D
          Clock: (R) clk

                     Capture       Launch     
        Clock Edge:+    1000            0     
       Src Latency:+       0            0     
       Net Latency:+       0 (I)        0 (I) 
           Arrival:=    1000            0     
                                              
             Setup:-      19                  
       Uncertainty:-     100                  
     Required Time:=     881                  
      Launch Clock:-       0                  
         Data Path:-    1396                  
             Slack:=    -515                  

#--------------------------------------------------------------------------------------------------------------------------------------------
#                   Timing Point                    Flags    Arc    Edge           Cell             Fanout Load Trans Delay Arrival Instance 
#                                                                                                          (fF)  (ps)  (ps)   (ps)  Location 
#--------------------------------------------------------------------------------------------------------------------------------------------
  PIPE_OUT_col2_stage_reg_reg[0][19]/CLK            -       -       R     (arrival)                   1135    -     0     0       0    (-,-) 
  PIPE_OUT_col2_stage_reg_reg[0][19]/QN             -       CLK->QN R     ASYNC_DFFHx1_ASAP7_75t_SL      2  1.3    29    51      51    (-,-) 
  g62605/Y                                          -       B1->Y   F     AOI22xp5_ASAP7_75t_SL          3  2.3    72    21      72    (-,-) 
  g61915/Y                                          -       B2->Y   F     OA22x2_ASAP7_75t_SL            2  1.5    18    39     110    (-,-) 
  g61886/Y                                          -       A->Y    R     INVx1_ASAP7_75t_SL             1  1.3    19    13     123    (-,-) 
  g61786__1617/Y                                    -       C->Y    F     AOI211x1_ASAP7_75t_SL          1  1.2    42    12     135    (-,-) 
  g61741__5477/Y                                    -       D->Y    F     AND5x2_ASAP7_75t_SL            2  2.1    18    37     172    (-,-) 
  g61737/Y                                          -       A->Y    F     BUFx3_ASAP7_75t_SL             3  3.1    14    21     194    (-,-) 
  g61696__1666/Y                                    -       B->Y    R     NAND2x1p5_ASAP7_75t_SL         2  2.0    30    12     206    (-,-) 
  g61692__9315/Y                                    -       B->Y    R     AND2x4_ASAP7_75t_SL            3  2.1    12    20     227    (-,-) 
  g61310__2398/Y                                    -       B1->Y   F     AOI22xp5_ASAP7_75t_L           1  0.8    33    13     240    (-,-) 
  g61232__1881/Y                                    -       A->Y    R     NAND3xp33_ASAP7_75t_SL         1  1.8    45    24     264    (-,-) 
  g61196__8428/Y                                    -       A->Y    F     NOR2x1p5_ASAP7_75t_SL          2  2.4    28    18     281    (-,-) 
  g61173__5115/Y                                    -       A->Y    R     NAND4xp75_ASAP7_75t_SL         1  1.8    27    14     295    (-,-) 
  g61155__3680/Y                                    -       A->Y    F     NAND4xp75_ASAP7_75t_SL         2  1.6    31    16     311    (-,-) 
  g61151/Y                                          -       A->Y    F     BUFx3_ASAP7_75t_SL             3  3.5    16    25     336    (-,-) 
  g61092__9315/Y                                    -       B->Y    R     NAND2x1p5_ASAP7_75t_SL         1  2.3    30    14     350    (-,-) 
  g61081__4733/Y                                    -       B->Y    F     NAND2x2_ASAP7_75t_SL           2  3.3    21    12     362    (-,-) 
  g61069/Y                                          -       A->Y    F     BUFx12f_ASAP7_75t_SL          12  9.9    14    21     383    (-,-) 
  g60932__2883/Y                                    -       A->Y    F     OR2x2_ASAP7_75t_SL             3  3.6    21    27     410    (-,-) 
  g60889/Y                                          -       A->Y    F     BUFx6f_ASAP7_75t_SL            3  4.6    12    20     430    (-,-) 
  g60887/Y                                          -       A->Y    R     INVx4_ASAP7_75t_SL             4  4.2    14    10     440    (-,-) 
  g60730__2398/Y                                    -       A2->Y   R     AO221x1_ASAP7_75t_SL           2  2.1    33    32     472    (-,-) 
  g60709/Y                                          -       A->Y    F     INVx2_ASAP7_75t_SL             2  1.6    15     9     481    (-,-) 
  g60642__6417/Y                                    -       A1->Y   R     OAI21xp5_ASAP7_75t_SL          2  1.6    38    20     501    (-,-) 
  g60616/Y                                          -       A->Y    F     INVx1_ASAP7_75t_SL             2  1.6    22    14     515    (-,-) 
  g60525__1666/Y                                    -       B1->Y   R     AOI22xp5_ASAP7_75t_SL          1  1.3    40    23     538    (-,-) 
  g60491__6161/Y                                    -       A->Y    F     NAND2x1_ASAP7_75t_SL           2  2.1    24    13     550    (-,-) 
  addinc_FP32_ALU_col2_fracAdder_add_113_18_g1337/Y -       A->Y    F     BUFx3_ASAP7_75t_SL             1  1.8    11    21     571    (-,-) 
  addinc_FP32_ALU_col2_fracAdder_add_113_18_g1320/Y -       B->Y    R     NOR2x1p5_ASAP7_75t_SL          2  1.8    32    12     583    (-,-) 
  addinc_FP32_ALU_col2_fracAdder_add_113_18_g1194/Y -       A->Y    F     NOR2x1_ASAP7_75t_SL            3  2.5    31    21     603    (-,-) 
  addinc_FP32_ALU_col2_fracAdder_add_113_18_g1151/Y -       B->Y    F     AND2x6_ASAP7_75t_SL            5  4.4    15    28     631    (-,-) 
  addinc_FP32_ALU_col2_fracAdder_add_113_18_g1124/Y -       B->Y    F     AND2x4_ASAP7_75t_L             3  3.7    15    25     656    (-,-) 
  addinc_FP32_ALU_col2_fracAdder_add_113_18_g1107/Y -       B->Y    R     NAND2x1_ASAP7_75t_SL           1  0.9    33    12     668    (-,-) 
  addinc_FP32_ALU_col2_fracAdder_add_113_18_g1052/Y -       A1->Y   F     OAI21xp5_ASAP7_75t_SL          1  1.8    36    21     689    (-,-) 
  addinc_FP32_ALU_col2_fracAdder_add_113_18_g1041/Y -       A->Y    F     XOR2x1_ASAP7_75t_SL            2  2.3    36    29     718    (-,-) 
  g50551/Y                                          -       D->Y    R     NOR4xp75_ASAP7_75t_SL          1  2.9    62    32     750    (-,-) 
  g49818/Y                                          -       A->Y    F     NAND3x2_ASAP7_75t_SL           2  4.0    33    14     765    (-,-) 
  g49816/Y                                          -       A->Y    R     INVx4_ASAP7_75t_SL             7  7.1    27    18     782    (-,-) 
  g49795/Y                                          -       A2->Y   F     AOI21x1_ASAP7_75t_SL           2  1.8    31    12     794    (-,-) 
  g49758/Y                                          -       B->Y    F     AND2x4_ASAP7_75t_SL            2  3.5    14    24     818    (-,-) 
  g49752/Y                                          -       A->Y    R     NAND2x1p5_ASAP7_75t_SL         1  2.9    26    16     835    (-,-) 
  g49749/Y                                          -       B->Y    F     NOR3x2_ASAP7_75t_SL            3  3.2    27    19     854    (-,-) 
  g49747/Y                                          -       A->Y    F     BUFx3_ASAP7_75t_SL             6  4.4    17    25     879    (-,-) 
  g49710/Y                                          -       A2->Y   R     AOI21x1_ASAP7_75t_SL           1  0.9    23    12     891    (-,-) 
  g49704/Y                                          -       A->Y    F     INVx1_ASAP7_75t_L              1  1.4    17    14     905    (-,-) 
  g49689/Y                                          -       B->Y    R     AOI21x1_ASAP7_75t_SL           2  1.6    28    16     921    (-,-) 
  g49682/Y                                          -       A->Y    F     INVx1_ASAP7_75t_SL             1  1.4    18    12     933    (-,-) 
  g49655/Y                                          -       B->Y    R     AOI21x1_ASAP7_75t_SL           2  1.6    29    16     949    (-,-) 
  g49639/Y                                          -       A1->Y   R     AO221x2_ASAP7_75t_SL           3  3.0    26    39     988    (-,-) 
  g49632/Y                                          -       B->Y    F     NAND2xp5_ASAP7_75t_SL          1  1.3    26    15    1003    (-,-) 
  g49566/Y                                          -       B->Y    F     AND2x6_ASAP7_75t_SL           23 14.7    26    34    1037    (-,-) 
  g49425/Y                                          -       B2->Y   F     OA22x2_ASAP7_75t_SL            2  2.8    20    32    1069    (-,-) 
  g49389/Y                                          -       A->Y    R     INVx2_ASAP7_75t_SL             1  1.3    13     9    1078    (-,-) 
  g49281/Y                                          -       B1->Y   F     AOI22x1_ASAP7_75t_SL           2  2.1    28    13    1091    (-,-) 
  fopt63181/Y                                       -       A->Y    R     INVx1_ASAP7_75t_SL             1  1.3    22    14    1106    (-,-) 
  g49155/Y                                          -       B1->Y   F     AOI22x1_ASAP7_75t_SL           2  2.3    33    15    1120    (-,-) 
  g49135/Y                                          -       A->Y    R     INVx2_ASAP7_75t_SL             1  1.3    17    11    1131    (-,-) 
  g49039/Y                                          -       A2->Y   F     AOI21x1_ASAP7_75t_SL           2  2.1    32    12    1143    (-,-) 
  g48912/Y                                          -       A2->Y   F     OA21x2_ASAP7_75t_SL            4  4.2    24    34    1177    (-,-) 
  g48843/Y                                          -       B->Y    R     NOR2x1_ASAP7_75t_SL            1  1.3    26    14    1190    (-,-) 
  g48823/Y                                          -       B->Y    R     AND2x4_ASAP7_75t_SL            2  2.6    14    21    1211    (-,-) 
  g48783/Y                                          -       A->Y    F     NAND4xp75_ASAP7_75t_SL         3  3.6    47    21    1232    (-,-) 
  g48777/Y                                          -       A->Y    R     INVx2_ASAP7_75t_SL             1  0.8    18    11    1242    (-,-) 
  g48749/Y                                          -       B->Y    F     NAND2xp5_ASAP7_75t_SL          1  1.2    26    14    1256    (-,-) 
  g48712/Y                                          -       B->Y    F     XOR2xp5_ASAP7_75t_SL           2  1.3    31    24    1279    (-,-) 
  g48671/Y                                          -       A->Y    F     AND2x2_ASAP7_75t_SL            1  0.8    11    24    1303    (-,-) 
  g48643/Y                                          -       A->Y    F     AND2x2_ASAP7_75t_SL            2  2.5    16    23    1326    (-,-) 
  g48580/Y                                          -       A3->Y   F     AO31x2_ASAP7_75t_SL            1  2.6    16    23    1349    (-,-) 
  g48578/Y                                          -       A->Y    R     INVx4_ASAP7_75t_SL            23 14.6    40    22    1371    (-,-) 
  g48546/Y                                          -       A1->Y   F     AOI221xp5_ASAP7_75t_SL         1  0.9    41    25    1396    (-,-) 
  PIPE_OUT_col2_stage_reg_reg[0][9]/D               -       -       F     ASYNC_DFFHx1_ASAP7_75t_SL      1    -     -     0    1396    (-,-) 
#--------------------------------------------------------------------------------------------------------------------------------------------



Path 17: VIOLATED (-515 ps) Setup Check with Pin PIPE_OUT_col2_stage_reg_reg[0][8]/CLK->D
           View: PVT_0P63V_100C.setup_view
          Group: clk
     Startpoint: (R) PIPE_OUT_col2_stage_reg_reg[0][19]/CLK
          Clock: (R) clk
       Endpoint: (F) PIPE_OUT_col2_stage_reg_reg[0][8]/D
          Clock: (R) clk

                     Capture       Launch     
        Clock Edge:+    1000            0     
       Src Latency:+       0            0     
       Net Latency:+       0 (I)        0 (I) 
           Arrival:=    1000            0     
                                              
             Setup:-      19                  
       Uncertainty:-     100                  
     Required Time:=     881                  
      Launch Clock:-       0                  
         Data Path:-    1396                  
             Slack:=    -515                  

#--------------------------------------------------------------------------------------------------------------------------------------------
#                   Timing Point                    Flags    Arc    Edge           Cell             Fanout Load Trans Delay Arrival Instance 
#                                                                                                          (fF)  (ps)  (ps)   (ps)  Location 
#--------------------------------------------------------------------------------------------------------------------------------------------
  PIPE_OUT_col2_stage_reg_reg[0][19]/CLK            -       -       R     (arrival)                   1135    -     0     0       0    (-,-) 
  PIPE_OUT_col2_stage_reg_reg[0][19]/QN             -       CLK->QN R     ASYNC_DFFHx1_ASAP7_75t_SL      2  1.3    29    51      51    (-,-) 
  g62605/Y                                          -       B1->Y   F     AOI22xp5_ASAP7_75t_SL          3  2.3    72    21      72    (-,-) 
  g61915/Y                                          -       B2->Y   F     OA22x2_ASAP7_75t_SL            2  1.5    18    39     110    (-,-) 
  g61886/Y                                          -       A->Y    R     INVx1_ASAP7_75t_SL             1  1.3    19    13     123    (-,-) 
  g61786__1617/Y                                    -       C->Y    F     AOI211x1_ASAP7_75t_SL          1  1.2    42    12     135    (-,-) 
  g61741__5477/Y                                    -       D->Y    F     AND5x2_ASAP7_75t_SL            2  2.1    18    37     172    (-,-) 
  g61737/Y                                          -       A->Y    F     BUFx3_ASAP7_75t_SL             3  3.1    14    21     194    (-,-) 
  g61696__1666/Y                                    -       B->Y    R     NAND2x1p5_ASAP7_75t_SL         2  2.0    30    12     206    (-,-) 
  g61692__9315/Y                                    -       B->Y    R     AND2x4_ASAP7_75t_SL            3  2.1    12    20     227    (-,-) 
  g61310__2398/Y                                    -       B1->Y   F     AOI22xp5_ASAP7_75t_L           1  0.8    33    13     240    (-,-) 
  g61232__1881/Y                                    -       A->Y    R     NAND3xp33_ASAP7_75t_SL         1  1.8    45    24     264    (-,-) 
  g61196__8428/Y                                    -       A->Y    F     NOR2x1p5_ASAP7_75t_SL          2  2.4    28    18     281    (-,-) 
  g61173__5115/Y                                    -       A->Y    R     NAND4xp75_ASAP7_75t_SL         1  1.8    27    14     295    (-,-) 
  g61155__3680/Y                                    -       A->Y    F     NAND4xp75_ASAP7_75t_SL         2  1.6    31    16     311    (-,-) 
  g61151/Y                                          -       A->Y    F     BUFx3_ASAP7_75t_SL             3  3.5    16    25     336    (-,-) 
  g61092__9315/Y                                    -       B->Y    R     NAND2x1p5_ASAP7_75t_SL         1  2.3    30    14     350    (-,-) 
  g61081__4733/Y                                    -       B->Y    F     NAND2x2_ASAP7_75t_SL           2  3.3    21    12     362    (-,-) 
  g61069/Y                                          -       A->Y    F     BUFx12f_ASAP7_75t_SL          12  9.9    14    21     383    (-,-) 
  g60932__2883/Y                                    -       A->Y    F     OR2x2_ASAP7_75t_SL             3  3.6    21    27     410    (-,-) 
  g60889/Y                                          -       A->Y    F     BUFx6f_ASAP7_75t_SL            3  4.6    12    20     430    (-,-) 
  g60887/Y                                          -       A->Y    R     INVx4_ASAP7_75t_SL             4  4.2    14    10     440    (-,-) 
  g60730__2398/Y                                    -       A2->Y   R     AO221x1_ASAP7_75t_SL           2  2.1    33    32     472    (-,-) 
  g60709/Y                                          -       A->Y    F     INVx2_ASAP7_75t_SL             2  1.6    15     9     481    (-,-) 
  g60642__6417/Y                                    -       A1->Y   R     OAI21xp5_ASAP7_75t_SL          2  1.6    38    20     501    (-,-) 
  g60616/Y                                          -       A->Y    F     INVx1_ASAP7_75t_SL             2  1.6    22    14     515    (-,-) 
  g60525__1666/Y                                    -       B1->Y   R     AOI22xp5_ASAP7_75t_SL          1  1.3    40    23     538    (-,-) 
  g60491__6161/Y                                    -       A->Y    F     NAND2x1_ASAP7_75t_SL           2  2.1    24    13     550    (-,-) 
  addinc_FP32_ALU_col2_fracAdder_add_113_18_g1337/Y -       A->Y    F     BUFx3_ASAP7_75t_SL             1  1.8    11    21     571    (-,-) 
  addinc_FP32_ALU_col2_fracAdder_add_113_18_g1320/Y -       B->Y    R     NOR2x1p5_ASAP7_75t_SL          2  1.8    32    12     583    (-,-) 
  addinc_FP32_ALU_col2_fracAdder_add_113_18_g1194/Y -       A->Y    F     NOR2x1_ASAP7_75t_SL            3  2.5    31    21     603    (-,-) 
  addinc_FP32_ALU_col2_fracAdder_add_113_18_g1151/Y -       B->Y    F     AND2x6_ASAP7_75t_SL            5  4.4    15    28     631    (-,-) 
  addinc_FP32_ALU_col2_fracAdder_add_113_18_g1124/Y -       B->Y    F     AND2x4_ASAP7_75t_L             3  3.7    15    25     656    (-,-) 
  addinc_FP32_ALU_col2_fracAdder_add_113_18_g1107/Y -       B->Y    R     NAND2x1_ASAP7_75t_SL           1  0.9    33    12     668    (-,-) 
  addinc_FP32_ALU_col2_fracAdder_add_113_18_g1052/Y -       A1->Y   F     OAI21xp5_ASAP7_75t_SL          1  1.8    36    21     689    (-,-) 
  addinc_FP32_ALU_col2_fracAdder_add_113_18_g1041/Y -       A->Y    F     XOR2x1_ASAP7_75t_SL            2  2.3    36    29     718    (-,-) 
  g50551/Y                                          -       D->Y    R     NOR4xp75_ASAP7_75t_SL          1  2.9    62    32     750    (-,-) 
  g49818/Y                                          -       A->Y    F     NAND3x2_ASAP7_75t_SL           2  4.0    33    14     765    (-,-) 
  g49816/Y                                          -       A->Y    R     INVx4_ASAP7_75t_SL             7  7.1    27    18     782    (-,-) 
  g49795/Y                                          -       A2->Y   F     AOI21x1_ASAP7_75t_SL           2  1.8    31    12     794    (-,-) 
  g49758/Y                                          -       B->Y    F     AND2x4_ASAP7_75t_SL            2  3.5    14    24     818    (-,-) 
  g49752/Y                                          -       A->Y    R     NAND2x1p5_ASAP7_75t_SL         1  2.9    26    16     835    (-,-) 
  g49749/Y                                          -       B->Y    F     NOR3x2_ASAP7_75t_SL            3  3.2    27    19     854    (-,-) 
  g49747/Y                                          -       A->Y    F     BUFx3_ASAP7_75t_SL             6  4.4    17    25     879    (-,-) 
  g49710/Y                                          -       A2->Y   R     AOI21x1_ASAP7_75t_SL           1  0.9    23    12     891    (-,-) 
  g49704/Y                                          -       A->Y    F     INVx1_ASAP7_75t_L              1  1.4    17    14     905    (-,-) 
  g49689/Y                                          -       B->Y    R     AOI21x1_ASAP7_75t_SL           2  1.6    28    16     921    (-,-) 
  g49682/Y                                          -       A->Y    F     INVx1_ASAP7_75t_SL             1  1.4    18    12     933    (-,-) 
  g49655/Y                                          -       B->Y    R     AOI21x1_ASAP7_75t_SL           2  1.6    29    16     949    (-,-) 
  g49639/Y                                          -       A1->Y   R     AO221x2_ASAP7_75t_SL           3  3.0    26    39     988    (-,-) 
  g49632/Y                                          -       B->Y    F     NAND2xp5_ASAP7_75t_SL          1  1.3    26    15    1003    (-,-) 
  g49566/Y                                          -       B->Y    F     AND2x6_ASAP7_75t_SL           23 14.7    26    34    1037    (-,-) 
  g49425/Y                                          -       B2->Y   F     OA22x2_ASAP7_75t_SL            2  2.8    20    32    1069    (-,-) 
  g49389/Y                                          -       A->Y    R     INVx2_ASAP7_75t_SL             1  1.3    13     9    1078    (-,-) 
  g49281/Y                                          -       B1->Y   F     AOI22x1_ASAP7_75t_SL           2  2.1    28    13    1091    (-,-) 
  fopt63181/Y                                       -       A->Y    R     INVx1_ASAP7_75t_SL             1  1.3    22    14    1106    (-,-) 
  g49155/Y                                          -       B1->Y   F     AOI22x1_ASAP7_75t_SL           2  2.3    33    15    1120    (-,-) 
  g49135/Y                                          -       A->Y    R     INVx2_ASAP7_75t_SL             1  1.3    17    11    1131    (-,-) 
  g49039/Y                                          -       A2->Y   F     AOI21x1_ASAP7_75t_SL           2  2.1    32    12    1143    (-,-) 
  g48912/Y                                          -       A2->Y   F     OA21x2_ASAP7_75t_SL            4  4.2    24    34    1177    (-,-) 
  g48843/Y                                          -       B->Y    R     NOR2x1_ASAP7_75t_SL            1  1.3    26    14    1190    (-,-) 
  g48823/Y                                          -       B->Y    R     AND2x4_ASAP7_75t_SL            2  2.6    14    21    1211    (-,-) 
  g48783/Y                                          -       A->Y    F     NAND4xp75_ASAP7_75t_SL         3  3.6    47    21    1232    (-,-) 
  g48777/Y                                          -       A->Y    R     INVx2_ASAP7_75t_SL             1  0.8    18    11    1242    (-,-) 
  g48749/Y                                          -       B->Y    F     NAND2xp5_ASAP7_75t_SL          1  1.2    26    14    1256    (-,-) 
  g48712/Y                                          -       B->Y    F     XOR2xp5_ASAP7_75t_SL           2  1.3    31    24    1279    (-,-) 
  g48671/Y                                          -       A->Y    F     AND2x2_ASAP7_75t_SL            1  0.8    11    24    1303    (-,-) 
  g48643/Y                                          -       A->Y    F     AND2x2_ASAP7_75t_SL            2  2.5    16    23    1326    (-,-) 
  g48580/Y                                          -       A3->Y   F     AO31x2_ASAP7_75t_SL            1  2.6    16    23    1349    (-,-) 
  g48578/Y                                          -       A->Y    R     INVx4_ASAP7_75t_SL            23 14.6    40    22    1371    (-,-) 
  g48562/Y                                          -       A1->Y   F     AOI221xp5_ASAP7_75t_SL         1  0.9    41    25    1396    (-,-) 
  PIPE_OUT_col2_stage_reg_reg[0][8]/D               -       -       F     ASYNC_DFFHx1_ASAP7_75t_SL      1    -     -     0    1396    (-,-) 
#--------------------------------------------------------------------------------------------------------------------------------------------



Path 18: VIOLATED (-515 ps) Setup Check with Pin PIPE_OUT_col2_stage_reg_reg[0][4]/CLK->D
           View: PVT_0P63V_100C.setup_view
          Group: clk
     Startpoint: (R) PIPE_OUT_col2_stage_reg_reg[0][19]/CLK
          Clock: (R) clk
       Endpoint: (F) PIPE_OUT_col2_stage_reg_reg[0][4]/D
          Clock: (R) clk

                     Capture       Launch     
        Clock Edge:+    1000            0     
       Src Latency:+       0            0     
       Net Latency:+       0 (I)        0 (I) 
           Arrival:=    1000            0     
                                              
             Setup:-      19                  
       Uncertainty:-     100                  
     Required Time:=     881                  
      Launch Clock:-       0                  
         Data Path:-    1396                  
             Slack:=    -515                  

#--------------------------------------------------------------------------------------------------------------------------------------------
#                   Timing Point                    Flags    Arc    Edge           Cell             Fanout Load Trans Delay Arrival Instance 
#                                                                                                          (fF)  (ps)  (ps)   (ps)  Location 
#--------------------------------------------------------------------------------------------------------------------------------------------
  PIPE_OUT_col2_stage_reg_reg[0][19]/CLK            -       -       R     (arrival)                   1135    -     0     0       0    (-,-) 
  PIPE_OUT_col2_stage_reg_reg[0][19]/QN             -       CLK->QN R     ASYNC_DFFHx1_ASAP7_75t_SL      2  1.3    29    51      51    (-,-) 
  g62605/Y                                          -       B1->Y   F     AOI22xp5_ASAP7_75t_SL          3  2.3    72    21      72    (-,-) 
  g61915/Y                                          -       B2->Y   F     OA22x2_ASAP7_75t_SL            2  1.5    18    39     110    (-,-) 
  g61886/Y                                          -       A->Y    R     INVx1_ASAP7_75t_SL             1  1.3    19    13     123    (-,-) 
  g61786__1617/Y                                    -       C->Y    F     AOI211x1_ASAP7_75t_SL          1  1.2    42    12     135    (-,-) 
  g61741__5477/Y                                    -       D->Y    F     AND5x2_ASAP7_75t_SL            2  2.1    18    37     172    (-,-) 
  g61737/Y                                          -       A->Y    F     BUFx3_ASAP7_75t_SL             3  3.1    14    21     194    (-,-) 
  g61696__1666/Y                                    -       B->Y    R     NAND2x1p5_ASAP7_75t_SL         2  2.0    30    12     206    (-,-) 
  g61692__9315/Y                                    -       B->Y    R     AND2x4_ASAP7_75t_SL            3  2.1    12    20     227    (-,-) 
  g61310__2398/Y                                    -       B1->Y   F     AOI22xp5_ASAP7_75t_L           1  0.8    33    13     240    (-,-) 
  g61232__1881/Y                                    -       A->Y    R     NAND3xp33_ASAP7_75t_SL         1  1.8    45    24     264    (-,-) 
  g61196__8428/Y                                    -       A->Y    F     NOR2x1p5_ASAP7_75t_SL          2  2.4    28    18     281    (-,-) 
  g61173__5115/Y                                    -       A->Y    R     NAND4xp75_ASAP7_75t_SL         1  1.8    27    14     295    (-,-) 
  g61155__3680/Y                                    -       A->Y    F     NAND4xp75_ASAP7_75t_SL         2  1.6    31    16     311    (-,-) 
  g61151/Y                                          -       A->Y    F     BUFx3_ASAP7_75t_SL             3  3.5    16    25     336    (-,-) 
  g61092__9315/Y                                    -       B->Y    R     NAND2x1p5_ASAP7_75t_SL         1  2.3    30    14     350    (-,-) 
  g61081__4733/Y                                    -       B->Y    F     NAND2x2_ASAP7_75t_SL           2  3.3    21    12     362    (-,-) 
  g61069/Y                                          -       A->Y    F     BUFx12f_ASAP7_75t_SL          12  9.9    14    21     383    (-,-) 
  g60932__2883/Y                                    -       A->Y    F     OR2x2_ASAP7_75t_SL             3  3.6    21    27     410    (-,-) 
  g60889/Y                                          -       A->Y    F     BUFx6f_ASAP7_75t_SL            3  4.6    12    20     430    (-,-) 
  g60887/Y                                          -       A->Y    R     INVx4_ASAP7_75t_SL             4  4.2    14    10     440    (-,-) 
  g60730__2398/Y                                    -       A2->Y   R     AO221x1_ASAP7_75t_SL           2  2.1    33    32     472    (-,-) 
  g60709/Y                                          -       A->Y    F     INVx2_ASAP7_75t_SL             2  1.6    15     9     481    (-,-) 
  g60642__6417/Y                                    -       A1->Y   R     OAI21xp5_ASAP7_75t_SL          2  1.6    38    20     501    (-,-) 
  g60616/Y                                          -       A->Y    F     INVx1_ASAP7_75t_SL             2  1.6    22    14     515    (-,-) 
  g60525__1666/Y                                    -       B1->Y   R     AOI22xp5_ASAP7_75t_SL          1  1.3    40    23     538    (-,-) 
  g60491__6161/Y                                    -       A->Y    F     NAND2x1_ASAP7_75t_SL           2  2.1    24    13     550    (-,-) 
  addinc_FP32_ALU_col2_fracAdder_add_113_18_g1337/Y -       A->Y    F     BUFx3_ASAP7_75t_SL             1  1.8    11    21     571    (-,-) 
  addinc_FP32_ALU_col2_fracAdder_add_113_18_g1320/Y -       B->Y    R     NOR2x1p5_ASAP7_75t_SL          2  1.8    32    12     583    (-,-) 
  addinc_FP32_ALU_col2_fracAdder_add_113_18_g1194/Y -       A->Y    F     NOR2x1_ASAP7_75t_SL            3  2.5    31    21     603    (-,-) 
  addinc_FP32_ALU_col2_fracAdder_add_113_18_g1151/Y -       B->Y    F     AND2x6_ASAP7_75t_SL            5  4.4    15    28     631    (-,-) 
  addinc_FP32_ALU_col2_fracAdder_add_113_18_g1124/Y -       B->Y    F     AND2x4_ASAP7_75t_L             3  3.7    15    25     656    (-,-) 
  addinc_FP32_ALU_col2_fracAdder_add_113_18_g1107/Y -       B->Y    R     NAND2x1_ASAP7_75t_SL           1  0.9    33    12     668    (-,-) 
  addinc_FP32_ALU_col2_fracAdder_add_113_18_g1052/Y -       A1->Y   F     OAI21xp5_ASAP7_75t_SL          1  1.8    36    21     689    (-,-) 
  addinc_FP32_ALU_col2_fracAdder_add_113_18_g1041/Y -       A->Y    F     XOR2x1_ASAP7_75t_SL            2  2.3    36    29     718    (-,-) 
  g50551/Y                                          -       D->Y    R     NOR4xp75_ASAP7_75t_SL          1  2.9    62    32     750    (-,-) 
  g49818/Y                                          -       A->Y    F     NAND3x2_ASAP7_75t_SL           2  4.0    33    14     765    (-,-) 
  g49816/Y                                          -       A->Y    R     INVx4_ASAP7_75t_SL             7  7.1    27    18     782    (-,-) 
  g49795/Y                                          -       A2->Y   F     AOI21x1_ASAP7_75t_SL           2  1.8    31    12     794    (-,-) 
  g49758/Y                                          -       B->Y    F     AND2x4_ASAP7_75t_SL            2  3.5    14    24     818    (-,-) 
  g49752/Y                                          -       A->Y    R     NAND2x1p5_ASAP7_75t_SL         1  2.9    26    16     835    (-,-) 
  g49749/Y                                          -       B->Y    F     NOR3x2_ASAP7_75t_SL            3  3.2    27    19     854    (-,-) 
  g49747/Y                                          -       A->Y    F     BUFx3_ASAP7_75t_SL             6  4.4    17    25     879    (-,-) 
  g49710/Y                                          -       A2->Y   R     AOI21x1_ASAP7_75t_SL           1  0.9    23    12     891    (-,-) 
  g49704/Y                                          -       A->Y    F     INVx1_ASAP7_75t_L              1  1.4    17    14     905    (-,-) 
  g49689/Y                                          -       B->Y    R     AOI21x1_ASAP7_75t_SL           2  1.6    28    16     921    (-,-) 
  g49682/Y                                          -       A->Y    F     INVx1_ASAP7_75t_SL             1  1.4    18    12     933    (-,-) 
  g49655/Y                                          -       B->Y    R     AOI21x1_ASAP7_75t_SL           2  1.6    29    16     949    (-,-) 
  g49639/Y                                          -       A1->Y   R     AO221x2_ASAP7_75t_SL           3  3.0    26    39     988    (-,-) 
  g49632/Y                                          -       B->Y    F     NAND2xp5_ASAP7_75t_SL          1  1.3    26    15    1003    (-,-) 
  g49566/Y                                          -       B->Y    F     AND2x6_ASAP7_75t_SL           23 14.7    26    34    1037    (-,-) 
  g49425/Y                                          -       B2->Y   F     OA22x2_ASAP7_75t_SL            2  2.8    20    32    1069    (-,-) 
  g49389/Y                                          -       A->Y    R     INVx2_ASAP7_75t_SL             1  1.3    13     9    1078    (-,-) 
  g49281/Y                                          -       B1->Y   F     AOI22x1_ASAP7_75t_SL           2  2.1    28    13    1091    (-,-) 
  fopt63181/Y                                       -       A->Y    R     INVx1_ASAP7_75t_SL             1  1.3    22    14    1106    (-,-) 
  g49155/Y                                          -       B1->Y   F     AOI22x1_ASAP7_75t_SL           2  2.3    33    15    1120    (-,-) 
  g49135/Y                                          -       A->Y    R     INVx2_ASAP7_75t_SL             1  1.3    17    11    1131    (-,-) 
  g49039/Y                                          -       A2->Y   F     AOI21x1_ASAP7_75t_SL           2  2.1    32    12    1143    (-,-) 
  g48912/Y                                          -       A2->Y   F     OA21x2_ASAP7_75t_SL            4  4.2    24    34    1177    (-,-) 
  g48843/Y                                          -       B->Y    R     NOR2x1_ASAP7_75t_SL            1  1.3    26    14    1190    (-,-) 
  g48823/Y                                          -       B->Y    R     AND2x4_ASAP7_75t_SL            2  2.6    14    21    1211    (-,-) 
  g48783/Y                                          -       A->Y    F     NAND4xp75_ASAP7_75t_SL         3  3.6    47    21    1232    (-,-) 
  g48777/Y                                          -       A->Y    R     INVx2_ASAP7_75t_SL             1  0.8    18    11    1242    (-,-) 
  g48749/Y                                          -       B->Y    F     NAND2xp5_ASAP7_75t_SL          1  1.2    26    14    1256    (-,-) 
  g48712/Y                                          -       B->Y    F     XOR2xp5_ASAP7_75t_SL           2  1.3    31    24    1279    (-,-) 
  g48671/Y                                          -       A->Y    F     AND2x2_ASAP7_75t_SL            1  0.8    11    24    1303    (-,-) 
  g48643/Y                                          -       A->Y    F     AND2x2_ASAP7_75t_SL            2  2.5    16    23    1326    (-,-) 
  g48580/Y                                          -       A3->Y   F     AO31x2_ASAP7_75t_SL            1  2.6    16    23    1349    (-,-) 
  g48578/Y                                          -       A->Y    R     INVx4_ASAP7_75t_SL            23 14.6    40    22    1371    (-,-) 
  g48567/Y                                          -       A1->Y   F     AOI221xp5_ASAP7_75t_SL         1  0.9    41    25    1396    (-,-) 
  PIPE_OUT_col2_stage_reg_reg[0][4]/D               -       -       F     ASYNC_DFFHx1_ASAP7_75t_SL      1    -     -     0    1396    (-,-) 
#--------------------------------------------------------------------------------------------------------------------------------------------



Path 19: VIOLATED (-515 ps) Setup Check with Pin PIPE_OUT_col2_stage_reg_reg[0][3]/CLK->D
           View: PVT_0P63V_100C.setup_view
          Group: clk
     Startpoint: (R) PIPE_OUT_col2_stage_reg_reg[0][19]/CLK
          Clock: (R) clk
       Endpoint: (F) PIPE_OUT_col2_stage_reg_reg[0][3]/D
          Clock: (R) clk

                     Capture       Launch     
        Clock Edge:+    1000            0     
       Src Latency:+       0            0     
       Net Latency:+       0 (I)        0 (I) 
           Arrival:=    1000            0     
                                              
             Setup:-      19                  
       Uncertainty:-     100                  
     Required Time:=     881                  
      Launch Clock:-       0                  
         Data Path:-    1396                  
             Slack:=    -515                  

#--------------------------------------------------------------------------------------------------------------------------------------------
#                   Timing Point                    Flags    Arc    Edge           Cell             Fanout Load Trans Delay Arrival Instance 
#                                                                                                          (fF)  (ps)  (ps)   (ps)  Location 
#--------------------------------------------------------------------------------------------------------------------------------------------
  PIPE_OUT_col2_stage_reg_reg[0][19]/CLK            -       -       R     (arrival)                   1135    -     0     0       0    (-,-) 
  PIPE_OUT_col2_stage_reg_reg[0][19]/QN             -       CLK->QN R     ASYNC_DFFHx1_ASAP7_75t_SL      2  1.3    29    51      51    (-,-) 
  g62605/Y                                          -       B1->Y   F     AOI22xp5_ASAP7_75t_SL          3  2.3    72    21      72    (-,-) 
  g61915/Y                                          -       B2->Y   F     OA22x2_ASAP7_75t_SL            2  1.5    18    39     110    (-,-) 
  g61886/Y                                          -       A->Y    R     INVx1_ASAP7_75t_SL             1  1.3    19    13     123    (-,-) 
  g61786__1617/Y                                    -       C->Y    F     AOI211x1_ASAP7_75t_SL          1  1.2    42    12     135    (-,-) 
  g61741__5477/Y                                    -       D->Y    F     AND5x2_ASAP7_75t_SL            2  2.1    18    37     172    (-,-) 
  g61737/Y                                          -       A->Y    F     BUFx3_ASAP7_75t_SL             3  3.1    14    21     194    (-,-) 
  g61696__1666/Y                                    -       B->Y    R     NAND2x1p5_ASAP7_75t_SL         2  2.0    30    12     206    (-,-) 
  g61692__9315/Y                                    -       B->Y    R     AND2x4_ASAP7_75t_SL            3  2.1    12    20     227    (-,-) 
  g61310__2398/Y                                    -       B1->Y   F     AOI22xp5_ASAP7_75t_L           1  0.8    33    13     240    (-,-) 
  g61232__1881/Y                                    -       A->Y    R     NAND3xp33_ASAP7_75t_SL         1  1.8    45    24     264    (-,-) 
  g61196__8428/Y                                    -       A->Y    F     NOR2x1p5_ASAP7_75t_SL          2  2.4    28    18     281    (-,-) 
  g61173__5115/Y                                    -       A->Y    R     NAND4xp75_ASAP7_75t_SL         1  1.8    27    14     295    (-,-) 
  g61155__3680/Y                                    -       A->Y    F     NAND4xp75_ASAP7_75t_SL         2  1.6    31    16     311    (-,-) 
  g61151/Y                                          -       A->Y    F     BUFx3_ASAP7_75t_SL             3  3.5    16    25     336    (-,-) 
  g61092__9315/Y                                    -       B->Y    R     NAND2x1p5_ASAP7_75t_SL         1  2.3    30    14     350    (-,-) 
  g61081__4733/Y                                    -       B->Y    F     NAND2x2_ASAP7_75t_SL           2  3.3    21    12     362    (-,-) 
  g61069/Y                                          -       A->Y    F     BUFx12f_ASAP7_75t_SL          12  9.9    14    21     383    (-,-) 
  g60932__2883/Y                                    -       A->Y    F     OR2x2_ASAP7_75t_SL             3  3.6    21    27     410    (-,-) 
  g60889/Y                                          -       A->Y    F     BUFx6f_ASAP7_75t_SL            3  4.6    12    20     430    (-,-) 
  g60887/Y                                          -       A->Y    R     INVx4_ASAP7_75t_SL             4  4.2    14    10     440    (-,-) 
  g60730__2398/Y                                    -       A2->Y   R     AO221x1_ASAP7_75t_SL           2  2.1    33    32     472    (-,-) 
  g60709/Y                                          -       A->Y    F     INVx2_ASAP7_75t_SL             2  1.6    15     9     481    (-,-) 
  g60642__6417/Y                                    -       A1->Y   R     OAI21xp5_ASAP7_75t_SL          2  1.6    38    20     501    (-,-) 
  g60616/Y                                          -       A->Y    F     INVx1_ASAP7_75t_SL             2  1.6    22    14     515    (-,-) 
  g60525__1666/Y                                    -       B1->Y   R     AOI22xp5_ASAP7_75t_SL          1  1.3    40    23     538    (-,-) 
  g60491__6161/Y                                    -       A->Y    F     NAND2x1_ASAP7_75t_SL           2  2.1    24    13     550    (-,-) 
  addinc_FP32_ALU_col2_fracAdder_add_113_18_g1337/Y -       A->Y    F     BUFx3_ASAP7_75t_SL             1  1.8    11    21     571    (-,-) 
  addinc_FP32_ALU_col2_fracAdder_add_113_18_g1320/Y -       B->Y    R     NOR2x1p5_ASAP7_75t_SL          2  1.8    32    12     583    (-,-) 
  addinc_FP32_ALU_col2_fracAdder_add_113_18_g1194/Y -       A->Y    F     NOR2x1_ASAP7_75t_SL            3  2.5    31    21     603    (-,-) 
  addinc_FP32_ALU_col2_fracAdder_add_113_18_g1151/Y -       B->Y    F     AND2x6_ASAP7_75t_SL            5  4.4    15    28     631    (-,-) 
  addinc_FP32_ALU_col2_fracAdder_add_113_18_g1124/Y -       B->Y    F     AND2x4_ASAP7_75t_L             3  3.7    15    25     656    (-,-) 
  addinc_FP32_ALU_col2_fracAdder_add_113_18_g1107/Y -       B->Y    R     NAND2x1_ASAP7_75t_SL           1  0.9    33    12     668    (-,-) 
  addinc_FP32_ALU_col2_fracAdder_add_113_18_g1052/Y -       A1->Y   F     OAI21xp5_ASAP7_75t_SL          1  1.8    36    21     689    (-,-) 
  addinc_FP32_ALU_col2_fracAdder_add_113_18_g1041/Y -       A->Y    F     XOR2x1_ASAP7_75t_SL            2  2.3    36    29     718    (-,-) 
  g50551/Y                                          -       D->Y    R     NOR4xp75_ASAP7_75t_SL          1  2.9    62    32     750    (-,-) 
  g49818/Y                                          -       A->Y    F     NAND3x2_ASAP7_75t_SL           2  4.0    33    14     765    (-,-) 
  g49816/Y                                          -       A->Y    R     INVx4_ASAP7_75t_SL             7  7.1    27    18     782    (-,-) 
  g49795/Y                                          -       A2->Y   F     AOI21x1_ASAP7_75t_SL           2  1.8    31    12     794    (-,-) 
  g49758/Y                                          -       B->Y    F     AND2x4_ASAP7_75t_SL            2  3.5    14    24     818    (-,-) 
  g49752/Y                                          -       A->Y    R     NAND2x1p5_ASAP7_75t_SL         1  2.9    26    16     835    (-,-) 
  g49749/Y                                          -       B->Y    F     NOR3x2_ASAP7_75t_SL            3  3.2    27    19     854    (-,-) 
  g49747/Y                                          -       A->Y    F     BUFx3_ASAP7_75t_SL             6  4.4    17    25     879    (-,-) 
  g49710/Y                                          -       A2->Y   R     AOI21x1_ASAP7_75t_SL           1  0.9    23    12     891    (-,-) 
  g49704/Y                                          -       A->Y    F     INVx1_ASAP7_75t_L              1  1.4    17    14     905    (-,-) 
  g49689/Y                                          -       B->Y    R     AOI21x1_ASAP7_75t_SL           2  1.6    28    16     921    (-,-) 
  g49682/Y                                          -       A->Y    F     INVx1_ASAP7_75t_SL             1  1.4    18    12     933    (-,-) 
  g49655/Y                                          -       B->Y    R     AOI21x1_ASAP7_75t_SL           2  1.6    29    16     949    (-,-) 
  g49639/Y                                          -       A1->Y   R     AO221x2_ASAP7_75t_SL           3  3.0    26    39     988    (-,-) 
  g49632/Y                                          -       B->Y    F     NAND2xp5_ASAP7_75t_SL          1  1.3    26    15    1003    (-,-) 
  g49566/Y                                          -       B->Y    F     AND2x6_ASAP7_75t_SL           23 14.7    26    34    1037    (-,-) 
  g49425/Y                                          -       B2->Y   F     OA22x2_ASAP7_75t_SL            2  2.8    20    32    1069    (-,-) 
  g49389/Y                                          -       A->Y    R     INVx2_ASAP7_75t_SL             1  1.3    13     9    1078    (-,-) 
  g49281/Y                                          -       B1->Y   F     AOI22x1_ASAP7_75t_SL           2  2.1    28    13    1091    (-,-) 
  fopt63181/Y                                       -       A->Y    R     INVx1_ASAP7_75t_SL             1  1.3    22    14    1106    (-,-) 
  g49155/Y                                          -       B1->Y   F     AOI22x1_ASAP7_75t_SL           2  2.3    33    15    1120    (-,-) 
  g49135/Y                                          -       A->Y    R     INVx2_ASAP7_75t_SL             1  1.3    17    11    1131    (-,-) 
  g49039/Y                                          -       A2->Y   F     AOI21x1_ASAP7_75t_SL           2  2.1    32    12    1143    (-,-) 
  g48912/Y                                          -       A2->Y   F     OA21x2_ASAP7_75t_SL            4  4.2    24    34    1177    (-,-) 
  g48843/Y                                          -       B->Y    R     NOR2x1_ASAP7_75t_SL            1  1.3    26    14    1190    (-,-) 
  g48823/Y                                          -       B->Y    R     AND2x4_ASAP7_75t_SL            2  2.6    14    21    1211    (-,-) 
  g48783/Y                                          -       A->Y    F     NAND4xp75_ASAP7_75t_SL         3  3.6    47    21    1232    (-,-) 
  g48777/Y                                          -       A->Y    R     INVx2_ASAP7_75t_SL             1  0.8    18    11    1242    (-,-) 
  g48749/Y                                          -       B->Y    F     NAND2xp5_ASAP7_75t_SL          1  1.2    26    14    1256    (-,-) 
  g48712/Y                                          -       B->Y    F     XOR2xp5_ASAP7_75t_SL           2  1.3    31    24    1279    (-,-) 
  g48671/Y                                          -       A->Y    F     AND2x2_ASAP7_75t_SL            1  0.8    11    24    1303    (-,-) 
  g48643/Y                                          -       A->Y    F     AND2x2_ASAP7_75t_SL            2  2.5    16    23    1326    (-,-) 
  g48580/Y                                          -       A3->Y   F     AO31x2_ASAP7_75t_SL            1  2.6    16    23    1349    (-,-) 
  g48578/Y                                          -       A->Y    R     INVx4_ASAP7_75t_SL            23 14.6    40    22    1371    (-,-) 
  g48566/Y                                          -       A1->Y   F     AOI221xp5_ASAP7_75t_SL         1  0.9    41    25    1396    (-,-) 
  PIPE_OUT_col2_stage_reg_reg[0][3]/D               -       -       F     ASYNC_DFFHx1_ASAP7_75t_SL      1    -     -     0    1396    (-,-) 
#--------------------------------------------------------------------------------------------------------------------------------------------



Path 20: VIOLATED (-515 ps) Setup Check with Pin PIPE_OUT_col1_stage_reg_reg[0][22]/CLK->D
           View: PVT_0P63V_100C.setup_view
          Group: clk
     Startpoint: (R) PIPE_OUT_col1_stage_reg_reg[0][6]/CLK
          Clock: (R) clk
       Endpoint: (R) PIPE_OUT_col1_stage_reg_reg[0][22]/D
          Clock: (R) clk

                     Capture       Launch     
        Clock Edge:+    1000            0     
       Src Latency:+       0            0     
       Net Latency:+       0 (I)        0 (I) 
           Arrival:=    1000            0     
                                              
             Setup:-      14                  
       Uncertainty:-     100                  
     Required Time:=     886                  
      Launch Clock:-       0                  
         Data Path:-    1401                  
             Slack:=    -515                  

#--------------------------------------------------------------------------------------------------------------------------------------------
#                   Timing Point                    Flags    Arc    Edge           Cell             Fanout Load Trans Delay Arrival Instance 
#                                                                                                          (fF)  (ps)  (ps)   (ps)  Location 
#--------------------------------------------------------------------------------------------------------------------------------------------
  PIPE_OUT_col1_stage_reg_reg[0][6]/CLK             -       -       R     (arrival)                   1135    -     0     0       0    (-,-) 
  PIPE_OUT_col1_stage_reg_reg[0][6]/QN              -       CLK->QN R     ASYNC_DFFHx1_ASAP7_75t_SL      2  1.8    34    54      54    (-,-) 
  g62601/Y                                          -       B1->Y   F     AOI22x1_ASAP7_75t_SL           4  3.0    62    18      72    (-,-) 
  g61903/Y                                          -       B2->Y   R     AOI22xp5_ASAP7_75t_SL          1  0.8    39    24      96    (-,-) 
  g61800__9315/Y                                    -       B->Y    R     OR2x2_ASAP7_75t_SL             1  0.9    12    22     118    (-,-) 
  g61766__9315/Y                                    -       B->Y    F     OAI21xp5_ASAP7_75t_SL          1  0.8    30    11     129    (-,-) 
  g61723__1881/Y                                    -       B->Y    R     AOI21xp5_ASAP7_75t_SL          1  0.9    31    19     148    (-,-) 
  g61712__6783/Y                                    -       A2->Y   F     OAI21xp5_ASAP7_75t_SL          1  0.8    24    14     162    (-,-) 
  g61646__6161/Y                                    -       A1->Y   F     AO331x2_ASAP7_75t_SL           2  2.3    24    41     203    (-,-) 
  g61643/Y                                          -       A->Y    F     BUFx5_ASAP7_75t_SL            11  8.4    22    31     234    (-,-) 
  g61641/Y                                          -       A->Y    R     INVx1_ASAP7_75t_SL             2  1.6    22    15     248    (-,-) 
  g61475__4319/Y                                    -       A2->Y   R     AO22x2_ASAP7_75t_SL            2  3.2    25    29     277    (-,-) 
  g61395/Y                                          -       A->Y    F     INVx2_ASAP7_75t_SL             2  2.6    16    11     288    (-,-) 
  g61191__5477/Y                                    -       B->Y    R     NAND4xp75_ASAP7_75t_SL         2  2.4    32    15     303    (-,-) 
  g61185__6417/Y                                    -       A->Y    F     NOR2x1p5_ASAP7_75t_SL          2  1.5    20    13     316    (-,-) 
  g63166/Y                                          -       B->Y    F     AND2x2_ASAP7_75t_SL            1  1.8    14    23     339    (-,-) 
  g61147__6260/Y                                    -       B->Y    F     XOR2x1_ASAP7_75t_SL            3  2.7    31    27     366    (-,-) 
  g61124/Y                                          -       A->Y    F     BUFx6f_ASAP7_75t_SL            8 10.5    19    26     392    (-,-) 
  g61127/Y                                          -       A->Y    R     INVx8_ASAP7_75t_SL            11 10.9    20    13     405    (-,-) 
  g60996__8428/Y                                    -       A->Y    R     AND2x4_ASAP7_75t_SL            4  3.1    15    19     424    (-,-) 
  g60846__1705/Y                                    -       A1->Y   F     AOI22xp5_ASAP7_75t_SL          1  1.8    42    17     442    (-,-) 
  g60791__9315/Y                                    -       B->Y    R     NAND2x1p5_ASAP7_75t_SL         2  2.2    32    19     461    (-,-) 
  g60769/Y                                          -       A->Y    F     INVx2_ASAP7_75t_SL             3  3.9    22    14     475    (-,-) 
  g60666__1881/Y                                    -       A1->Y   R     OAI22x1_ASAP7_75t_SL           1  1.8    35    17     492    (-,-) 
  g60615__6260/Y                                    -       A->Y    F     NOR2x1p5_ASAP7_75t_SL          1  1.8    22    15     507    (-,-) 
  g60540__5122/Y                                    -       A->Y    F     XOR2x1_ASAP7_75t_SL            3  3.1    40    29     535    (-,-) 
  addinc_FP32_ALU_col1_fracAdder_add_113_18_g954/Y  -       B->Y    F     AND2x2_ASAP7_75t_SL            3  1.8    17    27     562    (-,-) 
  addinc_FP32_ALU_col1_fracAdder_add_113_18_g844/Y  -       A2->Y   R     AOI21xp5_ASAP7_75t_SL          1  0.9    27    16     578    (-,-) 
  addinc_FP32_ALU_col1_fracAdder_add_113_18_g805/Y  -       B->Y    F     OAI21xp5_ASAP7_75t_SL          2  1.6    31    17     595    (-,-) 
  addinc_FP32_ALU_col1_fracAdder_add_113_18_g778/Y  -       A1->Y   R     AOI21xp5_ASAP7_75t_SL          1  0.9    32    17     612    (-,-) 
  addinc_FP32_ALU_col1_fracAdder_add_113_18_g764/Y  -       B->Y    F     OAI21xp5_ASAP7_75t_SL          1  1.5    30    17     629    (-,-) 
  addinc_FP32_ALU_col1_fracAdder_add_113_18_fopt3/Y -       A->Y    F     BUFx6f_ASAP7_75t_SL            6  5.9    14    23     652    (-,-) 
  addinc_FP32_ALU_col1_fracAdder_add_113_18_fopt2/Y -       A->Y    R     INVx3_ASAP7_75t_SL             6  5.0    21    13     665    (-,-) 
  addinc_FP32_ALU_col1_fracAdder_add_113_18_g739/Y  -       A1->Y   F     OAI21xp5_ASAP7_75t_SL          1  1.2    26    15     680    (-,-) 
  addinc_FP32_ALU_col1_fracAdder_add_113_18_g731/Y  -       B->Y    F     XOR2xp5_ASAP7_75t_SL           2  2.3    46    27     708    (-,-) 
  g50558/Y                                          -       B->Y    R     NOR4xp75_ASAP7_75t_SL          1  1.3    44    25     732    (-,-) 
  g49807/Y                                          -       B->Y    R     AND3x4_ASAP7_75t_SL            9  9.9    34    38     770    (-,-) 
  g49779/Y                                          -       A2->Y   F     AOI21x1_ASAP7_75t_SL           2  2.4    29    14     784    (-,-) 
  g49750/Y                                          -       D->Y    R     NAND4xp75_ASAP7_75t_SL         1  2.2    31    19     803    (-,-) 
  g49743/Y                                          -       A->Y    F     NOR2x2_ASAP7_75t_SL            5  5.0    30    21     824    (-,-) 
  g49735/Y                                          -       B->Y    R     NAND2xp5_ASAP7_75t_SL          1  1.8    39    23     847    (-,-) 
  g49696/Y                                          -       C->Y    F     NAND4xp75_ASAP7_75t_SL         4  4.8    58    29     876    (-,-) 
  g49695/Y                                          -       A->Y    R     INVx2_ASAP7_75t_SL             2  2.5    29    18     894    (-,-) 
  g49679/Y                                          -       A2->Y   F     AOI21x1_ASAP7_75t_SL           1  1.8    23    12     906    (-,-) 
  g49667/Y                                          -       A->Y    R     NAND2x1p5_ASAP7_75t_SL         3  3.4    31    20     926    (-,-) 
  g49645/Y                                          -       A1->Y   F     OAI21xp5_ASAP7_75t_SL          1  0.9    36    15     941    (-,-) 
  g49633/Y                                          -       A1->Y   F     OA21x2_ASAP7_75t_SL            5  5.2    27    34     975    (-,-) 
  g49630/Y                                          -       A->Y    R     INVx3_ASAP7_75t_SL             3  2.6    17    11     987    (-,-) 
  g49569/Y                                          -       B->Y    F     NAND2x1_ASAP7_75t_SL           1  1.3    22    10     996    (-,-) 
  g49527/Y                                          -       B->Y    F     AND2x4_ASAP7_75t_SL           20 16.6    36    34    1031    (-,-) 
  g49510/Y                                          -       A->Y    F     BUFx6f_ASAP7_75t_SL            8  5.6    14    24    1055    (-,-) 
  g49379/Y                                          -       A2->Y   R     AOI22xp5_ASAP7_75t_SL          2  1.6    49    22    1077    (-,-) 
  g49222/Y                                          -       B2->Y   R     OA22x2_ASAP7_75t_SL            2  2.0    18    25    1102    (-,-) 
  g49093/Y                                          -       A1->Y   F     OAI22x1_ASAP7_75t_SL           2  1.5    32    14    1116    (-,-) 
  g48976/Y                                          -       B1->Y   R     AOI22xp5_ASAP7_75t_SL          1  1.8    50    29    1144    (-,-) 
  g48908/Y                                          -       B->Y    F     NAND2x1p5_ASAP7_75t_SL         2  2.1    25    12    1156    (-,-) 
  g48819/Y                                          -       B->Y    R     NAND3x1_ASAP7_75t_SL           1  1.8    37    22    1179    (-,-) 
  g48793/Y                                          -       A->Y    F     NOR4xp75_ASAP7_75t_SL          2  1.8    23    12    1191    (-,-) 
  g48769/Y                                          -       B->Y    F     AND2x4_ASAP7_75t_SL            4  4.9    16    24    1215    (-,-) 
  g48742/Y                                          -       B->Y    R     NAND2x2_ASAP7_75t_SL           3  4.1    31    17    1232    (-,-) 
  g48696/Y                                          -       B->Y    F     NOR2x1p5_ASAP7_75t_SL          2  2.4    26    14    1246    (-,-) 
  g48668/Y                                          -       B->Y    F     AND2x4_ASAP7_75t_SL            2  2.9    14    22    1269    (-,-) 
  g63177/Y                                          -       B->Y    F     XNOR2xp5_ASAP7_75t_SL          2  1.9    34    27    1296    (-,-) 
  g48595/Y                                          -       B->Y    R     NOR2x1_ASAP7_75t_SL            1  1.8    30    17    1314    (-,-) 
  g48582/Y                                          -       C->Y    F     NAND4xp75_ASAP7_75t_SL         1  1.3    30    16    1330    (-,-) 
  g48577/Y                                          -       A2->Y   R     AOI21x1_ASAP7_75t_SL           1  2.6    60    21    1350    (-,-) 
  g48576/Y                                          -       A->Y    R     BUFx12f_ASAP7_75t_SL           7 11.8    19    25    1375    (-,-) 
  g48575/Y                                          -       A->Y    F     INVx8_ASAP7_75t_SL            20 13.5    18    12    1387    (-,-) 
  g48521/Y                                          -       B->Y    R     NAND2xp5_ASAP7_75t_SL          1  0.9    25    14    1401    (-,-) 
  PIPE_OUT_col1_stage_reg_reg[0][22]/D              -       -       R     ASYNC_DFFHx1_ASAP7_75t_SL      1    -     -     0    1401    (-,-) 
#--------------------------------------------------------------------------------------------------------------------------------------------



Path 21: VIOLATED (-515 ps) Setup Check with Pin PIPE_OUT_col1_stage_reg_reg[0][21]/CLK->D
           View: PVT_0P63V_100C.setup_view
          Group: clk
     Startpoint: (R) PIPE_OUT_col1_stage_reg_reg[0][6]/CLK
          Clock: (R) clk
       Endpoint: (R) PIPE_OUT_col1_stage_reg_reg[0][21]/D
          Clock: (R) clk

                     Capture       Launch     
        Clock Edge:+    1000            0     
       Src Latency:+       0            0     
       Net Latency:+       0 (I)        0 (I) 
           Arrival:=    1000            0     
                                              
             Setup:-      14                  
       Uncertainty:-     100                  
     Required Time:=     886                  
      Launch Clock:-       0                  
         Data Path:-    1401                  
             Slack:=    -515                  

#--------------------------------------------------------------------------------------------------------------------------------------------
#                   Timing Point                    Flags    Arc    Edge           Cell             Fanout Load Trans Delay Arrival Instance 
#                                                                                                          (fF)  (ps)  (ps)   (ps)  Location 
#--------------------------------------------------------------------------------------------------------------------------------------------
  PIPE_OUT_col1_stage_reg_reg[0][6]/CLK             -       -       R     (arrival)                   1135    -     0     0       0    (-,-) 
  PIPE_OUT_col1_stage_reg_reg[0][6]/QN              -       CLK->QN R     ASYNC_DFFHx1_ASAP7_75t_SL      2  1.8    34    54      54    (-,-) 
  g62601/Y                                          -       B1->Y   F     AOI22x1_ASAP7_75t_SL           4  3.0    62    18      72    (-,-) 
  g61903/Y                                          -       B2->Y   R     AOI22xp5_ASAP7_75t_SL          1  0.8    39    24      96    (-,-) 
  g61800__9315/Y                                    -       B->Y    R     OR2x2_ASAP7_75t_SL             1  0.9    12    22     118    (-,-) 
  g61766__9315/Y                                    -       B->Y    F     OAI21xp5_ASAP7_75t_SL          1  0.8    30    11     129    (-,-) 
  g61723__1881/Y                                    -       B->Y    R     AOI21xp5_ASAP7_75t_SL          1  0.9    31    19     148    (-,-) 
  g61712__6783/Y                                    -       A2->Y   F     OAI21xp5_ASAP7_75t_SL          1  0.8    24    14     162    (-,-) 
  g61646__6161/Y                                    -       A1->Y   F     AO331x2_ASAP7_75t_SL           2  2.3    24    41     203    (-,-) 
  g61643/Y                                          -       A->Y    F     BUFx5_ASAP7_75t_SL            11  8.4    22    31     234    (-,-) 
  g61641/Y                                          -       A->Y    R     INVx1_ASAP7_75t_SL             2  1.6    22    15     248    (-,-) 
  g61475__4319/Y                                    -       A2->Y   R     AO22x2_ASAP7_75t_SL            2  3.2    25    29     277    (-,-) 
  g61395/Y                                          -       A->Y    F     INVx2_ASAP7_75t_SL             2  2.6    16    11     288    (-,-) 
  g61191__5477/Y                                    -       B->Y    R     NAND4xp75_ASAP7_75t_SL         2  2.4    32    15     303    (-,-) 
  g61185__6417/Y                                    -       A->Y    F     NOR2x1p5_ASAP7_75t_SL          2  1.5    20    13     316    (-,-) 
  g63166/Y                                          -       B->Y    F     AND2x2_ASAP7_75t_SL            1  1.8    14    23     339    (-,-) 
  g61147__6260/Y                                    -       B->Y    F     XOR2x1_ASAP7_75t_SL            3  2.7    31    27     366    (-,-) 
  g61124/Y                                          -       A->Y    F     BUFx6f_ASAP7_75t_SL            8 10.5    19    26     392    (-,-) 
  g61127/Y                                          -       A->Y    R     INVx8_ASAP7_75t_SL            11 10.9    20    13     405    (-,-) 
  g60996__8428/Y                                    -       A->Y    R     AND2x4_ASAP7_75t_SL            4  3.1    15    19     424    (-,-) 
  g60846__1705/Y                                    -       A1->Y   F     AOI22xp5_ASAP7_75t_SL          1  1.8    42    17     442    (-,-) 
  g60791__9315/Y                                    -       B->Y    R     NAND2x1p5_ASAP7_75t_SL         2  2.2    32    19     461    (-,-) 
  g60769/Y                                          -       A->Y    F     INVx2_ASAP7_75t_SL             3  3.9    22    14     475    (-,-) 
  g60666__1881/Y                                    -       A1->Y   R     OAI22x1_ASAP7_75t_SL           1  1.8    35    17     492    (-,-) 
  g60615__6260/Y                                    -       A->Y    F     NOR2x1p5_ASAP7_75t_SL          1  1.8    22    15     507    (-,-) 
  g60540__5122/Y                                    -       A->Y    F     XOR2x1_ASAP7_75t_SL            3  3.1    40    29     535    (-,-) 
  addinc_FP32_ALU_col1_fracAdder_add_113_18_g954/Y  -       B->Y    F     AND2x2_ASAP7_75t_SL            3  1.8    17    27     562    (-,-) 
  addinc_FP32_ALU_col1_fracAdder_add_113_18_g844/Y  -       A2->Y   R     AOI21xp5_ASAP7_75t_SL          1  0.9    27    16     578    (-,-) 
  addinc_FP32_ALU_col1_fracAdder_add_113_18_g805/Y  -       B->Y    F     OAI21xp5_ASAP7_75t_SL          2  1.6    31    17     595    (-,-) 
  addinc_FP32_ALU_col1_fracAdder_add_113_18_g778/Y  -       A1->Y   R     AOI21xp5_ASAP7_75t_SL          1  0.9    32    17     612    (-,-) 
  addinc_FP32_ALU_col1_fracAdder_add_113_18_g764/Y  -       B->Y    F     OAI21xp5_ASAP7_75t_SL          1  1.5    30    17     629    (-,-) 
  addinc_FP32_ALU_col1_fracAdder_add_113_18_fopt3/Y -       A->Y    F     BUFx6f_ASAP7_75t_SL            6  5.9    14    23     652    (-,-) 
  addinc_FP32_ALU_col1_fracAdder_add_113_18_fopt2/Y -       A->Y    R     INVx3_ASAP7_75t_SL             6  5.0    21    13     665    (-,-) 
  addinc_FP32_ALU_col1_fracAdder_add_113_18_g739/Y  -       A1->Y   F     OAI21xp5_ASAP7_75t_SL          1  1.2    26    15     680    (-,-) 
  addinc_FP32_ALU_col1_fracAdder_add_113_18_g731/Y  -       B->Y    F     XOR2xp5_ASAP7_75t_SL           2  2.3    46    27     708    (-,-) 
  g50558/Y                                          -       B->Y    R     NOR4xp75_ASAP7_75t_SL          1  1.3    44    25     732    (-,-) 
  g49807/Y                                          -       B->Y    R     AND3x4_ASAP7_75t_SL            9  9.9    34    38     770    (-,-) 
  g49779/Y                                          -       A2->Y   F     AOI21x1_ASAP7_75t_SL           2  2.4    29    14     784    (-,-) 
  g49750/Y                                          -       D->Y    R     NAND4xp75_ASAP7_75t_SL         1  2.2    31    19     803    (-,-) 
  g49743/Y                                          -       A->Y    F     NOR2x2_ASAP7_75t_SL            5  5.0    30    21     824    (-,-) 
  g49735/Y                                          -       B->Y    R     NAND2xp5_ASAP7_75t_SL          1  1.8    39    23     847    (-,-) 
  g49696/Y                                          -       C->Y    F     NAND4xp75_ASAP7_75t_SL         4  4.8    58    29     876    (-,-) 
  g49695/Y                                          -       A->Y    R     INVx2_ASAP7_75t_SL             2  2.5    29    18     894    (-,-) 
  g49679/Y                                          -       A2->Y   F     AOI21x1_ASAP7_75t_SL           1  1.8    23    12     906    (-,-) 
  g49667/Y                                          -       A->Y    R     NAND2x1p5_ASAP7_75t_SL         3  3.4    31    20     926    (-,-) 
  g49645/Y                                          -       A1->Y   F     OAI21xp5_ASAP7_75t_SL          1  0.9    36    15     941    (-,-) 
  g49633/Y                                          -       A1->Y   F     OA21x2_ASAP7_75t_SL            5  5.2    27    34     975    (-,-) 
  g49630/Y                                          -       A->Y    R     INVx3_ASAP7_75t_SL             3  2.6    17    11     987    (-,-) 
  g49569/Y                                          -       B->Y    F     NAND2x1_ASAP7_75t_SL           1  1.3    22    10     996    (-,-) 
  g49527/Y                                          -       B->Y    F     AND2x4_ASAP7_75t_SL           20 16.6    36    34    1031    (-,-) 
  g49510/Y                                          -       A->Y    F     BUFx6f_ASAP7_75t_SL            8  5.6    14    24    1055    (-,-) 
  g49379/Y                                          -       A2->Y   R     AOI22xp5_ASAP7_75t_SL          2  1.6    49    22    1077    (-,-) 
  g49222/Y                                          -       B2->Y   R     OA22x2_ASAP7_75t_SL            2  2.0    18    25    1102    (-,-) 
  g49093/Y                                          -       A1->Y   F     OAI22x1_ASAP7_75t_SL           2  1.5    32    14    1116    (-,-) 
  g48976/Y                                          -       B1->Y   R     AOI22xp5_ASAP7_75t_SL          1  1.8    50    29    1144    (-,-) 
  g48908/Y                                          -       B->Y    F     NAND2x1p5_ASAP7_75t_SL         2  2.1    25    12    1156    (-,-) 
  g48819/Y                                          -       B->Y    R     NAND3x1_ASAP7_75t_SL           1  1.8    37    22    1179    (-,-) 
  g48793/Y                                          -       A->Y    F     NOR4xp75_ASAP7_75t_SL          2  1.8    23    12    1191    (-,-) 
  g48769/Y                                          -       B->Y    F     AND2x4_ASAP7_75t_SL            4  4.9    16    24    1215    (-,-) 
  g48742/Y                                          -       B->Y    R     NAND2x2_ASAP7_75t_SL           3  4.1    31    17    1232    (-,-) 
  g48696/Y                                          -       B->Y    F     NOR2x1p5_ASAP7_75t_SL          2  2.4    26    14    1246    (-,-) 
  g48668/Y                                          -       B->Y    F     AND2x4_ASAP7_75t_SL            2  2.9    14    22    1269    (-,-) 
  g63177/Y                                          -       B->Y    F     XNOR2xp5_ASAP7_75t_SL          2  1.9    34    27    1296    (-,-) 
  g48595/Y                                          -       B->Y    R     NOR2x1_ASAP7_75t_SL            1  1.8    30    17    1314    (-,-) 
  g48582/Y                                          -       C->Y    F     NAND4xp75_ASAP7_75t_SL         1  1.3    30    16    1330    (-,-) 
  g48577/Y                                          -       A2->Y   R     AOI21x1_ASAP7_75t_SL           1  2.6    60    21    1350    (-,-) 
  g48576/Y                                          -       A->Y    R     BUFx12f_ASAP7_75t_SL           7 11.8    19    25    1375    (-,-) 
  g48575/Y                                          -       A->Y    F     INVx8_ASAP7_75t_SL            20 13.5    18    12    1387    (-,-) 
  g48531/Y                                          -       B->Y    R     NAND2xp5_ASAP7_75t_SL          1  0.9    25    14    1401    (-,-) 
  PIPE_OUT_col1_stage_reg_reg[0][21]/D              -       -       R     ASYNC_DFFHx1_ASAP7_75t_SL      1    -     -     0    1401    (-,-) 
#--------------------------------------------------------------------------------------------------------------------------------------------



Path 22: VIOLATED (-515 ps) Setup Check with Pin PIPE_OUT_col1_stage_reg_reg[0][20]/CLK->D
           View: PVT_0P63V_100C.setup_view
          Group: clk
     Startpoint: (R) PIPE_OUT_col1_stage_reg_reg[0][6]/CLK
          Clock: (R) clk
       Endpoint: (R) PIPE_OUT_col1_stage_reg_reg[0][20]/D
          Clock: (R) clk

                     Capture       Launch     
        Clock Edge:+    1000            0     
       Src Latency:+       0            0     
       Net Latency:+       0 (I)        0 (I) 
           Arrival:=    1000            0     
                                              
             Setup:-      14                  
       Uncertainty:-     100                  
     Required Time:=     886                  
      Launch Clock:-       0                  
         Data Path:-    1401                  
             Slack:=    -515                  

#--------------------------------------------------------------------------------------------------------------------------------------------
#                   Timing Point                    Flags    Arc    Edge           Cell             Fanout Load Trans Delay Arrival Instance 
#                                                                                                          (fF)  (ps)  (ps)   (ps)  Location 
#--------------------------------------------------------------------------------------------------------------------------------------------
  PIPE_OUT_col1_stage_reg_reg[0][6]/CLK             -       -       R     (arrival)                   1135    -     0     0       0    (-,-) 
  PIPE_OUT_col1_stage_reg_reg[0][6]/QN              -       CLK->QN R     ASYNC_DFFHx1_ASAP7_75t_SL      2  1.8    34    54      54    (-,-) 
  g62601/Y                                          -       B1->Y   F     AOI22x1_ASAP7_75t_SL           4  3.0    62    18      72    (-,-) 
  g61903/Y                                          -       B2->Y   R     AOI22xp5_ASAP7_75t_SL          1  0.8    39    24      96    (-,-) 
  g61800__9315/Y                                    -       B->Y    R     OR2x2_ASAP7_75t_SL             1  0.9    12    22     118    (-,-) 
  g61766__9315/Y                                    -       B->Y    F     OAI21xp5_ASAP7_75t_SL          1  0.8    30    11     129    (-,-) 
  g61723__1881/Y                                    -       B->Y    R     AOI21xp5_ASAP7_75t_SL          1  0.9    31    19     148    (-,-) 
  g61712__6783/Y                                    -       A2->Y   F     OAI21xp5_ASAP7_75t_SL          1  0.8    24    14     162    (-,-) 
  g61646__6161/Y                                    -       A1->Y   F     AO331x2_ASAP7_75t_SL           2  2.3    24    41     203    (-,-) 
  g61643/Y                                          -       A->Y    F     BUFx5_ASAP7_75t_SL            11  8.4    22    31     234    (-,-) 
  g61641/Y                                          -       A->Y    R     INVx1_ASAP7_75t_SL             2  1.6    22    15     248    (-,-) 
  g61475__4319/Y                                    -       A2->Y   R     AO22x2_ASAP7_75t_SL            2  3.2    25    29     277    (-,-) 
  g61395/Y                                          -       A->Y    F     INVx2_ASAP7_75t_SL             2  2.6    16    11     288    (-,-) 
  g61191__5477/Y                                    -       B->Y    R     NAND4xp75_ASAP7_75t_SL         2  2.4    32    15     303    (-,-) 
  g61185__6417/Y                                    -       A->Y    F     NOR2x1p5_ASAP7_75t_SL          2  1.5    20    13     316    (-,-) 
  g63166/Y                                          -       B->Y    F     AND2x2_ASAP7_75t_SL            1  1.8    14    23     339    (-,-) 
  g61147__6260/Y                                    -       B->Y    F     XOR2x1_ASAP7_75t_SL            3  2.7    31    27     366    (-,-) 
  g61124/Y                                          -       A->Y    F     BUFx6f_ASAP7_75t_SL            8 10.5    19    26     392    (-,-) 
  g61127/Y                                          -       A->Y    R     INVx8_ASAP7_75t_SL            11 10.9    20    13     405    (-,-) 
  g60996__8428/Y                                    -       A->Y    R     AND2x4_ASAP7_75t_SL            4  3.1    15    19     424    (-,-) 
  g60846__1705/Y                                    -       A1->Y   F     AOI22xp5_ASAP7_75t_SL          1  1.8    42    17     442    (-,-) 
  g60791__9315/Y                                    -       B->Y    R     NAND2x1p5_ASAP7_75t_SL         2  2.2    32    19     461    (-,-) 
  g60769/Y                                          -       A->Y    F     INVx2_ASAP7_75t_SL             3  3.9    22    14     475    (-,-) 
  g60666__1881/Y                                    -       A1->Y   R     OAI22x1_ASAP7_75t_SL           1  1.8    35    17     492    (-,-) 
  g60615__6260/Y                                    -       A->Y    F     NOR2x1p5_ASAP7_75t_SL          1  1.8    22    15     507    (-,-) 
  g60540__5122/Y                                    -       A->Y    F     XOR2x1_ASAP7_75t_SL            3  3.1    40    29     535    (-,-) 
  addinc_FP32_ALU_col1_fracAdder_add_113_18_g954/Y  -       B->Y    F     AND2x2_ASAP7_75t_SL            3  1.8    17    27     562    (-,-) 
  addinc_FP32_ALU_col1_fracAdder_add_113_18_g844/Y  -       A2->Y   R     AOI21xp5_ASAP7_75t_SL          1  0.9    27    16     578    (-,-) 
  addinc_FP32_ALU_col1_fracAdder_add_113_18_g805/Y  -       B->Y    F     OAI21xp5_ASAP7_75t_SL          2  1.6    31    17     595    (-,-) 
  addinc_FP32_ALU_col1_fracAdder_add_113_18_g778/Y  -       A1->Y   R     AOI21xp5_ASAP7_75t_SL          1  0.9    32    17     612    (-,-) 
  addinc_FP32_ALU_col1_fracAdder_add_113_18_g764/Y  -       B->Y    F     OAI21xp5_ASAP7_75t_SL          1  1.5    30    17     629    (-,-) 
  addinc_FP32_ALU_col1_fracAdder_add_113_18_fopt3/Y -       A->Y    F     BUFx6f_ASAP7_75t_SL            6  5.9    14    23     652    (-,-) 
  addinc_FP32_ALU_col1_fracAdder_add_113_18_fopt2/Y -       A->Y    R     INVx3_ASAP7_75t_SL             6  5.0    21    13     665    (-,-) 
  addinc_FP32_ALU_col1_fracAdder_add_113_18_g739/Y  -       A1->Y   F     OAI21xp5_ASAP7_75t_SL          1  1.2    26    15     680    (-,-) 
  addinc_FP32_ALU_col1_fracAdder_add_113_18_g731/Y  -       B->Y    F     XOR2xp5_ASAP7_75t_SL           2  2.3    46    27     708    (-,-) 
  g50558/Y                                          -       B->Y    R     NOR4xp75_ASAP7_75t_SL          1  1.3    44    25     732    (-,-) 
  g49807/Y                                          -       B->Y    R     AND3x4_ASAP7_75t_SL            9  9.9    34    38     770    (-,-) 
  g49779/Y                                          -       A2->Y   F     AOI21x1_ASAP7_75t_SL           2  2.4    29    14     784    (-,-) 
  g49750/Y                                          -       D->Y    R     NAND4xp75_ASAP7_75t_SL         1  2.2    31    19     803    (-,-) 
  g49743/Y                                          -       A->Y    F     NOR2x2_ASAP7_75t_SL            5  5.0    30    21     824    (-,-) 
  g49735/Y                                          -       B->Y    R     NAND2xp5_ASAP7_75t_SL          1  1.8    39    23     847    (-,-) 
  g49696/Y                                          -       C->Y    F     NAND4xp75_ASAP7_75t_SL         4  4.8    58    29     876    (-,-) 
  g49695/Y                                          -       A->Y    R     INVx2_ASAP7_75t_SL             2  2.5    29    18     894    (-,-) 
  g49679/Y                                          -       A2->Y   F     AOI21x1_ASAP7_75t_SL           1  1.8    23    12     906    (-,-) 
  g49667/Y                                          -       A->Y    R     NAND2x1p5_ASAP7_75t_SL         3  3.4    31    20     926    (-,-) 
  g49645/Y                                          -       A1->Y   F     OAI21xp5_ASAP7_75t_SL          1  0.9    36    15     941    (-,-) 
  g49633/Y                                          -       A1->Y   F     OA21x2_ASAP7_75t_SL            5  5.2    27    34     975    (-,-) 
  g49630/Y                                          -       A->Y    R     INVx3_ASAP7_75t_SL             3  2.6    17    11     987    (-,-) 
  g49569/Y                                          -       B->Y    F     NAND2x1_ASAP7_75t_SL           1  1.3    22    10     996    (-,-) 
  g49527/Y                                          -       B->Y    F     AND2x4_ASAP7_75t_SL           20 16.6    36    34    1031    (-,-) 
  g49510/Y                                          -       A->Y    F     BUFx6f_ASAP7_75t_SL            8  5.6    14    24    1055    (-,-) 
  g49379/Y                                          -       A2->Y   R     AOI22xp5_ASAP7_75t_SL          2  1.6    49    22    1077    (-,-) 
  g49222/Y                                          -       B2->Y   R     OA22x2_ASAP7_75t_SL            2  2.0    18    25    1102    (-,-) 
  g49093/Y                                          -       A1->Y   F     OAI22x1_ASAP7_75t_SL           2  1.5    32    14    1116    (-,-) 
  g48976/Y                                          -       B1->Y   R     AOI22xp5_ASAP7_75t_SL          1  1.8    50    29    1144    (-,-) 
  g48908/Y                                          -       B->Y    F     NAND2x1p5_ASAP7_75t_SL         2  2.1    25    12    1156    (-,-) 
  g48819/Y                                          -       B->Y    R     NAND3x1_ASAP7_75t_SL           1  1.8    37    22    1179    (-,-) 
  g48793/Y                                          -       A->Y    F     NOR4xp75_ASAP7_75t_SL          2  1.8    23    12    1191    (-,-) 
  g48769/Y                                          -       B->Y    F     AND2x4_ASAP7_75t_SL            4  4.9    16    24    1215    (-,-) 
  g48742/Y                                          -       B->Y    R     NAND2x2_ASAP7_75t_SL           3  4.1    31    17    1232    (-,-) 
  g48696/Y                                          -       B->Y    F     NOR2x1p5_ASAP7_75t_SL          2  2.4    26    14    1246    (-,-) 
  g48668/Y                                          -       B->Y    F     AND2x4_ASAP7_75t_SL            2  2.9    14    22    1269    (-,-) 
  g63177/Y                                          -       B->Y    F     XNOR2xp5_ASAP7_75t_SL          2  1.9    34    27    1296    (-,-) 
  g48595/Y                                          -       B->Y    R     NOR2x1_ASAP7_75t_SL            1  1.8    30    17    1314    (-,-) 
  g48582/Y                                          -       C->Y    F     NAND4xp75_ASAP7_75t_SL         1  1.3    30    16    1330    (-,-) 
  g48577/Y                                          -       A2->Y   R     AOI21x1_ASAP7_75t_SL           1  2.6    60    21    1350    (-,-) 
  g48576/Y                                          -       A->Y    R     BUFx12f_ASAP7_75t_SL           7 11.8    19    25    1375    (-,-) 
  g48575/Y                                          -       A->Y    F     INVx8_ASAP7_75t_SL            20 13.5    18    12    1387    (-,-) 
  g48523/Y                                          -       B->Y    R     NAND2xp5_ASAP7_75t_SL          1  0.9    25    14    1401    (-,-) 
  PIPE_OUT_col1_stage_reg_reg[0][20]/D              -       -       R     ASYNC_DFFHx1_ASAP7_75t_SL      1    -     -     0    1401    (-,-) 
#--------------------------------------------------------------------------------------------------------------------------------------------



Path 23: VIOLATED (-515 ps) Setup Check with Pin PIPE_OUT_col1_stage_reg_reg[0][18]/CLK->D
           View: PVT_0P63V_100C.setup_view
          Group: clk
     Startpoint: (R) PIPE_OUT_col1_stage_reg_reg[0][6]/CLK
          Clock: (R) clk
       Endpoint: (R) PIPE_OUT_col1_stage_reg_reg[0][18]/D
          Clock: (R) clk

                     Capture       Launch     
        Clock Edge:+    1000            0     
       Src Latency:+       0            0     
       Net Latency:+       0 (I)        0 (I) 
           Arrival:=    1000            0     
                                              
             Setup:-      14                  
       Uncertainty:-     100                  
     Required Time:=     886                  
      Launch Clock:-       0                  
         Data Path:-    1401                  
             Slack:=    -515                  

#--------------------------------------------------------------------------------------------------------------------------------------------
#                   Timing Point                    Flags    Arc    Edge           Cell             Fanout Load Trans Delay Arrival Instance 
#                                                                                                          (fF)  (ps)  (ps)   (ps)  Location 
#--------------------------------------------------------------------------------------------------------------------------------------------
  PIPE_OUT_col1_stage_reg_reg[0][6]/CLK             -       -       R     (arrival)                   1135    -     0     0       0    (-,-) 
  PIPE_OUT_col1_stage_reg_reg[0][6]/QN              -       CLK->QN R     ASYNC_DFFHx1_ASAP7_75t_SL      2  1.8    34    54      54    (-,-) 
  g62601/Y                                          -       B1->Y   F     AOI22x1_ASAP7_75t_SL           4  3.0    62    18      72    (-,-) 
  g61903/Y                                          -       B2->Y   R     AOI22xp5_ASAP7_75t_SL          1  0.8    39    24      96    (-,-) 
  g61800__9315/Y                                    -       B->Y    R     OR2x2_ASAP7_75t_SL             1  0.9    12    22     118    (-,-) 
  g61766__9315/Y                                    -       B->Y    F     OAI21xp5_ASAP7_75t_SL          1  0.8    30    11     129    (-,-) 
  g61723__1881/Y                                    -       B->Y    R     AOI21xp5_ASAP7_75t_SL          1  0.9    31    19     148    (-,-) 
  g61712__6783/Y                                    -       A2->Y   F     OAI21xp5_ASAP7_75t_SL          1  0.8    24    14     162    (-,-) 
  g61646__6161/Y                                    -       A1->Y   F     AO331x2_ASAP7_75t_SL           2  2.3    24    41     203    (-,-) 
  g61643/Y                                          -       A->Y    F     BUFx5_ASAP7_75t_SL            11  8.4    22    31     234    (-,-) 
  g61641/Y                                          -       A->Y    R     INVx1_ASAP7_75t_SL             2  1.6    22    15     248    (-,-) 
  g61475__4319/Y                                    -       A2->Y   R     AO22x2_ASAP7_75t_SL            2  3.2    25    29     277    (-,-) 
  g61395/Y                                          -       A->Y    F     INVx2_ASAP7_75t_SL             2  2.6    16    11     288    (-,-) 
  g61191__5477/Y                                    -       B->Y    R     NAND4xp75_ASAP7_75t_SL         2  2.4    32    15     303    (-,-) 
  g61185__6417/Y                                    -       A->Y    F     NOR2x1p5_ASAP7_75t_SL          2  1.5    20    13     316    (-,-) 
  g63166/Y                                          -       B->Y    F     AND2x2_ASAP7_75t_SL            1  1.8    14    23     339    (-,-) 
  g61147__6260/Y                                    -       B->Y    F     XOR2x1_ASAP7_75t_SL            3  2.7    31    27     366    (-,-) 
  g61124/Y                                          -       A->Y    F     BUFx6f_ASAP7_75t_SL            8 10.5    19    26     392    (-,-) 
  g61127/Y                                          -       A->Y    R     INVx8_ASAP7_75t_SL            11 10.9    20    13     405    (-,-) 
  g60996__8428/Y                                    -       A->Y    R     AND2x4_ASAP7_75t_SL            4  3.1    15    19     424    (-,-) 
  g60846__1705/Y                                    -       A1->Y   F     AOI22xp5_ASAP7_75t_SL          1  1.8    42    17     442    (-,-) 
  g60791__9315/Y                                    -       B->Y    R     NAND2x1p5_ASAP7_75t_SL         2  2.2    32    19     461    (-,-) 
  g60769/Y                                          -       A->Y    F     INVx2_ASAP7_75t_SL             3  3.9    22    14     475    (-,-) 
  g60666__1881/Y                                    -       A1->Y   R     OAI22x1_ASAP7_75t_SL           1  1.8    35    17     492    (-,-) 
  g60615__6260/Y                                    -       A->Y    F     NOR2x1p5_ASAP7_75t_SL          1  1.8    22    15     507    (-,-) 
  g60540__5122/Y                                    -       A->Y    F     XOR2x1_ASAP7_75t_SL            3  3.1    40    29     535    (-,-) 
  addinc_FP32_ALU_col1_fracAdder_add_113_18_g954/Y  -       B->Y    F     AND2x2_ASAP7_75t_SL            3  1.8    17    27     562    (-,-) 
  addinc_FP32_ALU_col1_fracAdder_add_113_18_g844/Y  -       A2->Y   R     AOI21xp5_ASAP7_75t_SL          1  0.9    27    16     578    (-,-) 
  addinc_FP32_ALU_col1_fracAdder_add_113_18_g805/Y  -       B->Y    F     OAI21xp5_ASAP7_75t_SL          2  1.6    31    17     595    (-,-) 
  addinc_FP32_ALU_col1_fracAdder_add_113_18_g778/Y  -       A1->Y   R     AOI21xp5_ASAP7_75t_SL          1  0.9    32    17     612    (-,-) 
  addinc_FP32_ALU_col1_fracAdder_add_113_18_g764/Y  -       B->Y    F     OAI21xp5_ASAP7_75t_SL          1  1.5    30    17     629    (-,-) 
  addinc_FP32_ALU_col1_fracAdder_add_113_18_fopt3/Y -       A->Y    F     BUFx6f_ASAP7_75t_SL            6  5.9    14    23     652    (-,-) 
  addinc_FP32_ALU_col1_fracAdder_add_113_18_fopt2/Y -       A->Y    R     INVx3_ASAP7_75t_SL             6  5.0    21    13     665    (-,-) 
  addinc_FP32_ALU_col1_fracAdder_add_113_18_g739/Y  -       A1->Y   F     OAI21xp5_ASAP7_75t_SL          1  1.2    26    15     680    (-,-) 
  addinc_FP32_ALU_col1_fracAdder_add_113_18_g731/Y  -       B->Y    F     XOR2xp5_ASAP7_75t_SL           2  2.3    46    27     708    (-,-) 
  g50558/Y                                          -       B->Y    R     NOR4xp75_ASAP7_75t_SL          1  1.3    44    25     732    (-,-) 
  g49807/Y                                          -       B->Y    R     AND3x4_ASAP7_75t_SL            9  9.9    34    38     770    (-,-) 
  g49779/Y                                          -       A2->Y   F     AOI21x1_ASAP7_75t_SL           2  2.4    29    14     784    (-,-) 
  g49750/Y                                          -       D->Y    R     NAND4xp75_ASAP7_75t_SL         1  2.2    31    19     803    (-,-) 
  g49743/Y                                          -       A->Y    F     NOR2x2_ASAP7_75t_SL            5  5.0    30    21     824    (-,-) 
  g49735/Y                                          -       B->Y    R     NAND2xp5_ASAP7_75t_SL          1  1.8    39    23     847    (-,-) 
  g49696/Y                                          -       C->Y    F     NAND4xp75_ASAP7_75t_SL         4  4.8    58    29     876    (-,-) 
  g49695/Y                                          -       A->Y    R     INVx2_ASAP7_75t_SL             2  2.5    29    18     894    (-,-) 
  g49679/Y                                          -       A2->Y   F     AOI21x1_ASAP7_75t_SL           1  1.8    23    12     906    (-,-) 
  g49667/Y                                          -       A->Y    R     NAND2x1p5_ASAP7_75t_SL         3  3.4    31    20     926    (-,-) 
  g49645/Y                                          -       A1->Y   F     OAI21xp5_ASAP7_75t_SL          1  0.9    36    15     941    (-,-) 
  g49633/Y                                          -       A1->Y   F     OA21x2_ASAP7_75t_SL            5  5.2    27    34     975    (-,-) 
  g49630/Y                                          -       A->Y    R     INVx3_ASAP7_75t_SL             3  2.6    17    11     987    (-,-) 
  g49569/Y                                          -       B->Y    F     NAND2x1_ASAP7_75t_SL           1  1.3    22    10     996    (-,-) 
  g49527/Y                                          -       B->Y    F     AND2x4_ASAP7_75t_SL           20 16.6    36    34    1031    (-,-) 
  g49510/Y                                          -       A->Y    F     BUFx6f_ASAP7_75t_SL            8  5.6    14    24    1055    (-,-) 
  g49379/Y                                          -       A2->Y   R     AOI22xp5_ASAP7_75t_SL          2  1.6    49    22    1077    (-,-) 
  g49222/Y                                          -       B2->Y   R     OA22x2_ASAP7_75t_SL            2  2.0    18    25    1102    (-,-) 
  g49093/Y                                          -       A1->Y   F     OAI22x1_ASAP7_75t_SL           2  1.5    32    14    1116    (-,-) 
  g48976/Y                                          -       B1->Y   R     AOI22xp5_ASAP7_75t_SL          1  1.8    50    29    1144    (-,-) 
  g48908/Y                                          -       B->Y    F     NAND2x1p5_ASAP7_75t_SL         2  2.1    25    12    1156    (-,-) 
  g48819/Y                                          -       B->Y    R     NAND3x1_ASAP7_75t_SL           1  1.8    37    22    1179    (-,-) 
  g48793/Y                                          -       A->Y    F     NOR4xp75_ASAP7_75t_SL          2  1.8    23    12    1191    (-,-) 
  g48769/Y                                          -       B->Y    F     AND2x4_ASAP7_75t_SL            4  4.9    16    24    1215    (-,-) 
  g48742/Y                                          -       B->Y    R     NAND2x2_ASAP7_75t_SL           3  4.1    31    17    1232    (-,-) 
  g48696/Y                                          -       B->Y    F     NOR2x1p5_ASAP7_75t_SL          2  2.4    26    14    1246    (-,-) 
  g48668/Y                                          -       B->Y    F     AND2x4_ASAP7_75t_SL            2  2.9    14    22    1269    (-,-) 
  g63177/Y                                          -       B->Y    F     XNOR2xp5_ASAP7_75t_SL          2  1.9    34    27    1296    (-,-) 
  g48595/Y                                          -       B->Y    R     NOR2x1_ASAP7_75t_SL            1  1.8    30    17    1314    (-,-) 
  g48582/Y                                          -       C->Y    F     NAND4xp75_ASAP7_75t_SL         1  1.3    30    16    1330    (-,-) 
  g48577/Y                                          -       A2->Y   R     AOI21x1_ASAP7_75t_SL           1  2.6    60    21    1350    (-,-) 
  g48576/Y                                          -       A->Y    R     BUFx12f_ASAP7_75t_SL           7 11.8    19    25    1375    (-,-) 
  g48575/Y                                          -       A->Y    F     INVx8_ASAP7_75t_SL            20 13.5    18    12    1387    (-,-) 
  g48525/Y                                          -       B->Y    R     NAND2xp5_ASAP7_75t_SL          1  0.9    25    14    1401    (-,-) 
  PIPE_OUT_col1_stage_reg_reg[0][18]/D              -       -       R     ASYNC_DFFHx1_ASAP7_75t_SL      1    -     -     0    1401    (-,-) 
#--------------------------------------------------------------------------------------------------------------------------------------------



Path 24: VIOLATED (-515 ps) Setup Check with Pin PIPE_OUT_col1_stage_reg_reg[0][12]/CLK->D
           View: PVT_0P63V_100C.setup_view
          Group: clk
     Startpoint: (R) PIPE_OUT_col1_stage_reg_reg[0][6]/CLK
          Clock: (R) clk
       Endpoint: (R) PIPE_OUT_col1_stage_reg_reg[0][12]/D
          Clock: (R) clk

                     Capture       Launch     
        Clock Edge:+    1000            0     
       Src Latency:+       0            0     
       Net Latency:+       0 (I)        0 (I) 
           Arrival:=    1000            0     
                                              
             Setup:-      14                  
       Uncertainty:-     100                  
     Required Time:=     886                  
      Launch Clock:-       0                  
         Data Path:-    1401                  
             Slack:=    -515                  

#--------------------------------------------------------------------------------------------------------------------------------------------
#                   Timing Point                    Flags    Arc    Edge           Cell             Fanout Load Trans Delay Arrival Instance 
#                                                                                                          (fF)  (ps)  (ps)   (ps)  Location 
#--------------------------------------------------------------------------------------------------------------------------------------------
  PIPE_OUT_col1_stage_reg_reg[0][6]/CLK             -       -       R     (arrival)                   1135    -     0     0       0    (-,-) 
  PIPE_OUT_col1_stage_reg_reg[0][6]/QN              -       CLK->QN R     ASYNC_DFFHx1_ASAP7_75t_SL      2  1.8    34    54      54    (-,-) 
  g62601/Y                                          -       B1->Y   F     AOI22x1_ASAP7_75t_SL           4  3.0    62    18      72    (-,-) 
  g61903/Y                                          -       B2->Y   R     AOI22xp5_ASAP7_75t_SL          1  0.8    39    24      96    (-,-) 
  g61800__9315/Y                                    -       B->Y    R     OR2x2_ASAP7_75t_SL             1  0.9    12    22     118    (-,-) 
  g61766__9315/Y                                    -       B->Y    F     OAI21xp5_ASAP7_75t_SL          1  0.8    30    11     129    (-,-) 
  g61723__1881/Y                                    -       B->Y    R     AOI21xp5_ASAP7_75t_SL          1  0.9    31    19     148    (-,-) 
  g61712__6783/Y                                    -       A2->Y   F     OAI21xp5_ASAP7_75t_SL          1  0.8    24    14     162    (-,-) 
  g61646__6161/Y                                    -       A1->Y   F     AO331x2_ASAP7_75t_SL           2  2.3    24    41     203    (-,-) 
  g61643/Y                                          -       A->Y    F     BUFx5_ASAP7_75t_SL            11  8.4    22    31     234    (-,-) 
  g61641/Y                                          -       A->Y    R     INVx1_ASAP7_75t_SL             2  1.6    22    15     248    (-,-) 
  g61475__4319/Y                                    -       A2->Y   R     AO22x2_ASAP7_75t_SL            2  3.2    25    29     277    (-,-) 
  g61395/Y                                          -       A->Y    F     INVx2_ASAP7_75t_SL             2  2.6    16    11     288    (-,-) 
  g61191__5477/Y                                    -       B->Y    R     NAND4xp75_ASAP7_75t_SL         2  2.4    32    15     303    (-,-) 
  g61185__6417/Y                                    -       A->Y    F     NOR2x1p5_ASAP7_75t_SL          2  1.5    20    13     316    (-,-) 
  g63166/Y                                          -       B->Y    F     AND2x2_ASAP7_75t_SL            1  1.8    14    23     339    (-,-) 
  g61147__6260/Y                                    -       B->Y    F     XOR2x1_ASAP7_75t_SL            3  2.7    31    27     366    (-,-) 
  g61124/Y                                          -       A->Y    F     BUFx6f_ASAP7_75t_SL            8 10.5    19    26     392    (-,-) 
  g61127/Y                                          -       A->Y    R     INVx8_ASAP7_75t_SL            11 10.9    20    13     405    (-,-) 
  g60996__8428/Y                                    -       A->Y    R     AND2x4_ASAP7_75t_SL            4  3.1    15    19     424    (-,-) 
  g60846__1705/Y                                    -       A1->Y   F     AOI22xp5_ASAP7_75t_SL          1  1.8    42    17     442    (-,-) 
  g60791__9315/Y                                    -       B->Y    R     NAND2x1p5_ASAP7_75t_SL         2  2.2    32    19     461    (-,-) 
  g60769/Y                                          -       A->Y    F     INVx2_ASAP7_75t_SL             3  3.9    22    14     475    (-,-) 
  g60666__1881/Y                                    -       A1->Y   R     OAI22x1_ASAP7_75t_SL           1  1.8    35    17     492    (-,-) 
  g60615__6260/Y                                    -       A->Y    F     NOR2x1p5_ASAP7_75t_SL          1  1.8    22    15     507    (-,-) 
  g60540__5122/Y                                    -       A->Y    F     XOR2x1_ASAP7_75t_SL            3  3.1    40    29     535    (-,-) 
  addinc_FP32_ALU_col1_fracAdder_add_113_18_g954/Y  -       B->Y    F     AND2x2_ASAP7_75t_SL            3  1.8    17    27     562    (-,-) 
  addinc_FP32_ALU_col1_fracAdder_add_113_18_g844/Y  -       A2->Y   R     AOI21xp5_ASAP7_75t_SL          1  0.9    27    16     578    (-,-) 
  addinc_FP32_ALU_col1_fracAdder_add_113_18_g805/Y  -       B->Y    F     OAI21xp5_ASAP7_75t_SL          2  1.6    31    17     595    (-,-) 
  addinc_FP32_ALU_col1_fracAdder_add_113_18_g778/Y  -       A1->Y   R     AOI21xp5_ASAP7_75t_SL          1  0.9    32    17     612    (-,-) 
  addinc_FP32_ALU_col1_fracAdder_add_113_18_g764/Y  -       B->Y    F     OAI21xp5_ASAP7_75t_SL          1  1.5    30    17     629    (-,-) 
  addinc_FP32_ALU_col1_fracAdder_add_113_18_fopt3/Y -       A->Y    F     BUFx6f_ASAP7_75t_SL            6  5.9    14    23     652    (-,-) 
  addinc_FP32_ALU_col1_fracAdder_add_113_18_fopt2/Y -       A->Y    R     INVx3_ASAP7_75t_SL             6  5.0    21    13     665    (-,-) 
  addinc_FP32_ALU_col1_fracAdder_add_113_18_g739/Y  -       A1->Y   F     OAI21xp5_ASAP7_75t_SL          1  1.2    26    15     680    (-,-) 
  addinc_FP32_ALU_col1_fracAdder_add_113_18_g731/Y  -       B->Y    F     XOR2xp5_ASAP7_75t_SL           2  2.3    46    27     708    (-,-) 
  g50558/Y                                          -       B->Y    R     NOR4xp75_ASAP7_75t_SL          1  1.3    44    25     732    (-,-) 
  g49807/Y                                          -       B->Y    R     AND3x4_ASAP7_75t_SL            9  9.9    34    38     770    (-,-) 
  g49779/Y                                          -       A2->Y   F     AOI21x1_ASAP7_75t_SL           2  2.4    29    14     784    (-,-) 
  g49750/Y                                          -       D->Y    R     NAND4xp75_ASAP7_75t_SL         1  2.2    31    19     803    (-,-) 
  g49743/Y                                          -       A->Y    F     NOR2x2_ASAP7_75t_SL            5  5.0    30    21     824    (-,-) 
  g49735/Y                                          -       B->Y    R     NAND2xp5_ASAP7_75t_SL          1  1.8    39    23     847    (-,-) 
  g49696/Y                                          -       C->Y    F     NAND4xp75_ASAP7_75t_SL         4  4.8    58    29     876    (-,-) 
  g49695/Y                                          -       A->Y    R     INVx2_ASAP7_75t_SL             2  2.5    29    18     894    (-,-) 
  g49679/Y                                          -       A2->Y   F     AOI21x1_ASAP7_75t_SL           1  1.8    23    12     906    (-,-) 
  g49667/Y                                          -       A->Y    R     NAND2x1p5_ASAP7_75t_SL         3  3.4    31    20     926    (-,-) 
  g49645/Y                                          -       A1->Y   F     OAI21xp5_ASAP7_75t_SL          1  0.9    36    15     941    (-,-) 
  g49633/Y                                          -       A1->Y   F     OA21x2_ASAP7_75t_SL            5  5.2    27    34     975    (-,-) 
  g49630/Y                                          -       A->Y    R     INVx3_ASAP7_75t_SL             3  2.6    17    11     987    (-,-) 
  g49569/Y                                          -       B->Y    F     NAND2x1_ASAP7_75t_SL           1  1.3    22    10     996    (-,-) 
  g49527/Y                                          -       B->Y    F     AND2x4_ASAP7_75t_SL           20 16.6    36    34    1031    (-,-) 
  g49510/Y                                          -       A->Y    F     BUFx6f_ASAP7_75t_SL            8  5.6    14    24    1055    (-,-) 
  g49379/Y                                          -       A2->Y   R     AOI22xp5_ASAP7_75t_SL          2  1.6    49    22    1077    (-,-) 
  g49222/Y                                          -       B2->Y   R     OA22x2_ASAP7_75t_SL            2  2.0    18    25    1102    (-,-) 
  g49093/Y                                          -       A1->Y   F     OAI22x1_ASAP7_75t_SL           2  1.5    32    14    1116    (-,-) 
  g48976/Y                                          -       B1->Y   R     AOI22xp5_ASAP7_75t_SL          1  1.8    50    29    1144    (-,-) 
  g48908/Y                                          -       B->Y    F     NAND2x1p5_ASAP7_75t_SL         2  2.1    25    12    1156    (-,-) 
  g48819/Y                                          -       B->Y    R     NAND3x1_ASAP7_75t_SL           1  1.8    37    22    1179    (-,-) 
  g48793/Y                                          -       A->Y    F     NOR4xp75_ASAP7_75t_SL          2  1.8    23    12    1191    (-,-) 
  g48769/Y                                          -       B->Y    F     AND2x4_ASAP7_75t_SL            4  4.9    16    24    1215    (-,-) 
  g48742/Y                                          -       B->Y    R     NAND2x2_ASAP7_75t_SL           3  4.1    31    17    1232    (-,-) 
  g48696/Y                                          -       B->Y    F     NOR2x1p5_ASAP7_75t_SL          2  2.4    26    14    1246    (-,-) 
  g48668/Y                                          -       B->Y    F     AND2x4_ASAP7_75t_SL            2  2.9    14    22    1269    (-,-) 
  g63177/Y                                          -       B->Y    F     XNOR2xp5_ASAP7_75t_SL          2  1.9    34    27    1296    (-,-) 
  g48595/Y                                          -       B->Y    R     NOR2x1_ASAP7_75t_SL            1  1.8    30    17    1314    (-,-) 
  g48582/Y                                          -       C->Y    F     NAND4xp75_ASAP7_75t_SL         1  1.3    30    16    1330    (-,-) 
  g48577/Y                                          -       A2->Y   R     AOI21x1_ASAP7_75t_SL           1  2.6    60    21    1350    (-,-) 
  g48576/Y                                          -       A->Y    R     BUFx12f_ASAP7_75t_SL           7 11.8    19    25    1375    (-,-) 
  g48575/Y                                          -       A->Y    F     INVx8_ASAP7_75t_SL            20 13.5    18    12    1387    (-,-) 
  g48524/Y                                          -       B->Y    R     NAND2xp5_ASAP7_75t_SL          1  0.9    25    14    1401    (-,-) 
  PIPE_OUT_col1_stage_reg_reg[0][12]/D              -       -       R     ASYNC_DFFHx1_ASAP7_75t_SL      1    -     -     0    1401    (-,-) 
#--------------------------------------------------------------------------------------------------------------------------------------------



Path 25: VIOLATED (-515 ps) Setup Check with Pin PIPE_OUT_col1_stage_reg_reg[0][7]/CLK->D
           View: PVT_0P63V_100C.setup_view
          Group: clk
     Startpoint: (R) PIPE_OUT_col1_stage_reg_reg[0][6]/CLK
          Clock: (R) clk
       Endpoint: (R) PIPE_OUT_col1_stage_reg_reg[0][7]/D
          Clock: (R) clk

                     Capture       Launch     
        Clock Edge:+    1000            0     
       Src Latency:+       0            0     
       Net Latency:+       0 (I)        0 (I) 
           Arrival:=    1000            0     
                                              
             Setup:-      14                  
       Uncertainty:-     100                  
     Required Time:=     886                  
      Launch Clock:-       0                  
         Data Path:-    1401                  
             Slack:=    -515                  

#--------------------------------------------------------------------------------------------------------------------------------------------
#                   Timing Point                    Flags    Arc    Edge           Cell             Fanout Load Trans Delay Arrival Instance 
#                                                                                                          (fF)  (ps)  (ps)   (ps)  Location 
#--------------------------------------------------------------------------------------------------------------------------------------------
  PIPE_OUT_col1_stage_reg_reg[0][6]/CLK             -       -       R     (arrival)                   1135    -     0     0       0    (-,-) 
  PIPE_OUT_col1_stage_reg_reg[0][6]/QN              -       CLK->QN R     ASYNC_DFFHx1_ASAP7_75t_SL      2  1.8    34    54      54    (-,-) 
  g62601/Y                                          -       B1->Y   F     AOI22x1_ASAP7_75t_SL           4  3.0    62    18      72    (-,-) 
  g61903/Y                                          -       B2->Y   R     AOI22xp5_ASAP7_75t_SL          1  0.8    39    24      96    (-,-) 
  g61800__9315/Y                                    -       B->Y    R     OR2x2_ASAP7_75t_SL             1  0.9    12    22     118    (-,-) 
  g61766__9315/Y                                    -       B->Y    F     OAI21xp5_ASAP7_75t_SL          1  0.8    30    11     129    (-,-) 
  g61723__1881/Y                                    -       B->Y    R     AOI21xp5_ASAP7_75t_SL          1  0.9    31    19     148    (-,-) 
  g61712__6783/Y                                    -       A2->Y   F     OAI21xp5_ASAP7_75t_SL          1  0.8    24    14     162    (-,-) 
  g61646__6161/Y                                    -       A1->Y   F     AO331x2_ASAP7_75t_SL           2  2.3    24    41     203    (-,-) 
  g61643/Y                                          -       A->Y    F     BUFx5_ASAP7_75t_SL            11  8.4    22    31     234    (-,-) 
  g61641/Y                                          -       A->Y    R     INVx1_ASAP7_75t_SL             2  1.6    22    15     248    (-,-) 
  g61475__4319/Y                                    -       A2->Y   R     AO22x2_ASAP7_75t_SL            2  3.2    25    29     277    (-,-) 
  g61395/Y                                          -       A->Y    F     INVx2_ASAP7_75t_SL             2  2.6    16    11     288    (-,-) 
  g61191__5477/Y                                    -       B->Y    R     NAND4xp75_ASAP7_75t_SL         2  2.4    32    15     303    (-,-) 
  g61185__6417/Y                                    -       A->Y    F     NOR2x1p5_ASAP7_75t_SL          2  1.5    20    13     316    (-,-) 
  g63166/Y                                          -       B->Y    F     AND2x2_ASAP7_75t_SL            1  1.8    14    23     339    (-,-) 
  g61147__6260/Y                                    -       B->Y    F     XOR2x1_ASAP7_75t_SL            3  2.7    31    27     366    (-,-) 
  g61124/Y                                          -       A->Y    F     BUFx6f_ASAP7_75t_SL            8 10.5    19    26     392    (-,-) 
  g61127/Y                                          -       A->Y    R     INVx8_ASAP7_75t_SL            11 10.9    20    13     405    (-,-) 
  g60996__8428/Y                                    -       A->Y    R     AND2x4_ASAP7_75t_SL            4  3.1    15    19     424    (-,-) 
  g60846__1705/Y                                    -       A1->Y   F     AOI22xp5_ASAP7_75t_SL          1  1.8    42    17     442    (-,-) 
  g60791__9315/Y                                    -       B->Y    R     NAND2x1p5_ASAP7_75t_SL         2  2.2    32    19     461    (-,-) 
  g60769/Y                                          -       A->Y    F     INVx2_ASAP7_75t_SL             3  3.9    22    14     475    (-,-) 
  g60666__1881/Y                                    -       A1->Y   R     OAI22x1_ASAP7_75t_SL           1  1.8    35    17     492    (-,-) 
  g60615__6260/Y                                    -       A->Y    F     NOR2x1p5_ASAP7_75t_SL          1  1.8    22    15     507    (-,-) 
  g60540__5122/Y                                    -       A->Y    F     XOR2x1_ASAP7_75t_SL            3  3.1    40    29     535    (-,-) 
  addinc_FP32_ALU_col1_fracAdder_add_113_18_g954/Y  -       B->Y    F     AND2x2_ASAP7_75t_SL            3  1.8    17    27     562    (-,-) 
  addinc_FP32_ALU_col1_fracAdder_add_113_18_g844/Y  -       A2->Y   R     AOI21xp5_ASAP7_75t_SL          1  0.9    27    16     578    (-,-) 
  addinc_FP32_ALU_col1_fracAdder_add_113_18_g805/Y  -       B->Y    F     OAI21xp5_ASAP7_75t_SL          2  1.6    31    17     595    (-,-) 
  addinc_FP32_ALU_col1_fracAdder_add_113_18_g778/Y  -       A1->Y   R     AOI21xp5_ASAP7_75t_SL          1  0.9    32    17     612    (-,-) 
  addinc_FP32_ALU_col1_fracAdder_add_113_18_g764/Y  -       B->Y    F     OAI21xp5_ASAP7_75t_SL          1  1.5    30    17     629    (-,-) 
  addinc_FP32_ALU_col1_fracAdder_add_113_18_fopt3/Y -       A->Y    F     BUFx6f_ASAP7_75t_SL            6  5.9    14    23     652    (-,-) 
  addinc_FP32_ALU_col1_fracAdder_add_113_18_fopt2/Y -       A->Y    R     INVx3_ASAP7_75t_SL             6  5.0    21    13     665    (-,-) 
  addinc_FP32_ALU_col1_fracAdder_add_113_18_g739/Y  -       A1->Y   F     OAI21xp5_ASAP7_75t_SL          1  1.2    26    15     680    (-,-) 
  addinc_FP32_ALU_col1_fracAdder_add_113_18_g731/Y  -       B->Y    F     XOR2xp5_ASAP7_75t_SL           2  2.3    46    27     708    (-,-) 
  g50558/Y                                          -       B->Y    R     NOR4xp75_ASAP7_75t_SL          1  1.3    44    25     732    (-,-) 
  g49807/Y                                          -       B->Y    R     AND3x4_ASAP7_75t_SL            9  9.9    34    38     770    (-,-) 
  g49779/Y                                          -       A2->Y   F     AOI21x1_ASAP7_75t_SL           2  2.4    29    14     784    (-,-) 
  g49750/Y                                          -       D->Y    R     NAND4xp75_ASAP7_75t_SL         1  2.2    31    19     803    (-,-) 
  g49743/Y                                          -       A->Y    F     NOR2x2_ASAP7_75t_SL            5  5.0    30    21     824    (-,-) 
  g49735/Y                                          -       B->Y    R     NAND2xp5_ASAP7_75t_SL          1  1.8    39    23     847    (-,-) 
  g49696/Y                                          -       C->Y    F     NAND4xp75_ASAP7_75t_SL         4  4.8    58    29     876    (-,-) 
  g49695/Y                                          -       A->Y    R     INVx2_ASAP7_75t_SL             2  2.5    29    18     894    (-,-) 
  g49679/Y                                          -       A2->Y   F     AOI21x1_ASAP7_75t_SL           1  1.8    23    12     906    (-,-) 
  g49667/Y                                          -       A->Y    R     NAND2x1p5_ASAP7_75t_SL         3  3.4    31    20     926    (-,-) 
  g49645/Y                                          -       A1->Y   F     OAI21xp5_ASAP7_75t_SL          1  0.9    36    15     941    (-,-) 
  g49633/Y                                          -       A1->Y   F     OA21x2_ASAP7_75t_SL            5  5.2    27    34     975    (-,-) 
  g49630/Y                                          -       A->Y    R     INVx3_ASAP7_75t_SL             3  2.6    17    11     987    (-,-) 
  g49569/Y                                          -       B->Y    F     NAND2x1_ASAP7_75t_SL           1  1.3    22    10     996    (-,-) 
  g49527/Y                                          -       B->Y    F     AND2x4_ASAP7_75t_SL           20 16.6    36    34    1031    (-,-) 
  g49510/Y                                          -       A->Y    F     BUFx6f_ASAP7_75t_SL            8  5.6    14    24    1055    (-,-) 
  g49379/Y                                          -       A2->Y   R     AOI22xp5_ASAP7_75t_SL          2  1.6    49    22    1077    (-,-) 
  g49222/Y                                          -       B2->Y   R     OA22x2_ASAP7_75t_SL            2  2.0    18    25    1102    (-,-) 
  g49093/Y                                          -       A1->Y   F     OAI22x1_ASAP7_75t_SL           2  1.5    32    14    1116    (-,-) 
  g48976/Y                                          -       B1->Y   R     AOI22xp5_ASAP7_75t_SL          1  1.8    50    29    1144    (-,-) 
  g48908/Y                                          -       B->Y    F     NAND2x1p5_ASAP7_75t_SL         2  2.1    25    12    1156    (-,-) 
  g48819/Y                                          -       B->Y    R     NAND3x1_ASAP7_75t_SL           1  1.8    37    22    1179    (-,-) 
  g48793/Y                                          -       A->Y    F     NOR4xp75_ASAP7_75t_SL          2  1.8    23    12    1191    (-,-) 
  g48769/Y                                          -       B->Y    F     AND2x4_ASAP7_75t_SL            4  4.9    16    24    1215    (-,-) 
  g48742/Y                                          -       B->Y    R     NAND2x2_ASAP7_75t_SL           3  4.1    31    17    1232    (-,-) 
  g48696/Y                                          -       B->Y    F     NOR2x1p5_ASAP7_75t_SL          2  2.4    26    14    1246    (-,-) 
  g48668/Y                                          -       B->Y    F     AND2x4_ASAP7_75t_SL            2  2.9    14    22    1269    (-,-) 
  g63177/Y                                          -       B->Y    F     XNOR2xp5_ASAP7_75t_SL          2  1.9    34    27    1296    (-,-) 
  g48595/Y                                          -       B->Y    R     NOR2x1_ASAP7_75t_SL            1  1.8    30    17    1314    (-,-) 
  g48582/Y                                          -       C->Y    F     NAND4xp75_ASAP7_75t_SL         1  1.3    30    16    1330    (-,-) 
  g48577/Y                                          -       A2->Y   R     AOI21x1_ASAP7_75t_SL           1  2.6    60    21    1350    (-,-) 
  g48576/Y                                          -       A->Y    R     BUFx12f_ASAP7_75t_SL           7 11.8    19    25    1375    (-,-) 
  g48575/Y                                          -       A->Y    F     INVx8_ASAP7_75t_SL            20 13.5    18    12    1387    (-,-) 
  g48533/Y                                          -       B->Y    R     NAND2xp5_ASAP7_75t_SL          1  0.9    25    14    1401    (-,-) 
  PIPE_OUT_col1_stage_reg_reg[0][7]/D               -       -       R     ASYNC_DFFHx1_ASAP7_75t_SL      1    -     -     0    1401    (-,-) 
#--------------------------------------------------------------------------------------------------------------------------------------------



Path 26: VIOLATED (-515 ps) Setup Check with Pin PIPE_OUT_col1_stage_reg_reg[0][6]/CLK->D
           View: PVT_0P63V_100C.setup_view
          Group: clk
     Startpoint: (R) PIPE_OUT_col1_stage_reg_reg[0][6]/CLK
          Clock: (R) clk
       Endpoint: (R) PIPE_OUT_col1_stage_reg_reg[0][6]/D
          Clock: (R) clk

                     Capture       Launch     
        Clock Edge:+    1000            0     
       Src Latency:+       0            0     
       Net Latency:+       0 (I)        0 (I) 
           Arrival:=    1000            0     
                                              
             Setup:-      14                  
       Uncertainty:-     100                  
     Required Time:=     886                  
      Launch Clock:-       0                  
         Data Path:-    1401                  
             Slack:=    -515                  

#--------------------------------------------------------------------------------------------------------------------------------------------
#                   Timing Point                    Flags    Arc    Edge           Cell             Fanout Load Trans Delay Arrival Instance 
#                                                                                                          (fF)  (ps)  (ps)   (ps)  Location 
#--------------------------------------------------------------------------------------------------------------------------------------------
  PIPE_OUT_col1_stage_reg_reg[0][6]/CLK             -       -       R     (arrival)                   1135    -     0     0       0    (-,-) 
  PIPE_OUT_col1_stage_reg_reg[0][6]/QN              -       CLK->QN R     ASYNC_DFFHx1_ASAP7_75t_SL      2  1.8    34    54      54    (-,-) 
  g62601/Y                                          -       B1->Y   F     AOI22x1_ASAP7_75t_SL           4  3.0    62    18      72    (-,-) 
  g61903/Y                                          -       B2->Y   R     AOI22xp5_ASAP7_75t_SL          1  0.8    39    24      96    (-,-) 
  g61800__9315/Y                                    -       B->Y    R     OR2x2_ASAP7_75t_SL             1  0.9    12    22     118    (-,-) 
  g61766__9315/Y                                    -       B->Y    F     OAI21xp5_ASAP7_75t_SL          1  0.8    30    11     129    (-,-) 
  g61723__1881/Y                                    -       B->Y    R     AOI21xp5_ASAP7_75t_SL          1  0.9    31    19     148    (-,-) 
  g61712__6783/Y                                    -       A2->Y   F     OAI21xp5_ASAP7_75t_SL          1  0.8    24    14     162    (-,-) 
  g61646__6161/Y                                    -       A1->Y   F     AO331x2_ASAP7_75t_SL           2  2.3    24    41     203    (-,-) 
  g61643/Y                                          -       A->Y    F     BUFx5_ASAP7_75t_SL            11  8.4    22    31     234    (-,-) 
  g61641/Y                                          -       A->Y    R     INVx1_ASAP7_75t_SL             2  1.6    22    15     248    (-,-) 
  g61475__4319/Y                                    -       A2->Y   R     AO22x2_ASAP7_75t_SL            2  3.2    25    29     277    (-,-) 
  g61395/Y                                          -       A->Y    F     INVx2_ASAP7_75t_SL             2  2.6    16    11     288    (-,-) 
  g61191__5477/Y                                    -       B->Y    R     NAND4xp75_ASAP7_75t_SL         2  2.4    32    15     303    (-,-) 
  g61185__6417/Y                                    -       A->Y    F     NOR2x1p5_ASAP7_75t_SL          2  1.5    20    13     316    (-,-) 
  g63166/Y                                          -       B->Y    F     AND2x2_ASAP7_75t_SL            1  1.8    14    23     339    (-,-) 
  g61147__6260/Y                                    -       B->Y    F     XOR2x1_ASAP7_75t_SL            3  2.7    31    27     366    (-,-) 
  g61124/Y                                          -       A->Y    F     BUFx6f_ASAP7_75t_SL            8 10.5    19    26     392    (-,-) 
  g61127/Y                                          -       A->Y    R     INVx8_ASAP7_75t_SL            11 10.9    20    13     405    (-,-) 
  g60996__8428/Y                                    -       A->Y    R     AND2x4_ASAP7_75t_SL            4  3.1    15    19     424    (-,-) 
  g60846__1705/Y                                    -       A1->Y   F     AOI22xp5_ASAP7_75t_SL          1  1.8    42    17     442    (-,-) 
  g60791__9315/Y                                    -       B->Y    R     NAND2x1p5_ASAP7_75t_SL         2  2.2    32    19     461    (-,-) 
  g60769/Y                                          -       A->Y    F     INVx2_ASAP7_75t_SL             3  3.9    22    14     475    (-,-) 
  g60666__1881/Y                                    -       A1->Y   R     OAI22x1_ASAP7_75t_SL           1  1.8    35    17     492    (-,-) 
  g60615__6260/Y                                    -       A->Y    F     NOR2x1p5_ASAP7_75t_SL          1  1.8    22    15     507    (-,-) 
  g60540__5122/Y                                    -       A->Y    F     XOR2x1_ASAP7_75t_SL            3  3.1    40    29     535    (-,-) 
  addinc_FP32_ALU_col1_fracAdder_add_113_18_g954/Y  -       B->Y    F     AND2x2_ASAP7_75t_SL            3  1.8    17    27     562    (-,-) 
  addinc_FP32_ALU_col1_fracAdder_add_113_18_g844/Y  -       A2->Y   R     AOI21xp5_ASAP7_75t_SL          1  0.9    27    16     578    (-,-) 
  addinc_FP32_ALU_col1_fracAdder_add_113_18_g805/Y  -       B->Y    F     OAI21xp5_ASAP7_75t_SL          2  1.6    31    17     595    (-,-) 
  addinc_FP32_ALU_col1_fracAdder_add_113_18_g778/Y  -       A1->Y   R     AOI21xp5_ASAP7_75t_SL          1  0.9    32    17     612    (-,-) 
  addinc_FP32_ALU_col1_fracAdder_add_113_18_g764/Y  -       B->Y    F     OAI21xp5_ASAP7_75t_SL          1  1.5    30    17     629    (-,-) 
  addinc_FP32_ALU_col1_fracAdder_add_113_18_fopt3/Y -       A->Y    F     BUFx6f_ASAP7_75t_SL            6  5.9    14    23     652    (-,-) 
  addinc_FP32_ALU_col1_fracAdder_add_113_18_fopt2/Y -       A->Y    R     INVx3_ASAP7_75t_SL             6  5.0    21    13     665    (-,-) 
  addinc_FP32_ALU_col1_fracAdder_add_113_18_g739/Y  -       A1->Y   F     OAI21xp5_ASAP7_75t_SL          1  1.2    26    15     680    (-,-) 
  addinc_FP32_ALU_col1_fracAdder_add_113_18_g731/Y  -       B->Y    F     XOR2xp5_ASAP7_75t_SL           2  2.3    46    27     708    (-,-) 
  g50558/Y                                          -       B->Y    R     NOR4xp75_ASAP7_75t_SL          1  1.3    44    25     732    (-,-) 
  g49807/Y                                          -       B->Y    R     AND3x4_ASAP7_75t_SL            9  9.9    34    38     770    (-,-) 
  g49779/Y                                          -       A2->Y   F     AOI21x1_ASAP7_75t_SL           2  2.4    29    14     784    (-,-) 
  g49750/Y                                          -       D->Y    R     NAND4xp75_ASAP7_75t_SL         1  2.2    31    19     803    (-,-) 
  g49743/Y                                          -       A->Y    F     NOR2x2_ASAP7_75t_SL            5  5.0    30    21     824    (-,-) 
  g49735/Y                                          -       B->Y    R     NAND2xp5_ASAP7_75t_SL          1  1.8    39    23     847    (-,-) 
  g49696/Y                                          -       C->Y    F     NAND4xp75_ASAP7_75t_SL         4  4.8    58    29     876    (-,-) 
  g49695/Y                                          -       A->Y    R     INVx2_ASAP7_75t_SL             2  2.5    29    18     894    (-,-) 
  g49679/Y                                          -       A2->Y   F     AOI21x1_ASAP7_75t_SL           1  1.8    23    12     906    (-,-) 
  g49667/Y                                          -       A->Y    R     NAND2x1p5_ASAP7_75t_SL         3  3.4    31    20     926    (-,-) 
  g49645/Y                                          -       A1->Y   F     OAI21xp5_ASAP7_75t_SL          1  0.9    36    15     941    (-,-) 
  g49633/Y                                          -       A1->Y   F     OA21x2_ASAP7_75t_SL            5  5.2    27    34     975    (-,-) 
  g49630/Y                                          -       A->Y    R     INVx3_ASAP7_75t_SL             3  2.6    17    11     987    (-,-) 
  g49569/Y                                          -       B->Y    F     NAND2x1_ASAP7_75t_SL           1  1.3    22    10     996    (-,-) 
  g49527/Y                                          -       B->Y    F     AND2x4_ASAP7_75t_SL           20 16.6    36    34    1031    (-,-) 
  g49510/Y                                          -       A->Y    F     BUFx6f_ASAP7_75t_SL            8  5.6    14    24    1055    (-,-) 
  g49379/Y                                          -       A2->Y   R     AOI22xp5_ASAP7_75t_SL          2  1.6    49    22    1077    (-,-) 
  g49222/Y                                          -       B2->Y   R     OA22x2_ASAP7_75t_SL            2  2.0    18    25    1102    (-,-) 
  g49093/Y                                          -       A1->Y   F     OAI22x1_ASAP7_75t_SL           2  1.5    32    14    1116    (-,-) 
  g48976/Y                                          -       B1->Y   R     AOI22xp5_ASAP7_75t_SL          1  1.8    50    29    1144    (-,-) 
  g48908/Y                                          -       B->Y    F     NAND2x1p5_ASAP7_75t_SL         2  2.1    25    12    1156    (-,-) 
  g48819/Y                                          -       B->Y    R     NAND3x1_ASAP7_75t_SL           1  1.8    37    22    1179    (-,-) 
  g48793/Y                                          -       A->Y    F     NOR4xp75_ASAP7_75t_SL          2  1.8    23    12    1191    (-,-) 
  g48769/Y                                          -       B->Y    F     AND2x4_ASAP7_75t_SL            4  4.9    16    24    1215    (-,-) 
  g48742/Y                                          -       B->Y    R     NAND2x2_ASAP7_75t_SL           3  4.1    31    17    1232    (-,-) 
  g48696/Y                                          -       B->Y    F     NOR2x1p5_ASAP7_75t_SL          2  2.4    26    14    1246    (-,-) 
  g48668/Y                                          -       B->Y    F     AND2x4_ASAP7_75t_SL            2  2.9    14    22    1269    (-,-) 
  g63177/Y                                          -       B->Y    F     XNOR2xp5_ASAP7_75t_SL          2  1.9    34    27    1296    (-,-) 
  g48595/Y                                          -       B->Y    R     NOR2x1_ASAP7_75t_SL            1  1.8    30    17    1314    (-,-) 
  g48582/Y                                          -       C->Y    F     NAND4xp75_ASAP7_75t_SL         1  1.3    30    16    1330    (-,-) 
  g48577/Y                                          -       A2->Y   R     AOI21x1_ASAP7_75t_SL           1  2.6    60    21    1350    (-,-) 
  g48576/Y                                          -       A->Y    R     BUFx12f_ASAP7_75t_SL           7 11.8    19    25    1375    (-,-) 
  g48575/Y                                          -       A->Y    F     INVx8_ASAP7_75t_SL            20 13.5    18    12    1387    (-,-) 
  g48514/Y                                          -       B->Y    R     NAND2xp5_ASAP7_75t_SL          1  0.9    25    14    1401    (-,-) 
  PIPE_OUT_col1_stage_reg_reg[0][6]/D               -       -       R     ASYNC_DFFHx1_ASAP7_75t_SL      1    -     -     0    1401    (-,-) 
#--------------------------------------------------------------------------------------------------------------------------------------------



Path 27: VIOLATED (-515 ps) Setup Check with Pin PIPE_OUT_col1_stage_reg_reg[0][4]/CLK->D
           View: PVT_0P63V_100C.setup_view
          Group: clk
     Startpoint: (R) PIPE_OUT_col1_stage_reg_reg[0][6]/CLK
          Clock: (R) clk
       Endpoint: (R) PIPE_OUT_col1_stage_reg_reg[0][4]/D
          Clock: (R) clk

                     Capture       Launch     
        Clock Edge:+    1000            0     
       Src Latency:+       0            0     
       Net Latency:+       0 (I)        0 (I) 
           Arrival:=    1000            0     
                                              
             Setup:-      14                  
       Uncertainty:-     100                  
     Required Time:=     886                  
      Launch Clock:-       0                  
         Data Path:-    1401                  
             Slack:=    -515                  

#--------------------------------------------------------------------------------------------------------------------------------------------
#                   Timing Point                    Flags    Arc    Edge           Cell             Fanout Load Trans Delay Arrival Instance 
#                                                                                                          (fF)  (ps)  (ps)   (ps)  Location 
#--------------------------------------------------------------------------------------------------------------------------------------------
  PIPE_OUT_col1_stage_reg_reg[0][6]/CLK             -       -       R     (arrival)                   1135    -     0     0       0    (-,-) 
  PIPE_OUT_col1_stage_reg_reg[0][6]/QN              -       CLK->QN R     ASYNC_DFFHx1_ASAP7_75t_SL      2  1.8    34    54      54    (-,-) 
  g62601/Y                                          -       B1->Y   F     AOI22x1_ASAP7_75t_SL           4  3.0    62    18      72    (-,-) 
  g61903/Y                                          -       B2->Y   R     AOI22xp5_ASAP7_75t_SL          1  0.8    39    24      96    (-,-) 
  g61800__9315/Y                                    -       B->Y    R     OR2x2_ASAP7_75t_SL             1  0.9    12    22     118    (-,-) 
  g61766__9315/Y                                    -       B->Y    F     OAI21xp5_ASAP7_75t_SL          1  0.8    30    11     129    (-,-) 
  g61723__1881/Y                                    -       B->Y    R     AOI21xp5_ASAP7_75t_SL          1  0.9    31    19     148    (-,-) 
  g61712__6783/Y                                    -       A2->Y   F     OAI21xp5_ASAP7_75t_SL          1  0.8    24    14     162    (-,-) 
  g61646__6161/Y                                    -       A1->Y   F     AO331x2_ASAP7_75t_SL           2  2.3    24    41     203    (-,-) 
  g61643/Y                                          -       A->Y    F     BUFx5_ASAP7_75t_SL            11  8.4    22    31     234    (-,-) 
  g61641/Y                                          -       A->Y    R     INVx1_ASAP7_75t_SL             2  1.6    22    15     248    (-,-) 
  g61475__4319/Y                                    -       A2->Y   R     AO22x2_ASAP7_75t_SL            2  3.2    25    29     277    (-,-) 
  g61395/Y                                          -       A->Y    F     INVx2_ASAP7_75t_SL             2  2.6    16    11     288    (-,-) 
  g61191__5477/Y                                    -       B->Y    R     NAND4xp75_ASAP7_75t_SL         2  2.4    32    15     303    (-,-) 
  g61185__6417/Y                                    -       A->Y    F     NOR2x1p5_ASAP7_75t_SL          2  1.5    20    13     316    (-,-) 
  g63166/Y                                          -       B->Y    F     AND2x2_ASAP7_75t_SL            1  1.8    14    23     339    (-,-) 
  g61147__6260/Y                                    -       B->Y    F     XOR2x1_ASAP7_75t_SL            3  2.7    31    27     366    (-,-) 
  g61124/Y                                          -       A->Y    F     BUFx6f_ASAP7_75t_SL            8 10.5    19    26     392    (-,-) 
  g61127/Y                                          -       A->Y    R     INVx8_ASAP7_75t_SL            11 10.9    20    13     405    (-,-) 
  g60996__8428/Y                                    -       A->Y    R     AND2x4_ASAP7_75t_SL            4  3.1    15    19     424    (-,-) 
  g60846__1705/Y                                    -       A1->Y   F     AOI22xp5_ASAP7_75t_SL          1  1.8    42    17     442    (-,-) 
  g60791__9315/Y                                    -       B->Y    R     NAND2x1p5_ASAP7_75t_SL         2  2.2    32    19     461    (-,-) 
  g60769/Y                                          -       A->Y    F     INVx2_ASAP7_75t_SL             3  3.9    22    14     475    (-,-) 
  g60666__1881/Y                                    -       A1->Y   R     OAI22x1_ASAP7_75t_SL           1  1.8    35    17     492    (-,-) 
  g60615__6260/Y                                    -       A->Y    F     NOR2x1p5_ASAP7_75t_SL          1  1.8    22    15     507    (-,-) 
  g60540__5122/Y                                    -       A->Y    F     XOR2x1_ASAP7_75t_SL            3  3.1    40    29     535    (-,-) 
  addinc_FP32_ALU_col1_fracAdder_add_113_18_g954/Y  -       B->Y    F     AND2x2_ASAP7_75t_SL            3  1.8    17    27     562    (-,-) 
  addinc_FP32_ALU_col1_fracAdder_add_113_18_g844/Y  -       A2->Y   R     AOI21xp5_ASAP7_75t_SL          1  0.9    27    16     578    (-,-) 
  addinc_FP32_ALU_col1_fracAdder_add_113_18_g805/Y  -       B->Y    F     OAI21xp5_ASAP7_75t_SL          2  1.6    31    17     595    (-,-) 
  addinc_FP32_ALU_col1_fracAdder_add_113_18_g778/Y  -       A1->Y   R     AOI21xp5_ASAP7_75t_SL          1  0.9    32    17     612    (-,-) 
  addinc_FP32_ALU_col1_fracAdder_add_113_18_g764/Y  -       B->Y    F     OAI21xp5_ASAP7_75t_SL          1  1.5    30    17     629    (-,-) 
  addinc_FP32_ALU_col1_fracAdder_add_113_18_fopt3/Y -       A->Y    F     BUFx6f_ASAP7_75t_SL            6  5.9    14    23     652    (-,-) 
  addinc_FP32_ALU_col1_fracAdder_add_113_18_fopt2/Y -       A->Y    R     INVx3_ASAP7_75t_SL             6  5.0    21    13     665    (-,-) 
  addinc_FP32_ALU_col1_fracAdder_add_113_18_g739/Y  -       A1->Y   F     OAI21xp5_ASAP7_75t_SL          1  1.2    26    15     680    (-,-) 
  addinc_FP32_ALU_col1_fracAdder_add_113_18_g731/Y  -       B->Y    F     XOR2xp5_ASAP7_75t_SL           2  2.3    46    27     708    (-,-) 
  g50558/Y                                          -       B->Y    R     NOR4xp75_ASAP7_75t_SL          1  1.3    44    25     732    (-,-) 
  g49807/Y                                          -       B->Y    R     AND3x4_ASAP7_75t_SL            9  9.9    34    38     770    (-,-) 
  g49779/Y                                          -       A2->Y   F     AOI21x1_ASAP7_75t_SL           2  2.4    29    14     784    (-,-) 
  g49750/Y                                          -       D->Y    R     NAND4xp75_ASAP7_75t_SL         1  2.2    31    19     803    (-,-) 
  g49743/Y                                          -       A->Y    F     NOR2x2_ASAP7_75t_SL            5  5.0    30    21     824    (-,-) 
  g49735/Y                                          -       B->Y    R     NAND2xp5_ASAP7_75t_SL          1  1.8    39    23     847    (-,-) 
  g49696/Y                                          -       C->Y    F     NAND4xp75_ASAP7_75t_SL         4  4.8    58    29     876    (-,-) 
  g49695/Y                                          -       A->Y    R     INVx2_ASAP7_75t_SL             2  2.5    29    18     894    (-,-) 
  g49679/Y                                          -       A2->Y   F     AOI21x1_ASAP7_75t_SL           1  1.8    23    12     906    (-,-) 
  g49667/Y                                          -       A->Y    R     NAND2x1p5_ASAP7_75t_SL         3  3.4    31    20     926    (-,-) 
  g49645/Y                                          -       A1->Y   F     OAI21xp5_ASAP7_75t_SL          1  0.9    36    15     941    (-,-) 
  g49633/Y                                          -       A1->Y   F     OA21x2_ASAP7_75t_SL            5  5.2    27    34     975    (-,-) 
  g49630/Y                                          -       A->Y    R     INVx3_ASAP7_75t_SL             3  2.6    17    11     987    (-,-) 
  g49569/Y                                          -       B->Y    F     NAND2x1_ASAP7_75t_SL           1  1.3    22    10     996    (-,-) 
  g49527/Y                                          -       B->Y    F     AND2x4_ASAP7_75t_SL           20 16.6    36    34    1031    (-,-) 
  g49510/Y                                          -       A->Y    F     BUFx6f_ASAP7_75t_SL            8  5.6    14    24    1055    (-,-) 
  g49379/Y                                          -       A2->Y   R     AOI22xp5_ASAP7_75t_SL          2  1.6    49    22    1077    (-,-) 
  g49222/Y                                          -       B2->Y   R     OA22x2_ASAP7_75t_SL            2  2.0    18    25    1102    (-,-) 
  g49093/Y                                          -       A1->Y   F     OAI22x1_ASAP7_75t_SL           2  1.5    32    14    1116    (-,-) 
  g48976/Y                                          -       B1->Y   R     AOI22xp5_ASAP7_75t_SL          1  1.8    50    29    1144    (-,-) 
  g48908/Y                                          -       B->Y    F     NAND2x1p5_ASAP7_75t_SL         2  2.1    25    12    1156    (-,-) 
  g48819/Y                                          -       B->Y    R     NAND3x1_ASAP7_75t_SL           1  1.8    37    22    1179    (-,-) 
  g48793/Y                                          -       A->Y    F     NOR4xp75_ASAP7_75t_SL          2  1.8    23    12    1191    (-,-) 
  g48769/Y                                          -       B->Y    F     AND2x4_ASAP7_75t_SL            4  4.9    16    24    1215    (-,-) 
  g48742/Y                                          -       B->Y    R     NAND2x2_ASAP7_75t_SL           3  4.1    31    17    1232    (-,-) 
  g48696/Y                                          -       B->Y    F     NOR2x1p5_ASAP7_75t_SL          2  2.4    26    14    1246    (-,-) 
  g48668/Y                                          -       B->Y    F     AND2x4_ASAP7_75t_SL            2  2.9    14    22    1269    (-,-) 
  g63177/Y                                          -       B->Y    F     XNOR2xp5_ASAP7_75t_SL          2  1.9    34    27    1296    (-,-) 
  g48595/Y                                          -       B->Y    R     NOR2x1_ASAP7_75t_SL            1  1.8    30    17    1314    (-,-) 
  g48582/Y                                          -       C->Y    F     NAND4xp75_ASAP7_75t_SL         1  1.3    30    16    1330    (-,-) 
  g48577/Y                                          -       A2->Y   R     AOI21x1_ASAP7_75t_SL           1  2.6    60    21    1350    (-,-) 
  g48576/Y                                          -       A->Y    R     BUFx12f_ASAP7_75t_SL           7 11.8    19    25    1375    (-,-) 
  g48575/Y                                          -       A->Y    F     INVx8_ASAP7_75t_SL            20 13.5    18    12    1387    (-,-) 
  g48522/Y                                          -       B->Y    R     NAND2xp5_ASAP7_75t_SL          1  0.9    25    14    1401    (-,-) 
  PIPE_OUT_col1_stage_reg_reg[0][4]/D               -       -       R     ASYNC_DFFHx1_ASAP7_75t_SL      1    -     -     0    1401    (-,-) 
#--------------------------------------------------------------------------------------------------------------------------------------------



Path 28: VIOLATED (-515 ps) Setup Check with Pin PIPE_OUT_col1_stage_reg_reg[0][2]/CLK->D
           View: PVT_0P63V_100C.setup_view
          Group: clk
     Startpoint: (R) PIPE_OUT_col1_stage_reg_reg[0][6]/CLK
          Clock: (R) clk
       Endpoint: (R) PIPE_OUT_col1_stage_reg_reg[0][2]/D
          Clock: (R) clk

                     Capture       Launch     
        Clock Edge:+    1000            0     
       Src Latency:+       0            0     
       Net Latency:+       0 (I)        0 (I) 
           Arrival:=    1000            0     
                                              
             Setup:-      14                  
       Uncertainty:-     100                  
     Required Time:=     886                  
      Launch Clock:-       0                  
         Data Path:-    1401                  
             Slack:=    -515                  

#--------------------------------------------------------------------------------------------------------------------------------------------
#                   Timing Point                    Flags    Arc    Edge           Cell             Fanout Load Trans Delay Arrival Instance 
#                                                                                                          (fF)  (ps)  (ps)   (ps)  Location 
#--------------------------------------------------------------------------------------------------------------------------------------------
  PIPE_OUT_col1_stage_reg_reg[0][6]/CLK             -       -       R     (arrival)                   1135    -     0     0       0    (-,-) 
  PIPE_OUT_col1_stage_reg_reg[0][6]/QN              -       CLK->QN R     ASYNC_DFFHx1_ASAP7_75t_SL      2  1.8    34    54      54    (-,-) 
  g62601/Y                                          -       B1->Y   F     AOI22x1_ASAP7_75t_SL           4  3.0    62    18      72    (-,-) 
  g61903/Y                                          -       B2->Y   R     AOI22xp5_ASAP7_75t_SL          1  0.8    39    24      96    (-,-) 
  g61800__9315/Y                                    -       B->Y    R     OR2x2_ASAP7_75t_SL             1  0.9    12    22     118    (-,-) 
  g61766__9315/Y                                    -       B->Y    F     OAI21xp5_ASAP7_75t_SL          1  0.8    30    11     129    (-,-) 
  g61723__1881/Y                                    -       B->Y    R     AOI21xp5_ASAP7_75t_SL          1  0.9    31    19     148    (-,-) 
  g61712__6783/Y                                    -       A2->Y   F     OAI21xp5_ASAP7_75t_SL          1  0.8    24    14     162    (-,-) 
  g61646__6161/Y                                    -       A1->Y   F     AO331x2_ASAP7_75t_SL           2  2.3    24    41     203    (-,-) 
  g61643/Y                                          -       A->Y    F     BUFx5_ASAP7_75t_SL            11  8.4    22    31     234    (-,-) 
  g61641/Y                                          -       A->Y    R     INVx1_ASAP7_75t_SL             2  1.6    22    15     248    (-,-) 
  g61475__4319/Y                                    -       A2->Y   R     AO22x2_ASAP7_75t_SL            2  3.2    25    29     277    (-,-) 
  g61395/Y                                          -       A->Y    F     INVx2_ASAP7_75t_SL             2  2.6    16    11     288    (-,-) 
  g61191__5477/Y                                    -       B->Y    R     NAND4xp75_ASAP7_75t_SL         2  2.4    32    15     303    (-,-) 
  g61185__6417/Y                                    -       A->Y    F     NOR2x1p5_ASAP7_75t_SL          2  1.5    20    13     316    (-,-) 
  g63166/Y                                          -       B->Y    F     AND2x2_ASAP7_75t_SL            1  1.8    14    23     339    (-,-) 
  g61147__6260/Y                                    -       B->Y    F     XOR2x1_ASAP7_75t_SL            3  2.7    31    27     366    (-,-) 
  g61124/Y                                          -       A->Y    F     BUFx6f_ASAP7_75t_SL            8 10.5    19    26     392    (-,-) 
  g61127/Y                                          -       A->Y    R     INVx8_ASAP7_75t_SL            11 10.9    20    13     405    (-,-) 
  g60996__8428/Y                                    -       A->Y    R     AND2x4_ASAP7_75t_SL            4  3.1    15    19     424    (-,-) 
  g60846__1705/Y                                    -       A1->Y   F     AOI22xp5_ASAP7_75t_SL          1  1.8    42    17     442    (-,-) 
  g60791__9315/Y                                    -       B->Y    R     NAND2x1p5_ASAP7_75t_SL         2  2.2    32    19     461    (-,-) 
  g60769/Y                                          -       A->Y    F     INVx2_ASAP7_75t_SL             3  3.9    22    14     475    (-,-) 
  g60666__1881/Y                                    -       A1->Y   R     OAI22x1_ASAP7_75t_SL           1  1.8    35    17     492    (-,-) 
  g60615__6260/Y                                    -       A->Y    F     NOR2x1p5_ASAP7_75t_SL          1  1.8    22    15     507    (-,-) 
  g60540__5122/Y                                    -       A->Y    F     XOR2x1_ASAP7_75t_SL            3  3.1    40    29     535    (-,-) 
  addinc_FP32_ALU_col1_fracAdder_add_113_18_g954/Y  -       B->Y    F     AND2x2_ASAP7_75t_SL            3  1.8    17    27     562    (-,-) 
  addinc_FP32_ALU_col1_fracAdder_add_113_18_g844/Y  -       A2->Y   R     AOI21xp5_ASAP7_75t_SL          1  0.9    27    16     578    (-,-) 
  addinc_FP32_ALU_col1_fracAdder_add_113_18_g805/Y  -       B->Y    F     OAI21xp5_ASAP7_75t_SL          2  1.6    31    17     595    (-,-) 
  addinc_FP32_ALU_col1_fracAdder_add_113_18_g778/Y  -       A1->Y   R     AOI21xp5_ASAP7_75t_SL          1  0.9    32    17     612    (-,-) 
  addinc_FP32_ALU_col1_fracAdder_add_113_18_g764/Y  -       B->Y    F     OAI21xp5_ASAP7_75t_SL          1  1.5    30    17     629    (-,-) 
  addinc_FP32_ALU_col1_fracAdder_add_113_18_fopt3/Y -       A->Y    F     BUFx6f_ASAP7_75t_SL            6  5.9    14    23     652    (-,-) 
  addinc_FP32_ALU_col1_fracAdder_add_113_18_fopt2/Y -       A->Y    R     INVx3_ASAP7_75t_SL             6  5.0    21    13     665    (-,-) 
  addinc_FP32_ALU_col1_fracAdder_add_113_18_g739/Y  -       A1->Y   F     OAI21xp5_ASAP7_75t_SL          1  1.2    26    15     680    (-,-) 
  addinc_FP32_ALU_col1_fracAdder_add_113_18_g731/Y  -       B->Y    F     XOR2xp5_ASAP7_75t_SL           2  2.3    46    27     708    (-,-) 
  g50558/Y                                          -       B->Y    R     NOR4xp75_ASAP7_75t_SL          1  1.3    44    25     732    (-,-) 
  g49807/Y                                          -       B->Y    R     AND3x4_ASAP7_75t_SL            9  9.9    34    38     770    (-,-) 
  g49779/Y                                          -       A2->Y   F     AOI21x1_ASAP7_75t_SL           2  2.4    29    14     784    (-,-) 
  g49750/Y                                          -       D->Y    R     NAND4xp75_ASAP7_75t_SL         1  2.2    31    19     803    (-,-) 
  g49743/Y                                          -       A->Y    F     NOR2x2_ASAP7_75t_SL            5  5.0    30    21     824    (-,-) 
  g49735/Y                                          -       B->Y    R     NAND2xp5_ASAP7_75t_SL          1  1.8    39    23     847    (-,-) 
  g49696/Y                                          -       C->Y    F     NAND4xp75_ASAP7_75t_SL         4  4.8    58    29     876    (-,-) 
  g49695/Y                                          -       A->Y    R     INVx2_ASAP7_75t_SL             2  2.5    29    18     894    (-,-) 
  g49679/Y                                          -       A2->Y   F     AOI21x1_ASAP7_75t_SL           1  1.8    23    12     906    (-,-) 
  g49667/Y                                          -       A->Y    R     NAND2x1p5_ASAP7_75t_SL         3  3.4    31    20     926    (-,-) 
  g49645/Y                                          -       A1->Y   F     OAI21xp5_ASAP7_75t_SL          1  0.9    36    15     941    (-,-) 
  g49633/Y                                          -       A1->Y   F     OA21x2_ASAP7_75t_SL            5  5.2    27    34     975    (-,-) 
  g49630/Y                                          -       A->Y    R     INVx3_ASAP7_75t_SL             3  2.6    17    11     987    (-,-) 
  g49569/Y                                          -       B->Y    F     NAND2x1_ASAP7_75t_SL           1  1.3    22    10     996    (-,-) 
  g49527/Y                                          -       B->Y    F     AND2x4_ASAP7_75t_SL           20 16.6    36    34    1031    (-,-) 
  g49510/Y                                          -       A->Y    F     BUFx6f_ASAP7_75t_SL            8  5.6    14    24    1055    (-,-) 
  g49379/Y                                          -       A2->Y   R     AOI22xp5_ASAP7_75t_SL          2  1.6    49    22    1077    (-,-) 
  g49222/Y                                          -       B2->Y   R     OA22x2_ASAP7_75t_SL            2  2.0    18    25    1102    (-,-) 
  g49093/Y                                          -       A1->Y   F     OAI22x1_ASAP7_75t_SL           2  1.5    32    14    1116    (-,-) 
  g48976/Y                                          -       B1->Y   R     AOI22xp5_ASAP7_75t_SL          1  1.8    50    29    1144    (-,-) 
  g48908/Y                                          -       B->Y    F     NAND2x1p5_ASAP7_75t_SL         2  2.1    25    12    1156    (-,-) 
  g48819/Y                                          -       B->Y    R     NAND3x1_ASAP7_75t_SL           1  1.8    37    22    1179    (-,-) 
  g48793/Y                                          -       A->Y    F     NOR4xp75_ASAP7_75t_SL          2  1.8    23    12    1191    (-,-) 
  g48769/Y                                          -       B->Y    F     AND2x4_ASAP7_75t_SL            4  4.9    16    24    1215    (-,-) 
  g48742/Y                                          -       B->Y    R     NAND2x2_ASAP7_75t_SL           3  4.1    31    17    1232    (-,-) 
  g48696/Y                                          -       B->Y    F     NOR2x1p5_ASAP7_75t_SL          2  2.4    26    14    1246    (-,-) 
  g48668/Y                                          -       B->Y    F     AND2x4_ASAP7_75t_SL            2  2.9    14    22    1269    (-,-) 
  g63177/Y                                          -       B->Y    F     XNOR2xp5_ASAP7_75t_SL          2  1.9    34    27    1296    (-,-) 
  g48595/Y                                          -       B->Y    R     NOR2x1_ASAP7_75t_SL            1  1.8    30    17    1314    (-,-) 
  g48582/Y                                          -       C->Y    F     NAND4xp75_ASAP7_75t_SL         1  1.3    30    16    1330    (-,-) 
  g48577/Y                                          -       A2->Y   R     AOI21x1_ASAP7_75t_SL           1  2.6    60    21    1350    (-,-) 
  g48576/Y                                          -       A->Y    R     BUFx12f_ASAP7_75t_SL           7 11.8    19    25    1375    (-,-) 
  g48575/Y                                          -       A->Y    F     INVx8_ASAP7_75t_SL            20 13.5    18    12    1387    (-,-) 
  g48527/Y                                          -       B->Y    R     NAND2xp5_ASAP7_75t_SL          1  0.9    25    14    1401    (-,-) 
  PIPE_OUT_col1_stage_reg_reg[0][2]/D               -       -       R     ASYNC_DFFHx1_ASAP7_75t_SL      1    -     -     0    1401    (-,-) 
#--------------------------------------------------------------------------------------------------------------------------------------------



Path 29: VIOLATED (-515 ps) Setup Check with Pin PIPE_OUT_col1_stage_reg_reg[0][1]/CLK->D
           View: PVT_0P63V_100C.setup_view
          Group: clk
     Startpoint: (R) PIPE_OUT_col1_stage_reg_reg[0][6]/CLK
          Clock: (R) clk
       Endpoint: (R) PIPE_OUT_col1_stage_reg_reg[0][1]/D
          Clock: (R) clk

                     Capture       Launch     
        Clock Edge:+    1000            0     
       Src Latency:+       0            0     
       Net Latency:+       0 (I)        0 (I) 
           Arrival:=    1000            0     
                                              
             Setup:-      14                  
       Uncertainty:-     100                  
     Required Time:=     886                  
      Launch Clock:-       0                  
         Data Path:-    1401                  
             Slack:=    -515                  

#--------------------------------------------------------------------------------------------------------------------------------------------
#                   Timing Point                    Flags    Arc    Edge           Cell             Fanout Load Trans Delay Arrival Instance 
#                                                                                                          (fF)  (ps)  (ps)   (ps)  Location 
#--------------------------------------------------------------------------------------------------------------------------------------------
  PIPE_OUT_col1_stage_reg_reg[0][6]/CLK             -       -       R     (arrival)                   1135    -     0     0       0    (-,-) 
  PIPE_OUT_col1_stage_reg_reg[0][6]/QN              -       CLK->QN R     ASYNC_DFFHx1_ASAP7_75t_SL      2  1.8    34    54      54    (-,-) 
  g62601/Y                                          -       B1->Y   F     AOI22x1_ASAP7_75t_SL           4  3.0    62    18      72    (-,-) 
  g61903/Y                                          -       B2->Y   R     AOI22xp5_ASAP7_75t_SL          1  0.8    39    24      96    (-,-) 
  g61800__9315/Y                                    -       B->Y    R     OR2x2_ASAP7_75t_SL             1  0.9    12    22     118    (-,-) 
  g61766__9315/Y                                    -       B->Y    F     OAI21xp5_ASAP7_75t_SL          1  0.8    30    11     129    (-,-) 
  g61723__1881/Y                                    -       B->Y    R     AOI21xp5_ASAP7_75t_SL          1  0.9    31    19     148    (-,-) 
  g61712__6783/Y                                    -       A2->Y   F     OAI21xp5_ASAP7_75t_SL          1  0.8    24    14     162    (-,-) 
  g61646__6161/Y                                    -       A1->Y   F     AO331x2_ASAP7_75t_SL           2  2.3    24    41     203    (-,-) 
  g61643/Y                                          -       A->Y    F     BUFx5_ASAP7_75t_SL            11  8.4    22    31     234    (-,-) 
  g61641/Y                                          -       A->Y    R     INVx1_ASAP7_75t_SL             2  1.6    22    15     248    (-,-) 
  g61475__4319/Y                                    -       A2->Y   R     AO22x2_ASAP7_75t_SL            2  3.2    25    29     277    (-,-) 
  g61395/Y                                          -       A->Y    F     INVx2_ASAP7_75t_SL             2  2.6    16    11     288    (-,-) 
  g61191__5477/Y                                    -       B->Y    R     NAND4xp75_ASAP7_75t_SL         2  2.4    32    15     303    (-,-) 
  g61185__6417/Y                                    -       A->Y    F     NOR2x1p5_ASAP7_75t_SL          2  1.5    20    13     316    (-,-) 
  g63166/Y                                          -       B->Y    F     AND2x2_ASAP7_75t_SL            1  1.8    14    23     339    (-,-) 
  g61147__6260/Y                                    -       B->Y    F     XOR2x1_ASAP7_75t_SL            3  2.7    31    27     366    (-,-) 
  g61124/Y                                          -       A->Y    F     BUFx6f_ASAP7_75t_SL            8 10.5    19    26     392    (-,-) 
  g61127/Y                                          -       A->Y    R     INVx8_ASAP7_75t_SL            11 10.9    20    13     405    (-,-) 
  g60996__8428/Y                                    -       A->Y    R     AND2x4_ASAP7_75t_SL            4  3.1    15    19     424    (-,-) 
  g60846__1705/Y                                    -       A1->Y   F     AOI22xp5_ASAP7_75t_SL          1  1.8    42    17     442    (-,-) 
  g60791__9315/Y                                    -       B->Y    R     NAND2x1p5_ASAP7_75t_SL         2  2.2    32    19     461    (-,-) 
  g60769/Y                                          -       A->Y    F     INVx2_ASAP7_75t_SL             3  3.9    22    14     475    (-,-) 
  g60666__1881/Y                                    -       A1->Y   R     OAI22x1_ASAP7_75t_SL           1  1.8    35    17     492    (-,-) 
  g60615__6260/Y                                    -       A->Y    F     NOR2x1p5_ASAP7_75t_SL          1  1.8    22    15     507    (-,-) 
  g60540__5122/Y                                    -       A->Y    F     XOR2x1_ASAP7_75t_SL            3  3.1    40    29     535    (-,-) 
  addinc_FP32_ALU_col1_fracAdder_add_113_18_g954/Y  -       B->Y    F     AND2x2_ASAP7_75t_SL            3  1.8    17    27     562    (-,-) 
  addinc_FP32_ALU_col1_fracAdder_add_113_18_g844/Y  -       A2->Y   R     AOI21xp5_ASAP7_75t_SL          1  0.9    27    16     578    (-,-) 
  addinc_FP32_ALU_col1_fracAdder_add_113_18_g805/Y  -       B->Y    F     OAI21xp5_ASAP7_75t_SL          2  1.6    31    17     595    (-,-) 
  addinc_FP32_ALU_col1_fracAdder_add_113_18_g778/Y  -       A1->Y   R     AOI21xp5_ASAP7_75t_SL          1  0.9    32    17     612    (-,-) 
  addinc_FP32_ALU_col1_fracAdder_add_113_18_g764/Y  -       B->Y    F     OAI21xp5_ASAP7_75t_SL          1  1.5    30    17     629    (-,-) 
  addinc_FP32_ALU_col1_fracAdder_add_113_18_fopt3/Y -       A->Y    F     BUFx6f_ASAP7_75t_SL            6  5.9    14    23     652    (-,-) 
  addinc_FP32_ALU_col1_fracAdder_add_113_18_fopt2/Y -       A->Y    R     INVx3_ASAP7_75t_SL             6  5.0    21    13     665    (-,-) 
  addinc_FP32_ALU_col1_fracAdder_add_113_18_g739/Y  -       A1->Y   F     OAI21xp5_ASAP7_75t_SL          1  1.2    26    15     680    (-,-) 
  addinc_FP32_ALU_col1_fracAdder_add_113_18_g731/Y  -       B->Y    F     XOR2xp5_ASAP7_75t_SL           2  2.3    46    27     708    (-,-) 
  g50558/Y                                          -       B->Y    R     NOR4xp75_ASAP7_75t_SL          1  1.3    44    25     732    (-,-) 
  g49807/Y                                          -       B->Y    R     AND3x4_ASAP7_75t_SL            9  9.9    34    38     770    (-,-) 
  g49779/Y                                          -       A2->Y   F     AOI21x1_ASAP7_75t_SL           2  2.4    29    14     784    (-,-) 
  g49750/Y                                          -       D->Y    R     NAND4xp75_ASAP7_75t_SL         1  2.2    31    19     803    (-,-) 
  g49743/Y                                          -       A->Y    F     NOR2x2_ASAP7_75t_SL            5  5.0    30    21     824    (-,-) 
  g49735/Y                                          -       B->Y    R     NAND2xp5_ASAP7_75t_SL          1  1.8    39    23     847    (-,-) 
  g49696/Y                                          -       C->Y    F     NAND4xp75_ASAP7_75t_SL         4  4.8    58    29     876    (-,-) 
  g49695/Y                                          -       A->Y    R     INVx2_ASAP7_75t_SL             2  2.5    29    18     894    (-,-) 
  g49679/Y                                          -       A2->Y   F     AOI21x1_ASAP7_75t_SL           1  1.8    23    12     906    (-,-) 
  g49667/Y                                          -       A->Y    R     NAND2x1p5_ASAP7_75t_SL         3  3.4    31    20     926    (-,-) 
  g49645/Y                                          -       A1->Y   F     OAI21xp5_ASAP7_75t_SL          1  0.9    36    15     941    (-,-) 
  g49633/Y                                          -       A1->Y   F     OA21x2_ASAP7_75t_SL            5  5.2    27    34     975    (-,-) 
  g49630/Y                                          -       A->Y    R     INVx3_ASAP7_75t_SL             3  2.6    17    11     987    (-,-) 
  g49569/Y                                          -       B->Y    F     NAND2x1_ASAP7_75t_SL           1  1.3    22    10     996    (-,-) 
  g49527/Y                                          -       B->Y    F     AND2x4_ASAP7_75t_SL           20 16.6    36    34    1031    (-,-) 
  g49510/Y                                          -       A->Y    F     BUFx6f_ASAP7_75t_SL            8  5.6    14    24    1055    (-,-) 
  g49379/Y                                          -       A2->Y   R     AOI22xp5_ASAP7_75t_SL          2  1.6    49    22    1077    (-,-) 
  g49222/Y                                          -       B2->Y   R     OA22x2_ASAP7_75t_SL            2  2.0    18    25    1102    (-,-) 
  g49093/Y                                          -       A1->Y   F     OAI22x1_ASAP7_75t_SL           2  1.5    32    14    1116    (-,-) 
  g48976/Y                                          -       B1->Y   R     AOI22xp5_ASAP7_75t_SL          1  1.8    50    29    1144    (-,-) 
  g48908/Y                                          -       B->Y    F     NAND2x1p5_ASAP7_75t_SL         2  2.1    25    12    1156    (-,-) 
  g48819/Y                                          -       B->Y    R     NAND3x1_ASAP7_75t_SL           1  1.8    37    22    1179    (-,-) 
  g48793/Y                                          -       A->Y    F     NOR4xp75_ASAP7_75t_SL          2  1.8    23    12    1191    (-,-) 
  g48769/Y                                          -       B->Y    F     AND2x4_ASAP7_75t_SL            4  4.9    16    24    1215    (-,-) 
  g48742/Y                                          -       B->Y    R     NAND2x2_ASAP7_75t_SL           3  4.1    31    17    1232    (-,-) 
  g48696/Y                                          -       B->Y    F     NOR2x1p5_ASAP7_75t_SL          2  2.4    26    14    1246    (-,-) 
  g48668/Y                                          -       B->Y    F     AND2x4_ASAP7_75t_SL            2  2.9    14    22    1269    (-,-) 
  g63177/Y                                          -       B->Y    F     XNOR2xp5_ASAP7_75t_SL          2  1.9    34    27    1296    (-,-) 
  g48595/Y                                          -       B->Y    R     NOR2x1_ASAP7_75t_SL            1  1.8    30    17    1314    (-,-) 
  g48582/Y                                          -       C->Y    F     NAND4xp75_ASAP7_75t_SL         1  1.3    30    16    1330    (-,-) 
  g48577/Y                                          -       A2->Y   R     AOI21x1_ASAP7_75t_SL           1  2.6    60    21    1350    (-,-) 
  g48576/Y                                          -       A->Y    R     BUFx12f_ASAP7_75t_SL           7 11.8    19    25    1375    (-,-) 
  g48575/Y                                          -       A->Y    F     INVx8_ASAP7_75t_SL            20 13.5    18    12    1387    (-,-) 
  g48528/Y                                          -       B->Y    R     NAND2xp5_ASAP7_75t_SL          1  0.9    25    14    1401    (-,-) 
  PIPE_OUT_col1_stage_reg_reg[0][1]/D               -       -       R     ASYNC_DFFHx1_ASAP7_75t_SL      1    -     -     0    1401    (-,-) 
#--------------------------------------------------------------------------------------------------------------------------------------------



Path 30: VIOLATED (-515 ps) Setup Check with Pin PIPE_OUT_col1_stage_reg_reg[0][17]/CLK->D
           View: PVT_0P63V_100C.setup_view
          Group: clk
     Startpoint: (R) PIPE_OUT_col1_stage_reg_reg[0][6]/CLK
          Clock: (R) clk
       Endpoint: (R) PIPE_OUT_col1_stage_reg_reg[0][17]/D
          Clock: (R) clk

                     Capture       Launch     
        Clock Edge:+    1000            0     
       Src Latency:+       0            0     
       Net Latency:+       0 (I)        0 (I) 
           Arrival:=    1000            0     
                                              
             Setup:-      14                  
       Uncertainty:-     100                  
     Required Time:=     886                  
      Launch Clock:-       0                  
         Data Path:-    1401                  
             Slack:=    -515                  

#--------------------------------------------------------------------------------------------------------------------------------------------
#                   Timing Point                    Flags    Arc    Edge           Cell             Fanout Load Trans Delay Arrival Instance 
#                                                                                                          (fF)  (ps)  (ps)   (ps)  Location 
#--------------------------------------------------------------------------------------------------------------------------------------------
  PIPE_OUT_col1_stage_reg_reg[0][6]/CLK             -       -       R     (arrival)                   1135    -     0     0       0    (-,-) 
  PIPE_OUT_col1_stage_reg_reg[0][6]/QN              -       CLK->QN R     ASYNC_DFFHx1_ASAP7_75t_SL      2  1.8    34    54      54    (-,-) 
  g62601/Y                                          -       B1->Y   F     AOI22x1_ASAP7_75t_SL           4  3.0    62    18      72    (-,-) 
  g61903/Y                                          -       B2->Y   R     AOI22xp5_ASAP7_75t_SL          1  0.8    39    24      96    (-,-) 
  g61800__9315/Y                                    -       B->Y    R     OR2x2_ASAP7_75t_SL             1  0.9    12    22     118    (-,-) 
  g61766__9315/Y                                    -       B->Y    F     OAI21xp5_ASAP7_75t_SL          1  0.8    30    11     129    (-,-) 
  g61723__1881/Y                                    -       B->Y    R     AOI21xp5_ASAP7_75t_SL          1  0.9    31    19     148    (-,-) 
  g61712__6783/Y                                    -       A2->Y   F     OAI21xp5_ASAP7_75t_SL          1  0.8    24    14     162    (-,-) 
  g61646__6161/Y                                    -       A1->Y   F     AO331x2_ASAP7_75t_SL           2  2.3    24    41     203    (-,-) 
  g61643/Y                                          -       A->Y    F     BUFx5_ASAP7_75t_SL            11  8.4    22    31     234    (-,-) 
  g61641/Y                                          -       A->Y    R     INVx1_ASAP7_75t_SL             2  1.6    22    15     248    (-,-) 
  g61475__4319/Y                                    -       A2->Y   R     AO22x2_ASAP7_75t_SL            2  3.2    25    29     277    (-,-) 
  g61395/Y                                          -       A->Y    F     INVx2_ASAP7_75t_SL             2  2.6    16    11     288    (-,-) 
  g61191__5477/Y                                    -       B->Y    R     NAND4xp75_ASAP7_75t_SL         2  2.4    32    15     303    (-,-) 
  g61185__6417/Y                                    -       A->Y    F     NOR2x1p5_ASAP7_75t_SL          2  1.5    20    13     316    (-,-) 
  g63166/Y                                          -       B->Y    F     AND2x2_ASAP7_75t_SL            1  1.8    14    23     339    (-,-) 
  g61147__6260/Y                                    -       B->Y    F     XOR2x1_ASAP7_75t_SL            3  2.7    31    27     366    (-,-) 
  g61124/Y                                          -       A->Y    F     BUFx6f_ASAP7_75t_SL            8 10.5    19    26     392    (-,-) 
  g61127/Y                                          -       A->Y    R     INVx8_ASAP7_75t_SL            11 10.9    20    13     405    (-,-) 
  g60996__8428/Y                                    -       A->Y    R     AND2x4_ASAP7_75t_SL            4  3.1    15    19     424    (-,-) 
  g60846__1705/Y                                    -       A1->Y   F     AOI22xp5_ASAP7_75t_SL          1  1.8    42    17     442    (-,-) 
  g60791__9315/Y                                    -       B->Y    R     NAND2x1p5_ASAP7_75t_SL         2  2.2    32    19     461    (-,-) 
  g60769/Y                                          -       A->Y    F     INVx2_ASAP7_75t_SL             3  3.9    22    14     475    (-,-) 
  g60666__1881/Y                                    -       A1->Y   R     OAI22x1_ASAP7_75t_SL           1  1.8    35    17     492    (-,-) 
  g60615__6260/Y                                    -       A->Y    F     NOR2x1p5_ASAP7_75t_SL          1  1.8    22    15     507    (-,-) 
  g60540__5122/Y                                    -       A->Y    F     XOR2x1_ASAP7_75t_SL            3  3.1    40    29     535    (-,-) 
  addinc_FP32_ALU_col1_fracAdder_add_113_18_g954/Y  -       B->Y    F     AND2x2_ASAP7_75t_SL            3  1.8    17    27     562    (-,-) 
  addinc_FP32_ALU_col1_fracAdder_add_113_18_g844/Y  -       A2->Y   R     AOI21xp5_ASAP7_75t_SL          1  0.9    27    16     578    (-,-) 
  addinc_FP32_ALU_col1_fracAdder_add_113_18_g805/Y  -       B->Y    F     OAI21xp5_ASAP7_75t_SL          2  1.6    31    17     595    (-,-) 
  addinc_FP32_ALU_col1_fracAdder_add_113_18_g778/Y  -       A1->Y   R     AOI21xp5_ASAP7_75t_SL          1  0.9    32    17     612    (-,-) 
  addinc_FP32_ALU_col1_fracAdder_add_113_18_g764/Y  -       B->Y    F     OAI21xp5_ASAP7_75t_SL          1  1.5    30    17     629    (-,-) 
  addinc_FP32_ALU_col1_fracAdder_add_113_18_fopt3/Y -       A->Y    F     BUFx6f_ASAP7_75t_SL            6  5.9    14    23     652    (-,-) 
  addinc_FP32_ALU_col1_fracAdder_add_113_18_fopt2/Y -       A->Y    R     INVx3_ASAP7_75t_SL             6  5.0    21    13     665    (-,-) 
  addinc_FP32_ALU_col1_fracAdder_add_113_18_g739/Y  -       A1->Y   F     OAI21xp5_ASAP7_75t_SL          1  1.2    26    15     680    (-,-) 
  addinc_FP32_ALU_col1_fracAdder_add_113_18_g731/Y  -       B->Y    F     XOR2xp5_ASAP7_75t_SL           2  2.3    46    27     708    (-,-) 
  g50558/Y                                          -       B->Y    R     NOR4xp75_ASAP7_75t_SL          1  1.3    44    25     732    (-,-) 
  g49807/Y                                          -       B->Y    R     AND3x4_ASAP7_75t_SL            9  9.9    34    38     770    (-,-) 
  g49779/Y                                          -       A2->Y   F     AOI21x1_ASAP7_75t_SL           2  2.4    29    14     784    (-,-) 
  g49750/Y                                          -       D->Y    R     NAND4xp75_ASAP7_75t_SL         1  2.2    31    19     803    (-,-) 
  g49743/Y                                          -       A->Y    F     NOR2x2_ASAP7_75t_SL            5  5.0    30    21     824    (-,-) 
  g49735/Y                                          -       B->Y    R     NAND2xp5_ASAP7_75t_SL          1  1.8    39    23     847    (-,-) 
  g49696/Y                                          -       C->Y    F     NAND4xp75_ASAP7_75t_SL         4  4.8    58    29     876    (-,-) 
  g49695/Y                                          -       A->Y    R     INVx2_ASAP7_75t_SL             2  2.5    29    18     894    (-,-) 
  g49679/Y                                          -       A2->Y   F     AOI21x1_ASAP7_75t_SL           1  1.8    23    12     906    (-,-) 
  g49667/Y                                          -       A->Y    R     NAND2x1p5_ASAP7_75t_SL         3  3.4    31    20     926    (-,-) 
  g49645/Y                                          -       A1->Y   F     OAI21xp5_ASAP7_75t_SL          1  0.9    36    15     941    (-,-) 
  g49633/Y                                          -       A1->Y   F     OA21x2_ASAP7_75t_SL            5  5.2    27    34     975    (-,-) 
  g49630/Y                                          -       A->Y    R     INVx3_ASAP7_75t_SL             3  2.6    17    11     987    (-,-) 
  g49569/Y                                          -       B->Y    F     NAND2x1_ASAP7_75t_SL           1  1.3    22    10     996    (-,-) 
  g49527/Y                                          -       B->Y    F     AND2x4_ASAP7_75t_SL           20 16.6    36    34    1031    (-,-) 
  g49510/Y                                          -       A->Y    F     BUFx6f_ASAP7_75t_SL            8  5.6    14    24    1055    (-,-) 
  g49379/Y                                          -       A2->Y   R     AOI22xp5_ASAP7_75t_SL          2  1.6    49    22    1077    (-,-) 
  g49222/Y                                          -       B2->Y   R     OA22x2_ASAP7_75t_SL            2  2.0    18    25    1102    (-,-) 
  g49093/Y                                          -       A1->Y   F     OAI22x1_ASAP7_75t_SL           2  1.5    32    14    1116    (-,-) 
  g48976/Y                                          -       B1->Y   R     AOI22xp5_ASAP7_75t_SL          1  1.8    50    29    1144    (-,-) 
  g48908/Y                                          -       B->Y    F     NAND2x1p5_ASAP7_75t_SL         2  2.1    25    12    1156    (-,-) 
  g48819/Y                                          -       B->Y    R     NAND3x1_ASAP7_75t_SL           1  1.8    37    22    1179    (-,-) 
  g48793/Y                                          -       A->Y    F     NOR4xp75_ASAP7_75t_SL          2  1.8    23    12    1191    (-,-) 
  g48769/Y                                          -       B->Y    F     AND2x4_ASAP7_75t_SL            4  4.9    16    24    1215    (-,-) 
  g48742/Y                                          -       B->Y    R     NAND2x2_ASAP7_75t_SL           3  4.1    31    17    1232    (-,-) 
  g48696/Y                                          -       B->Y    F     NOR2x1p5_ASAP7_75t_SL          2  2.4    26    14    1246    (-,-) 
  g48668/Y                                          -       B->Y    F     AND2x4_ASAP7_75t_SL            2  2.9    14    22    1269    (-,-) 
  g63177/Y                                          -       B->Y    F     XNOR2xp5_ASAP7_75t_SL          2  1.9    34    27    1296    (-,-) 
  g48595/Y                                          -       B->Y    R     NOR2x1_ASAP7_75t_SL            1  1.8    30    17    1314    (-,-) 
  g48582/Y                                          -       C->Y    F     NAND4xp75_ASAP7_75t_SL         1  1.3    30    16    1330    (-,-) 
  g48577/Y                                          -       A2->Y   R     AOI21x1_ASAP7_75t_SL           1  2.6    60    21    1350    (-,-) 
  g48576/Y                                          -       A->Y    R     BUFx12f_ASAP7_75t_SL           7 11.8    19    25    1375    (-,-) 
  g48575/Y                                          -       A->Y    F     INVx8_ASAP7_75t_SL            20 13.5    18    12    1387    (-,-) 
  g48520/Y                                          -       B->Y    R     NAND2xp5_ASAP7_75t_SL          1  0.9    24    14    1401    (-,-) 
  PIPE_OUT_col1_stage_reg_reg[0][17]/D              -       -       R     ASYNC_DFFHx1_ASAP7_75t_SL      1    -     -     0    1401    (-,-) 
#--------------------------------------------------------------------------------------------------------------------------------------------



Path 31: VIOLATED (-515 ps) Setup Check with Pin PIPE_OUT_col1_stage_reg_reg[0][14]/CLK->D
           View: PVT_0P63V_100C.setup_view
          Group: clk
     Startpoint: (R) PIPE_OUT_col1_stage_reg_reg[0][6]/CLK
          Clock: (R) clk
       Endpoint: (R) PIPE_OUT_col1_stage_reg_reg[0][14]/D
          Clock: (R) clk

                     Capture       Launch     
        Clock Edge:+    1000            0     
       Src Latency:+       0            0     
       Net Latency:+       0 (I)        0 (I) 
           Arrival:=    1000            0     
                                              
             Setup:-      14                  
       Uncertainty:-     100                  
     Required Time:=     886                  
      Launch Clock:-       0                  
         Data Path:-    1401                  
             Slack:=    -515                  

#--------------------------------------------------------------------------------------------------------------------------------------------
#                   Timing Point                    Flags    Arc    Edge           Cell             Fanout Load Trans Delay Arrival Instance 
#                                                                                                          (fF)  (ps)  (ps)   (ps)  Location 
#--------------------------------------------------------------------------------------------------------------------------------------------
  PIPE_OUT_col1_stage_reg_reg[0][6]/CLK             -       -       R     (arrival)                   1135    -     0     0       0    (-,-) 
  PIPE_OUT_col1_stage_reg_reg[0][6]/QN              -       CLK->QN R     ASYNC_DFFHx1_ASAP7_75t_SL      2  1.8    34    54      54    (-,-) 
  g62601/Y                                          -       B1->Y   F     AOI22x1_ASAP7_75t_SL           4  3.0    62    18      72    (-,-) 
  g61903/Y                                          -       B2->Y   R     AOI22xp5_ASAP7_75t_SL          1  0.8    39    24      96    (-,-) 
  g61800__9315/Y                                    -       B->Y    R     OR2x2_ASAP7_75t_SL             1  0.9    12    22     118    (-,-) 
  g61766__9315/Y                                    -       B->Y    F     OAI21xp5_ASAP7_75t_SL          1  0.8    30    11     129    (-,-) 
  g61723__1881/Y                                    -       B->Y    R     AOI21xp5_ASAP7_75t_SL          1  0.9    31    19     148    (-,-) 
  g61712__6783/Y                                    -       A2->Y   F     OAI21xp5_ASAP7_75t_SL          1  0.8    24    14     162    (-,-) 
  g61646__6161/Y                                    -       A1->Y   F     AO331x2_ASAP7_75t_SL           2  2.3    24    41     203    (-,-) 
  g61643/Y                                          -       A->Y    F     BUFx5_ASAP7_75t_SL            11  8.4    22    31     234    (-,-) 
  g61641/Y                                          -       A->Y    R     INVx1_ASAP7_75t_SL             2  1.6    22    15     248    (-,-) 
  g61475__4319/Y                                    -       A2->Y   R     AO22x2_ASAP7_75t_SL            2  3.2    25    29     277    (-,-) 
  g61395/Y                                          -       A->Y    F     INVx2_ASAP7_75t_SL             2  2.6    16    11     288    (-,-) 
  g61191__5477/Y                                    -       B->Y    R     NAND4xp75_ASAP7_75t_SL         2  2.4    32    15     303    (-,-) 
  g61185__6417/Y                                    -       A->Y    F     NOR2x1p5_ASAP7_75t_SL          2  1.5    20    13     316    (-,-) 
  g63166/Y                                          -       B->Y    F     AND2x2_ASAP7_75t_SL            1  1.8    14    23     339    (-,-) 
  g61147__6260/Y                                    -       B->Y    F     XOR2x1_ASAP7_75t_SL            3  2.7    31    27     366    (-,-) 
  g61124/Y                                          -       A->Y    F     BUFx6f_ASAP7_75t_SL            8 10.5    19    26     392    (-,-) 
  g61127/Y                                          -       A->Y    R     INVx8_ASAP7_75t_SL            11 10.9    20    13     405    (-,-) 
  g60996__8428/Y                                    -       A->Y    R     AND2x4_ASAP7_75t_SL            4  3.1    15    19     424    (-,-) 
  g60846__1705/Y                                    -       A1->Y   F     AOI22xp5_ASAP7_75t_SL          1  1.8    42    17     442    (-,-) 
  g60791__9315/Y                                    -       B->Y    R     NAND2x1p5_ASAP7_75t_SL         2  2.2    32    19     461    (-,-) 
  g60769/Y                                          -       A->Y    F     INVx2_ASAP7_75t_SL             3  3.9    22    14     475    (-,-) 
  g60666__1881/Y                                    -       A1->Y   R     OAI22x1_ASAP7_75t_SL           1  1.8    35    17     492    (-,-) 
  g60615__6260/Y                                    -       A->Y    F     NOR2x1p5_ASAP7_75t_SL          1  1.8    22    15     507    (-,-) 
  g60540__5122/Y                                    -       A->Y    F     XOR2x1_ASAP7_75t_SL            3  3.1    40    29     535    (-,-) 
  addinc_FP32_ALU_col1_fracAdder_add_113_18_g954/Y  -       B->Y    F     AND2x2_ASAP7_75t_SL            3  1.8    17    27     562    (-,-) 
  addinc_FP32_ALU_col1_fracAdder_add_113_18_g844/Y  -       A2->Y   R     AOI21xp5_ASAP7_75t_SL          1  0.9    27    16     578    (-,-) 
  addinc_FP32_ALU_col1_fracAdder_add_113_18_g805/Y  -       B->Y    F     OAI21xp5_ASAP7_75t_SL          2  1.6    31    17     595    (-,-) 
  addinc_FP32_ALU_col1_fracAdder_add_113_18_g778/Y  -       A1->Y   R     AOI21xp5_ASAP7_75t_SL          1  0.9    32    17     612    (-,-) 
  addinc_FP32_ALU_col1_fracAdder_add_113_18_g764/Y  -       B->Y    F     OAI21xp5_ASAP7_75t_SL          1  1.5    30    17     629    (-,-) 
  addinc_FP32_ALU_col1_fracAdder_add_113_18_fopt3/Y -       A->Y    F     BUFx6f_ASAP7_75t_SL            6  5.9    14    23     652    (-,-) 
  addinc_FP32_ALU_col1_fracAdder_add_113_18_fopt2/Y -       A->Y    R     INVx3_ASAP7_75t_SL             6  5.0    21    13     665    (-,-) 
  addinc_FP32_ALU_col1_fracAdder_add_113_18_g739/Y  -       A1->Y   F     OAI21xp5_ASAP7_75t_SL          1  1.2    26    15     680    (-,-) 
  addinc_FP32_ALU_col1_fracAdder_add_113_18_g731/Y  -       B->Y    F     XOR2xp5_ASAP7_75t_SL           2  2.3    46    27     708    (-,-) 
  g50558/Y                                          -       B->Y    R     NOR4xp75_ASAP7_75t_SL          1  1.3    44    25     732    (-,-) 
  g49807/Y                                          -       B->Y    R     AND3x4_ASAP7_75t_SL            9  9.9    34    38     770    (-,-) 
  g49779/Y                                          -       A2->Y   F     AOI21x1_ASAP7_75t_SL           2  2.4    29    14     784    (-,-) 
  g49750/Y                                          -       D->Y    R     NAND4xp75_ASAP7_75t_SL         1  2.2    31    19     803    (-,-) 
  g49743/Y                                          -       A->Y    F     NOR2x2_ASAP7_75t_SL            5  5.0    30    21     824    (-,-) 
  g49735/Y                                          -       B->Y    R     NAND2xp5_ASAP7_75t_SL          1  1.8    39    23     847    (-,-) 
  g49696/Y                                          -       C->Y    F     NAND4xp75_ASAP7_75t_SL         4  4.8    58    29     876    (-,-) 
  g49695/Y                                          -       A->Y    R     INVx2_ASAP7_75t_SL             2  2.5    29    18     894    (-,-) 
  g49679/Y                                          -       A2->Y   F     AOI21x1_ASAP7_75t_SL           1  1.8    23    12     906    (-,-) 
  g49667/Y                                          -       A->Y    R     NAND2x1p5_ASAP7_75t_SL         3  3.4    31    20     926    (-,-) 
  g49645/Y                                          -       A1->Y   F     OAI21xp5_ASAP7_75t_SL          1  0.9    36    15     941    (-,-) 
  g49633/Y                                          -       A1->Y   F     OA21x2_ASAP7_75t_SL            5  5.2    27    34     975    (-,-) 
  g49630/Y                                          -       A->Y    R     INVx3_ASAP7_75t_SL             3  2.6    17    11     987    (-,-) 
  g49569/Y                                          -       B->Y    F     NAND2x1_ASAP7_75t_SL           1  1.3    22    10     996    (-,-) 
  g49527/Y                                          -       B->Y    F     AND2x4_ASAP7_75t_SL           20 16.6    36    34    1031    (-,-) 
  g49510/Y                                          -       A->Y    F     BUFx6f_ASAP7_75t_SL            8  5.6    14    24    1055    (-,-) 
  g49379/Y                                          -       A2->Y   R     AOI22xp5_ASAP7_75t_SL          2  1.6    49    22    1077    (-,-) 
  g49222/Y                                          -       B2->Y   R     OA22x2_ASAP7_75t_SL            2  2.0    18    25    1102    (-,-) 
  g49093/Y                                          -       A1->Y   F     OAI22x1_ASAP7_75t_SL           2  1.5    32    14    1116    (-,-) 
  g48976/Y                                          -       B1->Y   R     AOI22xp5_ASAP7_75t_SL          1  1.8    50    29    1144    (-,-) 
  g48908/Y                                          -       B->Y    F     NAND2x1p5_ASAP7_75t_SL         2  2.1    25    12    1156    (-,-) 
  g48819/Y                                          -       B->Y    R     NAND3x1_ASAP7_75t_SL           1  1.8    37    22    1179    (-,-) 
  g48793/Y                                          -       A->Y    F     NOR4xp75_ASAP7_75t_SL          2  1.8    23    12    1191    (-,-) 
  g48769/Y                                          -       B->Y    F     AND2x4_ASAP7_75t_SL            4  4.9    16    24    1215    (-,-) 
  g48742/Y                                          -       B->Y    R     NAND2x2_ASAP7_75t_SL           3  4.1    31    17    1232    (-,-) 
  g48696/Y                                          -       B->Y    F     NOR2x1p5_ASAP7_75t_SL          2  2.4    26    14    1246    (-,-) 
  g48668/Y                                          -       B->Y    F     AND2x4_ASAP7_75t_SL            2  2.9    14    22    1269    (-,-) 
  g63177/Y                                          -       B->Y    F     XNOR2xp5_ASAP7_75t_SL          2  1.9    34    27    1296    (-,-) 
  g48595/Y                                          -       B->Y    R     NOR2x1_ASAP7_75t_SL            1  1.8    30    17    1314    (-,-) 
  g48582/Y                                          -       C->Y    F     NAND4xp75_ASAP7_75t_SL         1  1.3    30    16    1330    (-,-) 
  g48577/Y                                          -       A2->Y   R     AOI21x1_ASAP7_75t_SL           1  2.6    60    21    1350    (-,-) 
  g48576/Y                                          -       A->Y    R     BUFx12f_ASAP7_75t_SL           7 11.8    19    25    1375    (-,-) 
  g48575/Y                                          -       A->Y    F     INVx8_ASAP7_75t_SL            20 13.5    18    12    1387    (-,-) 
  g48526/Y                                          -       B->Y    R     NAND2xp5_ASAP7_75t_SL          1  0.9    24    14    1401    (-,-) 
  PIPE_OUT_col1_stage_reg_reg[0][14]/D              -       -       R     ASYNC_DFFHx1_ASAP7_75t_SL      1    -     -     0    1401    (-,-) 
#--------------------------------------------------------------------------------------------------------------------------------------------



Path 32: VIOLATED (-515 ps) Setup Check with Pin PIPE_OUT_col1_stage_reg_reg[0][10]/CLK->D
           View: PVT_0P63V_100C.setup_view
          Group: clk
     Startpoint: (R) PIPE_OUT_col1_stage_reg_reg[0][6]/CLK
          Clock: (R) clk
       Endpoint: (R) PIPE_OUT_col1_stage_reg_reg[0][10]/D
          Clock: (R) clk

                     Capture       Launch     
        Clock Edge:+    1000            0     
       Src Latency:+       0            0     
       Net Latency:+       0 (I)        0 (I) 
           Arrival:=    1000            0     
                                              
             Setup:-      14                  
       Uncertainty:-     100                  
     Required Time:=     886                  
      Launch Clock:-       0                  
         Data Path:-    1401                  
             Slack:=    -515                  

#--------------------------------------------------------------------------------------------------------------------------------------------
#                   Timing Point                    Flags    Arc    Edge           Cell             Fanout Load Trans Delay Arrival Instance 
#                                                                                                          (fF)  (ps)  (ps)   (ps)  Location 
#--------------------------------------------------------------------------------------------------------------------------------------------
  PIPE_OUT_col1_stage_reg_reg[0][6]/CLK             -       -       R     (arrival)                   1135    -     0     0       0    (-,-) 
  PIPE_OUT_col1_stage_reg_reg[0][6]/QN              -       CLK->QN R     ASYNC_DFFHx1_ASAP7_75t_SL      2  1.8    34    54      54    (-,-) 
  g62601/Y                                          -       B1->Y   F     AOI22x1_ASAP7_75t_SL           4  3.0    62    18      72    (-,-) 
  g61903/Y                                          -       B2->Y   R     AOI22xp5_ASAP7_75t_SL          1  0.8    39    24      96    (-,-) 
  g61800__9315/Y                                    -       B->Y    R     OR2x2_ASAP7_75t_SL             1  0.9    12    22     118    (-,-) 
  g61766__9315/Y                                    -       B->Y    F     OAI21xp5_ASAP7_75t_SL          1  0.8    30    11     129    (-,-) 
  g61723__1881/Y                                    -       B->Y    R     AOI21xp5_ASAP7_75t_SL          1  0.9    31    19     148    (-,-) 
  g61712__6783/Y                                    -       A2->Y   F     OAI21xp5_ASAP7_75t_SL          1  0.8    24    14     162    (-,-) 
  g61646__6161/Y                                    -       A1->Y   F     AO331x2_ASAP7_75t_SL           2  2.3    24    41     203    (-,-) 
  g61643/Y                                          -       A->Y    F     BUFx5_ASAP7_75t_SL            11  8.4    22    31     234    (-,-) 
  g61641/Y                                          -       A->Y    R     INVx1_ASAP7_75t_SL             2  1.6    22    15     248    (-,-) 
  g61475__4319/Y                                    -       A2->Y   R     AO22x2_ASAP7_75t_SL            2  3.2    25    29     277    (-,-) 
  g61395/Y                                          -       A->Y    F     INVx2_ASAP7_75t_SL             2  2.6    16    11     288    (-,-) 
  g61191__5477/Y                                    -       B->Y    R     NAND4xp75_ASAP7_75t_SL         2  2.4    32    15     303    (-,-) 
  g61185__6417/Y                                    -       A->Y    F     NOR2x1p5_ASAP7_75t_SL          2  1.5    20    13     316    (-,-) 
  g63166/Y                                          -       B->Y    F     AND2x2_ASAP7_75t_SL            1  1.8    14    23     339    (-,-) 
  g61147__6260/Y                                    -       B->Y    F     XOR2x1_ASAP7_75t_SL            3  2.7    31    27     366    (-,-) 
  g61124/Y                                          -       A->Y    F     BUFx6f_ASAP7_75t_SL            8 10.5    19    26     392    (-,-) 
  g61127/Y                                          -       A->Y    R     INVx8_ASAP7_75t_SL            11 10.9    20    13     405    (-,-) 
  g60996__8428/Y                                    -       A->Y    R     AND2x4_ASAP7_75t_SL            4  3.1    15    19     424    (-,-) 
  g60846__1705/Y                                    -       A1->Y   F     AOI22xp5_ASAP7_75t_SL          1  1.8    42    17     442    (-,-) 
  g60791__9315/Y                                    -       B->Y    R     NAND2x1p5_ASAP7_75t_SL         2  2.2    32    19     461    (-,-) 
  g60769/Y                                          -       A->Y    F     INVx2_ASAP7_75t_SL             3  3.9    22    14     475    (-,-) 
  g60666__1881/Y                                    -       A1->Y   R     OAI22x1_ASAP7_75t_SL           1  1.8    35    17     492    (-,-) 
  g60615__6260/Y                                    -       A->Y    F     NOR2x1p5_ASAP7_75t_SL          1  1.8    22    15     507    (-,-) 
  g60540__5122/Y                                    -       A->Y    F     XOR2x1_ASAP7_75t_SL            3  3.1    40    29     535    (-,-) 
  addinc_FP32_ALU_col1_fracAdder_add_113_18_g954/Y  -       B->Y    F     AND2x2_ASAP7_75t_SL            3  1.8    17    27     562    (-,-) 
  addinc_FP32_ALU_col1_fracAdder_add_113_18_g844/Y  -       A2->Y   R     AOI21xp5_ASAP7_75t_SL          1  0.9    27    16     578    (-,-) 
  addinc_FP32_ALU_col1_fracAdder_add_113_18_g805/Y  -       B->Y    F     OAI21xp5_ASAP7_75t_SL          2  1.6    31    17     595    (-,-) 
  addinc_FP32_ALU_col1_fracAdder_add_113_18_g778/Y  -       A1->Y   R     AOI21xp5_ASAP7_75t_SL          1  0.9    32    17     612    (-,-) 
  addinc_FP32_ALU_col1_fracAdder_add_113_18_g764/Y  -       B->Y    F     OAI21xp5_ASAP7_75t_SL          1  1.5    30    17     629    (-,-) 
  addinc_FP32_ALU_col1_fracAdder_add_113_18_fopt3/Y -       A->Y    F     BUFx6f_ASAP7_75t_SL            6  5.9    14    23     652    (-,-) 
  addinc_FP32_ALU_col1_fracAdder_add_113_18_fopt2/Y -       A->Y    R     INVx3_ASAP7_75t_SL             6  5.0    21    13     665    (-,-) 
  addinc_FP32_ALU_col1_fracAdder_add_113_18_g739/Y  -       A1->Y   F     OAI21xp5_ASAP7_75t_SL          1  1.2    26    15     680    (-,-) 
  addinc_FP32_ALU_col1_fracAdder_add_113_18_g731/Y  -       B->Y    F     XOR2xp5_ASAP7_75t_SL           2  2.3    46    27     708    (-,-) 
  g50558/Y                                          -       B->Y    R     NOR4xp75_ASAP7_75t_SL          1  1.3    44    25     732    (-,-) 
  g49807/Y                                          -       B->Y    R     AND3x4_ASAP7_75t_SL            9  9.9    34    38     770    (-,-) 
  g49779/Y                                          -       A2->Y   F     AOI21x1_ASAP7_75t_SL           2  2.4    29    14     784    (-,-) 
  g49750/Y                                          -       D->Y    R     NAND4xp75_ASAP7_75t_SL         1  2.2    31    19     803    (-,-) 
  g49743/Y                                          -       A->Y    F     NOR2x2_ASAP7_75t_SL            5  5.0    30    21     824    (-,-) 
  g49735/Y                                          -       B->Y    R     NAND2xp5_ASAP7_75t_SL          1  1.8    39    23     847    (-,-) 
  g49696/Y                                          -       C->Y    F     NAND4xp75_ASAP7_75t_SL         4  4.8    58    29     876    (-,-) 
  g49695/Y                                          -       A->Y    R     INVx2_ASAP7_75t_SL             2  2.5    29    18     894    (-,-) 
  g49679/Y                                          -       A2->Y   F     AOI21x1_ASAP7_75t_SL           1  1.8    23    12     906    (-,-) 
  g49667/Y                                          -       A->Y    R     NAND2x1p5_ASAP7_75t_SL         3  3.4    31    20     926    (-,-) 
  g49645/Y                                          -       A1->Y   F     OAI21xp5_ASAP7_75t_SL          1  0.9    36    15     941    (-,-) 
  g49633/Y                                          -       A1->Y   F     OA21x2_ASAP7_75t_SL            5  5.2    27    34     975    (-,-) 
  g49630/Y                                          -       A->Y    R     INVx3_ASAP7_75t_SL             3  2.6    17    11     987    (-,-) 
  g49569/Y                                          -       B->Y    F     NAND2x1_ASAP7_75t_SL           1  1.3    22    10     996    (-,-) 
  g49527/Y                                          -       B->Y    F     AND2x4_ASAP7_75t_SL           20 16.6    36    34    1031    (-,-) 
  g49510/Y                                          -       A->Y    F     BUFx6f_ASAP7_75t_SL            8  5.6    14    24    1055    (-,-) 
  g49379/Y                                          -       A2->Y   R     AOI22xp5_ASAP7_75t_SL          2  1.6    49    22    1077    (-,-) 
  g49222/Y                                          -       B2->Y   R     OA22x2_ASAP7_75t_SL            2  2.0    18    25    1102    (-,-) 
  g49093/Y                                          -       A1->Y   F     OAI22x1_ASAP7_75t_SL           2  1.5    32    14    1116    (-,-) 
  g48976/Y                                          -       B1->Y   R     AOI22xp5_ASAP7_75t_SL          1  1.8    50    29    1144    (-,-) 
  g48908/Y                                          -       B->Y    F     NAND2x1p5_ASAP7_75t_SL         2  2.1    25    12    1156    (-,-) 
  g48819/Y                                          -       B->Y    R     NAND3x1_ASAP7_75t_SL           1  1.8    37    22    1179    (-,-) 
  g48793/Y                                          -       A->Y    F     NOR4xp75_ASAP7_75t_SL          2  1.8    23    12    1191    (-,-) 
  g48769/Y                                          -       B->Y    F     AND2x4_ASAP7_75t_SL            4  4.9    16    24    1215    (-,-) 
  g48742/Y                                          -       B->Y    R     NAND2x2_ASAP7_75t_SL           3  4.1    31    17    1232    (-,-) 
  g48696/Y                                          -       B->Y    F     NOR2x1p5_ASAP7_75t_SL          2  2.4    26    14    1246    (-,-) 
  g48668/Y                                          -       B->Y    F     AND2x4_ASAP7_75t_SL            2  2.9    14    22    1269    (-,-) 
  g63177/Y                                          -       B->Y    F     XNOR2xp5_ASAP7_75t_SL          2  1.9    34    27    1296    (-,-) 
  g48595/Y                                          -       B->Y    R     NOR2x1_ASAP7_75t_SL            1  1.8    30    17    1314    (-,-) 
  g48582/Y                                          -       C->Y    F     NAND4xp75_ASAP7_75t_SL         1  1.3    30    16    1330    (-,-) 
  g48577/Y                                          -       A2->Y   R     AOI21x1_ASAP7_75t_SL           1  2.6    60    21    1350    (-,-) 
  g48576/Y                                          -       A->Y    R     BUFx12f_ASAP7_75t_SL           7 11.8    19    25    1375    (-,-) 
  g48575/Y                                          -       A->Y    F     INVx8_ASAP7_75t_SL            20 13.5    18    12    1387    (-,-) 
  g48516/Y                                          -       B->Y    R     NAND2xp5_ASAP7_75t_SL          1  0.9    24    14    1401    (-,-) 
  PIPE_OUT_col1_stage_reg_reg[0][10]/D              -       -       R     ASYNC_DFFHx1_ASAP7_75t_SL      1    -     -     0    1401    (-,-) 
#--------------------------------------------------------------------------------------------------------------------------------------------



Path 33: VIOLATED (-514 ps) Setup Check with Pin PIPE_OUT_col2_stage_reg_reg[0][11]/CLK->D
           View: PVT_0P63V_100C.setup_view
          Group: clk
     Startpoint: (R) PIPE_OUT_col2_stage_reg_reg[0][19]/CLK
          Clock: (R) clk
       Endpoint: (R) PIPE_OUT_col2_stage_reg_reg[0][11]/D
          Clock: (R) clk

                     Capture       Launch     
        Clock Edge:+    1000            0     
       Src Latency:+       0            0     
       Net Latency:+       0 (I)        0 (I) 
           Arrival:=    1000            0     
                                              
             Setup:-      16                  
       Uncertainty:-     100                  
     Required Time:=     884                  
      Launch Clock:-       0                  
         Data Path:-    1398                  
             Slack:=    -514                  

#--------------------------------------------------------------------------------------------------------------------------------------------
#                   Timing Point                    Flags    Arc    Edge           Cell             Fanout Load Trans Delay Arrival Instance 
#                                                                                                          (fF)  (ps)  (ps)   (ps)  Location 
#--------------------------------------------------------------------------------------------------------------------------------------------
  PIPE_OUT_col2_stage_reg_reg[0][19]/CLK            -       -       R     (arrival)                   1135    -     0     0       0    (-,-) 
  PIPE_OUT_col2_stage_reg_reg[0][19]/QN             -       CLK->QN R     ASYNC_DFFHx1_ASAP7_75t_SL      2  1.3    29    51      51    (-,-) 
  g62605/Y                                          -       B1->Y   F     AOI22xp5_ASAP7_75t_SL          3  2.3    72    21      72    (-,-) 
  g61915/Y                                          -       B2->Y   F     OA22x2_ASAP7_75t_SL            2  1.5    18    39     110    (-,-) 
  g61886/Y                                          -       A->Y    R     INVx1_ASAP7_75t_SL             1  1.3    19    13     123    (-,-) 
  g61786__1617/Y                                    -       C->Y    F     AOI211x1_ASAP7_75t_SL          1  1.2    42    12     135    (-,-) 
  g61741__5477/Y                                    -       D->Y    F     AND5x2_ASAP7_75t_SL            2  2.1    18    37     172    (-,-) 
  g61737/Y                                          -       A->Y    F     BUFx3_ASAP7_75t_SL             3  3.1    14    21     194    (-,-) 
  g61696__1666/Y                                    -       B->Y    R     NAND2x1p5_ASAP7_75t_SL         2  2.0    30    12     206    (-,-) 
  g61692__9315/Y                                    -       B->Y    R     AND2x4_ASAP7_75t_SL            3  2.1    12    20     227    (-,-) 
  g61310__2398/Y                                    -       B1->Y   F     AOI22xp5_ASAP7_75t_L           1  0.8    33    13     240    (-,-) 
  g61232__1881/Y                                    -       A->Y    R     NAND3xp33_ASAP7_75t_SL         1  1.8    45    24     264    (-,-) 
  g61196__8428/Y                                    -       A->Y    F     NOR2x1p5_ASAP7_75t_SL          2  2.4    28    18     281    (-,-) 
  g61173__5115/Y                                    -       A->Y    R     NAND4xp75_ASAP7_75t_SL         1  1.8    27    14     295    (-,-) 
  g61155__3680/Y                                    -       A->Y    F     NAND4xp75_ASAP7_75t_SL         2  1.6    31    16     311    (-,-) 
  g61151/Y                                          -       A->Y    F     BUFx3_ASAP7_75t_SL             3  3.5    16    25     336    (-,-) 
  g61092__9315/Y                                    -       B->Y    R     NAND2x1p5_ASAP7_75t_SL         1  2.3    30    14     350    (-,-) 
  g61081__4733/Y                                    -       B->Y    F     NAND2x2_ASAP7_75t_SL           2  3.3    21    12     362    (-,-) 
  g61069/Y                                          -       A->Y    F     BUFx12f_ASAP7_75t_SL          12  9.9    14    21     383    (-,-) 
  g60932__2883/Y                                    -       A->Y    F     OR2x2_ASAP7_75t_SL             3  3.6    21    27     410    (-,-) 
  g60889/Y                                          -       A->Y    F     BUFx6f_ASAP7_75t_SL            3  4.6    12    20     430    (-,-) 
  g60887/Y                                          -       A->Y    R     INVx4_ASAP7_75t_SL             4  4.2    14    10     440    (-,-) 
  g60730__2398/Y                                    -       A2->Y   R     AO221x1_ASAP7_75t_SL           2  2.1    33    32     472    (-,-) 
  g60709/Y                                          -       A->Y    F     INVx2_ASAP7_75t_SL             2  1.6    15     9     481    (-,-) 
  g60642__6417/Y                                    -       A1->Y   R     OAI21xp5_ASAP7_75t_SL          2  1.6    38    20     501    (-,-) 
  g60616/Y                                          -       A->Y    F     INVx1_ASAP7_75t_SL             2  1.6    22    14     515    (-,-) 
  g60525__1666/Y                                    -       B1->Y   R     AOI22xp5_ASAP7_75t_SL          1  1.3    40    23     538    (-,-) 
  g60491__6161/Y                                    -       A->Y    F     NAND2x1_ASAP7_75t_SL           2  2.1    24    13     550    (-,-) 
  addinc_FP32_ALU_col2_fracAdder_add_113_18_g1337/Y -       A->Y    F     BUFx3_ASAP7_75t_SL             1  1.8    11    21     571    (-,-) 
  addinc_FP32_ALU_col2_fracAdder_add_113_18_g1320/Y -       B->Y    R     NOR2x1p5_ASAP7_75t_SL          2  1.8    32    12     583    (-,-) 
  addinc_FP32_ALU_col2_fracAdder_add_113_18_g1194/Y -       A->Y    F     NOR2x1_ASAP7_75t_SL            3  2.5    31    21     603    (-,-) 
  addinc_FP32_ALU_col2_fracAdder_add_113_18_g1151/Y -       B->Y    F     AND2x6_ASAP7_75t_SL            5  4.4    15    28     631    (-,-) 
  addinc_FP32_ALU_col2_fracAdder_add_113_18_g1124/Y -       B->Y    F     AND2x4_ASAP7_75t_L             3  3.7    15    25     656    (-,-) 
  addinc_FP32_ALU_col2_fracAdder_add_113_18_g1107/Y -       B->Y    R     NAND2x1_ASAP7_75t_SL           1  0.9    33    12     668    (-,-) 
  addinc_FP32_ALU_col2_fracAdder_add_113_18_g1052/Y -       A1->Y   F     OAI21xp5_ASAP7_75t_SL          1  1.8    36    21     689    (-,-) 
  addinc_FP32_ALU_col2_fracAdder_add_113_18_g1041/Y -       A->Y    F     XOR2x1_ASAP7_75t_SL            2  2.3    36    29     718    (-,-) 
  g50551/Y                                          -       D->Y    R     NOR4xp75_ASAP7_75t_SL          1  2.9    62    32     750    (-,-) 
  g49818/Y                                          -       A->Y    F     NAND3x2_ASAP7_75t_SL           2  4.0    33    14     765    (-,-) 
  g49816/Y                                          -       A->Y    R     INVx4_ASAP7_75t_SL             7  7.1    27    18     782    (-,-) 
  g49795/Y                                          -       A2->Y   F     AOI21x1_ASAP7_75t_SL           2  1.8    31    12     794    (-,-) 
  g49758/Y                                          -       B->Y    F     AND2x4_ASAP7_75t_SL            2  3.5    14    24     818    (-,-) 
  g49752/Y                                          -       A->Y    R     NAND2x1p5_ASAP7_75t_SL         1  2.9    26    16     835    (-,-) 
  g49749/Y                                          -       B->Y    F     NOR3x2_ASAP7_75t_SL            3  3.2    27    19     854    (-,-) 
  g49747/Y                                          -       A->Y    F     BUFx3_ASAP7_75t_SL             6  4.4    17    25     879    (-,-) 
  g49710/Y                                          -       A2->Y   R     AOI21x1_ASAP7_75t_SL           1  0.9    23    12     891    (-,-) 
  g49704/Y                                          -       A->Y    F     INVx1_ASAP7_75t_L              1  1.4    17    14     905    (-,-) 
  g49689/Y                                          -       B->Y    R     AOI21x1_ASAP7_75t_SL           2  1.6    28    16     921    (-,-) 
  g49682/Y                                          -       A->Y    F     INVx1_ASAP7_75t_SL             1  1.4    18    12     933    (-,-) 
  g49655/Y                                          -       B->Y    R     AOI21x1_ASAP7_75t_SL           2  1.6    29    16     949    (-,-) 
  g49639/Y                                          -       A1->Y   R     AO221x2_ASAP7_75t_SL           3  3.0    26    39     988    (-,-) 
  g49620/Y                                          -       A2->Y   F     AOI21x1_ASAP7_75t_SL           4  4.6    42    20    1008    (-,-) 
  g49563/Y                                          -       B->Y    R     NOR2x1p5_ASAP7_75t_SL          6  5.2    47    27    1035    (-,-) 
  g49420/Y                                          -       A2->Y   F     AOI21xp5_ASAP7_75t_SL          1  0.9    27    13    1048    (-,-) 
  g49336/Y                                          -       B->Y    F     OA21x2_ASAP7_75t_SL            2  2.4    18    23    1071    (-,-) 
  g49235/Y                                          -       A->Y    F     XNOR2xp5_ASAP7_75t_SL          2  2.7    44    34    1105    (-,-) 
  g49209/Y                                          -       A->Y    R     INVx2_ASAP7_75t_SL             2  2.0    23    14    1120    (-,-) 
  g49126/Y                                          -       B->Y    F     NOR2x1_ASAP7_75t_SL            1  0.9    18    11    1131    (-,-) 
  g48938/Y                                          -       A1->Y   R     OAI21xp5_ASAP7_75t_SL          2  2.4    55    27    1158    (-,-) 
  g48846/Y                                          -       A2->Y   F     AOI21x1_ASAP7_75t_SL           2  2.1    31    14    1172    (-,-) 
  g48803/Y                                          -       A2->Y   R     OAI21xp5_ASAP7_75t_SL          2  2.4    56    32    1204    (-,-) 
  g48753/Y                                          -       A2->Y   F     AOI21x1_ASAP7_75t_SL           2  1.9    31    14    1218    (-,-) 
  g48715/Y                                          -       B->Y    R     XNOR2x2_ASAP7_75t_SL           2  2.0    19    32    1250    (-,-) 
  g48684/Y                                          -       A->Y    F     NAND3xp33_ASAP7_75t_SL         1  1.1    33    17    1268    (-,-) 
  g48603/Y                                          -       B->Y    R     XNOR2x2_ASAP7_75t_SL           2  1.3    15    31    1298    (-,-) 
  g48589/Y                                          -       B->Y    R     AND3x2_ASAP7_75t_SL            2  2.5    22    29    1328    (-,-) 
  g48583/Y                                          -       A3->Y   R     AO31x2_ASAP7_75t_SL            2  3.4    25    25    1353    (-,-) 
  g48581/Y                                          -       A->Y    F     INVx4_ASAP7_75t_SL            22 14.2    31    20    1373    (-,-) 
  g48548/Y                                          -       B1->Y   R     AOI221xp5_ASAP7_75t_SL         1  0.9    56    25    1398    (-,-) 
  PIPE_OUT_col2_stage_reg_reg[0][11]/D              -       -       R     ASYNC_DFFHx1_ASAP7_75t_SL      1    -     -     0    1398    (-,-) 
#--------------------------------------------------------------------------------------------------------------------------------------------



Path 34: VIOLATED (-514 ps) Setup Check with Pin PIPE_OUT_col2_stage_reg_reg[0][7]/CLK->D
           View: PVT_0P63V_100C.setup_view
          Group: clk
     Startpoint: (R) PIPE_OUT_col2_stage_reg_reg[0][19]/CLK
          Clock: (R) clk
       Endpoint: (R) PIPE_OUT_col2_stage_reg_reg[0][7]/D
          Clock: (R) clk

                     Capture       Launch     
        Clock Edge:+    1000            0     
       Src Latency:+       0            0     
       Net Latency:+       0 (I)        0 (I) 
           Arrival:=    1000            0     
                                              
             Setup:-      16                  
       Uncertainty:-     100                  
     Required Time:=     884                  
      Launch Clock:-       0                  
         Data Path:-    1398                  
             Slack:=    -514                  

#--------------------------------------------------------------------------------------------------------------------------------------------
#                   Timing Point                    Flags    Arc    Edge           Cell             Fanout Load Trans Delay Arrival Instance 
#                                                                                                          (fF)  (ps)  (ps)   (ps)  Location 
#--------------------------------------------------------------------------------------------------------------------------------------------
  PIPE_OUT_col2_stage_reg_reg[0][19]/CLK            -       -       R     (arrival)                   1135    -     0     0       0    (-,-) 
  PIPE_OUT_col2_stage_reg_reg[0][19]/QN             -       CLK->QN R     ASYNC_DFFHx1_ASAP7_75t_SL      2  1.3    29    51      51    (-,-) 
  g62605/Y                                          -       B1->Y   F     AOI22xp5_ASAP7_75t_SL          3  2.3    72    21      72    (-,-) 
  g61915/Y                                          -       B2->Y   F     OA22x2_ASAP7_75t_SL            2  1.5    18    39     110    (-,-) 
  g61886/Y                                          -       A->Y    R     INVx1_ASAP7_75t_SL             1  1.3    19    13     123    (-,-) 
  g61786__1617/Y                                    -       C->Y    F     AOI211x1_ASAP7_75t_SL          1  1.2    42    12     135    (-,-) 
  g61741__5477/Y                                    -       D->Y    F     AND5x2_ASAP7_75t_SL            2  2.1    18    37     172    (-,-) 
  g61737/Y                                          -       A->Y    F     BUFx3_ASAP7_75t_SL             3  3.1    14    21     194    (-,-) 
  g61696__1666/Y                                    -       B->Y    R     NAND2x1p5_ASAP7_75t_SL         2  2.0    30    12     206    (-,-) 
  g61692__9315/Y                                    -       B->Y    R     AND2x4_ASAP7_75t_SL            3  2.1    12    20     227    (-,-) 
  g61310__2398/Y                                    -       B1->Y   F     AOI22xp5_ASAP7_75t_L           1  0.8    33    13     240    (-,-) 
  g61232__1881/Y                                    -       A->Y    R     NAND3xp33_ASAP7_75t_SL         1  1.8    45    24     264    (-,-) 
  g61196__8428/Y                                    -       A->Y    F     NOR2x1p5_ASAP7_75t_SL          2  2.4    28    18     281    (-,-) 
  g61173__5115/Y                                    -       A->Y    R     NAND4xp75_ASAP7_75t_SL         1  1.8    27    14     295    (-,-) 
  g61155__3680/Y                                    -       A->Y    F     NAND4xp75_ASAP7_75t_SL         2  1.6    31    16     311    (-,-) 
  g61151/Y                                          -       A->Y    F     BUFx3_ASAP7_75t_SL             3  3.5    16    25     336    (-,-) 
  g61092__9315/Y                                    -       B->Y    R     NAND2x1p5_ASAP7_75t_SL         1  2.3    30    14     350    (-,-) 
  g61081__4733/Y                                    -       B->Y    F     NAND2x2_ASAP7_75t_SL           2  3.3    21    12     362    (-,-) 
  g61069/Y                                          -       A->Y    F     BUFx12f_ASAP7_75t_SL          12  9.9    14    21     383    (-,-) 
  g60932__2883/Y                                    -       A->Y    F     OR2x2_ASAP7_75t_SL             3  3.6    21    27     410    (-,-) 
  g60889/Y                                          -       A->Y    F     BUFx6f_ASAP7_75t_SL            3  4.6    12    20     430    (-,-) 
  g60887/Y                                          -       A->Y    R     INVx4_ASAP7_75t_SL             4  4.2    14    10     440    (-,-) 
  g60730__2398/Y                                    -       A2->Y   R     AO221x1_ASAP7_75t_SL           2  2.1    33    32     472    (-,-) 
  g60709/Y                                          -       A->Y    F     INVx2_ASAP7_75t_SL             2  1.6    15     9     481    (-,-) 
  g60642__6417/Y                                    -       A1->Y   R     OAI21xp5_ASAP7_75t_SL          2  1.6    38    20     501    (-,-) 
  g60616/Y                                          -       A->Y    F     INVx1_ASAP7_75t_SL             2  1.6    22    14     515    (-,-) 
  g60525__1666/Y                                    -       B1->Y   R     AOI22xp5_ASAP7_75t_SL          1  1.3    40    23     538    (-,-) 
  g60491__6161/Y                                    -       A->Y    F     NAND2x1_ASAP7_75t_SL           2  2.1    24    13     550    (-,-) 
  addinc_FP32_ALU_col2_fracAdder_add_113_18_g1337/Y -       A->Y    F     BUFx3_ASAP7_75t_SL             1  1.8    11    21     571    (-,-) 
  addinc_FP32_ALU_col2_fracAdder_add_113_18_g1320/Y -       B->Y    R     NOR2x1p5_ASAP7_75t_SL          2  1.8    32    12     583    (-,-) 
  addinc_FP32_ALU_col2_fracAdder_add_113_18_g1194/Y -       A->Y    F     NOR2x1_ASAP7_75t_SL            3  2.5    31    21     603    (-,-) 
  addinc_FP32_ALU_col2_fracAdder_add_113_18_g1151/Y -       B->Y    F     AND2x6_ASAP7_75t_SL            5  4.4    15    28     631    (-,-) 
  addinc_FP32_ALU_col2_fracAdder_add_113_18_g1124/Y -       B->Y    F     AND2x4_ASAP7_75t_L             3  3.7    15    25     656    (-,-) 
  addinc_FP32_ALU_col2_fracAdder_add_113_18_g1107/Y -       B->Y    R     NAND2x1_ASAP7_75t_SL           1  0.9    33    12     668    (-,-) 
  addinc_FP32_ALU_col2_fracAdder_add_113_18_g1052/Y -       A1->Y   F     OAI21xp5_ASAP7_75t_SL          1  1.8    36    21     689    (-,-) 
  addinc_FP32_ALU_col2_fracAdder_add_113_18_g1041/Y -       A->Y    F     XOR2x1_ASAP7_75t_SL            2  2.3    36    29     718    (-,-) 
  g50551/Y                                          -       D->Y    R     NOR4xp75_ASAP7_75t_SL          1  2.9    62    32     750    (-,-) 
  g49818/Y                                          -       A->Y    F     NAND3x2_ASAP7_75t_SL           2  4.0    33    14     765    (-,-) 
  g49816/Y                                          -       A->Y    R     INVx4_ASAP7_75t_SL             7  7.1    27    18     782    (-,-) 
  g49795/Y                                          -       A2->Y   F     AOI21x1_ASAP7_75t_SL           2  1.8    31    12     794    (-,-) 
  g49758/Y                                          -       B->Y    F     AND2x4_ASAP7_75t_SL            2  3.5    14    24     818    (-,-) 
  g49752/Y                                          -       A->Y    R     NAND2x1p5_ASAP7_75t_SL         1  2.9    26    16     835    (-,-) 
  g49749/Y                                          -       B->Y    F     NOR3x2_ASAP7_75t_SL            3  3.2    27    19     854    (-,-) 
  g49747/Y                                          -       A->Y    F     BUFx3_ASAP7_75t_SL             6  4.4    17    25     879    (-,-) 
  g49710/Y                                          -       A2->Y   R     AOI21x1_ASAP7_75t_SL           1  0.9    23    12     891    (-,-) 
  g49704/Y                                          -       A->Y    F     INVx1_ASAP7_75t_L              1  1.4    17    14     905    (-,-) 
  g49689/Y                                          -       B->Y    R     AOI21x1_ASAP7_75t_SL           2  1.6    28    16     921    (-,-) 
  g49682/Y                                          -       A->Y    F     INVx1_ASAP7_75t_SL             1  1.4    18    12     933    (-,-) 
  g49655/Y                                          -       B->Y    R     AOI21x1_ASAP7_75t_SL           2  1.6    29    16     949    (-,-) 
  g49639/Y                                          -       A1->Y   R     AO221x2_ASAP7_75t_SL           3  3.0    26    39     988    (-,-) 
  g49620/Y                                          -       A2->Y   F     AOI21x1_ASAP7_75t_SL           4  4.6    42    20    1008    (-,-) 
  g49563/Y                                          -       B->Y    R     NOR2x1p5_ASAP7_75t_SL          6  5.2    47    27    1035    (-,-) 
  g49420/Y                                          -       A2->Y   F     AOI21xp5_ASAP7_75t_SL          1  0.9    27    13    1048    (-,-) 
  g49336/Y                                          -       B->Y    F     OA21x2_ASAP7_75t_SL            2  2.4    18    23    1071    (-,-) 
  g49235/Y                                          -       A->Y    F     XNOR2xp5_ASAP7_75t_SL          2  2.7    44    34    1105    (-,-) 
  g49209/Y                                          -       A->Y    R     INVx2_ASAP7_75t_SL             2  2.0    23    14    1120    (-,-) 
  g49126/Y                                          -       B->Y    F     NOR2x1_ASAP7_75t_SL            1  0.9    18    11    1131    (-,-) 
  g48938/Y                                          -       A1->Y   R     OAI21xp5_ASAP7_75t_SL          2  2.4    55    27    1158    (-,-) 
  g48846/Y                                          -       A2->Y   F     AOI21x1_ASAP7_75t_SL           2  2.1    31    14    1172    (-,-) 
  g48803/Y                                          -       A2->Y   R     OAI21xp5_ASAP7_75t_SL          2  2.4    56    32    1204    (-,-) 
  g48753/Y                                          -       A2->Y   F     AOI21x1_ASAP7_75t_SL           2  1.9    31    14    1218    (-,-) 
  g48715/Y                                          -       B->Y    R     XNOR2x2_ASAP7_75t_SL           2  2.0    19    32    1250    (-,-) 
  g48684/Y                                          -       A->Y    F     NAND3xp33_ASAP7_75t_SL         1  1.1    33    17    1268    (-,-) 
  g48603/Y                                          -       B->Y    R     XNOR2x2_ASAP7_75t_SL           2  1.3    15    31    1298    (-,-) 
  g48589/Y                                          -       B->Y    R     AND3x2_ASAP7_75t_SL            2  2.5    22    29    1328    (-,-) 
  g48583/Y                                          -       A3->Y   R     AO31x2_ASAP7_75t_SL            2  3.4    25    25    1353    (-,-) 
  g48581/Y                                          -       A->Y    F     INVx4_ASAP7_75t_SL            22 14.2    31    20    1373    (-,-) 
  g48561/Y                                          -       B1->Y   R     AOI221xp5_ASAP7_75t_SL         1  0.9    56    25    1398    (-,-) 
  PIPE_OUT_col2_stage_reg_reg[0][7]/D               -       -       R     ASYNC_DFFHx1_ASAP7_75t_SL      1    -     -     0    1398    (-,-) 
#--------------------------------------------------------------------------------------------------------------------------------------------



Path 35: VIOLATED (-514 ps) Setup Check with Pin PIPE_OUT_col2_stage_reg_reg[0][2]/CLK->D
           View: PVT_0P63V_100C.setup_view
          Group: clk
     Startpoint: (R) PIPE_OUT_col2_stage_reg_reg[0][19]/CLK
          Clock: (R) clk
       Endpoint: (R) PIPE_OUT_col2_stage_reg_reg[0][2]/D
          Clock: (R) clk

                     Capture       Launch     
        Clock Edge:+    1000            0     
       Src Latency:+       0            0     
       Net Latency:+       0 (I)        0 (I) 
           Arrival:=    1000            0     
                                              
             Setup:-      16                  
       Uncertainty:-     100                  
     Required Time:=     884                  
      Launch Clock:-       0                  
         Data Path:-    1398                  
             Slack:=    -514                  

#--------------------------------------------------------------------------------------------------------------------------------------------
#                   Timing Point                    Flags    Arc    Edge           Cell             Fanout Load Trans Delay Arrival Instance 
#                                                                                                          (fF)  (ps)  (ps)   (ps)  Location 
#--------------------------------------------------------------------------------------------------------------------------------------------
  PIPE_OUT_col2_stage_reg_reg[0][19]/CLK            -       -       R     (arrival)                   1135    -     0     0       0    (-,-) 
  PIPE_OUT_col2_stage_reg_reg[0][19]/QN             -       CLK->QN R     ASYNC_DFFHx1_ASAP7_75t_SL      2  1.3    29    51      51    (-,-) 
  g62605/Y                                          -       B1->Y   F     AOI22xp5_ASAP7_75t_SL          3  2.3    72    21      72    (-,-) 
  g61915/Y                                          -       B2->Y   F     OA22x2_ASAP7_75t_SL            2  1.5    18    39     110    (-,-) 
  g61886/Y                                          -       A->Y    R     INVx1_ASAP7_75t_SL             1  1.3    19    13     123    (-,-) 
  g61786__1617/Y                                    -       C->Y    F     AOI211x1_ASAP7_75t_SL          1  1.2    42    12     135    (-,-) 
  g61741__5477/Y                                    -       D->Y    F     AND5x2_ASAP7_75t_SL            2  2.1    18    37     172    (-,-) 
  g61737/Y                                          -       A->Y    F     BUFx3_ASAP7_75t_SL             3  3.1    14    21     194    (-,-) 
  g61696__1666/Y                                    -       B->Y    R     NAND2x1p5_ASAP7_75t_SL         2  2.0    30    12     206    (-,-) 
  g61692__9315/Y                                    -       B->Y    R     AND2x4_ASAP7_75t_SL            3  2.1    12    20     227    (-,-) 
  g61310__2398/Y                                    -       B1->Y   F     AOI22xp5_ASAP7_75t_L           1  0.8    33    13     240    (-,-) 
  g61232__1881/Y                                    -       A->Y    R     NAND3xp33_ASAP7_75t_SL         1  1.8    45    24     264    (-,-) 
  g61196__8428/Y                                    -       A->Y    F     NOR2x1p5_ASAP7_75t_SL          2  2.4    28    18     281    (-,-) 
  g61173__5115/Y                                    -       A->Y    R     NAND4xp75_ASAP7_75t_SL         1  1.8    27    14     295    (-,-) 
  g61155__3680/Y                                    -       A->Y    F     NAND4xp75_ASAP7_75t_SL         2  1.6    31    16     311    (-,-) 
  g61151/Y                                          -       A->Y    F     BUFx3_ASAP7_75t_SL             3  3.5    16    25     336    (-,-) 
  g61092__9315/Y                                    -       B->Y    R     NAND2x1p5_ASAP7_75t_SL         1  2.3    30    14     350    (-,-) 
  g61081__4733/Y                                    -       B->Y    F     NAND2x2_ASAP7_75t_SL           2  3.3    21    12     362    (-,-) 
  g61069/Y                                          -       A->Y    F     BUFx12f_ASAP7_75t_SL          12  9.9    14    21     383    (-,-) 
  g60932__2883/Y                                    -       A->Y    F     OR2x2_ASAP7_75t_SL             3  3.6    21    27     410    (-,-) 
  g60889/Y                                          -       A->Y    F     BUFx6f_ASAP7_75t_SL            3  4.6    12    20     430    (-,-) 
  g60887/Y                                          -       A->Y    R     INVx4_ASAP7_75t_SL             4  4.2    14    10     440    (-,-) 
  g60730__2398/Y                                    -       A2->Y   R     AO221x1_ASAP7_75t_SL           2  2.1    33    32     472    (-,-) 
  g60709/Y                                          -       A->Y    F     INVx2_ASAP7_75t_SL             2  1.6    15     9     481    (-,-) 
  g60642__6417/Y                                    -       A1->Y   R     OAI21xp5_ASAP7_75t_SL          2  1.6    38    20     501    (-,-) 
  g60616/Y                                          -       A->Y    F     INVx1_ASAP7_75t_SL             2  1.6    22    14     515    (-,-) 
  g60525__1666/Y                                    -       B1->Y   R     AOI22xp5_ASAP7_75t_SL          1  1.3    40    23     538    (-,-) 
  g60491__6161/Y                                    -       A->Y    F     NAND2x1_ASAP7_75t_SL           2  2.1    24    13     550    (-,-) 
  addinc_FP32_ALU_col2_fracAdder_add_113_18_g1337/Y -       A->Y    F     BUFx3_ASAP7_75t_SL             1  1.8    11    21     571    (-,-) 
  addinc_FP32_ALU_col2_fracAdder_add_113_18_g1320/Y -       B->Y    R     NOR2x1p5_ASAP7_75t_SL          2  1.8    32    12     583    (-,-) 
  addinc_FP32_ALU_col2_fracAdder_add_113_18_g1194/Y -       A->Y    F     NOR2x1_ASAP7_75t_SL            3  2.5    31    21     603    (-,-) 
  addinc_FP32_ALU_col2_fracAdder_add_113_18_g1151/Y -       B->Y    F     AND2x6_ASAP7_75t_SL            5  4.4    15    28     631    (-,-) 
  addinc_FP32_ALU_col2_fracAdder_add_113_18_g1124/Y -       B->Y    F     AND2x4_ASAP7_75t_L             3  3.7    15    25     656    (-,-) 
  addinc_FP32_ALU_col2_fracAdder_add_113_18_g1107/Y -       B->Y    R     NAND2x1_ASAP7_75t_SL           1  0.9    33    12     668    (-,-) 
  addinc_FP32_ALU_col2_fracAdder_add_113_18_g1052/Y -       A1->Y   F     OAI21xp5_ASAP7_75t_SL          1  1.8    36    21     689    (-,-) 
  addinc_FP32_ALU_col2_fracAdder_add_113_18_g1041/Y -       A->Y    F     XOR2x1_ASAP7_75t_SL            2  2.3    36    29     718    (-,-) 
  g50551/Y                                          -       D->Y    R     NOR4xp75_ASAP7_75t_SL          1  2.9    62    32     750    (-,-) 
  g49818/Y                                          -       A->Y    F     NAND3x2_ASAP7_75t_SL           2  4.0    33    14     765    (-,-) 
  g49816/Y                                          -       A->Y    R     INVx4_ASAP7_75t_SL             7  7.1    27    18     782    (-,-) 
  g49795/Y                                          -       A2->Y   F     AOI21x1_ASAP7_75t_SL           2  1.8    31    12     794    (-,-) 
  g49758/Y                                          -       B->Y    F     AND2x4_ASAP7_75t_SL            2  3.5    14    24     818    (-,-) 
  g49752/Y                                          -       A->Y    R     NAND2x1p5_ASAP7_75t_SL         1  2.9    26    16     835    (-,-) 
  g49749/Y                                          -       B->Y    F     NOR3x2_ASAP7_75t_SL            3  3.2    27    19     854    (-,-) 
  g49747/Y                                          -       A->Y    F     BUFx3_ASAP7_75t_SL             6  4.4    17    25     879    (-,-) 
  g49710/Y                                          -       A2->Y   R     AOI21x1_ASAP7_75t_SL           1  0.9    23    12     891    (-,-) 
  g49704/Y                                          -       A->Y    F     INVx1_ASAP7_75t_L              1  1.4    17    14     905    (-,-) 
  g49689/Y                                          -       B->Y    R     AOI21x1_ASAP7_75t_SL           2  1.6    28    16     921    (-,-) 
  g49682/Y                                          -       A->Y    F     INVx1_ASAP7_75t_SL             1  1.4    18    12     933    (-,-) 
  g49655/Y                                          -       B->Y    R     AOI21x1_ASAP7_75t_SL           2  1.6    29    16     949    (-,-) 
  g49639/Y                                          -       A1->Y   R     AO221x2_ASAP7_75t_SL           3  3.0    26    39     988    (-,-) 
  g49620/Y                                          -       A2->Y   F     AOI21x1_ASAP7_75t_SL           4  4.6    42    20    1008    (-,-) 
  g49563/Y                                          -       B->Y    R     NOR2x1p5_ASAP7_75t_SL          6  5.2    47    27    1035    (-,-) 
  g49420/Y                                          -       A2->Y   F     AOI21xp5_ASAP7_75t_SL          1  0.9    27    13    1048    (-,-) 
  g49336/Y                                          -       B->Y    F     OA21x2_ASAP7_75t_SL            2  2.4    18    23    1071    (-,-) 
  g49235/Y                                          -       A->Y    F     XNOR2xp5_ASAP7_75t_SL          2  2.7    44    34    1105    (-,-) 
  g49209/Y                                          -       A->Y    R     INVx2_ASAP7_75t_SL             2  2.0    23    14    1120    (-,-) 
  g49126/Y                                          -       B->Y    F     NOR2x1_ASAP7_75t_SL            1  0.9    18    11    1131    (-,-) 
  g48938/Y                                          -       A1->Y   R     OAI21xp5_ASAP7_75t_SL          2  2.4    55    27    1158    (-,-) 
  g48846/Y                                          -       A2->Y   F     AOI21x1_ASAP7_75t_SL           2  2.1    31    14    1172    (-,-) 
  g48803/Y                                          -       A2->Y   R     OAI21xp5_ASAP7_75t_SL          2  2.4    56    32    1204    (-,-) 
  g48753/Y                                          -       A2->Y   F     AOI21x1_ASAP7_75t_SL           2  1.9    31    14    1218    (-,-) 
  g48715/Y                                          -       B->Y    R     XNOR2x2_ASAP7_75t_SL           2  2.0    19    32    1250    (-,-) 
  g48684/Y                                          -       A->Y    F     NAND3xp33_ASAP7_75t_SL         1  1.1    33    17    1268    (-,-) 
  g48603/Y                                          -       B->Y    R     XNOR2x2_ASAP7_75t_SL           2  1.3    15    31    1298    (-,-) 
  g48589/Y                                          -       B->Y    R     AND3x2_ASAP7_75t_SL            2  2.5    22    29    1328    (-,-) 
  g48583/Y                                          -       A3->Y   R     AO31x2_ASAP7_75t_SL            2  3.4    25    25    1353    (-,-) 
  g48581/Y                                          -       A->Y    F     INVx4_ASAP7_75t_SL            22 14.2    31    20    1373    (-,-) 
  g48558/Y                                          -       B1->Y   R     AOI221xp5_ASAP7_75t_SL         1  0.9    56    25    1398    (-,-) 
  PIPE_OUT_col2_stage_reg_reg[0][2]/D               -       -       R     ASYNC_DFFHx1_ASAP7_75t_SL      1    -     -     0    1398    (-,-) 
#--------------------------------------------------------------------------------------------------------------------------------------------



Path 36: VIOLATED (-514 ps) Setup Check with Pin PIPE_OUT_col2_stage_reg_reg[0][1]/CLK->D
           View: PVT_0P63V_100C.setup_view
          Group: clk
     Startpoint: (R) PIPE_OUT_col2_stage_reg_reg[0][19]/CLK
          Clock: (R) clk
       Endpoint: (R) PIPE_OUT_col2_stage_reg_reg[0][1]/D
          Clock: (R) clk

                     Capture       Launch     
        Clock Edge:+    1000            0     
       Src Latency:+       0            0     
       Net Latency:+       0 (I)        0 (I) 
           Arrival:=    1000            0     
                                              
             Setup:-      16                  
       Uncertainty:-     100                  
     Required Time:=     884                  
      Launch Clock:-       0                  
         Data Path:-    1398                  
             Slack:=    -514                  

#--------------------------------------------------------------------------------------------------------------------------------------------
#                   Timing Point                    Flags    Arc    Edge           Cell             Fanout Load Trans Delay Arrival Instance 
#                                                                                                          (fF)  (ps)  (ps)   (ps)  Location 
#--------------------------------------------------------------------------------------------------------------------------------------------
  PIPE_OUT_col2_stage_reg_reg[0][19]/CLK            -       -       R     (arrival)                   1135    -     0     0       0    (-,-) 
  PIPE_OUT_col2_stage_reg_reg[0][19]/QN             -       CLK->QN R     ASYNC_DFFHx1_ASAP7_75t_SL      2  1.3    29    51      51    (-,-) 
  g62605/Y                                          -       B1->Y   F     AOI22xp5_ASAP7_75t_SL          3  2.3    72    21      72    (-,-) 
  g61915/Y                                          -       B2->Y   F     OA22x2_ASAP7_75t_SL            2  1.5    18    39     110    (-,-) 
  g61886/Y                                          -       A->Y    R     INVx1_ASAP7_75t_SL             1  1.3    19    13     123    (-,-) 
  g61786__1617/Y                                    -       C->Y    F     AOI211x1_ASAP7_75t_SL          1  1.2    42    12     135    (-,-) 
  g61741__5477/Y                                    -       D->Y    F     AND5x2_ASAP7_75t_SL            2  2.1    18    37     172    (-,-) 
  g61737/Y                                          -       A->Y    F     BUFx3_ASAP7_75t_SL             3  3.1    14    21     194    (-,-) 
  g61696__1666/Y                                    -       B->Y    R     NAND2x1p5_ASAP7_75t_SL         2  2.0    30    12     206    (-,-) 
  g61692__9315/Y                                    -       B->Y    R     AND2x4_ASAP7_75t_SL            3  2.1    12    20     227    (-,-) 
  g61310__2398/Y                                    -       B1->Y   F     AOI22xp5_ASAP7_75t_L           1  0.8    33    13     240    (-,-) 
  g61232__1881/Y                                    -       A->Y    R     NAND3xp33_ASAP7_75t_SL         1  1.8    45    24     264    (-,-) 
  g61196__8428/Y                                    -       A->Y    F     NOR2x1p5_ASAP7_75t_SL          2  2.4    28    18     281    (-,-) 
  g61173__5115/Y                                    -       A->Y    R     NAND4xp75_ASAP7_75t_SL         1  1.8    27    14     295    (-,-) 
  g61155__3680/Y                                    -       A->Y    F     NAND4xp75_ASAP7_75t_SL         2  1.6    31    16     311    (-,-) 
  g61151/Y                                          -       A->Y    F     BUFx3_ASAP7_75t_SL             3  3.5    16    25     336    (-,-) 
  g61092__9315/Y                                    -       B->Y    R     NAND2x1p5_ASAP7_75t_SL         1  2.3    30    14     350    (-,-) 
  g61081__4733/Y                                    -       B->Y    F     NAND2x2_ASAP7_75t_SL           2  3.3    21    12     362    (-,-) 
  g61069/Y                                          -       A->Y    F     BUFx12f_ASAP7_75t_SL          12  9.9    14    21     383    (-,-) 
  g60932__2883/Y                                    -       A->Y    F     OR2x2_ASAP7_75t_SL             3  3.6    21    27     410    (-,-) 
  g60889/Y                                          -       A->Y    F     BUFx6f_ASAP7_75t_SL            3  4.6    12    20     430    (-,-) 
  g60887/Y                                          -       A->Y    R     INVx4_ASAP7_75t_SL             4  4.2    14    10     440    (-,-) 
  g60730__2398/Y                                    -       A2->Y   R     AO221x1_ASAP7_75t_SL           2  2.1    33    32     472    (-,-) 
  g60709/Y                                          -       A->Y    F     INVx2_ASAP7_75t_SL             2  1.6    15     9     481    (-,-) 
  g60642__6417/Y                                    -       A1->Y   R     OAI21xp5_ASAP7_75t_SL          2  1.6    38    20     501    (-,-) 
  g60616/Y                                          -       A->Y    F     INVx1_ASAP7_75t_SL             2  1.6    22    14     515    (-,-) 
  g60525__1666/Y                                    -       B1->Y   R     AOI22xp5_ASAP7_75t_SL          1  1.3    40    23     538    (-,-) 
  g60491__6161/Y                                    -       A->Y    F     NAND2x1_ASAP7_75t_SL           2  2.1    24    13     550    (-,-) 
  addinc_FP32_ALU_col2_fracAdder_add_113_18_g1337/Y -       A->Y    F     BUFx3_ASAP7_75t_SL             1  1.8    11    21     571    (-,-) 
  addinc_FP32_ALU_col2_fracAdder_add_113_18_g1320/Y -       B->Y    R     NOR2x1p5_ASAP7_75t_SL          2  1.8    32    12     583    (-,-) 
  addinc_FP32_ALU_col2_fracAdder_add_113_18_g1194/Y -       A->Y    F     NOR2x1_ASAP7_75t_SL            3  2.5    31    21     603    (-,-) 
  addinc_FP32_ALU_col2_fracAdder_add_113_18_g1151/Y -       B->Y    F     AND2x6_ASAP7_75t_SL            5  4.4    15    28     631    (-,-) 
  addinc_FP32_ALU_col2_fracAdder_add_113_18_g1124/Y -       B->Y    F     AND2x4_ASAP7_75t_L             3  3.7    15    25     656    (-,-) 
  addinc_FP32_ALU_col2_fracAdder_add_113_18_g1107/Y -       B->Y    R     NAND2x1_ASAP7_75t_SL           1  0.9    33    12     668    (-,-) 
  addinc_FP32_ALU_col2_fracAdder_add_113_18_g1052/Y -       A1->Y   F     OAI21xp5_ASAP7_75t_SL          1  1.8    36    21     689    (-,-) 
  addinc_FP32_ALU_col2_fracAdder_add_113_18_g1041/Y -       A->Y    F     XOR2x1_ASAP7_75t_SL            2  2.3    36    29     718    (-,-) 
  g50551/Y                                          -       D->Y    R     NOR4xp75_ASAP7_75t_SL          1  2.9    62    32     750    (-,-) 
  g49818/Y                                          -       A->Y    F     NAND3x2_ASAP7_75t_SL           2  4.0    33    14     765    (-,-) 
  g49816/Y                                          -       A->Y    R     INVx4_ASAP7_75t_SL             7  7.1    27    18     782    (-,-) 
  g49795/Y                                          -       A2->Y   F     AOI21x1_ASAP7_75t_SL           2  1.8    31    12     794    (-,-) 
  g49758/Y                                          -       B->Y    F     AND2x4_ASAP7_75t_SL            2  3.5    14    24     818    (-,-) 
  g49752/Y                                          -       A->Y    R     NAND2x1p5_ASAP7_75t_SL         1  2.9    26    16     835    (-,-) 
  g49749/Y                                          -       B->Y    F     NOR3x2_ASAP7_75t_SL            3  3.2    27    19     854    (-,-) 
  g49747/Y                                          -       A->Y    F     BUFx3_ASAP7_75t_SL             6  4.4    17    25     879    (-,-) 
  g49710/Y                                          -       A2->Y   R     AOI21x1_ASAP7_75t_SL           1  0.9    23    12     891    (-,-) 
  g49704/Y                                          -       A->Y    F     INVx1_ASAP7_75t_L              1  1.4    17    14     905    (-,-) 
  g49689/Y                                          -       B->Y    R     AOI21x1_ASAP7_75t_SL           2  1.6    28    16     921    (-,-) 
  g49682/Y                                          -       A->Y    F     INVx1_ASAP7_75t_SL             1  1.4    18    12     933    (-,-) 
  g49655/Y                                          -       B->Y    R     AOI21x1_ASAP7_75t_SL           2  1.6    29    16     949    (-,-) 
  g49639/Y                                          -       A1->Y   R     AO221x2_ASAP7_75t_SL           3  3.0    26    39     988    (-,-) 
  g49620/Y                                          -       A2->Y   F     AOI21x1_ASAP7_75t_SL           4  4.6    42    20    1008    (-,-) 
  g49563/Y                                          -       B->Y    R     NOR2x1p5_ASAP7_75t_SL          6  5.2    47    27    1035    (-,-) 
  g49420/Y                                          -       A2->Y   F     AOI21xp5_ASAP7_75t_SL          1  0.9    27    13    1048    (-,-) 
  g49336/Y                                          -       B->Y    F     OA21x2_ASAP7_75t_SL            2  2.4    18    23    1071    (-,-) 
  g49235/Y                                          -       A->Y    F     XNOR2xp5_ASAP7_75t_SL          2  2.7    44    34    1105    (-,-) 
  g49209/Y                                          -       A->Y    R     INVx2_ASAP7_75t_SL             2  2.0    23    14    1120    (-,-) 
  g49126/Y                                          -       B->Y    F     NOR2x1_ASAP7_75t_SL            1  0.9    18    11    1131    (-,-) 
  g48938/Y                                          -       A1->Y   R     OAI21xp5_ASAP7_75t_SL          2  2.4    55    27    1158    (-,-) 
  g48846/Y                                          -       A2->Y   F     AOI21x1_ASAP7_75t_SL           2  2.1    31    14    1172    (-,-) 
  g48803/Y                                          -       A2->Y   R     OAI21xp5_ASAP7_75t_SL          2  2.4    56    32    1204    (-,-) 
  g48753/Y                                          -       A2->Y   F     AOI21x1_ASAP7_75t_SL           2  1.9    31    14    1218    (-,-) 
  g48715/Y                                          -       B->Y    R     XNOR2x2_ASAP7_75t_SL           2  2.0    19    32    1250    (-,-) 
  g48684/Y                                          -       A->Y    F     NAND3xp33_ASAP7_75t_SL         1  1.1    33    17    1268    (-,-) 
  g48603/Y                                          -       B->Y    R     XNOR2x2_ASAP7_75t_SL           2  1.3    15    31    1298    (-,-) 
  g48589/Y                                          -       B->Y    R     AND3x2_ASAP7_75t_SL            2  2.5    22    29    1328    (-,-) 
  g48583/Y                                          -       A3->Y   R     AO31x2_ASAP7_75t_SL            2  3.4    25    25    1353    (-,-) 
  g48581/Y                                          -       A->Y    F     INVx4_ASAP7_75t_SL            22 14.2    31    20    1373    (-,-) 
  g48565/Y                                          -       B1->Y   R     AOI221xp5_ASAP7_75t_SL         1  0.9    56    25    1398    (-,-) 
  PIPE_OUT_col2_stage_reg_reg[0][1]/D               -       -       R     ASYNC_DFFHx1_ASAP7_75t_SL      1    -     -     0    1398    (-,-) 
#--------------------------------------------------------------------------------------------------------------------------------------------



Path 37: VIOLATED (-514 ps) Setup Check with Pin PIPE_OUT_col1_stage_reg_reg[0][11]/CLK->D
           View: PVT_0P63V_100C.setup_view
          Group: clk
     Startpoint: (R) PIPE_OUT_col1_stage_reg_reg[0][6]/CLK
          Clock: (R) clk
       Endpoint: (R) PIPE_OUT_col1_stage_reg_reg[0][11]/D
          Clock: (R) clk

                     Capture       Launch     
        Clock Edge:+    1000            0     
       Src Latency:+       0            0     
       Net Latency:+       0 (I)        0 (I) 
           Arrival:=    1000            0     
                                              
             Setup:-      13                  
       Uncertainty:-     100                  
     Required Time:=     887                  
      Launch Clock:-       0                  
         Data Path:-    1401                  
             Slack:=    -514                  

#--------------------------------------------------------------------------------------------------------------------------------------------
#                   Timing Point                    Flags    Arc    Edge           Cell             Fanout Load Trans Delay Arrival Instance 
#                                                                                                          (fF)  (ps)  (ps)   (ps)  Location 
#--------------------------------------------------------------------------------------------------------------------------------------------
  PIPE_OUT_col1_stage_reg_reg[0][6]/CLK             -       -       R     (arrival)                   1135    -     0     0       0    (-,-) 
  PIPE_OUT_col1_stage_reg_reg[0][6]/QN              -       CLK->QN R     ASYNC_DFFHx1_ASAP7_75t_SL      2  1.8    34    54      54    (-,-) 
  g62601/Y                                          -       B1->Y   F     AOI22x1_ASAP7_75t_SL           4  3.0    62    18      72    (-,-) 
  g61903/Y                                          -       B2->Y   R     AOI22xp5_ASAP7_75t_SL          1  0.8    39    24      96    (-,-) 
  g61800__9315/Y                                    -       B->Y    R     OR2x2_ASAP7_75t_SL             1  0.9    12    22     118    (-,-) 
  g61766__9315/Y                                    -       B->Y    F     OAI21xp5_ASAP7_75t_SL          1  0.8    30    11     129    (-,-) 
  g61723__1881/Y                                    -       B->Y    R     AOI21xp5_ASAP7_75t_SL          1  0.9    31    19     148    (-,-) 
  g61712__6783/Y                                    -       A2->Y   F     OAI21xp5_ASAP7_75t_SL          1  0.8    24    14     162    (-,-) 
  g61646__6161/Y                                    -       A1->Y   F     AO331x2_ASAP7_75t_SL           2  2.3    24    41     203    (-,-) 
  g61643/Y                                          -       A->Y    F     BUFx5_ASAP7_75t_SL            11  8.4    22    31     234    (-,-) 
  g61641/Y                                          -       A->Y    R     INVx1_ASAP7_75t_SL             2  1.6    22    15     248    (-,-) 
  g61475__4319/Y                                    -       A2->Y   R     AO22x2_ASAP7_75t_SL            2  3.2    25    29     277    (-,-) 
  g61395/Y                                          -       A->Y    F     INVx2_ASAP7_75t_SL             2  2.6    16    11     288    (-,-) 
  g61191__5477/Y                                    -       B->Y    R     NAND4xp75_ASAP7_75t_SL         2  2.4    32    15     303    (-,-) 
  g61185__6417/Y                                    -       A->Y    F     NOR2x1p5_ASAP7_75t_SL          2  1.5    20    13     316    (-,-) 
  g63166/Y                                          -       B->Y    F     AND2x2_ASAP7_75t_SL            1  1.8    14    23     339    (-,-) 
  g61147__6260/Y                                    -       B->Y    F     XOR2x1_ASAP7_75t_SL            3  2.7    31    27     366    (-,-) 
  g61124/Y                                          -       A->Y    F     BUFx6f_ASAP7_75t_SL            8 10.5    19    26     392    (-,-) 
  g61127/Y                                          -       A->Y    R     INVx8_ASAP7_75t_SL            11 10.9    20    13     405    (-,-) 
  g60996__8428/Y                                    -       A->Y    R     AND2x4_ASAP7_75t_SL            4  3.1    15    19     424    (-,-) 
  g60846__1705/Y                                    -       A1->Y   F     AOI22xp5_ASAP7_75t_SL          1  1.8    42    17     442    (-,-) 
  g60791__9315/Y                                    -       B->Y    R     NAND2x1p5_ASAP7_75t_SL         2  2.2    32    19     461    (-,-) 
  g60769/Y                                          -       A->Y    F     INVx2_ASAP7_75t_SL             3  3.9    22    14     475    (-,-) 
  g60666__1881/Y                                    -       A1->Y   R     OAI22x1_ASAP7_75t_SL           1  1.8    35    17     492    (-,-) 
  g60615__6260/Y                                    -       A->Y    F     NOR2x1p5_ASAP7_75t_SL          1  1.8    22    15     507    (-,-) 
  g60540__5122/Y                                    -       A->Y    F     XOR2x1_ASAP7_75t_SL            3  3.1    40    29     535    (-,-) 
  addinc_FP32_ALU_col1_fracAdder_add_113_18_g954/Y  -       B->Y    F     AND2x2_ASAP7_75t_SL            3  1.8    17    27     562    (-,-) 
  addinc_FP32_ALU_col1_fracAdder_add_113_18_g844/Y  -       A2->Y   R     AOI21xp5_ASAP7_75t_SL          1  0.9    27    16     578    (-,-) 
  addinc_FP32_ALU_col1_fracAdder_add_113_18_g805/Y  -       B->Y    F     OAI21xp5_ASAP7_75t_SL          2  1.6    31    17     595    (-,-) 
  addinc_FP32_ALU_col1_fracAdder_add_113_18_g778/Y  -       A1->Y   R     AOI21xp5_ASAP7_75t_SL          1  0.9    32    17     612    (-,-) 
  addinc_FP32_ALU_col1_fracAdder_add_113_18_g764/Y  -       B->Y    F     OAI21xp5_ASAP7_75t_SL          1  1.5    30    17     629    (-,-) 
  addinc_FP32_ALU_col1_fracAdder_add_113_18_fopt3/Y -       A->Y    F     BUFx6f_ASAP7_75t_SL            6  5.9    14    23     652    (-,-) 
  addinc_FP32_ALU_col1_fracAdder_add_113_18_fopt2/Y -       A->Y    R     INVx3_ASAP7_75t_SL             6  5.0    21    13     665    (-,-) 
  addinc_FP32_ALU_col1_fracAdder_add_113_18_g739/Y  -       A1->Y   F     OAI21xp5_ASAP7_75t_SL          1  1.2    26    15     680    (-,-) 
  addinc_FP32_ALU_col1_fracAdder_add_113_18_g731/Y  -       B->Y    F     XOR2xp5_ASAP7_75t_SL           2  2.3    46    27     708    (-,-) 
  g50558/Y                                          -       B->Y    R     NOR4xp75_ASAP7_75t_SL          1  1.3    44    25     732    (-,-) 
  g49807/Y                                          -       B->Y    R     AND3x4_ASAP7_75t_SL            9  9.9    34    38     770    (-,-) 
  g49779/Y                                          -       A2->Y   F     AOI21x1_ASAP7_75t_SL           2  2.4    29    14     784    (-,-) 
  g49750/Y                                          -       D->Y    R     NAND4xp75_ASAP7_75t_SL         1  2.2    31    19     803    (-,-) 
  g49743/Y                                          -       A->Y    F     NOR2x2_ASAP7_75t_SL            5  5.0    30    21     824    (-,-) 
  g49735/Y                                          -       B->Y    R     NAND2xp5_ASAP7_75t_SL          1  1.8    39    23     847    (-,-) 
  g49696/Y                                          -       C->Y    F     NAND4xp75_ASAP7_75t_SL         4  4.8    58    29     876    (-,-) 
  g49695/Y                                          -       A->Y    R     INVx2_ASAP7_75t_SL             2  2.5    29    18     894    (-,-) 
  g49679/Y                                          -       A2->Y   F     AOI21x1_ASAP7_75t_SL           1  1.8    23    12     906    (-,-) 
  g49667/Y                                          -       A->Y    R     NAND2x1p5_ASAP7_75t_SL         3  3.4    31    20     926    (-,-) 
  g49645/Y                                          -       A1->Y   F     OAI21xp5_ASAP7_75t_SL          1  0.9    36    15     941    (-,-) 
  g49633/Y                                          -       A1->Y   F     OA21x2_ASAP7_75t_SL            5  5.2    27    34     975    (-,-) 
  g49630/Y                                          -       A->Y    R     INVx3_ASAP7_75t_SL             3  2.6    17    11     987    (-,-) 
  g49569/Y                                          -       B->Y    F     NAND2x1_ASAP7_75t_SL           1  1.3    22    10     996    (-,-) 
  g49527/Y                                          -       B->Y    F     AND2x4_ASAP7_75t_SL           20 16.6    36    34    1031    (-,-) 
  g49510/Y                                          -       A->Y    F     BUFx6f_ASAP7_75t_SL            8  5.6    14    24    1055    (-,-) 
  g49379/Y                                          -       A2->Y   R     AOI22xp5_ASAP7_75t_SL          2  1.6    49    22    1077    (-,-) 
  g49222/Y                                          -       B2->Y   R     OA22x2_ASAP7_75t_SL            2  2.0    18    25    1102    (-,-) 
  g49093/Y                                          -       A1->Y   F     OAI22x1_ASAP7_75t_SL           2  1.5    32    14    1116    (-,-) 
  g48976/Y                                          -       B1->Y   R     AOI22xp5_ASAP7_75t_SL          1  1.8    50    29    1144    (-,-) 
  g48908/Y                                          -       B->Y    F     NAND2x1p5_ASAP7_75t_SL         2  2.1    25    12    1156    (-,-) 
  g48819/Y                                          -       B->Y    R     NAND3x1_ASAP7_75t_SL           1  1.8    37    22    1179    (-,-) 
  g48793/Y                                          -       A->Y    F     NOR4xp75_ASAP7_75t_SL          2  1.8    23    12    1191    (-,-) 
  g48769/Y                                          -       B->Y    F     AND2x4_ASAP7_75t_SL            4  4.9    16    24    1215    (-,-) 
  g48742/Y                                          -       B->Y    R     NAND2x2_ASAP7_75t_SL           3  4.1    31    17    1232    (-,-) 
  g48696/Y                                          -       B->Y    F     NOR2x1p5_ASAP7_75t_SL          2  2.4    26    14    1246    (-,-) 
  g48668/Y                                          -       B->Y    F     AND2x4_ASAP7_75t_SL            2  2.9    14    22    1269    (-,-) 
  g63177/Y                                          -       B->Y    F     XNOR2xp5_ASAP7_75t_SL          2  1.9    34    27    1296    (-,-) 
  g48595/Y                                          -       B->Y    R     NOR2x1_ASAP7_75t_SL            1  1.8    30    17    1314    (-,-) 
  g48582/Y                                          -       C->Y    F     NAND4xp75_ASAP7_75t_SL         1  1.3    30    16    1330    (-,-) 
  g48577/Y                                          -       A2->Y   R     AOI21x1_ASAP7_75t_SL           1  2.6    60    21    1350    (-,-) 
  g48576/Y                                          -       A->Y    R     BUFx12f_ASAP7_75t_SL           7 11.8    19    25    1375    (-,-) 
  g48575/Y                                          -       A->Y    F     INVx8_ASAP7_75t_SL            20 13.5    18    12    1387    (-,-) 
  g48517/Y                                          -       B->Y    R     NAND2xp5_ASAP7_75t_SL          1  0.9    23    14    1401    (-,-) 
  PIPE_OUT_col1_stage_reg_reg[0][11]/D              -       -       R     ASYNC_DFFHx1_ASAP7_75t_SL      1    -     -     0    1401    (-,-) 
#--------------------------------------------------------------------------------------------------------------------------------------------



Path 38: VIOLATED (-514 ps) Setup Check with Pin PIPE_OUT_col1_stage_reg_reg[0][9]/CLK->D
           View: PVT_0P63V_100C.setup_view
          Group: clk
     Startpoint: (R) PIPE_OUT_col1_stage_reg_reg[0][6]/CLK
          Clock: (R) clk
       Endpoint: (R) PIPE_OUT_col1_stage_reg_reg[0][9]/D
          Clock: (R) clk

                     Capture       Launch     
        Clock Edge:+    1000            0     
       Src Latency:+       0            0     
       Net Latency:+       0 (I)        0 (I) 
           Arrival:=    1000            0     
                                              
             Setup:-      13                  
       Uncertainty:-     100                  
     Required Time:=     887                  
      Launch Clock:-       0                  
         Data Path:-    1401                  
             Slack:=    -514                  

#--------------------------------------------------------------------------------------------------------------------------------------------
#                   Timing Point                    Flags    Arc    Edge           Cell             Fanout Load Trans Delay Arrival Instance 
#                                                                                                          (fF)  (ps)  (ps)   (ps)  Location 
#--------------------------------------------------------------------------------------------------------------------------------------------
  PIPE_OUT_col1_stage_reg_reg[0][6]/CLK             -       -       R     (arrival)                   1135    -     0     0       0    (-,-) 
  PIPE_OUT_col1_stage_reg_reg[0][6]/QN              -       CLK->QN R     ASYNC_DFFHx1_ASAP7_75t_SL      2  1.8    34    54      54    (-,-) 
  g62601/Y                                          -       B1->Y   F     AOI22x1_ASAP7_75t_SL           4  3.0    62    18      72    (-,-) 
  g61903/Y                                          -       B2->Y   R     AOI22xp5_ASAP7_75t_SL          1  0.8    39    24      96    (-,-) 
  g61800__9315/Y                                    -       B->Y    R     OR2x2_ASAP7_75t_SL             1  0.9    12    22     118    (-,-) 
  g61766__9315/Y                                    -       B->Y    F     OAI21xp5_ASAP7_75t_SL          1  0.8    30    11     129    (-,-) 
  g61723__1881/Y                                    -       B->Y    R     AOI21xp5_ASAP7_75t_SL          1  0.9    31    19     148    (-,-) 
  g61712__6783/Y                                    -       A2->Y   F     OAI21xp5_ASAP7_75t_SL          1  0.8    24    14     162    (-,-) 
  g61646__6161/Y                                    -       A1->Y   F     AO331x2_ASAP7_75t_SL           2  2.3    24    41     203    (-,-) 
  g61643/Y                                          -       A->Y    F     BUFx5_ASAP7_75t_SL            11  8.4    22    31     234    (-,-) 
  g61641/Y                                          -       A->Y    R     INVx1_ASAP7_75t_SL             2  1.6    22    15     248    (-,-) 
  g61475__4319/Y                                    -       A2->Y   R     AO22x2_ASAP7_75t_SL            2  3.2    25    29     277    (-,-) 
  g61395/Y                                          -       A->Y    F     INVx2_ASAP7_75t_SL             2  2.6    16    11     288    (-,-) 
  g61191__5477/Y                                    -       B->Y    R     NAND4xp75_ASAP7_75t_SL         2  2.4    32    15     303    (-,-) 
  g61185__6417/Y                                    -       A->Y    F     NOR2x1p5_ASAP7_75t_SL          2  1.5    20    13     316    (-,-) 
  g63166/Y                                          -       B->Y    F     AND2x2_ASAP7_75t_SL            1  1.8    14    23     339    (-,-) 
  g61147__6260/Y                                    -       B->Y    F     XOR2x1_ASAP7_75t_SL            3  2.7    31    27     366    (-,-) 
  g61124/Y                                          -       A->Y    F     BUFx6f_ASAP7_75t_SL            8 10.5    19    26     392    (-,-) 
  g61127/Y                                          -       A->Y    R     INVx8_ASAP7_75t_SL            11 10.9    20    13     405    (-,-) 
  g60996__8428/Y                                    -       A->Y    R     AND2x4_ASAP7_75t_SL            4  3.1    15    19     424    (-,-) 
  g60846__1705/Y                                    -       A1->Y   F     AOI22xp5_ASAP7_75t_SL          1  1.8    42    17     442    (-,-) 
  g60791__9315/Y                                    -       B->Y    R     NAND2x1p5_ASAP7_75t_SL         2  2.2    32    19     461    (-,-) 
  g60769/Y                                          -       A->Y    F     INVx2_ASAP7_75t_SL             3  3.9    22    14     475    (-,-) 
  g60666__1881/Y                                    -       A1->Y   R     OAI22x1_ASAP7_75t_SL           1  1.8    35    17     492    (-,-) 
  g60615__6260/Y                                    -       A->Y    F     NOR2x1p5_ASAP7_75t_SL          1  1.8    22    15     507    (-,-) 
  g60540__5122/Y                                    -       A->Y    F     XOR2x1_ASAP7_75t_SL            3  3.1    40    29     535    (-,-) 
  addinc_FP32_ALU_col1_fracAdder_add_113_18_g954/Y  -       B->Y    F     AND2x2_ASAP7_75t_SL            3  1.8    17    27     562    (-,-) 
  addinc_FP32_ALU_col1_fracAdder_add_113_18_g844/Y  -       A2->Y   R     AOI21xp5_ASAP7_75t_SL          1  0.9    27    16     578    (-,-) 
  addinc_FP32_ALU_col1_fracAdder_add_113_18_g805/Y  -       B->Y    F     OAI21xp5_ASAP7_75t_SL          2  1.6    31    17     595    (-,-) 
  addinc_FP32_ALU_col1_fracAdder_add_113_18_g778/Y  -       A1->Y   R     AOI21xp5_ASAP7_75t_SL          1  0.9    32    17     612    (-,-) 
  addinc_FP32_ALU_col1_fracAdder_add_113_18_g764/Y  -       B->Y    F     OAI21xp5_ASAP7_75t_SL          1  1.5    30    17     629    (-,-) 
  addinc_FP32_ALU_col1_fracAdder_add_113_18_fopt3/Y -       A->Y    F     BUFx6f_ASAP7_75t_SL            6  5.9    14    23     652    (-,-) 
  addinc_FP32_ALU_col1_fracAdder_add_113_18_fopt2/Y -       A->Y    R     INVx3_ASAP7_75t_SL             6  5.0    21    13     665    (-,-) 
  addinc_FP32_ALU_col1_fracAdder_add_113_18_g739/Y  -       A1->Y   F     OAI21xp5_ASAP7_75t_SL          1  1.2    26    15     680    (-,-) 
  addinc_FP32_ALU_col1_fracAdder_add_113_18_g731/Y  -       B->Y    F     XOR2xp5_ASAP7_75t_SL           2  2.3    46    27     708    (-,-) 
  g50558/Y                                          -       B->Y    R     NOR4xp75_ASAP7_75t_SL          1  1.3    44    25     732    (-,-) 
  g49807/Y                                          -       B->Y    R     AND3x4_ASAP7_75t_SL            9  9.9    34    38     770    (-,-) 
  g49779/Y                                          -       A2->Y   F     AOI21x1_ASAP7_75t_SL           2  2.4    29    14     784    (-,-) 
  g49750/Y                                          -       D->Y    R     NAND4xp75_ASAP7_75t_SL         1  2.2    31    19     803    (-,-) 
  g49743/Y                                          -       A->Y    F     NOR2x2_ASAP7_75t_SL            5  5.0    30    21     824    (-,-) 
  g49735/Y                                          -       B->Y    R     NAND2xp5_ASAP7_75t_SL          1  1.8    39    23     847    (-,-) 
  g49696/Y                                          -       C->Y    F     NAND4xp75_ASAP7_75t_SL         4  4.8    58    29     876    (-,-) 
  g49695/Y                                          -       A->Y    R     INVx2_ASAP7_75t_SL             2  2.5    29    18     894    (-,-) 
  g49679/Y                                          -       A2->Y   F     AOI21x1_ASAP7_75t_SL           1  1.8    23    12     906    (-,-) 
  g49667/Y                                          -       A->Y    R     NAND2x1p5_ASAP7_75t_SL         3  3.4    31    20     926    (-,-) 
  g49645/Y                                          -       A1->Y   F     OAI21xp5_ASAP7_75t_SL          1  0.9    36    15     941    (-,-) 
  g49633/Y                                          -       A1->Y   F     OA21x2_ASAP7_75t_SL            5  5.2    27    34     975    (-,-) 
  g49630/Y                                          -       A->Y    R     INVx3_ASAP7_75t_SL             3  2.6    17    11     987    (-,-) 
  g49569/Y                                          -       B->Y    F     NAND2x1_ASAP7_75t_SL           1  1.3    22    10     996    (-,-) 
  g49527/Y                                          -       B->Y    F     AND2x4_ASAP7_75t_SL           20 16.6    36    34    1031    (-,-) 
  g49510/Y                                          -       A->Y    F     BUFx6f_ASAP7_75t_SL            8  5.6    14    24    1055    (-,-) 
  g49379/Y                                          -       A2->Y   R     AOI22xp5_ASAP7_75t_SL          2  1.6    49    22    1077    (-,-) 
  g49222/Y                                          -       B2->Y   R     OA22x2_ASAP7_75t_SL            2  2.0    18    25    1102    (-,-) 
  g49093/Y                                          -       A1->Y   F     OAI22x1_ASAP7_75t_SL           2  1.5    32    14    1116    (-,-) 
  g48976/Y                                          -       B1->Y   R     AOI22xp5_ASAP7_75t_SL          1  1.8    50    29    1144    (-,-) 
  g48908/Y                                          -       B->Y    F     NAND2x1p5_ASAP7_75t_SL         2  2.1    25    12    1156    (-,-) 
  g48819/Y                                          -       B->Y    R     NAND3x1_ASAP7_75t_SL           1  1.8    37    22    1179    (-,-) 
  g48793/Y                                          -       A->Y    F     NOR4xp75_ASAP7_75t_SL          2  1.8    23    12    1191    (-,-) 
  g48769/Y                                          -       B->Y    F     AND2x4_ASAP7_75t_SL            4  4.9    16    24    1215    (-,-) 
  g48742/Y                                          -       B->Y    R     NAND2x2_ASAP7_75t_SL           3  4.1    31    17    1232    (-,-) 
  g48696/Y                                          -       B->Y    F     NOR2x1p5_ASAP7_75t_SL          2  2.4    26    14    1246    (-,-) 
  g48668/Y                                          -       B->Y    F     AND2x4_ASAP7_75t_SL            2  2.9    14    22    1269    (-,-) 
  g63177/Y                                          -       B->Y    F     XNOR2xp5_ASAP7_75t_SL          2  1.9    34    27    1296    (-,-) 
  g48595/Y                                          -       B->Y    R     NOR2x1_ASAP7_75t_SL            1  1.8    30    17    1314    (-,-) 
  g48582/Y                                          -       C->Y    F     NAND4xp75_ASAP7_75t_SL         1  1.3    30    16    1330    (-,-) 
  g48577/Y                                          -       A2->Y   R     AOI21x1_ASAP7_75t_SL           1  2.6    60    21    1350    (-,-) 
  g48576/Y                                          -       A->Y    R     BUFx12f_ASAP7_75t_SL           7 11.8    19    25    1375    (-,-) 
  g48575/Y                                          -       A->Y    F     INVx8_ASAP7_75t_SL            20 13.5    18    12    1387    (-,-) 
  g48515/Y                                          -       B->Y    R     NAND2xp5_ASAP7_75t_SL          1  0.9    24    14    1401    (-,-) 
  PIPE_OUT_col1_stage_reg_reg[0][9]/D               -       -       R     ASYNC_DFFHx1_ASAP7_75t_SL      1    -     -     0    1401    (-,-) 
#--------------------------------------------------------------------------------------------------------------------------------------------



Path 39: VIOLATED (-514 ps) Setup Check with Pin PIPE_OUT_col1_stage_reg_reg[0][8]/CLK->D
           View: PVT_0P63V_100C.setup_view
          Group: clk
     Startpoint: (R) PIPE_OUT_col1_stage_reg_reg[0][6]/CLK
          Clock: (R) clk
       Endpoint: (R) PIPE_OUT_col1_stage_reg_reg[0][8]/D
          Clock: (R) clk

                     Capture       Launch     
        Clock Edge:+    1000            0     
       Src Latency:+       0            0     
       Net Latency:+       0 (I)        0 (I) 
           Arrival:=    1000            0     
                                              
             Setup:-      13                  
       Uncertainty:-     100                  
     Required Time:=     887                  
      Launch Clock:-       0                  
         Data Path:-    1401                  
             Slack:=    -514                  

#--------------------------------------------------------------------------------------------------------------------------------------------
#                   Timing Point                    Flags    Arc    Edge           Cell             Fanout Load Trans Delay Arrival Instance 
#                                                                                                          (fF)  (ps)  (ps)   (ps)  Location 
#--------------------------------------------------------------------------------------------------------------------------------------------
  PIPE_OUT_col1_stage_reg_reg[0][6]/CLK             -       -       R     (arrival)                   1135    -     0     0       0    (-,-) 
  PIPE_OUT_col1_stage_reg_reg[0][6]/QN              -       CLK->QN R     ASYNC_DFFHx1_ASAP7_75t_SL      2  1.8    34    54      54    (-,-) 
  g62601/Y                                          -       B1->Y   F     AOI22x1_ASAP7_75t_SL           4  3.0    62    18      72    (-,-) 
  g61903/Y                                          -       B2->Y   R     AOI22xp5_ASAP7_75t_SL          1  0.8    39    24      96    (-,-) 
  g61800__9315/Y                                    -       B->Y    R     OR2x2_ASAP7_75t_SL             1  0.9    12    22     118    (-,-) 
  g61766__9315/Y                                    -       B->Y    F     OAI21xp5_ASAP7_75t_SL          1  0.8    30    11     129    (-,-) 
  g61723__1881/Y                                    -       B->Y    R     AOI21xp5_ASAP7_75t_SL          1  0.9    31    19     148    (-,-) 
  g61712__6783/Y                                    -       A2->Y   F     OAI21xp5_ASAP7_75t_SL          1  0.8    24    14     162    (-,-) 
  g61646__6161/Y                                    -       A1->Y   F     AO331x2_ASAP7_75t_SL           2  2.3    24    41     203    (-,-) 
  g61643/Y                                          -       A->Y    F     BUFx5_ASAP7_75t_SL            11  8.4    22    31     234    (-,-) 
  g61641/Y                                          -       A->Y    R     INVx1_ASAP7_75t_SL             2  1.6    22    15     248    (-,-) 
  g61475__4319/Y                                    -       A2->Y   R     AO22x2_ASAP7_75t_SL            2  3.2    25    29     277    (-,-) 
  g61395/Y                                          -       A->Y    F     INVx2_ASAP7_75t_SL             2  2.6    16    11     288    (-,-) 
  g61191__5477/Y                                    -       B->Y    R     NAND4xp75_ASAP7_75t_SL         2  2.4    32    15     303    (-,-) 
  g61185__6417/Y                                    -       A->Y    F     NOR2x1p5_ASAP7_75t_SL          2  1.5    20    13     316    (-,-) 
  g63166/Y                                          -       B->Y    F     AND2x2_ASAP7_75t_SL            1  1.8    14    23     339    (-,-) 
  g61147__6260/Y                                    -       B->Y    F     XOR2x1_ASAP7_75t_SL            3  2.7    31    27     366    (-,-) 
  g61124/Y                                          -       A->Y    F     BUFx6f_ASAP7_75t_SL            8 10.5    19    26     392    (-,-) 
  g61127/Y                                          -       A->Y    R     INVx8_ASAP7_75t_SL            11 10.9    20    13     405    (-,-) 
  g60996__8428/Y                                    -       A->Y    R     AND2x4_ASAP7_75t_SL            4  3.1    15    19     424    (-,-) 
  g60846__1705/Y                                    -       A1->Y   F     AOI22xp5_ASAP7_75t_SL          1  1.8    42    17     442    (-,-) 
  g60791__9315/Y                                    -       B->Y    R     NAND2x1p5_ASAP7_75t_SL         2  2.2    32    19     461    (-,-) 
  g60769/Y                                          -       A->Y    F     INVx2_ASAP7_75t_SL             3  3.9    22    14     475    (-,-) 
  g60666__1881/Y                                    -       A1->Y   R     OAI22x1_ASAP7_75t_SL           1  1.8    35    17     492    (-,-) 
  g60615__6260/Y                                    -       A->Y    F     NOR2x1p5_ASAP7_75t_SL          1  1.8    22    15     507    (-,-) 
  g60540__5122/Y                                    -       A->Y    F     XOR2x1_ASAP7_75t_SL            3  3.1    40    29     535    (-,-) 
  addinc_FP32_ALU_col1_fracAdder_add_113_18_g954/Y  -       B->Y    F     AND2x2_ASAP7_75t_SL            3  1.8    17    27     562    (-,-) 
  addinc_FP32_ALU_col1_fracAdder_add_113_18_g844/Y  -       A2->Y   R     AOI21xp5_ASAP7_75t_SL          1  0.9    27    16     578    (-,-) 
  addinc_FP32_ALU_col1_fracAdder_add_113_18_g805/Y  -       B->Y    F     OAI21xp5_ASAP7_75t_SL          2  1.6    31    17     595    (-,-) 
  addinc_FP32_ALU_col1_fracAdder_add_113_18_g778/Y  -       A1->Y   R     AOI21xp5_ASAP7_75t_SL          1  0.9    32    17     612    (-,-) 
  addinc_FP32_ALU_col1_fracAdder_add_113_18_g764/Y  -       B->Y    F     OAI21xp5_ASAP7_75t_SL          1  1.5    30    17     629    (-,-) 
  addinc_FP32_ALU_col1_fracAdder_add_113_18_fopt3/Y -       A->Y    F     BUFx6f_ASAP7_75t_SL            6  5.9    14    23     652    (-,-) 
  addinc_FP32_ALU_col1_fracAdder_add_113_18_fopt2/Y -       A->Y    R     INVx3_ASAP7_75t_SL             6  5.0    21    13     665    (-,-) 
  addinc_FP32_ALU_col1_fracAdder_add_113_18_g739/Y  -       A1->Y   F     OAI21xp5_ASAP7_75t_SL          1  1.2    26    15     680    (-,-) 
  addinc_FP32_ALU_col1_fracAdder_add_113_18_g731/Y  -       B->Y    F     XOR2xp5_ASAP7_75t_SL           2  2.3    46    27     708    (-,-) 
  g50558/Y                                          -       B->Y    R     NOR4xp75_ASAP7_75t_SL          1  1.3    44    25     732    (-,-) 
  g49807/Y                                          -       B->Y    R     AND3x4_ASAP7_75t_SL            9  9.9    34    38     770    (-,-) 
  g49779/Y                                          -       A2->Y   F     AOI21x1_ASAP7_75t_SL           2  2.4    29    14     784    (-,-) 
  g49750/Y                                          -       D->Y    R     NAND4xp75_ASAP7_75t_SL         1  2.2    31    19     803    (-,-) 
  g49743/Y                                          -       A->Y    F     NOR2x2_ASAP7_75t_SL            5  5.0    30    21     824    (-,-) 
  g49735/Y                                          -       B->Y    R     NAND2xp5_ASAP7_75t_SL          1  1.8    39    23     847    (-,-) 
  g49696/Y                                          -       C->Y    F     NAND4xp75_ASAP7_75t_SL         4  4.8    58    29     876    (-,-) 
  g49695/Y                                          -       A->Y    R     INVx2_ASAP7_75t_SL             2  2.5    29    18     894    (-,-) 
  g49679/Y                                          -       A2->Y   F     AOI21x1_ASAP7_75t_SL           1  1.8    23    12     906    (-,-) 
  g49667/Y                                          -       A->Y    R     NAND2x1p5_ASAP7_75t_SL         3  3.4    31    20     926    (-,-) 
  g49645/Y                                          -       A1->Y   F     OAI21xp5_ASAP7_75t_SL          1  0.9    36    15     941    (-,-) 
  g49633/Y                                          -       A1->Y   F     OA21x2_ASAP7_75t_SL            5  5.2    27    34     975    (-,-) 
  g49630/Y                                          -       A->Y    R     INVx3_ASAP7_75t_SL             3  2.6    17    11     987    (-,-) 
  g49569/Y                                          -       B->Y    F     NAND2x1_ASAP7_75t_SL           1  1.3    22    10     996    (-,-) 
  g49527/Y                                          -       B->Y    F     AND2x4_ASAP7_75t_SL           20 16.6    36    34    1031    (-,-) 
  g49510/Y                                          -       A->Y    F     BUFx6f_ASAP7_75t_SL            8  5.6    14    24    1055    (-,-) 
  g49379/Y                                          -       A2->Y   R     AOI22xp5_ASAP7_75t_SL          2  1.6    49    22    1077    (-,-) 
  g49222/Y                                          -       B2->Y   R     OA22x2_ASAP7_75t_SL            2  2.0    18    25    1102    (-,-) 
  g49093/Y                                          -       A1->Y   F     OAI22x1_ASAP7_75t_SL           2  1.5    32    14    1116    (-,-) 
  g48976/Y                                          -       B1->Y   R     AOI22xp5_ASAP7_75t_SL          1  1.8    50    29    1144    (-,-) 
  g48908/Y                                          -       B->Y    F     NAND2x1p5_ASAP7_75t_SL         2  2.1    25    12    1156    (-,-) 
  g48819/Y                                          -       B->Y    R     NAND3x1_ASAP7_75t_SL           1  1.8    37    22    1179    (-,-) 
  g48793/Y                                          -       A->Y    F     NOR4xp75_ASAP7_75t_SL          2  1.8    23    12    1191    (-,-) 
  g48769/Y                                          -       B->Y    F     AND2x4_ASAP7_75t_SL            4  4.9    16    24    1215    (-,-) 
  g48742/Y                                          -       B->Y    R     NAND2x2_ASAP7_75t_SL           3  4.1    31    17    1232    (-,-) 
  g48696/Y                                          -       B->Y    F     NOR2x1p5_ASAP7_75t_SL          2  2.4    26    14    1246    (-,-) 
  g48668/Y                                          -       B->Y    F     AND2x4_ASAP7_75t_SL            2  2.9    14    22    1269    (-,-) 
  g63177/Y                                          -       B->Y    F     XNOR2xp5_ASAP7_75t_SL          2  1.9    34    27    1296    (-,-) 
  g48595/Y                                          -       B->Y    R     NOR2x1_ASAP7_75t_SL            1  1.8    30    17    1314    (-,-) 
  g48582/Y                                          -       C->Y    F     NAND4xp75_ASAP7_75t_SL         1  1.3    30    16    1330    (-,-) 
  g48577/Y                                          -       A2->Y   R     AOI21x1_ASAP7_75t_SL           1  2.6    60    21    1350    (-,-) 
  g48576/Y                                          -       A->Y    R     BUFx12f_ASAP7_75t_SL           7 11.8    19    25    1375    (-,-) 
  g48575/Y                                          -       A->Y    F     INVx8_ASAP7_75t_SL            20 13.5    18    12    1387    (-,-) 
  g48532/Y                                          -       B->Y    R     NAND2xp5_ASAP7_75t_SL          1  0.9    23    14    1401    (-,-) 
  PIPE_OUT_col1_stage_reg_reg[0][8]/D               -       -       R     ASYNC_DFFHx1_ASAP7_75t_SL      1    -     -     0    1401    (-,-) 
#--------------------------------------------------------------------------------------------------------------------------------------------



Path 40: VIOLATED (-514 ps) Setup Check with Pin PIPE_OUT_col1_stage_reg_reg[0][19]/CLK->D
           View: PVT_0P63V_100C.setup_view
          Group: clk
     Startpoint: (R) PIPE_OUT_col1_stage_reg_reg[0][6]/CLK
          Clock: (R) clk
       Endpoint: (F) PIPE_OUT_col1_stage_reg_reg[0][19]/D
          Clock: (R) clk

                     Capture       Launch     
        Clock Edge:+    1000            0     
       Src Latency:+       0            0     
       Net Latency:+       0 (I)        0 (I) 
           Arrival:=    1000            0     
                                              
             Setup:-      18                  
       Uncertainty:-     100                  
     Required Time:=     882                  
      Launch Clock:-       0                  
         Data Path:-    1397                  
             Slack:=    -514                  

#--------------------------------------------------------------------------------------------------------------------------------------------
#                   Timing Point                    Flags    Arc    Edge           Cell             Fanout Load Trans Delay Arrival Instance 
#                                                                                                          (fF)  (ps)  (ps)   (ps)  Location 
#--------------------------------------------------------------------------------------------------------------------------------------------
  PIPE_OUT_col1_stage_reg_reg[0][6]/CLK             -       -       R     (arrival)                   1135    -     0     0       0    (-,-) 
  PIPE_OUT_col1_stage_reg_reg[0][6]/QN              -       CLK->QN R     ASYNC_DFFHx1_ASAP7_75t_SL      2  1.8    34    54      54    (-,-) 
  g62601/Y                                          -       B1->Y   F     AOI22x1_ASAP7_75t_SL           4  3.0    62    18      72    (-,-) 
  g61903/Y                                          -       B2->Y   R     AOI22xp5_ASAP7_75t_SL          1  0.8    39    24      96    (-,-) 
  g61800__9315/Y                                    -       B->Y    R     OR2x2_ASAP7_75t_SL             1  0.9    12    22     118    (-,-) 
  g61766__9315/Y                                    -       B->Y    F     OAI21xp5_ASAP7_75t_SL          1  0.8    30    11     129    (-,-) 
  g61723__1881/Y                                    -       B->Y    R     AOI21xp5_ASAP7_75t_SL          1  0.9    31    19     148    (-,-) 
  g61712__6783/Y                                    -       A2->Y   F     OAI21xp5_ASAP7_75t_SL          1  0.8    24    14     162    (-,-) 
  g61646__6161/Y                                    -       A1->Y   F     AO331x2_ASAP7_75t_SL           2  2.3    24    41     203    (-,-) 
  g61643/Y                                          -       A->Y    F     BUFx5_ASAP7_75t_SL            11  8.4    22    31     234    (-,-) 
  g61641/Y                                          -       A->Y    R     INVx1_ASAP7_75t_SL             2  1.6    22    15     248    (-,-) 
  g61475__4319/Y                                    -       A2->Y   R     AO22x2_ASAP7_75t_SL            2  3.2    25    29     277    (-,-) 
  g61395/Y                                          -       A->Y    F     INVx2_ASAP7_75t_SL             2  2.6    16    11     288    (-,-) 
  g61191__5477/Y                                    -       B->Y    R     NAND4xp75_ASAP7_75t_SL         2  2.4    32    15     303    (-,-) 
  g61185__6417/Y                                    -       A->Y    F     NOR2x1p5_ASAP7_75t_SL          2  1.5    20    13     316    (-,-) 
  g63166/Y                                          -       B->Y    F     AND2x2_ASAP7_75t_SL            1  1.8    14    23     339    (-,-) 
  g61147__6260/Y                                    -       B->Y    F     XOR2x1_ASAP7_75t_SL            3  2.7    31    27     366    (-,-) 
  g61124/Y                                          -       A->Y    F     BUFx6f_ASAP7_75t_SL            8 10.5    19    26     392    (-,-) 
  g61127/Y                                          -       A->Y    R     INVx8_ASAP7_75t_SL            11 10.9    20    13     405    (-,-) 
  g60996__8428/Y                                    -       A->Y    R     AND2x4_ASAP7_75t_SL            4  3.1    15    19     424    (-,-) 
  g60846__1705/Y                                    -       A1->Y   F     AOI22xp5_ASAP7_75t_SL          1  1.8    42    17     442    (-,-) 
  g60791__9315/Y                                    -       B->Y    R     NAND2x1p5_ASAP7_75t_SL         2  2.2    32    19     461    (-,-) 
  g60769/Y                                          -       A->Y    F     INVx2_ASAP7_75t_SL             3  3.9    22    14     475    (-,-) 
  g60666__1881/Y                                    -       A1->Y   R     OAI22x1_ASAP7_75t_SL           1  1.8    35    17     492    (-,-) 
  g60615__6260/Y                                    -       A->Y    F     NOR2x1p5_ASAP7_75t_SL          1  1.8    22    15     507    (-,-) 
  g60540__5122/Y                                    -       A->Y    F     XOR2x1_ASAP7_75t_SL            3  3.1    40    29     535    (-,-) 
  addinc_FP32_ALU_col1_fracAdder_add_113_18_g954/Y  -       B->Y    F     AND2x2_ASAP7_75t_SL            3  1.8    17    27     562    (-,-) 
  addinc_FP32_ALU_col1_fracAdder_add_113_18_g844/Y  -       A2->Y   R     AOI21xp5_ASAP7_75t_SL          1  0.9    27    16     578    (-,-) 
  addinc_FP32_ALU_col1_fracAdder_add_113_18_g805/Y  -       B->Y    F     OAI21xp5_ASAP7_75t_SL          2  1.6    31    17     595    (-,-) 
  addinc_FP32_ALU_col1_fracAdder_add_113_18_g778/Y  -       A1->Y   R     AOI21xp5_ASAP7_75t_SL          1  0.9    32    17     612    (-,-) 
  addinc_FP32_ALU_col1_fracAdder_add_113_18_g764/Y  -       B->Y    F     OAI21xp5_ASAP7_75t_SL          1  1.5    30    17     629    (-,-) 
  addinc_FP32_ALU_col1_fracAdder_add_113_18_fopt3/Y -       A->Y    F     BUFx6f_ASAP7_75t_SL            6  5.9    14    23     652    (-,-) 
  addinc_FP32_ALU_col1_fracAdder_add_113_18_fopt2/Y -       A->Y    R     INVx3_ASAP7_75t_SL             6  5.0    21    13     665    (-,-) 
  addinc_FP32_ALU_col1_fracAdder_add_113_18_g739/Y  -       A1->Y   F     OAI21xp5_ASAP7_75t_SL          1  1.2    26    15     680    (-,-) 
  addinc_FP32_ALU_col1_fracAdder_add_113_18_g731/Y  -       B->Y    F     XOR2xp5_ASAP7_75t_SL           2  2.3    46    27     708    (-,-) 
  g50558/Y                                          -       B->Y    R     NOR4xp75_ASAP7_75t_SL          1  1.3    44    25     732    (-,-) 
  g49807/Y                                          -       B->Y    R     AND3x4_ASAP7_75t_SL            9  9.9    34    38     770    (-,-) 
  g49779/Y                                          -       A2->Y   F     AOI21x1_ASAP7_75t_SL           2  2.4    29    14     784    (-,-) 
  g49750/Y                                          -       D->Y    R     NAND4xp75_ASAP7_75t_SL         1  2.2    31    19     803    (-,-) 
  g49743/Y                                          -       A->Y    F     NOR2x2_ASAP7_75t_SL            5  5.0    30    21     824    (-,-) 
  g49735/Y                                          -       B->Y    R     NAND2xp5_ASAP7_75t_SL          1  1.8    39    23     847    (-,-) 
  g49696/Y                                          -       C->Y    F     NAND4xp75_ASAP7_75t_SL         4  4.8    58    29     876    (-,-) 
  g49695/Y                                          -       A->Y    R     INVx2_ASAP7_75t_SL             2  2.5    29    18     894    (-,-) 
  g49679/Y                                          -       A2->Y   F     AOI21x1_ASAP7_75t_SL           1  1.8    23    12     906    (-,-) 
  g49667/Y                                          -       A->Y    R     NAND2x1p5_ASAP7_75t_SL         3  3.4    31    20     926    (-,-) 
  g49645/Y                                          -       A1->Y   F     OAI21xp5_ASAP7_75t_SL          1  0.9    36    15     941    (-,-) 
  g49633/Y                                          -       A1->Y   F     OA21x2_ASAP7_75t_SL            5  5.2    27    34     975    (-,-) 
  g49630/Y                                          -       A->Y    R     INVx3_ASAP7_75t_SL             3  2.6    17    11     987    (-,-) 
  g49621/Y                                          -       B->Y    R     AND2x2_ASAP7_75t_SL            3  2.9    20    24    1011    (-,-) 
  g49518/Y                                          -       A2->Y   F     AOI21x1_ASAP7_75t_SL           1  1.5    30    11    1021    (-,-) 
  g49484/Y                                          -       A->Y    R     INVx2_ASAP7_75t_SL             1  1.4    16    11    1032    (-,-) 
  g49423/Y                                          -       B->Y    F     AOI21x1_ASAP7_75t_SL           2  1.5    28    11    1043    (-,-) 
  g49338/Y                                          -       B->Y    F     OR2x2_ASAP7_75t_SL             3  3.7    22    31    1074    (-,-) 
  g49267/Y                                          -       B->Y    R     NAND2x1p5_ASAP7_75t_SL         2  2.4    30    16    1090    (-,-) 
  g49195/Y                                          -       A->Y    F     NAND2x1p5_ASAP7_75t_SL         2  1.4    23     8    1098    (-,-) 
  g49071/Y                                          -       A2->Y   R     OAI21xp5_ASAP7_75t_SL          2  1.8    43    25    1122    (-,-) 
  g48939/Y                                          -       A2->Y   F     AOI21x1_ASAP7_75t_SL           2  1.7    26    13    1135    (-,-) 
  g48914/Y                                          -       A->Y    F     BUFx3_ASAP7_75t_SL             1  1.8    12    21    1156    (-,-) 
  g48866/Y                                          -       B->Y    F     XOR2x1_ASAP7_75t_SL            2  1.5    25    24    1180    (-,-) 
  g48827/Y                                          -       A->Y    R     NAND3xp33_ASAP7_75t_SL         1  1.3    36    19    1199    (-,-) 
  g48792/Y                                          -       A->Y    F     NOR2x1_ASAP7_75t_SL            2  1.4    25    17    1216    (-,-) 
  g48748/Y                                          -       B->Y    R     NAND2xp5_ASAP7_75t_SL          1  0.8    21    15    1231    (-,-) 
  g48736/Y                                          -       B->Y    R     OR2x2_ASAP7_75t_SL             1  1.8    16    21    1252    (-,-) 
  g48672/Y                                          -       A->Y    F     NOR2x1p5_ASAP7_75t_SL          1  1.8    16    12    1264    (-,-) 
  g48633/Y                                          -       A->Y    R     NAND2x1p5_ASAP7_75t_SL         1  1.8    21    14    1278    (-,-) 
  g48602/Y                                          -       A->Y    R     XOR2x1_ASAP7_75t_SL            2  2.4    36    26    1304    (-,-) 
  g48587/Y                                          -       B->Y    F     NOR2x1p5_ASAP7_75t_SL          1  1.8    23    13    1317    (-,-) 
  g48582/Y                                          -       A->Y    R     NAND4xp75_ASAP7_75t_SL         1  1.3    28    12    1329    (-,-) 
  g48577/Y                                          -       A2->Y   F     AOI21x1_ASAP7_75t_SL           1  2.6    44    15    1344    (-,-) 
  g48576/Y                                          -       A->Y    F     BUFx12f_ASAP7_75t_SL           7 11.8    16    26    1370    (-,-) 
  g48575/Y                                          -       A->Y    R     INVx8_ASAP7_75t_SL            20 13.5    22    14    1384    (-,-) 
  g48534/Y                                          -       B->Y    F     OAI21xp5_ASAP7_75t_SL          1  0.9    27    12    1397    (-,-) 
  PIPE_OUT_col1_stage_reg_reg[0][19]/D              -       -       F     ASYNC_DFFHx1_ASAP7_75t_SL      1    -     -     0    1397    (-,-) 
#--------------------------------------------------------------------------------------------------------------------------------------------



Path 41: VIOLATED (-514 ps) Setup Check with Pin PIPE_OUT_col1_stage_reg_reg[0][16]/CLK->D
           View: PVT_0P63V_100C.setup_view
          Group: clk
     Startpoint: (R) PIPE_OUT_col1_stage_reg_reg[0][6]/CLK
          Clock: (R) clk
       Endpoint: (F) PIPE_OUT_col1_stage_reg_reg[0][16]/D
          Clock: (R) clk

                     Capture       Launch     
        Clock Edge:+    1000            0     
       Src Latency:+       0            0     
       Net Latency:+       0 (I)        0 (I) 
           Arrival:=    1000            0     
                                              
             Setup:-      18                  
       Uncertainty:-     100                  
     Required Time:=     882                  
      Launch Clock:-       0                  
         Data Path:-    1397                  
             Slack:=    -514                  

#--------------------------------------------------------------------------------------------------------------------------------------------
#                   Timing Point                    Flags    Arc    Edge           Cell             Fanout Load Trans Delay Arrival Instance 
#                                                                                                          (fF)  (ps)  (ps)   (ps)  Location 
#--------------------------------------------------------------------------------------------------------------------------------------------
  PIPE_OUT_col1_stage_reg_reg[0][6]/CLK             -       -       R     (arrival)                   1135    -     0     0       0    (-,-) 
  PIPE_OUT_col1_stage_reg_reg[0][6]/QN              -       CLK->QN R     ASYNC_DFFHx1_ASAP7_75t_SL      2  1.8    34    54      54    (-,-) 
  g62601/Y                                          -       B1->Y   F     AOI22x1_ASAP7_75t_SL           4  3.0    62    18      72    (-,-) 
  g61903/Y                                          -       B2->Y   R     AOI22xp5_ASAP7_75t_SL          1  0.8    39    24      96    (-,-) 
  g61800__9315/Y                                    -       B->Y    R     OR2x2_ASAP7_75t_SL             1  0.9    12    22     118    (-,-) 
  g61766__9315/Y                                    -       B->Y    F     OAI21xp5_ASAP7_75t_SL          1  0.8    30    11     129    (-,-) 
  g61723__1881/Y                                    -       B->Y    R     AOI21xp5_ASAP7_75t_SL          1  0.9    31    19     148    (-,-) 
  g61712__6783/Y                                    -       A2->Y   F     OAI21xp5_ASAP7_75t_SL          1  0.8    24    14     162    (-,-) 
  g61646__6161/Y                                    -       A1->Y   F     AO331x2_ASAP7_75t_SL           2  2.3    24    41     203    (-,-) 
  g61643/Y                                          -       A->Y    F     BUFx5_ASAP7_75t_SL            11  8.4    22    31     234    (-,-) 
  g61641/Y                                          -       A->Y    R     INVx1_ASAP7_75t_SL             2  1.6    22    15     248    (-,-) 
  g61475__4319/Y                                    -       A2->Y   R     AO22x2_ASAP7_75t_SL            2  3.2    25    29     277    (-,-) 
  g61395/Y                                          -       A->Y    F     INVx2_ASAP7_75t_SL             2  2.6    16    11     288    (-,-) 
  g61191__5477/Y                                    -       B->Y    R     NAND4xp75_ASAP7_75t_SL         2  2.4    32    15     303    (-,-) 
  g61185__6417/Y                                    -       A->Y    F     NOR2x1p5_ASAP7_75t_SL          2  1.5    20    13     316    (-,-) 
  g63166/Y                                          -       B->Y    F     AND2x2_ASAP7_75t_SL            1  1.8    14    23     339    (-,-) 
  g61147__6260/Y                                    -       B->Y    F     XOR2x1_ASAP7_75t_SL            3  2.7    31    27     366    (-,-) 
  g61124/Y                                          -       A->Y    F     BUFx6f_ASAP7_75t_SL            8 10.5    19    26     392    (-,-) 
  g61127/Y                                          -       A->Y    R     INVx8_ASAP7_75t_SL            11 10.9    20    13     405    (-,-) 
  g60996__8428/Y                                    -       A->Y    R     AND2x4_ASAP7_75t_SL            4  3.1    15    19     424    (-,-) 
  g60846__1705/Y                                    -       A1->Y   F     AOI22xp5_ASAP7_75t_SL          1  1.8    42    17     442    (-,-) 
  g60791__9315/Y                                    -       B->Y    R     NAND2x1p5_ASAP7_75t_SL         2  2.2    32    19     461    (-,-) 
  g60769/Y                                          -       A->Y    F     INVx2_ASAP7_75t_SL             3  3.9    22    14     475    (-,-) 
  g60666__1881/Y                                    -       A1->Y   R     OAI22x1_ASAP7_75t_SL           1  1.8    35    17     492    (-,-) 
  g60615__6260/Y                                    -       A->Y    F     NOR2x1p5_ASAP7_75t_SL          1  1.8    22    15     507    (-,-) 
  g60540__5122/Y                                    -       A->Y    F     XOR2x1_ASAP7_75t_SL            3  3.1    40    29     535    (-,-) 
  addinc_FP32_ALU_col1_fracAdder_add_113_18_g954/Y  -       B->Y    F     AND2x2_ASAP7_75t_SL            3  1.8    17    27     562    (-,-) 
  addinc_FP32_ALU_col1_fracAdder_add_113_18_g844/Y  -       A2->Y   R     AOI21xp5_ASAP7_75t_SL          1  0.9    27    16     578    (-,-) 
  addinc_FP32_ALU_col1_fracAdder_add_113_18_g805/Y  -       B->Y    F     OAI21xp5_ASAP7_75t_SL          2  1.6    31    17     595    (-,-) 
  addinc_FP32_ALU_col1_fracAdder_add_113_18_g778/Y  -       A1->Y   R     AOI21xp5_ASAP7_75t_SL          1  0.9    32    17     612    (-,-) 
  addinc_FP32_ALU_col1_fracAdder_add_113_18_g764/Y  -       B->Y    F     OAI21xp5_ASAP7_75t_SL          1  1.5    30    17     629    (-,-) 
  addinc_FP32_ALU_col1_fracAdder_add_113_18_fopt3/Y -       A->Y    F     BUFx6f_ASAP7_75t_SL            6  5.9    14    23     652    (-,-) 
  addinc_FP32_ALU_col1_fracAdder_add_113_18_fopt2/Y -       A->Y    R     INVx3_ASAP7_75t_SL             6  5.0    21    13     665    (-,-) 
  addinc_FP32_ALU_col1_fracAdder_add_113_18_g739/Y  -       A1->Y   F     OAI21xp5_ASAP7_75t_SL          1  1.2    26    15     680    (-,-) 
  addinc_FP32_ALU_col1_fracAdder_add_113_18_g731/Y  -       B->Y    F     XOR2xp5_ASAP7_75t_SL           2  2.3    46    27     708    (-,-) 
  g50558/Y                                          -       B->Y    R     NOR4xp75_ASAP7_75t_SL          1  1.3    44    25     732    (-,-) 
  g49807/Y                                          -       B->Y    R     AND3x4_ASAP7_75t_SL            9  9.9    34    38     770    (-,-) 
  g49779/Y                                          -       A2->Y   F     AOI21x1_ASAP7_75t_SL           2  2.4    29    14     784    (-,-) 
  g49750/Y                                          -       D->Y    R     NAND4xp75_ASAP7_75t_SL         1  2.2    31    19     803    (-,-) 
  g49743/Y                                          -       A->Y    F     NOR2x2_ASAP7_75t_SL            5  5.0    30    21     824    (-,-) 
  g49735/Y                                          -       B->Y    R     NAND2xp5_ASAP7_75t_SL          1  1.8    39    23     847    (-,-) 
  g49696/Y                                          -       C->Y    F     NAND4xp75_ASAP7_75t_SL         4  4.8    58    29     876    (-,-) 
  g49695/Y                                          -       A->Y    R     INVx2_ASAP7_75t_SL             2  2.5    29    18     894    (-,-) 
  g49679/Y                                          -       A2->Y   F     AOI21x1_ASAP7_75t_SL           1  1.8    23    12     906    (-,-) 
  g49667/Y                                          -       A->Y    R     NAND2x1p5_ASAP7_75t_SL         3  3.4    31    20     926    (-,-) 
  g49645/Y                                          -       A1->Y   F     OAI21xp5_ASAP7_75t_SL          1  0.9    36    15     941    (-,-) 
  g49633/Y                                          -       A1->Y   F     OA21x2_ASAP7_75t_SL            5  5.2    27    34     975    (-,-) 
  g49630/Y                                          -       A->Y    R     INVx3_ASAP7_75t_SL             3  2.6    17    11     987    (-,-) 
  g49621/Y                                          -       B->Y    R     AND2x2_ASAP7_75t_SL            3  2.9    20    24    1011    (-,-) 
  g49518/Y                                          -       A2->Y   F     AOI21x1_ASAP7_75t_SL           1  1.5    30    11    1021    (-,-) 
  g49484/Y                                          -       A->Y    R     INVx2_ASAP7_75t_SL             1  1.4    16    11    1032    (-,-) 
  g49423/Y                                          -       B->Y    F     AOI21x1_ASAP7_75t_SL           2  1.5    28    11    1043    (-,-) 
  g49338/Y                                          -       B->Y    F     OR2x2_ASAP7_75t_SL             3  3.7    22    31    1074    (-,-) 
  g49267/Y                                          -       B->Y    R     NAND2x1p5_ASAP7_75t_SL         2  2.4    30    16    1090    (-,-) 
  g49195/Y                                          -       A->Y    F     NAND2x1p5_ASAP7_75t_SL         2  1.4    23     8    1098    (-,-) 
  g49071/Y                                          -       A2->Y   R     OAI21xp5_ASAP7_75t_SL          2  1.8    43    25    1122    (-,-) 
  g48939/Y                                          -       A2->Y   F     AOI21x1_ASAP7_75t_SL           2  1.7    26    13    1135    (-,-) 
  g48914/Y                                          -       A->Y    F     BUFx3_ASAP7_75t_SL             1  1.8    12    21    1156    (-,-) 
  g48866/Y                                          -       B->Y    F     XOR2x1_ASAP7_75t_SL            2  1.5    25    24    1180    (-,-) 
  g48827/Y                                          -       A->Y    R     NAND3xp33_ASAP7_75t_SL         1  1.3    36    19    1199    (-,-) 
  g48792/Y                                          -       A->Y    F     NOR2x1_ASAP7_75t_SL            2  1.4    25    17    1216    (-,-) 
  g48748/Y                                          -       B->Y    R     NAND2xp5_ASAP7_75t_SL          1  0.8    21    15    1231    (-,-) 
  g48736/Y                                          -       B->Y    R     OR2x2_ASAP7_75t_SL             1  1.8    16    21    1252    (-,-) 
  g48672/Y                                          -       A->Y    F     NOR2x1p5_ASAP7_75t_SL          1  1.8    16    12    1264    (-,-) 
  g48633/Y                                          -       A->Y    R     NAND2x1p5_ASAP7_75t_SL         1  1.8    21    14    1278    (-,-) 
  g48602/Y                                          -       A->Y    R     XOR2x1_ASAP7_75t_SL            2  2.4    36    26    1304    (-,-) 
  g48587/Y                                          -       B->Y    F     NOR2x1p5_ASAP7_75t_SL          1  1.8    23    13    1317    (-,-) 
  g48582/Y                                          -       A->Y    R     NAND4xp75_ASAP7_75t_SL         1  1.3    28    12    1329    (-,-) 
  g48577/Y                                          -       A2->Y   F     AOI21x1_ASAP7_75t_SL           1  2.6    44    15    1344    (-,-) 
  g48576/Y                                          -       A->Y    F     BUFx12f_ASAP7_75t_SL           7 11.8    16    26    1370    (-,-) 
  g48575/Y                                          -       A->Y    R     INVx8_ASAP7_75t_SL            20 13.5    22    14    1384    (-,-) 
  g48530/Y                                          -       B->Y    F     OAI21xp5_ASAP7_75t_SL          1  0.9    28    12    1397    (-,-) 
  PIPE_OUT_col1_stage_reg_reg[0][16]/D              -       -       F     ASYNC_DFFHx1_ASAP7_75t_SL      1    -     -     0    1397    (-,-) 
#--------------------------------------------------------------------------------------------------------------------------------------------



Path 42: VIOLATED (-514 ps) Setup Check with Pin PIPE_OUT_col1_stage_reg_reg[0][5]/CLK->D
           View: PVT_0P63V_100C.setup_view
          Group: clk
     Startpoint: (R) PIPE_OUT_col1_stage_reg_reg[0][6]/CLK
          Clock: (R) clk
       Endpoint: (F) PIPE_OUT_col1_stage_reg_reg[0][5]/D
          Clock: (R) clk

                     Capture       Launch     
        Clock Edge:+    1000            0     
       Src Latency:+       0            0     
       Net Latency:+       0 (I)        0 (I) 
           Arrival:=    1000            0     
                                              
             Setup:-      18                  
       Uncertainty:-     100                  
     Required Time:=     882                  
      Launch Clock:-       0                  
         Data Path:-    1397                  
             Slack:=    -514                  

#--------------------------------------------------------------------------------------------------------------------------------------------
#                   Timing Point                    Flags    Arc    Edge           Cell             Fanout Load Trans Delay Arrival Instance 
#                                                                                                          (fF)  (ps)  (ps)   (ps)  Location 
#--------------------------------------------------------------------------------------------------------------------------------------------
  PIPE_OUT_col1_stage_reg_reg[0][6]/CLK             -       -       R     (arrival)                   1135    -     0     0       0    (-,-) 
  PIPE_OUT_col1_stage_reg_reg[0][6]/QN              -       CLK->QN R     ASYNC_DFFHx1_ASAP7_75t_SL      2  1.8    34    54      54    (-,-) 
  g62601/Y                                          -       B1->Y   F     AOI22x1_ASAP7_75t_SL           4  3.0    62    18      72    (-,-) 
  g61903/Y                                          -       B2->Y   R     AOI22xp5_ASAP7_75t_SL          1  0.8    39    24      96    (-,-) 
  g61800__9315/Y                                    -       B->Y    R     OR2x2_ASAP7_75t_SL             1  0.9    12    22     118    (-,-) 
  g61766__9315/Y                                    -       B->Y    F     OAI21xp5_ASAP7_75t_SL          1  0.8    30    11     129    (-,-) 
  g61723__1881/Y                                    -       B->Y    R     AOI21xp5_ASAP7_75t_SL          1  0.9    31    19     148    (-,-) 
  g61712__6783/Y                                    -       A2->Y   F     OAI21xp5_ASAP7_75t_SL          1  0.8    24    14     162    (-,-) 
  g61646__6161/Y                                    -       A1->Y   F     AO331x2_ASAP7_75t_SL           2  2.3    24    41     203    (-,-) 
  g61643/Y                                          -       A->Y    F     BUFx5_ASAP7_75t_SL            11  8.4    22    31     234    (-,-) 
  g61641/Y                                          -       A->Y    R     INVx1_ASAP7_75t_SL             2  1.6    22    15     248    (-,-) 
  g61475__4319/Y                                    -       A2->Y   R     AO22x2_ASAP7_75t_SL            2  3.2    25    29     277    (-,-) 
  g61395/Y                                          -       A->Y    F     INVx2_ASAP7_75t_SL             2  2.6    16    11     288    (-,-) 
  g61191__5477/Y                                    -       B->Y    R     NAND4xp75_ASAP7_75t_SL         2  2.4    32    15     303    (-,-) 
  g61185__6417/Y                                    -       A->Y    F     NOR2x1p5_ASAP7_75t_SL          2  1.5    20    13     316    (-,-) 
  g63166/Y                                          -       B->Y    F     AND2x2_ASAP7_75t_SL            1  1.8    14    23     339    (-,-) 
  g61147__6260/Y                                    -       B->Y    F     XOR2x1_ASAP7_75t_SL            3  2.7    31    27     366    (-,-) 
  g61124/Y                                          -       A->Y    F     BUFx6f_ASAP7_75t_SL            8 10.5    19    26     392    (-,-) 
  g61127/Y                                          -       A->Y    R     INVx8_ASAP7_75t_SL            11 10.9    20    13     405    (-,-) 
  g60996__8428/Y                                    -       A->Y    R     AND2x4_ASAP7_75t_SL            4  3.1    15    19     424    (-,-) 
  g60846__1705/Y                                    -       A1->Y   F     AOI22xp5_ASAP7_75t_SL          1  1.8    42    17     442    (-,-) 
  g60791__9315/Y                                    -       B->Y    R     NAND2x1p5_ASAP7_75t_SL         2  2.2    32    19     461    (-,-) 
  g60769/Y                                          -       A->Y    F     INVx2_ASAP7_75t_SL             3  3.9    22    14     475    (-,-) 
  g60666__1881/Y                                    -       A1->Y   R     OAI22x1_ASAP7_75t_SL           1  1.8    35    17     492    (-,-) 
  g60615__6260/Y                                    -       A->Y    F     NOR2x1p5_ASAP7_75t_SL          1  1.8    22    15     507    (-,-) 
  g60540__5122/Y                                    -       A->Y    F     XOR2x1_ASAP7_75t_SL            3  3.1    40    29     535    (-,-) 
  addinc_FP32_ALU_col1_fracAdder_add_113_18_g954/Y  -       B->Y    F     AND2x2_ASAP7_75t_SL            3  1.8    17    27     562    (-,-) 
  addinc_FP32_ALU_col1_fracAdder_add_113_18_g844/Y  -       A2->Y   R     AOI21xp5_ASAP7_75t_SL          1  0.9    27    16     578    (-,-) 
  addinc_FP32_ALU_col1_fracAdder_add_113_18_g805/Y  -       B->Y    F     OAI21xp5_ASAP7_75t_SL          2  1.6    31    17     595    (-,-) 
  addinc_FP32_ALU_col1_fracAdder_add_113_18_g778/Y  -       A1->Y   R     AOI21xp5_ASAP7_75t_SL          1  0.9    32    17     612    (-,-) 
  addinc_FP32_ALU_col1_fracAdder_add_113_18_g764/Y  -       B->Y    F     OAI21xp5_ASAP7_75t_SL          1  1.5    30    17     629    (-,-) 
  addinc_FP32_ALU_col1_fracAdder_add_113_18_fopt3/Y -       A->Y    F     BUFx6f_ASAP7_75t_SL            6  5.9    14    23     652    (-,-) 
  addinc_FP32_ALU_col1_fracAdder_add_113_18_fopt2/Y -       A->Y    R     INVx3_ASAP7_75t_SL             6  5.0    21    13     665    (-,-) 
  addinc_FP32_ALU_col1_fracAdder_add_113_18_g739/Y  -       A1->Y   F     OAI21xp5_ASAP7_75t_SL          1  1.2    26    15     680    (-,-) 
  addinc_FP32_ALU_col1_fracAdder_add_113_18_g731/Y  -       B->Y    F     XOR2xp5_ASAP7_75t_SL           2  2.3    46    27     708    (-,-) 
  g50558/Y                                          -       B->Y    R     NOR4xp75_ASAP7_75t_SL          1  1.3    44    25     732    (-,-) 
  g49807/Y                                          -       B->Y    R     AND3x4_ASAP7_75t_SL            9  9.9    34    38     770    (-,-) 
  g49779/Y                                          -       A2->Y   F     AOI21x1_ASAP7_75t_SL           2  2.4    29    14     784    (-,-) 
  g49750/Y                                          -       D->Y    R     NAND4xp75_ASAP7_75t_SL         1  2.2    31    19     803    (-,-) 
  g49743/Y                                          -       A->Y    F     NOR2x2_ASAP7_75t_SL            5  5.0    30    21     824    (-,-) 
  g49735/Y                                          -       B->Y    R     NAND2xp5_ASAP7_75t_SL          1  1.8    39    23     847    (-,-) 
  g49696/Y                                          -       C->Y    F     NAND4xp75_ASAP7_75t_SL         4  4.8    58    29     876    (-,-) 
  g49695/Y                                          -       A->Y    R     INVx2_ASAP7_75t_SL             2  2.5    29    18     894    (-,-) 
  g49679/Y                                          -       A2->Y   F     AOI21x1_ASAP7_75t_SL           1  1.8    23    12     906    (-,-) 
  g49667/Y                                          -       A->Y    R     NAND2x1p5_ASAP7_75t_SL         3  3.4    31    20     926    (-,-) 
  g49645/Y                                          -       A1->Y   F     OAI21xp5_ASAP7_75t_SL          1  0.9    36    15     941    (-,-) 
  g49633/Y                                          -       A1->Y   F     OA21x2_ASAP7_75t_SL            5  5.2    27    34     975    (-,-) 
  g49630/Y                                          -       A->Y    R     INVx3_ASAP7_75t_SL             3  2.6    17    11     987    (-,-) 
  g49621/Y                                          -       B->Y    R     AND2x2_ASAP7_75t_SL            3  2.9    20    24    1011    (-,-) 
  g49518/Y                                          -       A2->Y   F     AOI21x1_ASAP7_75t_SL           1  1.5    30    11    1021    (-,-) 
  g49484/Y                                          -       A->Y    R     INVx2_ASAP7_75t_SL             1  1.4    16    11    1032    (-,-) 
  g49423/Y                                          -       B->Y    F     AOI21x1_ASAP7_75t_SL           2  1.5    28    11    1043    (-,-) 
  g49338/Y                                          -       B->Y    F     OR2x2_ASAP7_75t_SL             3  3.7    22    31    1074    (-,-) 
  g49267/Y                                          -       B->Y    R     NAND2x1p5_ASAP7_75t_SL         2  2.4    30    16    1090    (-,-) 
  g49195/Y                                          -       A->Y    F     NAND2x1p5_ASAP7_75t_SL         2  1.4    23     8    1098    (-,-) 
  g49071/Y                                          -       A2->Y   R     OAI21xp5_ASAP7_75t_SL          2  1.8    43    25    1122    (-,-) 
  g48939/Y                                          -       A2->Y   F     AOI21x1_ASAP7_75t_SL           2  1.7    26    13    1135    (-,-) 
  g48914/Y                                          -       A->Y    F     BUFx3_ASAP7_75t_SL             1  1.8    12    21    1156    (-,-) 
  g48866/Y                                          -       B->Y    F     XOR2x1_ASAP7_75t_SL            2  1.5    25    24    1180    (-,-) 
  g48827/Y                                          -       A->Y    R     NAND3xp33_ASAP7_75t_SL         1  1.3    36    19    1199    (-,-) 
  g48792/Y                                          -       A->Y    F     NOR2x1_ASAP7_75t_SL            2  1.4    25    17    1216    (-,-) 
  g48748/Y                                          -       B->Y    R     NAND2xp5_ASAP7_75t_SL          1  0.8    21    15    1231    (-,-) 
  g48736/Y                                          -       B->Y    R     OR2x2_ASAP7_75t_SL             1  1.8    16    21    1252    (-,-) 
  g48672/Y                                          -       A->Y    F     NOR2x1p5_ASAP7_75t_SL          1  1.8    16    12    1264    (-,-) 
  g48633/Y                                          -       A->Y    R     NAND2x1p5_ASAP7_75t_SL         1  1.8    21    14    1278    (-,-) 
  g48602/Y                                          -       A->Y    R     XOR2x1_ASAP7_75t_SL            2  2.4    36    26    1304    (-,-) 
  g48587/Y                                          -       B->Y    F     NOR2x1p5_ASAP7_75t_SL          1  1.8    23    13    1317    (-,-) 
  g48582/Y                                          -       A->Y    R     NAND4xp75_ASAP7_75t_SL         1  1.3    28    12    1329    (-,-) 
  g48577/Y                                          -       A2->Y   F     AOI21x1_ASAP7_75t_SL           1  2.6    44    15    1344    (-,-) 
  g48576/Y                                          -       A->Y    F     BUFx12f_ASAP7_75t_SL           7 11.8    16    26    1370    (-,-) 
  g48575/Y                                          -       A->Y    R     INVx8_ASAP7_75t_SL            20 13.5    22    14    1384    (-,-) 
  g48535/Y                                          -       B->Y    F     OAI21xp5_ASAP7_75t_SL          1  0.9    28    12    1397    (-,-) 
  PIPE_OUT_col1_stage_reg_reg[0][5]/D               -       -       F     ASYNC_DFFHx1_ASAP7_75t_SL      1    -     -     0    1397    (-,-) 
#--------------------------------------------------------------------------------------------------------------------------------------------



Path 43: VIOLATED (-514 ps) Setup Check with Pin PIPE_OUT_col2_stage_reg_reg[0][15]/CLK->D
           View: PVT_0P63V_100C.setup_view
          Group: clk
     Startpoint: (R) PIPE_OUT_col2_stage_reg_reg[0][19]/CLK
          Clock: (R) clk
       Endpoint: (F) PIPE_OUT_col2_stage_reg_reg[0][15]/D
          Clock: (R) clk

                     Capture       Launch     
        Clock Edge:+    1000            0     
       Src Latency:+       0            0     
       Net Latency:+       0 (I)        0 (I) 
           Arrival:=    1000            0     
                                              
             Setup:-      19                  
       Uncertainty:-     100                  
     Required Time:=     881                  
      Launch Clock:-       0                  
         Data Path:-    1396                  
             Slack:=    -514                  

#--------------------------------------------------------------------------------------------------------------------------------------------
#                   Timing Point                    Flags    Arc    Edge           Cell             Fanout Load Trans Delay Arrival Instance 
#                                                                                                          (fF)  (ps)  (ps)   (ps)  Location 
#--------------------------------------------------------------------------------------------------------------------------------------------
  PIPE_OUT_col2_stage_reg_reg[0][19]/CLK            -       -       R     (arrival)                   1135    -     0     0       0    (-,-) 
  PIPE_OUT_col2_stage_reg_reg[0][19]/QN             -       CLK->QN R     ASYNC_DFFHx1_ASAP7_75t_SL      2  1.3    29    51      51    (-,-) 
  g62605/Y                                          -       B1->Y   F     AOI22xp5_ASAP7_75t_SL          3  2.3    72    21      72    (-,-) 
  g61915/Y                                          -       B2->Y   F     OA22x2_ASAP7_75t_SL            2  1.5    18    39     110    (-,-) 
  g61886/Y                                          -       A->Y    R     INVx1_ASAP7_75t_SL             1  1.3    19    13     123    (-,-) 
  g61786__1617/Y                                    -       C->Y    F     AOI211x1_ASAP7_75t_SL          1  1.2    42    12     135    (-,-) 
  g61741__5477/Y                                    -       D->Y    F     AND5x2_ASAP7_75t_SL            2  2.1    18    37     172    (-,-) 
  g61737/Y                                          -       A->Y    F     BUFx3_ASAP7_75t_SL             3  3.1    14    21     194    (-,-) 
  g61696__1666/Y                                    -       B->Y    R     NAND2x1p5_ASAP7_75t_SL         2  2.0    30    12     206    (-,-) 
  g61692__9315/Y                                    -       B->Y    R     AND2x4_ASAP7_75t_SL            3  2.1    12    20     227    (-,-) 
  g61310__2398/Y                                    -       B1->Y   F     AOI22xp5_ASAP7_75t_L           1  0.8    33    13     240    (-,-) 
  g61232__1881/Y                                    -       A->Y    R     NAND3xp33_ASAP7_75t_SL         1  1.8    45    24     264    (-,-) 
  g61196__8428/Y                                    -       A->Y    F     NOR2x1p5_ASAP7_75t_SL          2  2.4    28    18     281    (-,-) 
  g61173__5115/Y                                    -       A->Y    R     NAND4xp75_ASAP7_75t_SL         1  1.8    27    14     295    (-,-) 
  g61155__3680/Y                                    -       A->Y    F     NAND4xp75_ASAP7_75t_SL         2  1.6    31    16     311    (-,-) 
  g61151/Y                                          -       A->Y    F     BUFx3_ASAP7_75t_SL             3  3.5    16    25     336    (-,-) 
  g61092__9315/Y                                    -       B->Y    R     NAND2x1p5_ASAP7_75t_SL         1  2.3    30    14     350    (-,-) 
  g61081__4733/Y                                    -       B->Y    F     NAND2x2_ASAP7_75t_SL           2  3.3    21    12     362    (-,-) 
  g61069/Y                                          -       A->Y    F     BUFx12f_ASAP7_75t_SL          12  9.9    14    21     383    (-,-) 
  g60932__2883/Y                                    -       A->Y    F     OR2x2_ASAP7_75t_SL             3  3.6    21    27     410    (-,-) 
  g60889/Y                                          -       A->Y    F     BUFx6f_ASAP7_75t_SL            3  4.6    12    20     430    (-,-) 
  g60887/Y                                          -       A->Y    R     INVx4_ASAP7_75t_SL             4  4.2    14    10     440    (-,-) 
  g60730__2398/Y                                    -       A2->Y   R     AO221x1_ASAP7_75t_SL           2  2.1    33    32     472    (-,-) 
  g60709/Y                                          -       A->Y    F     INVx2_ASAP7_75t_SL             2  1.6    15     9     481    (-,-) 
  g60642__6417/Y                                    -       A1->Y   R     OAI21xp5_ASAP7_75t_SL          2  1.6    38    20     501    (-,-) 
  g60616/Y                                          -       A->Y    F     INVx1_ASAP7_75t_SL             2  1.6    22    14     515    (-,-) 
  g60525__1666/Y                                    -       B1->Y   R     AOI22xp5_ASAP7_75t_SL          1  1.3    40    23     538    (-,-) 
  g60491__6161/Y                                    -       A->Y    F     NAND2x1_ASAP7_75t_SL           2  2.1    24    13     550    (-,-) 
  addinc_FP32_ALU_col2_fracAdder_add_113_18_g1337/Y -       A->Y    F     BUFx3_ASAP7_75t_SL             1  1.8    11    21     571    (-,-) 
  addinc_FP32_ALU_col2_fracAdder_add_113_18_g1320/Y -       B->Y    R     NOR2x1p5_ASAP7_75t_SL          2  1.8    32    12     583    (-,-) 
  addinc_FP32_ALU_col2_fracAdder_add_113_18_g1194/Y -       A->Y    F     NOR2x1_ASAP7_75t_SL            3  2.5    31    21     603    (-,-) 
  addinc_FP32_ALU_col2_fracAdder_add_113_18_g1151/Y -       B->Y    F     AND2x6_ASAP7_75t_SL            5  4.4    15    28     631    (-,-) 
  addinc_FP32_ALU_col2_fracAdder_add_113_18_g1124/Y -       B->Y    F     AND2x4_ASAP7_75t_L             3  3.7    15    25     656    (-,-) 
  addinc_FP32_ALU_col2_fracAdder_add_113_18_g1107/Y -       B->Y    R     NAND2x1_ASAP7_75t_SL           1  0.9    33    12     668    (-,-) 
  addinc_FP32_ALU_col2_fracAdder_add_113_18_g1052/Y -       A1->Y   F     OAI21xp5_ASAP7_75t_SL          1  1.8    36    21     689    (-,-) 
  addinc_FP32_ALU_col2_fracAdder_add_113_18_g1041/Y -       A->Y    F     XOR2x1_ASAP7_75t_SL            2  2.3    36    29     718    (-,-) 
  g50551/Y                                          -       D->Y    R     NOR4xp75_ASAP7_75t_SL          1  2.9    62    32     750    (-,-) 
  g49818/Y                                          -       A->Y    F     NAND3x2_ASAP7_75t_SL           2  4.0    33    14     765    (-,-) 
  g49816/Y                                          -       A->Y    R     INVx4_ASAP7_75t_SL             7  7.1    27    18     782    (-,-) 
  g49795/Y                                          -       A2->Y   F     AOI21x1_ASAP7_75t_SL           2  1.8    31    12     794    (-,-) 
  g49758/Y                                          -       B->Y    F     AND2x4_ASAP7_75t_SL            2  3.5    14    24     818    (-,-) 
  g49752/Y                                          -       A->Y    R     NAND2x1p5_ASAP7_75t_SL         1  2.9    26    16     835    (-,-) 
  g49749/Y                                          -       B->Y    F     NOR3x2_ASAP7_75t_SL            3  3.2    27    19     854    (-,-) 
  g49718/Y                                          -       A2->Y   R     AOI21x1_ASAP7_75t_SL           2  2.3    34    19     873    (-,-) 
  g49709/Y                                          -       A->Y    F     INVxp33_ASAP7_75t_SL           1  1.4    39    25     898    (-,-) 
  g49681/Y                                          -       B->Y    R     AOI21x1_ASAP7_75t_SL           3  2.6    40    25     922    (-,-) 
  g49674/Y                                          -       B->Y    R     AND2x2_ASAP7_75t_SL            3  3.8    26    29     951    (-,-) 
  g49671/Y                                          -       A->Y    F     INVx2_ASAP7_75t_SL             2  2.1    15     9     961    (-,-) 
  g49648/Y                                          -       A2->Y   R     AOI21x1_ASAP7_75t_SL           2  2.6    34    18     979    (-,-) 
  g49636/Y                                          -       B->Y    R     AND2x4_ASAP7_75t_SL            9  8.1    26    28    1008    (-,-) 
  g49627/Y                                          -       B->Y    F     NAND2xp5_ASAP7_75t_SL          1  0.9    21    13    1020    (-,-) 
  g49619/Y                                          -       B->Y    F     OA21x2_ASAP7_75t_SL            3  2.7    18    22    1043    (-,-) 
  g49540/Y                                          -       B->Y    F     AND2x4_ASAP7_75t_SL           11 10.3    24    28    1071    (-,-) 
  g49480/Y                                          -       B->Y    F     AND2x4_ASAP7_75t_SL            6  5.3    17    25    1096    (-,-) 
  g49197/Y                                          -       A->Y    F     AND2x2_ASAP7_75t_SL            2  1.6    14    22    1118    (-,-) 
  g49068/Y                                          -       B->Y    F     AND2x2_ASAP7_75t_SL            2  2.4    16    22    1140    (-,-) 
  g49018/Y                                          -       B->Y    R     NAND2x1p5_ASAP7_75t_SL         2  3.2    29    16    1157    (-,-) 
  g49001/Y                                          -       A->Y    R     BUFx6f_ASAP7_75t_SL            2  2.9    11    18    1175    (-,-) 
  g48942/Y                                          -       B->Y    F     NOR2x1p5_ASAP7_75t_SL          2  2.3    24    11    1186    (-,-) 
  g48883/Y                                          -       B->Y    R     NAND2x1p5_ASAP7_75t_SL         2  2.3    29    16    1201    (-,-) 
  g48847/Y                                          -       B->Y    F     NOR2x1p5_ASAP7_75t_SL          2  2.4    25    14    1215    (-,-) 
  g48824/Y                                          -       B->Y    R     NAND2x1p5_ASAP7_75t_SL         2  2.3    24    16    1231    (-,-) 
  g48802/Y                                          -       B->Y    F     NOR2x1p5_ASAP7_75t_SL          2  2.3    27    13    1244    (-,-) 
  g48780/Y                                          -       B->Y    R     NAND2x1p5_ASAP7_75t_SL         2  2.3    29    16    1261    (-,-) 
  g48752/Y                                          -       B->Y    F     NOR2x1p5_ASAP7_75t_SL          2  1.9    25    12    1273    (-,-) 
  g48728/Y                                          -       B->Y    F     AND2x4_ASAP7_75t_SL            2  2.9    14    22    1296    (-,-) 
  g48697/Y                                          -       B->Y    R     NAND2x1p5_ASAP7_75t_SL         2  2.3    29    14    1309    (-,-) 
  g48666/Y                                          -       B->Y    F     NOR2x1p5_ASAP7_75t_SL          2  1.3    15    11    1320    (-,-) 
  g48636/Y                                          -       B->Y    F     AND2x2_ASAP7_75t_SL            2  2.4    16    23    1342    (-,-) 
  g48610/Y                                          -       B->Y    R     NAND2x1p5_ASAP7_75t_SL         1  1.3    26    11    1354    (-,-) 
  g48590/Y                                          -       B->Y    R     XOR2xp5_ASAP7_75t_SL           1  0.8    31    24    1378    (-,-) 
  g48552/Y                                          -       B2->Y   F     AOI221xp5_ASAP7_75t_SL         1  0.9    41    18    1395    (-,-) 
  PIPE_OUT_col2_stage_reg_reg[0][15]/D              -       -       F     ASYNC_DFFHx1_ASAP7_75t_SL      1    -     -     0    1396    (-,-) 
#--------------------------------------------------------------------------------------------------------------------------------------------



Path 44: VIOLATED (-513 ps) Setup Check with Pin PIPE_OUT_col2_stage_reg_reg[0][6]/CLK->D
           View: PVT_0P63V_100C.setup_view
          Group: clk
     Startpoint: (R) PIPE_OUT_col2_stage_reg_reg[0][19]/CLK
          Clock: (R) clk
       Endpoint: (R) PIPE_OUT_col2_stage_reg_reg[0][6]/D
          Clock: (R) clk

                     Capture       Launch     
        Clock Edge:+    1000            0     
       Src Latency:+       0            0     
       Net Latency:+       0 (I)        0 (I) 
           Arrival:=    1000            0     
                                              
             Setup:-      16                  
       Uncertainty:-     100                  
     Required Time:=     884                  
      Launch Clock:-       0                  
         Data Path:-    1397                  
             Slack:=    -513                  

#--------------------------------------------------------------------------------------------------------------------------------------------
#                   Timing Point                    Flags    Arc    Edge           Cell             Fanout Load Trans Delay Arrival Instance 
#                                                                                                          (fF)  (ps)  (ps)   (ps)  Location 
#--------------------------------------------------------------------------------------------------------------------------------------------
  PIPE_OUT_col2_stage_reg_reg[0][19]/CLK            -       -       R     (arrival)                   1135    -     0     0       0    (-,-) 
  PIPE_OUT_col2_stage_reg_reg[0][19]/QN             -       CLK->QN R     ASYNC_DFFHx1_ASAP7_75t_SL      2  1.3    29    51      51    (-,-) 
  g62605/Y                                          -       B1->Y   F     AOI22xp5_ASAP7_75t_SL          3  2.3    72    21      72    (-,-) 
  g61915/Y                                          -       B2->Y   F     OA22x2_ASAP7_75t_SL            2  1.5    18    39     110    (-,-) 
  g61886/Y                                          -       A->Y    R     INVx1_ASAP7_75t_SL             1  1.3    19    13     123    (-,-) 
  g61786__1617/Y                                    -       C->Y    F     AOI211x1_ASAP7_75t_SL          1  1.2    42    12     135    (-,-) 
  g61741__5477/Y                                    -       D->Y    F     AND5x2_ASAP7_75t_SL            2  2.1    18    37     172    (-,-) 
  g61737/Y                                          -       A->Y    F     BUFx3_ASAP7_75t_SL             3  3.1    14    21     194    (-,-) 
  g61696__1666/Y                                    -       B->Y    R     NAND2x1p5_ASAP7_75t_SL         2  2.0    30    12     206    (-,-) 
  g61692__9315/Y                                    -       B->Y    R     AND2x4_ASAP7_75t_SL            3  2.1    12    20     227    (-,-) 
  g61310__2398/Y                                    -       B1->Y   F     AOI22xp5_ASAP7_75t_L           1  0.8    33    13     240    (-,-) 
  g61232__1881/Y                                    -       A->Y    R     NAND3xp33_ASAP7_75t_SL         1  1.8    45    24     264    (-,-) 
  g61196__8428/Y                                    -       A->Y    F     NOR2x1p5_ASAP7_75t_SL          2  2.4    28    18     281    (-,-) 
  g61173__5115/Y                                    -       A->Y    R     NAND4xp75_ASAP7_75t_SL         1  1.8    27    14     295    (-,-) 
  g61155__3680/Y                                    -       A->Y    F     NAND4xp75_ASAP7_75t_SL         2  1.6    31    16     311    (-,-) 
  g61151/Y                                          -       A->Y    F     BUFx3_ASAP7_75t_SL             3  3.5    16    25     336    (-,-) 
  g61092__9315/Y                                    -       B->Y    R     NAND2x1p5_ASAP7_75t_SL         1  2.3    30    14     350    (-,-) 
  g61081__4733/Y                                    -       B->Y    F     NAND2x2_ASAP7_75t_SL           2  3.3    21    12     362    (-,-) 
  g61069/Y                                          -       A->Y    F     BUFx12f_ASAP7_75t_SL          12  9.9    14    21     383    (-,-) 
  g60932__2883/Y                                    -       A->Y    F     OR2x2_ASAP7_75t_SL             3  3.6    21    27     410    (-,-) 
  g60889/Y                                          -       A->Y    F     BUFx6f_ASAP7_75t_SL            3  4.6    12    20     430    (-,-) 
  g60887/Y                                          -       A->Y    R     INVx4_ASAP7_75t_SL             4  4.2    14    10     440    (-,-) 
  g60730__2398/Y                                    -       A2->Y   R     AO221x1_ASAP7_75t_SL           2  2.1    33    32     472    (-,-) 
  g60709/Y                                          -       A->Y    F     INVx2_ASAP7_75t_SL             2  1.6    15     9     481    (-,-) 
  g60642__6417/Y                                    -       A1->Y   R     OAI21xp5_ASAP7_75t_SL          2  1.6    38    20     501    (-,-) 
  g60616/Y                                          -       A->Y    F     INVx1_ASAP7_75t_SL             2  1.6    22    14     515    (-,-) 
  g60525__1666/Y                                    -       B1->Y   R     AOI22xp5_ASAP7_75t_SL          1  1.3    40    23     538    (-,-) 
  g60491__6161/Y                                    -       A->Y    F     NAND2x1_ASAP7_75t_SL           2  2.1    24    13     550    (-,-) 
  addinc_FP32_ALU_col2_fracAdder_add_113_18_g1337/Y -       A->Y    F     BUFx3_ASAP7_75t_SL             1  1.8    11    21     571    (-,-) 
  addinc_FP32_ALU_col2_fracAdder_add_113_18_g1320/Y -       B->Y    R     NOR2x1p5_ASAP7_75t_SL          2  1.8    32    12     583    (-,-) 
  addinc_FP32_ALU_col2_fracAdder_add_113_18_g1194/Y -       A->Y    F     NOR2x1_ASAP7_75t_SL            3  2.5    31    21     603    (-,-) 
  addinc_FP32_ALU_col2_fracAdder_add_113_18_g1151/Y -       B->Y    F     AND2x6_ASAP7_75t_SL            5  4.4    15    28     631    (-,-) 
  addinc_FP32_ALU_col2_fracAdder_add_113_18_g1124/Y -       B->Y    F     AND2x4_ASAP7_75t_L             3  3.7    15    25     656    (-,-) 
  addinc_FP32_ALU_col2_fracAdder_add_113_18_g1107/Y -       B->Y    R     NAND2x1_ASAP7_75t_SL           1  0.9    33    12     668    (-,-) 
  addinc_FP32_ALU_col2_fracAdder_add_113_18_g1052/Y -       A1->Y   F     OAI21xp5_ASAP7_75t_SL          1  1.8    36    21     689    (-,-) 
  addinc_FP32_ALU_col2_fracAdder_add_113_18_g1041/Y -       A->Y    F     XOR2x1_ASAP7_75t_SL            2  2.3    36    29     718    (-,-) 
  g50551/Y                                          -       D->Y    R     NOR4xp75_ASAP7_75t_SL          1  2.9    62    32     750    (-,-) 
  g49818/Y                                          -       A->Y    F     NAND3x2_ASAP7_75t_SL           2  4.0    33    14     765    (-,-) 
  g49816/Y                                          -       A->Y    R     INVx4_ASAP7_75t_SL             7  7.1    27    18     782    (-,-) 
  g49795/Y                                          -       A2->Y   F     AOI21x1_ASAP7_75t_SL           2  1.8    31    12     794    (-,-) 
  g49758/Y                                          -       B->Y    F     AND2x4_ASAP7_75t_SL            2  3.5    14    24     818    (-,-) 
  g49752/Y                                          -       A->Y    R     NAND2x1p5_ASAP7_75t_SL         1  2.9    26    16     835    (-,-) 
  g49749/Y                                          -       B->Y    F     NOR3x2_ASAP7_75t_SL            3  3.2    27    19     854    (-,-) 
  g49747/Y                                          -       A->Y    F     BUFx3_ASAP7_75t_SL             6  4.4    17    25     879    (-,-) 
  g49710/Y                                          -       A2->Y   R     AOI21x1_ASAP7_75t_SL           1  0.9    23    12     891    (-,-) 
  g49704/Y                                          -       A->Y    F     INVx1_ASAP7_75t_L              1  1.4    17    14     905    (-,-) 
  g49689/Y                                          -       B->Y    R     AOI21x1_ASAP7_75t_SL           2  1.6    28    16     921    (-,-) 
  g49682/Y                                          -       A->Y    F     INVx1_ASAP7_75t_SL             1  1.4    18    12     933    (-,-) 
  g49655/Y                                          -       B->Y    R     AOI21x1_ASAP7_75t_SL           2  1.6    29    16     949    (-,-) 
  g49639/Y                                          -       A1->Y   R     AO221x2_ASAP7_75t_SL           3  3.0    26    39     988    (-,-) 
  g49620/Y                                          -       A2->Y   F     AOI21x1_ASAP7_75t_SL           4  4.6    42    20    1008    (-,-) 
  g49563/Y                                          -       B->Y    R     NOR2x1p5_ASAP7_75t_SL          6  5.2    47    27    1035    (-,-) 
  g49420/Y                                          -       A2->Y   F     AOI21xp5_ASAP7_75t_SL          1  0.9    27    13    1048    (-,-) 
  g49336/Y                                          -       B->Y    F     OA21x2_ASAP7_75t_SL            2  2.4    18    23    1071    (-,-) 
  g49235/Y                                          -       A->Y    F     XNOR2xp5_ASAP7_75t_SL          2  2.7    44    34    1105    (-,-) 
  g49209/Y                                          -       A->Y    R     INVx2_ASAP7_75t_SL             2  2.0    23    14    1120    (-,-) 
  g49126/Y                                          -       B->Y    F     NOR2x1_ASAP7_75t_SL            1  0.9    18    11    1131    (-,-) 
  g48938/Y                                          -       A1->Y   R     OAI21xp5_ASAP7_75t_SL          2  2.4    55    27    1158    (-,-) 
  g48846/Y                                          -       A2->Y   F     AOI21x1_ASAP7_75t_SL           2  2.1    31    14    1172    (-,-) 
  g48803/Y                                          -       A2->Y   R     OAI21xp5_ASAP7_75t_SL          2  2.4    56    32    1204    (-,-) 
  g48753/Y                                          -       A2->Y   F     AOI21x1_ASAP7_75t_SL           2  1.9    31    14    1218    (-,-) 
  g48715/Y                                          -       B->Y    R     XNOR2x2_ASAP7_75t_SL           2  2.0    19    32    1250    (-,-) 
  g48684/Y                                          -       A->Y    F     NAND3xp33_ASAP7_75t_SL         1  1.1    33    17    1268    (-,-) 
  g48603/Y                                          -       B->Y    R     XNOR2x2_ASAP7_75t_SL           2  1.3    15    31    1298    (-,-) 
  g48589/Y                                          -       B->Y    R     AND3x2_ASAP7_75t_SL            2  2.5    22    29    1328    (-,-) 
  g48583/Y                                          -       A3->Y   R     AO31x2_ASAP7_75t_SL            2  3.4    25    25    1353    (-,-) 
  g48581/Y                                          -       A->Y    F     INVx4_ASAP7_75t_SL            22 14.2    31    20    1373    (-,-) 
  g48560/Y                                          -       A2->Y   R     AOI221xp5_ASAP7_75t_SL         1  0.9    56    24    1397    (-,-) 
  PIPE_OUT_col2_stage_reg_reg[0][6]/D               -       -       R     ASYNC_DFFHx1_ASAP7_75t_SL      1    -     -     0    1397    (-,-) 
#--------------------------------------------------------------------------------------------------------------------------------------------



Path 45: VIOLATED (-513 ps) Setup Check with Pin PIPE_OUT_col2_stage_reg_reg[0][5]/CLK->D
           View: PVT_0P63V_100C.setup_view
          Group: clk
     Startpoint: (R) PIPE_OUT_col2_stage_reg_reg[0][19]/CLK
          Clock: (R) clk
       Endpoint: (R) PIPE_OUT_col2_stage_reg_reg[0][5]/D
          Clock: (R) clk

                     Capture       Launch     
        Clock Edge:+    1000            0     
       Src Latency:+       0            0     
       Net Latency:+       0 (I)        0 (I) 
           Arrival:=    1000            0     
                                              
             Setup:-      16                  
       Uncertainty:-     100                  
     Required Time:=     884                  
      Launch Clock:-       0                  
         Data Path:-    1397                  
             Slack:=    -513                  

#--------------------------------------------------------------------------------------------------------------------------------------------
#                   Timing Point                    Flags    Arc    Edge           Cell             Fanout Load Trans Delay Arrival Instance 
#                                                                                                          (fF)  (ps)  (ps)   (ps)  Location 
#--------------------------------------------------------------------------------------------------------------------------------------------
  PIPE_OUT_col2_stage_reg_reg[0][19]/CLK            -       -       R     (arrival)                   1135    -     0     0       0    (-,-) 
  PIPE_OUT_col2_stage_reg_reg[0][19]/QN             -       CLK->QN R     ASYNC_DFFHx1_ASAP7_75t_SL      2  1.3    29    51      51    (-,-) 
  g62605/Y                                          -       B1->Y   F     AOI22xp5_ASAP7_75t_SL          3  2.3    72    21      72    (-,-) 
  g61915/Y                                          -       B2->Y   F     OA22x2_ASAP7_75t_SL            2  1.5    18    39     110    (-,-) 
  g61886/Y                                          -       A->Y    R     INVx1_ASAP7_75t_SL             1  1.3    19    13     123    (-,-) 
  g61786__1617/Y                                    -       C->Y    F     AOI211x1_ASAP7_75t_SL          1  1.2    42    12     135    (-,-) 
  g61741__5477/Y                                    -       D->Y    F     AND5x2_ASAP7_75t_SL            2  2.1    18    37     172    (-,-) 
  g61737/Y                                          -       A->Y    F     BUFx3_ASAP7_75t_SL             3  3.1    14    21     194    (-,-) 
  g61696__1666/Y                                    -       B->Y    R     NAND2x1p5_ASAP7_75t_SL         2  2.0    30    12     206    (-,-) 
  g61692__9315/Y                                    -       B->Y    R     AND2x4_ASAP7_75t_SL            3  2.1    12    20     227    (-,-) 
  g61310__2398/Y                                    -       B1->Y   F     AOI22xp5_ASAP7_75t_L           1  0.8    33    13     240    (-,-) 
  g61232__1881/Y                                    -       A->Y    R     NAND3xp33_ASAP7_75t_SL         1  1.8    45    24     264    (-,-) 
  g61196__8428/Y                                    -       A->Y    F     NOR2x1p5_ASAP7_75t_SL          2  2.4    28    18     281    (-,-) 
  g61173__5115/Y                                    -       A->Y    R     NAND4xp75_ASAP7_75t_SL         1  1.8    27    14     295    (-,-) 
  g61155__3680/Y                                    -       A->Y    F     NAND4xp75_ASAP7_75t_SL         2  1.6    31    16     311    (-,-) 
  g61151/Y                                          -       A->Y    F     BUFx3_ASAP7_75t_SL             3  3.5    16    25     336    (-,-) 
  g61092__9315/Y                                    -       B->Y    R     NAND2x1p5_ASAP7_75t_SL         1  2.3    30    14     350    (-,-) 
  g61081__4733/Y                                    -       B->Y    F     NAND2x2_ASAP7_75t_SL           2  3.3    21    12     362    (-,-) 
  g61069/Y                                          -       A->Y    F     BUFx12f_ASAP7_75t_SL          12  9.9    14    21     383    (-,-) 
  g60932__2883/Y                                    -       A->Y    F     OR2x2_ASAP7_75t_SL             3  3.6    21    27     410    (-,-) 
  g60889/Y                                          -       A->Y    F     BUFx6f_ASAP7_75t_SL            3  4.6    12    20     430    (-,-) 
  g60887/Y                                          -       A->Y    R     INVx4_ASAP7_75t_SL             4  4.2    14    10     440    (-,-) 
  g60730__2398/Y                                    -       A2->Y   R     AO221x1_ASAP7_75t_SL           2  2.1    33    32     472    (-,-) 
  g60709/Y                                          -       A->Y    F     INVx2_ASAP7_75t_SL             2  1.6    15     9     481    (-,-) 
  g60642__6417/Y                                    -       A1->Y   R     OAI21xp5_ASAP7_75t_SL          2  1.6    38    20     501    (-,-) 
  g60616/Y                                          -       A->Y    F     INVx1_ASAP7_75t_SL             2  1.6    22    14     515    (-,-) 
  g60525__1666/Y                                    -       B1->Y   R     AOI22xp5_ASAP7_75t_SL          1  1.3    40    23     538    (-,-) 
  g60491__6161/Y                                    -       A->Y    F     NAND2x1_ASAP7_75t_SL           2  2.1    24    13     550    (-,-) 
  addinc_FP32_ALU_col2_fracAdder_add_113_18_g1337/Y -       A->Y    F     BUFx3_ASAP7_75t_SL             1  1.8    11    21     571    (-,-) 
  addinc_FP32_ALU_col2_fracAdder_add_113_18_g1320/Y -       B->Y    R     NOR2x1p5_ASAP7_75t_SL          2  1.8    32    12     583    (-,-) 
  addinc_FP32_ALU_col2_fracAdder_add_113_18_g1194/Y -       A->Y    F     NOR2x1_ASAP7_75t_SL            3  2.5    31    21     603    (-,-) 
  addinc_FP32_ALU_col2_fracAdder_add_113_18_g1151/Y -       B->Y    F     AND2x6_ASAP7_75t_SL            5  4.4    15    28     631    (-,-) 
  addinc_FP32_ALU_col2_fracAdder_add_113_18_g1124/Y -       B->Y    F     AND2x4_ASAP7_75t_L             3  3.7    15    25     656    (-,-) 
  addinc_FP32_ALU_col2_fracAdder_add_113_18_g1107/Y -       B->Y    R     NAND2x1_ASAP7_75t_SL           1  0.9    33    12     668    (-,-) 
  addinc_FP32_ALU_col2_fracAdder_add_113_18_g1052/Y -       A1->Y   F     OAI21xp5_ASAP7_75t_SL          1  1.8    36    21     689    (-,-) 
  addinc_FP32_ALU_col2_fracAdder_add_113_18_g1041/Y -       A->Y    F     XOR2x1_ASAP7_75t_SL            2  2.3    36    29     718    (-,-) 
  g50551/Y                                          -       D->Y    R     NOR4xp75_ASAP7_75t_SL          1  2.9    62    32     750    (-,-) 
  g49818/Y                                          -       A->Y    F     NAND3x2_ASAP7_75t_SL           2  4.0    33    14     765    (-,-) 
  g49816/Y                                          -       A->Y    R     INVx4_ASAP7_75t_SL             7  7.1    27    18     782    (-,-) 
  g49795/Y                                          -       A2->Y   F     AOI21x1_ASAP7_75t_SL           2  1.8    31    12     794    (-,-) 
  g49758/Y                                          -       B->Y    F     AND2x4_ASAP7_75t_SL            2  3.5    14    24     818    (-,-) 
  g49752/Y                                          -       A->Y    R     NAND2x1p5_ASAP7_75t_SL         1  2.9    26    16     835    (-,-) 
  g49749/Y                                          -       B->Y    F     NOR3x2_ASAP7_75t_SL            3  3.2    27    19     854    (-,-) 
  g49747/Y                                          -       A->Y    F     BUFx3_ASAP7_75t_SL             6  4.4    17    25     879    (-,-) 
  g49710/Y                                          -       A2->Y   R     AOI21x1_ASAP7_75t_SL           1  0.9    23    12     891    (-,-) 
  g49704/Y                                          -       A->Y    F     INVx1_ASAP7_75t_L              1  1.4    17    14     905    (-,-) 
  g49689/Y                                          -       B->Y    R     AOI21x1_ASAP7_75t_SL           2  1.6    28    16     921    (-,-) 
  g49682/Y                                          -       A->Y    F     INVx1_ASAP7_75t_SL             1  1.4    18    12     933    (-,-) 
  g49655/Y                                          -       B->Y    R     AOI21x1_ASAP7_75t_SL           2  1.6    29    16     949    (-,-) 
  g49639/Y                                          -       A1->Y   R     AO221x2_ASAP7_75t_SL           3  3.0    26    39     988    (-,-) 
  g49620/Y                                          -       A2->Y   F     AOI21x1_ASAP7_75t_SL           4  4.6    42    20    1008    (-,-) 
  g49563/Y                                          -       B->Y    R     NOR2x1p5_ASAP7_75t_SL          6  5.2    47    27    1035    (-,-) 
  g49420/Y                                          -       A2->Y   F     AOI21xp5_ASAP7_75t_SL          1  0.9    27    13    1048    (-,-) 
  g49336/Y                                          -       B->Y    F     OA21x2_ASAP7_75t_SL            2  2.4    18    23    1071    (-,-) 
  g49235/Y                                          -       A->Y    F     XNOR2xp5_ASAP7_75t_SL          2  2.7    44    34    1105    (-,-) 
  g49209/Y                                          -       A->Y    R     INVx2_ASAP7_75t_SL             2  2.0    23    14    1120    (-,-) 
  g49126/Y                                          -       B->Y    F     NOR2x1_ASAP7_75t_SL            1  0.9    18    11    1131    (-,-) 
  g48938/Y                                          -       A1->Y   R     OAI21xp5_ASAP7_75t_SL          2  2.4    55    27    1158    (-,-) 
  g48846/Y                                          -       A2->Y   F     AOI21x1_ASAP7_75t_SL           2  2.1    31    14    1172    (-,-) 
  g48803/Y                                          -       A2->Y   R     OAI21xp5_ASAP7_75t_SL          2  2.4    56    32    1204    (-,-) 
  g48753/Y                                          -       A2->Y   F     AOI21x1_ASAP7_75t_SL           2  1.9    31    14    1218    (-,-) 
  g48715/Y                                          -       B->Y    R     XNOR2x2_ASAP7_75t_SL           2  2.0    19    32    1250    (-,-) 
  g48684/Y                                          -       A->Y    F     NAND3xp33_ASAP7_75t_SL         1  1.1    33    17    1268    (-,-) 
  g48603/Y                                          -       B->Y    R     XNOR2x2_ASAP7_75t_SL           2  1.3    15    31    1298    (-,-) 
  g48589/Y                                          -       B->Y    R     AND3x2_ASAP7_75t_SL            2  2.5    22    29    1328    (-,-) 
  g48583/Y                                          -       A3->Y   R     AO31x2_ASAP7_75t_SL            2  3.4    25    25    1353    (-,-) 
  g48581/Y                                          -       A->Y    F     INVx4_ASAP7_75t_SL            22 14.2    31    20    1373    (-,-) 
  g48559/Y                                          -       A2->Y   R     AOI221xp5_ASAP7_75t_SL         1  0.9    56    24    1397    (-,-) 
  PIPE_OUT_col2_stage_reg_reg[0][5]/D               -       -       R     ASYNC_DFFHx1_ASAP7_75t_SL      1    -     -     0    1397    (-,-) 
#--------------------------------------------------------------------------------------------------------------------------------------------



Path 46: VIOLATED (-509 ps) Setup Check with Pin PIPE_OUT_col2_stage_reg_reg[0][0]/CLK->D
           View: PVT_0P63V_100C.setup_view
          Group: clk
     Startpoint: (R) PIPE_OUT_col2_stage_reg_reg[0][19]/CLK
          Clock: (R) clk
       Endpoint: (R) PIPE_OUT_col2_stage_reg_reg[0][0]/D
          Clock: (R) clk

                     Capture       Launch     
        Clock Edge:+    1000            0     
       Src Latency:+       0            0     
       Net Latency:+       0 (I)        0 (I) 
           Arrival:=    1000            0     
                                              
             Setup:-      15                  
       Uncertainty:-     100                  
     Required Time:=     885                  
      Launch Clock:-       0                  
         Data Path:-    1393                  
             Slack:=    -509                  

#--------------------------------------------------------------------------------------------------------------------------------------------
#                   Timing Point                    Flags    Arc    Edge           Cell             Fanout Load Trans Delay Arrival Instance 
#                                                                                                          (fF)  (ps)  (ps)   (ps)  Location 
#--------------------------------------------------------------------------------------------------------------------------------------------
  PIPE_OUT_col2_stage_reg_reg[0][19]/CLK            -       -       R     (arrival)                   1135    -     0     0       0    (-,-) 
  PIPE_OUT_col2_stage_reg_reg[0][19]/QN             -       CLK->QN R     ASYNC_DFFHx1_ASAP7_75t_SL      2  1.3    29    51      51    (-,-) 
  g62605/Y                                          -       B1->Y   F     AOI22xp5_ASAP7_75t_SL          3  2.3    72    21      72    (-,-) 
  g61915/Y                                          -       B2->Y   F     OA22x2_ASAP7_75t_SL            2  1.5    18    39     110    (-,-) 
  g61886/Y                                          -       A->Y    R     INVx1_ASAP7_75t_SL             1  1.3    19    13     123    (-,-) 
  g61786__1617/Y                                    -       C->Y    F     AOI211x1_ASAP7_75t_SL          1  1.2    42    12     135    (-,-) 
  g61741__5477/Y                                    -       D->Y    F     AND5x2_ASAP7_75t_SL            2  2.1    18    37     172    (-,-) 
  g61737/Y                                          -       A->Y    F     BUFx3_ASAP7_75t_SL             3  3.1    14    21     194    (-,-) 
  g61696__1666/Y                                    -       B->Y    R     NAND2x1p5_ASAP7_75t_SL         2  2.0    30    12     206    (-,-) 
  g61692__9315/Y                                    -       B->Y    R     AND2x4_ASAP7_75t_SL            3  2.1    12    20     227    (-,-) 
  g61310__2398/Y                                    -       B1->Y   F     AOI22xp5_ASAP7_75t_L           1  0.8    33    13     240    (-,-) 
  g61232__1881/Y                                    -       A->Y    R     NAND3xp33_ASAP7_75t_SL         1  1.8    45    24     264    (-,-) 
  g61196__8428/Y                                    -       A->Y    F     NOR2x1p5_ASAP7_75t_SL          2  2.4    28    18     281    (-,-) 
  g61173__5115/Y                                    -       A->Y    R     NAND4xp75_ASAP7_75t_SL         1  1.8    27    14     295    (-,-) 
  g61155__3680/Y                                    -       A->Y    F     NAND4xp75_ASAP7_75t_SL         2  1.6    31    16     311    (-,-) 
  g61151/Y                                          -       A->Y    F     BUFx3_ASAP7_75t_SL             3  3.5    16    25     336    (-,-) 
  g61092__9315/Y                                    -       B->Y    R     NAND2x1p5_ASAP7_75t_SL         1  2.3    30    14     350    (-,-) 
  g61081__4733/Y                                    -       B->Y    F     NAND2x2_ASAP7_75t_SL           2  3.3    21    12     362    (-,-) 
  g61069/Y                                          -       A->Y    F     BUFx12f_ASAP7_75t_SL          12  9.9    14    21     383    (-,-) 
  g60932__2883/Y                                    -       A->Y    F     OR2x2_ASAP7_75t_SL             3  3.6    21    27     410    (-,-) 
  g60889/Y                                          -       A->Y    F     BUFx6f_ASAP7_75t_SL            3  4.6    12    20     430    (-,-) 
  g60887/Y                                          -       A->Y    R     INVx4_ASAP7_75t_SL             4  4.2    14    10     440    (-,-) 
  g60730__2398/Y                                    -       A2->Y   R     AO221x1_ASAP7_75t_SL           2  2.1    33    32     472    (-,-) 
  g60709/Y                                          -       A->Y    F     INVx2_ASAP7_75t_SL             2  1.6    15     9     481    (-,-) 
  g60642__6417/Y                                    -       A1->Y   R     OAI21xp5_ASAP7_75t_SL          2  1.6    38    20     501    (-,-) 
  g60616/Y                                          -       A->Y    F     INVx1_ASAP7_75t_SL             2  1.6    22    14     515    (-,-) 
  g60525__1666/Y                                    -       B1->Y   R     AOI22xp5_ASAP7_75t_SL          1  1.3    40    23     538    (-,-) 
  g60491__6161/Y                                    -       A->Y    F     NAND2x1_ASAP7_75t_SL           2  2.1    24    13     550    (-,-) 
  addinc_FP32_ALU_col2_fracAdder_add_113_18_g1337/Y -       A->Y    F     BUFx3_ASAP7_75t_SL             1  1.8    11    21     571    (-,-) 
  addinc_FP32_ALU_col2_fracAdder_add_113_18_g1320/Y -       B->Y    R     NOR2x1p5_ASAP7_75t_SL          2  1.8    32    12     583    (-,-) 
  addinc_FP32_ALU_col2_fracAdder_add_113_18_g1194/Y -       A->Y    F     NOR2x1_ASAP7_75t_SL            3  2.5    31    21     603    (-,-) 
  addinc_FP32_ALU_col2_fracAdder_add_113_18_g1151/Y -       B->Y    F     AND2x6_ASAP7_75t_SL            5  4.4    15    28     631    (-,-) 
  addinc_FP32_ALU_col2_fracAdder_add_113_18_g1124/Y -       B->Y    F     AND2x4_ASAP7_75t_L             3  3.7    15    25     656    (-,-) 
  addinc_FP32_ALU_col2_fracAdder_add_113_18_g1107/Y -       B->Y    R     NAND2x1_ASAP7_75t_SL           1  0.9    33    12     668    (-,-) 
  addinc_FP32_ALU_col2_fracAdder_add_113_18_g1052/Y -       A1->Y   F     OAI21xp5_ASAP7_75t_SL          1  1.8    36    21     689    (-,-) 
  addinc_FP32_ALU_col2_fracAdder_add_113_18_g1041/Y -       A->Y    F     XOR2x1_ASAP7_75t_SL            2  2.3    36    29     718    (-,-) 
  g50551/Y                                          -       D->Y    R     NOR4xp75_ASAP7_75t_SL          1  2.9    62    32     750    (-,-) 
  g49818/Y                                          -       A->Y    F     NAND3x2_ASAP7_75t_SL           2  4.0    33    14     765    (-,-) 
  g49816/Y                                          -       A->Y    R     INVx4_ASAP7_75t_SL             7  7.1    27    18     782    (-,-) 
  g49795/Y                                          -       A2->Y   F     AOI21x1_ASAP7_75t_SL           2  1.8    31    12     794    (-,-) 
  g49758/Y                                          -       B->Y    F     AND2x4_ASAP7_75t_SL            2  3.5    14    24     818    (-,-) 
  g49752/Y                                          -       A->Y    R     NAND2x1p5_ASAP7_75t_SL         1  2.9    26    16     835    (-,-) 
  g49749/Y                                          -       B->Y    F     NOR3x2_ASAP7_75t_SL            3  3.2    27    19     854    (-,-) 
  g49747/Y                                          -       A->Y    F     BUFx3_ASAP7_75t_SL             6  4.4    17    25     879    (-,-) 
  g49710/Y                                          -       A2->Y   R     AOI21x1_ASAP7_75t_SL           1  0.9    23    12     891    (-,-) 
  g49704/Y                                          -       A->Y    F     INVx1_ASAP7_75t_L              1  1.4    17    14     905    (-,-) 
  g49689/Y                                          -       B->Y    R     AOI21x1_ASAP7_75t_SL           2  1.6    28    16     921    (-,-) 
  g49682/Y                                          -       A->Y    F     INVx1_ASAP7_75t_SL             1  1.4    18    12     933    (-,-) 
  g49655/Y                                          -       B->Y    R     AOI21x1_ASAP7_75t_SL           2  1.6    29    16     949    (-,-) 
  g49639/Y                                          -       A1->Y   R     AO221x2_ASAP7_75t_SL           3  3.0    26    39     988    (-,-) 
  g49620/Y                                          -       A2->Y   F     AOI21x1_ASAP7_75t_SL           4  4.6    42    20    1008    (-,-) 
  g49563/Y                                          -       B->Y    R     NOR2x1p5_ASAP7_75t_SL          6  5.2    47    27    1035    (-,-) 
  g49420/Y                                          -       A2->Y   F     AOI21xp5_ASAP7_75t_SL          1  0.9    27    13    1048    (-,-) 
  g49336/Y                                          -       B->Y    F     OA21x2_ASAP7_75t_SL            2  2.4    18    23    1071    (-,-) 
  g49235/Y                                          -       A->Y    F     XNOR2xp5_ASAP7_75t_SL          2  2.7    44    34    1105    (-,-) 
  g49209/Y                                          -       A->Y    R     INVx2_ASAP7_75t_SL             2  2.0    23    14    1120    (-,-) 
  g49126/Y                                          -       B->Y    F     NOR2x1_ASAP7_75t_SL            1  0.9    18    11    1131    (-,-) 
  g48938/Y                                          -       A1->Y   R     OAI21xp5_ASAP7_75t_SL          2  2.4    55    27    1158    (-,-) 
  g48846/Y                                          -       A2->Y   F     AOI21x1_ASAP7_75t_SL           2  2.1    31    14    1172    (-,-) 
  g48803/Y                                          -       A2->Y   R     OAI21xp5_ASAP7_75t_SL          2  2.4    56    32    1204    (-,-) 
  g48753/Y                                          -       A2->Y   F     AOI21x1_ASAP7_75t_SL           2  1.9    31    14    1218    (-,-) 
  g48715/Y                                          -       B->Y    R     XNOR2x2_ASAP7_75t_SL           2  2.0    19    32    1250    (-,-) 
  g48684/Y                                          -       A->Y    F     NAND3xp33_ASAP7_75t_SL         1  1.1    33    17    1268    (-,-) 
  g48603/Y                                          -       B->Y    R     XNOR2x2_ASAP7_75t_SL           2  1.3    15    31    1298    (-,-) 
  g48589/Y                                          -       B->Y    R     AND3x2_ASAP7_75t_SL            2  2.5    22    29    1328    (-,-) 
  g48580/Y                                          -       A2->Y   R     AO31x2_ASAP7_75t_SL            1  2.6    21    24    1352    (-,-) 
  g48578/Y                                          -       A->Y    F     INVx4_ASAP7_75t_SL            23 14.6    31    19    1371    (-,-) 
  g48545/Y                                          -       A2->Y   R     AOI21xp33_ASAP7_75t_SL         1  0.9    40    22    1393    (-,-) 
  PIPE_OUT_col2_stage_reg_reg[0][0]/D               -       -       R     ASYNC_DFFHx1_ASAP7_75t_SL      1    -     -     0    1393    (-,-) 
#--------------------------------------------------------------------------------------------------------------------------------------------



Path 47: VIOLATED (-509 ps) Setup Check with Pin PIPE_OUT_col1_stage_reg_reg[0][15]/CLK->D
           View: PVT_0P63V_100C.setup_view
          Group: clk
     Startpoint: (R) PIPE_OUT_col1_stage_reg_reg[0][6]/CLK
          Clock: (R) clk
       Endpoint: (R) PIPE_OUT_col1_stage_reg_reg[0][15]/D
          Clock: (R) clk

                     Capture       Launch     
        Clock Edge:+    1000            0     
       Src Latency:+       0            0     
       Net Latency:+       0 (I)        0 (I) 
           Arrival:=    1000            0     
                                              
             Setup:-      14                  
       Uncertainty:-     100                  
     Required Time:=     886                  
      Launch Clock:-       0                  
         Data Path:-    1395                  
             Slack:=    -509                  

#--------------------------------------------------------------------------------------------------------------------------------------------
#                   Timing Point                    Flags    Arc    Edge           Cell             Fanout Load Trans Delay Arrival Instance 
#                                                                                                          (fF)  (ps)  (ps)   (ps)  Location 
#--------------------------------------------------------------------------------------------------------------------------------------------
  PIPE_OUT_col1_stage_reg_reg[0][6]/CLK             -       -       R     (arrival)                   1135    -     0     0       0    (-,-) 
  PIPE_OUT_col1_stage_reg_reg[0][6]/QN              -       CLK->QN R     ASYNC_DFFHx1_ASAP7_75t_SL      2  1.8    34    54      54    (-,-) 
  g62601/Y                                          -       B1->Y   F     AOI22x1_ASAP7_75t_SL           4  3.0    62    18      72    (-,-) 
  g61903/Y                                          -       B2->Y   R     AOI22xp5_ASAP7_75t_SL          1  0.8    39    24      96    (-,-) 
  g61800__9315/Y                                    -       B->Y    R     OR2x2_ASAP7_75t_SL             1  0.9    12    22     118    (-,-) 
  g61766__9315/Y                                    -       B->Y    F     OAI21xp5_ASAP7_75t_SL          1  0.8    30    11     129    (-,-) 
  g61723__1881/Y                                    -       B->Y    R     AOI21xp5_ASAP7_75t_SL          1  0.9    31    19     148    (-,-) 
  g61712__6783/Y                                    -       A2->Y   F     OAI21xp5_ASAP7_75t_SL          1  0.8    24    14     162    (-,-) 
  g61646__6161/Y                                    -       A1->Y   F     AO331x2_ASAP7_75t_SL           2  2.3    24    41     203    (-,-) 
  g61643/Y                                          -       A->Y    F     BUFx5_ASAP7_75t_SL            11  8.4    22    31     234    (-,-) 
  g61641/Y                                          -       A->Y    R     INVx1_ASAP7_75t_SL             2  1.6    22    15     248    (-,-) 
  g61475__4319/Y                                    -       A2->Y   R     AO22x2_ASAP7_75t_SL            2  3.2    25    29     277    (-,-) 
  g61395/Y                                          -       A->Y    F     INVx2_ASAP7_75t_SL             2  2.6    16    11     288    (-,-) 
  g61191__5477/Y                                    -       B->Y    R     NAND4xp75_ASAP7_75t_SL         2  2.4    32    15     303    (-,-) 
  g61185__6417/Y                                    -       A->Y    F     NOR2x1p5_ASAP7_75t_SL          2  1.5    20    13     316    (-,-) 
  g63166/Y                                          -       B->Y    F     AND2x2_ASAP7_75t_SL            1  1.8    14    23     339    (-,-) 
  g61147__6260/Y                                    -       B->Y    F     XOR2x1_ASAP7_75t_SL            3  2.7    31    27     366    (-,-) 
  g61124/Y                                          -       A->Y    F     BUFx6f_ASAP7_75t_SL            8 10.5    19    26     392    (-,-) 
  g61127/Y                                          -       A->Y    R     INVx8_ASAP7_75t_SL            11 10.9    20    13     405    (-,-) 
  g60996__8428/Y                                    -       A->Y    R     AND2x4_ASAP7_75t_SL            4  3.1    15    19     424    (-,-) 
  g60846__1705/Y                                    -       A1->Y   F     AOI22xp5_ASAP7_75t_SL          1  1.8    42    17     442    (-,-) 
  g60791__9315/Y                                    -       B->Y    R     NAND2x1p5_ASAP7_75t_SL         2  2.2    32    19     461    (-,-) 
  g60769/Y                                          -       A->Y    F     INVx2_ASAP7_75t_SL             3  3.9    22    14     475    (-,-) 
  g60666__1881/Y                                    -       A1->Y   R     OAI22x1_ASAP7_75t_SL           1  1.8    35    17     492    (-,-) 
  g60615__6260/Y                                    -       A->Y    F     NOR2x1p5_ASAP7_75t_SL          1  1.8    22    15     507    (-,-) 
  g60540__5122/Y                                    -       A->Y    F     XOR2x1_ASAP7_75t_SL            3  3.1    40    29     535    (-,-) 
  addinc_FP32_ALU_col1_fracAdder_add_113_18_g954/Y  -       B->Y    F     AND2x2_ASAP7_75t_SL            3  1.8    17    27     562    (-,-) 
  addinc_FP32_ALU_col1_fracAdder_add_113_18_g844/Y  -       A2->Y   R     AOI21xp5_ASAP7_75t_SL          1  0.9    27    16     578    (-,-) 
  addinc_FP32_ALU_col1_fracAdder_add_113_18_g805/Y  -       B->Y    F     OAI21xp5_ASAP7_75t_SL          2  1.6    31    17     595    (-,-) 
  addinc_FP32_ALU_col1_fracAdder_add_113_18_g778/Y  -       A1->Y   R     AOI21xp5_ASAP7_75t_SL          1  0.9    32    17     612    (-,-) 
  addinc_FP32_ALU_col1_fracAdder_add_113_18_g764/Y  -       B->Y    F     OAI21xp5_ASAP7_75t_SL          1  1.5    30    17     629    (-,-) 
  addinc_FP32_ALU_col1_fracAdder_add_113_18_fopt3/Y -       A->Y    F     BUFx6f_ASAP7_75t_SL            6  5.9    14    23     652    (-,-) 
  addinc_FP32_ALU_col1_fracAdder_add_113_18_fopt2/Y -       A->Y    R     INVx3_ASAP7_75t_SL             6  5.0    21    13     665    (-,-) 
  addinc_FP32_ALU_col1_fracAdder_add_113_18_g739/Y  -       A1->Y   F     OAI21xp5_ASAP7_75t_SL          1  1.2    26    15     680    (-,-) 
  addinc_FP32_ALU_col1_fracAdder_add_113_18_g731/Y  -       B->Y    F     XOR2xp5_ASAP7_75t_SL           2  2.3    46    27     708    (-,-) 
  g50558/Y                                          -       B->Y    R     NOR4xp75_ASAP7_75t_SL          1  1.3    44    25     732    (-,-) 
  g49807/Y                                          -       B->Y    R     AND3x4_ASAP7_75t_SL            9  9.9    34    38     770    (-,-) 
  g49779/Y                                          -       A2->Y   F     AOI21x1_ASAP7_75t_SL           2  2.4    29    14     784    (-,-) 
  g49750/Y                                          -       D->Y    R     NAND4xp75_ASAP7_75t_SL         1  2.2    31    19     803    (-,-) 
  g49743/Y                                          -       A->Y    F     NOR2x2_ASAP7_75t_SL            5  5.0    30    21     824    (-,-) 
  g49735/Y                                          -       B->Y    R     NAND2xp5_ASAP7_75t_SL          1  1.8    39    23     847    (-,-) 
  g49696/Y                                          -       C->Y    F     NAND4xp75_ASAP7_75t_SL         4  4.8    58    29     876    (-,-) 
  g49695/Y                                          -       A->Y    R     INVx2_ASAP7_75t_SL             2  2.5    29    18     894    (-,-) 
  g49679/Y                                          -       A2->Y   F     AOI21x1_ASAP7_75t_SL           1  1.8    23    12     906    (-,-) 
  g49667/Y                                          -       A->Y    R     NAND2x1p5_ASAP7_75t_SL         3  3.4    31    20     926    (-,-) 
  g49645/Y                                          -       A1->Y   F     OAI21xp5_ASAP7_75t_SL          1  0.9    36    15     941    (-,-) 
  g49633/Y                                          -       A1->Y   F     OA21x2_ASAP7_75t_SL            5  5.2    27    34     975    (-,-) 
  g49630/Y                                          -       A->Y    R     INVx3_ASAP7_75t_SL             3  2.6    17    11     987    (-,-) 
  g49569/Y                                          -       B->Y    F     NAND2x1_ASAP7_75t_SL           1  1.3    22    10     996    (-,-) 
  g49527/Y                                          -       B->Y    F     AND2x4_ASAP7_75t_SL           20 16.6    36    34    1031    (-,-) 
  g49510/Y                                          -       A->Y    F     BUFx6f_ASAP7_75t_SL            8  5.6    14    24    1055    (-,-) 
  g49379/Y                                          -       A2->Y   R     AOI22xp5_ASAP7_75t_SL          2  1.6    49    22    1077    (-,-) 
  g49222/Y                                          -       B2->Y   R     OA22x2_ASAP7_75t_SL            2  2.0    18    25    1102    (-,-) 
  g49093/Y                                          -       A1->Y   F     OAI22x1_ASAP7_75t_SL           2  1.5    32    14    1116    (-,-) 
  g48976/Y                                          -       B1->Y   R     AOI22xp5_ASAP7_75t_SL          1  1.8    50    29    1144    (-,-) 
  g48908/Y                                          -       B->Y    F     NAND2x1p5_ASAP7_75t_SL         2  2.1    25    12    1156    (-,-) 
  g48819/Y                                          -       B->Y    R     NAND3x1_ASAP7_75t_SL           1  1.8    37    22    1179    (-,-) 
  g48793/Y                                          -       A->Y    F     NOR4xp75_ASAP7_75t_SL          2  1.8    23    12    1191    (-,-) 
  g48769/Y                                          -       B->Y    F     AND2x4_ASAP7_75t_SL            4  4.9    16    24    1215    (-,-) 
  g48742/Y                                          -       B->Y    R     NAND2x2_ASAP7_75t_SL           3  4.1    31    17    1232    (-,-) 
  g48696/Y                                          -       B->Y    F     NOR2x1p5_ASAP7_75t_SL          2  2.4    26    14    1246    (-,-) 
  g48668/Y                                          -       B->Y    F     AND2x4_ASAP7_75t_SL            2  2.9    14    22    1269    (-,-) 
  g63177/Y                                          -       B->Y    F     XNOR2xp5_ASAP7_75t_SL          2  1.9    34    27    1296    (-,-) 
  g48595/Y                                          -       B->Y    R     NOR2x1_ASAP7_75t_SL            1  1.8    30    17    1314    (-,-) 
  g48582/Y                                          -       C->Y    F     NAND4xp75_ASAP7_75t_SL         1  1.3    30    16    1330    (-,-) 
  g48577/Y                                          -       A2->Y   R     AOI21x1_ASAP7_75t_SL           1  2.6    60    21    1350    (-,-) 
  g48576/Y                                          -       A->Y    R     BUFx12f_ASAP7_75t_SL           7 11.8    19    25    1375    (-,-) 
  g48574/Y                                          -       A->Y    F     INVx6_ASAP7_75t_SL             6  4.5    11     8    1383    (-,-) 
  g48519/Y                                          -       B->Y    R     NAND2xp5_ASAP7_75t_SL          1  0.9    24    12    1395    (-,-) 
  PIPE_OUT_col1_stage_reg_reg[0][15]/D              -       -       R     ASYNC_DFFHx1_ASAP7_75t_SL      1    -     -     0    1395    (-,-) 
#--------------------------------------------------------------------------------------------------------------------------------------------



Path 48: VIOLATED (-509 ps) Setup Check with Pin PIPE_OUT_col1_stage_reg_reg[0][13]/CLK->D
           View: PVT_0P63V_100C.setup_view
          Group: clk
     Startpoint: (R) PIPE_OUT_col1_stage_reg_reg[0][6]/CLK
          Clock: (R) clk
       Endpoint: (R) PIPE_OUT_col1_stage_reg_reg[0][13]/D
          Clock: (R) clk

                     Capture       Launch     
        Clock Edge:+    1000            0     
       Src Latency:+       0            0     
       Net Latency:+       0 (I)        0 (I) 
           Arrival:=    1000            0     
                                              
             Setup:-      14                  
       Uncertainty:-     100                  
     Required Time:=     886                  
      Launch Clock:-       0                  
         Data Path:-    1395                  
             Slack:=    -509                  

#--------------------------------------------------------------------------------------------------------------------------------------------
#                   Timing Point                    Flags    Arc    Edge           Cell             Fanout Load Trans Delay Arrival Instance 
#                                                                                                          (fF)  (ps)  (ps)   (ps)  Location 
#--------------------------------------------------------------------------------------------------------------------------------------------
  PIPE_OUT_col1_stage_reg_reg[0][6]/CLK             -       -       R     (arrival)                   1135    -     0     0       0    (-,-) 
  PIPE_OUT_col1_stage_reg_reg[0][6]/QN              -       CLK->QN R     ASYNC_DFFHx1_ASAP7_75t_SL      2  1.8    34    54      54    (-,-) 
  g62601/Y                                          -       B1->Y   F     AOI22x1_ASAP7_75t_SL           4  3.0    62    18      72    (-,-) 
  g61903/Y                                          -       B2->Y   R     AOI22xp5_ASAP7_75t_SL          1  0.8    39    24      96    (-,-) 
  g61800__9315/Y                                    -       B->Y    R     OR2x2_ASAP7_75t_SL             1  0.9    12    22     118    (-,-) 
  g61766__9315/Y                                    -       B->Y    F     OAI21xp5_ASAP7_75t_SL          1  0.8    30    11     129    (-,-) 
  g61723__1881/Y                                    -       B->Y    R     AOI21xp5_ASAP7_75t_SL          1  0.9    31    19     148    (-,-) 
  g61712__6783/Y                                    -       A2->Y   F     OAI21xp5_ASAP7_75t_SL          1  0.8    24    14     162    (-,-) 
  g61646__6161/Y                                    -       A1->Y   F     AO331x2_ASAP7_75t_SL           2  2.3    24    41     203    (-,-) 
  g61643/Y                                          -       A->Y    F     BUFx5_ASAP7_75t_SL            11  8.4    22    31     234    (-,-) 
  g61641/Y                                          -       A->Y    R     INVx1_ASAP7_75t_SL             2  1.6    22    15     248    (-,-) 
  g61475__4319/Y                                    -       A2->Y   R     AO22x2_ASAP7_75t_SL            2  3.2    25    29     277    (-,-) 
  g61395/Y                                          -       A->Y    F     INVx2_ASAP7_75t_SL             2  2.6    16    11     288    (-,-) 
  g61191__5477/Y                                    -       B->Y    R     NAND4xp75_ASAP7_75t_SL         2  2.4    32    15     303    (-,-) 
  g61185__6417/Y                                    -       A->Y    F     NOR2x1p5_ASAP7_75t_SL          2  1.5    20    13     316    (-,-) 
  g63166/Y                                          -       B->Y    F     AND2x2_ASAP7_75t_SL            1  1.8    14    23     339    (-,-) 
  g61147__6260/Y                                    -       B->Y    F     XOR2x1_ASAP7_75t_SL            3  2.7    31    27     366    (-,-) 
  g61124/Y                                          -       A->Y    F     BUFx6f_ASAP7_75t_SL            8 10.5    19    26     392    (-,-) 
  g61127/Y                                          -       A->Y    R     INVx8_ASAP7_75t_SL            11 10.9    20    13     405    (-,-) 
  g60996__8428/Y                                    -       A->Y    R     AND2x4_ASAP7_75t_SL            4  3.1    15    19     424    (-,-) 
  g60846__1705/Y                                    -       A1->Y   F     AOI22xp5_ASAP7_75t_SL          1  1.8    42    17     442    (-,-) 
  g60791__9315/Y                                    -       B->Y    R     NAND2x1p5_ASAP7_75t_SL         2  2.2    32    19     461    (-,-) 
  g60769/Y                                          -       A->Y    F     INVx2_ASAP7_75t_SL             3  3.9    22    14     475    (-,-) 
  g60666__1881/Y                                    -       A1->Y   R     OAI22x1_ASAP7_75t_SL           1  1.8    35    17     492    (-,-) 
  g60615__6260/Y                                    -       A->Y    F     NOR2x1p5_ASAP7_75t_SL          1  1.8    22    15     507    (-,-) 
  g60540__5122/Y                                    -       A->Y    F     XOR2x1_ASAP7_75t_SL            3  3.1    40    29     535    (-,-) 
  addinc_FP32_ALU_col1_fracAdder_add_113_18_g954/Y  -       B->Y    F     AND2x2_ASAP7_75t_SL            3  1.8    17    27     562    (-,-) 
  addinc_FP32_ALU_col1_fracAdder_add_113_18_g844/Y  -       A2->Y   R     AOI21xp5_ASAP7_75t_SL          1  0.9    27    16     578    (-,-) 
  addinc_FP32_ALU_col1_fracAdder_add_113_18_g805/Y  -       B->Y    F     OAI21xp5_ASAP7_75t_SL          2  1.6    31    17     595    (-,-) 
  addinc_FP32_ALU_col1_fracAdder_add_113_18_g778/Y  -       A1->Y   R     AOI21xp5_ASAP7_75t_SL          1  0.9    32    17     612    (-,-) 
  addinc_FP32_ALU_col1_fracAdder_add_113_18_g764/Y  -       B->Y    F     OAI21xp5_ASAP7_75t_SL          1  1.5    30    17     629    (-,-) 
  addinc_FP32_ALU_col1_fracAdder_add_113_18_fopt3/Y -       A->Y    F     BUFx6f_ASAP7_75t_SL            6  5.9    14    23     652    (-,-) 
  addinc_FP32_ALU_col1_fracAdder_add_113_18_fopt2/Y -       A->Y    R     INVx3_ASAP7_75t_SL             6  5.0    21    13     665    (-,-) 
  addinc_FP32_ALU_col1_fracAdder_add_113_18_g739/Y  -       A1->Y   F     OAI21xp5_ASAP7_75t_SL          1  1.2    26    15     680    (-,-) 
  addinc_FP32_ALU_col1_fracAdder_add_113_18_g731/Y  -       B->Y    F     XOR2xp5_ASAP7_75t_SL           2  2.3    46    27     708    (-,-) 
  g50558/Y                                          -       B->Y    R     NOR4xp75_ASAP7_75t_SL          1  1.3    44    25     732    (-,-) 
  g49807/Y                                          -       B->Y    R     AND3x4_ASAP7_75t_SL            9  9.9    34    38     770    (-,-) 
  g49779/Y                                          -       A2->Y   F     AOI21x1_ASAP7_75t_SL           2  2.4    29    14     784    (-,-) 
  g49750/Y                                          -       D->Y    R     NAND4xp75_ASAP7_75t_SL         1  2.2    31    19     803    (-,-) 
  g49743/Y                                          -       A->Y    F     NOR2x2_ASAP7_75t_SL            5  5.0    30    21     824    (-,-) 
  g49735/Y                                          -       B->Y    R     NAND2xp5_ASAP7_75t_SL          1  1.8    39    23     847    (-,-) 
  g49696/Y                                          -       C->Y    F     NAND4xp75_ASAP7_75t_SL         4  4.8    58    29     876    (-,-) 
  g49695/Y                                          -       A->Y    R     INVx2_ASAP7_75t_SL             2  2.5    29    18     894    (-,-) 
  g49679/Y                                          -       A2->Y   F     AOI21x1_ASAP7_75t_SL           1  1.8    23    12     906    (-,-) 
  g49667/Y                                          -       A->Y    R     NAND2x1p5_ASAP7_75t_SL         3  3.4    31    20     926    (-,-) 
  g49645/Y                                          -       A1->Y   F     OAI21xp5_ASAP7_75t_SL          1  0.9    36    15     941    (-,-) 
  g49633/Y                                          -       A1->Y   F     OA21x2_ASAP7_75t_SL            5  5.2    27    34     975    (-,-) 
  g49630/Y                                          -       A->Y    R     INVx3_ASAP7_75t_SL             3  2.6    17    11     987    (-,-) 
  g49569/Y                                          -       B->Y    F     NAND2x1_ASAP7_75t_SL           1  1.3    22    10     996    (-,-) 
  g49527/Y                                          -       B->Y    F     AND2x4_ASAP7_75t_SL           20 16.6    36    34    1031    (-,-) 
  g49510/Y                                          -       A->Y    F     BUFx6f_ASAP7_75t_SL            8  5.6    14    24    1055    (-,-) 
  g49379/Y                                          -       A2->Y   R     AOI22xp5_ASAP7_75t_SL          2  1.6    49    22    1077    (-,-) 
  g49222/Y                                          -       B2->Y   R     OA22x2_ASAP7_75t_SL            2  2.0    18    25    1102    (-,-) 
  g49093/Y                                          -       A1->Y   F     OAI22x1_ASAP7_75t_SL           2  1.5    32    14    1116    (-,-) 
  g48976/Y                                          -       B1->Y   R     AOI22xp5_ASAP7_75t_SL          1  1.8    50    29    1144    (-,-) 
  g48908/Y                                          -       B->Y    F     NAND2x1p5_ASAP7_75t_SL         2  2.1    25    12    1156    (-,-) 
  g48819/Y                                          -       B->Y    R     NAND3x1_ASAP7_75t_SL           1  1.8    37    22    1179    (-,-) 
  g48793/Y                                          -       A->Y    F     NOR4xp75_ASAP7_75t_SL          2  1.8    23    12    1191    (-,-) 
  g48769/Y                                          -       B->Y    F     AND2x4_ASAP7_75t_SL            4  4.9    16    24    1215    (-,-) 
  g48742/Y                                          -       B->Y    R     NAND2x2_ASAP7_75t_SL           3  4.1    31    17    1232    (-,-) 
  g48696/Y                                          -       B->Y    F     NOR2x1p5_ASAP7_75t_SL          2  2.4    26    14    1246    (-,-) 
  g48668/Y                                          -       B->Y    F     AND2x4_ASAP7_75t_SL            2  2.9    14    22    1269    (-,-) 
  g63177/Y                                          -       B->Y    F     XNOR2xp5_ASAP7_75t_SL          2  1.9    34    27    1296    (-,-) 
  g48595/Y                                          -       B->Y    R     NOR2x1_ASAP7_75t_SL            1  1.8    30    17    1314    (-,-) 
  g48582/Y                                          -       C->Y    F     NAND4xp75_ASAP7_75t_SL         1  1.3    30    16    1330    (-,-) 
  g48577/Y                                          -       A2->Y   R     AOI21x1_ASAP7_75t_SL           1  2.6    60    21    1350    (-,-) 
  g48576/Y                                          -       A->Y    R     BUFx12f_ASAP7_75t_SL           7 11.8    19    25    1375    (-,-) 
  g48574/Y                                          -       A->Y    F     INVx6_ASAP7_75t_SL             6  4.5    11     8    1383    (-,-) 
  g48518/Y                                          -       B->Y    R     NAND2xp5_ASAP7_75t_SL          1  0.9    24    12    1395    (-,-) 
  PIPE_OUT_col1_stage_reg_reg[0][13]/D              -       -       R     ASYNC_DFFHx1_ASAP7_75t_SL      1    -     -     0    1395    (-,-) 
#--------------------------------------------------------------------------------------------------------------------------------------------



Path 49: VIOLATED (-508 ps) Setup Check with Pin PIPE_OUT_col1_stage_reg_reg[0][0]/CLK->D
           View: PVT_0P63V_100C.setup_view
          Group: clk
     Startpoint: (R) PIPE_OUT_col1_stage_reg_reg[0][6]/CLK
          Clock: (R) clk
       Endpoint: (F) PIPE_OUT_col1_stage_reg_reg[0][0]/D
          Clock: (R) clk

                     Capture       Launch     
        Clock Edge:+    1000            0     
       Src Latency:+       0            0     
       Net Latency:+       0 (I)        0 (I) 
           Arrival:=    1000            0     
                                              
             Setup:-      17                  
       Uncertainty:-     100                  
     Required Time:=     883                  
      Launch Clock:-       0                  
         Data Path:-    1391                  
             Slack:=    -508                  

#--------------------------------------------------------------------------------------------------------------------------------------------
#                   Timing Point                    Flags    Arc    Edge           Cell             Fanout Load Trans Delay Arrival Instance 
#                                                                                                          (fF)  (ps)  (ps)   (ps)  Location 
#--------------------------------------------------------------------------------------------------------------------------------------------
  PIPE_OUT_col1_stage_reg_reg[0][6]/CLK             -       -       R     (arrival)                   1135    -     0     0       0    (-,-) 
  PIPE_OUT_col1_stage_reg_reg[0][6]/QN              -       CLK->QN R     ASYNC_DFFHx1_ASAP7_75t_SL      2  1.8    34    54      54    (-,-) 
  g62601/Y                                          -       B1->Y   F     AOI22x1_ASAP7_75t_SL           4  3.0    62    18      72    (-,-) 
  g61903/Y                                          -       B2->Y   R     AOI22xp5_ASAP7_75t_SL          1  0.8    39    24      96    (-,-) 
  g61800__9315/Y                                    -       B->Y    R     OR2x2_ASAP7_75t_SL             1  0.9    12    22     118    (-,-) 
  g61766__9315/Y                                    -       B->Y    F     OAI21xp5_ASAP7_75t_SL          1  0.8    30    11     129    (-,-) 
  g61723__1881/Y                                    -       B->Y    R     AOI21xp5_ASAP7_75t_SL          1  0.9    31    19     148    (-,-) 
  g61712__6783/Y                                    -       A2->Y   F     OAI21xp5_ASAP7_75t_SL          1  0.8    24    14     162    (-,-) 
  g61646__6161/Y                                    -       A1->Y   F     AO331x2_ASAP7_75t_SL           2  2.3    24    41     203    (-,-) 
  g61643/Y                                          -       A->Y    F     BUFx5_ASAP7_75t_SL            11  8.4    22    31     234    (-,-) 
  g61641/Y                                          -       A->Y    R     INVx1_ASAP7_75t_SL             2  1.6    22    15     248    (-,-) 
  g61475__4319/Y                                    -       A2->Y   R     AO22x2_ASAP7_75t_SL            2  3.2    25    29     277    (-,-) 
  g61395/Y                                          -       A->Y    F     INVx2_ASAP7_75t_SL             2  2.6    16    11     288    (-,-) 
  g61191__5477/Y                                    -       B->Y    R     NAND4xp75_ASAP7_75t_SL         2  2.4    32    15     303    (-,-) 
  g61185__6417/Y                                    -       A->Y    F     NOR2x1p5_ASAP7_75t_SL          2  1.5    20    13     316    (-,-) 
  g63166/Y                                          -       B->Y    F     AND2x2_ASAP7_75t_SL            1  1.8    14    23     339    (-,-) 
  g61147__6260/Y                                    -       B->Y    F     XOR2x1_ASAP7_75t_SL            3  2.7    31    27     366    (-,-) 
  g61124/Y                                          -       A->Y    F     BUFx6f_ASAP7_75t_SL            8 10.5    19    26     392    (-,-) 
  g61127/Y                                          -       A->Y    R     INVx8_ASAP7_75t_SL            11 10.9    20    13     405    (-,-) 
  g60996__8428/Y                                    -       A->Y    R     AND2x4_ASAP7_75t_SL            4  3.1    15    19     424    (-,-) 
  g60846__1705/Y                                    -       A1->Y   F     AOI22xp5_ASAP7_75t_SL          1  1.8    42    17     442    (-,-) 
  g60791__9315/Y                                    -       B->Y    R     NAND2x1p5_ASAP7_75t_SL         2  2.2    32    19     461    (-,-) 
  g60769/Y                                          -       A->Y    F     INVx2_ASAP7_75t_SL             3  3.9    22    14     475    (-,-) 
  g60666__1881/Y                                    -       A1->Y   R     OAI22x1_ASAP7_75t_SL           1  1.8    35    17     492    (-,-) 
  g60615__6260/Y                                    -       A->Y    F     NOR2x1p5_ASAP7_75t_SL          1  1.8    22    15     507    (-,-) 
  g60540__5122/Y                                    -       A->Y    F     XOR2x1_ASAP7_75t_SL            3  3.1    40    29     535    (-,-) 
  addinc_FP32_ALU_col1_fracAdder_add_113_18_g954/Y  -       B->Y    F     AND2x2_ASAP7_75t_SL            3  1.8    17    27     562    (-,-) 
  addinc_FP32_ALU_col1_fracAdder_add_113_18_g844/Y  -       A2->Y   R     AOI21xp5_ASAP7_75t_SL          1  0.9    27    16     578    (-,-) 
  addinc_FP32_ALU_col1_fracAdder_add_113_18_g805/Y  -       B->Y    F     OAI21xp5_ASAP7_75t_SL          2  1.6    31    17     595    (-,-) 
  addinc_FP32_ALU_col1_fracAdder_add_113_18_g778/Y  -       A1->Y   R     AOI21xp5_ASAP7_75t_SL          1  0.9    32    17     612    (-,-) 
  addinc_FP32_ALU_col1_fracAdder_add_113_18_g764/Y  -       B->Y    F     OAI21xp5_ASAP7_75t_SL          1  1.5    30    17     629    (-,-) 
  addinc_FP32_ALU_col1_fracAdder_add_113_18_fopt3/Y -       A->Y    F     BUFx6f_ASAP7_75t_SL            6  5.9    14    23     652    (-,-) 
  addinc_FP32_ALU_col1_fracAdder_add_113_18_fopt2/Y -       A->Y    R     INVx3_ASAP7_75t_SL             6  5.0    21    13     665    (-,-) 
  addinc_FP32_ALU_col1_fracAdder_add_113_18_g739/Y  -       A1->Y   F     OAI21xp5_ASAP7_75t_SL          1  1.2    26    15     680    (-,-) 
  addinc_FP32_ALU_col1_fracAdder_add_113_18_g731/Y  -       B->Y    F     XOR2xp5_ASAP7_75t_SL           2  2.3    46    27     708    (-,-) 
  g50558/Y                                          -       B->Y    R     NOR4xp75_ASAP7_75t_SL          1  1.3    44    25     732    (-,-) 
  g49807/Y                                          -       B->Y    R     AND3x4_ASAP7_75t_SL            9  9.9    34    38     770    (-,-) 
  g49779/Y                                          -       A2->Y   F     AOI21x1_ASAP7_75t_SL           2  2.4    29    14     784    (-,-) 
  g49750/Y                                          -       D->Y    R     NAND4xp75_ASAP7_75t_SL         1  2.2    31    19     803    (-,-) 
  g49743/Y                                          -       A->Y    F     NOR2x2_ASAP7_75t_SL            5  5.0    30    21     824    (-,-) 
  g49735/Y                                          -       B->Y    R     NAND2xp5_ASAP7_75t_SL          1  1.8    39    23     847    (-,-) 
  g49696/Y                                          -       C->Y    F     NAND4xp75_ASAP7_75t_SL         4  4.8    58    29     876    (-,-) 
  g49695/Y                                          -       A->Y    R     INVx2_ASAP7_75t_SL             2  2.5    29    18     894    (-,-) 
  g49679/Y                                          -       A2->Y   F     AOI21x1_ASAP7_75t_SL           1  1.8    23    12     906    (-,-) 
  g49667/Y                                          -       A->Y    R     NAND2x1p5_ASAP7_75t_SL         3  3.4    31    20     926    (-,-) 
  g49645/Y                                          -       A1->Y   F     OAI21xp5_ASAP7_75t_SL          1  0.9    36    15     941    (-,-) 
  g49633/Y                                          -       A1->Y   F     OA21x2_ASAP7_75t_SL            5  5.2    27    34     975    (-,-) 
  g49630/Y                                          -       A->Y    R     INVx3_ASAP7_75t_SL             3  2.6    17    11     987    (-,-) 
  g49621/Y                                          -       B->Y    R     AND2x2_ASAP7_75t_SL            3  2.9    20    24    1011    (-,-) 
  g49518/Y                                          -       A2->Y   F     AOI21x1_ASAP7_75t_SL           1  1.5    30    11    1021    (-,-) 
  g49484/Y                                          -       A->Y    R     INVx2_ASAP7_75t_SL             1  1.4    16    11    1032    (-,-) 
  g49423/Y                                          -       B->Y    F     AOI21x1_ASAP7_75t_SL           2  1.5    28    11    1043    (-,-) 
  g49338/Y                                          -       B->Y    F     OR2x2_ASAP7_75t_SL             3  3.7    22    31    1074    (-,-) 
  g49267/Y                                          -       B->Y    R     NAND2x1p5_ASAP7_75t_SL         2  2.4    30    16    1090    (-,-) 
  g49195/Y                                          -       A->Y    F     NAND2x1p5_ASAP7_75t_SL         2  1.4    23     8    1098    (-,-) 
  g49071/Y                                          -       A2->Y   R     OAI21xp5_ASAP7_75t_SL          2  1.8    43    25    1122    (-,-) 
  g48939/Y                                          -       A2->Y   F     AOI21x1_ASAP7_75t_SL           2  1.7    26    13    1135    (-,-) 
  g48914/Y                                          -       A->Y    F     BUFx3_ASAP7_75t_SL             1  1.8    12    21    1156    (-,-) 
  g48866/Y                                          -       B->Y    F     XOR2x1_ASAP7_75t_SL            2  1.5    25    24    1180    (-,-) 
  g48827/Y                                          -       A->Y    R     NAND3xp33_ASAP7_75t_SL         1  1.3    36    19    1199    (-,-) 
  g48792/Y                                          -       A->Y    F     NOR2x1_ASAP7_75t_SL            2  1.4    25    17    1216    (-,-) 
  g48748/Y                                          -       B->Y    R     NAND2xp5_ASAP7_75t_SL          1  0.8    21    15    1231    (-,-) 
  g48736/Y                                          -       B->Y    R     OR2x2_ASAP7_75t_SL             1  1.8    16    21    1252    (-,-) 
  g48672/Y                                          -       A->Y    F     NOR2x1p5_ASAP7_75t_SL          1  1.8    16    12    1264    (-,-) 
  g48633/Y                                          -       A->Y    R     NAND2x1p5_ASAP7_75t_SL         1  1.8    21    14    1278    (-,-) 
  g48602/Y                                          -       A->Y    R     XOR2x1_ASAP7_75t_SL            2  2.4    36    26    1304    (-,-) 
  g48587/Y                                          -       B->Y    F     NOR2x1p5_ASAP7_75t_SL          1  1.8    23    13    1317    (-,-) 
  g48582/Y                                          -       A->Y    R     NAND4xp75_ASAP7_75t_SL         1  1.3    28    12    1329    (-,-) 
  g48577/Y                                          -       A2->Y   F     AOI21x1_ASAP7_75t_SL           1  2.6    44    15    1344    (-,-) 
  g48576/Y                                          -       A->Y    F     BUFx12f_ASAP7_75t_SL           7 11.8    16    26    1370    (-,-) 
  g48574/Y                                          -       A->Y    R     INVx6_ASAP7_75t_SL             6  4.5    13     9    1380    (-,-) 
  g48536/Y                                          -       B->Y    F     OAI21xp5_ASAP7_75t_SL          1  0.9    26    12    1391    (-,-) 
  PIPE_OUT_col1_stage_reg_reg[0][0]/D               -       -       F     ASYNC_DFFHx1_ASAP7_75t_SL      1    -     -     0    1391    (-,-) 
#--------------------------------------------------------------------------------------------------------------------------------------------



Path 50: VIOLATED (-507 ps) Setup Check with Pin PIPE_OUT_col1_stage_reg_reg[0][28]/CLK->D
           View: PVT_0P63V_100C.setup_view
          Group: clk
     Startpoint: (R) PIPE_OUT_col1_stage_reg_reg[0][6]/CLK
          Clock: (R) clk
       Endpoint: (R) PIPE_OUT_col1_stage_reg_reg[0][28]/D
          Clock: (R) clk

                     Capture       Launch     
        Clock Edge:+    1000            0     
       Src Latency:+       0            0     
       Net Latency:+       0 (I)        0 (I) 
           Arrival:=    1000            0     
                                              
             Setup:-      16                  
       Uncertainty:-     100                  
     Required Time:=     884                  
      Launch Clock:-       0                  
         Data Path:-    1391                  
             Slack:=    -507                  

#--------------------------------------------------------------------------------------------------------------------------------------------
#                   Timing Point                    Flags    Arc    Edge           Cell             Fanout Load Trans Delay Arrival Instance 
#                                                                                                          (fF)  (ps)  (ps)   (ps)  Location 
#--------------------------------------------------------------------------------------------------------------------------------------------
  PIPE_OUT_col1_stage_reg_reg[0][6]/CLK             -       -       R     (arrival)                   1135    -     0     0       0    (-,-) 
  PIPE_OUT_col1_stage_reg_reg[0][6]/QN              -       CLK->QN R     ASYNC_DFFHx1_ASAP7_75t_SL      2  1.8    34    54      54    (-,-) 
  g62601/Y                                          -       B1->Y   F     AOI22x1_ASAP7_75t_SL           4  3.0    62    18      72    (-,-) 
  g61903/Y                                          -       B2->Y   R     AOI22xp5_ASAP7_75t_SL          1  0.8    39    24      96    (-,-) 
  g61800__9315/Y                                    -       B->Y    R     OR2x2_ASAP7_75t_SL             1  0.9    12    22     118    (-,-) 
  g61766__9315/Y                                    -       B->Y    F     OAI21xp5_ASAP7_75t_SL          1  0.8    30    11     129    (-,-) 
  g61723__1881/Y                                    -       B->Y    R     AOI21xp5_ASAP7_75t_SL          1  0.9    31    19     148    (-,-) 
  g61712__6783/Y                                    -       A2->Y   F     OAI21xp5_ASAP7_75t_SL          1  0.8    24    14     162    (-,-) 
  g61646__6161/Y                                    -       A1->Y   F     AO331x2_ASAP7_75t_SL           2  2.3    24    41     203    (-,-) 
  g61643/Y                                          -       A->Y    F     BUFx5_ASAP7_75t_SL            11  8.4    22    31     234    (-,-) 
  g61641/Y                                          -       A->Y    R     INVx1_ASAP7_75t_SL             2  1.6    22    15     248    (-,-) 
  g61475__4319/Y                                    -       A2->Y   R     AO22x2_ASAP7_75t_SL            2  3.2    25    29     277    (-,-) 
  g61395/Y                                          -       A->Y    F     INVx2_ASAP7_75t_SL             2  2.6    16    11     288    (-,-) 
  g61191__5477/Y                                    -       B->Y    R     NAND4xp75_ASAP7_75t_SL         2  2.4    32    15     303    (-,-) 
  g61185__6417/Y                                    -       A->Y    F     NOR2x1p5_ASAP7_75t_SL          2  1.5    20    13     316    (-,-) 
  g63166/Y                                          -       B->Y    F     AND2x2_ASAP7_75t_SL            1  1.8    14    23     339    (-,-) 
  g61147__6260/Y                                    -       B->Y    F     XOR2x1_ASAP7_75t_SL            3  2.7    31    27     366    (-,-) 
  g61124/Y                                          -       A->Y    F     BUFx6f_ASAP7_75t_SL            8 10.5    19    26     392    (-,-) 
  g61127/Y                                          -       A->Y    R     INVx8_ASAP7_75t_SL            11 10.9    20    13     405    (-,-) 
  g60996__8428/Y                                    -       A->Y    R     AND2x4_ASAP7_75t_SL            4  3.1    15    19     424    (-,-) 
  g60846__1705/Y                                    -       A1->Y   F     AOI22xp5_ASAP7_75t_SL          1  1.8    42    17     442    (-,-) 
  g60791__9315/Y                                    -       B->Y    R     NAND2x1p5_ASAP7_75t_SL         2  2.2    32    19     461    (-,-) 
  g60769/Y                                          -       A->Y    F     INVx2_ASAP7_75t_SL             3  3.9    22    14     475    (-,-) 
  g60666__1881/Y                                    -       A1->Y   R     OAI22x1_ASAP7_75t_SL           1  1.8    35    17     492    (-,-) 
  g60615__6260/Y                                    -       A->Y    F     NOR2x1p5_ASAP7_75t_SL          1  1.8    22    15     507    (-,-) 
  g60540__5122/Y                                    -       A->Y    F     XOR2x1_ASAP7_75t_SL            3  3.1    40    29     535    (-,-) 
  addinc_FP32_ALU_col1_fracAdder_add_113_18_g954/Y  -       B->Y    F     AND2x2_ASAP7_75t_SL            3  1.8    17    27     562    (-,-) 
  addinc_FP32_ALU_col1_fracAdder_add_113_18_g844/Y  -       A2->Y   R     AOI21xp5_ASAP7_75t_SL          1  0.9    27    16     578    (-,-) 
  addinc_FP32_ALU_col1_fracAdder_add_113_18_g805/Y  -       B->Y    F     OAI21xp5_ASAP7_75t_SL          2  1.6    31    17     595    (-,-) 
  addinc_FP32_ALU_col1_fracAdder_add_113_18_g778/Y  -       A1->Y   R     AOI21xp5_ASAP7_75t_SL          1  0.9    32    17     612    (-,-) 
  addinc_FP32_ALU_col1_fracAdder_add_113_18_g764/Y  -       B->Y    F     OAI21xp5_ASAP7_75t_SL          1  1.5    30    17     629    (-,-) 
  addinc_FP32_ALU_col1_fracAdder_add_113_18_fopt3/Y -       A->Y    F     BUFx6f_ASAP7_75t_SL            6  5.9    14    23     652    (-,-) 
  addinc_FP32_ALU_col1_fracAdder_add_113_18_fopt2/Y -       A->Y    R     INVx3_ASAP7_75t_SL             6  5.0    21    13     665    (-,-) 
  addinc_FP32_ALU_col1_fracAdder_add_113_18_g739/Y  -       A1->Y   F     OAI21xp5_ASAP7_75t_SL          1  1.2    26    15     680    (-,-) 
  addinc_FP32_ALU_col1_fracAdder_add_113_18_g731/Y  -       B->Y    F     XOR2xp5_ASAP7_75t_SL           2  2.3    46    27     708    (-,-) 
  g50558/Y                                          -       B->Y    R     NOR4xp75_ASAP7_75t_SL          1  1.3    44    25     732    (-,-) 
  g49807/Y                                          -       B->Y    R     AND3x4_ASAP7_75t_SL            9  9.9    34    38     770    (-,-) 
  g49779/Y                                          -       A2->Y   F     AOI21x1_ASAP7_75t_SL           2  2.4    29    14     784    (-,-) 
  g49750/Y                                          -       D->Y    R     NAND4xp75_ASAP7_75t_SL         1  2.2    31    19     803    (-,-) 
  g49743/Y                                          -       A->Y    F     NOR2x2_ASAP7_75t_SL            5  5.0    30    21     824    (-,-) 
  g49735/Y                                          -       B->Y    R     NAND2xp5_ASAP7_75t_SL          1  1.8    39    23     847    (-,-) 
  g49696/Y                                          -       C->Y    F     NAND4xp75_ASAP7_75t_SL         4  4.8    58    29     876    (-,-) 
  g49695/Y                                          -       A->Y    R     INVx2_ASAP7_75t_SL             2  2.5    29    18     894    (-,-) 
  g49679/Y                                          -       A2->Y   F     AOI21x1_ASAP7_75t_SL           1  1.8    23    12     906    (-,-) 
  g49667/Y                                          -       A->Y    R     NAND2x1p5_ASAP7_75t_SL         3  3.4    31    20     926    (-,-) 
  g49645/Y                                          -       A1->Y   F     OAI21xp5_ASAP7_75t_SL          1  0.9    36    15     941    (-,-) 
  g49633/Y                                          -       A1->Y   F     OA21x2_ASAP7_75t_SL            5  5.2    27    34     975    (-,-) 
  g49630/Y                                          -       A->Y    R     INVx3_ASAP7_75t_SL             3  2.6    17    11     987    (-,-) 
  g49621/Y                                          -       B->Y    R     AND2x2_ASAP7_75t_SL            3  2.9    20    24    1011    (-,-) 
  g49518/Y                                          -       A2->Y   F     AOI21x1_ASAP7_75t_SL           1  1.5    30    11    1021    (-,-) 
  g49484/Y                                          -       A->Y    R     INVx2_ASAP7_75t_SL             1  1.4    16    11    1032    (-,-) 
  g49423/Y                                          -       B->Y    F     AOI21x1_ASAP7_75t_SL           2  1.5    28    11    1043    (-,-) 
  g49338/Y                                          -       B->Y    F     OR2x2_ASAP7_75t_SL             3  3.7    22    31    1074    (-,-) 
  g49267/Y                                          -       B->Y    R     NAND2x1p5_ASAP7_75t_SL         2  2.4    30    16    1090    (-,-) 
  g49195/Y                                          -       A->Y    F     NAND2x1p5_ASAP7_75t_SL         2  1.4    23     8    1098    (-,-) 
  g49071/Y                                          -       A2->Y   R     OAI21xp5_ASAP7_75t_SL          2  1.8    43    25    1122    (-,-) 
  g48939/Y                                          -       A2->Y   F     AOI21x1_ASAP7_75t_SL           2  1.7    26    13    1135    (-,-) 
  g48914/Y                                          -       A->Y    F     BUFx3_ASAP7_75t_SL             1  1.8    12    21    1156    (-,-) 
  g48866/Y                                          -       B->Y    F     XOR2x1_ASAP7_75t_SL            2  1.5    25    24    1180    (-,-) 
  g48827/Y                                          -       A->Y    R     NAND3xp33_ASAP7_75t_SL         1  1.3    36    19    1199    (-,-) 
  g48792/Y                                          -       A->Y    F     NOR2x1_ASAP7_75t_SL            2  1.4    25    17    1216    (-,-) 
  g48748/Y                                          -       B->Y    R     NAND2xp5_ASAP7_75t_SL          1  0.8    21    15    1231    (-,-) 
  g48736/Y                                          -       B->Y    R     OR2x2_ASAP7_75t_SL             1  1.8    16    21    1252    (-,-) 
  g48672/Y                                          -       A->Y    F     NOR2x1p5_ASAP7_75t_SL          1  1.8    16    12    1264    (-,-) 
  g48633/Y                                          -       A->Y    R     NAND2x1p5_ASAP7_75t_SL         1  1.8    21    14    1278    (-,-) 
  g48602/Y                                          -       A->Y    R     XOR2x1_ASAP7_75t_SL            2  2.4    36    26    1304    (-,-) 
  g48587/Y                                          -       B->Y    F     NOR2x1p5_ASAP7_75t_SL          1  1.8    23    13    1317    (-,-) 
  g48582/Y                                          -       A->Y    R     NAND4xp75_ASAP7_75t_SL         1  1.3    28    12    1329    (-,-) 
  g48577/Y                                          -       A2->Y   F     AOI21x1_ASAP7_75t_SL           1  2.6    44    15    1344    (-,-) 
  g48576/Y                                          -       A->Y    F     BUFx12f_ASAP7_75t_SL           7 11.8    16    26    1370    (-,-) 
  g48542/Y                                          -       A->Y    R     NOR3xp33_ASAP7_75t_SL          1  0.9    52    21    1391    (-,-) 
  PIPE_OUT_col1_stage_reg_reg[0][28]/D              -       -       R     ASYNC_DFFHx1_ASAP7_75t_SL      1    -     -     0    1391    (-,-) 
#--------------------------------------------------------------------------------------------------------------------------------------------

