============================================================
  Generated by:           Genus(TM) Synthesis Solution 21.17-s066_1
  Generated on:           Apr 02 2026  08:40:15 pm
  Module:                 fixed_input_e4m3_mxfp_aitb_top
  Operating conditions:   PVT_0P63V_100C 
  Interconnect mode:      global
  Area mode:              physical library
============================================================


Path 1: MET (18 ps) Setup Check with Pin PIPE_OUT_col1_stage_reg_reg[0][6]/CLK->D
           View: PVT_0P63V_100C.setup_view
          Group: clk
     Startpoint: (R) PIPE_cascade_in_col1_stage_reg_reg[0][1]/CLK
          Clock: (R) clk
       Endpoint: (R) PIPE_OUT_col1_stage_reg_reg[0][6]/D
          Clock: (R) clk

                     Capture       Launch     
        Clock Edge:+    2000            0     
       Src Latency:+       0            0     
       Net Latency:+       0 (I)        0 (I) 
           Arrival:=    2000            0     
                                              
             Setup:-      17                  
       Uncertainty:-     100                  
     Required Time:=    1883                  
      Launch Clock:-       0                  
         Data Path:-    1865                  
             Slack:=      18                  

#--------------------------------------------------------------------------------------------------------------------------------------------------
#                      Timing Point                       Flags    Arc    Edge           Cell             Fanout Load Trans Delay Arrival Instance 
#                                                                                                                (fF)  (ps)  (ps)   (ps)  Location 
#--------------------------------------------------------------------------------------------------------------------------------------------------
  PIPE_cascade_in_col1_stage_reg_reg[0][1]/CLK            -       -       R     (arrival)                   1147    -     0     0       0    (-,-) 
  PIPE_cascade_in_col1_stage_reg_reg[0][1]/QN             -       CLK->QN F     ASYNC_DFFHx1_ASAP7_75t_SL      1  0.8    22    42      42    (-,-) 
  g47114/Y                                                -       B->Y    F     AND2x2_ASAP7_75t_SL            1  1.4    17    22      64    (-,-) 
  g47039/Y                                                -       B->Y    R     AOI21x1_ASAP7_75t_SL           4  3.1    55    22      86    (-,-) 
  g46247/Y                                                -       A1->Y   F     AOI211x1_ASAP7_75t_SL          1  0.8    37    19     106    (-,-) 
  g46213/Y                                                -       A->Y    R     NOR3xp33_ASAP7_75t_SL          1  0.9    44    25     131    (-,-) 
  g46124/Y                                                -       A2->Y   F     OAI21xp5_ASAP7_75t_SL          1  0.9    26    15     146    (-,-) 
  g46034/Y                                                -       A1->Y   R     AOI311xp33_ASAP7_75t_SL        1  0.8    46    22     168    (-,-) 
  g45989/Y                                                -       A2->Y   F     OAI211xp5_ASAP7_75t_SL         1  1.3    43    24     191    (-,-) 
  g45983/Y                                                -       A->Y    F     AND2x4_ASAP7_75t_SL           13 13.6    31    38     229    (-,-) 
  g45978/Y                                                -       A->Y    R     INVx8_ASAP7_75t_SL            12  9.4    22    14     244    (-,-) 
  g45876/Y                                                -       A2->Y   R     OA22x2_ASAP7_75t_SL            2  1.4    17    23     267    (-,-) 
  g45782__4733/Y                                          -       C->Y    F     NAND4xp25_ASAP7_75t_SL         1  0.8    35    19     286    (-,-) 
  g45765__6783/Y                                          -       B->Y    F     OR2x2_ASAP7_75t_SL             3  2.0    17    28     314    (-,-) 
  g45738__5115/Y                                          -       B->Y    F     OR2x2_ASAP7_75t_SL             4  4.4    24    30     344    (-,-) 
  g45680__6417/Y                                          -       A2->Y   R     OAI21xp5_ASAP7_75t_SL          1  1.3    36    21     364    (-,-) 
  g45652__4733/Y                                          -       B->Y    R     AND2x4_ASAP7_75t_SL           14 15.2    44    36     401    (-,-) 
  g45649/Y                                                -       A->Y    F     INVx4_ASAP7_75t_SL             9  9.4    29    18     418    (-,-) 
  g45586__7410/Y                                          -       A1->Y   R     OAI22x1_ASAP7_75t_SL           2  1.6    44    17     436    (-,-) 
  g45513__1666/Y                                          -       A1->Y   F     AOI22xp5_ASAP7_75t_SL          2  1.6    37    19     455    (-,-) 
  g45457__4319/Y                                          -       B2->Y   R     OAI22xp5_ASAP7_75t_SL          2  2.1    58    33     487    (-,-) 
  g45451/Y                                                -       A->Y    F     INVx1_ASAP7_75t_L              1  0.8    21    14     502    (-,-) 
  g45408__8246/Y                                          -       B->Y    R     NAND2xp5_ASAP7_75t_SL          1  0.8    27    14     516    (-,-) 
  g45376__7098/Y                                          -       A1->Y   F     AOI21xp5_ASAP7_75t_SL          1  0.9    24    14     530    (-,-) 
  g45367__8428/Y                                          -       B->Y    R     OAI21xp5_ASAP7_75t_SL          2  2.1    55    19     549    (-,-) 
  g45358__2346/Y                                          -       B->Y    F     NOR2x1_ASAP7_75t_SL            2  1.3    39    16     565    (-,-) 
  addinc_FP32_ALU_col1_fracAdder_add_113_18_g954/Y        -       A->Y    F     AND2x2_ASAP7_75t_SL            2  2.4    17    30     594    (-,-) 
  addinc_FP32_ALU_col1_fracAdder_add_113_18_g846/Y        -       B->Y    R     NAND2x1p5_ASAP7_75t_SL         2  3.0    41    16     611    (-,-) 
  addinc_FP32_ALU_col1_fracAdder_add_113_18_g804/Y        -       B->Y    F     NOR2x1p5_ASAP7_75t_SL          2  1.8    24    14     624    (-,-) 
  addinc_FP32_ALU_col1_fracAdder_add_113_18_g780/Y        -       A2->Y   R     AOI21x1_ASAP7_75t_SL           2  1.5    30    16     640    (-,-) 
  addinc_FP32_ALU_col1_fracAdder_add_113_18_g759/Y        -       A2->Y   R     OA21x2_ASAP7_75t_SL            5  3.9    26    30     669    (-,-) 
  addinc_FP32_ALU_col1_fracAdder_add_113_18_g752/Y        -       A->Y    R     BUFx3_ASAP7_75t_SL             3  2.1    13    20     689    (-,-) 
  addinc_FP32_ALU_col1_fracAdder_add_113_18_g741/Y        -       A2->Y   R     OA21x2_ASAP7_75t_SL            1  1.3    14    20     709    (-,-) 
  addinc_FP32_ALU_col1_fracAdder_add_113_18_g719/Y        -       B->Y    R     XOR2xp5_ASAP7_75t_SL           2  1.8    46    30     740    (-,-) 
  g27985__2802/Y                                          -       A->Y    F     NOR2x1_ASAP7_75t_SL            1  1.3    28    18     758    (-,-) 
  g27978__4319/Y                                          -       A->Y    R     NAND2x1_ASAP7_75t_SL           1  1.8    32    21     779    (-,-) 
  g27976__5107/Y                                          -       C->Y    F     NOR4xp75_ASAP7_75t_SL          1  1.3    30    12     791    (-,-) 
  g27975__2398/Y                                          -       A->Y    F     AND3x4_ASAP7_75t_SL           11 11.2    30    38     829    (-,-) 
  g27964__9945/Y                                          -       A2->Y   R     AOI21x1_ASAP7_75t_SL           2  2.6    40    21     850    (-,-) 
  g27960__4733/Y                                          -       C->Y    F     NAND4xp75_ASAP7_75t_SL         1  2.3    39    20     870    (-,-) 
  g27958__5115/Y                                          -       B->Y    R     NOR2x2_ASAP7_75t_SL           10  6.4    43    25     895    (-,-) 
  g27947__2802/Y                                          -       A2->Y   F     AOI21xp5_ASAP7_75t_L           1  0.9    29    17     912    (-,-) 
  g27945/Y                                                -       A->Y    R     INVx1_ASAP7_75t_L              1  1.4    25    18     930    (-,-) 
  g27944__3680/Y                                          -       B->Y    F     AOI21x1_ASAP7_75t_SL           2  1.8    35    13     944    (-,-) 
  g27937__6260/Y                                          -       C->Y    F     AND3x4_ASAP7_75t_SL            5  3.9    18    35     979    (-,-) 
  g27936/Y                                                -       A->Y    R     INVx2_ASAP7_75t_SL             4  3.0    20    13     992    (-,-) 
  g27930__1666/Y                                          -       A2->Y   F     OAI21xp5_ASAP7_75t_SL          1  1.4    33    16    1009    (-,-) 
  g27926__9315/Y                                          -       B->Y    R     AOI21x1_ASAP7_75t_SL           2  2.2    36    22    1030    (-,-) 
  g27924/Y                                                -       A->Y    F     INVx2_ASAP7_75t_SL             1  0.9    13     7    1037    (-,-) 
  g27918__1881/Y                                          -       A2->Y   F     OA21x2_ASAP7_75t_SL            2  1.4    14    23    1060    (-,-) 
  g27910__1705/Y                                          -       B->Y    R     NAND2xp5_ASAP7_75t_SL          1  0.9    24    13    1074    (-,-) 
  g27908__1617/Y                                          -       A1->Y   F     OAI21xp5_ASAP7_75t_SL          2  1.5    31    18    1091    (-,-) 
  g27906__6783/Y                                          -       A2->Y   R     AOI21xp5_ASAP7_75t_L           1  1.3    41    26    1117    (-,-) 
  g27905__5526/Y                                          -       C->Y    F     AOI211x1_ASAP7_75t_SL          2  1.9    44    19    1136    (-,-) 
  g27903__8428/Y                                          -       B->Y    F     AND2x4_ASAP7_75t_SL            7  5.5    18    29    1165    (-,-) 
  g27898__5107/Y                                          -       B->Y    R     NAND2xp5_ASAP7_75t_SL          1  0.9    24    14    1178    (-,-) 
  g27893__1666/Y                                          -       B->Y    R     OA21x2_ASAP7_75t_SL            2  2.9    22    26    1204    (-,-) 
  g27884/Y                                                -       A->Y    F     INVx2_ASAP7_75t_SL             8  5.7    25    17    1221    (-,-) 
  g27883/Y                                                -       A->Y    R     INVx1_ASAP7_75t_SL             1  0.8    17    11    1232    (-,-) 
  g27821__2346/Y                                          -       B2->Y   F     OAI22xp5_ASAP7_75t_SL          3  2.3    41    20    1252    (-,-) 
  g27743__6260/Y                                          -       B2->Y   F     AO22x2_ASAP7_75t_SL            4  2.8    20    34    1286    (-,-) 
  g48022/Y                                                -       A->Y    F     HB1xp67_ASAP7_75t_SRAM         4  3.7    83    77    1363    (-,-) 
  inc_FP32_ALU_col1_roundingAdder_add_274_18_spec1_g567/Y -       A->Y    R     NAND2x1p5_ASAP7_75t_SL         3  2.6    45    30    1393    (-,-) 
  inc_FP32_ALU_col1_roundingAdder_add_274_18_spec1_g552/Y -       B->Y    F     NOR2x1_ASAP7_75t_SL            2  2.4    30    21    1414    (-,-) 
  inc_FP32_ALU_col1_roundingAdder_add_274_18_spec1_g549/Y -       B->Y    R     NAND2x1p5_ASAP7_75t_SL         3  2.9    43    19    1433    (-,-) 
  inc_FP32_ALU_col1_roundingAdder_add_274_18_spec1_g547/Y -       B->Y    F     NOR2x1p5_ASAP7_75t_SL          3  1.9    22    14    1447    (-,-) 
  inc_FP32_ALU_col1_roundingAdder_add_274_18_spec1_g542/Y -       B->Y    F     AND2x2_ASAP7_75t_L             3  2.4    17    29    1476    (-,-) 
  inc_FP32_ALU_col1_roundingAdder_add_274_18_spec1_g536/Y -       B->Y    F     AND2x4_ASAP7_75t_SL            5  4.1    14    22    1498    (-,-) 
  inc_FP32_ALU_col1_roundingAdder_add_274_18_spec1_g505/Y -       A->Y    R     NAND4xp75_ASAP7_75t_SL         3  2.4    28    13    1511    (-,-) 
  inc_FP32_ALU_col1_roundingAdder_add_274_18_spec1_g495/Y -       B->Y    F     NOR2x1_ASAP7_75t_SL            3  1.9    27    16    1527    (-,-) 
  inc_FP32_ALU_col1_roundingAdder_add_274_18_spec1_g486/Y -       B->Y    F     AND2x2_ASAP7_75t_SL            2  2.1    15    25    1552    (-,-) 
  inc_FP32_ALU_col1_roundingAdder_add_274_18_spec1_g479/Y -       B->Y    R     NAND2x1_ASAP7_75t_L            3  3.2    53    26    1578    (-,-) 
  inc_FP32_ALU_col1_roundingAdder_add_274_18_spec1_g475/Y -       B->Y    F     NOR2x1_ASAP7_75t_SL            2  1.3    26    16    1594    (-,-) 
  inc_FP32_ALU_col1_roundingAdder_add_274_18_spec1_g472/Y -       B->Y    F     AND2x2_ASAP7_75t_SL            3  3.0    19    26    1620    (-,-) 
  inc_FP32_ALU_col1_roundingAdder_add_274_18_spec1_g467/Y -       B->Y    F     AND2x2_ASAP7_75t_SL            1  1.3    14    21    1641    (-,-) 
  inc_FP32_ALU_col1_roundingAdder_add_274_18_spec1_g465/Y -       B->Y    R     XNOR2xp5_ASAP7_75t_SL          1  0.8    29    16    1657    (-,-) 
  g27261/Y                                                -       A1->Y   F     AOI22xp5_ASAP7_75t_SL          2  1.4    40    16    1674    (-,-) 
  g27242/Y                                                -       C->Y    R     NOR4xp25_ASAP7_75t_SL          1  0.8    57    30    1704    (-,-) 
  g27232/Y                                                -       A1->Y   F     AOI21xp5_ASAP7_75t_L           3  2.2    49    34    1737    (-,-) 
  g27228/Y                                                -       B->Y    F     AND2x2_ASAP7_75t_SL           17 11.2    46    46    1783    (-,-) 
  g27203/Y                                                -       B->Y    R     NAND2xp5_ASAP7_75t_L           2  2.1    48    34    1817    (-,-) 
  g27192/Y                                                -       A->Y    F     INVx1_ASAP7_75t_L              2  1.5    25    19    1836    (-,-) 
  g27152/Y                                                -       B1->Y   R     AOI221xp5_ASAP7_75t_L          1  0.9    69    29    1865    (-,-) 
  PIPE_OUT_col1_stage_reg_reg[0][6]/D                     -       -       R     ASYNC_DFFHx1_ASAP7_75t_SL      1    -     -     0    1865    (-,-) 
#--------------------------------------------------------------------------------------------------------------------------------------------------



Path 2: MET (18 ps) Setup Check with Pin PIPE_OUT_col1_stage_reg_reg[0][5]/CLK->D
           View: PVT_0P63V_100C.setup_view
          Group: clk
     Startpoint: (R) PIPE_cascade_in_col1_stage_reg_reg[0][1]/CLK
          Clock: (R) clk
       Endpoint: (R) PIPE_OUT_col1_stage_reg_reg[0][5]/D
          Clock: (R) clk

                     Capture       Launch     
        Clock Edge:+    2000            0     
       Src Latency:+       0            0     
       Net Latency:+       0 (I)        0 (I) 
           Arrival:=    2000            0     
                                              
             Setup:-      17                  
       Uncertainty:-     100                  
     Required Time:=    1883                  
      Launch Clock:-       0                  
         Data Path:-    1865                  
             Slack:=      18                  

#--------------------------------------------------------------------------------------------------------------------------------------------------
#                      Timing Point                       Flags    Arc    Edge           Cell             Fanout Load Trans Delay Arrival Instance 
#                                                                                                                (fF)  (ps)  (ps)   (ps)  Location 
#--------------------------------------------------------------------------------------------------------------------------------------------------
  PIPE_cascade_in_col1_stage_reg_reg[0][1]/CLK            -       -       R     (arrival)                   1147    -     0     0       0    (-,-) 
  PIPE_cascade_in_col1_stage_reg_reg[0][1]/QN             -       CLK->QN F     ASYNC_DFFHx1_ASAP7_75t_SL      1  0.8    22    42      42    (-,-) 
  g47114/Y                                                -       B->Y    F     AND2x2_ASAP7_75t_SL            1  1.4    17    22      64    (-,-) 
  g47039/Y                                                -       B->Y    R     AOI21x1_ASAP7_75t_SL           4  3.1    55    22      86    (-,-) 
  g46247/Y                                                -       A1->Y   F     AOI211x1_ASAP7_75t_SL          1  0.8    37    19     106    (-,-) 
  g46213/Y                                                -       A->Y    R     NOR3xp33_ASAP7_75t_SL          1  0.9    44    25     131    (-,-) 
  g46124/Y                                                -       A2->Y   F     OAI21xp5_ASAP7_75t_SL          1  0.9    26    15     146    (-,-) 
  g46034/Y                                                -       A1->Y   R     AOI311xp33_ASAP7_75t_SL        1  0.8    46    22     168    (-,-) 
  g45989/Y                                                -       A2->Y   F     OAI211xp5_ASAP7_75t_SL         1  1.3    43    24     191    (-,-) 
  g45983/Y                                                -       A->Y    F     AND2x4_ASAP7_75t_SL           13 13.6    31    38     229    (-,-) 
  g45978/Y                                                -       A->Y    R     INVx8_ASAP7_75t_SL            12  9.4    22    14     244    (-,-) 
  g45876/Y                                                -       A2->Y   R     OA22x2_ASAP7_75t_SL            2  1.4    17    23     267    (-,-) 
  g45782__4733/Y                                          -       C->Y    F     NAND4xp25_ASAP7_75t_SL         1  0.8    35    19     286    (-,-) 
  g45765__6783/Y                                          -       B->Y    F     OR2x2_ASAP7_75t_SL             3  2.0    17    28     314    (-,-) 
  g45738__5115/Y                                          -       B->Y    F     OR2x2_ASAP7_75t_SL             4  4.4    24    30     344    (-,-) 
  g45680__6417/Y                                          -       A2->Y   R     OAI21xp5_ASAP7_75t_SL          1  1.3    36    21     364    (-,-) 
  g45652__4733/Y                                          -       B->Y    R     AND2x4_ASAP7_75t_SL           14 15.2    44    36     401    (-,-) 
  g45649/Y                                                -       A->Y    F     INVx4_ASAP7_75t_SL             9  9.4    29    18     418    (-,-) 
  g45586__7410/Y                                          -       A1->Y   R     OAI22x1_ASAP7_75t_SL           2  1.6    44    17     436    (-,-) 
  g45513__1666/Y                                          -       A1->Y   F     AOI22xp5_ASAP7_75t_SL          2  1.6    37    19     455    (-,-) 
  g45457__4319/Y                                          -       B2->Y   R     OAI22xp5_ASAP7_75t_SL          2  2.1    58    33     487    (-,-) 
  g45451/Y                                                -       A->Y    F     INVx1_ASAP7_75t_L              1  0.8    21    14     502    (-,-) 
  g45408__8246/Y                                          -       B->Y    R     NAND2xp5_ASAP7_75t_SL          1  0.8    27    14     516    (-,-) 
  g45376__7098/Y                                          -       A1->Y   F     AOI21xp5_ASAP7_75t_SL          1  0.9    24    14     530    (-,-) 
  g45367__8428/Y                                          -       B->Y    R     OAI21xp5_ASAP7_75t_SL          2  2.1    55    19     549    (-,-) 
  g45358__2346/Y                                          -       B->Y    F     NOR2x1_ASAP7_75t_SL            2  1.3    39    16     565    (-,-) 
  addinc_FP32_ALU_col1_fracAdder_add_113_18_g954/Y        -       A->Y    F     AND2x2_ASAP7_75t_SL            2  2.4    17    30     594    (-,-) 
  addinc_FP32_ALU_col1_fracAdder_add_113_18_g846/Y        -       B->Y    R     NAND2x1p5_ASAP7_75t_SL         2  3.0    41    16     611    (-,-) 
  addinc_FP32_ALU_col1_fracAdder_add_113_18_g804/Y        -       B->Y    F     NOR2x1p5_ASAP7_75t_SL          2  1.8    24    14     624    (-,-) 
  addinc_FP32_ALU_col1_fracAdder_add_113_18_g780/Y        -       A2->Y   R     AOI21x1_ASAP7_75t_SL           2  1.5    30    16     640    (-,-) 
  addinc_FP32_ALU_col1_fracAdder_add_113_18_g759/Y        -       A2->Y   R     OA21x2_ASAP7_75t_SL            5  3.9    26    30     669    (-,-) 
  addinc_FP32_ALU_col1_fracAdder_add_113_18_g752/Y        -       A->Y    R     BUFx3_ASAP7_75t_SL             3  2.1    13    20     689    (-,-) 
  addinc_FP32_ALU_col1_fracAdder_add_113_18_g741/Y        -       A2->Y   R     OA21x2_ASAP7_75t_SL            1  1.3    14    20     709    (-,-) 
  addinc_FP32_ALU_col1_fracAdder_add_113_18_g719/Y        -       B->Y    R     XOR2xp5_ASAP7_75t_SL           2  1.8    46    30     740    (-,-) 
  g27985__2802/Y                                          -       A->Y    F     NOR2x1_ASAP7_75t_SL            1  1.3    28    18     758    (-,-) 
  g27978__4319/Y                                          -       A->Y    R     NAND2x1_ASAP7_75t_SL           1  1.8    32    21     779    (-,-) 
  g27976__5107/Y                                          -       C->Y    F     NOR4xp75_ASAP7_75t_SL          1  1.3    30    12     791    (-,-) 
  g27975__2398/Y                                          -       A->Y    F     AND3x4_ASAP7_75t_SL           11 11.2    30    38     829    (-,-) 
  g27964__9945/Y                                          -       A2->Y   R     AOI21x1_ASAP7_75t_SL           2  2.6    40    21     850    (-,-) 
  g27960__4733/Y                                          -       C->Y    F     NAND4xp75_ASAP7_75t_SL         1  2.3    39    20     870    (-,-) 
  g27958__5115/Y                                          -       B->Y    R     NOR2x2_ASAP7_75t_SL           10  6.4    43    25     895    (-,-) 
  g27947__2802/Y                                          -       A2->Y   F     AOI21xp5_ASAP7_75t_L           1  0.9    29    17     912    (-,-) 
  g27945/Y                                                -       A->Y    R     INVx1_ASAP7_75t_L              1  1.4    25    18     930    (-,-) 
  g27944__3680/Y                                          -       B->Y    F     AOI21x1_ASAP7_75t_SL           2  1.8    35    13     944    (-,-) 
  g27937__6260/Y                                          -       C->Y    F     AND3x4_ASAP7_75t_SL            5  3.9    18    35     979    (-,-) 
  g27936/Y                                                -       A->Y    R     INVx2_ASAP7_75t_SL             4  3.0    20    13     992    (-,-) 
  g27930__1666/Y                                          -       A2->Y   F     OAI21xp5_ASAP7_75t_SL          1  1.4    33    16    1009    (-,-) 
  g27926__9315/Y                                          -       B->Y    R     AOI21x1_ASAP7_75t_SL           2  2.2    36    22    1030    (-,-) 
  g27924/Y                                                -       A->Y    F     INVx2_ASAP7_75t_SL             1  0.9    13     7    1037    (-,-) 
  g27918__1881/Y                                          -       A2->Y   F     OA21x2_ASAP7_75t_SL            2  1.4    14    23    1060    (-,-) 
  g27910__1705/Y                                          -       B->Y    R     NAND2xp5_ASAP7_75t_SL          1  0.9    24    13    1074    (-,-) 
  g27908__1617/Y                                          -       A1->Y   F     OAI21xp5_ASAP7_75t_SL          2  1.5    31    18    1091    (-,-) 
  g27906__6783/Y                                          -       A2->Y   R     AOI21xp5_ASAP7_75t_L           1  1.3    41    26    1117    (-,-) 
  g27905__5526/Y                                          -       C->Y    F     AOI211x1_ASAP7_75t_SL          2  1.9    44    19    1136    (-,-) 
  g27903__8428/Y                                          -       B->Y    F     AND2x4_ASAP7_75t_SL            7  5.5    18    29    1165    (-,-) 
  g27898__5107/Y                                          -       B->Y    R     NAND2xp5_ASAP7_75t_SL          1  0.9    24    14    1178    (-,-) 
  g27893__1666/Y                                          -       B->Y    R     OA21x2_ASAP7_75t_SL            2  2.9    22    26    1204    (-,-) 
  g27884/Y                                                -       A->Y    F     INVx2_ASAP7_75t_SL             8  5.7    25    17    1221    (-,-) 
  g27883/Y                                                -       A->Y    R     INVx1_ASAP7_75t_SL             1  0.8    17    11    1232    (-,-) 
  g27821__2346/Y                                          -       B2->Y   F     OAI22xp5_ASAP7_75t_SL          3  2.3    41    20    1252    (-,-) 
  g27743__6260/Y                                          -       B2->Y   F     AO22x2_ASAP7_75t_SL            4  2.8    20    34    1286    (-,-) 
  g48022/Y                                                -       A->Y    F     HB1xp67_ASAP7_75t_SRAM         4  3.7    83    77    1363    (-,-) 
  inc_FP32_ALU_col1_roundingAdder_add_274_18_spec1_g567/Y -       A->Y    R     NAND2x1p5_ASAP7_75t_SL         3  2.6    45    30    1393    (-,-) 
  inc_FP32_ALU_col1_roundingAdder_add_274_18_spec1_g552/Y -       B->Y    F     NOR2x1_ASAP7_75t_SL            2  2.4    30    21    1414    (-,-) 
  inc_FP32_ALU_col1_roundingAdder_add_274_18_spec1_g549/Y -       B->Y    R     NAND2x1p5_ASAP7_75t_SL         3  2.9    43    19    1433    (-,-) 
  inc_FP32_ALU_col1_roundingAdder_add_274_18_spec1_g547/Y -       B->Y    F     NOR2x1p5_ASAP7_75t_SL          3  1.9    22    14    1447    (-,-) 
  inc_FP32_ALU_col1_roundingAdder_add_274_18_spec1_g542/Y -       B->Y    F     AND2x2_ASAP7_75t_L             3  2.4    17    29    1476    (-,-) 
  inc_FP32_ALU_col1_roundingAdder_add_274_18_spec1_g536/Y -       B->Y    F     AND2x4_ASAP7_75t_SL            5  4.1    14    22    1498    (-,-) 
  inc_FP32_ALU_col1_roundingAdder_add_274_18_spec1_g505/Y -       A->Y    R     NAND4xp75_ASAP7_75t_SL         3  2.4    28    13    1511    (-,-) 
  inc_FP32_ALU_col1_roundingAdder_add_274_18_spec1_g495/Y -       B->Y    F     NOR2x1_ASAP7_75t_SL            3  1.9    27    16    1527    (-,-) 
  inc_FP32_ALU_col1_roundingAdder_add_274_18_spec1_g486/Y -       B->Y    F     AND2x2_ASAP7_75t_SL            2  2.1    15    25    1552    (-,-) 
  inc_FP32_ALU_col1_roundingAdder_add_274_18_spec1_g479/Y -       B->Y    R     NAND2x1_ASAP7_75t_L            3  3.2    53    26    1578    (-,-) 
  inc_FP32_ALU_col1_roundingAdder_add_274_18_spec1_g475/Y -       B->Y    F     NOR2x1_ASAP7_75t_SL            2  1.3    26    16    1594    (-,-) 
  inc_FP32_ALU_col1_roundingAdder_add_274_18_spec1_g472/Y -       B->Y    F     AND2x2_ASAP7_75t_SL            3  3.0    19    26    1620    (-,-) 
  inc_FP32_ALU_col1_roundingAdder_add_274_18_spec1_g467/Y -       B->Y    F     AND2x2_ASAP7_75t_SL            1  1.3    14    21    1641    (-,-) 
  inc_FP32_ALU_col1_roundingAdder_add_274_18_spec1_g465/Y -       B->Y    R     XNOR2xp5_ASAP7_75t_SL          1  0.8    29    16    1657    (-,-) 
  g27261/Y                                                -       A1->Y   F     AOI22xp5_ASAP7_75t_SL          2  1.4    40    16    1674    (-,-) 
  g27242/Y                                                -       C->Y    R     NOR4xp25_ASAP7_75t_SL          1  0.8    57    30    1704    (-,-) 
  g27232/Y                                                -       A1->Y   F     AOI21xp5_ASAP7_75t_L           3  2.2    49    34    1737    (-,-) 
  g27228/Y                                                -       B->Y    F     AND2x2_ASAP7_75t_SL           17 11.2    46    46    1783    (-,-) 
  g27203/Y                                                -       B->Y    R     NAND2xp5_ASAP7_75t_L           2  2.1    48    34    1817    (-,-) 
  g27192/Y                                                -       A->Y    F     INVx1_ASAP7_75t_L              2  1.5    25    19    1836    (-,-) 
  g27160/Y                                                -       B1->Y   R     AOI221xp5_ASAP7_75t_L          1  0.9    69    29    1865    (-,-) 
  PIPE_OUT_col1_stage_reg_reg[0][5]/D                     -       -       R     ASYNC_DFFHx1_ASAP7_75t_SL      1    -     -     0    1865    (-,-) 
#--------------------------------------------------------------------------------------------------------------------------------------------------



Path 3: MET (19 ps) Setup Check with Pin PIPE_OUT_col1_stage_reg_reg[0][4]/CLK->D
           View: PVT_0P63V_100C.setup_view
          Group: clk
     Startpoint: (R) PIPE_cascade_in_col1_stage_reg_reg[0][1]/CLK
          Clock: (R) clk
       Endpoint: (F) PIPE_OUT_col1_stage_reg_reg[0][4]/D
          Clock: (R) clk

                     Capture       Launch     
        Clock Edge:+    2000            0     
       Src Latency:+       0            0     
       Net Latency:+       0 (I)        0 (I) 
           Arrival:=    2000            0     
                                              
             Setup:-      18                  
       Uncertainty:-     100                  
     Required Time:=    1882                  
      Launch Clock:-       0                  
         Data Path:-    1864                  
             Slack:=      19                  

#--------------------------------------------------------------------------------------------------------------------------------------------------
#                      Timing Point                       Flags    Arc    Edge           Cell             Fanout Load Trans Delay Arrival Instance 
#                                                                                                                (fF)  (ps)  (ps)   (ps)  Location 
#--------------------------------------------------------------------------------------------------------------------------------------------------
  PIPE_cascade_in_col1_stage_reg_reg[0][1]/CLK            -       -       R     (arrival)                   1147    -     0     0       0    (-,-) 
  PIPE_cascade_in_col1_stage_reg_reg[0][1]/QN             -       CLK->QN F     ASYNC_DFFHx1_ASAP7_75t_SL      1  0.8    22    42      42    (-,-) 
  g47114/Y                                                -       B->Y    F     AND2x2_ASAP7_75t_SL            1  1.4    17    22      64    (-,-) 
  g47039/Y                                                -       B->Y    R     AOI21x1_ASAP7_75t_SL           4  3.1    55    22      86    (-,-) 
  g46247/Y                                                -       A1->Y   F     AOI211x1_ASAP7_75t_SL          1  0.8    37    19     106    (-,-) 
  g46213/Y                                                -       A->Y    R     NOR3xp33_ASAP7_75t_SL          1  0.9    44    25     131    (-,-) 
  g46124/Y                                                -       A2->Y   F     OAI21xp5_ASAP7_75t_SL          1  0.9    26    15     146    (-,-) 
  g46034/Y                                                -       A1->Y   R     AOI311xp33_ASAP7_75t_SL        1  0.8    46    22     168    (-,-) 
  g45989/Y                                                -       A2->Y   F     OAI211xp5_ASAP7_75t_SL         1  1.3    43    24     191    (-,-) 
  g45983/Y                                                -       A->Y    F     AND2x4_ASAP7_75t_SL           13 13.6    31    38     229    (-,-) 
  g45978/Y                                                -       A->Y    R     INVx8_ASAP7_75t_SL            12  9.4    22    14     244    (-,-) 
  g45876/Y                                                -       A2->Y   R     OA22x2_ASAP7_75t_SL            2  1.4    17    23     267    (-,-) 
  g45782__4733/Y                                          -       C->Y    F     NAND4xp25_ASAP7_75t_SL         1  0.8    35    19     286    (-,-) 
  g45765__6783/Y                                          -       B->Y    F     OR2x2_ASAP7_75t_SL             3  2.0    17    28     314    (-,-) 
  g45738__5115/Y                                          -       B->Y    F     OR2x2_ASAP7_75t_SL             4  4.4    24    30     344    (-,-) 
  g45680__6417/Y                                          -       A2->Y   R     OAI21xp5_ASAP7_75t_SL          1  1.3    36    21     364    (-,-) 
  g45652__4733/Y                                          -       B->Y    R     AND2x4_ASAP7_75t_SL           14 15.2    44    36     401    (-,-) 
  g45649/Y                                                -       A->Y    F     INVx4_ASAP7_75t_SL             9  9.4    29    18     418    (-,-) 
  g45586__7410/Y                                          -       A1->Y   R     OAI22x1_ASAP7_75t_SL           2  1.6    44    17     436    (-,-) 
  g45513__1666/Y                                          -       A1->Y   F     AOI22xp5_ASAP7_75t_SL          2  1.6    37    19     455    (-,-) 
  g45457__4319/Y                                          -       B2->Y   R     OAI22xp5_ASAP7_75t_SL          2  2.1    58    33     487    (-,-) 
  g45451/Y                                                -       A->Y    F     INVx1_ASAP7_75t_L              1  0.8    21    14     502    (-,-) 
  g45408__8246/Y                                          -       B->Y    R     NAND2xp5_ASAP7_75t_SL          1  0.8    27    14     516    (-,-) 
  g45376__7098/Y                                          -       A1->Y   F     AOI21xp5_ASAP7_75t_SL          1  0.9    24    14     530    (-,-) 
  g45367__8428/Y                                          -       B->Y    R     OAI21xp5_ASAP7_75t_SL          2  2.1    55    19     549    (-,-) 
  g45358__2346/Y                                          -       B->Y    F     NOR2x1_ASAP7_75t_SL            2  1.3    39    16     565    (-,-) 
  addinc_FP32_ALU_col1_fracAdder_add_113_18_g954/Y        -       A->Y    F     AND2x2_ASAP7_75t_SL            2  2.4    17    30     594    (-,-) 
  addinc_FP32_ALU_col1_fracAdder_add_113_18_g846/Y        -       B->Y    R     NAND2x1p5_ASAP7_75t_SL         2  3.0    41    16     611    (-,-) 
  addinc_FP32_ALU_col1_fracAdder_add_113_18_g804/Y        -       B->Y    F     NOR2x1p5_ASAP7_75t_SL          2  1.8    24    14     624    (-,-) 
  addinc_FP32_ALU_col1_fracAdder_add_113_18_g780/Y        -       A2->Y   R     AOI21x1_ASAP7_75t_SL           2  1.5    30    16     640    (-,-) 
  addinc_FP32_ALU_col1_fracAdder_add_113_18_g759/Y        -       A2->Y   R     OA21x2_ASAP7_75t_SL            5  3.9    26    30     669    (-,-) 
  addinc_FP32_ALU_col1_fracAdder_add_113_18_g752/Y        -       A->Y    R     BUFx3_ASAP7_75t_SL             3  2.1    13    20     689    (-,-) 
  addinc_FP32_ALU_col1_fracAdder_add_113_18_g741/Y        -       A2->Y   R     OA21x2_ASAP7_75t_SL            1  1.3    14    20     709    (-,-) 
  addinc_FP32_ALU_col1_fracAdder_add_113_18_g719/Y        -       B->Y    R     XOR2xp5_ASAP7_75t_SL           2  1.8    46    30     740    (-,-) 
  g27985__2802/Y                                          -       A->Y    F     NOR2x1_ASAP7_75t_SL            1  1.3    28    18     758    (-,-) 
  g27978__4319/Y                                          -       A->Y    R     NAND2x1_ASAP7_75t_SL           1  1.8    32    21     779    (-,-) 
  g27976__5107/Y                                          -       C->Y    F     NOR4xp75_ASAP7_75t_SL          1  1.3    30    12     791    (-,-) 
  g27975__2398/Y                                          -       A->Y    F     AND3x4_ASAP7_75t_SL           11 11.2    30    38     829    (-,-) 
  g27964__9945/Y                                          -       A2->Y   R     AOI21x1_ASAP7_75t_SL           2  2.6    40    21     850    (-,-) 
  g27960__4733/Y                                          -       C->Y    F     NAND4xp75_ASAP7_75t_SL         1  2.3    39    20     870    (-,-) 
  g27958__5115/Y                                          -       B->Y    R     NOR2x2_ASAP7_75t_SL           10  6.4    43    25     895    (-,-) 
  g27947__2802/Y                                          -       A2->Y   F     AOI21xp5_ASAP7_75t_L           1  0.9    29    17     912    (-,-) 
  g27945/Y                                                -       A->Y    R     INVx1_ASAP7_75t_L              1  1.4    25    18     930    (-,-) 
  g27944__3680/Y                                          -       B->Y    F     AOI21x1_ASAP7_75t_SL           2  1.8    35    13     944    (-,-) 
  g27937__6260/Y                                          -       C->Y    F     AND3x4_ASAP7_75t_SL            5  3.9    18    35     979    (-,-) 
  g27936/Y                                                -       A->Y    R     INVx2_ASAP7_75t_SL             4  3.0    20    13     992    (-,-) 
  g27930__1666/Y                                          -       A2->Y   F     OAI21xp5_ASAP7_75t_SL          1  1.4    33    16    1009    (-,-) 
  g27926__9315/Y                                          -       B->Y    R     AOI21x1_ASAP7_75t_SL           2  2.2    36    22    1030    (-,-) 
  g27924/Y                                                -       A->Y    F     INVx2_ASAP7_75t_SL             1  0.9    13     7    1037    (-,-) 
  g27918__1881/Y                                          -       A2->Y   F     OA21x2_ASAP7_75t_SL            2  1.4    14    23    1060    (-,-) 
  g27910__1705/Y                                          -       B->Y    R     NAND2xp5_ASAP7_75t_SL          1  0.9    24    13    1074    (-,-) 
  g27908__1617/Y                                          -       A1->Y   F     OAI21xp5_ASAP7_75t_SL          2  1.5    31    18    1091    (-,-) 
  g27906__6783/Y                                          -       A2->Y   R     AOI21xp5_ASAP7_75t_L           1  1.3    41    26    1117    (-,-) 
  g27905__5526/Y                                          -       C->Y    F     AOI211x1_ASAP7_75t_SL          2  1.9    44    19    1136    (-,-) 
  g27903__8428/Y                                          -       B->Y    F     AND2x4_ASAP7_75t_SL            7  5.5    18    29    1165    (-,-) 
  g27898__5107/Y                                          -       B->Y    R     NAND2xp5_ASAP7_75t_SL          1  0.9    24    14    1178    (-,-) 
  g27893__1666/Y                                          -       B->Y    R     OA21x2_ASAP7_75t_SL            2  2.9    22    26    1204    (-,-) 
  g27884/Y                                                -       A->Y    F     INVx2_ASAP7_75t_SL             8  5.7    25    17    1221    (-,-) 
  g27883/Y                                                -       A->Y    R     INVx1_ASAP7_75t_SL             1  0.8    17    11    1232    (-,-) 
  g27821__2346/Y                                          -       B2->Y   F     OAI22xp5_ASAP7_75t_SL          3  2.3    41    20    1252    (-,-) 
  g27743__6260/Y                                          -       B2->Y   F     AO22x2_ASAP7_75t_SL            4  2.8    20    34    1286    (-,-) 
  g48022/Y                                                -       A->Y    F     HB1xp67_ASAP7_75t_SRAM         4  3.7    83    77    1363    (-,-) 
  inc_FP32_ALU_col1_roundingAdder_add_274_18_spec1_g567/Y -       A->Y    R     NAND2x1p5_ASAP7_75t_SL         3  2.6    45    30    1393    (-,-) 
  inc_FP32_ALU_col1_roundingAdder_add_274_18_spec1_g552/Y -       B->Y    F     NOR2x1_ASAP7_75t_SL            2  2.4    30    21    1414    (-,-) 
  inc_FP32_ALU_col1_roundingAdder_add_274_18_spec1_g549/Y -       B->Y    R     NAND2x1p5_ASAP7_75t_SL         3  2.9    43    19    1433    (-,-) 
  inc_FP32_ALU_col1_roundingAdder_add_274_18_spec1_g547/Y -       B->Y    F     NOR2x1p5_ASAP7_75t_SL          3  1.9    22    14    1447    (-,-) 
  inc_FP32_ALU_col1_roundingAdder_add_274_18_spec1_g542/Y -       B->Y    F     AND2x2_ASAP7_75t_L             3  2.4    17    29    1476    (-,-) 
  inc_FP32_ALU_col1_roundingAdder_add_274_18_spec1_g536/Y -       B->Y    F     AND2x4_ASAP7_75t_SL            5  4.1    14    22    1498    (-,-) 
  inc_FP32_ALU_col1_roundingAdder_add_274_18_spec1_g505/Y -       A->Y    R     NAND4xp75_ASAP7_75t_SL         3  2.4    28    13    1511    (-,-) 
  inc_FP32_ALU_col1_roundingAdder_add_274_18_spec1_g495/Y -       B->Y    F     NOR2x1_ASAP7_75t_SL            3  1.9    27    16    1527    (-,-) 
  inc_FP32_ALU_col1_roundingAdder_add_274_18_spec1_g486/Y -       B->Y    F     AND2x2_ASAP7_75t_SL            2  2.1    15    25    1552    (-,-) 
  inc_FP32_ALU_col1_roundingAdder_add_274_18_spec1_g479/Y -       B->Y    R     NAND2x1_ASAP7_75t_L            3  3.2    53    26    1578    (-,-) 
  inc_FP32_ALU_col1_roundingAdder_add_274_18_spec1_g475/Y -       B->Y    F     NOR2x1_ASAP7_75t_SL            2  1.3    26    16    1594    (-,-) 
  inc_FP32_ALU_col1_roundingAdder_add_274_18_spec1_g472/Y -       B->Y    F     AND2x2_ASAP7_75t_SL            3  3.0    19    26    1620    (-,-) 
  inc_FP32_ALU_col1_roundingAdder_add_274_18_spec1_g467/Y -       B->Y    F     AND2x2_ASAP7_75t_SL            1  1.3    14    21    1641    (-,-) 
  inc_FP32_ALU_col1_roundingAdder_add_274_18_spec1_g465/Y -       B->Y    F     XNOR2xp5_ASAP7_75t_SL          1  0.8    22    21    1662    (-,-) 
  g27261/Y                                                -       A1->Y   R     AOI22xp5_ASAP7_75t_SL          2  1.4    42    22    1684    (-,-) 
  g27242/Y                                                -       C->Y    F     NOR4xp25_ASAP7_75t_SL          1  0.8    29    17    1701    (-,-) 
  g27232/Y                                                -       A1->Y   R     AOI21xp5_ASAP7_75t_L           3  2.2    60    34    1735    (-,-) 
  g27228/Y                                                -       B->Y    R     AND2x2_ASAP7_75t_SL           17 11.2    62    47    1782    (-,-) 
  g27203/Y                                                -       B->Y    F     NAND2xp5_ASAP7_75t_L           2  2.1    47    32    1814    (-,-) 
  g27173/Y                                                -       B->Y    R     NOR2x1_ASAP7_75t_L             5  3.4    52    33    1847    (-,-) 
  g27132/Y                                                -       A1->Y   F     AOI21xp5_ASAP7_75t_SL          1  0.9    31    17    1864    (-,-) 
  PIPE_OUT_col1_stage_reg_reg[0][4]/D                     -       -       F     ASYNC_DFFHx1_ASAP7_75t_SL      1    -     -     0    1864    (-,-) 
#--------------------------------------------------------------------------------------------------------------------------------------------------



Path 4: MET (19 ps) Setup Check with Pin PIPE_OUT_col1_stage_reg_reg[0][3]/CLK->D
           View: PVT_0P63V_100C.setup_view
          Group: clk
     Startpoint: (R) PIPE_cascade_in_col1_stage_reg_reg[0][1]/CLK
          Clock: (R) clk
       Endpoint: (F) PIPE_OUT_col1_stage_reg_reg[0][3]/D
          Clock: (R) clk

                     Capture       Launch     
        Clock Edge:+    2000            0     
       Src Latency:+       0            0     
       Net Latency:+       0 (I)        0 (I) 
           Arrival:=    2000            0     
                                              
             Setup:-      18                  
       Uncertainty:-     100                  
     Required Time:=    1882                  
      Launch Clock:-       0                  
         Data Path:-    1864                  
             Slack:=      19                  

#--------------------------------------------------------------------------------------------------------------------------------------------------
#                      Timing Point                       Flags    Arc    Edge           Cell             Fanout Load Trans Delay Arrival Instance 
#                                                                                                                (fF)  (ps)  (ps)   (ps)  Location 
#--------------------------------------------------------------------------------------------------------------------------------------------------
  PIPE_cascade_in_col1_stage_reg_reg[0][1]/CLK            -       -       R     (arrival)                   1147    -     0     0       0    (-,-) 
  PIPE_cascade_in_col1_stage_reg_reg[0][1]/QN             -       CLK->QN F     ASYNC_DFFHx1_ASAP7_75t_SL      1  0.8    22    42      42    (-,-) 
  g47114/Y                                                -       B->Y    F     AND2x2_ASAP7_75t_SL            1  1.4    17    22      64    (-,-) 
  g47039/Y                                                -       B->Y    R     AOI21x1_ASAP7_75t_SL           4  3.1    55    22      86    (-,-) 
  g46247/Y                                                -       A1->Y   F     AOI211x1_ASAP7_75t_SL          1  0.8    37    19     106    (-,-) 
  g46213/Y                                                -       A->Y    R     NOR3xp33_ASAP7_75t_SL          1  0.9    44    25     131    (-,-) 
  g46124/Y                                                -       A2->Y   F     OAI21xp5_ASAP7_75t_SL          1  0.9    26    15     146    (-,-) 
  g46034/Y                                                -       A1->Y   R     AOI311xp33_ASAP7_75t_SL        1  0.8    46    22     168    (-,-) 
  g45989/Y                                                -       A2->Y   F     OAI211xp5_ASAP7_75t_SL         1  1.3    43    24     191    (-,-) 
  g45983/Y                                                -       A->Y    F     AND2x4_ASAP7_75t_SL           13 13.6    31    38     229    (-,-) 
  g45978/Y                                                -       A->Y    R     INVx8_ASAP7_75t_SL            12  9.4    22    14     244    (-,-) 
  g45876/Y                                                -       A2->Y   R     OA22x2_ASAP7_75t_SL            2  1.4    17    23     267    (-,-) 
  g45782__4733/Y                                          -       C->Y    F     NAND4xp25_ASAP7_75t_SL         1  0.8    35    19     286    (-,-) 
  g45765__6783/Y                                          -       B->Y    F     OR2x2_ASAP7_75t_SL             3  2.0    17    28     314    (-,-) 
  g45738__5115/Y                                          -       B->Y    F     OR2x2_ASAP7_75t_SL             4  4.4    24    30     344    (-,-) 
  g45680__6417/Y                                          -       A2->Y   R     OAI21xp5_ASAP7_75t_SL          1  1.3    36    21     364    (-,-) 
  g45652__4733/Y                                          -       B->Y    R     AND2x4_ASAP7_75t_SL           14 15.2    44    36     401    (-,-) 
  g45649/Y                                                -       A->Y    F     INVx4_ASAP7_75t_SL             9  9.4    29    18     418    (-,-) 
  g45586__7410/Y                                          -       A1->Y   R     OAI22x1_ASAP7_75t_SL           2  1.6    44    17     436    (-,-) 
  g45513__1666/Y                                          -       A1->Y   F     AOI22xp5_ASAP7_75t_SL          2  1.6    37    19     455    (-,-) 
  g45457__4319/Y                                          -       B2->Y   R     OAI22xp5_ASAP7_75t_SL          2  2.1    58    33     487    (-,-) 
  g45451/Y                                                -       A->Y    F     INVx1_ASAP7_75t_L              1  0.8    21    14     502    (-,-) 
  g45408__8246/Y                                          -       B->Y    R     NAND2xp5_ASAP7_75t_SL          1  0.8    27    14     516    (-,-) 
  g45376__7098/Y                                          -       A1->Y   F     AOI21xp5_ASAP7_75t_SL          1  0.9    24    14     530    (-,-) 
  g45367__8428/Y                                          -       B->Y    R     OAI21xp5_ASAP7_75t_SL          2  2.1    55    19     549    (-,-) 
  g45358__2346/Y                                          -       B->Y    F     NOR2x1_ASAP7_75t_SL            2  1.3    39    16     565    (-,-) 
  addinc_FP32_ALU_col1_fracAdder_add_113_18_g954/Y        -       A->Y    F     AND2x2_ASAP7_75t_SL            2  2.4    17    30     594    (-,-) 
  addinc_FP32_ALU_col1_fracAdder_add_113_18_g846/Y        -       B->Y    R     NAND2x1p5_ASAP7_75t_SL         2  3.0    41    16     611    (-,-) 
  addinc_FP32_ALU_col1_fracAdder_add_113_18_g804/Y        -       B->Y    F     NOR2x1p5_ASAP7_75t_SL          2  1.8    24    14     624    (-,-) 
  addinc_FP32_ALU_col1_fracAdder_add_113_18_g780/Y        -       A2->Y   R     AOI21x1_ASAP7_75t_SL           2  1.5    30    16     640    (-,-) 
  addinc_FP32_ALU_col1_fracAdder_add_113_18_g759/Y        -       A2->Y   R     OA21x2_ASAP7_75t_SL            5  3.9    26    30     669    (-,-) 
  addinc_FP32_ALU_col1_fracAdder_add_113_18_g752/Y        -       A->Y    R     BUFx3_ASAP7_75t_SL             3  2.1    13    20     689    (-,-) 
  addinc_FP32_ALU_col1_fracAdder_add_113_18_g741/Y        -       A2->Y   R     OA21x2_ASAP7_75t_SL            1  1.3    14    20     709    (-,-) 
  addinc_FP32_ALU_col1_fracAdder_add_113_18_g719/Y        -       B->Y    R     XOR2xp5_ASAP7_75t_SL           2  1.8    46    30     740    (-,-) 
  g27985__2802/Y                                          -       A->Y    F     NOR2x1_ASAP7_75t_SL            1  1.3    28    18     758    (-,-) 
  g27978__4319/Y                                          -       A->Y    R     NAND2x1_ASAP7_75t_SL           1  1.8    32    21     779    (-,-) 
  g27976__5107/Y                                          -       C->Y    F     NOR4xp75_ASAP7_75t_SL          1  1.3    30    12     791    (-,-) 
  g27975__2398/Y                                          -       A->Y    F     AND3x4_ASAP7_75t_SL           11 11.2    30    38     829    (-,-) 
  g27964__9945/Y                                          -       A2->Y   R     AOI21x1_ASAP7_75t_SL           2  2.6    40    21     850    (-,-) 
  g27960__4733/Y                                          -       C->Y    F     NAND4xp75_ASAP7_75t_SL         1  2.3    39    20     870    (-,-) 
  g27958__5115/Y                                          -       B->Y    R     NOR2x2_ASAP7_75t_SL           10  6.4    43    25     895    (-,-) 
  g27947__2802/Y                                          -       A2->Y   F     AOI21xp5_ASAP7_75t_L           1  0.9    29    17     912    (-,-) 
  g27945/Y                                                -       A->Y    R     INVx1_ASAP7_75t_L              1  1.4    25    18     930    (-,-) 
  g27944__3680/Y                                          -       B->Y    F     AOI21x1_ASAP7_75t_SL           2  1.8    35    13     944    (-,-) 
  g27937__6260/Y                                          -       C->Y    F     AND3x4_ASAP7_75t_SL            5  3.9    18    35     979    (-,-) 
  g27936/Y                                                -       A->Y    R     INVx2_ASAP7_75t_SL             4  3.0    20    13     992    (-,-) 
  g27930__1666/Y                                          -       A2->Y   F     OAI21xp5_ASAP7_75t_SL          1  1.4    33    16    1009    (-,-) 
  g27926__9315/Y                                          -       B->Y    R     AOI21x1_ASAP7_75t_SL           2  2.2    36    22    1030    (-,-) 
  g27924/Y                                                -       A->Y    F     INVx2_ASAP7_75t_SL             1  0.9    13     7    1037    (-,-) 
  g27918__1881/Y                                          -       A2->Y   F     OA21x2_ASAP7_75t_SL            2  1.4    14    23    1060    (-,-) 
  g27910__1705/Y                                          -       B->Y    R     NAND2xp5_ASAP7_75t_SL          1  0.9    24    13    1074    (-,-) 
  g27908__1617/Y                                          -       A1->Y   F     OAI21xp5_ASAP7_75t_SL          2  1.5    31    18    1091    (-,-) 
  g27906__6783/Y                                          -       A2->Y   R     AOI21xp5_ASAP7_75t_L           1  1.3    41    26    1117    (-,-) 
  g27905__5526/Y                                          -       C->Y    F     AOI211x1_ASAP7_75t_SL          2  1.9    44    19    1136    (-,-) 
  g27903__8428/Y                                          -       B->Y    F     AND2x4_ASAP7_75t_SL            7  5.5    18    29    1165    (-,-) 
  g27898__5107/Y                                          -       B->Y    R     NAND2xp5_ASAP7_75t_SL          1  0.9    24    14    1178    (-,-) 
  g27893__1666/Y                                          -       B->Y    R     OA21x2_ASAP7_75t_SL            2  2.9    22    26    1204    (-,-) 
  g27884/Y                                                -       A->Y    F     INVx2_ASAP7_75t_SL             8  5.7    25    17    1221    (-,-) 
  g27883/Y                                                -       A->Y    R     INVx1_ASAP7_75t_SL             1  0.8    17    11    1232    (-,-) 
  g27821__2346/Y                                          -       B2->Y   F     OAI22xp5_ASAP7_75t_SL          3  2.3    41    20    1252    (-,-) 
  g27743__6260/Y                                          -       B2->Y   F     AO22x2_ASAP7_75t_SL            4  2.8    20    34    1286    (-,-) 
  g48022/Y                                                -       A->Y    F     HB1xp67_ASAP7_75t_SRAM         4  3.7    83    77    1363    (-,-) 
  inc_FP32_ALU_col1_roundingAdder_add_274_18_spec1_g567/Y -       A->Y    R     NAND2x1p5_ASAP7_75t_SL         3  2.6    45    30    1393    (-,-) 
  inc_FP32_ALU_col1_roundingAdder_add_274_18_spec1_g552/Y -       B->Y    F     NOR2x1_ASAP7_75t_SL            2  2.4    30    21    1414    (-,-) 
  inc_FP32_ALU_col1_roundingAdder_add_274_18_spec1_g549/Y -       B->Y    R     NAND2x1p5_ASAP7_75t_SL         3  2.9    43    19    1433    (-,-) 
  inc_FP32_ALU_col1_roundingAdder_add_274_18_spec1_g547/Y -       B->Y    F     NOR2x1p5_ASAP7_75t_SL          3  1.9    22    14    1447    (-,-) 
  inc_FP32_ALU_col1_roundingAdder_add_274_18_spec1_g542/Y -       B->Y    F     AND2x2_ASAP7_75t_L             3  2.4    17    29    1476    (-,-) 
  inc_FP32_ALU_col1_roundingAdder_add_274_18_spec1_g536/Y -       B->Y    F     AND2x4_ASAP7_75t_SL            5  4.1    14    22    1498    (-,-) 
  inc_FP32_ALU_col1_roundingAdder_add_274_18_spec1_g505/Y -       A->Y    R     NAND4xp75_ASAP7_75t_SL         3  2.4    28    13    1511    (-,-) 
  inc_FP32_ALU_col1_roundingAdder_add_274_18_spec1_g495/Y -       B->Y    F     NOR2x1_ASAP7_75t_SL            3  1.9    27    16    1527    (-,-) 
  inc_FP32_ALU_col1_roundingAdder_add_274_18_spec1_g486/Y -       B->Y    F     AND2x2_ASAP7_75t_SL            2  2.1    15    25    1552    (-,-) 
  inc_FP32_ALU_col1_roundingAdder_add_274_18_spec1_g479/Y -       B->Y    R     NAND2x1_ASAP7_75t_L            3  3.2    53    26    1578    (-,-) 
  inc_FP32_ALU_col1_roundingAdder_add_274_18_spec1_g475/Y -       B->Y    F     NOR2x1_ASAP7_75t_SL            2  1.3    26    16    1594    (-,-) 
  inc_FP32_ALU_col1_roundingAdder_add_274_18_spec1_g472/Y -       B->Y    F     AND2x2_ASAP7_75t_SL            3  3.0    19    26    1620    (-,-) 
  inc_FP32_ALU_col1_roundingAdder_add_274_18_spec1_g467/Y -       B->Y    F     AND2x2_ASAP7_75t_SL            1  1.3    14    21    1641    (-,-) 
  inc_FP32_ALU_col1_roundingAdder_add_274_18_spec1_g465/Y -       B->Y    F     XNOR2xp5_ASAP7_75t_SL          1  0.8    22    21    1662    (-,-) 
  g27261/Y                                                -       A1->Y   R     AOI22xp5_ASAP7_75t_SL          2  1.4    42    22    1684    (-,-) 
  g27242/Y                                                -       C->Y    F     NOR4xp25_ASAP7_75t_SL          1  0.8    29    17    1701    (-,-) 
  g27232/Y                                                -       A1->Y   R     AOI21xp5_ASAP7_75t_L           3  2.2    60    34    1735    (-,-) 
  g27228/Y                                                -       B->Y    R     AND2x2_ASAP7_75t_SL           17 11.2    62    47    1782    (-,-) 
  g27203/Y                                                -       B->Y    F     NAND2xp5_ASAP7_75t_L           2  2.1    47    32    1814    (-,-) 
  g27173/Y                                                -       B->Y    R     NOR2x1_ASAP7_75t_L             5  3.4    52    33    1847    (-,-) 
  g27131/Y                                                -       A1->Y   F     AOI21xp5_ASAP7_75t_SL          1  0.9    31    17    1864    (-,-) 
  PIPE_OUT_col1_stage_reg_reg[0][3]/D                     -       -       F     ASYNC_DFFHx1_ASAP7_75t_SL      1    -     -     0    1864    (-,-) 
#--------------------------------------------------------------------------------------------------------------------------------------------------



Path 5: MET (19 ps) Setup Check with Pin PIPE_OUT_col1_stage_reg_reg[0][2]/CLK->D
           View: PVT_0P63V_100C.setup_view
          Group: clk
     Startpoint: (R) PIPE_cascade_in_col1_stage_reg_reg[0][1]/CLK
          Clock: (R) clk
       Endpoint: (F) PIPE_OUT_col1_stage_reg_reg[0][2]/D
          Clock: (R) clk

                     Capture       Launch     
        Clock Edge:+    2000            0     
       Src Latency:+       0            0     
       Net Latency:+       0 (I)        0 (I) 
           Arrival:=    2000            0     
                                              
             Setup:-      18                  
       Uncertainty:-     100                  
     Required Time:=    1882                  
      Launch Clock:-       0                  
         Data Path:-    1864                  
             Slack:=      19                  

#--------------------------------------------------------------------------------------------------------------------------------------------------
#                      Timing Point                       Flags    Arc    Edge           Cell             Fanout Load Trans Delay Arrival Instance 
#                                                                                                                (fF)  (ps)  (ps)   (ps)  Location 
#--------------------------------------------------------------------------------------------------------------------------------------------------
  PIPE_cascade_in_col1_stage_reg_reg[0][1]/CLK            -       -       R     (arrival)                   1147    -     0     0       0    (-,-) 
  PIPE_cascade_in_col1_stage_reg_reg[0][1]/QN             -       CLK->QN F     ASYNC_DFFHx1_ASAP7_75t_SL      1  0.8    22    42      42    (-,-) 
  g47114/Y                                                -       B->Y    F     AND2x2_ASAP7_75t_SL            1  1.4    17    22      64    (-,-) 
  g47039/Y                                                -       B->Y    R     AOI21x1_ASAP7_75t_SL           4  3.1    55    22      86    (-,-) 
  g46247/Y                                                -       A1->Y   F     AOI211x1_ASAP7_75t_SL          1  0.8    37    19     106    (-,-) 
  g46213/Y                                                -       A->Y    R     NOR3xp33_ASAP7_75t_SL          1  0.9    44    25     131    (-,-) 
  g46124/Y                                                -       A2->Y   F     OAI21xp5_ASAP7_75t_SL          1  0.9    26    15     146    (-,-) 
  g46034/Y                                                -       A1->Y   R     AOI311xp33_ASAP7_75t_SL        1  0.8    46    22     168    (-,-) 
  g45989/Y                                                -       A2->Y   F     OAI211xp5_ASAP7_75t_SL         1  1.3    43    24     191    (-,-) 
  g45983/Y                                                -       A->Y    F     AND2x4_ASAP7_75t_SL           13 13.6    31    38     229    (-,-) 
  g45978/Y                                                -       A->Y    R     INVx8_ASAP7_75t_SL            12  9.4    22    14     244    (-,-) 
  g45876/Y                                                -       A2->Y   R     OA22x2_ASAP7_75t_SL            2  1.4    17    23     267    (-,-) 
  g45782__4733/Y                                          -       C->Y    F     NAND4xp25_ASAP7_75t_SL         1  0.8    35    19     286    (-,-) 
  g45765__6783/Y                                          -       B->Y    F     OR2x2_ASAP7_75t_SL             3  2.0    17    28     314    (-,-) 
  g45738__5115/Y                                          -       B->Y    F     OR2x2_ASAP7_75t_SL             4  4.4    24    30     344    (-,-) 
  g45680__6417/Y                                          -       A2->Y   R     OAI21xp5_ASAP7_75t_SL          1  1.3    36    21     364    (-,-) 
  g45652__4733/Y                                          -       B->Y    R     AND2x4_ASAP7_75t_SL           14 15.2    44    36     401    (-,-) 
  g45649/Y                                                -       A->Y    F     INVx4_ASAP7_75t_SL             9  9.4    29    18     418    (-,-) 
  g45586__7410/Y                                          -       A1->Y   R     OAI22x1_ASAP7_75t_SL           2  1.6    44    17     436    (-,-) 
  g45513__1666/Y                                          -       A1->Y   F     AOI22xp5_ASAP7_75t_SL          2  1.6    37    19     455    (-,-) 
  g45457__4319/Y                                          -       B2->Y   R     OAI22xp5_ASAP7_75t_SL          2  2.1    58    33     487    (-,-) 
  g45451/Y                                                -       A->Y    F     INVx1_ASAP7_75t_L              1  0.8    21    14     502    (-,-) 
  g45408__8246/Y                                          -       B->Y    R     NAND2xp5_ASAP7_75t_SL          1  0.8    27    14     516    (-,-) 
  g45376__7098/Y                                          -       A1->Y   F     AOI21xp5_ASAP7_75t_SL          1  0.9    24    14     530    (-,-) 
  g45367__8428/Y                                          -       B->Y    R     OAI21xp5_ASAP7_75t_SL          2  2.1    55    19     549    (-,-) 
  g45358__2346/Y                                          -       B->Y    F     NOR2x1_ASAP7_75t_SL            2  1.3    39    16     565    (-,-) 
  addinc_FP32_ALU_col1_fracAdder_add_113_18_g954/Y        -       A->Y    F     AND2x2_ASAP7_75t_SL            2  2.4    17    30     594    (-,-) 
  addinc_FP32_ALU_col1_fracAdder_add_113_18_g846/Y        -       B->Y    R     NAND2x1p5_ASAP7_75t_SL         2  3.0    41    16     611    (-,-) 
  addinc_FP32_ALU_col1_fracAdder_add_113_18_g804/Y        -       B->Y    F     NOR2x1p5_ASAP7_75t_SL          2  1.8    24    14     624    (-,-) 
  addinc_FP32_ALU_col1_fracAdder_add_113_18_g780/Y        -       A2->Y   R     AOI21x1_ASAP7_75t_SL           2  1.5    30    16     640    (-,-) 
  addinc_FP32_ALU_col1_fracAdder_add_113_18_g759/Y        -       A2->Y   R     OA21x2_ASAP7_75t_SL            5  3.9    26    30     669    (-,-) 
  addinc_FP32_ALU_col1_fracAdder_add_113_18_g752/Y        -       A->Y    R     BUFx3_ASAP7_75t_SL             3  2.1    13    20     689    (-,-) 
  addinc_FP32_ALU_col1_fracAdder_add_113_18_g741/Y        -       A2->Y   R     OA21x2_ASAP7_75t_SL            1  1.3    14    20     709    (-,-) 
  addinc_FP32_ALU_col1_fracAdder_add_113_18_g719/Y        -       B->Y    R     XOR2xp5_ASAP7_75t_SL           2  1.8    46    30     740    (-,-) 
  g27985__2802/Y                                          -       A->Y    F     NOR2x1_ASAP7_75t_SL            1  1.3    28    18     758    (-,-) 
  g27978__4319/Y                                          -       A->Y    R     NAND2x1_ASAP7_75t_SL           1  1.8    32    21     779    (-,-) 
  g27976__5107/Y                                          -       C->Y    F     NOR4xp75_ASAP7_75t_SL          1  1.3    30    12     791    (-,-) 
  g27975__2398/Y                                          -       A->Y    F     AND3x4_ASAP7_75t_SL           11 11.2    30    38     829    (-,-) 
  g27964__9945/Y                                          -       A2->Y   R     AOI21x1_ASAP7_75t_SL           2  2.6    40    21     850    (-,-) 
  g27960__4733/Y                                          -       C->Y    F     NAND4xp75_ASAP7_75t_SL         1  2.3    39    20     870    (-,-) 
  g27958__5115/Y                                          -       B->Y    R     NOR2x2_ASAP7_75t_SL           10  6.4    43    25     895    (-,-) 
  g27947__2802/Y                                          -       A2->Y   F     AOI21xp5_ASAP7_75t_L           1  0.9    29    17     912    (-,-) 
  g27945/Y                                                -       A->Y    R     INVx1_ASAP7_75t_L              1  1.4    25    18     930    (-,-) 
  g27944__3680/Y                                          -       B->Y    F     AOI21x1_ASAP7_75t_SL           2  1.8    35    13     944    (-,-) 
  g27937__6260/Y                                          -       C->Y    F     AND3x4_ASAP7_75t_SL            5  3.9    18    35     979    (-,-) 
  g27936/Y                                                -       A->Y    R     INVx2_ASAP7_75t_SL             4  3.0    20    13     992    (-,-) 
  g27930__1666/Y                                          -       A2->Y   F     OAI21xp5_ASAP7_75t_SL          1  1.4    33    16    1009    (-,-) 
  g27926__9315/Y                                          -       B->Y    R     AOI21x1_ASAP7_75t_SL           2  2.2    36    22    1030    (-,-) 
  g27924/Y                                                -       A->Y    F     INVx2_ASAP7_75t_SL             1  0.9    13     7    1037    (-,-) 
  g27918__1881/Y                                          -       A2->Y   F     OA21x2_ASAP7_75t_SL            2  1.4    14    23    1060    (-,-) 
  g27910__1705/Y                                          -       B->Y    R     NAND2xp5_ASAP7_75t_SL          1  0.9    24    13    1074    (-,-) 
  g27908__1617/Y                                          -       A1->Y   F     OAI21xp5_ASAP7_75t_SL          2  1.5    31    18    1091    (-,-) 
  g27906__6783/Y                                          -       A2->Y   R     AOI21xp5_ASAP7_75t_L           1  1.3    41    26    1117    (-,-) 
  g27905__5526/Y                                          -       C->Y    F     AOI211x1_ASAP7_75t_SL          2  1.9    44    19    1136    (-,-) 
  g27903__8428/Y                                          -       B->Y    F     AND2x4_ASAP7_75t_SL            7  5.5    18    29    1165    (-,-) 
  g27898__5107/Y                                          -       B->Y    R     NAND2xp5_ASAP7_75t_SL          1  0.9    24    14    1178    (-,-) 
  g27893__1666/Y                                          -       B->Y    R     OA21x2_ASAP7_75t_SL            2  2.9    22    26    1204    (-,-) 
  g27884/Y                                                -       A->Y    F     INVx2_ASAP7_75t_SL             8  5.7    25    17    1221    (-,-) 
  g27883/Y                                                -       A->Y    R     INVx1_ASAP7_75t_SL             1  0.8    17    11    1232    (-,-) 
  g27821__2346/Y                                          -       B2->Y   F     OAI22xp5_ASAP7_75t_SL          3  2.3    41    20    1252    (-,-) 
  g27743__6260/Y                                          -       B2->Y   F     AO22x2_ASAP7_75t_SL            4  2.8    20    34    1286    (-,-) 
  g48022/Y                                                -       A->Y    F     HB1xp67_ASAP7_75t_SRAM         4  3.7    83    77    1363    (-,-) 
  inc_FP32_ALU_col1_roundingAdder_add_274_18_spec1_g567/Y -       A->Y    R     NAND2x1p5_ASAP7_75t_SL         3  2.6    45    30    1393    (-,-) 
  inc_FP32_ALU_col1_roundingAdder_add_274_18_spec1_g552/Y -       B->Y    F     NOR2x1_ASAP7_75t_SL            2  2.4    30    21    1414    (-,-) 
  inc_FP32_ALU_col1_roundingAdder_add_274_18_spec1_g549/Y -       B->Y    R     NAND2x1p5_ASAP7_75t_SL         3  2.9    43    19    1433    (-,-) 
  inc_FP32_ALU_col1_roundingAdder_add_274_18_spec1_g547/Y -       B->Y    F     NOR2x1p5_ASAP7_75t_SL          3  1.9    22    14    1447    (-,-) 
  inc_FP32_ALU_col1_roundingAdder_add_274_18_spec1_g542/Y -       B->Y    F     AND2x2_ASAP7_75t_L             3  2.4    17    29    1476    (-,-) 
  inc_FP32_ALU_col1_roundingAdder_add_274_18_spec1_g536/Y -       B->Y    F     AND2x4_ASAP7_75t_SL            5  4.1    14    22    1498    (-,-) 
  inc_FP32_ALU_col1_roundingAdder_add_274_18_spec1_g505/Y -       A->Y    R     NAND4xp75_ASAP7_75t_SL         3  2.4    28    13    1511    (-,-) 
  inc_FP32_ALU_col1_roundingAdder_add_274_18_spec1_g495/Y -       B->Y    F     NOR2x1_ASAP7_75t_SL            3  1.9    27    16    1527    (-,-) 
  inc_FP32_ALU_col1_roundingAdder_add_274_18_spec1_g486/Y -       B->Y    F     AND2x2_ASAP7_75t_SL            2  2.1    15    25    1552    (-,-) 
  inc_FP32_ALU_col1_roundingAdder_add_274_18_spec1_g479/Y -       B->Y    R     NAND2x1_ASAP7_75t_L            3  3.2    53    26    1578    (-,-) 
  inc_FP32_ALU_col1_roundingAdder_add_274_18_spec1_g475/Y -       B->Y    F     NOR2x1_ASAP7_75t_SL            2  1.3    26    16    1594    (-,-) 
  inc_FP32_ALU_col1_roundingAdder_add_274_18_spec1_g472/Y -       B->Y    F     AND2x2_ASAP7_75t_SL            3  3.0    19    26    1620    (-,-) 
  inc_FP32_ALU_col1_roundingAdder_add_274_18_spec1_g467/Y -       B->Y    F     AND2x2_ASAP7_75t_SL            1  1.3    14    21    1641    (-,-) 
  inc_FP32_ALU_col1_roundingAdder_add_274_18_spec1_g465/Y -       B->Y    F     XNOR2xp5_ASAP7_75t_SL          1  0.8    22    21    1662    (-,-) 
  g27261/Y                                                -       A1->Y   R     AOI22xp5_ASAP7_75t_SL          2  1.4    42    22    1684    (-,-) 
  g27242/Y                                                -       C->Y    F     NOR4xp25_ASAP7_75t_SL          1  0.8    29    17    1701    (-,-) 
  g27232/Y                                                -       A1->Y   R     AOI21xp5_ASAP7_75t_L           3  2.2    60    34    1735    (-,-) 
  g27228/Y                                                -       B->Y    R     AND2x2_ASAP7_75t_SL           17 11.2    62    47    1782    (-,-) 
  g27203/Y                                                -       B->Y    F     NAND2xp5_ASAP7_75t_L           2  2.1    47    32    1814    (-,-) 
  g27173/Y                                                -       B->Y    R     NOR2x1_ASAP7_75t_L             5  3.4    52    33    1847    (-,-) 
  g27130/Y                                                -       A1->Y   F     AOI21xp5_ASAP7_75t_SL          1  0.9    31    17    1864    (-,-) 
  PIPE_OUT_col1_stage_reg_reg[0][2]/D                     -       -       F     ASYNC_DFFHx1_ASAP7_75t_SL      1    -     -     0    1864    (-,-) 
#--------------------------------------------------------------------------------------------------------------------------------------------------



Path 6: MET (19 ps) Setup Check with Pin PIPE_OUT_col1_stage_reg_reg[0][1]/CLK->D
           View: PVT_0P63V_100C.setup_view
          Group: clk
     Startpoint: (R) PIPE_cascade_in_col1_stage_reg_reg[0][1]/CLK
          Clock: (R) clk
       Endpoint: (F) PIPE_OUT_col1_stage_reg_reg[0][1]/D
          Clock: (R) clk

                     Capture       Launch     
        Clock Edge:+    2000            0     
       Src Latency:+       0            0     
       Net Latency:+       0 (I)        0 (I) 
           Arrival:=    2000            0     
                                              
             Setup:-      18                  
       Uncertainty:-     100                  
     Required Time:=    1882                  
      Launch Clock:-       0                  
         Data Path:-    1864                  
             Slack:=      19                  

#--------------------------------------------------------------------------------------------------------------------------------------------------
#                      Timing Point                       Flags    Arc    Edge           Cell             Fanout Load Trans Delay Arrival Instance 
#                                                                                                                (fF)  (ps)  (ps)   (ps)  Location 
#--------------------------------------------------------------------------------------------------------------------------------------------------
  PIPE_cascade_in_col1_stage_reg_reg[0][1]/CLK            -       -       R     (arrival)                   1147    -     0     0       0    (-,-) 
  PIPE_cascade_in_col1_stage_reg_reg[0][1]/QN             -       CLK->QN F     ASYNC_DFFHx1_ASAP7_75t_SL      1  0.8    22    42      42    (-,-) 
  g47114/Y                                                -       B->Y    F     AND2x2_ASAP7_75t_SL            1  1.4    17    22      64    (-,-) 
  g47039/Y                                                -       B->Y    R     AOI21x1_ASAP7_75t_SL           4  3.1    55    22      86    (-,-) 
  g46247/Y                                                -       A1->Y   F     AOI211x1_ASAP7_75t_SL          1  0.8    37    19     106    (-,-) 
  g46213/Y                                                -       A->Y    R     NOR3xp33_ASAP7_75t_SL          1  0.9    44    25     131    (-,-) 
  g46124/Y                                                -       A2->Y   F     OAI21xp5_ASAP7_75t_SL          1  0.9    26    15     146    (-,-) 
  g46034/Y                                                -       A1->Y   R     AOI311xp33_ASAP7_75t_SL        1  0.8    46    22     168    (-,-) 
  g45989/Y                                                -       A2->Y   F     OAI211xp5_ASAP7_75t_SL         1  1.3    43    24     191    (-,-) 
  g45983/Y                                                -       A->Y    F     AND2x4_ASAP7_75t_SL           13 13.6    31    38     229    (-,-) 
  g45978/Y                                                -       A->Y    R     INVx8_ASAP7_75t_SL            12  9.4    22    14     244    (-,-) 
  g45876/Y                                                -       A2->Y   R     OA22x2_ASAP7_75t_SL            2  1.4    17    23     267    (-,-) 
  g45782__4733/Y                                          -       C->Y    F     NAND4xp25_ASAP7_75t_SL         1  0.8    35    19     286    (-,-) 
  g45765__6783/Y                                          -       B->Y    F     OR2x2_ASAP7_75t_SL             3  2.0    17    28     314    (-,-) 
  g45738__5115/Y                                          -       B->Y    F     OR2x2_ASAP7_75t_SL             4  4.4    24    30     344    (-,-) 
  g45680__6417/Y                                          -       A2->Y   R     OAI21xp5_ASAP7_75t_SL          1  1.3    36    21     364    (-,-) 
  g45652__4733/Y                                          -       B->Y    R     AND2x4_ASAP7_75t_SL           14 15.2    44    36     401    (-,-) 
  g45649/Y                                                -       A->Y    F     INVx4_ASAP7_75t_SL             9  9.4    29    18     418    (-,-) 
  g45586__7410/Y                                          -       A1->Y   R     OAI22x1_ASAP7_75t_SL           2  1.6    44    17     436    (-,-) 
  g45513__1666/Y                                          -       A1->Y   F     AOI22xp5_ASAP7_75t_SL          2  1.6    37    19     455    (-,-) 
  g45457__4319/Y                                          -       B2->Y   R     OAI22xp5_ASAP7_75t_SL          2  2.1    58    33     487    (-,-) 
  g45451/Y                                                -       A->Y    F     INVx1_ASAP7_75t_L              1  0.8    21    14     502    (-,-) 
  g45408__8246/Y                                          -       B->Y    R     NAND2xp5_ASAP7_75t_SL          1  0.8    27    14     516    (-,-) 
  g45376__7098/Y                                          -       A1->Y   F     AOI21xp5_ASAP7_75t_SL          1  0.9    24    14     530    (-,-) 
  g45367__8428/Y                                          -       B->Y    R     OAI21xp5_ASAP7_75t_SL          2  2.1    55    19     549    (-,-) 
  g45358__2346/Y                                          -       B->Y    F     NOR2x1_ASAP7_75t_SL            2  1.3    39    16     565    (-,-) 
  addinc_FP32_ALU_col1_fracAdder_add_113_18_g954/Y        -       A->Y    F     AND2x2_ASAP7_75t_SL            2  2.4    17    30     594    (-,-) 
  addinc_FP32_ALU_col1_fracAdder_add_113_18_g846/Y        -       B->Y    R     NAND2x1p5_ASAP7_75t_SL         2  3.0    41    16     611    (-,-) 
  addinc_FP32_ALU_col1_fracAdder_add_113_18_g804/Y        -       B->Y    F     NOR2x1p5_ASAP7_75t_SL          2  1.8    24    14     624    (-,-) 
  addinc_FP32_ALU_col1_fracAdder_add_113_18_g780/Y        -       A2->Y   R     AOI21x1_ASAP7_75t_SL           2  1.5    30    16     640    (-,-) 
  addinc_FP32_ALU_col1_fracAdder_add_113_18_g759/Y        -       A2->Y   R     OA21x2_ASAP7_75t_SL            5  3.9    26    30     669    (-,-) 
  addinc_FP32_ALU_col1_fracAdder_add_113_18_g752/Y        -       A->Y    R     BUFx3_ASAP7_75t_SL             3  2.1    13    20     689    (-,-) 
  addinc_FP32_ALU_col1_fracAdder_add_113_18_g741/Y        -       A2->Y   R     OA21x2_ASAP7_75t_SL            1  1.3    14    20     709    (-,-) 
  addinc_FP32_ALU_col1_fracAdder_add_113_18_g719/Y        -       B->Y    R     XOR2xp5_ASAP7_75t_SL           2  1.8    46    30     740    (-,-) 
  g27985__2802/Y                                          -       A->Y    F     NOR2x1_ASAP7_75t_SL            1  1.3    28    18     758    (-,-) 
  g27978__4319/Y                                          -       A->Y    R     NAND2x1_ASAP7_75t_SL           1  1.8    32    21     779    (-,-) 
  g27976__5107/Y                                          -       C->Y    F     NOR4xp75_ASAP7_75t_SL          1  1.3    30    12     791    (-,-) 
  g27975__2398/Y                                          -       A->Y    F     AND3x4_ASAP7_75t_SL           11 11.2    30    38     829    (-,-) 
  g27964__9945/Y                                          -       A2->Y   R     AOI21x1_ASAP7_75t_SL           2  2.6    40    21     850    (-,-) 
  g27960__4733/Y                                          -       C->Y    F     NAND4xp75_ASAP7_75t_SL         1  2.3    39    20     870    (-,-) 
  g27958__5115/Y                                          -       B->Y    R     NOR2x2_ASAP7_75t_SL           10  6.4    43    25     895    (-,-) 
  g27947__2802/Y                                          -       A2->Y   F     AOI21xp5_ASAP7_75t_L           1  0.9    29    17     912    (-,-) 
  g27945/Y                                                -       A->Y    R     INVx1_ASAP7_75t_L              1  1.4    25    18     930    (-,-) 
  g27944__3680/Y                                          -       B->Y    F     AOI21x1_ASAP7_75t_SL           2  1.8    35    13     944    (-,-) 
  g27937__6260/Y                                          -       C->Y    F     AND3x4_ASAP7_75t_SL            5  3.9    18    35     979    (-,-) 
  g27936/Y                                                -       A->Y    R     INVx2_ASAP7_75t_SL             4  3.0    20    13     992    (-,-) 
  g27930__1666/Y                                          -       A2->Y   F     OAI21xp5_ASAP7_75t_SL          1  1.4    33    16    1009    (-,-) 
  g27926__9315/Y                                          -       B->Y    R     AOI21x1_ASAP7_75t_SL           2  2.2    36    22    1030    (-,-) 
  g27924/Y                                                -       A->Y    F     INVx2_ASAP7_75t_SL             1  0.9    13     7    1037    (-,-) 
  g27918__1881/Y                                          -       A2->Y   F     OA21x2_ASAP7_75t_SL            2  1.4    14    23    1060    (-,-) 
  g27910__1705/Y                                          -       B->Y    R     NAND2xp5_ASAP7_75t_SL          1  0.9    24    13    1074    (-,-) 
  g27908__1617/Y                                          -       A1->Y   F     OAI21xp5_ASAP7_75t_SL          2  1.5    31    18    1091    (-,-) 
  g27906__6783/Y                                          -       A2->Y   R     AOI21xp5_ASAP7_75t_L           1  1.3    41    26    1117    (-,-) 
  g27905__5526/Y                                          -       C->Y    F     AOI211x1_ASAP7_75t_SL          2  1.9    44    19    1136    (-,-) 
  g27903__8428/Y                                          -       B->Y    F     AND2x4_ASAP7_75t_SL            7  5.5    18    29    1165    (-,-) 
  g27898__5107/Y                                          -       B->Y    R     NAND2xp5_ASAP7_75t_SL          1  0.9    24    14    1178    (-,-) 
  g27893__1666/Y                                          -       B->Y    R     OA21x2_ASAP7_75t_SL            2  2.9    22    26    1204    (-,-) 
  g27884/Y                                                -       A->Y    F     INVx2_ASAP7_75t_SL             8  5.7    25    17    1221    (-,-) 
  g27883/Y                                                -       A->Y    R     INVx1_ASAP7_75t_SL             1  0.8    17    11    1232    (-,-) 
  g27821__2346/Y                                          -       B2->Y   F     OAI22xp5_ASAP7_75t_SL          3  2.3    41    20    1252    (-,-) 
  g27743__6260/Y                                          -       B2->Y   F     AO22x2_ASAP7_75t_SL            4  2.8    20    34    1286    (-,-) 
  g48022/Y                                                -       A->Y    F     HB1xp67_ASAP7_75t_SRAM         4  3.7    83    77    1363    (-,-) 
  inc_FP32_ALU_col1_roundingAdder_add_274_18_spec1_g567/Y -       A->Y    R     NAND2x1p5_ASAP7_75t_SL         3  2.6    45    30    1393    (-,-) 
  inc_FP32_ALU_col1_roundingAdder_add_274_18_spec1_g552/Y -       B->Y    F     NOR2x1_ASAP7_75t_SL            2  2.4    30    21    1414    (-,-) 
  inc_FP32_ALU_col1_roundingAdder_add_274_18_spec1_g549/Y -       B->Y    R     NAND2x1p5_ASAP7_75t_SL         3  2.9    43    19    1433    (-,-) 
  inc_FP32_ALU_col1_roundingAdder_add_274_18_spec1_g547/Y -       B->Y    F     NOR2x1p5_ASAP7_75t_SL          3  1.9    22    14    1447    (-,-) 
  inc_FP32_ALU_col1_roundingAdder_add_274_18_spec1_g542/Y -       B->Y    F     AND2x2_ASAP7_75t_L             3  2.4    17    29    1476    (-,-) 
  inc_FP32_ALU_col1_roundingAdder_add_274_18_spec1_g536/Y -       B->Y    F     AND2x4_ASAP7_75t_SL            5  4.1    14    22    1498    (-,-) 
  inc_FP32_ALU_col1_roundingAdder_add_274_18_spec1_g505/Y -       A->Y    R     NAND4xp75_ASAP7_75t_SL         3  2.4    28    13    1511    (-,-) 
  inc_FP32_ALU_col1_roundingAdder_add_274_18_spec1_g495/Y -       B->Y    F     NOR2x1_ASAP7_75t_SL            3  1.9    27    16    1527    (-,-) 
  inc_FP32_ALU_col1_roundingAdder_add_274_18_spec1_g486/Y -       B->Y    F     AND2x2_ASAP7_75t_SL            2  2.1    15    25    1552    (-,-) 
  inc_FP32_ALU_col1_roundingAdder_add_274_18_spec1_g479/Y -       B->Y    R     NAND2x1_ASAP7_75t_L            3  3.2    53    26    1578    (-,-) 
  inc_FP32_ALU_col1_roundingAdder_add_274_18_spec1_g475/Y -       B->Y    F     NOR2x1_ASAP7_75t_SL            2  1.3    26    16    1594    (-,-) 
  inc_FP32_ALU_col1_roundingAdder_add_274_18_spec1_g472/Y -       B->Y    F     AND2x2_ASAP7_75t_SL            3  3.0    19    26    1620    (-,-) 
  inc_FP32_ALU_col1_roundingAdder_add_274_18_spec1_g467/Y -       B->Y    F     AND2x2_ASAP7_75t_SL            1  1.3    14    21    1641    (-,-) 
  inc_FP32_ALU_col1_roundingAdder_add_274_18_spec1_g465/Y -       B->Y    F     XNOR2xp5_ASAP7_75t_SL          1  0.8    22    21    1662    (-,-) 
  g27261/Y                                                -       A1->Y   R     AOI22xp5_ASAP7_75t_SL          2  1.4    42    22    1684    (-,-) 
  g27242/Y                                                -       C->Y    F     NOR4xp25_ASAP7_75t_SL          1  0.8    29    17    1701    (-,-) 
  g27232/Y                                                -       A1->Y   R     AOI21xp5_ASAP7_75t_L           3  2.2    60    34    1735    (-,-) 
  g27228/Y                                                -       B->Y    R     AND2x2_ASAP7_75t_SL           17 11.2    62    47    1782    (-,-) 
  g27203/Y                                                -       B->Y    F     NAND2xp5_ASAP7_75t_L           2  2.1    47    32    1814    (-,-) 
  g27173/Y                                                -       B->Y    R     NOR2x1_ASAP7_75t_L             5  3.4    52    33    1847    (-,-) 
  g27129/Y                                                -       A1->Y   F     AOI21xp5_ASAP7_75t_SL          1  0.9    31    17    1864    (-,-) 
  PIPE_OUT_col1_stage_reg_reg[0][1]/D                     -       -       F     ASYNC_DFFHx1_ASAP7_75t_SL      1    -     -     0    1864    (-,-) 
#--------------------------------------------------------------------------------------------------------------------------------------------------



Path 7: MET (19 ps) Setup Check with Pin PIPE_OUT_col1_stage_reg_reg[0][0]/CLK->D
           View: PVT_0P63V_100C.setup_view
          Group: clk
     Startpoint: (R) PIPE_cascade_in_col1_stage_reg_reg[0][1]/CLK
          Clock: (R) clk
       Endpoint: (F) PIPE_OUT_col1_stage_reg_reg[0][0]/D
          Clock: (R) clk

                     Capture       Launch     
        Clock Edge:+    2000            0     
       Src Latency:+       0            0     
       Net Latency:+       0 (I)        0 (I) 
           Arrival:=    2000            0     
                                              
             Setup:-      18                  
       Uncertainty:-     100                  
     Required Time:=    1882                  
      Launch Clock:-       0                  
         Data Path:-    1864                  
             Slack:=      19                  

#--------------------------------------------------------------------------------------------------------------------------------------------------
#                      Timing Point                       Flags    Arc    Edge           Cell             Fanout Load Trans Delay Arrival Instance 
#                                                                                                                (fF)  (ps)  (ps)   (ps)  Location 
#--------------------------------------------------------------------------------------------------------------------------------------------------
  PIPE_cascade_in_col1_stage_reg_reg[0][1]/CLK            -       -       R     (arrival)                   1147    -     0     0       0    (-,-) 
  PIPE_cascade_in_col1_stage_reg_reg[0][1]/QN             -       CLK->QN F     ASYNC_DFFHx1_ASAP7_75t_SL      1  0.8    22    42      42    (-,-) 
  g47114/Y                                                -       B->Y    F     AND2x2_ASAP7_75t_SL            1  1.4    17    22      64    (-,-) 
  g47039/Y                                                -       B->Y    R     AOI21x1_ASAP7_75t_SL           4  3.1    55    22      86    (-,-) 
  g46247/Y                                                -       A1->Y   F     AOI211x1_ASAP7_75t_SL          1  0.8    37    19     106    (-,-) 
  g46213/Y                                                -       A->Y    R     NOR3xp33_ASAP7_75t_SL          1  0.9    44    25     131    (-,-) 
  g46124/Y                                                -       A2->Y   F     OAI21xp5_ASAP7_75t_SL          1  0.9    26    15     146    (-,-) 
  g46034/Y                                                -       A1->Y   R     AOI311xp33_ASAP7_75t_SL        1  0.8    46    22     168    (-,-) 
  g45989/Y                                                -       A2->Y   F     OAI211xp5_ASAP7_75t_SL         1  1.3    43    24     191    (-,-) 
  g45983/Y                                                -       A->Y    F     AND2x4_ASAP7_75t_SL           13 13.6    31    38     229    (-,-) 
  g45978/Y                                                -       A->Y    R     INVx8_ASAP7_75t_SL            12  9.4    22    14     244    (-,-) 
  g45876/Y                                                -       A2->Y   R     OA22x2_ASAP7_75t_SL            2  1.4    17    23     267    (-,-) 
  g45782__4733/Y                                          -       C->Y    F     NAND4xp25_ASAP7_75t_SL         1  0.8    35    19     286    (-,-) 
  g45765__6783/Y                                          -       B->Y    F     OR2x2_ASAP7_75t_SL             3  2.0    17    28     314    (-,-) 
  g45738__5115/Y                                          -       B->Y    F     OR2x2_ASAP7_75t_SL             4  4.4    24    30     344    (-,-) 
  g45680__6417/Y                                          -       A2->Y   R     OAI21xp5_ASAP7_75t_SL          1  1.3    36    21     364    (-,-) 
  g45652__4733/Y                                          -       B->Y    R     AND2x4_ASAP7_75t_SL           14 15.2    44    36     401    (-,-) 
  g45649/Y                                                -       A->Y    F     INVx4_ASAP7_75t_SL             9  9.4    29    18     418    (-,-) 
  g45586__7410/Y                                          -       A1->Y   R     OAI22x1_ASAP7_75t_SL           2  1.6    44    17     436    (-,-) 
  g45513__1666/Y                                          -       A1->Y   F     AOI22xp5_ASAP7_75t_SL          2  1.6    37    19     455    (-,-) 
  g45457__4319/Y                                          -       B2->Y   R     OAI22xp5_ASAP7_75t_SL          2  2.1    58    33     487    (-,-) 
  g45451/Y                                                -       A->Y    F     INVx1_ASAP7_75t_L              1  0.8    21    14     502    (-,-) 
  g45408__8246/Y                                          -       B->Y    R     NAND2xp5_ASAP7_75t_SL          1  0.8    27    14     516    (-,-) 
  g45376__7098/Y                                          -       A1->Y   F     AOI21xp5_ASAP7_75t_SL          1  0.9    24    14     530    (-,-) 
  g45367__8428/Y                                          -       B->Y    R     OAI21xp5_ASAP7_75t_SL          2  2.1    55    19     549    (-,-) 
  g45358__2346/Y                                          -       B->Y    F     NOR2x1_ASAP7_75t_SL            2  1.3    39    16     565    (-,-) 
  addinc_FP32_ALU_col1_fracAdder_add_113_18_g954/Y        -       A->Y    F     AND2x2_ASAP7_75t_SL            2  2.4    17    30     594    (-,-) 
  addinc_FP32_ALU_col1_fracAdder_add_113_18_g846/Y        -       B->Y    R     NAND2x1p5_ASAP7_75t_SL         2  3.0    41    16     611    (-,-) 
  addinc_FP32_ALU_col1_fracAdder_add_113_18_g804/Y        -       B->Y    F     NOR2x1p5_ASAP7_75t_SL          2  1.8    24    14     624    (-,-) 
  addinc_FP32_ALU_col1_fracAdder_add_113_18_g780/Y        -       A2->Y   R     AOI21x1_ASAP7_75t_SL           2  1.5    30    16     640    (-,-) 
  addinc_FP32_ALU_col1_fracAdder_add_113_18_g759/Y        -       A2->Y   R     OA21x2_ASAP7_75t_SL            5  3.9    26    30     669    (-,-) 
  addinc_FP32_ALU_col1_fracAdder_add_113_18_g752/Y        -       A->Y    R     BUFx3_ASAP7_75t_SL             3  2.1    13    20     689    (-,-) 
  addinc_FP32_ALU_col1_fracAdder_add_113_18_g741/Y        -       A2->Y   R     OA21x2_ASAP7_75t_SL            1  1.3    14    20     709    (-,-) 
  addinc_FP32_ALU_col1_fracAdder_add_113_18_g719/Y        -       B->Y    R     XOR2xp5_ASAP7_75t_SL           2  1.8    46    30     740    (-,-) 
  g27985__2802/Y                                          -       A->Y    F     NOR2x1_ASAP7_75t_SL            1  1.3    28    18     758    (-,-) 
  g27978__4319/Y                                          -       A->Y    R     NAND2x1_ASAP7_75t_SL           1  1.8    32    21     779    (-,-) 
  g27976__5107/Y                                          -       C->Y    F     NOR4xp75_ASAP7_75t_SL          1  1.3    30    12     791    (-,-) 
  g27975__2398/Y                                          -       A->Y    F     AND3x4_ASAP7_75t_SL           11 11.2    30    38     829    (-,-) 
  g27964__9945/Y                                          -       A2->Y   R     AOI21x1_ASAP7_75t_SL           2  2.6    40    21     850    (-,-) 
  g27960__4733/Y                                          -       C->Y    F     NAND4xp75_ASAP7_75t_SL         1  2.3    39    20     870    (-,-) 
  g27958__5115/Y                                          -       B->Y    R     NOR2x2_ASAP7_75t_SL           10  6.4    43    25     895    (-,-) 
  g27947__2802/Y                                          -       A2->Y   F     AOI21xp5_ASAP7_75t_L           1  0.9    29    17     912    (-,-) 
  g27945/Y                                                -       A->Y    R     INVx1_ASAP7_75t_L              1  1.4    25    18     930    (-,-) 
  g27944__3680/Y                                          -       B->Y    F     AOI21x1_ASAP7_75t_SL           2  1.8    35    13     944    (-,-) 
  g27937__6260/Y                                          -       C->Y    F     AND3x4_ASAP7_75t_SL            5  3.9    18    35     979    (-,-) 
  g27936/Y                                                -       A->Y    R     INVx2_ASAP7_75t_SL             4  3.0    20    13     992    (-,-) 
  g27930__1666/Y                                          -       A2->Y   F     OAI21xp5_ASAP7_75t_SL          1  1.4    33    16    1009    (-,-) 
  g27926__9315/Y                                          -       B->Y    R     AOI21x1_ASAP7_75t_SL           2  2.2    36    22    1030    (-,-) 
  g27924/Y                                                -       A->Y    F     INVx2_ASAP7_75t_SL             1  0.9    13     7    1037    (-,-) 
  g27918__1881/Y                                          -       A2->Y   F     OA21x2_ASAP7_75t_SL            2  1.4    14    23    1060    (-,-) 
  g27910__1705/Y                                          -       B->Y    R     NAND2xp5_ASAP7_75t_SL          1  0.9    24    13    1074    (-,-) 
  g27908__1617/Y                                          -       A1->Y   F     OAI21xp5_ASAP7_75t_SL          2  1.5    31    18    1091    (-,-) 
  g27906__6783/Y                                          -       A2->Y   R     AOI21xp5_ASAP7_75t_L           1  1.3    41    26    1117    (-,-) 
  g27905__5526/Y                                          -       C->Y    F     AOI211x1_ASAP7_75t_SL          2  1.9    44    19    1136    (-,-) 
  g27903__8428/Y                                          -       B->Y    F     AND2x4_ASAP7_75t_SL            7  5.5    18    29    1165    (-,-) 
  g27898__5107/Y                                          -       B->Y    R     NAND2xp5_ASAP7_75t_SL          1  0.9    24    14    1178    (-,-) 
  g27893__1666/Y                                          -       B->Y    R     OA21x2_ASAP7_75t_SL            2  2.9    22    26    1204    (-,-) 
  g27884/Y                                                -       A->Y    F     INVx2_ASAP7_75t_SL             8  5.7    25    17    1221    (-,-) 
  g27883/Y                                                -       A->Y    R     INVx1_ASAP7_75t_SL             1  0.8    17    11    1232    (-,-) 
  g27821__2346/Y                                          -       B2->Y   F     OAI22xp5_ASAP7_75t_SL          3  2.3    41    20    1252    (-,-) 
  g27743__6260/Y                                          -       B2->Y   F     AO22x2_ASAP7_75t_SL            4  2.8    20    34    1286    (-,-) 
  g48022/Y                                                -       A->Y    F     HB1xp67_ASAP7_75t_SRAM         4  3.7    83    77    1363    (-,-) 
  inc_FP32_ALU_col1_roundingAdder_add_274_18_spec1_g567/Y -       A->Y    R     NAND2x1p5_ASAP7_75t_SL         3  2.6    45    30    1393    (-,-) 
  inc_FP32_ALU_col1_roundingAdder_add_274_18_spec1_g552/Y -       B->Y    F     NOR2x1_ASAP7_75t_SL            2  2.4    30    21    1414    (-,-) 
  inc_FP32_ALU_col1_roundingAdder_add_274_18_spec1_g549/Y -       B->Y    R     NAND2x1p5_ASAP7_75t_SL         3  2.9    43    19    1433    (-,-) 
  inc_FP32_ALU_col1_roundingAdder_add_274_18_spec1_g547/Y -       B->Y    F     NOR2x1p5_ASAP7_75t_SL          3  1.9    22    14    1447    (-,-) 
  inc_FP32_ALU_col1_roundingAdder_add_274_18_spec1_g542/Y -       B->Y    F     AND2x2_ASAP7_75t_L             3  2.4    17    29    1476    (-,-) 
  inc_FP32_ALU_col1_roundingAdder_add_274_18_spec1_g536/Y -       B->Y    F     AND2x4_ASAP7_75t_SL            5  4.1    14    22    1498    (-,-) 
  inc_FP32_ALU_col1_roundingAdder_add_274_18_spec1_g505/Y -       A->Y    R     NAND4xp75_ASAP7_75t_SL         3  2.4    28    13    1511    (-,-) 
  inc_FP32_ALU_col1_roundingAdder_add_274_18_spec1_g495/Y -       B->Y    F     NOR2x1_ASAP7_75t_SL            3  1.9    27    16    1527    (-,-) 
  inc_FP32_ALU_col1_roundingAdder_add_274_18_spec1_g486/Y -       B->Y    F     AND2x2_ASAP7_75t_SL            2  2.1    15    25    1552    (-,-) 
  inc_FP32_ALU_col1_roundingAdder_add_274_18_spec1_g479/Y -       B->Y    R     NAND2x1_ASAP7_75t_L            3  3.2    53    26    1578    (-,-) 
  inc_FP32_ALU_col1_roundingAdder_add_274_18_spec1_g475/Y -       B->Y    F     NOR2x1_ASAP7_75t_SL            2  1.3    26    16    1594    (-,-) 
  inc_FP32_ALU_col1_roundingAdder_add_274_18_spec1_g472/Y -       B->Y    F     AND2x2_ASAP7_75t_SL            3  3.0    19    26    1620    (-,-) 
  inc_FP32_ALU_col1_roundingAdder_add_274_18_spec1_g467/Y -       B->Y    F     AND2x2_ASAP7_75t_SL            1  1.3    14    21    1641    (-,-) 
  inc_FP32_ALU_col1_roundingAdder_add_274_18_spec1_g465/Y -       B->Y    F     XNOR2xp5_ASAP7_75t_SL          1  0.8    22    21    1662    (-,-) 
  g27261/Y                                                -       A1->Y   R     AOI22xp5_ASAP7_75t_SL          2  1.4    42    22    1684    (-,-) 
  g27242/Y                                                -       C->Y    F     NOR4xp25_ASAP7_75t_SL          1  0.8    29    17    1701    (-,-) 
  g27232/Y                                                -       A1->Y   R     AOI21xp5_ASAP7_75t_L           3  2.2    60    34    1735    (-,-) 
  g27228/Y                                                -       B->Y    R     AND2x2_ASAP7_75t_SL           17 11.2    62    47    1782    (-,-) 
  g27203/Y                                                -       B->Y    F     NAND2xp5_ASAP7_75t_L           2  2.1    47    32    1814    (-,-) 
  g27173/Y                                                -       B->Y    R     NOR2x1_ASAP7_75t_L             5  3.4    52    33    1847    (-,-) 
  g27123/Y                                                -       A1->Y   F     AOI21xp5_ASAP7_75t_SL          1  0.9    31    17    1864    (-,-) 
  PIPE_OUT_col1_stage_reg_reg[0][0]/D                     -       -       F     ASYNC_DFFHx1_ASAP7_75t_SL      1    -     -     0    1864    (-,-) 
#--------------------------------------------------------------------------------------------------------------------------------------------------



Path 8: MET (19 ps) Setup Check with Pin PIPE_OUT_col2_stage_reg_reg[0][4]/CLK->D
           View: PVT_0P63V_100C.setup_view
          Group: clk
     Startpoint: (R) PIPE_cascade_in_col2_stage_reg_reg[0][2]/CLK
          Clock: (R) clk
       Endpoint: (R) PIPE_OUT_col2_stage_reg_reg[0][4]/D
          Clock: (R) clk

                     Capture       Launch     
        Clock Edge:+    2000            0     
       Src Latency:+       0            0     
       Net Latency:+       0 (I)        0 (I) 
           Arrival:=    2000            0     
                                              
             Setup:-      15                  
       Uncertainty:-     100                  
     Required Time:=    1885                  
      Launch Clock:-       0                  
         Data Path:-    1866                  
             Slack:=      19                  

#--------------------------------------------------------------------------------------------------------------------------------------------------
#                      Timing Point                       Flags    Arc    Edge           Cell             Fanout Load Trans Delay Arrival Instance 
#                                                                                                                (fF)  (ps)  (ps)   (ps)  Location 
#--------------------------------------------------------------------------------------------------------------------------------------------------
  PIPE_cascade_in_col2_stage_reg_reg[0][2]/CLK            -       -       R     (arrival)                   1147    -     0     0       0    (-,-) 
  PIPE_cascade_in_col2_stage_reg_reg[0][2]/QN             -       CLK->QN F     ASYNC_DFFHx1_ASAP7_75t_SL      1  0.8    22    42      42    (-,-) 
  g47099/Y                                                -       B->Y    F     AND2x2_ASAP7_75t_SL            1  1.4    17    22      64    (-,-) 
  g47061/Y                                                -       B->Y    R     AOI21x1_ASAP7_75t_SL           4  2.5    50    20      84    (-,-) 
  g46523/Y                                                -       B->Y    F     NOR2xp33_ASAP7_75t_SL          1  0.8    32    22     106    (-,-) 
  g46365/Y                                                -       B2->Y   F     OA331x1_ASAP7_75t_SL           1  0.8    20    34     140    (-,-) 
  g46248/Y                                                -       A3->Y   R     OAI331xp33_ASAP7_75t_SL        1  0.8    62    28     167    (-,-) 
  g46226/Y                                                -       C->Y    F     NAND3xp33_ASAP7_75t_SL         1  1.1    38    17     184    (-,-) 
  g46199/Y                                                -       A1->Y   R     AOI211x1_ASAP7_75t_SL          1  2.3    52    24     208    (-,-) 
  g46196/Y                                                -       B->Y    F     NOR2x2_ASAP7_75t_SL            3  5.3    38    23     231    (-,-) 
  g46195/Y                                                -       A->Y    F     BUFx6f_ASAP7_75t_SL           11 10.2    20    28     259    (-,-) 
  g46193/Y                                                -       A->Y    R     INVx2_ASAP7_75t_SL             4  3.6    23    15     274    (-,-) 
  g46051/Y                                                -       A2->Y   R     AO22x2_ASAP7_75t_SL            2  2.5    22    27     301    (-,-) 
  g45991/Y                                                -       A->Y    F     NOR2x1p5_ASAP7_75t_SL          2  2.4    22    14     315    (-,-) 
  g45898/Y                                                -       A->Y    R     NAND2x1p5_ASAP7_75t_SL         2  2.0    24    16     331    (-,-) 
  g45838/Y                                                -       B->Y    R     AND2x4_ASAP7_75t_SL            5  5.3    20    24     355    (-,-) 
  g45803/Y                                                -       A->Y    F     INVx3_ASAP7_75t_SL             3  2.2    12     8     362    (-,-) 
  g45776__1881/Y                                          -       A2->Y   R     OAI21xp5_ASAP7_75t_SL          1  1.8    44    22     384    (-,-) 
  g45766__3680/Y                                          -       B->Y    F     NAND2x1p5_ASAP7_75t_SL         5  7.7    46    26     411    (-,-) 
  g45760/Y                                                -       A->Y    R     INVx5_ASAP7_75t_SL            11  7.7    29    18     429    (-,-) 
  g45739__7482/Y                                          -       B->Y    R     AND2x4_ASAP7_75t_SL           14 12.1    37    32     461    (-,-) 
  g45713__2346/Y                                          -       A2->Y   R     AO22x2_ASAP7_75t_SL            2  2.5    21    30     491    (-,-) 
  g45642__2802/Y                                          -       B1->Y   F     AOI22x1_ASAP7_75t_SL           2  1.6    39    12     503    (-,-) 
  g45546__9945/Y                                          -       B2->Y   R     OAI22xp5_ASAP7_75t_SL          2  1.6    50    29     533    (-,-) 
  g45530/Y                                                -       A->Y    F     INVx1_ASAP7_75t_L              1  0.8    19    14     546    (-,-) 
  g45472__7482/Y                                          -       A1->Y   R     OAI22xp5_ASAP7_75t_SL          1  1.3    45    20     566    (-,-) 
  g45425__5107/Y                                          -       B->Y    R     XOR2xp5_ASAP7_75t_SL           2  1.3    54    29     596    (-,-) 
  addinc_FP32_ALU_col2_fracAdder_add_113_18_g965/Y        -       B->Y    F     NOR2xp33_ASAP7_75t_L           2  1.6    64    39     634    (-,-) 
  addinc_FP32_ALU_col2_fracAdder_add_113_18_g938/Y        -       A->Y    R     INVx1_ASAP7_75t_L              2  1.5    35    25     660    (-,-) 
  addinc_FP32_ALU_col2_fracAdder_add_113_18_g820/Y        -       A1->Y   F     AOI21xp5_ASAP7_75t_L           1  0.9    27    19     679    (-,-) 
  addinc_FP32_ALU_col2_fracAdder_add_113_18_g766/Y        -       B->Y    R     OAI21xp5_ASAP7_75t_SL          1  0.8    25    13     692    (-,-) 
  addinc_FP32_ALU_col2_fracAdder_add_113_18_g755/Y        -       B->Y    F     AOI21xp5_ASAP7_75t_SL          1  0.9    30    13     705    (-,-) 
  addinc_FP32_ALU_col2_fracAdder_add_113_18_g734/Y        -       B->Y    F     OA21x2_ASAP7_75t_SL            3  4.7    25    28     733    (-,-) 
  addinc_FP32_ALU_col2_fracAdder_add_113_18_g727/Y        -       A->Y    R     INVx5_ASAP7_75t_SL             9 10.4    28    18     751    (-,-) 
  addinc_FP32_ALU_col2_fracAdder_add_113_18_g710/Y        -       A2->Y   F     AOI21x1_ASAP7_75t_SL           1  1.3    29    10     761    (-,-) 
  addinc_FP32_ALU_col2_fracAdder_add_113_18_g2/Y          -       B->Y    F     XNOR2xp5_ASAP7_75t_SL          2  2.3    41    32     794    (-,-) 
  g28597__1617/Y                                          -       A->Y    R     NOR4xp75_ASAP7_75t_SL          1  1.3    44    23     817    (-,-) 
  g28589__5107/Y                                          -       B->Y    R     AND3x4_ASAP7_75t_SL           12  9.0    32    36     853    (-,-) 
  g28584__7410/Y                                          -       A2->Y   F     AOI21xp5_ASAP7_75t_L           2  1.6    38    21     874    (-,-) 
  g28576__6161/Y                                          -       D->Y    R     NAND4xp25_ASAP7_75t_SL         1  0.8    34    22     896    (-,-) 
  g28574__7482/Y                                          -       A->Y    R     OR2x2_ASAP7_75t_SL             5  4.3    27    31     927    (-,-) 
  g28570/Y                                                -       A->Y    F     INVx2_ASAP7_75t_SL             1  1.3    12     7     934    (-,-) 
  g28569__5115/Y                                          -       B->Y    F     AND2x4_ASAP7_75t_SL            4  5.3    16    22     956    (-,-) 
  g28559__6783/Y                                          -       A2->Y   R     AOI21x1_ASAP7_75t_SL           2  2.6    41    19     974    (-,-) 
  g28554__4319/Y                                          -       B->Y    F     NAND4xp75_ASAP7_75t_SL         5  3.9    51    27    1001    (-,-) 
  g28548__6417/Y                                          -       A2->Y   R     OAI21xp5_ASAP7_75t_SL          1  1.4    44    27    1028    (-,-) 
  g28544__2883/Y                                          -       B->Y    F     AOI21x1_ASAP7_75t_SL           2  1.6    30    15    1043    (-,-) 
  g28542/Y                                                -       A->Y    R     INVx1_ASAP7_75t_SL             1  0.9    19    12    1056    (-,-) 
  g28538__7482/Y                                          -       A2->Y   F     OAI21xp5_ASAP7_75t_SL          2  1.5    32    16    1072    (-,-) 
  g28531__7098/Y                                          -       B->Y    R     NOR2xp67_ASAP7_75t_SL          1  0.9    26    15    1087    (-,-) 
  g28530__8246/Y                                          -       B->Y    F     OAI21xp5_ASAP7_75t_SL          1  1.8    36    18    1105    (-,-) 
  g28528__1705/Y                                          -       B->Y    R     NAND2x1p5_ASAP7_75t_SL         2  2.5    31    19    1124    (-,-) 
  g28527__2802/Y                                          -       A2->Y   F     AOI21x1_ASAP7_75t_SL           1  1.6    26    12    1136    (-,-) 
  g28525__3680/Y                                          -       B->Y    R     NOR3x1_ASAP7_75t_SL            2  1.8    30    17    1153    (-,-) 
  g28523__6783/Y                                          -       B->Y    R     AND2x4_ASAP7_75t_SL            7  8.3    27    28    1181    (-,-) 
  g28522/Y                                                -       A->Y    F     INVx5_ASAP7_75t_SL             6  6.4    17    11    1192    (-,-) 
  g27872__7410/Y                                          -       A2->Y   F     AO22x2_ASAP7_75t_SL            3  3.7    22    30    1222    (-,-) 
  g27855/Y                                                -       A->Y    F     BUFx12f_ASAP7_75t_SL          23 16.1    18    24    1246    (-,-) 
  g28468__6783/Y                                          -       B1->Y   R     AOI22xp5_ASAP7_75t_SL          2  2.1    58    28    1273    (-,-) 
  g28417__5107/Y                                          -       A1->Y   F     OAI22xp5_ASAP7_75t_SL          3  2.0    47    27    1300    (-,-) 
  g28363__4733/Y                                          -       B2->Y   F     AO22x2_ASAP7_75t_SL            4  2.7    20    35    1335    (-,-) 
  g48020/Y                                                -       A->Y    F     HB1xp67_ASAP7_75t_SRAM         3  2.3    55    62    1397    (-,-) 
  inc_FP32_ALU_col2_roundingAdder_add_274_18_spec1_g559/Y -       A->Y    R     NAND2x1_ASAP7_75t_SL           2  2.3    44    30    1428    (-,-) 
  inc_FP32_ALU_col2_roundingAdder_add_274_18_spec1_g552/Y -       B->Y    F     NOR2x1p5_ASAP7_75t_SL          1  1.8    21    14    1441    (-,-) 
  inc_FP32_ALU_col2_roundingAdder_add_274_18_spec1_g541/Y -       A->Y    R     NAND2x1p5_ASAP7_75t_SL         2  2.4    25    17    1458    (-,-) 
  inc_FP32_ALU_col2_roundingAdder_add_274_18_spec1_g534/Y -       B->Y    F     NOR2x1p5_ASAP7_75t_SL          2  2.3    28    13    1472    (-,-) 
  inc_FP32_ALU_col2_roundingAdder_add_274_18_spec1_g521/Y -       B->Y    R     NAND2x1p5_ASAP7_75t_SL         2  2.3    24    17    1488    (-,-) 
  inc_FP32_ALU_col2_roundingAdder_add_274_18_spec1_g509/Y -       B->Y    F     NOR2x1p5_ASAP7_75t_SL          2  1.5    25    11    1499    (-,-) 
  inc_FP32_ALU_col2_roundingAdder_add_274_18_spec1_g479/Y -       A->Y    F     AND3x2_ASAP7_75t_SL            2  1.4    14    20    1518    (-,-) 
  inc_FP32_ALU_col2_roundingAdder_add_274_18_spec1_g470/Y -       B->Y    F     AND2x2_ASAP7_75t_SL            2  2.1    16    22    1540    (-,-) 
  inc_FP32_ALU_col2_roundingAdder_add_274_18_spec1_g466/Y -       B->Y    F     AND2x4_ASAP7_75t_SL            2  2.4    11    20    1560    (-,-) 
  inc_FP32_ALU_col2_roundingAdder_add_274_18_spec1_g463/Y -       B->Y    R     NAND2x1p5_ASAP7_75t_SL         2  1.9    33    12    1571    (-,-) 
  inc_FP32_ALU_col2_roundingAdder_add_274_18_spec1_g460/Y -       B->Y    F     NOR2x1_ASAP7_75t_SL            2  1.6    22    16    1587    (-,-) 
  inc_FP32_ALU_col2_roundingAdder_add_274_18_spec1_g457/Y -       B->Y    R     NAND2xp5_ASAP7_75t_SL          1  1.2    36    17    1604    (-,-) 
  inc_FP32_ALU_col2_roundingAdder_add_274_18_spec1_g455/Y -       B->Y    R     XNOR2xp5_ASAP7_75t_SL          1  0.8    35    20    1624    (-,-) 
  g27280/Y                                                -       A1->Y   F     AOI22xp5_ASAP7_75t_SL          2  1.4    42    17    1641    (-,-) 
  g27247/Y                                                -       D->Y    R     NOR4xp25_ASAP7_75t_SL          1  1.4    78    39    1680    (-,-) 
  g27238/Y                                                -       A1->Y   R     AO31x2_ASAP7_75t_SL           10  5.7    36    40    1720    (-,-) 
  g27227/Y                                                -       B->Y    F     NOR2x1_ASAP7_75t_SL           17 11.2    95    50    1770    (-,-) 
  g27202/Y                                                -       B->Y    R     NAND2xp5_ASAP7_75t_L           2  2.1    61    45    1815    (-,-) 
  g27174/Y                                                -       B->Y    F     NOR2x1_ASAP7_75t_L             5  3.4    43    34    1848    (-,-) 
  g27128/Y                                                -       A1->Y   R     AOI21xp5_ASAP7_75t_SL          1  0.9    34    18    1866    (-,-) 
  PIPE_OUT_col2_stage_reg_reg[0][4]/D                     -       -       R     ASYNC_DFFHx1_ASAP7_75t_SL      1    -     -     0    1866    (-,-) 
#--------------------------------------------------------------------------------------------------------------------------------------------------



Path 9: MET (19 ps) Setup Check with Pin PIPE_OUT_col2_stage_reg_reg[0][3]/CLK->D
           View: PVT_0P63V_100C.setup_view
          Group: clk
     Startpoint: (R) PIPE_cascade_in_col2_stage_reg_reg[0][2]/CLK
          Clock: (R) clk
       Endpoint: (R) PIPE_OUT_col2_stage_reg_reg[0][3]/D
          Clock: (R) clk

                     Capture       Launch     
        Clock Edge:+    2000            0     
       Src Latency:+       0            0     
       Net Latency:+       0 (I)        0 (I) 
           Arrival:=    2000            0     
                                              
             Setup:-      15                  
       Uncertainty:-     100                  
     Required Time:=    1885                  
      Launch Clock:-       0                  
         Data Path:-    1866                  
             Slack:=      19                  

#--------------------------------------------------------------------------------------------------------------------------------------------------
#                      Timing Point                       Flags    Arc    Edge           Cell             Fanout Load Trans Delay Arrival Instance 
#                                                                                                                (fF)  (ps)  (ps)   (ps)  Location 
#--------------------------------------------------------------------------------------------------------------------------------------------------
  PIPE_cascade_in_col2_stage_reg_reg[0][2]/CLK            -       -       R     (arrival)                   1147    -     0     0       0    (-,-) 
  PIPE_cascade_in_col2_stage_reg_reg[0][2]/QN             -       CLK->QN F     ASYNC_DFFHx1_ASAP7_75t_SL      1  0.8    22    42      42    (-,-) 
  g47099/Y                                                -       B->Y    F     AND2x2_ASAP7_75t_SL            1  1.4    17    22      64    (-,-) 
  g47061/Y                                                -       B->Y    R     AOI21x1_ASAP7_75t_SL           4  2.5    50    20      84    (-,-) 
  g46523/Y                                                -       B->Y    F     NOR2xp33_ASAP7_75t_SL          1  0.8    32    22     106    (-,-) 
  g46365/Y                                                -       B2->Y   F     OA331x1_ASAP7_75t_SL           1  0.8    20    34     140    (-,-) 
  g46248/Y                                                -       A3->Y   R     OAI331xp33_ASAP7_75t_SL        1  0.8    62    28     167    (-,-) 
  g46226/Y                                                -       C->Y    F     NAND3xp33_ASAP7_75t_SL         1  1.1    38    17     184    (-,-) 
  g46199/Y                                                -       A1->Y   R     AOI211x1_ASAP7_75t_SL          1  2.3    52    24     208    (-,-) 
  g46196/Y                                                -       B->Y    F     NOR2x2_ASAP7_75t_SL            3  5.3    38    23     231    (-,-) 
  g46195/Y                                                -       A->Y    F     BUFx6f_ASAP7_75t_SL           11 10.2    20    28     259    (-,-) 
  g46193/Y                                                -       A->Y    R     INVx2_ASAP7_75t_SL             4  3.6    23    15     274    (-,-) 
  g46051/Y                                                -       A2->Y   R     AO22x2_ASAP7_75t_SL            2  2.5    22    27     301    (-,-) 
  g45991/Y                                                -       A->Y    F     NOR2x1p5_ASAP7_75t_SL          2  2.4    22    14     315    (-,-) 
  g45898/Y                                                -       A->Y    R     NAND2x1p5_ASAP7_75t_SL         2  2.0    24    16     331    (-,-) 
  g45838/Y                                                -       B->Y    R     AND2x4_ASAP7_75t_SL            5  5.3    20    24     355    (-,-) 
  g45803/Y                                                -       A->Y    F     INVx3_ASAP7_75t_SL             3  2.2    12     8     362    (-,-) 
  g45776__1881/Y                                          -       A2->Y   R     OAI21xp5_ASAP7_75t_SL          1  1.8    44    22     384    (-,-) 
  g45766__3680/Y                                          -       B->Y    F     NAND2x1p5_ASAP7_75t_SL         5  7.7    46    26     411    (-,-) 
  g45760/Y                                                -       A->Y    R     INVx5_ASAP7_75t_SL            11  7.7    29    18     429    (-,-) 
  g45739__7482/Y                                          -       B->Y    R     AND2x4_ASAP7_75t_SL           14 12.1    37    32     461    (-,-) 
  g45713__2346/Y                                          -       A2->Y   R     AO22x2_ASAP7_75t_SL            2  2.5    21    30     491    (-,-) 
  g45642__2802/Y                                          -       B1->Y   F     AOI22x1_ASAP7_75t_SL           2  1.6    39    12     503    (-,-) 
  g45546__9945/Y                                          -       B2->Y   R     OAI22xp5_ASAP7_75t_SL          2  1.6    50    29     533    (-,-) 
  g45530/Y                                                -       A->Y    F     INVx1_ASAP7_75t_L              1  0.8    19    14     546    (-,-) 
  g45472__7482/Y                                          -       A1->Y   R     OAI22xp5_ASAP7_75t_SL          1  1.3    45    20     566    (-,-) 
  g45425__5107/Y                                          -       B->Y    R     XOR2xp5_ASAP7_75t_SL           2  1.3    54    29     596    (-,-) 
  addinc_FP32_ALU_col2_fracAdder_add_113_18_g965/Y        -       B->Y    F     NOR2xp33_ASAP7_75t_L           2  1.6    64    39     634    (-,-) 
  addinc_FP32_ALU_col2_fracAdder_add_113_18_g938/Y        -       A->Y    R     INVx1_ASAP7_75t_L              2  1.5    35    25     660    (-,-) 
  addinc_FP32_ALU_col2_fracAdder_add_113_18_g820/Y        -       A1->Y   F     AOI21xp5_ASAP7_75t_L           1  0.9    27    19     679    (-,-) 
  addinc_FP32_ALU_col2_fracAdder_add_113_18_g766/Y        -       B->Y    R     OAI21xp5_ASAP7_75t_SL          1  0.8    25    13     692    (-,-) 
  addinc_FP32_ALU_col2_fracAdder_add_113_18_g755/Y        -       B->Y    F     AOI21xp5_ASAP7_75t_SL          1  0.9    30    13     705    (-,-) 
  addinc_FP32_ALU_col2_fracAdder_add_113_18_g734/Y        -       B->Y    F     OA21x2_ASAP7_75t_SL            3  4.7    25    28     733    (-,-) 
  addinc_FP32_ALU_col2_fracAdder_add_113_18_g727/Y        -       A->Y    R     INVx5_ASAP7_75t_SL             9 10.4    28    18     751    (-,-) 
  addinc_FP32_ALU_col2_fracAdder_add_113_18_g710/Y        -       A2->Y   F     AOI21x1_ASAP7_75t_SL           1  1.3    29    10     761    (-,-) 
  addinc_FP32_ALU_col2_fracAdder_add_113_18_g2/Y          -       B->Y    F     XNOR2xp5_ASAP7_75t_SL          2  2.3    41    32     794    (-,-) 
  g28597__1617/Y                                          -       A->Y    R     NOR4xp75_ASAP7_75t_SL          1  1.3    44    23     817    (-,-) 
  g28589__5107/Y                                          -       B->Y    R     AND3x4_ASAP7_75t_SL           12  9.0    32    36     853    (-,-) 
  g28584__7410/Y                                          -       A2->Y   F     AOI21xp5_ASAP7_75t_L           2  1.6    38    21     874    (-,-) 
  g28576__6161/Y                                          -       D->Y    R     NAND4xp25_ASAP7_75t_SL         1  0.8    34    22     896    (-,-) 
  g28574__7482/Y                                          -       A->Y    R     OR2x2_ASAP7_75t_SL             5  4.3    27    31     927    (-,-) 
  g28570/Y                                                -       A->Y    F     INVx2_ASAP7_75t_SL             1  1.3    12     7     934    (-,-) 
  g28569__5115/Y                                          -       B->Y    F     AND2x4_ASAP7_75t_SL            4  5.3    16    22     956    (-,-) 
  g28559__6783/Y                                          -       A2->Y   R     AOI21x1_ASAP7_75t_SL           2  2.6    41    19     974    (-,-) 
  g28554__4319/Y                                          -       B->Y    F     NAND4xp75_ASAP7_75t_SL         5  3.9    51    27    1001    (-,-) 
  g28548__6417/Y                                          -       A2->Y   R     OAI21xp5_ASAP7_75t_SL          1  1.4    44    27    1028    (-,-) 
  g28544__2883/Y                                          -       B->Y    F     AOI21x1_ASAP7_75t_SL           2  1.6    30    15    1043    (-,-) 
  g28542/Y                                                -       A->Y    R     INVx1_ASAP7_75t_SL             1  0.9    19    12    1056    (-,-) 
  g28538__7482/Y                                          -       A2->Y   F     OAI21xp5_ASAP7_75t_SL          2  1.5    32    16    1072    (-,-) 
  g28531__7098/Y                                          -       B->Y    R     NOR2xp67_ASAP7_75t_SL          1  0.9    26    15    1087    (-,-) 
  g28530__8246/Y                                          -       B->Y    F     OAI21xp5_ASAP7_75t_SL          1  1.8    36    18    1105    (-,-) 
  g28528__1705/Y                                          -       B->Y    R     NAND2x1p5_ASAP7_75t_SL         2  2.5    31    19    1124    (-,-) 
  g28527__2802/Y                                          -       A2->Y   F     AOI21x1_ASAP7_75t_SL           1  1.6    26    12    1136    (-,-) 
  g28525__3680/Y                                          -       B->Y    R     NOR3x1_ASAP7_75t_SL            2  1.8    30    17    1153    (-,-) 
  g28523__6783/Y                                          -       B->Y    R     AND2x4_ASAP7_75t_SL            7  8.3    27    28    1181    (-,-) 
  g28522/Y                                                -       A->Y    F     INVx5_ASAP7_75t_SL             6  6.4    17    11    1192    (-,-) 
  g27872__7410/Y                                          -       A2->Y   F     AO22x2_ASAP7_75t_SL            3  3.7    22    30    1222    (-,-) 
  g27855/Y                                                -       A->Y    F     BUFx12f_ASAP7_75t_SL          23 16.1    18    24    1246    (-,-) 
  g28468__6783/Y                                          -       B1->Y   R     AOI22xp5_ASAP7_75t_SL          2  2.1    58    28    1273    (-,-) 
  g28417__5107/Y                                          -       A1->Y   F     OAI22xp5_ASAP7_75t_SL          3  2.0    47    27    1300    (-,-) 
  g28363__4733/Y                                          -       B2->Y   F     AO22x2_ASAP7_75t_SL            4  2.7    20    35    1335    (-,-) 
  g48020/Y                                                -       A->Y    F     HB1xp67_ASAP7_75t_SRAM         3  2.3    55    62    1397    (-,-) 
  inc_FP32_ALU_col2_roundingAdder_add_274_18_spec1_g559/Y -       A->Y    R     NAND2x1_ASAP7_75t_SL           2  2.3    44    30    1428    (-,-) 
  inc_FP32_ALU_col2_roundingAdder_add_274_18_spec1_g552/Y -       B->Y    F     NOR2x1p5_ASAP7_75t_SL          1  1.8    21    14    1441    (-,-) 
  inc_FP32_ALU_col2_roundingAdder_add_274_18_spec1_g541/Y -       A->Y    R     NAND2x1p5_ASAP7_75t_SL         2  2.4    25    17    1458    (-,-) 
  inc_FP32_ALU_col2_roundingAdder_add_274_18_spec1_g534/Y -       B->Y    F     NOR2x1p5_ASAP7_75t_SL          2  2.3    28    13    1472    (-,-) 
  inc_FP32_ALU_col2_roundingAdder_add_274_18_spec1_g521/Y -       B->Y    R     NAND2x1p5_ASAP7_75t_SL         2  2.3    24    17    1488    (-,-) 
  inc_FP32_ALU_col2_roundingAdder_add_274_18_spec1_g509/Y -       B->Y    F     NOR2x1p5_ASAP7_75t_SL          2  1.5    25    11    1499    (-,-) 
  inc_FP32_ALU_col2_roundingAdder_add_274_18_spec1_g479/Y -       A->Y    F     AND3x2_ASAP7_75t_SL            2  1.4    14    20    1518    (-,-) 
  inc_FP32_ALU_col2_roundingAdder_add_274_18_spec1_g470/Y -       B->Y    F     AND2x2_ASAP7_75t_SL            2  2.1    16    22    1540    (-,-) 
  inc_FP32_ALU_col2_roundingAdder_add_274_18_spec1_g466/Y -       B->Y    F     AND2x4_ASAP7_75t_SL            2  2.4    11    20    1560    (-,-) 
  inc_FP32_ALU_col2_roundingAdder_add_274_18_spec1_g463/Y -       B->Y    R     NAND2x1p5_ASAP7_75t_SL         2  1.9    33    12    1571    (-,-) 
  inc_FP32_ALU_col2_roundingAdder_add_274_18_spec1_g460/Y -       B->Y    F     NOR2x1_ASAP7_75t_SL            2  1.6    22    16    1587    (-,-) 
  inc_FP32_ALU_col2_roundingAdder_add_274_18_spec1_g457/Y -       B->Y    R     NAND2xp5_ASAP7_75t_SL          1  1.2    36    17    1604    (-,-) 
  inc_FP32_ALU_col2_roundingAdder_add_274_18_spec1_g455/Y -       B->Y    R     XNOR2xp5_ASAP7_75t_SL          1  0.8    35    20    1624    (-,-) 
  g27280/Y                                                -       A1->Y   F     AOI22xp5_ASAP7_75t_SL          2  1.4    42    17    1641    (-,-) 
  g27247/Y                                                -       D->Y    R     NOR4xp25_ASAP7_75t_SL          1  1.4    78    39    1680    (-,-) 
  g27238/Y                                                -       A1->Y   R     AO31x2_ASAP7_75t_SL           10  5.7    36    40    1720    (-,-) 
  g27227/Y                                                -       B->Y    F     NOR2x1_ASAP7_75t_SL           17 11.2    95    50    1770    (-,-) 
  g27202/Y                                                -       B->Y    R     NAND2xp5_ASAP7_75t_L           2  2.1    61    45    1815    (-,-) 
  g27174/Y                                                -       B->Y    F     NOR2x1_ASAP7_75t_L             5  3.4    43    34    1848    (-,-) 
  g27127/Y                                                -       A1->Y   R     AOI21xp5_ASAP7_75t_SL          1  0.9    34    18    1866    (-,-) 
  PIPE_OUT_col2_stage_reg_reg[0][3]/D                     -       -       R     ASYNC_DFFHx1_ASAP7_75t_SL      1    -     -     0    1866    (-,-) 
#--------------------------------------------------------------------------------------------------------------------------------------------------



Path 10: MET (19 ps) Setup Check with Pin PIPE_OUT_col2_stage_reg_reg[0][2]/CLK->D
           View: PVT_0P63V_100C.setup_view
          Group: clk
     Startpoint: (R) PIPE_cascade_in_col2_stage_reg_reg[0][2]/CLK
          Clock: (R) clk
       Endpoint: (R) PIPE_OUT_col2_stage_reg_reg[0][2]/D
          Clock: (R) clk

                     Capture       Launch     
        Clock Edge:+    2000            0     
       Src Latency:+       0            0     
       Net Latency:+       0 (I)        0 (I) 
           Arrival:=    2000            0     
                                              
             Setup:-      15                  
       Uncertainty:-     100                  
     Required Time:=    1885                  
      Launch Clock:-       0                  
         Data Path:-    1866                  
             Slack:=      19                  

#--------------------------------------------------------------------------------------------------------------------------------------------------
#                      Timing Point                       Flags    Arc    Edge           Cell             Fanout Load Trans Delay Arrival Instance 
#                                                                                                                (fF)  (ps)  (ps)   (ps)  Location 
#--------------------------------------------------------------------------------------------------------------------------------------------------
  PIPE_cascade_in_col2_stage_reg_reg[0][2]/CLK            -       -       R     (arrival)                   1147    -     0     0       0    (-,-) 
  PIPE_cascade_in_col2_stage_reg_reg[0][2]/QN             -       CLK->QN F     ASYNC_DFFHx1_ASAP7_75t_SL      1  0.8    22    42      42    (-,-) 
  g47099/Y                                                -       B->Y    F     AND2x2_ASAP7_75t_SL            1  1.4    17    22      64    (-,-) 
  g47061/Y                                                -       B->Y    R     AOI21x1_ASAP7_75t_SL           4  2.5    50    20      84    (-,-) 
  g46523/Y                                                -       B->Y    F     NOR2xp33_ASAP7_75t_SL          1  0.8    32    22     106    (-,-) 
  g46365/Y                                                -       B2->Y   F     OA331x1_ASAP7_75t_SL           1  0.8    20    34     140    (-,-) 
  g46248/Y                                                -       A3->Y   R     OAI331xp33_ASAP7_75t_SL        1  0.8    62    28     167    (-,-) 
  g46226/Y                                                -       C->Y    F     NAND3xp33_ASAP7_75t_SL         1  1.1    38    17     184    (-,-) 
  g46199/Y                                                -       A1->Y   R     AOI211x1_ASAP7_75t_SL          1  2.3    52    24     208    (-,-) 
  g46196/Y                                                -       B->Y    F     NOR2x2_ASAP7_75t_SL            3  5.3    38    23     231    (-,-) 
  g46195/Y                                                -       A->Y    F     BUFx6f_ASAP7_75t_SL           11 10.2    20    28     259    (-,-) 
  g46193/Y                                                -       A->Y    R     INVx2_ASAP7_75t_SL             4  3.6    23    15     274    (-,-) 
  g46051/Y                                                -       A2->Y   R     AO22x2_ASAP7_75t_SL            2  2.5    22    27     301    (-,-) 
  g45991/Y                                                -       A->Y    F     NOR2x1p5_ASAP7_75t_SL          2  2.4    22    14     315    (-,-) 
  g45898/Y                                                -       A->Y    R     NAND2x1p5_ASAP7_75t_SL         2  2.0    24    16     331    (-,-) 
  g45838/Y                                                -       B->Y    R     AND2x4_ASAP7_75t_SL            5  5.3    20    24     355    (-,-) 
  g45803/Y                                                -       A->Y    F     INVx3_ASAP7_75t_SL             3  2.2    12     8     362    (-,-) 
  g45776__1881/Y                                          -       A2->Y   R     OAI21xp5_ASAP7_75t_SL          1  1.8    44    22     384    (-,-) 
  g45766__3680/Y                                          -       B->Y    F     NAND2x1p5_ASAP7_75t_SL         5  7.7    46    26     411    (-,-) 
  g45760/Y                                                -       A->Y    R     INVx5_ASAP7_75t_SL            11  7.7    29    18     429    (-,-) 
  g45739__7482/Y                                          -       B->Y    R     AND2x4_ASAP7_75t_SL           14 12.1    37    32     461    (-,-) 
  g45713__2346/Y                                          -       A2->Y   R     AO22x2_ASAP7_75t_SL            2  2.5    21    30     491    (-,-) 
  g45642__2802/Y                                          -       B1->Y   F     AOI22x1_ASAP7_75t_SL           2  1.6    39    12     503    (-,-) 
  g45546__9945/Y                                          -       B2->Y   R     OAI22xp5_ASAP7_75t_SL          2  1.6    50    29     533    (-,-) 
  g45530/Y                                                -       A->Y    F     INVx1_ASAP7_75t_L              1  0.8    19    14     546    (-,-) 
  g45472__7482/Y                                          -       A1->Y   R     OAI22xp5_ASAP7_75t_SL          1  1.3    45    20     566    (-,-) 
  g45425__5107/Y                                          -       B->Y    R     XOR2xp5_ASAP7_75t_SL           2  1.3    54    29     596    (-,-) 
  addinc_FP32_ALU_col2_fracAdder_add_113_18_g965/Y        -       B->Y    F     NOR2xp33_ASAP7_75t_L           2  1.6    64    39     634    (-,-) 
  addinc_FP32_ALU_col2_fracAdder_add_113_18_g938/Y        -       A->Y    R     INVx1_ASAP7_75t_L              2  1.5    35    25     660    (-,-) 
  addinc_FP32_ALU_col2_fracAdder_add_113_18_g820/Y        -       A1->Y   F     AOI21xp5_ASAP7_75t_L           1  0.9    27    19     679    (-,-) 
  addinc_FP32_ALU_col2_fracAdder_add_113_18_g766/Y        -       B->Y    R     OAI21xp5_ASAP7_75t_SL          1  0.8    25    13     692    (-,-) 
  addinc_FP32_ALU_col2_fracAdder_add_113_18_g755/Y        -       B->Y    F     AOI21xp5_ASAP7_75t_SL          1  0.9    30    13     705    (-,-) 
  addinc_FP32_ALU_col2_fracAdder_add_113_18_g734/Y        -       B->Y    F     OA21x2_ASAP7_75t_SL            3  4.7    25    28     733    (-,-) 
  addinc_FP32_ALU_col2_fracAdder_add_113_18_g727/Y        -       A->Y    R     INVx5_ASAP7_75t_SL             9 10.4    28    18     751    (-,-) 
  addinc_FP32_ALU_col2_fracAdder_add_113_18_g710/Y        -       A2->Y   F     AOI21x1_ASAP7_75t_SL           1  1.3    29    10     761    (-,-) 
  addinc_FP32_ALU_col2_fracAdder_add_113_18_g2/Y          -       B->Y    F     XNOR2xp5_ASAP7_75t_SL          2  2.3    41    32     794    (-,-) 
  g28597__1617/Y                                          -       A->Y    R     NOR4xp75_ASAP7_75t_SL          1  1.3    44    23     817    (-,-) 
  g28589__5107/Y                                          -       B->Y    R     AND3x4_ASAP7_75t_SL           12  9.0    32    36     853    (-,-) 
  g28584__7410/Y                                          -       A2->Y   F     AOI21xp5_ASAP7_75t_L           2  1.6    38    21     874    (-,-) 
  g28576__6161/Y                                          -       D->Y    R     NAND4xp25_ASAP7_75t_SL         1  0.8    34    22     896    (-,-) 
  g28574__7482/Y                                          -       A->Y    R     OR2x2_ASAP7_75t_SL             5  4.3    27    31     927    (-,-) 
  g28570/Y                                                -       A->Y    F     INVx2_ASAP7_75t_SL             1  1.3    12     7     934    (-,-) 
  g28569__5115/Y                                          -       B->Y    F     AND2x4_ASAP7_75t_SL            4  5.3    16    22     956    (-,-) 
  g28559__6783/Y                                          -       A2->Y   R     AOI21x1_ASAP7_75t_SL           2  2.6    41    19     974    (-,-) 
  g28554__4319/Y                                          -       B->Y    F     NAND4xp75_ASAP7_75t_SL         5  3.9    51    27    1001    (-,-) 
  g28548__6417/Y                                          -       A2->Y   R     OAI21xp5_ASAP7_75t_SL          1  1.4    44    27    1028    (-,-) 
  g28544__2883/Y                                          -       B->Y    F     AOI21x1_ASAP7_75t_SL           2  1.6    30    15    1043    (-,-) 
  g28542/Y                                                -       A->Y    R     INVx1_ASAP7_75t_SL             1  0.9    19    12    1056    (-,-) 
  g28538__7482/Y                                          -       A2->Y   F     OAI21xp5_ASAP7_75t_SL          2  1.5    32    16    1072    (-,-) 
  g28531__7098/Y                                          -       B->Y    R     NOR2xp67_ASAP7_75t_SL          1  0.9    26    15    1087    (-,-) 
  g28530__8246/Y                                          -       B->Y    F     OAI21xp5_ASAP7_75t_SL          1  1.8    36    18    1105    (-,-) 
  g28528__1705/Y                                          -       B->Y    R     NAND2x1p5_ASAP7_75t_SL         2  2.5    31    19    1124    (-,-) 
  g28527__2802/Y                                          -       A2->Y   F     AOI21x1_ASAP7_75t_SL           1  1.6    26    12    1136    (-,-) 
  g28525__3680/Y                                          -       B->Y    R     NOR3x1_ASAP7_75t_SL            2  1.8    30    17    1153    (-,-) 
  g28523__6783/Y                                          -       B->Y    R     AND2x4_ASAP7_75t_SL            7  8.3    27    28    1181    (-,-) 
  g28522/Y                                                -       A->Y    F     INVx5_ASAP7_75t_SL             6  6.4    17    11    1192    (-,-) 
  g27872__7410/Y                                          -       A2->Y   F     AO22x2_ASAP7_75t_SL            3  3.7    22    30    1222    (-,-) 
  g27855/Y                                                -       A->Y    F     BUFx12f_ASAP7_75t_SL          23 16.1    18    24    1246    (-,-) 
  g28468__6783/Y                                          -       B1->Y   R     AOI22xp5_ASAP7_75t_SL          2  2.1    58    28    1273    (-,-) 
  g28417__5107/Y                                          -       A1->Y   F     OAI22xp5_ASAP7_75t_SL          3  2.0    47    27    1300    (-,-) 
  g28363__4733/Y                                          -       B2->Y   F     AO22x2_ASAP7_75t_SL            4  2.7    20    35    1335    (-,-) 
  g48020/Y                                                -       A->Y    F     HB1xp67_ASAP7_75t_SRAM         3  2.3    55    62    1397    (-,-) 
  inc_FP32_ALU_col2_roundingAdder_add_274_18_spec1_g559/Y -       A->Y    R     NAND2x1_ASAP7_75t_SL           2  2.3    44    30    1428    (-,-) 
  inc_FP32_ALU_col2_roundingAdder_add_274_18_spec1_g552/Y -       B->Y    F     NOR2x1p5_ASAP7_75t_SL          1  1.8    21    14    1441    (-,-) 
  inc_FP32_ALU_col2_roundingAdder_add_274_18_spec1_g541/Y -       A->Y    R     NAND2x1p5_ASAP7_75t_SL         2  2.4    25    17    1458    (-,-) 
  inc_FP32_ALU_col2_roundingAdder_add_274_18_spec1_g534/Y -       B->Y    F     NOR2x1p5_ASAP7_75t_SL          2  2.3    28    13    1472    (-,-) 
  inc_FP32_ALU_col2_roundingAdder_add_274_18_spec1_g521/Y -       B->Y    R     NAND2x1p5_ASAP7_75t_SL         2  2.3    24    17    1488    (-,-) 
  inc_FP32_ALU_col2_roundingAdder_add_274_18_spec1_g509/Y -       B->Y    F     NOR2x1p5_ASAP7_75t_SL          2  1.5    25    11    1499    (-,-) 
  inc_FP32_ALU_col2_roundingAdder_add_274_18_spec1_g479/Y -       A->Y    F     AND3x2_ASAP7_75t_SL            2  1.4    14    20    1518    (-,-) 
  inc_FP32_ALU_col2_roundingAdder_add_274_18_spec1_g470/Y -       B->Y    F     AND2x2_ASAP7_75t_SL            2  2.1    16    22    1540    (-,-) 
  inc_FP32_ALU_col2_roundingAdder_add_274_18_spec1_g466/Y -       B->Y    F     AND2x4_ASAP7_75t_SL            2  2.4    11    20    1560    (-,-) 
  inc_FP32_ALU_col2_roundingAdder_add_274_18_spec1_g463/Y -       B->Y    R     NAND2x1p5_ASAP7_75t_SL         2  1.9    33    12    1571    (-,-) 
  inc_FP32_ALU_col2_roundingAdder_add_274_18_spec1_g460/Y -       B->Y    F     NOR2x1_ASAP7_75t_SL            2  1.6    22    16    1587    (-,-) 
  inc_FP32_ALU_col2_roundingAdder_add_274_18_spec1_g457/Y -       B->Y    R     NAND2xp5_ASAP7_75t_SL          1  1.2    36    17    1604    (-,-) 
  inc_FP32_ALU_col2_roundingAdder_add_274_18_spec1_g455/Y -       B->Y    R     XNOR2xp5_ASAP7_75t_SL          1  0.8    35    20    1624    (-,-) 
  g27280/Y                                                -       A1->Y   F     AOI22xp5_ASAP7_75t_SL          2  1.4    42    17    1641    (-,-) 
  g27247/Y                                                -       D->Y    R     NOR4xp25_ASAP7_75t_SL          1  1.4    78    39    1680    (-,-) 
  g27238/Y                                                -       A1->Y   R     AO31x2_ASAP7_75t_SL           10  5.7    36    40    1720    (-,-) 
  g27227/Y                                                -       B->Y    F     NOR2x1_ASAP7_75t_SL           17 11.2    95    50    1770    (-,-) 
  g27202/Y                                                -       B->Y    R     NAND2xp5_ASAP7_75t_L           2  2.1    61    45    1815    (-,-) 
  g27174/Y                                                -       B->Y    F     NOR2x1_ASAP7_75t_L             5  3.4    43    34    1848    (-,-) 
  g27126/Y                                                -       A1->Y   R     AOI21xp5_ASAP7_75t_SL          1  0.9    34    18    1866    (-,-) 
  PIPE_OUT_col2_stage_reg_reg[0][2]/D                     -       -       R     ASYNC_DFFHx1_ASAP7_75t_SL      1    -     -     0    1866    (-,-) 
#--------------------------------------------------------------------------------------------------------------------------------------------------



Path 11: MET (19 ps) Setup Check with Pin PIPE_OUT_col2_stage_reg_reg[0][1]/CLK->D
           View: PVT_0P63V_100C.setup_view
          Group: clk
     Startpoint: (R) PIPE_cascade_in_col2_stage_reg_reg[0][2]/CLK
          Clock: (R) clk
       Endpoint: (R) PIPE_OUT_col2_stage_reg_reg[0][1]/D
          Clock: (R) clk

                     Capture       Launch     
        Clock Edge:+    2000            0     
       Src Latency:+       0            0     
       Net Latency:+       0 (I)        0 (I) 
           Arrival:=    2000            0     
                                              
             Setup:-      15                  
       Uncertainty:-     100                  
     Required Time:=    1885                  
      Launch Clock:-       0                  
         Data Path:-    1866                  
             Slack:=      19                  

#--------------------------------------------------------------------------------------------------------------------------------------------------
#                      Timing Point                       Flags    Arc    Edge           Cell             Fanout Load Trans Delay Arrival Instance 
#                                                                                                                (fF)  (ps)  (ps)   (ps)  Location 
#--------------------------------------------------------------------------------------------------------------------------------------------------
  PIPE_cascade_in_col2_stage_reg_reg[0][2]/CLK            -       -       R     (arrival)                   1147    -     0     0       0    (-,-) 
  PIPE_cascade_in_col2_stage_reg_reg[0][2]/QN             -       CLK->QN F     ASYNC_DFFHx1_ASAP7_75t_SL      1  0.8    22    42      42    (-,-) 
  g47099/Y                                                -       B->Y    F     AND2x2_ASAP7_75t_SL            1  1.4    17    22      64    (-,-) 
  g47061/Y                                                -       B->Y    R     AOI21x1_ASAP7_75t_SL           4  2.5    50    20      84    (-,-) 
  g46523/Y                                                -       B->Y    F     NOR2xp33_ASAP7_75t_SL          1  0.8    32    22     106    (-,-) 
  g46365/Y                                                -       B2->Y   F     OA331x1_ASAP7_75t_SL           1  0.8    20    34     140    (-,-) 
  g46248/Y                                                -       A3->Y   R     OAI331xp33_ASAP7_75t_SL        1  0.8    62    28     167    (-,-) 
  g46226/Y                                                -       C->Y    F     NAND3xp33_ASAP7_75t_SL         1  1.1    38    17     184    (-,-) 
  g46199/Y                                                -       A1->Y   R     AOI211x1_ASAP7_75t_SL          1  2.3    52    24     208    (-,-) 
  g46196/Y                                                -       B->Y    F     NOR2x2_ASAP7_75t_SL            3  5.3    38    23     231    (-,-) 
  g46195/Y                                                -       A->Y    F     BUFx6f_ASAP7_75t_SL           11 10.2    20    28     259    (-,-) 
  g46193/Y                                                -       A->Y    R     INVx2_ASAP7_75t_SL             4  3.6    23    15     274    (-,-) 
  g46051/Y                                                -       A2->Y   R     AO22x2_ASAP7_75t_SL            2  2.5    22    27     301    (-,-) 
  g45991/Y                                                -       A->Y    F     NOR2x1p5_ASAP7_75t_SL          2  2.4    22    14     315    (-,-) 
  g45898/Y                                                -       A->Y    R     NAND2x1p5_ASAP7_75t_SL         2  2.0    24    16     331    (-,-) 
  g45838/Y                                                -       B->Y    R     AND2x4_ASAP7_75t_SL            5  5.3    20    24     355    (-,-) 
  g45803/Y                                                -       A->Y    F     INVx3_ASAP7_75t_SL             3  2.2    12     8     362    (-,-) 
  g45776__1881/Y                                          -       A2->Y   R     OAI21xp5_ASAP7_75t_SL          1  1.8    44    22     384    (-,-) 
  g45766__3680/Y                                          -       B->Y    F     NAND2x1p5_ASAP7_75t_SL         5  7.7    46    26     411    (-,-) 
  g45760/Y                                                -       A->Y    R     INVx5_ASAP7_75t_SL            11  7.7    29    18     429    (-,-) 
  g45739__7482/Y                                          -       B->Y    R     AND2x4_ASAP7_75t_SL           14 12.1    37    32     461    (-,-) 
  g45713__2346/Y                                          -       A2->Y   R     AO22x2_ASAP7_75t_SL            2  2.5    21    30     491    (-,-) 
  g45642__2802/Y                                          -       B1->Y   F     AOI22x1_ASAP7_75t_SL           2  1.6    39    12     503    (-,-) 
  g45546__9945/Y                                          -       B2->Y   R     OAI22xp5_ASAP7_75t_SL          2  1.6    50    29     533    (-,-) 
  g45530/Y                                                -       A->Y    F     INVx1_ASAP7_75t_L              1  0.8    19    14     546    (-,-) 
  g45472__7482/Y                                          -       A1->Y   R     OAI22xp5_ASAP7_75t_SL          1  1.3    45    20     566    (-,-) 
  g45425__5107/Y                                          -       B->Y    R     XOR2xp5_ASAP7_75t_SL           2  1.3    54    29     596    (-,-) 
  addinc_FP32_ALU_col2_fracAdder_add_113_18_g965/Y        -       B->Y    F     NOR2xp33_ASAP7_75t_L           2  1.6    64    39     634    (-,-) 
  addinc_FP32_ALU_col2_fracAdder_add_113_18_g938/Y        -       A->Y    R     INVx1_ASAP7_75t_L              2  1.5    35    25     660    (-,-) 
  addinc_FP32_ALU_col2_fracAdder_add_113_18_g820/Y        -       A1->Y   F     AOI21xp5_ASAP7_75t_L           1  0.9    27    19     679    (-,-) 
  addinc_FP32_ALU_col2_fracAdder_add_113_18_g766/Y        -       B->Y    R     OAI21xp5_ASAP7_75t_SL          1  0.8    25    13     692    (-,-) 
  addinc_FP32_ALU_col2_fracAdder_add_113_18_g755/Y        -       B->Y    F     AOI21xp5_ASAP7_75t_SL          1  0.9    30    13     705    (-,-) 
  addinc_FP32_ALU_col2_fracAdder_add_113_18_g734/Y        -       B->Y    F     OA21x2_ASAP7_75t_SL            3  4.7    25    28     733    (-,-) 
  addinc_FP32_ALU_col2_fracAdder_add_113_18_g727/Y        -       A->Y    R     INVx5_ASAP7_75t_SL             9 10.4    28    18     751    (-,-) 
  addinc_FP32_ALU_col2_fracAdder_add_113_18_g710/Y        -       A2->Y   F     AOI21x1_ASAP7_75t_SL           1  1.3    29    10     761    (-,-) 
  addinc_FP32_ALU_col2_fracAdder_add_113_18_g2/Y          -       B->Y    F     XNOR2xp5_ASAP7_75t_SL          2  2.3    41    32     794    (-,-) 
  g28597__1617/Y                                          -       A->Y    R     NOR4xp75_ASAP7_75t_SL          1  1.3    44    23     817    (-,-) 
  g28589__5107/Y                                          -       B->Y    R     AND3x4_ASAP7_75t_SL           12  9.0    32    36     853    (-,-) 
  g28584__7410/Y                                          -       A2->Y   F     AOI21xp5_ASAP7_75t_L           2  1.6    38    21     874    (-,-) 
  g28576__6161/Y                                          -       D->Y    R     NAND4xp25_ASAP7_75t_SL         1  0.8    34    22     896    (-,-) 
  g28574__7482/Y                                          -       A->Y    R     OR2x2_ASAP7_75t_SL             5  4.3    27    31     927    (-,-) 
  g28570/Y                                                -       A->Y    F     INVx2_ASAP7_75t_SL             1  1.3    12     7     934    (-,-) 
  g28569__5115/Y                                          -       B->Y    F     AND2x4_ASAP7_75t_SL            4  5.3    16    22     956    (-,-) 
  g28559__6783/Y                                          -       A2->Y   R     AOI21x1_ASAP7_75t_SL           2  2.6    41    19     974    (-,-) 
  g28554__4319/Y                                          -       B->Y    F     NAND4xp75_ASAP7_75t_SL         5  3.9    51    27    1001    (-,-) 
  g28548__6417/Y                                          -       A2->Y   R     OAI21xp5_ASAP7_75t_SL          1  1.4    44    27    1028    (-,-) 
  g28544__2883/Y                                          -       B->Y    F     AOI21x1_ASAP7_75t_SL           2  1.6    30    15    1043    (-,-) 
  g28542/Y                                                -       A->Y    R     INVx1_ASAP7_75t_SL             1  0.9    19    12    1056    (-,-) 
  g28538__7482/Y                                          -       A2->Y   F     OAI21xp5_ASAP7_75t_SL          2  1.5    32    16    1072    (-,-) 
  g28531__7098/Y                                          -       B->Y    R     NOR2xp67_ASAP7_75t_SL          1  0.9    26    15    1087    (-,-) 
  g28530__8246/Y                                          -       B->Y    F     OAI21xp5_ASAP7_75t_SL          1  1.8    36    18    1105    (-,-) 
  g28528__1705/Y                                          -       B->Y    R     NAND2x1p5_ASAP7_75t_SL         2  2.5    31    19    1124    (-,-) 
  g28527__2802/Y                                          -       A2->Y   F     AOI21x1_ASAP7_75t_SL           1  1.6    26    12    1136    (-,-) 
  g28525__3680/Y                                          -       B->Y    R     NOR3x1_ASAP7_75t_SL            2  1.8    30    17    1153    (-,-) 
  g28523__6783/Y                                          -       B->Y    R     AND2x4_ASAP7_75t_SL            7  8.3    27    28    1181    (-,-) 
  g28522/Y                                                -       A->Y    F     INVx5_ASAP7_75t_SL             6  6.4    17    11    1192    (-,-) 
  g27872__7410/Y                                          -       A2->Y   F     AO22x2_ASAP7_75t_SL            3  3.7    22    30    1222    (-,-) 
  g27855/Y                                                -       A->Y    F     BUFx12f_ASAP7_75t_SL          23 16.1    18    24    1246    (-,-) 
  g28468__6783/Y                                          -       B1->Y   R     AOI22xp5_ASAP7_75t_SL          2  2.1    58    28    1273    (-,-) 
  g28417__5107/Y                                          -       A1->Y   F     OAI22xp5_ASAP7_75t_SL          3  2.0    47    27    1300    (-,-) 
  g28363__4733/Y                                          -       B2->Y   F     AO22x2_ASAP7_75t_SL            4  2.7    20    35    1335    (-,-) 
  g48020/Y                                                -       A->Y    F     HB1xp67_ASAP7_75t_SRAM         3  2.3    55    62    1397    (-,-) 
  inc_FP32_ALU_col2_roundingAdder_add_274_18_spec1_g559/Y -       A->Y    R     NAND2x1_ASAP7_75t_SL           2  2.3    44    30    1428    (-,-) 
  inc_FP32_ALU_col2_roundingAdder_add_274_18_spec1_g552/Y -       B->Y    F     NOR2x1p5_ASAP7_75t_SL          1  1.8    21    14    1441    (-,-) 
  inc_FP32_ALU_col2_roundingAdder_add_274_18_spec1_g541/Y -       A->Y    R     NAND2x1p5_ASAP7_75t_SL         2  2.4    25    17    1458    (-,-) 
  inc_FP32_ALU_col2_roundingAdder_add_274_18_spec1_g534/Y -       B->Y    F     NOR2x1p5_ASAP7_75t_SL          2  2.3    28    13    1472    (-,-) 
  inc_FP32_ALU_col2_roundingAdder_add_274_18_spec1_g521/Y -       B->Y    R     NAND2x1p5_ASAP7_75t_SL         2  2.3    24    17    1488    (-,-) 
  inc_FP32_ALU_col2_roundingAdder_add_274_18_spec1_g509/Y -       B->Y    F     NOR2x1p5_ASAP7_75t_SL          2  1.5    25    11    1499    (-,-) 
  inc_FP32_ALU_col2_roundingAdder_add_274_18_spec1_g479/Y -       A->Y    F     AND3x2_ASAP7_75t_SL            2  1.4    14    20    1518    (-,-) 
  inc_FP32_ALU_col2_roundingAdder_add_274_18_spec1_g470/Y -       B->Y    F     AND2x2_ASAP7_75t_SL            2  2.1    16    22    1540    (-,-) 
  inc_FP32_ALU_col2_roundingAdder_add_274_18_spec1_g466/Y -       B->Y    F     AND2x4_ASAP7_75t_SL            2  2.4    11    20    1560    (-,-) 
  inc_FP32_ALU_col2_roundingAdder_add_274_18_spec1_g463/Y -       B->Y    R     NAND2x1p5_ASAP7_75t_SL         2  1.9    33    12    1571    (-,-) 
  inc_FP32_ALU_col2_roundingAdder_add_274_18_spec1_g460/Y -       B->Y    F     NOR2x1_ASAP7_75t_SL            2  1.6    22    16    1587    (-,-) 
  inc_FP32_ALU_col2_roundingAdder_add_274_18_spec1_g457/Y -       B->Y    R     NAND2xp5_ASAP7_75t_SL          1  1.2    36    17    1604    (-,-) 
  inc_FP32_ALU_col2_roundingAdder_add_274_18_spec1_g455/Y -       B->Y    R     XNOR2xp5_ASAP7_75t_SL          1  0.8    35    20    1624    (-,-) 
  g27280/Y                                                -       A1->Y   F     AOI22xp5_ASAP7_75t_SL          2  1.4    42    17    1641    (-,-) 
  g27247/Y                                                -       D->Y    R     NOR4xp25_ASAP7_75t_SL          1  1.4    78    39    1680    (-,-) 
  g27238/Y                                                -       A1->Y   R     AO31x2_ASAP7_75t_SL           10  5.7    36    40    1720    (-,-) 
  g27227/Y                                                -       B->Y    F     NOR2x1_ASAP7_75t_SL           17 11.2    95    50    1770    (-,-) 
  g27202/Y                                                -       B->Y    R     NAND2xp5_ASAP7_75t_L           2  2.1    61    45    1815    (-,-) 
  g27174/Y                                                -       B->Y    F     NOR2x1_ASAP7_75t_L             5  3.4    43    34    1848    (-,-) 
  g27125/Y                                                -       A1->Y   R     AOI21xp5_ASAP7_75t_SL          1  0.9    34    18    1866    (-,-) 
  PIPE_OUT_col2_stage_reg_reg[0][1]/D                     -       -       R     ASYNC_DFFHx1_ASAP7_75t_SL      1    -     -     0    1866    (-,-) 
#--------------------------------------------------------------------------------------------------------------------------------------------------



Path 12: MET (19 ps) Setup Check with Pin PIPE_OUT_col2_stage_reg_reg[0][0]/CLK->D
           View: PVT_0P63V_100C.setup_view
          Group: clk
     Startpoint: (R) PIPE_cascade_in_col2_stage_reg_reg[0][2]/CLK
          Clock: (R) clk
       Endpoint: (R) PIPE_OUT_col2_stage_reg_reg[0][0]/D
          Clock: (R) clk

                     Capture       Launch     
        Clock Edge:+    2000            0     
       Src Latency:+       0            0     
       Net Latency:+       0 (I)        0 (I) 
           Arrival:=    2000            0     
                                              
             Setup:-      15                  
       Uncertainty:-     100                  
     Required Time:=    1885                  
      Launch Clock:-       0                  
         Data Path:-    1866                  
             Slack:=      19                  

#--------------------------------------------------------------------------------------------------------------------------------------------------
#                      Timing Point                       Flags    Arc    Edge           Cell             Fanout Load Trans Delay Arrival Instance 
#                                                                                                                (fF)  (ps)  (ps)   (ps)  Location 
#--------------------------------------------------------------------------------------------------------------------------------------------------
  PIPE_cascade_in_col2_stage_reg_reg[0][2]/CLK            -       -       R     (arrival)                   1147    -     0     0       0    (-,-) 
  PIPE_cascade_in_col2_stage_reg_reg[0][2]/QN             -       CLK->QN F     ASYNC_DFFHx1_ASAP7_75t_SL      1  0.8    22    42      42    (-,-) 
  g47099/Y                                                -       B->Y    F     AND2x2_ASAP7_75t_SL            1  1.4    17    22      64    (-,-) 
  g47061/Y                                                -       B->Y    R     AOI21x1_ASAP7_75t_SL           4  2.5    50    20      84    (-,-) 
  g46523/Y                                                -       B->Y    F     NOR2xp33_ASAP7_75t_SL          1  0.8    32    22     106    (-,-) 
  g46365/Y                                                -       B2->Y   F     OA331x1_ASAP7_75t_SL           1  0.8    20    34     140    (-,-) 
  g46248/Y                                                -       A3->Y   R     OAI331xp33_ASAP7_75t_SL        1  0.8    62    28     167    (-,-) 
  g46226/Y                                                -       C->Y    F     NAND3xp33_ASAP7_75t_SL         1  1.1    38    17     184    (-,-) 
  g46199/Y                                                -       A1->Y   R     AOI211x1_ASAP7_75t_SL          1  2.3    52    24     208    (-,-) 
  g46196/Y                                                -       B->Y    F     NOR2x2_ASAP7_75t_SL            3  5.3    38    23     231    (-,-) 
  g46195/Y                                                -       A->Y    F     BUFx6f_ASAP7_75t_SL           11 10.2    20    28     259    (-,-) 
  g46193/Y                                                -       A->Y    R     INVx2_ASAP7_75t_SL             4  3.6    23    15     274    (-,-) 
  g46051/Y                                                -       A2->Y   R     AO22x2_ASAP7_75t_SL            2  2.5    22    27     301    (-,-) 
  g45991/Y                                                -       A->Y    F     NOR2x1p5_ASAP7_75t_SL          2  2.4    22    14     315    (-,-) 
  g45898/Y                                                -       A->Y    R     NAND2x1p5_ASAP7_75t_SL         2  2.0    24    16     331    (-,-) 
  g45838/Y                                                -       B->Y    R     AND2x4_ASAP7_75t_SL            5  5.3    20    24     355    (-,-) 
  g45803/Y                                                -       A->Y    F     INVx3_ASAP7_75t_SL             3  2.2    12     8     362    (-,-) 
  g45776__1881/Y                                          -       A2->Y   R     OAI21xp5_ASAP7_75t_SL          1  1.8    44    22     384    (-,-) 
  g45766__3680/Y                                          -       B->Y    F     NAND2x1p5_ASAP7_75t_SL         5  7.7    46    26     411    (-,-) 
  g45760/Y                                                -       A->Y    R     INVx5_ASAP7_75t_SL            11  7.7    29    18     429    (-,-) 
  g45739__7482/Y                                          -       B->Y    R     AND2x4_ASAP7_75t_SL           14 12.1    37    32     461    (-,-) 
  g45713__2346/Y                                          -       A2->Y   R     AO22x2_ASAP7_75t_SL            2  2.5    21    30     491    (-,-) 
  g45642__2802/Y                                          -       B1->Y   F     AOI22x1_ASAP7_75t_SL           2  1.6    39    12     503    (-,-) 
  g45546__9945/Y                                          -       B2->Y   R     OAI22xp5_ASAP7_75t_SL          2  1.6    50    29     533    (-,-) 
  g45530/Y                                                -       A->Y    F     INVx1_ASAP7_75t_L              1  0.8    19    14     546    (-,-) 
  g45472__7482/Y                                          -       A1->Y   R     OAI22xp5_ASAP7_75t_SL          1  1.3    45    20     566    (-,-) 
  g45425__5107/Y                                          -       B->Y    R     XOR2xp5_ASAP7_75t_SL           2  1.3    54    29     596    (-,-) 
  addinc_FP32_ALU_col2_fracAdder_add_113_18_g965/Y        -       B->Y    F     NOR2xp33_ASAP7_75t_L           2  1.6    64    39     634    (-,-) 
  addinc_FP32_ALU_col2_fracAdder_add_113_18_g938/Y        -       A->Y    R     INVx1_ASAP7_75t_L              2  1.5    35    25     660    (-,-) 
  addinc_FP32_ALU_col2_fracAdder_add_113_18_g820/Y        -       A1->Y   F     AOI21xp5_ASAP7_75t_L           1  0.9    27    19     679    (-,-) 
  addinc_FP32_ALU_col2_fracAdder_add_113_18_g766/Y        -       B->Y    R     OAI21xp5_ASAP7_75t_SL          1  0.8    25    13     692    (-,-) 
  addinc_FP32_ALU_col2_fracAdder_add_113_18_g755/Y        -       B->Y    F     AOI21xp5_ASAP7_75t_SL          1  0.9    30    13     705    (-,-) 
  addinc_FP32_ALU_col2_fracAdder_add_113_18_g734/Y        -       B->Y    F     OA21x2_ASAP7_75t_SL            3  4.7    25    28     733    (-,-) 
  addinc_FP32_ALU_col2_fracAdder_add_113_18_g727/Y        -       A->Y    R     INVx5_ASAP7_75t_SL             9 10.4    28    18     751    (-,-) 
  addinc_FP32_ALU_col2_fracAdder_add_113_18_g710/Y        -       A2->Y   F     AOI21x1_ASAP7_75t_SL           1  1.3    29    10     761    (-,-) 
  addinc_FP32_ALU_col2_fracAdder_add_113_18_g2/Y          -       B->Y    F     XNOR2xp5_ASAP7_75t_SL          2  2.3    41    32     794    (-,-) 
  g28597__1617/Y                                          -       A->Y    R     NOR4xp75_ASAP7_75t_SL          1  1.3    44    23     817    (-,-) 
  g28589__5107/Y                                          -       B->Y    R     AND3x4_ASAP7_75t_SL           12  9.0    32    36     853    (-,-) 
  g28584__7410/Y                                          -       A2->Y   F     AOI21xp5_ASAP7_75t_L           2  1.6    38    21     874    (-,-) 
  g28576__6161/Y                                          -       D->Y    R     NAND4xp25_ASAP7_75t_SL         1  0.8    34    22     896    (-,-) 
  g28574__7482/Y                                          -       A->Y    R     OR2x2_ASAP7_75t_SL             5  4.3    27    31     927    (-,-) 
  g28570/Y                                                -       A->Y    F     INVx2_ASAP7_75t_SL             1  1.3    12     7     934    (-,-) 
  g28569__5115/Y                                          -       B->Y    F     AND2x4_ASAP7_75t_SL            4  5.3    16    22     956    (-,-) 
  g28559__6783/Y                                          -       A2->Y   R     AOI21x1_ASAP7_75t_SL           2  2.6    41    19     974    (-,-) 
  g28554__4319/Y                                          -       B->Y    F     NAND4xp75_ASAP7_75t_SL         5  3.9    51    27    1001    (-,-) 
  g28548__6417/Y                                          -       A2->Y   R     OAI21xp5_ASAP7_75t_SL          1  1.4    44    27    1028    (-,-) 
  g28544__2883/Y                                          -       B->Y    F     AOI21x1_ASAP7_75t_SL           2  1.6    30    15    1043    (-,-) 
  g28542/Y                                                -       A->Y    R     INVx1_ASAP7_75t_SL             1  0.9    19    12    1056    (-,-) 
  g28538__7482/Y                                          -       A2->Y   F     OAI21xp5_ASAP7_75t_SL          2  1.5    32    16    1072    (-,-) 
  g28531__7098/Y                                          -       B->Y    R     NOR2xp67_ASAP7_75t_SL          1  0.9    26    15    1087    (-,-) 
  g28530__8246/Y                                          -       B->Y    F     OAI21xp5_ASAP7_75t_SL          1  1.8    36    18    1105    (-,-) 
  g28528__1705/Y                                          -       B->Y    R     NAND2x1p5_ASAP7_75t_SL         2  2.5    31    19    1124    (-,-) 
  g28527__2802/Y                                          -       A2->Y   F     AOI21x1_ASAP7_75t_SL           1  1.6    26    12    1136    (-,-) 
  g28525__3680/Y                                          -       B->Y    R     NOR3x1_ASAP7_75t_SL            2  1.8    30    17    1153    (-,-) 
  g28523__6783/Y                                          -       B->Y    R     AND2x4_ASAP7_75t_SL            7  8.3    27    28    1181    (-,-) 
  g28522/Y                                                -       A->Y    F     INVx5_ASAP7_75t_SL             6  6.4    17    11    1192    (-,-) 
  g27872__7410/Y                                          -       A2->Y   F     AO22x2_ASAP7_75t_SL            3  3.7    22    30    1222    (-,-) 
  g27855/Y                                                -       A->Y    F     BUFx12f_ASAP7_75t_SL          23 16.1    18    24    1246    (-,-) 
  g28468__6783/Y                                          -       B1->Y   R     AOI22xp5_ASAP7_75t_SL          2  2.1    58    28    1273    (-,-) 
  g28417__5107/Y                                          -       A1->Y   F     OAI22xp5_ASAP7_75t_SL          3  2.0    47    27    1300    (-,-) 
  g28363__4733/Y                                          -       B2->Y   F     AO22x2_ASAP7_75t_SL            4  2.7    20    35    1335    (-,-) 
  g48020/Y                                                -       A->Y    F     HB1xp67_ASAP7_75t_SRAM         3  2.3    55    62    1397    (-,-) 
  inc_FP32_ALU_col2_roundingAdder_add_274_18_spec1_g559/Y -       A->Y    R     NAND2x1_ASAP7_75t_SL           2  2.3    44    30    1428    (-,-) 
  inc_FP32_ALU_col2_roundingAdder_add_274_18_spec1_g552/Y -       B->Y    F     NOR2x1p5_ASAP7_75t_SL          1  1.8    21    14    1441    (-,-) 
  inc_FP32_ALU_col2_roundingAdder_add_274_18_spec1_g541/Y -       A->Y    R     NAND2x1p5_ASAP7_75t_SL         2  2.4    25    17    1458    (-,-) 
  inc_FP32_ALU_col2_roundingAdder_add_274_18_spec1_g534/Y -       B->Y    F     NOR2x1p5_ASAP7_75t_SL          2  2.3    28    13    1472    (-,-) 
  inc_FP32_ALU_col2_roundingAdder_add_274_18_spec1_g521/Y -       B->Y    R     NAND2x1p5_ASAP7_75t_SL         2  2.3    24    17    1488    (-,-) 
  inc_FP32_ALU_col2_roundingAdder_add_274_18_spec1_g509/Y -       B->Y    F     NOR2x1p5_ASAP7_75t_SL          2  1.5    25    11    1499    (-,-) 
  inc_FP32_ALU_col2_roundingAdder_add_274_18_spec1_g479/Y -       A->Y    F     AND3x2_ASAP7_75t_SL            2  1.4    14    20    1518    (-,-) 
  inc_FP32_ALU_col2_roundingAdder_add_274_18_spec1_g470/Y -       B->Y    F     AND2x2_ASAP7_75t_SL            2  2.1    16    22    1540    (-,-) 
  inc_FP32_ALU_col2_roundingAdder_add_274_18_spec1_g466/Y -       B->Y    F     AND2x4_ASAP7_75t_SL            2  2.4    11    20    1560    (-,-) 
  inc_FP32_ALU_col2_roundingAdder_add_274_18_spec1_g463/Y -       B->Y    R     NAND2x1p5_ASAP7_75t_SL         2  1.9    33    12    1571    (-,-) 
  inc_FP32_ALU_col2_roundingAdder_add_274_18_spec1_g460/Y -       B->Y    F     NOR2x1_ASAP7_75t_SL            2  1.6    22    16    1587    (-,-) 
  inc_FP32_ALU_col2_roundingAdder_add_274_18_spec1_g457/Y -       B->Y    R     NAND2xp5_ASAP7_75t_SL          1  1.2    36    17    1604    (-,-) 
  inc_FP32_ALU_col2_roundingAdder_add_274_18_spec1_g455/Y -       B->Y    R     XNOR2xp5_ASAP7_75t_SL          1  0.8    35    20    1624    (-,-) 
  g27280/Y                                                -       A1->Y   F     AOI22xp5_ASAP7_75t_SL          2  1.4    42    17    1641    (-,-) 
  g27247/Y                                                -       D->Y    R     NOR4xp25_ASAP7_75t_SL          1  1.4    78    39    1680    (-,-) 
  g27238/Y                                                -       A1->Y   R     AO31x2_ASAP7_75t_SL           10  5.7    36    40    1720    (-,-) 
  g27227/Y                                                -       B->Y    F     NOR2x1_ASAP7_75t_SL           17 11.2    95    50    1770    (-,-) 
  g27202/Y                                                -       B->Y    R     NAND2xp5_ASAP7_75t_L           2  2.1    61    45    1815    (-,-) 
  g27174/Y                                                -       B->Y    F     NOR2x1_ASAP7_75t_L             5  3.4    43    34    1848    (-,-) 
  g27124/Y                                                -       A1->Y   R     AOI21xp5_ASAP7_75t_SL          1  0.9    34    18    1866    (-,-) 
  PIPE_OUT_col2_stage_reg_reg[0][0]/D                     -       -       R     ASYNC_DFFHx1_ASAP7_75t_SL      1    -     -     0    1866    (-,-) 
#--------------------------------------------------------------------------------------------------------------------------------------------------



Path 13: MET (23 ps) Setup Check with Pin PIPE_OUT_col2_stage_reg_reg[0][6]/CLK->D
           View: PVT_0P63V_100C.setup_view
          Group: clk
     Startpoint: (R) PIPE_cascade_in_col2_stage_reg_reg[0][2]/CLK
          Clock: (R) clk
       Endpoint: (R) PIPE_OUT_col2_stage_reg_reg[0][6]/D
          Clock: (R) clk

                     Capture       Launch     
        Clock Edge:+    2000            0     
       Src Latency:+       0            0     
       Net Latency:+       0 (I)        0 (I) 
           Arrival:=    2000            0     
                                              
             Setup:-      17                  
       Uncertainty:-     100                  
     Required Time:=    1883                  
      Launch Clock:-       0                  
         Data Path:-    1860                  
             Slack:=      23                  

#--------------------------------------------------------------------------------------------------------------------------------------------------
#                      Timing Point                       Flags    Arc    Edge           Cell             Fanout Load Trans Delay Arrival Instance 
#                                                                                                                (fF)  (ps)  (ps)   (ps)  Location 
#--------------------------------------------------------------------------------------------------------------------------------------------------
  PIPE_cascade_in_col2_stage_reg_reg[0][2]/CLK            -       -       R     (arrival)                   1147    -     0     0       0    (-,-) 
  PIPE_cascade_in_col2_stage_reg_reg[0][2]/QN             -       CLK->QN F     ASYNC_DFFHx1_ASAP7_75t_SL      1  0.8    22    42      42    (-,-) 
  g47099/Y                                                -       B->Y    F     AND2x2_ASAP7_75t_SL            1  1.4    17    22      64    (-,-) 
  g47061/Y                                                -       B->Y    R     AOI21x1_ASAP7_75t_SL           4  2.5    50    20      84    (-,-) 
  g46523/Y                                                -       B->Y    F     NOR2xp33_ASAP7_75t_SL          1  0.8    32    22     106    (-,-) 
  g46365/Y                                                -       B2->Y   F     OA331x1_ASAP7_75t_SL           1  0.8    20    34     140    (-,-) 
  g46248/Y                                                -       A3->Y   R     OAI331xp33_ASAP7_75t_SL        1  0.8    62    28     167    (-,-) 
  g46226/Y                                                -       C->Y    F     NAND3xp33_ASAP7_75t_SL         1  1.1    38    17     184    (-,-) 
  g46199/Y                                                -       A1->Y   R     AOI211x1_ASAP7_75t_SL          1  2.3    52    24     208    (-,-) 
  g46196/Y                                                -       B->Y    F     NOR2x2_ASAP7_75t_SL            3  5.3    38    23     231    (-,-) 
  g46195/Y                                                -       A->Y    F     BUFx6f_ASAP7_75t_SL           11 10.2    20    28     259    (-,-) 
  g46193/Y                                                -       A->Y    R     INVx2_ASAP7_75t_SL             4  3.6    23    15     274    (-,-) 
  g46051/Y                                                -       A2->Y   R     AO22x2_ASAP7_75t_SL            2  2.5    22    27     301    (-,-) 
  g45991/Y                                                -       A->Y    F     NOR2x1p5_ASAP7_75t_SL          2  2.4    22    14     315    (-,-) 
  g45898/Y                                                -       A->Y    R     NAND2x1p5_ASAP7_75t_SL         2  2.0    24    16     331    (-,-) 
  g45838/Y                                                -       B->Y    R     AND2x4_ASAP7_75t_SL            5  5.3    20    24     355    (-,-) 
  g45803/Y                                                -       A->Y    F     INVx3_ASAP7_75t_SL             3  2.2    12     8     362    (-,-) 
  g45776__1881/Y                                          -       A2->Y   R     OAI21xp5_ASAP7_75t_SL          1  1.8    44    22     384    (-,-) 
  g45766__3680/Y                                          -       B->Y    F     NAND2x1p5_ASAP7_75t_SL         5  7.7    46    26     411    (-,-) 
  g45760/Y                                                -       A->Y    R     INVx5_ASAP7_75t_SL            11  7.7    29    18     429    (-,-) 
  g45739__7482/Y                                          -       B->Y    R     AND2x4_ASAP7_75t_SL           14 12.1    37    32     461    (-,-) 
  g45713__2346/Y                                          -       A2->Y   R     AO22x2_ASAP7_75t_SL            2  2.5    21    30     491    (-,-) 
  g45642__2802/Y                                          -       B1->Y   F     AOI22x1_ASAP7_75t_SL           2  1.6    39    12     503    (-,-) 
  g45546__9945/Y                                          -       B2->Y   R     OAI22xp5_ASAP7_75t_SL          2  1.6    50    29     533    (-,-) 
  g45530/Y                                                -       A->Y    F     INVx1_ASAP7_75t_L              1  0.8    19    14     546    (-,-) 
  g45472__7482/Y                                          -       A1->Y   R     OAI22xp5_ASAP7_75t_SL          1  1.3    45    20     566    (-,-) 
  g45425__5107/Y                                          -       B->Y    R     XOR2xp5_ASAP7_75t_SL           2  1.3    54    29     596    (-,-) 
  addinc_FP32_ALU_col2_fracAdder_add_113_18_g965/Y        -       B->Y    F     NOR2xp33_ASAP7_75t_L           2  1.6    64    39     634    (-,-) 
  addinc_FP32_ALU_col2_fracAdder_add_113_18_g938/Y        -       A->Y    R     INVx1_ASAP7_75t_L              2  1.5    35    25     660    (-,-) 
  addinc_FP32_ALU_col2_fracAdder_add_113_18_g820/Y        -       A1->Y   F     AOI21xp5_ASAP7_75t_L           1  0.9    27    19     679    (-,-) 
  addinc_FP32_ALU_col2_fracAdder_add_113_18_g766/Y        -       B->Y    R     OAI21xp5_ASAP7_75t_SL          1  0.8    25    13     692    (-,-) 
  addinc_FP32_ALU_col2_fracAdder_add_113_18_g755/Y        -       B->Y    F     AOI21xp5_ASAP7_75t_SL          1  0.9    30    13     705    (-,-) 
  addinc_FP32_ALU_col2_fracAdder_add_113_18_g734/Y        -       B->Y    F     OA21x2_ASAP7_75t_SL            3  4.7    25    28     733    (-,-) 
  addinc_FP32_ALU_col2_fracAdder_add_113_18_g727/Y        -       A->Y    R     INVx5_ASAP7_75t_SL             9 10.4    28    18     751    (-,-) 
  addinc_FP32_ALU_col2_fracAdder_add_113_18_g710/Y        -       A2->Y   F     AOI21x1_ASAP7_75t_SL           1  1.3    29    10     761    (-,-) 
  addinc_FP32_ALU_col2_fracAdder_add_113_18_g2/Y          -       B->Y    F     XNOR2xp5_ASAP7_75t_SL          2  2.3    41    32     794    (-,-) 
  g28597__1617/Y                                          -       A->Y    R     NOR4xp75_ASAP7_75t_SL          1  1.3    44    23     817    (-,-) 
  g28589__5107/Y                                          -       B->Y    R     AND3x4_ASAP7_75t_SL           12  9.0    32    36     853    (-,-) 
  g28584__7410/Y                                          -       A2->Y   F     AOI21xp5_ASAP7_75t_L           2  1.6    38    21     874    (-,-) 
  g28576__6161/Y                                          -       D->Y    R     NAND4xp25_ASAP7_75t_SL         1  0.8    34    22     896    (-,-) 
  g28574__7482/Y                                          -       A->Y    R     OR2x2_ASAP7_75t_SL             5  4.3    27    31     927    (-,-) 
  g28570/Y                                                -       A->Y    F     INVx2_ASAP7_75t_SL             1  1.3    12     7     934    (-,-) 
  g28569__5115/Y                                          -       B->Y    F     AND2x4_ASAP7_75t_SL            4  5.3    16    22     956    (-,-) 
  g28559__6783/Y                                          -       A2->Y   R     AOI21x1_ASAP7_75t_SL           2  2.6    41    19     974    (-,-) 
  g28554__4319/Y                                          -       B->Y    F     NAND4xp75_ASAP7_75t_SL         5  3.9    51    27    1001    (-,-) 
  g28548__6417/Y                                          -       A2->Y   R     OAI21xp5_ASAP7_75t_SL          1  1.4    44    27    1028    (-,-) 
  g28544__2883/Y                                          -       B->Y    F     AOI21x1_ASAP7_75t_SL           2  1.6    30    15    1043    (-,-) 
  g28542/Y                                                -       A->Y    R     INVx1_ASAP7_75t_SL             1  0.9    19    12    1056    (-,-) 
  g28538__7482/Y                                          -       A2->Y   F     OAI21xp5_ASAP7_75t_SL          2  1.5    32    16    1072    (-,-) 
  g28531__7098/Y                                          -       B->Y    R     NOR2xp67_ASAP7_75t_SL          1  0.9    26    15    1087    (-,-) 
  g28530__8246/Y                                          -       B->Y    F     OAI21xp5_ASAP7_75t_SL          1  1.8    36    18    1105    (-,-) 
  g28528__1705/Y                                          -       B->Y    R     NAND2x1p5_ASAP7_75t_SL         2  2.5    31    19    1124    (-,-) 
  g28527__2802/Y                                          -       A2->Y   F     AOI21x1_ASAP7_75t_SL           1  1.6    26    12    1136    (-,-) 
  g28525__3680/Y                                          -       B->Y    R     NOR3x1_ASAP7_75t_SL            2  1.8    30    17    1153    (-,-) 
  g28523__6783/Y                                          -       B->Y    R     AND2x4_ASAP7_75t_SL            7  8.3    27    28    1181    (-,-) 
  g28522/Y                                                -       A->Y    F     INVx5_ASAP7_75t_SL             6  6.4    17    11    1192    (-,-) 
  g27872__7410/Y                                          -       A2->Y   F     AO22x2_ASAP7_75t_SL            3  3.7    22    30    1222    (-,-) 
  g27855/Y                                                -       A->Y    F     BUFx12f_ASAP7_75t_SL          23 16.1    18    24    1246    (-,-) 
  g28468__6783/Y                                          -       B1->Y   R     AOI22xp5_ASAP7_75t_SL          2  2.1    58    28    1273    (-,-) 
  g28417__5107/Y                                          -       A1->Y   F     OAI22xp5_ASAP7_75t_SL          3  2.0    47    27    1300    (-,-) 
  g28363__4733/Y                                          -       B2->Y   F     AO22x2_ASAP7_75t_SL            4  2.7    20    35    1335    (-,-) 
  g48020/Y                                                -       A->Y    F     HB1xp67_ASAP7_75t_SRAM         3  2.3    55    62    1397    (-,-) 
  inc_FP32_ALU_col2_roundingAdder_add_274_18_spec1_g559/Y -       A->Y    R     NAND2x1_ASAP7_75t_SL           2  2.3    44    30    1428    (-,-) 
  inc_FP32_ALU_col2_roundingAdder_add_274_18_spec1_g552/Y -       B->Y    F     NOR2x1p5_ASAP7_75t_SL          1  1.8    21    14    1441    (-,-) 
  inc_FP32_ALU_col2_roundingAdder_add_274_18_spec1_g541/Y -       A->Y    R     NAND2x1p5_ASAP7_75t_SL         2  2.4    25    17    1458    (-,-) 
  inc_FP32_ALU_col2_roundingAdder_add_274_18_spec1_g534/Y -       B->Y    F     NOR2x1p5_ASAP7_75t_SL          2  2.3    28    13    1472    (-,-) 
  inc_FP32_ALU_col2_roundingAdder_add_274_18_spec1_g521/Y -       B->Y    R     NAND2x1p5_ASAP7_75t_SL         2  2.3    24    17    1488    (-,-) 
  inc_FP32_ALU_col2_roundingAdder_add_274_18_spec1_g509/Y -       B->Y    F     NOR2x1p5_ASAP7_75t_SL          2  1.5    25    11    1499    (-,-) 
  inc_FP32_ALU_col2_roundingAdder_add_274_18_spec1_g479/Y -       A->Y    F     AND3x2_ASAP7_75t_SL            2  1.4    14    20    1518    (-,-) 
  inc_FP32_ALU_col2_roundingAdder_add_274_18_spec1_g470/Y -       B->Y    F     AND2x2_ASAP7_75t_SL            2  2.1    16    22    1540    (-,-) 
  inc_FP32_ALU_col2_roundingAdder_add_274_18_spec1_g466/Y -       B->Y    F     AND2x4_ASAP7_75t_SL            2  2.4    11    20    1560    (-,-) 
  inc_FP32_ALU_col2_roundingAdder_add_274_18_spec1_g463/Y -       B->Y    R     NAND2x1p5_ASAP7_75t_SL         2  1.9    33    12    1571    (-,-) 
  inc_FP32_ALU_col2_roundingAdder_add_274_18_spec1_g460/Y -       B->Y    F     NOR2x1_ASAP7_75t_SL            2  1.6    22    16    1587    (-,-) 
  inc_FP32_ALU_col2_roundingAdder_add_274_18_spec1_g457/Y -       B->Y    R     NAND2xp5_ASAP7_75t_SL          1  1.2    36    17    1604    (-,-) 
  inc_FP32_ALU_col2_roundingAdder_add_274_18_spec1_g455/Y -       B->Y    R     XNOR2xp5_ASAP7_75t_SL          1  0.8    35    20    1624    (-,-) 
  g27280/Y                                                -       A1->Y   F     AOI22xp5_ASAP7_75t_SL          2  1.4    42    17    1641    (-,-) 
  g27247/Y                                                -       D->Y    R     NOR4xp25_ASAP7_75t_SL          1  1.4    78    39    1680    (-,-) 
  g27238/Y                                                -       A1->Y   R     AO31x2_ASAP7_75t_SL           10  5.7    36    40    1720    (-,-) 
  g27227/Y                                                -       B->Y    F     NOR2x1_ASAP7_75t_SL           17 11.2    95    50    1770    (-,-) 
  g27202/Y                                                -       B->Y    R     NAND2xp5_ASAP7_75t_L           2  2.1    61    45    1815    (-,-) 
  g27191/Y                                                -       A->Y    F     INVx1_ASAP7_75t_SL             2  1.5    28    15    1829    (-,-) 
  g27134/Y                                                -       B1->Y   R     AOI221xp5_ASAP7_75t_L          1  0.9    69    30    1860    (-,-) 
  PIPE_OUT_col2_stage_reg_reg[0][6]/D                     -       -       R     ASYNC_DFFHx1_ASAP7_75t_SL      1    -     -     0    1860    (-,-) 
#--------------------------------------------------------------------------------------------------------------------------------------------------



Path 14: MET (23 ps) Setup Check with Pin PIPE_OUT_col2_stage_reg_reg[0][5]/CLK->D
           View: PVT_0P63V_100C.setup_view
          Group: clk
     Startpoint: (R) PIPE_cascade_in_col2_stage_reg_reg[0][2]/CLK
          Clock: (R) clk
       Endpoint: (R) PIPE_OUT_col2_stage_reg_reg[0][5]/D
          Clock: (R) clk

                     Capture       Launch     
        Clock Edge:+    2000            0     
       Src Latency:+       0            0     
       Net Latency:+       0 (I)        0 (I) 
           Arrival:=    2000            0     
                                              
             Setup:-      17                  
       Uncertainty:-     100                  
     Required Time:=    1883                  
      Launch Clock:-       0                  
         Data Path:-    1860                  
             Slack:=      23                  

#--------------------------------------------------------------------------------------------------------------------------------------------------
#                      Timing Point                       Flags    Arc    Edge           Cell             Fanout Load Trans Delay Arrival Instance 
#                                                                                                                (fF)  (ps)  (ps)   (ps)  Location 
#--------------------------------------------------------------------------------------------------------------------------------------------------
  PIPE_cascade_in_col2_stage_reg_reg[0][2]/CLK            -       -       R     (arrival)                   1147    -     0     0       0    (-,-) 
  PIPE_cascade_in_col2_stage_reg_reg[0][2]/QN             -       CLK->QN F     ASYNC_DFFHx1_ASAP7_75t_SL      1  0.8    22    42      42    (-,-) 
  g47099/Y                                                -       B->Y    F     AND2x2_ASAP7_75t_SL            1  1.4    17    22      64    (-,-) 
  g47061/Y                                                -       B->Y    R     AOI21x1_ASAP7_75t_SL           4  2.5    50    20      84    (-,-) 
  g46523/Y                                                -       B->Y    F     NOR2xp33_ASAP7_75t_SL          1  0.8    32    22     106    (-,-) 
  g46365/Y                                                -       B2->Y   F     OA331x1_ASAP7_75t_SL           1  0.8    20    34     140    (-,-) 
  g46248/Y                                                -       A3->Y   R     OAI331xp33_ASAP7_75t_SL        1  0.8    62    28     167    (-,-) 
  g46226/Y                                                -       C->Y    F     NAND3xp33_ASAP7_75t_SL         1  1.1    38    17     184    (-,-) 
  g46199/Y                                                -       A1->Y   R     AOI211x1_ASAP7_75t_SL          1  2.3    52    24     208    (-,-) 
  g46196/Y                                                -       B->Y    F     NOR2x2_ASAP7_75t_SL            3  5.3    38    23     231    (-,-) 
  g46195/Y                                                -       A->Y    F     BUFx6f_ASAP7_75t_SL           11 10.2    20    28     259    (-,-) 
  g46193/Y                                                -       A->Y    R     INVx2_ASAP7_75t_SL             4  3.6    23    15     274    (-,-) 
  g46051/Y                                                -       A2->Y   R     AO22x2_ASAP7_75t_SL            2  2.5    22    27     301    (-,-) 
  g45991/Y                                                -       A->Y    F     NOR2x1p5_ASAP7_75t_SL          2  2.4    22    14     315    (-,-) 
  g45898/Y                                                -       A->Y    R     NAND2x1p5_ASAP7_75t_SL         2  2.0    24    16     331    (-,-) 
  g45838/Y                                                -       B->Y    R     AND2x4_ASAP7_75t_SL            5  5.3    20    24     355    (-,-) 
  g45803/Y                                                -       A->Y    F     INVx3_ASAP7_75t_SL             3  2.2    12     8     362    (-,-) 
  g45776__1881/Y                                          -       A2->Y   R     OAI21xp5_ASAP7_75t_SL          1  1.8    44    22     384    (-,-) 
  g45766__3680/Y                                          -       B->Y    F     NAND2x1p5_ASAP7_75t_SL         5  7.7    46    26     411    (-,-) 
  g45760/Y                                                -       A->Y    R     INVx5_ASAP7_75t_SL            11  7.7    29    18     429    (-,-) 
  g45739__7482/Y                                          -       B->Y    R     AND2x4_ASAP7_75t_SL           14 12.1    37    32     461    (-,-) 
  g45713__2346/Y                                          -       A2->Y   R     AO22x2_ASAP7_75t_SL            2  2.5    21    30     491    (-,-) 
  g45642__2802/Y                                          -       B1->Y   F     AOI22x1_ASAP7_75t_SL           2  1.6    39    12     503    (-,-) 
  g45546__9945/Y                                          -       B2->Y   R     OAI22xp5_ASAP7_75t_SL          2  1.6    50    29     533    (-,-) 
  g45530/Y                                                -       A->Y    F     INVx1_ASAP7_75t_L              1  0.8    19    14     546    (-,-) 
  g45472__7482/Y                                          -       A1->Y   R     OAI22xp5_ASAP7_75t_SL          1  1.3    45    20     566    (-,-) 
  g45425__5107/Y                                          -       B->Y    R     XOR2xp5_ASAP7_75t_SL           2  1.3    54    29     596    (-,-) 
  addinc_FP32_ALU_col2_fracAdder_add_113_18_g965/Y        -       B->Y    F     NOR2xp33_ASAP7_75t_L           2  1.6    64    39     634    (-,-) 
  addinc_FP32_ALU_col2_fracAdder_add_113_18_g938/Y        -       A->Y    R     INVx1_ASAP7_75t_L              2  1.5    35    25     660    (-,-) 
  addinc_FP32_ALU_col2_fracAdder_add_113_18_g820/Y        -       A1->Y   F     AOI21xp5_ASAP7_75t_L           1  0.9    27    19     679    (-,-) 
  addinc_FP32_ALU_col2_fracAdder_add_113_18_g766/Y        -       B->Y    R     OAI21xp5_ASAP7_75t_SL          1  0.8    25    13     692    (-,-) 
  addinc_FP32_ALU_col2_fracAdder_add_113_18_g755/Y        -       B->Y    F     AOI21xp5_ASAP7_75t_SL          1  0.9    30    13     705    (-,-) 
  addinc_FP32_ALU_col2_fracAdder_add_113_18_g734/Y        -       B->Y    F     OA21x2_ASAP7_75t_SL            3  4.7    25    28     733    (-,-) 
  addinc_FP32_ALU_col2_fracAdder_add_113_18_g727/Y        -       A->Y    R     INVx5_ASAP7_75t_SL             9 10.4    28    18     751    (-,-) 
  addinc_FP32_ALU_col2_fracAdder_add_113_18_g710/Y        -       A2->Y   F     AOI21x1_ASAP7_75t_SL           1  1.3    29    10     761    (-,-) 
  addinc_FP32_ALU_col2_fracAdder_add_113_18_g2/Y          -       B->Y    F     XNOR2xp5_ASAP7_75t_SL          2  2.3    41    32     794    (-,-) 
  g28597__1617/Y                                          -       A->Y    R     NOR4xp75_ASAP7_75t_SL          1  1.3    44    23     817    (-,-) 
  g28589__5107/Y                                          -       B->Y    R     AND3x4_ASAP7_75t_SL           12  9.0    32    36     853    (-,-) 
  g28584__7410/Y                                          -       A2->Y   F     AOI21xp5_ASAP7_75t_L           2  1.6    38    21     874    (-,-) 
  g28576__6161/Y                                          -       D->Y    R     NAND4xp25_ASAP7_75t_SL         1  0.8    34    22     896    (-,-) 
  g28574__7482/Y                                          -       A->Y    R     OR2x2_ASAP7_75t_SL             5  4.3    27    31     927    (-,-) 
  g28570/Y                                                -       A->Y    F     INVx2_ASAP7_75t_SL             1  1.3    12     7     934    (-,-) 
  g28569__5115/Y                                          -       B->Y    F     AND2x4_ASAP7_75t_SL            4  5.3    16    22     956    (-,-) 
  g28559__6783/Y                                          -       A2->Y   R     AOI21x1_ASAP7_75t_SL           2  2.6    41    19     974    (-,-) 
  g28554__4319/Y                                          -       B->Y    F     NAND4xp75_ASAP7_75t_SL         5  3.9    51    27    1001    (-,-) 
  g28548__6417/Y                                          -       A2->Y   R     OAI21xp5_ASAP7_75t_SL          1  1.4    44    27    1028    (-,-) 
  g28544__2883/Y                                          -       B->Y    F     AOI21x1_ASAP7_75t_SL           2  1.6    30    15    1043    (-,-) 
  g28542/Y                                                -       A->Y    R     INVx1_ASAP7_75t_SL             1  0.9    19    12    1056    (-,-) 
  g28538__7482/Y                                          -       A2->Y   F     OAI21xp5_ASAP7_75t_SL          2  1.5    32    16    1072    (-,-) 
  g28531__7098/Y                                          -       B->Y    R     NOR2xp67_ASAP7_75t_SL          1  0.9    26    15    1087    (-,-) 
  g28530__8246/Y                                          -       B->Y    F     OAI21xp5_ASAP7_75t_SL          1  1.8    36    18    1105    (-,-) 
  g28528__1705/Y                                          -       B->Y    R     NAND2x1p5_ASAP7_75t_SL         2  2.5    31    19    1124    (-,-) 
  g28527__2802/Y                                          -       A2->Y   F     AOI21x1_ASAP7_75t_SL           1  1.6    26    12    1136    (-,-) 
  g28525__3680/Y                                          -       B->Y    R     NOR3x1_ASAP7_75t_SL            2  1.8    30    17    1153    (-,-) 
  g28523__6783/Y                                          -       B->Y    R     AND2x4_ASAP7_75t_SL            7  8.3    27    28    1181    (-,-) 
  g28522/Y                                                -       A->Y    F     INVx5_ASAP7_75t_SL             6  6.4    17    11    1192    (-,-) 
  g27872__7410/Y                                          -       A2->Y   F     AO22x2_ASAP7_75t_SL            3  3.7    22    30    1222    (-,-) 
  g27855/Y                                                -       A->Y    F     BUFx12f_ASAP7_75t_SL          23 16.1    18    24    1246    (-,-) 
  g28468__6783/Y                                          -       B1->Y   R     AOI22xp5_ASAP7_75t_SL          2  2.1    58    28    1273    (-,-) 
  g28417__5107/Y                                          -       A1->Y   F     OAI22xp5_ASAP7_75t_SL          3  2.0    47    27    1300    (-,-) 
  g28363__4733/Y                                          -       B2->Y   F     AO22x2_ASAP7_75t_SL            4  2.7    20    35    1335    (-,-) 
  g48020/Y                                                -       A->Y    F     HB1xp67_ASAP7_75t_SRAM         3  2.3    55    62    1397    (-,-) 
  inc_FP32_ALU_col2_roundingAdder_add_274_18_spec1_g559/Y -       A->Y    R     NAND2x1_ASAP7_75t_SL           2  2.3    44    30    1428    (-,-) 
  inc_FP32_ALU_col2_roundingAdder_add_274_18_spec1_g552/Y -       B->Y    F     NOR2x1p5_ASAP7_75t_SL          1  1.8    21    14    1441    (-,-) 
  inc_FP32_ALU_col2_roundingAdder_add_274_18_spec1_g541/Y -       A->Y    R     NAND2x1p5_ASAP7_75t_SL         2  2.4    25    17    1458    (-,-) 
  inc_FP32_ALU_col2_roundingAdder_add_274_18_spec1_g534/Y -       B->Y    F     NOR2x1p5_ASAP7_75t_SL          2  2.3    28    13    1472    (-,-) 
  inc_FP32_ALU_col2_roundingAdder_add_274_18_spec1_g521/Y -       B->Y    R     NAND2x1p5_ASAP7_75t_SL         2  2.3    24    17    1488    (-,-) 
  inc_FP32_ALU_col2_roundingAdder_add_274_18_spec1_g509/Y -       B->Y    F     NOR2x1p5_ASAP7_75t_SL          2  1.5    25    11    1499    (-,-) 
  inc_FP32_ALU_col2_roundingAdder_add_274_18_spec1_g479/Y -       A->Y    F     AND3x2_ASAP7_75t_SL            2  1.4    14    20    1518    (-,-) 
  inc_FP32_ALU_col2_roundingAdder_add_274_18_spec1_g470/Y -       B->Y    F     AND2x2_ASAP7_75t_SL            2  2.1    16    22    1540    (-,-) 
  inc_FP32_ALU_col2_roundingAdder_add_274_18_spec1_g466/Y -       B->Y    F     AND2x4_ASAP7_75t_SL            2  2.4    11    20    1560    (-,-) 
  inc_FP32_ALU_col2_roundingAdder_add_274_18_spec1_g463/Y -       B->Y    R     NAND2x1p5_ASAP7_75t_SL         2  1.9    33    12    1571    (-,-) 
  inc_FP32_ALU_col2_roundingAdder_add_274_18_spec1_g460/Y -       B->Y    F     NOR2x1_ASAP7_75t_SL            2  1.6    22    16    1587    (-,-) 
  inc_FP32_ALU_col2_roundingAdder_add_274_18_spec1_g457/Y -       B->Y    R     NAND2xp5_ASAP7_75t_SL          1  1.2    36    17    1604    (-,-) 
  inc_FP32_ALU_col2_roundingAdder_add_274_18_spec1_g455/Y -       B->Y    R     XNOR2xp5_ASAP7_75t_SL          1  0.8    35    20    1624    (-,-) 
  g27280/Y                                                -       A1->Y   F     AOI22xp5_ASAP7_75t_SL          2  1.4    42    17    1641    (-,-) 
  g27247/Y                                                -       D->Y    R     NOR4xp25_ASAP7_75t_SL          1  1.4    78    39    1680    (-,-) 
  g27238/Y                                                -       A1->Y   R     AO31x2_ASAP7_75t_SL           10  5.7    36    40    1720    (-,-) 
  g27227/Y                                                -       B->Y    F     NOR2x1_ASAP7_75t_SL           17 11.2    95    50    1770    (-,-) 
  g27202/Y                                                -       B->Y    R     NAND2xp5_ASAP7_75t_L           2  2.1    61    45    1815    (-,-) 
  g27191/Y                                                -       A->Y    F     INVx1_ASAP7_75t_SL             2  1.5    28    15    1829    (-,-) 
  g27142/Y                                                -       B1->Y   R     AOI221xp5_ASAP7_75t_L          1  0.9    69    30    1860    (-,-) 
  PIPE_OUT_col2_stage_reg_reg[0][5]/D                     -       -       R     ASYNC_DFFHx1_ASAP7_75t_SL      1    -     -     0    1860    (-,-) 
#--------------------------------------------------------------------------------------------------------------------------------------------------



Path 15: MET (33 ps) Setup Check with Pin PIPE_3_fix2float_col2_stage_reg_reg[0][7]/CLK->D
           View: PVT_0P63V_100C.setup_view
          Group: clk
     Startpoint: (R) PIPE_3_dot_col2_stage_reg_reg[0][1]/CLK
          Clock: (R) clk
       Endpoint: (F) PIPE_3_fix2float_col2_stage_reg_reg[0][7]/D
          Clock: (R) clk

                     Capture       Launch     
        Clock Edge:+    2000            0     
       Src Latency:+       0            0     
       Net Latency:+       0 (I)        0 (I) 
           Arrival:=    2000            0     
                                              
             Setup:-      16                  
       Uncertainty:-     100                  
     Required Time:=    1884                  
      Launch Clock:-       0                  
         Data Path:-    1851                  
             Slack:=      33                  

#-------------------------------------------------------------------------------------------------------------------------------------------
#                  Timing Point                    Flags    Arc    Edge           Cell             Fanout Load Trans Delay Arrival Instance 
#                                                                                                         (fF)  (ps)  (ps)   (ps)  Location 
#-------------------------------------------------------------------------------------------------------------------------------------------
  PIPE_3_dot_col2_stage_reg_reg[0][1]/CLK          -       -       R     (arrival)                   1147    -     0     0       0    (-,-) 
  PIPE_3_dot_col2_stage_reg_reg[0][1]/QN           -       CLK->QN R     ASYNC_DFFHx1_ASAP7_75t_SL      3  2.1    37    56      56    (-,-) 
  g24610/Y                                         -       A->Y    F     INVx1_ASAP7_75t_SL             2  2.1    25    16      72    (-,-) 
  u_fix2fp32_col2_ADD_TC_OP_g684/Y                 -       B->Y    R     NAND2x1_ASAP7_75t_SL           3  3.1    43    24      96    (-,-) 
  u_fix2fp32_col2_ADD_TC_OP_g682/Y                 -       B->Y    F     NOR2x1p5_ASAP7_75t_SL          3  3.1    26    18     114    (-,-) 
  u_fix2fp32_col2_ADD_TC_OP_g680/Y                 -       B->Y    R     NAND2x1p5_ASAP7_75t_SL         3  2.6    29    17     131    (-,-) 
  u_fix2fp32_col2_ADD_TC_OP_g678/Y                 -       B->Y    F     NOR2x1_ASAP7_75t_L             3  2.6    31    23     154    (-,-) 
  u_fix2fp32_col2_ADD_TC_OP_g676/Y                 -       B->Y    R     NAND2x1_ASAP7_75t_SL           3  2.6    38    24     177    (-,-) 
  u_fix2fp32_col2_ADD_TC_OP_g674/Y                 -       B->Y    F     NOR2x1_ASAP7_75t_SL            3  2.1    26    19     196    (-,-) 
  u_fix2fp32_col2_ADD_TC_OP_g672/Y                 -       B->Y    R     NAND2xp5_ASAP7_75t_SL          3  2.6    47    27     223    (-,-) 
  u_fix2fp32_col2_ADD_TC_OP_g670/Y                 -       B->Y    F     NOR2x1_ASAP7_75t_SL            3  2.1    29    20     243    (-,-) 
  u_fix2fp32_col2_ADD_TC_OP_g668/Y                 -       B->Y    R     NAND2xp5_ASAP7_75t_SL          3  2.6    47    28     271    (-,-) 
  u_fix2fp32_col2_ADD_TC_OP_g666/Y                 -       B->Y    F     NOR2x1_ASAP7_75t_SL            3  2.1    29    20     290    (-,-) 
  u_fix2fp32_col2_ADD_TC_OP_g664/Y                 -       B->Y    R     NAND2xp5_ASAP7_75t_SL          4  2.5    46    27     318    (-,-) 
  u_fix2fp32_col2_ADD_TC_OP_g656/Y                 -       B->Y    F     NOR5xp2_ASAP7_75t_R            3  2.6    54    43     361    (-,-) 
  u_fix2fp32_col2_ADD_TC_OP_g654/Y                 -       B->Y    R     NAND2x1_ASAP7_75t_SL           3  2.6    42    29     389    (-,-) 
  u_fix2fp32_col2_ADD_TC_OP_g652/Y                 -       B->Y    F     NOR2x1_ASAP7_75t_SL            3  2.6    31    21     411    (-,-) 
  u_fix2fp32_col2_ADD_TC_OP_g650/Y                 -       B->Y    R     NAND2x1_ASAP7_75t_SL           3  2.6    38    24     434    (-,-) 
  u_fix2fp32_col2_ADD_TC_OP_g648/Y                 -       B->Y    F     NOR2x1_ASAP7_75t_SL            3  2.6    30    21     455    (-,-) 
  u_fix2fp32_col2_ADD_TC_OP_g646/Y                 -       B->Y    R     NAND2x1_ASAP7_75t_SL           3  2.6    38    23     478    (-,-) 
  u_fix2fp32_col2_ADD_TC_OP_g644/Y                 -       B->Y    F     NOR2x1_ASAP7_75t_SL            3  2.6    30    21     499    (-,-) 
  u_fix2fp32_col2_ADD_TC_OP_g642/Y                 -       B->Y    R     NAND2x1_ASAP7_75t_SL           3  2.7    39    24     523    (-,-) 
  u_fix2fp32_col2_ADD_TC_OP_g640/Y                 -       B->Y    F     NOR2x1_ASAP7_75t_SL            3  2.7    31    21     544    (-,-) 
  u_fix2fp32_col2_ADD_TC_OP_g638/Y                 -       B->Y    R     NAND2x1_ASAP7_75t_SL           3  2.7    39    24     568    (-,-) 
  u_fix2fp32_col2_ADD_TC_OP_g636/Y                 -       B->Y    F     NOR2x1_ASAP7_75t_SL            3  3.2    34    23     592    (-,-) 
  u_fix2fp32_col2_ADD_TC_OP_g634/Y                 -       B->Y    R     NAND2x1p5_ASAP7_75t_SL         3  2.7    29    19     611    (-,-) 
  u_fix2fp32_col2_ADD_TC_OP_g632/Y                 -       B->Y    F     NOR2x1_ASAP7_75t_SL            3  2.7    30    20     630    (-,-) 
  u_fix2fp32_col2_ADD_TC_OP_g630/Y                 -       B->Y    R     NAND2x1_ASAP7_75t_SL           3  2.7    39    24     654    (-,-) 
  u_fix2fp32_col2_ADD_TC_OP_g628/Y                 -       B->Y    F     NOR2x1_ASAP7_75t_SL            3  2.7    31    21     676    (-,-) 
  u_fix2fp32_col2_ADD_TC_OP_g626/Y                 -       B->Y    R     NAND2x1_ASAP7_75t_SL           3  2.7    39    24     700    (-,-) 
  u_fix2fp32_col2_ADD_TC_OP_g624/Y                 -       B->Y    F     NOR2x1_ASAP7_75t_SL            3  2.7    31    21     721    (-,-) 
  u_fix2fp32_col2_ADD_TC_OP_g622/Y                 -       B->Y    R     NAND2x1_ASAP7_75t_SL           3  2.7    39    24     745    (-,-) 
  u_fix2fp32_col2_ADD_TC_OP_g620/Y                 -       B->Y    F     NOR2x1_ASAP7_75t_SL            3  3.2    34    23     768    (-,-) 
  u_fix2fp32_col2_ADD_TC_OP_g618/Y                 -       B->Y    R     NAND2x1p5_ASAP7_75t_SL         3  3.2    32    21     789    (-,-) 
  u_fix2fp32_col2_ADD_TC_OP_g616/Y                 -       B->Y    F     NOR2x1p5_ASAP7_75t_SL          3  3.2    26    16     805    (-,-) 
  u_fix2fp32_col2_ADD_TC_OP_g614/Y                 -       B->Y    R     NAND2x1p5_ASAP7_75t_SL         3  2.6    29    17     822    (-,-) 
  u_fix2fp32_col2_ADD_TC_OP_g610/Y                 -       A2->Y   F     AOI21xp33_ASAP7_75t_SL         1  0.7    25    13     836    (-,-) 
  g28279__8428/Y                                   -       B2->Y   F     AO22x1_ASAP7_75t_SL            2  1.5    21    30     866    (-,-) 
  g28183__4733/Y                                   -       A->Y    F     OR5x1_ASAP7_75t_SL             1  0.8    22    36     902    (-,-) 
  g27704__7482/Y                                   -       A->Y    R     NOR5xp2_ASAP7_75t_SL           1  0.8    69    32     934    (-,-) 
  g28182__1881/Y                                   -       B->Y    R     AND2x2_ASAP7_75t_SL            9  6.6    40    38     972    (-,-) 
  g28176__3680/Y                                   -       A1->Y   F     AOI21xp5_ASAP7_75t_SL          2  1.6    35    21     992    (-,-) 
  g28166__7410/Y                                   -       B->Y    R     NAND4xp25_ASAP7_75t_SL         1  0.8    30    19    1012    (-,-) 
  g28165__1666/Y                                   -       A->Y    R     OR2x2_ASAP7_75t_SL            26 18.1    94    60    1071    (-,-) 
  g28151__1705/Y                                   -       A1->Y   F     OAI21xp5_ASAP7_75t_SL          2  1.5    50    26    1097    (-,-) 
  g27644__7482/Y                                   -       C->Y    R     NOR4xp25_ASAP7_75t_SL          1  0.8    59    31    1128    (-,-) 
  g28129__1881/Y                                   -       B->Y    R     AND2x2_ASAP7_75t_SL            8  5.5    34    35    1163    (-,-) 
  g28109__5107/Y                                   -       A2->Y   F     AOI21xp5_ASAP7_75t_SL          2  1.6    39    17    1180    (-,-) 
  g28104__2398/Y                                   -       A->Y    R     NAND2xp5_ASAP7_75t_SL          1  0.8    28    18    1198    (-,-) 
  g27613__7410/Y                                   -       B->Y    R     OR3x2_ASAP7_75t_SL            26 18.7    97    57    1255    (-,-) 
  g27612__1666/Y                                   -       A2->Y   F     OAI21xp5_ASAP7_75t_SL          3  2.1    55    29    1284    (-,-) 
  g27599__1881/Y                                   -       A1->Y   R     OAI21xp5_ASAP7_75t_SL          3  3.2    75    39    1323    (-,-) 
  g24568/Y                                         -       A->Y    F     INVx1_ASAP7_75t_SL             2  1.9    34    18    1341    (-,-) 
  u_fix2fp32_col2_csa_tree_SUB_TC_OP_groupi_g581/Y -       A->Y    R     INVxp67_ASAP7_75t_SL           1  0.9    24    16    1357    (-,-) 
  u_fix2fp32_col2_csa_tree_SUB_TC_OP_groupi_g570/Y -       A->Y    F     MAJIxp5_ASAP7_75t_SL           2  2.0    46    22    1379    (-,-) 
  u_fix2fp32_col2_csa_tree_SUB_TC_OP_groupi_g549/Y -       A->Y    R     MAJIxp5_ASAP7_75t_SL           2  2.1    67    34    1413    (-,-) 
  u_fix2fp32_col2_csa_tree_SUB_TC_OP_groupi_g531/Y -       A->Y    F     MAJIxp5_ASAP7_75t_SL           2  2.0    48    28    1440    (-,-) 
  u_fix2fp32_col2_csa_tree_SUB_TC_OP_groupi_g526/Y -       A->Y    R     MAJIxp5_ASAP7_75t_SL           2  2.1    62    34    1475    (-,-) 
  u_fix2fp32_col2_csa_tree_SUB_TC_OP_groupi_g524/Y -       A->Y    F     MAJIxp5_ASAP7_75t_SL           2  2.0    55    27    1502    (-,-) 
  u_fix2fp32_col2_csa_tree_SUB_TC_OP_groupi_g522/Y -       A->Y    F     MAJx2_ASAP7_75t_SL             2  2.0    19    35    1537    (-,-) 
  u_fix2fp32_col2_csa_tree_SUB_TC_OP_groupi_g520/Y -       A->Y    F     MAJx2_ASAP7_75t_SL             2  2.0    19    28    1565    (-,-) 
  u_fix2fp32_col2_csa_tree_SUB_TC_OP_groupi_g518/Y -       A->Y    R     MAJIxp5_ASAP7_75t_SL           2  1.8    58    26    1591    (-,-) 
  u_fix2fp32_col2_csa_tree_SUB_TC_OP_groupi_g516/Y -       B->Y    F     NOR2xp33_ASAP7_75t_SL          1  1.3    44    30    1620    (-,-) 
  g46692/Y                                         -       B->Y    R     NOR2x1_ASAP7_75t_SL           10  6.8    76    41    1661    (-,-) 
  g46691/Y                                         -       A->Y    F     INVx1_ASAP7_75t_L              1  0.8    24    16    1677    (-,-) 
  g46690/Y                                         -       A->Y    R     NOR3xp33_ASAP7_75t_SL          2  1.9    70    34    1711    (-,-) 
  g46688/Y                                         -       A->Y    F     INVxp67_ASAP7_75t_SL           1  1.3    33    18    1729    (-,-) 
  g46680/Y                                         -       A->Y    R     NOR2x1_ASAP7_75t_SL            9  6.1    74    35    1764    (-,-) 
  g46675/Y                                         -       A->Y    F     INVx1_ASAP7_75t_SL            15  9.9    86    53    1816    (-,-) 
  g46647/Y                                         -       B1->Y   F     OA22x2_ASAP7_75t_SL            1  0.9    17    34    1851    (-,-) 
  PIPE_3_fix2float_col2_stage_reg_reg[0][7]/D      -       -       F     ASYNC_DFFHx1_ASAP7_75t_SL      1    -     -     0    1851    (-,-) 
#-------------------------------------------------------------------------------------------------------------------------------------------



Path 16: MET (33 ps) Setup Check with Pin PIPE_3_fix2float_col2_stage_reg_reg[0][5]/CLK->D
           View: PVT_0P63V_100C.setup_view
          Group: clk
     Startpoint: (R) PIPE_3_dot_col2_stage_reg_reg[0][1]/CLK
          Clock: (R) clk
       Endpoint: (F) PIPE_3_fix2float_col2_stage_reg_reg[0][5]/D
          Clock: (R) clk

                     Capture       Launch     
        Clock Edge:+    2000            0     
       Src Latency:+       0            0     
       Net Latency:+       0 (I)        0 (I) 
           Arrival:=    2000            0     
                                              
             Setup:-      16                  
       Uncertainty:-     100                  
     Required Time:=    1884                  
      Launch Clock:-       0                  
         Data Path:-    1851                  
             Slack:=      33                  

#-------------------------------------------------------------------------------------------------------------------------------------------
#                  Timing Point                    Flags    Arc    Edge           Cell             Fanout Load Trans Delay Arrival Instance 
#                                                                                                         (fF)  (ps)  (ps)   (ps)  Location 
#-------------------------------------------------------------------------------------------------------------------------------------------
  PIPE_3_dot_col2_stage_reg_reg[0][1]/CLK          -       -       R     (arrival)                   1147    -     0     0       0    (-,-) 
  PIPE_3_dot_col2_stage_reg_reg[0][1]/QN           -       CLK->QN R     ASYNC_DFFHx1_ASAP7_75t_SL      3  2.1    37    56      56    (-,-) 
  g24610/Y                                         -       A->Y    F     INVx1_ASAP7_75t_SL             2  2.1    25    16      72    (-,-) 
  u_fix2fp32_col2_ADD_TC_OP_g684/Y                 -       B->Y    R     NAND2x1_ASAP7_75t_SL           3  3.1    43    24      96    (-,-) 
  u_fix2fp32_col2_ADD_TC_OP_g682/Y                 -       B->Y    F     NOR2x1p5_ASAP7_75t_SL          3  3.1    26    18     114    (-,-) 
  u_fix2fp32_col2_ADD_TC_OP_g680/Y                 -       B->Y    R     NAND2x1p5_ASAP7_75t_SL         3  2.6    29    17     131    (-,-) 
  u_fix2fp32_col2_ADD_TC_OP_g678/Y                 -       B->Y    F     NOR2x1_ASAP7_75t_L             3  2.6    31    23     154    (-,-) 
  u_fix2fp32_col2_ADD_TC_OP_g676/Y                 -       B->Y    R     NAND2x1_ASAP7_75t_SL           3  2.6    38    24     177    (-,-) 
  u_fix2fp32_col2_ADD_TC_OP_g674/Y                 -       B->Y    F     NOR2x1_ASAP7_75t_SL            3  2.1    26    19     196    (-,-) 
  u_fix2fp32_col2_ADD_TC_OP_g672/Y                 -       B->Y    R     NAND2xp5_ASAP7_75t_SL          3  2.6    47    27     223    (-,-) 
  u_fix2fp32_col2_ADD_TC_OP_g670/Y                 -       B->Y    F     NOR2x1_ASAP7_75t_SL            3  2.1    29    20     243    (-,-) 
  u_fix2fp32_col2_ADD_TC_OP_g668/Y                 -       B->Y    R     NAND2xp5_ASAP7_75t_SL          3  2.6    47    28     271    (-,-) 
  u_fix2fp32_col2_ADD_TC_OP_g666/Y                 -       B->Y    F     NOR2x1_ASAP7_75t_SL            3  2.1    29    20     290    (-,-) 
  u_fix2fp32_col2_ADD_TC_OP_g664/Y                 -       B->Y    R     NAND2xp5_ASAP7_75t_SL          4  2.5    46    27     318    (-,-) 
  u_fix2fp32_col2_ADD_TC_OP_g656/Y                 -       B->Y    F     NOR5xp2_ASAP7_75t_R            3  2.6    54    43     361    (-,-) 
  u_fix2fp32_col2_ADD_TC_OP_g654/Y                 -       B->Y    R     NAND2x1_ASAP7_75t_SL           3  2.6    42    29     389    (-,-) 
  u_fix2fp32_col2_ADD_TC_OP_g652/Y                 -       B->Y    F     NOR2x1_ASAP7_75t_SL            3  2.6    31    21     411    (-,-) 
  u_fix2fp32_col2_ADD_TC_OP_g650/Y                 -       B->Y    R     NAND2x1_ASAP7_75t_SL           3  2.6    38    24     434    (-,-) 
  u_fix2fp32_col2_ADD_TC_OP_g648/Y                 -       B->Y    F     NOR2x1_ASAP7_75t_SL            3  2.6    30    21     455    (-,-) 
  u_fix2fp32_col2_ADD_TC_OP_g646/Y                 -       B->Y    R     NAND2x1_ASAP7_75t_SL           3  2.6    38    23     478    (-,-) 
  u_fix2fp32_col2_ADD_TC_OP_g644/Y                 -       B->Y    F     NOR2x1_ASAP7_75t_SL            3  2.6    30    21     499    (-,-) 
  u_fix2fp32_col2_ADD_TC_OP_g642/Y                 -       B->Y    R     NAND2x1_ASAP7_75t_SL           3  2.7    39    24     523    (-,-) 
  u_fix2fp32_col2_ADD_TC_OP_g640/Y                 -       B->Y    F     NOR2x1_ASAP7_75t_SL            3  2.7    31    21     544    (-,-) 
  u_fix2fp32_col2_ADD_TC_OP_g638/Y                 -       B->Y    R     NAND2x1_ASAP7_75t_SL           3  2.7    39    24     568    (-,-) 
  u_fix2fp32_col2_ADD_TC_OP_g636/Y                 -       B->Y    F     NOR2x1_ASAP7_75t_SL            3  3.2    34    23     592    (-,-) 
  u_fix2fp32_col2_ADD_TC_OP_g634/Y                 -       B->Y    R     NAND2x1p5_ASAP7_75t_SL         3  2.7    29    19     611    (-,-) 
  u_fix2fp32_col2_ADD_TC_OP_g632/Y                 -       B->Y    F     NOR2x1_ASAP7_75t_SL            3  2.7    30    20     630    (-,-) 
  u_fix2fp32_col2_ADD_TC_OP_g630/Y                 -       B->Y    R     NAND2x1_ASAP7_75t_SL           3  2.7    39    24     654    (-,-) 
  u_fix2fp32_col2_ADD_TC_OP_g628/Y                 -       B->Y    F     NOR2x1_ASAP7_75t_SL            3  2.7    31    21     676    (-,-) 
  u_fix2fp32_col2_ADD_TC_OP_g626/Y                 -       B->Y    R     NAND2x1_ASAP7_75t_SL           3  2.7    39    24     700    (-,-) 
  u_fix2fp32_col2_ADD_TC_OP_g624/Y                 -       B->Y    F     NOR2x1_ASAP7_75t_SL            3  2.7    31    21     721    (-,-) 
  u_fix2fp32_col2_ADD_TC_OP_g622/Y                 -       B->Y    R     NAND2x1_ASAP7_75t_SL           3  2.7    39    24     745    (-,-) 
  u_fix2fp32_col2_ADD_TC_OP_g620/Y                 -       B->Y    F     NOR2x1_ASAP7_75t_SL            3  3.2    34    23     768    (-,-) 
  u_fix2fp32_col2_ADD_TC_OP_g618/Y                 -       B->Y    R     NAND2x1p5_ASAP7_75t_SL         3  3.2    32    21     789    (-,-) 
  u_fix2fp32_col2_ADD_TC_OP_g616/Y                 -       B->Y    F     NOR2x1p5_ASAP7_75t_SL          3  3.2    26    16     805    (-,-) 
  u_fix2fp32_col2_ADD_TC_OP_g614/Y                 -       B->Y    R     NAND2x1p5_ASAP7_75t_SL         3  2.6    29    17     822    (-,-) 
  u_fix2fp32_col2_ADD_TC_OP_g610/Y                 -       A2->Y   F     AOI21xp33_ASAP7_75t_SL         1  0.7    25    13     836    (-,-) 
  g28279__8428/Y                                   -       B2->Y   F     AO22x1_ASAP7_75t_SL            2  1.5    21    30     866    (-,-) 
  g28183__4733/Y                                   -       A->Y    F     OR5x1_ASAP7_75t_SL             1  0.8    22    36     902    (-,-) 
  g27704__7482/Y                                   -       A->Y    R     NOR5xp2_ASAP7_75t_SL           1  0.8    69    32     934    (-,-) 
  g28182__1881/Y                                   -       B->Y    R     AND2x2_ASAP7_75t_SL            9  6.6    40    38     972    (-,-) 
  g28176__3680/Y                                   -       A1->Y   F     AOI21xp5_ASAP7_75t_SL          2  1.6    35    21     992    (-,-) 
  g28166__7410/Y                                   -       B->Y    R     NAND4xp25_ASAP7_75t_SL         1  0.8    30    19    1012    (-,-) 
  g28165__1666/Y                                   -       A->Y    R     OR2x2_ASAP7_75t_SL            26 18.1    94    60    1071    (-,-) 
  g28151__1705/Y                                   -       A1->Y   F     OAI21xp5_ASAP7_75t_SL          2  1.5    50    26    1097    (-,-) 
  g27644__7482/Y                                   -       C->Y    R     NOR4xp25_ASAP7_75t_SL          1  0.8    59    31    1128    (-,-) 
  g28129__1881/Y                                   -       B->Y    R     AND2x2_ASAP7_75t_SL            8  5.5    34    35    1163    (-,-) 
  g28109__5107/Y                                   -       A2->Y   F     AOI21xp5_ASAP7_75t_SL          2  1.6    39    17    1180    (-,-) 
  g28104__2398/Y                                   -       A->Y    R     NAND2xp5_ASAP7_75t_SL          1  0.8    28    18    1198    (-,-) 
  g27613__7410/Y                                   -       B->Y    R     OR3x2_ASAP7_75t_SL            26 18.7    97    57    1255    (-,-) 
  g27612__1666/Y                                   -       A2->Y   F     OAI21xp5_ASAP7_75t_SL          3  2.1    55    29    1284    (-,-) 
  g27599__1881/Y                                   -       A1->Y   R     OAI21xp5_ASAP7_75t_SL          3  3.2    75    39    1323    (-,-) 
  g24568/Y                                         -       A->Y    F     INVx1_ASAP7_75t_SL             2  1.9    34    18    1341    (-,-) 
  u_fix2fp32_col2_csa_tree_SUB_TC_OP_groupi_g581/Y -       A->Y    R     INVxp67_ASAP7_75t_SL           1  0.9    24    16    1357    (-,-) 
  u_fix2fp32_col2_csa_tree_SUB_TC_OP_groupi_g570/Y -       A->Y    F     MAJIxp5_ASAP7_75t_SL           2  2.0    46    22    1379    (-,-) 
  u_fix2fp32_col2_csa_tree_SUB_TC_OP_groupi_g549/Y -       A->Y    R     MAJIxp5_ASAP7_75t_SL           2  2.1    67    34    1413    (-,-) 
  u_fix2fp32_col2_csa_tree_SUB_TC_OP_groupi_g531/Y -       A->Y    F     MAJIxp5_ASAP7_75t_SL           2  2.0    48    28    1440    (-,-) 
  u_fix2fp32_col2_csa_tree_SUB_TC_OP_groupi_g526/Y -       A->Y    R     MAJIxp5_ASAP7_75t_SL           2  2.1    62    34    1475    (-,-) 
  u_fix2fp32_col2_csa_tree_SUB_TC_OP_groupi_g524/Y -       A->Y    F     MAJIxp5_ASAP7_75t_SL           2  2.0    55    27    1502    (-,-) 
  u_fix2fp32_col2_csa_tree_SUB_TC_OP_groupi_g522/Y -       A->Y    F     MAJx2_ASAP7_75t_SL             2  2.0    19    35    1537    (-,-) 
  u_fix2fp32_col2_csa_tree_SUB_TC_OP_groupi_g520/Y -       A->Y    F     MAJx2_ASAP7_75t_SL             2  2.0    19    28    1565    (-,-) 
  u_fix2fp32_col2_csa_tree_SUB_TC_OP_groupi_g518/Y -       A->Y    R     MAJIxp5_ASAP7_75t_SL           2  1.8    58    26    1591    (-,-) 
  u_fix2fp32_col2_csa_tree_SUB_TC_OP_groupi_g516/Y -       B->Y    F     NOR2xp33_ASAP7_75t_SL          1  1.3    44    30    1620    (-,-) 
  g46692/Y                                         -       B->Y    R     NOR2x1_ASAP7_75t_SL           10  6.8    76    41    1661    (-,-) 
  g46691/Y                                         -       A->Y    F     INVx1_ASAP7_75t_L              1  0.8    24    16    1677    (-,-) 
  g46690/Y                                         -       A->Y    R     NOR3xp33_ASAP7_75t_SL          2  1.9    70    34    1711    (-,-) 
  g46688/Y                                         -       A->Y    F     INVxp67_ASAP7_75t_SL           1  1.3    33    18    1729    (-,-) 
  g46680/Y                                         -       A->Y    R     NOR2x1_ASAP7_75t_SL            9  6.1    74    35    1764    (-,-) 
  g46675/Y                                         -       A->Y    F     INVx1_ASAP7_75t_SL            15  9.9    86    53    1816    (-,-) 
  g46643/Y                                         -       B1->Y   F     OA22x2_ASAP7_75t_SL            1  0.9    17    34    1851    (-,-) 
  PIPE_3_fix2float_col2_stage_reg_reg[0][5]/D      -       -       F     ASYNC_DFFHx1_ASAP7_75t_SL      1    -     -     0    1851    (-,-) 
#-------------------------------------------------------------------------------------------------------------------------------------------



Path 17: MET (33 ps) Setup Check with Pin PIPE_3_fix2float_col2_stage_reg_reg[0][3]/CLK->D
           View: PVT_0P63V_100C.setup_view
          Group: clk
     Startpoint: (R) PIPE_3_dot_col2_stage_reg_reg[0][1]/CLK
          Clock: (R) clk
       Endpoint: (F) PIPE_3_fix2float_col2_stage_reg_reg[0][3]/D
          Clock: (R) clk

                     Capture       Launch     
        Clock Edge:+    2000            0     
       Src Latency:+       0            0     
       Net Latency:+       0 (I)        0 (I) 
           Arrival:=    2000            0     
                                              
             Setup:-      16                  
       Uncertainty:-     100                  
     Required Time:=    1884                  
      Launch Clock:-       0                  
         Data Path:-    1851                  
             Slack:=      33                  

#-------------------------------------------------------------------------------------------------------------------------------------------
#                  Timing Point                    Flags    Arc    Edge           Cell             Fanout Load Trans Delay Arrival Instance 
#                                                                                                         (fF)  (ps)  (ps)   (ps)  Location 
#-------------------------------------------------------------------------------------------------------------------------------------------
  PIPE_3_dot_col2_stage_reg_reg[0][1]/CLK          -       -       R     (arrival)                   1147    -     0     0       0    (-,-) 
  PIPE_3_dot_col2_stage_reg_reg[0][1]/QN           -       CLK->QN R     ASYNC_DFFHx1_ASAP7_75t_SL      3  2.1    37    56      56    (-,-) 
  g24610/Y                                         -       A->Y    F     INVx1_ASAP7_75t_SL             2  2.1    25    16      72    (-,-) 
  u_fix2fp32_col2_ADD_TC_OP_g684/Y                 -       B->Y    R     NAND2x1_ASAP7_75t_SL           3  3.1    43    24      96    (-,-) 
  u_fix2fp32_col2_ADD_TC_OP_g682/Y                 -       B->Y    F     NOR2x1p5_ASAP7_75t_SL          3  3.1    26    18     114    (-,-) 
  u_fix2fp32_col2_ADD_TC_OP_g680/Y                 -       B->Y    R     NAND2x1p5_ASAP7_75t_SL         3  2.6    29    17     131    (-,-) 
  u_fix2fp32_col2_ADD_TC_OP_g678/Y                 -       B->Y    F     NOR2x1_ASAP7_75t_L             3  2.6    31    23     154    (-,-) 
  u_fix2fp32_col2_ADD_TC_OP_g676/Y                 -       B->Y    R     NAND2x1_ASAP7_75t_SL           3  2.6    38    24     177    (-,-) 
  u_fix2fp32_col2_ADD_TC_OP_g674/Y                 -       B->Y    F     NOR2x1_ASAP7_75t_SL            3  2.1    26    19     196    (-,-) 
  u_fix2fp32_col2_ADD_TC_OP_g672/Y                 -       B->Y    R     NAND2xp5_ASAP7_75t_SL          3  2.6    47    27     223    (-,-) 
  u_fix2fp32_col2_ADD_TC_OP_g670/Y                 -       B->Y    F     NOR2x1_ASAP7_75t_SL            3  2.1    29    20     243    (-,-) 
  u_fix2fp32_col2_ADD_TC_OP_g668/Y                 -       B->Y    R     NAND2xp5_ASAP7_75t_SL          3  2.6    47    28     271    (-,-) 
  u_fix2fp32_col2_ADD_TC_OP_g666/Y                 -       B->Y    F     NOR2x1_ASAP7_75t_SL            3  2.1    29    20     290    (-,-) 
  u_fix2fp32_col2_ADD_TC_OP_g664/Y                 -       B->Y    R     NAND2xp5_ASAP7_75t_SL          4  2.5    46    27     318    (-,-) 
  u_fix2fp32_col2_ADD_TC_OP_g656/Y                 -       B->Y    F     NOR5xp2_ASAP7_75t_R            3  2.6    54    43     361    (-,-) 
  u_fix2fp32_col2_ADD_TC_OP_g654/Y                 -       B->Y    R     NAND2x1_ASAP7_75t_SL           3  2.6    42    29     389    (-,-) 
  u_fix2fp32_col2_ADD_TC_OP_g652/Y                 -       B->Y    F     NOR2x1_ASAP7_75t_SL            3  2.6    31    21     411    (-,-) 
  u_fix2fp32_col2_ADD_TC_OP_g650/Y                 -       B->Y    R     NAND2x1_ASAP7_75t_SL           3  2.6    38    24     434    (-,-) 
  u_fix2fp32_col2_ADD_TC_OP_g648/Y                 -       B->Y    F     NOR2x1_ASAP7_75t_SL            3  2.6    30    21     455    (-,-) 
  u_fix2fp32_col2_ADD_TC_OP_g646/Y                 -       B->Y    R     NAND2x1_ASAP7_75t_SL           3  2.6    38    23     478    (-,-) 
  u_fix2fp32_col2_ADD_TC_OP_g644/Y                 -       B->Y    F     NOR2x1_ASAP7_75t_SL            3  2.6    30    21     499    (-,-) 
  u_fix2fp32_col2_ADD_TC_OP_g642/Y                 -       B->Y    R     NAND2x1_ASAP7_75t_SL           3  2.7    39    24     523    (-,-) 
  u_fix2fp32_col2_ADD_TC_OP_g640/Y                 -       B->Y    F     NOR2x1_ASAP7_75t_SL            3  2.7    31    21     544    (-,-) 
  u_fix2fp32_col2_ADD_TC_OP_g638/Y                 -       B->Y    R     NAND2x1_ASAP7_75t_SL           3  2.7    39    24     568    (-,-) 
  u_fix2fp32_col2_ADD_TC_OP_g636/Y                 -       B->Y    F     NOR2x1_ASAP7_75t_SL            3  3.2    34    23     592    (-,-) 
  u_fix2fp32_col2_ADD_TC_OP_g634/Y                 -       B->Y    R     NAND2x1p5_ASAP7_75t_SL         3  2.7    29    19     611    (-,-) 
  u_fix2fp32_col2_ADD_TC_OP_g632/Y                 -       B->Y    F     NOR2x1_ASAP7_75t_SL            3  2.7    30    20     630    (-,-) 
  u_fix2fp32_col2_ADD_TC_OP_g630/Y                 -       B->Y    R     NAND2x1_ASAP7_75t_SL           3  2.7    39    24     654    (-,-) 
  u_fix2fp32_col2_ADD_TC_OP_g628/Y                 -       B->Y    F     NOR2x1_ASAP7_75t_SL            3  2.7    31    21     676    (-,-) 
  u_fix2fp32_col2_ADD_TC_OP_g626/Y                 -       B->Y    R     NAND2x1_ASAP7_75t_SL           3  2.7    39    24     700    (-,-) 
  u_fix2fp32_col2_ADD_TC_OP_g624/Y                 -       B->Y    F     NOR2x1_ASAP7_75t_SL            3  2.7    31    21     721    (-,-) 
  u_fix2fp32_col2_ADD_TC_OP_g622/Y                 -       B->Y    R     NAND2x1_ASAP7_75t_SL           3  2.7    39    24     745    (-,-) 
  u_fix2fp32_col2_ADD_TC_OP_g620/Y                 -       B->Y    F     NOR2x1_ASAP7_75t_SL            3  3.2    34    23     768    (-,-) 
  u_fix2fp32_col2_ADD_TC_OP_g618/Y                 -       B->Y    R     NAND2x1p5_ASAP7_75t_SL         3  3.2    32    21     789    (-,-) 
  u_fix2fp32_col2_ADD_TC_OP_g616/Y                 -       B->Y    F     NOR2x1p5_ASAP7_75t_SL          3  3.2    26    16     805    (-,-) 
  u_fix2fp32_col2_ADD_TC_OP_g614/Y                 -       B->Y    R     NAND2x1p5_ASAP7_75t_SL         3  2.6    29    17     822    (-,-) 
  u_fix2fp32_col2_ADD_TC_OP_g610/Y                 -       A2->Y   F     AOI21xp33_ASAP7_75t_SL         1  0.7    25    13     836    (-,-) 
  g28279__8428/Y                                   -       B2->Y   F     AO22x1_ASAP7_75t_SL            2  1.5    21    30     866    (-,-) 
  g28183__4733/Y                                   -       A->Y    F     OR5x1_ASAP7_75t_SL             1  0.8    22    36     902    (-,-) 
  g27704__7482/Y                                   -       A->Y    R     NOR5xp2_ASAP7_75t_SL           1  0.8    69    32     934    (-,-) 
  g28182__1881/Y                                   -       B->Y    R     AND2x2_ASAP7_75t_SL            9  6.6    40    38     972    (-,-) 
  g28176__3680/Y                                   -       A1->Y   F     AOI21xp5_ASAP7_75t_SL          2  1.6    35    21     992    (-,-) 
  g28166__7410/Y                                   -       B->Y    R     NAND4xp25_ASAP7_75t_SL         1  0.8    30    19    1012    (-,-) 
  g28165__1666/Y                                   -       A->Y    R     OR2x2_ASAP7_75t_SL            26 18.1    94    60    1071    (-,-) 
  g28151__1705/Y                                   -       A1->Y   F     OAI21xp5_ASAP7_75t_SL          2  1.5    50    26    1097    (-,-) 
  g27644__7482/Y                                   -       C->Y    R     NOR4xp25_ASAP7_75t_SL          1  0.8    59    31    1128    (-,-) 
  g28129__1881/Y                                   -       B->Y    R     AND2x2_ASAP7_75t_SL            8  5.5    34    35    1163    (-,-) 
  g28109__5107/Y                                   -       A2->Y   F     AOI21xp5_ASAP7_75t_SL          2  1.6    39    17    1180    (-,-) 
  g28104__2398/Y                                   -       A->Y    R     NAND2xp5_ASAP7_75t_SL          1  0.8    28    18    1198    (-,-) 
  g27613__7410/Y                                   -       B->Y    R     OR3x2_ASAP7_75t_SL            26 18.7    97    57    1255    (-,-) 
  g27612__1666/Y                                   -       A2->Y   F     OAI21xp5_ASAP7_75t_SL          3  2.1    55    29    1284    (-,-) 
  g27599__1881/Y                                   -       A1->Y   R     OAI21xp5_ASAP7_75t_SL          3  3.2    75    39    1323    (-,-) 
  g24568/Y                                         -       A->Y    F     INVx1_ASAP7_75t_SL             2  1.9    34    18    1341    (-,-) 
  u_fix2fp32_col2_csa_tree_SUB_TC_OP_groupi_g581/Y -       A->Y    R     INVxp67_ASAP7_75t_SL           1  0.9    24    16    1357    (-,-) 
  u_fix2fp32_col2_csa_tree_SUB_TC_OP_groupi_g570/Y -       A->Y    F     MAJIxp5_ASAP7_75t_SL           2  2.0    46    22    1379    (-,-) 
  u_fix2fp32_col2_csa_tree_SUB_TC_OP_groupi_g549/Y -       A->Y    R     MAJIxp5_ASAP7_75t_SL           2  2.1    67    34    1413    (-,-) 
  u_fix2fp32_col2_csa_tree_SUB_TC_OP_groupi_g531/Y -       A->Y    F     MAJIxp5_ASAP7_75t_SL           2  2.0    48    28    1440    (-,-) 
  u_fix2fp32_col2_csa_tree_SUB_TC_OP_groupi_g526/Y -       A->Y    R     MAJIxp5_ASAP7_75t_SL           2  2.1    62    34    1475    (-,-) 
  u_fix2fp32_col2_csa_tree_SUB_TC_OP_groupi_g524/Y -       A->Y    F     MAJIxp5_ASAP7_75t_SL           2  2.0    55    27    1502    (-,-) 
  u_fix2fp32_col2_csa_tree_SUB_TC_OP_groupi_g522/Y -       A->Y    F     MAJx2_ASAP7_75t_SL             2  2.0    19    35    1537    (-,-) 
  u_fix2fp32_col2_csa_tree_SUB_TC_OP_groupi_g520/Y -       A->Y    F     MAJx2_ASAP7_75t_SL             2  2.0    19    28    1565    (-,-) 
  u_fix2fp32_col2_csa_tree_SUB_TC_OP_groupi_g518/Y -       A->Y    R     MAJIxp5_ASAP7_75t_SL           2  1.8    58    26    1591    (-,-) 
  u_fix2fp32_col2_csa_tree_SUB_TC_OP_groupi_g516/Y -       B->Y    F     NOR2xp33_ASAP7_75t_SL          1  1.3    44    30    1620    (-,-) 
  g46692/Y                                         -       B->Y    R     NOR2x1_ASAP7_75t_SL           10  6.8    76    41    1661    (-,-) 
  g46691/Y                                         -       A->Y    F     INVx1_ASAP7_75t_L              1  0.8    24    16    1677    (-,-) 
  g46690/Y                                         -       A->Y    R     NOR3xp33_ASAP7_75t_SL          2  1.9    70    34    1711    (-,-) 
  g46688/Y                                         -       A->Y    F     INVxp67_ASAP7_75t_SL           1  1.3    33    18    1729    (-,-) 
  g46680/Y                                         -       A->Y    R     NOR2x1_ASAP7_75t_SL            9  6.1    74    35    1764    (-,-) 
  g46675/Y                                         -       A->Y    F     INVx1_ASAP7_75t_SL            15  9.9    86    53    1816    (-,-) 
  g46641/Y                                         -       B1->Y   F     OA22x2_ASAP7_75t_SL            1  0.9    17    34    1851    (-,-) 
  PIPE_3_fix2float_col2_stage_reg_reg[0][3]/D      -       -       F     ASYNC_DFFHx1_ASAP7_75t_SL      1    -     -     0    1851    (-,-) 
#-------------------------------------------------------------------------------------------------------------------------------------------



Path 18: MET (36 ps) Setup Check with Pin PIPE_3_fix2float_col2_stage_reg_reg[0][15]/CLK->D
           View: PVT_0P63V_100C.setup_view
          Group: clk
     Startpoint: (R) PIPE_3_dot_col2_stage_reg_reg[0][1]/CLK
          Clock: (R) clk
       Endpoint: (F) PIPE_3_fix2float_col2_stage_reg_reg[0][15]/D
          Clock: (R) clk

                     Capture       Launch     
        Clock Edge:+    2000            0     
       Src Latency:+       0            0     
       Net Latency:+       0 (I)        0 (I) 
           Arrival:=    2000            0     
                                              
             Setup:-      16                  
       Uncertainty:-     100                  
     Required Time:=    1884                  
      Launch Clock:-       0                  
         Data Path:-    1848                  
             Slack:=      36                  

#-------------------------------------------------------------------------------------------------------------------------------------------
#                  Timing Point                    Flags    Arc    Edge           Cell             Fanout Load Trans Delay Arrival Instance 
#                                                                                                         (fF)  (ps)  (ps)   (ps)  Location 
#-------------------------------------------------------------------------------------------------------------------------------------------
  PIPE_3_dot_col2_stage_reg_reg[0][1]/CLK          -       -       R     (arrival)                   1147    -     0     0       0    (-,-) 
  PIPE_3_dot_col2_stage_reg_reg[0][1]/QN           -       CLK->QN R     ASYNC_DFFHx1_ASAP7_75t_SL      3  2.1    37    56      56    (-,-) 
  g24610/Y                                         -       A->Y    F     INVx1_ASAP7_75t_SL             2  2.1    25    16      72    (-,-) 
  u_fix2fp32_col2_ADD_TC_OP_g684/Y                 -       B->Y    R     NAND2x1_ASAP7_75t_SL           3  3.1    43    24      96    (-,-) 
  u_fix2fp32_col2_ADD_TC_OP_g682/Y                 -       B->Y    F     NOR2x1p5_ASAP7_75t_SL          3  3.1    26    18     114    (-,-) 
  u_fix2fp32_col2_ADD_TC_OP_g680/Y                 -       B->Y    R     NAND2x1p5_ASAP7_75t_SL         3  2.6    29    17     131    (-,-) 
  u_fix2fp32_col2_ADD_TC_OP_g678/Y                 -       B->Y    F     NOR2x1_ASAP7_75t_L             3  2.6    31    23     154    (-,-) 
  u_fix2fp32_col2_ADD_TC_OP_g676/Y                 -       B->Y    R     NAND2x1_ASAP7_75t_SL           3  2.6    38    24     177    (-,-) 
  u_fix2fp32_col2_ADD_TC_OP_g674/Y                 -       B->Y    F     NOR2x1_ASAP7_75t_SL            3  2.1    26    19     196    (-,-) 
  u_fix2fp32_col2_ADD_TC_OP_g672/Y                 -       B->Y    R     NAND2xp5_ASAP7_75t_SL          3  2.6    47    27     223    (-,-) 
  u_fix2fp32_col2_ADD_TC_OP_g670/Y                 -       B->Y    F     NOR2x1_ASAP7_75t_SL            3  2.1    29    20     243    (-,-) 
  u_fix2fp32_col2_ADD_TC_OP_g668/Y                 -       B->Y    R     NAND2xp5_ASAP7_75t_SL          3  2.6    47    28     271    (-,-) 
  u_fix2fp32_col2_ADD_TC_OP_g666/Y                 -       B->Y    F     NOR2x1_ASAP7_75t_SL            3  2.1    29    20     290    (-,-) 
  u_fix2fp32_col2_ADD_TC_OP_g664/Y                 -       B->Y    R     NAND2xp5_ASAP7_75t_SL          4  2.5    46    27     318    (-,-) 
  u_fix2fp32_col2_ADD_TC_OP_g656/Y                 -       B->Y    F     NOR5xp2_ASAP7_75t_R            3  2.6    54    43     361    (-,-) 
  u_fix2fp32_col2_ADD_TC_OP_g654/Y                 -       B->Y    R     NAND2x1_ASAP7_75t_SL           3  2.6    42    29     389    (-,-) 
  u_fix2fp32_col2_ADD_TC_OP_g652/Y                 -       B->Y    F     NOR2x1_ASAP7_75t_SL            3  2.6    31    21     411    (-,-) 
  u_fix2fp32_col2_ADD_TC_OP_g650/Y                 -       B->Y    R     NAND2x1_ASAP7_75t_SL           3  2.6    38    24     434    (-,-) 
  u_fix2fp32_col2_ADD_TC_OP_g648/Y                 -       B->Y    F     NOR2x1_ASAP7_75t_SL            3  2.6    30    21     455    (-,-) 
  u_fix2fp32_col2_ADD_TC_OP_g646/Y                 -       B->Y    R     NAND2x1_ASAP7_75t_SL           3  2.6    38    23     478    (-,-) 
  u_fix2fp32_col2_ADD_TC_OP_g644/Y                 -       B->Y    F     NOR2x1_ASAP7_75t_SL            3  2.6    30    21     499    (-,-) 
  u_fix2fp32_col2_ADD_TC_OP_g642/Y                 -       B->Y    R     NAND2x1_ASAP7_75t_SL           3  2.7    39    24     523    (-,-) 
  u_fix2fp32_col2_ADD_TC_OP_g640/Y                 -       B->Y    F     NOR2x1_ASAP7_75t_SL            3  2.7    31    21     544    (-,-) 
  u_fix2fp32_col2_ADD_TC_OP_g638/Y                 -       B->Y    R     NAND2x1_ASAP7_75t_SL           3  2.7    39    24     568    (-,-) 
  u_fix2fp32_col2_ADD_TC_OP_g636/Y                 -       B->Y    F     NOR2x1_ASAP7_75t_SL            3  3.2    34    23     592    (-,-) 
  u_fix2fp32_col2_ADD_TC_OP_g634/Y                 -       B->Y    R     NAND2x1p5_ASAP7_75t_SL         3  2.7    29    19     611    (-,-) 
  u_fix2fp32_col2_ADD_TC_OP_g632/Y                 -       B->Y    F     NOR2x1_ASAP7_75t_SL            3  2.7    30    20     630    (-,-) 
  u_fix2fp32_col2_ADD_TC_OP_g630/Y                 -       B->Y    R     NAND2x1_ASAP7_75t_SL           3  2.7    39    24     654    (-,-) 
  u_fix2fp32_col2_ADD_TC_OP_g628/Y                 -       B->Y    F     NOR2x1_ASAP7_75t_SL            3  2.7    31    21     676    (-,-) 
  u_fix2fp32_col2_ADD_TC_OP_g626/Y                 -       B->Y    R     NAND2x1_ASAP7_75t_SL           3  2.7    39    24     700    (-,-) 
  u_fix2fp32_col2_ADD_TC_OP_g624/Y                 -       B->Y    F     NOR2x1_ASAP7_75t_SL            3  2.7    31    21     721    (-,-) 
  u_fix2fp32_col2_ADD_TC_OP_g622/Y                 -       B->Y    R     NAND2x1_ASAP7_75t_SL           3  2.7    39    24     745    (-,-) 
  u_fix2fp32_col2_ADD_TC_OP_g620/Y                 -       B->Y    F     NOR2x1_ASAP7_75t_SL            3  3.2    34    23     768    (-,-) 
  u_fix2fp32_col2_ADD_TC_OP_g618/Y                 -       B->Y    R     NAND2x1p5_ASAP7_75t_SL         3  3.2    32    21     789    (-,-) 
  u_fix2fp32_col2_ADD_TC_OP_g616/Y                 -       B->Y    F     NOR2x1p5_ASAP7_75t_SL          3  3.2    26    16     805    (-,-) 
  u_fix2fp32_col2_ADD_TC_OP_g614/Y                 -       B->Y    R     NAND2x1p5_ASAP7_75t_SL         3  2.6    29    17     822    (-,-) 
  u_fix2fp32_col2_ADD_TC_OP_g610/Y                 -       A2->Y   F     AOI21xp33_ASAP7_75t_SL         1  0.7    25    13     836    (-,-) 
  g28279__8428/Y                                   -       B2->Y   F     AO22x1_ASAP7_75t_SL            2  1.5    21    30     866    (-,-) 
  g28183__4733/Y                                   -       A->Y    F     OR5x1_ASAP7_75t_SL             1  0.8    22    36     902    (-,-) 
  g27704__7482/Y                                   -       A->Y    R     NOR5xp2_ASAP7_75t_SL           1  0.8    69    32     934    (-,-) 
  g28182__1881/Y                                   -       B->Y    R     AND2x2_ASAP7_75t_SL            9  6.6    40    38     972    (-,-) 
  g28176__3680/Y                                   -       A1->Y   F     AOI21xp5_ASAP7_75t_SL          2  1.6    35    21     992    (-,-) 
  g28166__7410/Y                                   -       B->Y    R     NAND4xp25_ASAP7_75t_SL         1  0.8    30    19    1012    (-,-) 
  g28165__1666/Y                                   -       A->Y    R     OR2x2_ASAP7_75t_SL            26 18.1    94    60    1071    (-,-) 
  g28151__1705/Y                                   -       A1->Y   F     OAI21xp5_ASAP7_75t_SL          2  1.5    50    26    1097    (-,-) 
  g27644__7482/Y                                   -       C->Y    R     NOR4xp25_ASAP7_75t_SL          1  0.8    59    31    1128    (-,-) 
  g28129__1881/Y                                   -       B->Y    R     AND2x2_ASAP7_75t_SL            8  5.5    34    35    1163    (-,-) 
  g28109__5107/Y                                   -       A2->Y   F     AOI21xp5_ASAP7_75t_SL          2  1.6    39    17    1180    (-,-) 
  g28104__2398/Y                                   -       A->Y    R     NAND2xp5_ASAP7_75t_SL          1  0.8    28    18    1198    (-,-) 
  g27613__7410/Y                                   -       B->Y    R     OR3x2_ASAP7_75t_SL            26 18.7    97    57    1255    (-,-) 
  g27612__1666/Y                                   -       A2->Y   F     OAI21xp5_ASAP7_75t_SL          3  2.1    55    29    1284    (-,-) 
  g27599__1881/Y                                   -       A1->Y   R     OAI21xp5_ASAP7_75t_SL          3  3.2    75    39    1323    (-,-) 
  g24568/Y                                         -       A->Y    F     INVx1_ASAP7_75t_SL             2  1.9    34    18    1341    (-,-) 
  u_fix2fp32_col2_csa_tree_SUB_TC_OP_groupi_g581/Y -       A->Y    R     INVxp67_ASAP7_75t_SL           1  0.9    24    16    1357    (-,-) 
  u_fix2fp32_col2_csa_tree_SUB_TC_OP_groupi_g570/Y -       A->Y    F     MAJIxp5_ASAP7_75t_SL           2  2.0    46    22    1379    (-,-) 
  u_fix2fp32_col2_csa_tree_SUB_TC_OP_groupi_g549/Y -       A->Y    R     MAJIxp5_ASAP7_75t_SL           2  2.1    67    34    1413    (-,-) 
  u_fix2fp32_col2_csa_tree_SUB_TC_OP_groupi_g531/Y -       A->Y    F     MAJIxp5_ASAP7_75t_SL           2  2.0    48    28    1440    (-,-) 
  u_fix2fp32_col2_csa_tree_SUB_TC_OP_groupi_g526/Y -       A->Y    R     MAJIxp5_ASAP7_75t_SL           2  2.1    62    34    1475    (-,-) 
  u_fix2fp32_col2_csa_tree_SUB_TC_OP_groupi_g524/Y -       A->Y    F     MAJIxp5_ASAP7_75t_SL           2  2.0    55    27    1502    (-,-) 
  u_fix2fp32_col2_csa_tree_SUB_TC_OP_groupi_g522/Y -       A->Y    F     MAJx2_ASAP7_75t_SL             2  2.0    19    35    1537    (-,-) 
  u_fix2fp32_col2_csa_tree_SUB_TC_OP_groupi_g520/Y -       A->Y    F     MAJx2_ASAP7_75t_SL             2  2.0    19    28    1565    (-,-) 
  u_fix2fp32_col2_csa_tree_SUB_TC_OP_groupi_g518/Y -       A->Y    R     MAJIxp5_ASAP7_75t_SL           2  1.8    58    26    1591    (-,-) 
  u_fix2fp32_col2_csa_tree_SUB_TC_OP_groupi_g516/Y -       B->Y    F     NOR2xp33_ASAP7_75t_SL          1  1.3    44    30    1620    (-,-) 
  g46692/Y                                         -       B->Y    R     NOR2x1_ASAP7_75t_SL           10  6.8    76    41    1661    (-,-) 
  g46691/Y                                         -       A->Y    F     INVx1_ASAP7_75t_L              1  0.8    24    16    1677    (-,-) 
  g46690/Y                                         -       A->Y    R     NOR3xp33_ASAP7_75t_SL          2  1.9    70    34    1711    (-,-) 
  g46688/Y                                         -       A->Y    F     INVxp67_ASAP7_75t_SL           1  1.3    33    18    1729    (-,-) 
  g46680/Y                                         -       A->Y    R     NOR2x1_ASAP7_75t_SL            9  6.1    74    35    1764    (-,-) 
  g46675/Y                                         -       A->Y    F     INVx1_ASAP7_75t_SL            15  9.9    86    53    1816    (-,-) 
  g46618/Y                                         -       A1->Y   F     OA22x2_ASAP7_75t_SL            1  0.9    17    31    1848    (-,-) 
  PIPE_3_fix2float_col2_stage_reg_reg[0][15]/D     -       -       F     ASYNC_DFFHx1_ASAP7_75t_SL      1    -     -     0    1848    (-,-) 
#-------------------------------------------------------------------------------------------------------------------------------------------



Path 19: MET (36 ps) Setup Check with Pin PIPE_3_fix2float_col2_stage_reg_reg[0][11]/CLK->D
           View: PVT_0P63V_100C.setup_view
          Group: clk
     Startpoint: (R) PIPE_3_dot_col2_stage_reg_reg[0][1]/CLK
          Clock: (R) clk
       Endpoint: (F) PIPE_3_fix2float_col2_stage_reg_reg[0][11]/D
          Clock: (R) clk

                     Capture       Launch     
        Clock Edge:+    2000            0     
       Src Latency:+       0            0     
       Net Latency:+       0 (I)        0 (I) 
           Arrival:=    2000            0     
                                              
             Setup:-      16                  
       Uncertainty:-     100                  
     Required Time:=    1884                  
      Launch Clock:-       0                  
         Data Path:-    1848                  
             Slack:=      36                  

#-------------------------------------------------------------------------------------------------------------------------------------------
#                  Timing Point                    Flags    Arc    Edge           Cell             Fanout Load Trans Delay Arrival Instance 
#                                                                                                         (fF)  (ps)  (ps)   (ps)  Location 
#-------------------------------------------------------------------------------------------------------------------------------------------
  PIPE_3_dot_col2_stage_reg_reg[0][1]/CLK          -       -       R     (arrival)                   1147    -     0     0       0    (-,-) 
  PIPE_3_dot_col2_stage_reg_reg[0][1]/QN           -       CLK->QN R     ASYNC_DFFHx1_ASAP7_75t_SL      3  2.1    37    56      56    (-,-) 
  g24610/Y                                         -       A->Y    F     INVx1_ASAP7_75t_SL             2  2.1    25    16      72    (-,-) 
  u_fix2fp32_col2_ADD_TC_OP_g684/Y                 -       B->Y    R     NAND2x1_ASAP7_75t_SL           3  3.1    43    24      96    (-,-) 
  u_fix2fp32_col2_ADD_TC_OP_g682/Y                 -       B->Y    F     NOR2x1p5_ASAP7_75t_SL          3  3.1    26    18     114    (-,-) 
  u_fix2fp32_col2_ADD_TC_OP_g680/Y                 -       B->Y    R     NAND2x1p5_ASAP7_75t_SL         3  2.6    29    17     131    (-,-) 
  u_fix2fp32_col2_ADD_TC_OP_g678/Y                 -       B->Y    F     NOR2x1_ASAP7_75t_L             3  2.6    31    23     154    (-,-) 
  u_fix2fp32_col2_ADD_TC_OP_g676/Y                 -       B->Y    R     NAND2x1_ASAP7_75t_SL           3  2.6    38    24     177    (-,-) 
  u_fix2fp32_col2_ADD_TC_OP_g674/Y                 -       B->Y    F     NOR2x1_ASAP7_75t_SL            3  2.1    26    19     196    (-,-) 
  u_fix2fp32_col2_ADD_TC_OP_g672/Y                 -       B->Y    R     NAND2xp5_ASAP7_75t_SL          3  2.6    47    27     223    (-,-) 
  u_fix2fp32_col2_ADD_TC_OP_g670/Y                 -       B->Y    F     NOR2x1_ASAP7_75t_SL            3  2.1    29    20     243    (-,-) 
  u_fix2fp32_col2_ADD_TC_OP_g668/Y                 -       B->Y    R     NAND2xp5_ASAP7_75t_SL          3  2.6    47    28     271    (-,-) 
  u_fix2fp32_col2_ADD_TC_OP_g666/Y                 -       B->Y    F     NOR2x1_ASAP7_75t_SL            3  2.1    29    20     290    (-,-) 
  u_fix2fp32_col2_ADD_TC_OP_g664/Y                 -       B->Y    R     NAND2xp5_ASAP7_75t_SL          4  2.5    46    27     318    (-,-) 
  u_fix2fp32_col2_ADD_TC_OP_g656/Y                 -       B->Y    F     NOR5xp2_ASAP7_75t_R            3  2.6    54    43     361    (-,-) 
  u_fix2fp32_col2_ADD_TC_OP_g654/Y                 -       B->Y    R     NAND2x1_ASAP7_75t_SL           3  2.6    42    29     389    (-,-) 
  u_fix2fp32_col2_ADD_TC_OP_g652/Y                 -       B->Y    F     NOR2x1_ASAP7_75t_SL            3  2.6    31    21     411    (-,-) 
  u_fix2fp32_col2_ADD_TC_OP_g650/Y                 -       B->Y    R     NAND2x1_ASAP7_75t_SL           3  2.6    38    24     434    (-,-) 
  u_fix2fp32_col2_ADD_TC_OP_g648/Y                 -       B->Y    F     NOR2x1_ASAP7_75t_SL            3  2.6    30    21     455    (-,-) 
  u_fix2fp32_col2_ADD_TC_OP_g646/Y                 -       B->Y    R     NAND2x1_ASAP7_75t_SL           3  2.6    38    23     478    (-,-) 
  u_fix2fp32_col2_ADD_TC_OP_g644/Y                 -       B->Y    F     NOR2x1_ASAP7_75t_SL            3  2.6    30    21     499    (-,-) 
  u_fix2fp32_col2_ADD_TC_OP_g642/Y                 -       B->Y    R     NAND2x1_ASAP7_75t_SL           3  2.7    39    24     523    (-,-) 
  u_fix2fp32_col2_ADD_TC_OP_g640/Y                 -       B->Y    F     NOR2x1_ASAP7_75t_SL            3  2.7    31    21     544    (-,-) 
  u_fix2fp32_col2_ADD_TC_OP_g638/Y                 -       B->Y    R     NAND2x1_ASAP7_75t_SL           3  2.7    39    24     568    (-,-) 
  u_fix2fp32_col2_ADD_TC_OP_g636/Y                 -       B->Y    F     NOR2x1_ASAP7_75t_SL            3  3.2    34    23     592    (-,-) 
  u_fix2fp32_col2_ADD_TC_OP_g634/Y                 -       B->Y    R     NAND2x1p5_ASAP7_75t_SL         3  2.7    29    19     611    (-,-) 
  u_fix2fp32_col2_ADD_TC_OP_g632/Y                 -       B->Y    F     NOR2x1_ASAP7_75t_SL            3  2.7    30    20     630    (-,-) 
  u_fix2fp32_col2_ADD_TC_OP_g630/Y                 -       B->Y    R     NAND2x1_ASAP7_75t_SL           3  2.7    39    24     654    (-,-) 
  u_fix2fp32_col2_ADD_TC_OP_g628/Y                 -       B->Y    F     NOR2x1_ASAP7_75t_SL            3  2.7    31    21     676    (-,-) 
  u_fix2fp32_col2_ADD_TC_OP_g626/Y                 -       B->Y    R     NAND2x1_ASAP7_75t_SL           3  2.7    39    24     700    (-,-) 
  u_fix2fp32_col2_ADD_TC_OP_g624/Y                 -       B->Y    F     NOR2x1_ASAP7_75t_SL            3  2.7    31    21     721    (-,-) 
  u_fix2fp32_col2_ADD_TC_OP_g622/Y                 -       B->Y    R     NAND2x1_ASAP7_75t_SL           3  2.7    39    24     745    (-,-) 
  u_fix2fp32_col2_ADD_TC_OP_g620/Y                 -       B->Y    F     NOR2x1_ASAP7_75t_SL            3  3.2    34    23     768    (-,-) 
  u_fix2fp32_col2_ADD_TC_OP_g618/Y                 -       B->Y    R     NAND2x1p5_ASAP7_75t_SL         3  3.2    32    21     789    (-,-) 
  u_fix2fp32_col2_ADD_TC_OP_g616/Y                 -       B->Y    F     NOR2x1p5_ASAP7_75t_SL          3  3.2    26    16     805    (-,-) 
  u_fix2fp32_col2_ADD_TC_OP_g614/Y                 -       B->Y    R     NAND2x1p5_ASAP7_75t_SL         3  2.6    29    17     822    (-,-) 
  u_fix2fp32_col2_ADD_TC_OP_g610/Y                 -       A2->Y   F     AOI21xp33_ASAP7_75t_SL         1  0.7    25    13     836    (-,-) 
  g28279__8428/Y                                   -       B2->Y   F     AO22x1_ASAP7_75t_SL            2  1.5    21    30     866    (-,-) 
  g28183__4733/Y                                   -       A->Y    F     OR5x1_ASAP7_75t_SL             1  0.8    22    36     902    (-,-) 
  g27704__7482/Y                                   -       A->Y    R     NOR5xp2_ASAP7_75t_SL           1  0.8    69    32     934    (-,-) 
  g28182__1881/Y                                   -       B->Y    R     AND2x2_ASAP7_75t_SL            9  6.6    40    38     972    (-,-) 
  g28176__3680/Y                                   -       A1->Y   F     AOI21xp5_ASAP7_75t_SL          2  1.6    35    21     992    (-,-) 
  g28166__7410/Y                                   -       B->Y    R     NAND4xp25_ASAP7_75t_SL         1  0.8    30    19    1012    (-,-) 
  g28165__1666/Y                                   -       A->Y    R     OR2x2_ASAP7_75t_SL            26 18.1    94    60    1071    (-,-) 
  g28151__1705/Y                                   -       A1->Y   F     OAI21xp5_ASAP7_75t_SL          2  1.5    50    26    1097    (-,-) 
  g27644__7482/Y                                   -       C->Y    R     NOR4xp25_ASAP7_75t_SL          1  0.8    59    31    1128    (-,-) 
  g28129__1881/Y                                   -       B->Y    R     AND2x2_ASAP7_75t_SL            8  5.5    34    35    1163    (-,-) 
  g28109__5107/Y                                   -       A2->Y   F     AOI21xp5_ASAP7_75t_SL          2  1.6    39    17    1180    (-,-) 
  g28104__2398/Y                                   -       A->Y    R     NAND2xp5_ASAP7_75t_SL          1  0.8    28    18    1198    (-,-) 
  g27613__7410/Y                                   -       B->Y    R     OR3x2_ASAP7_75t_SL            26 18.7    97    57    1255    (-,-) 
  g27612__1666/Y                                   -       A2->Y   F     OAI21xp5_ASAP7_75t_SL          3  2.1    55    29    1284    (-,-) 
  g27599__1881/Y                                   -       A1->Y   R     OAI21xp5_ASAP7_75t_SL          3  3.2    75    39    1323    (-,-) 
  g24568/Y                                         -       A->Y    F     INVx1_ASAP7_75t_SL             2  1.9    34    18    1341    (-,-) 
  u_fix2fp32_col2_csa_tree_SUB_TC_OP_groupi_g581/Y -       A->Y    R     INVxp67_ASAP7_75t_SL           1  0.9    24    16    1357    (-,-) 
  u_fix2fp32_col2_csa_tree_SUB_TC_OP_groupi_g570/Y -       A->Y    F     MAJIxp5_ASAP7_75t_SL           2  2.0    46    22    1379    (-,-) 
  u_fix2fp32_col2_csa_tree_SUB_TC_OP_groupi_g549/Y -       A->Y    R     MAJIxp5_ASAP7_75t_SL           2  2.1    67    34    1413    (-,-) 
  u_fix2fp32_col2_csa_tree_SUB_TC_OP_groupi_g531/Y -       A->Y    F     MAJIxp5_ASAP7_75t_SL           2  2.0    48    28    1440    (-,-) 
  u_fix2fp32_col2_csa_tree_SUB_TC_OP_groupi_g526/Y -       A->Y    R     MAJIxp5_ASAP7_75t_SL           2  2.1    62    34    1475    (-,-) 
  u_fix2fp32_col2_csa_tree_SUB_TC_OP_groupi_g524/Y -       A->Y    F     MAJIxp5_ASAP7_75t_SL           2  2.0    55    27    1502    (-,-) 
  u_fix2fp32_col2_csa_tree_SUB_TC_OP_groupi_g522/Y -       A->Y    F     MAJx2_ASAP7_75t_SL             2  2.0    19    35    1537    (-,-) 
  u_fix2fp32_col2_csa_tree_SUB_TC_OP_groupi_g520/Y -       A->Y    F     MAJx2_ASAP7_75t_SL             2  2.0    19    28    1565    (-,-) 
  u_fix2fp32_col2_csa_tree_SUB_TC_OP_groupi_g518/Y -       A->Y    R     MAJIxp5_ASAP7_75t_SL           2  1.8    58    26    1591    (-,-) 
  u_fix2fp32_col2_csa_tree_SUB_TC_OP_groupi_g516/Y -       B->Y    F     NOR2xp33_ASAP7_75t_SL          1  1.3    44    30    1620    (-,-) 
  g46692/Y                                         -       B->Y    R     NOR2x1_ASAP7_75t_SL           10  6.8    76    41    1661    (-,-) 
  g46691/Y                                         -       A->Y    F     INVx1_ASAP7_75t_L              1  0.8    24    16    1677    (-,-) 
  g46690/Y                                         -       A->Y    R     NOR3xp33_ASAP7_75t_SL          2  1.9    70    34    1711    (-,-) 
  g46688/Y                                         -       A->Y    F     INVxp67_ASAP7_75t_SL           1  1.3    33    18    1729    (-,-) 
  g46680/Y                                         -       A->Y    R     NOR2x1_ASAP7_75t_SL            9  6.1    74    35    1764    (-,-) 
  g46675/Y                                         -       A->Y    F     INVx1_ASAP7_75t_SL            15  9.9    86    53    1816    (-,-) 
  g46650/Y                                         -       A1->Y   F     OA22x2_ASAP7_75t_SL            1  0.9    17    31    1848    (-,-) 
  PIPE_3_fix2float_col2_stage_reg_reg[0][11]/D     -       -       F     ASYNC_DFFHx1_ASAP7_75t_SL      1    -     -     0    1848    (-,-) 
#-------------------------------------------------------------------------------------------------------------------------------------------



Path 20: MET (36 ps) Setup Check with Pin PIPE_3_fix2float_col2_stage_reg_reg[0][6]/CLK->D
           View: PVT_0P63V_100C.setup_view
          Group: clk
     Startpoint: (R) PIPE_3_dot_col2_stage_reg_reg[0][1]/CLK
          Clock: (R) clk
       Endpoint: (F) PIPE_3_fix2float_col2_stage_reg_reg[0][6]/D
          Clock: (R) clk

                     Capture       Launch     
        Clock Edge:+    2000            0     
       Src Latency:+       0            0     
       Net Latency:+       0 (I)        0 (I) 
           Arrival:=    2000            0     
                                              
             Setup:-      16                  
       Uncertainty:-     100                  
     Required Time:=    1884                  
      Launch Clock:-       0                  
         Data Path:-    1848                  
             Slack:=      36                  

#-------------------------------------------------------------------------------------------------------------------------------------------
#                  Timing Point                    Flags    Arc    Edge           Cell             Fanout Load Trans Delay Arrival Instance 
#                                                                                                         (fF)  (ps)  (ps)   (ps)  Location 
#-------------------------------------------------------------------------------------------------------------------------------------------
  PIPE_3_dot_col2_stage_reg_reg[0][1]/CLK          -       -       R     (arrival)                   1147    -     0     0       0    (-,-) 
  PIPE_3_dot_col2_stage_reg_reg[0][1]/QN           -       CLK->QN R     ASYNC_DFFHx1_ASAP7_75t_SL      3  2.1    37    56      56    (-,-) 
  g24610/Y                                         -       A->Y    F     INVx1_ASAP7_75t_SL             2  2.1    25    16      72    (-,-) 
  u_fix2fp32_col2_ADD_TC_OP_g684/Y                 -       B->Y    R     NAND2x1_ASAP7_75t_SL           3  3.1    43    24      96    (-,-) 
  u_fix2fp32_col2_ADD_TC_OP_g682/Y                 -       B->Y    F     NOR2x1p5_ASAP7_75t_SL          3  3.1    26    18     114    (-,-) 
  u_fix2fp32_col2_ADD_TC_OP_g680/Y                 -       B->Y    R     NAND2x1p5_ASAP7_75t_SL         3  2.6    29    17     131    (-,-) 
  u_fix2fp32_col2_ADD_TC_OP_g678/Y                 -       B->Y    F     NOR2x1_ASAP7_75t_L             3  2.6    31    23     154    (-,-) 
  u_fix2fp32_col2_ADD_TC_OP_g676/Y                 -       B->Y    R     NAND2x1_ASAP7_75t_SL           3  2.6    38    24     177    (-,-) 
  u_fix2fp32_col2_ADD_TC_OP_g674/Y                 -       B->Y    F     NOR2x1_ASAP7_75t_SL            3  2.1    26    19     196    (-,-) 
  u_fix2fp32_col2_ADD_TC_OP_g672/Y                 -       B->Y    R     NAND2xp5_ASAP7_75t_SL          3  2.6    47    27     223    (-,-) 
  u_fix2fp32_col2_ADD_TC_OP_g670/Y                 -       B->Y    F     NOR2x1_ASAP7_75t_SL            3  2.1    29    20     243    (-,-) 
  u_fix2fp32_col2_ADD_TC_OP_g668/Y                 -       B->Y    R     NAND2xp5_ASAP7_75t_SL          3  2.6    47    28     271    (-,-) 
  u_fix2fp32_col2_ADD_TC_OP_g666/Y                 -       B->Y    F     NOR2x1_ASAP7_75t_SL            3  2.1    29    20     290    (-,-) 
  u_fix2fp32_col2_ADD_TC_OP_g664/Y                 -       B->Y    R     NAND2xp5_ASAP7_75t_SL          4  2.5    46    27     318    (-,-) 
  u_fix2fp32_col2_ADD_TC_OP_g656/Y                 -       B->Y    F     NOR5xp2_ASAP7_75t_R            3  2.6    54    43     361    (-,-) 
  u_fix2fp32_col2_ADD_TC_OP_g654/Y                 -       B->Y    R     NAND2x1_ASAP7_75t_SL           3  2.6    42    29     389    (-,-) 
  u_fix2fp32_col2_ADD_TC_OP_g652/Y                 -       B->Y    F     NOR2x1_ASAP7_75t_SL            3  2.6    31    21     411    (-,-) 
  u_fix2fp32_col2_ADD_TC_OP_g650/Y                 -       B->Y    R     NAND2x1_ASAP7_75t_SL           3  2.6    38    24     434    (-,-) 
  u_fix2fp32_col2_ADD_TC_OP_g648/Y                 -       B->Y    F     NOR2x1_ASAP7_75t_SL            3  2.6    30    21     455    (-,-) 
  u_fix2fp32_col2_ADD_TC_OP_g646/Y                 -       B->Y    R     NAND2x1_ASAP7_75t_SL           3  2.6    38    23     478    (-,-) 
  u_fix2fp32_col2_ADD_TC_OP_g644/Y                 -       B->Y    F     NOR2x1_ASAP7_75t_SL            3  2.6    30    21     499    (-,-) 
  u_fix2fp32_col2_ADD_TC_OP_g642/Y                 -       B->Y    R     NAND2x1_ASAP7_75t_SL           3  2.7    39    24     523    (-,-) 
  u_fix2fp32_col2_ADD_TC_OP_g640/Y                 -       B->Y    F     NOR2x1_ASAP7_75t_SL            3  2.7    31    21     544    (-,-) 
  u_fix2fp32_col2_ADD_TC_OP_g638/Y                 -       B->Y    R     NAND2x1_ASAP7_75t_SL           3  2.7    39    24     568    (-,-) 
  u_fix2fp32_col2_ADD_TC_OP_g636/Y                 -       B->Y    F     NOR2x1_ASAP7_75t_SL            3  3.2    34    23     592    (-,-) 
  u_fix2fp32_col2_ADD_TC_OP_g634/Y                 -       B->Y    R     NAND2x1p5_ASAP7_75t_SL         3  2.7    29    19     611    (-,-) 
  u_fix2fp32_col2_ADD_TC_OP_g632/Y                 -       B->Y    F     NOR2x1_ASAP7_75t_SL            3  2.7    30    20     630    (-,-) 
  u_fix2fp32_col2_ADD_TC_OP_g630/Y                 -       B->Y    R     NAND2x1_ASAP7_75t_SL           3  2.7    39    24     654    (-,-) 
  u_fix2fp32_col2_ADD_TC_OP_g628/Y                 -       B->Y    F     NOR2x1_ASAP7_75t_SL            3  2.7    31    21     676    (-,-) 
  u_fix2fp32_col2_ADD_TC_OP_g626/Y                 -       B->Y    R     NAND2x1_ASAP7_75t_SL           3  2.7    39    24     700    (-,-) 
  u_fix2fp32_col2_ADD_TC_OP_g624/Y                 -       B->Y    F     NOR2x1_ASAP7_75t_SL            3  2.7    31    21     721    (-,-) 
  u_fix2fp32_col2_ADD_TC_OP_g622/Y                 -       B->Y    R     NAND2x1_ASAP7_75t_SL           3  2.7    39    24     745    (-,-) 
  u_fix2fp32_col2_ADD_TC_OP_g620/Y                 -       B->Y    F     NOR2x1_ASAP7_75t_SL            3  3.2    34    23     768    (-,-) 
  u_fix2fp32_col2_ADD_TC_OP_g618/Y                 -       B->Y    R     NAND2x1p5_ASAP7_75t_SL         3  3.2    32    21     789    (-,-) 
  u_fix2fp32_col2_ADD_TC_OP_g616/Y                 -       B->Y    F     NOR2x1p5_ASAP7_75t_SL          3  3.2    26    16     805    (-,-) 
  u_fix2fp32_col2_ADD_TC_OP_g614/Y                 -       B->Y    R     NAND2x1p5_ASAP7_75t_SL         3  2.6    29    17     822    (-,-) 
  u_fix2fp32_col2_ADD_TC_OP_g610/Y                 -       A2->Y   F     AOI21xp33_ASAP7_75t_SL         1  0.7    25    13     836    (-,-) 
  g28279__8428/Y                                   -       B2->Y   F     AO22x1_ASAP7_75t_SL            2  1.5    21    30     866    (-,-) 
  g28183__4733/Y                                   -       A->Y    F     OR5x1_ASAP7_75t_SL             1  0.8    22    36     902    (-,-) 
  g27704__7482/Y                                   -       A->Y    R     NOR5xp2_ASAP7_75t_SL           1  0.8    69    32     934    (-,-) 
  g28182__1881/Y                                   -       B->Y    R     AND2x2_ASAP7_75t_SL            9  6.6    40    38     972    (-,-) 
  g28176__3680/Y                                   -       A1->Y   F     AOI21xp5_ASAP7_75t_SL          2  1.6    35    21     992    (-,-) 
  g28166__7410/Y                                   -       B->Y    R     NAND4xp25_ASAP7_75t_SL         1  0.8    30    19    1012    (-,-) 
  g28165__1666/Y                                   -       A->Y    R     OR2x2_ASAP7_75t_SL            26 18.1    94    60    1071    (-,-) 
  g28151__1705/Y                                   -       A1->Y   F     OAI21xp5_ASAP7_75t_SL          2  1.5    50    26    1097    (-,-) 
  g27644__7482/Y                                   -       C->Y    R     NOR4xp25_ASAP7_75t_SL          1  0.8    59    31    1128    (-,-) 
  g28129__1881/Y                                   -       B->Y    R     AND2x2_ASAP7_75t_SL            8  5.5    34    35    1163    (-,-) 
  g28109__5107/Y                                   -       A2->Y   F     AOI21xp5_ASAP7_75t_SL          2  1.6    39    17    1180    (-,-) 
  g28104__2398/Y                                   -       A->Y    R     NAND2xp5_ASAP7_75t_SL          1  0.8    28    18    1198    (-,-) 
  g27613__7410/Y                                   -       B->Y    R     OR3x2_ASAP7_75t_SL            26 18.7    97    57    1255    (-,-) 
  g27612__1666/Y                                   -       A2->Y   F     OAI21xp5_ASAP7_75t_SL          3  2.1    55    29    1284    (-,-) 
  g27599__1881/Y                                   -       A1->Y   R     OAI21xp5_ASAP7_75t_SL          3  3.2    75    39    1323    (-,-) 
  g24568/Y                                         -       A->Y    F     INVx1_ASAP7_75t_SL             2  1.9    34    18    1341    (-,-) 
  u_fix2fp32_col2_csa_tree_SUB_TC_OP_groupi_g581/Y -       A->Y    R     INVxp67_ASAP7_75t_SL           1  0.9    24    16    1357    (-,-) 
  u_fix2fp32_col2_csa_tree_SUB_TC_OP_groupi_g570/Y -       A->Y    F     MAJIxp5_ASAP7_75t_SL           2  2.0    46    22    1379    (-,-) 
  u_fix2fp32_col2_csa_tree_SUB_TC_OP_groupi_g549/Y -       A->Y    R     MAJIxp5_ASAP7_75t_SL           2  2.1    67    34    1413    (-,-) 
  u_fix2fp32_col2_csa_tree_SUB_TC_OP_groupi_g531/Y -       A->Y    F     MAJIxp5_ASAP7_75t_SL           2  2.0    48    28    1440    (-,-) 
  u_fix2fp32_col2_csa_tree_SUB_TC_OP_groupi_g526/Y -       A->Y    R     MAJIxp5_ASAP7_75t_SL           2  2.1    62    34    1475    (-,-) 
  u_fix2fp32_col2_csa_tree_SUB_TC_OP_groupi_g524/Y -       A->Y    F     MAJIxp5_ASAP7_75t_SL           2  2.0    55    27    1502    (-,-) 
  u_fix2fp32_col2_csa_tree_SUB_TC_OP_groupi_g522/Y -       A->Y    F     MAJx2_ASAP7_75t_SL             2  2.0    19    35    1537    (-,-) 
  u_fix2fp32_col2_csa_tree_SUB_TC_OP_groupi_g520/Y -       A->Y    F     MAJx2_ASAP7_75t_SL             2  2.0    19    28    1565    (-,-) 
  u_fix2fp32_col2_csa_tree_SUB_TC_OP_groupi_g518/Y -       A->Y    R     MAJIxp5_ASAP7_75t_SL           2  1.8    58    26    1591    (-,-) 
  u_fix2fp32_col2_csa_tree_SUB_TC_OP_groupi_g516/Y -       B->Y    F     NOR2xp33_ASAP7_75t_SL          1  1.3    44    30    1620    (-,-) 
  g46692/Y                                         -       B->Y    R     NOR2x1_ASAP7_75t_SL           10  6.8    76    41    1661    (-,-) 
  g46691/Y                                         -       A->Y    F     INVx1_ASAP7_75t_L              1  0.8    24    16    1677    (-,-) 
  g46690/Y                                         -       A->Y    R     NOR3xp33_ASAP7_75t_SL          2  1.9    70    34    1711    (-,-) 
  g46688/Y                                         -       A->Y    F     INVxp67_ASAP7_75t_SL           1  1.3    33    18    1729    (-,-) 
  g46680/Y                                         -       A->Y    R     NOR2x1_ASAP7_75t_SL            9  6.1    74    35    1764    (-,-) 
  g46675/Y                                         -       A->Y    F     INVx1_ASAP7_75t_SL            15  9.9    86    53    1816    (-,-) 
  g46659/Y                                         -       A1->Y   F     OA22x2_ASAP7_75t_SL            1  0.9    17    31    1848    (-,-) 
  PIPE_3_fix2float_col2_stage_reg_reg[0][6]/D      -       -       F     ASYNC_DFFHx1_ASAP7_75t_SL      1    -     -     0    1848    (-,-) 
#-------------------------------------------------------------------------------------------------------------------------------------------



Path 21: MET (36 ps) Setup Check with Pin PIPE_3_fix2float_col2_stage_reg_reg[0][4]/CLK->D
           View: PVT_0P63V_100C.setup_view
          Group: clk
     Startpoint: (R) PIPE_3_dot_col2_stage_reg_reg[0][1]/CLK
          Clock: (R) clk
       Endpoint: (F) PIPE_3_fix2float_col2_stage_reg_reg[0][4]/D
          Clock: (R) clk

                     Capture       Launch     
        Clock Edge:+    2000            0     
       Src Latency:+       0            0     
       Net Latency:+       0 (I)        0 (I) 
           Arrival:=    2000            0     
                                              
             Setup:-      16                  
       Uncertainty:-     100                  
     Required Time:=    1884                  
      Launch Clock:-       0                  
         Data Path:-    1848                  
             Slack:=      36                  

#-------------------------------------------------------------------------------------------------------------------------------------------
#                  Timing Point                    Flags    Arc    Edge           Cell             Fanout Load Trans Delay Arrival Instance 
#                                                                                                         (fF)  (ps)  (ps)   (ps)  Location 
#-------------------------------------------------------------------------------------------------------------------------------------------
  PIPE_3_dot_col2_stage_reg_reg[0][1]/CLK          -       -       R     (arrival)                   1147    -     0     0       0    (-,-) 
  PIPE_3_dot_col2_stage_reg_reg[0][1]/QN           -       CLK->QN R     ASYNC_DFFHx1_ASAP7_75t_SL      3  2.1    37    56      56    (-,-) 
  g24610/Y                                         -       A->Y    F     INVx1_ASAP7_75t_SL             2  2.1    25    16      72    (-,-) 
  u_fix2fp32_col2_ADD_TC_OP_g684/Y                 -       B->Y    R     NAND2x1_ASAP7_75t_SL           3  3.1    43    24      96    (-,-) 
  u_fix2fp32_col2_ADD_TC_OP_g682/Y                 -       B->Y    F     NOR2x1p5_ASAP7_75t_SL          3  3.1    26    18     114    (-,-) 
  u_fix2fp32_col2_ADD_TC_OP_g680/Y                 -       B->Y    R     NAND2x1p5_ASAP7_75t_SL         3  2.6    29    17     131    (-,-) 
  u_fix2fp32_col2_ADD_TC_OP_g678/Y                 -       B->Y    F     NOR2x1_ASAP7_75t_L             3  2.6    31    23     154    (-,-) 
  u_fix2fp32_col2_ADD_TC_OP_g676/Y                 -       B->Y    R     NAND2x1_ASAP7_75t_SL           3  2.6    38    24     177    (-,-) 
  u_fix2fp32_col2_ADD_TC_OP_g674/Y                 -       B->Y    F     NOR2x1_ASAP7_75t_SL            3  2.1    26    19     196    (-,-) 
  u_fix2fp32_col2_ADD_TC_OP_g672/Y                 -       B->Y    R     NAND2xp5_ASAP7_75t_SL          3  2.6    47    27     223    (-,-) 
  u_fix2fp32_col2_ADD_TC_OP_g670/Y                 -       B->Y    F     NOR2x1_ASAP7_75t_SL            3  2.1    29    20     243    (-,-) 
  u_fix2fp32_col2_ADD_TC_OP_g668/Y                 -       B->Y    R     NAND2xp5_ASAP7_75t_SL          3  2.6    47    28     271    (-,-) 
  u_fix2fp32_col2_ADD_TC_OP_g666/Y                 -       B->Y    F     NOR2x1_ASAP7_75t_SL            3  2.1    29    20     290    (-,-) 
  u_fix2fp32_col2_ADD_TC_OP_g664/Y                 -       B->Y    R     NAND2xp5_ASAP7_75t_SL          4  2.5    46    27     318    (-,-) 
  u_fix2fp32_col2_ADD_TC_OP_g656/Y                 -       B->Y    F     NOR5xp2_ASAP7_75t_R            3  2.6    54    43     361    (-,-) 
  u_fix2fp32_col2_ADD_TC_OP_g654/Y                 -       B->Y    R     NAND2x1_ASAP7_75t_SL           3  2.6    42    29     389    (-,-) 
  u_fix2fp32_col2_ADD_TC_OP_g652/Y                 -       B->Y    F     NOR2x1_ASAP7_75t_SL            3  2.6    31    21     411    (-,-) 
  u_fix2fp32_col2_ADD_TC_OP_g650/Y                 -       B->Y    R     NAND2x1_ASAP7_75t_SL           3  2.6    38    24     434    (-,-) 
  u_fix2fp32_col2_ADD_TC_OP_g648/Y                 -       B->Y    F     NOR2x1_ASAP7_75t_SL            3  2.6    30    21     455    (-,-) 
  u_fix2fp32_col2_ADD_TC_OP_g646/Y                 -       B->Y    R     NAND2x1_ASAP7_75t_SL           3  2.6    38    23     478    (-,-) 
  u_fix2fp32_col2_ADD_TC_OP_g644/Y                 -       B->Y    F     NOR2x1_ASAP7_75t_SL            3  2.6    30    21     499    (-,-) 
  u_fix2fp32_col2_ADD_TC_OP_g642/Y                 -       B->Y    R     NAND2x1_ASAP7_75t_SL           3  2.7    39    24     523    (-,-) 
  u_fix2fp32_col2_ADD_TC_OP_g640/Y                 -       B->Y    F     NOR2x1_ASAP7_75t_SL            3  2.7    31    21     544    (-,-) 
  u_fix2fp32_col2_ADD_TC_OP_g638/Y                 -       B->Y    R     NAND2x1_ASAP7_75t_SL           3  2.7    39    24     568    (-,-) 
  u_fix2fp32_col2_ADD_TC_OP_g636/Y                 -       B->Y    F     NOR2x1_ASAP7_75t_SL            3  3.2    34    23     592    (-,-) 
  u_fix2fp32_col2_ADD_TC_OP_g634/Y                 -       B->Y    R     NAND2x1p5_ASAP7_75t_SL         3  2.7    29    19     611    (-,-) 
  u_fix2fp32_col2_ADD_TC_OP_g632/Y                 -       B->Y    F     NOR2x1_ASAP7_75t_SL            3  2.7    30    20     630    (-,-) 
  u_fix2fp32_col2_ADD_TC_OP_g630/Y                 -       B->Y    R     NAND2x1_ASAP7_75t_SL           3  2.7    39    24     654    (-,-) 
  u_fix2fp32_col2_ADD_TC_OP_g628/Y                 -       B->Y    F     NOR2x1_ASAP7_75t_SL            3  2.7    31    21     676    (-,-) 
  u_fix2fp32_col2_ADD_TC_OP_g626/Y                 -       B->Y    R     NAND2x1_ASAP7_75t_SL           3  2.7    39    24     700    (-,-) 
  u_fix2fp32_col2_ADD_TC_OP_g624/Y                 -       B->Y    F     NOR2x1_ASAP7_75t_SL            3  2.7    31    21     721    (-,-) 
  u_fix2fp32_col2_ADD_TC_OP_g622/Y                 -       B->Y    R     NAND2x1_ASAP7_75t_SL           3  2.7    39    24     745    (-,-) 
  u_fix2fp32_col2_ADD_TC_OP_g620/Y                 -       B->Y    F     NOR2x1_ASAP7_75t_SL            3  3.2    34    23     768    (-,-) 
  u_fix2fp32_col2_ADD_TC_OP_g618/Y                 -       B->Y    R     NAND2x1p5_ASAP7_75t_SL         3  3.2    32    21     789    (-,-) 
  u_fix2fp32_col2_ADD_TC_OP_g616/Y                 -       B->Y    F     NOR2x1p5_ASAP7_75t_SL          3  3.2    26    16     805    (-,-) 
  u_fix2fp32_col2_ADD_TC_OP_g614/Y                 -       B->Y    R     NAND2x1p5_ASAP7_75t_SL         3  2.6    29    17     822    (-,-) 
  u_fix2fp32_col2_ADD_TC_OP_g610/Y                 -       A2->Y   F     AOI21xp33_ASAP7_75t_SL         1  0.7    25    13     836    (-,-) 
  g28279__8428/Y                                   -       B2->Y   F     AO22x1_ASAP7_75t_SL            2  1.5    21    30     866    (-,-) 
  g28183__4733/Y                                   -       A->Y    F     OR5x1_ASAP7_75t_SL             1  0.8    22    36     902    (-,-) 
  g27704__7482/Y                                   -       A->Y    R     NOR5xp2_ASAP7_75t_SL           1  0.8    69    32     934    (-,-) 
  g28182__1881/Y                                   -       B->Y    R     AND2x2_ASAP7_75t_SL            9  6.6    40    38     972    (-,-) 
  g28176__3680/Y                                   -       A1->Y   F     AOI21xp5_ASAP7_75t_SL          2  1.6    35    21     992    (-,-) 
  g28166__7410/Y                                   -       B->Y    R     NAND4xp25_ASAP7_75t_SL         1  0.8    30    19    1012    (-,-) 
  g28165__1666/Y                                   -       A->Y    R     OR2x2_ASAP7_75t_SL            26 18.1    94    60    1071    (-,-) 
  g28151__1705/Y                                   -       A1->Y   F     OAI21xp5_ASAP7_75t_SL          2  1.5    50    26    1097    (-,-) 
  g27644__7482/Y                                   -       C->Y    R     NOR4xp25_ASAP7_75t_SL          1  0.8    59    31    1128    (-,-) 
  g28129__1881/Y                                   -       B->Y    R     AND2x2_ASAP7_75t_SL            8  5.5    34    35    1163    (-,-) 
  g28109__5107/Y                                   -       A2->Y   F     AOI21xp5_ASAP7_75t_SL          2  1.6    39    17    1180    (-,-) 
  g28104__2398/Y                                   -       A->Y    R     NAND2xp5_ASAP7_75t_SL          1  0.8    28    18    1198    (-,-) 
  g27613__7410/Y                                   -       B->Y    R     OR3x2_ASAP7_75t_SL            26 18.7    97    57    1255    (-,-) 
  g27612__1666/Y                                   -       A2->Y   F     OAI21xp5_ASAP7_75t_SL          3  2.1    55    29    1284    (-,-) 
  g27599__1881/Y                                   -       A1->Y   R     OAI21xp5_ASAP7_75t_SL          3  3.2    75    39    1323    (-,-) 
  g24568/Y                                         -       A->Y    F     INVx1_ASAP7_75t_SL             2  1.9    34    18    1341    (-,-) 
  u_fix2fp32_col2_csa_tree_SUB_TC_OP_groupi_g581/Y -       A->Y    R     INVxp67_ASAP7_75t_SL           1  0.9    24    16    1357    (-,-) 
  u_fix2fp32_col2_csa_tree_SUB_TC_OP_groupi_g570/Y -       A->Y    F     MAJIxp5_ASAP7_75t_SL           2  2.0    46    22    1379    (-,-) 
  u_fix2fp32_col2_csa_tree_SUB_TC_OP_groupi_g549/Y -       A->Y    R     MAJIxp5_ASAP7_75t_SL           2  2.1    67    34    1413    (-,-) 
  u_fix2fp32_col2_csa_tree_SUB_TC_OP_groupi_g531/Y -       A->Y    F     MAJIxp5_ASAP7_75t_SL           2  2.0    48    28    1440    (-,-) 
  u_fix2fp32_col2_csa_tree_SUB_TC_OP_groupi_g526/Y -       A->Y    R     MAJIxp5_ASAP7_75t_SL           2  2.1    62    34    1475    (-,-) 
  u_fix2fp32_col2_csa_tree_SUB_TC_OP_groupi_g524/Y -       A->Y    F     MAJIxp5_ASAP7_75t_SL           2  2.0    55    27    1502    (-,-) 
  u_fix2fp32_col2_csa_tree_SUB_TC_OP_groupi_g522/Y -       A->Y    F     MAJx2_ASAP7_75t_SL             2  2.0    19    35    1537    (-,-) 
  u_fix2fp32_col2_csa_tree_SUB_TC_OP_groupi_g520/Y -       A->Y    F     MAJx2_ASAP7_75t_SL             2  2.0    19    28    1565    (-,-) 
  u_fix2fp32_col2_csa_tree_SUB_TC_OP_groupi_g518/Y -       A->Y    R     MAJIxp5_ASAP7_75t_SL           2  1.8    58    26    1591    (-,-) 
  u_fix2fp32_col2_csa_tree_SUB_TC_OP_groupi_g516/Y -       B->Y    F     NOR2xp33_ASAP7_75t_SL          1  1.3    44    30    1620    (-,-) 
  g46692/Y                                         -       B->Y    R     NOR2x1_ASAP7_75t_SL           10  6.8    76    41    1661    (-,-) 
  g46691/Y                                         -       A->Y    F     INVx1_ASAP7_75t_L              1  0.8    24    16    1677    (-,-) 
  g46690/Y                                         -       A->Y    R     NOR3xp33_ASAP7_75t_SL          2  1.9    70    34    1711    (-,-) 
  g46688/Y                                         -       A->Y    F     INVxp67_ASAP7_75t_SL           1  1.3    33    18    1729    (-,-) 
  g46680/Y                                         -       A->Y    R     NOR2x1_ASAP7_75t_SL            9  6.1    74    35    1764    (-,-) 
  g46675/Y                                         -       A->Y    F     INVx1_ASAP7_75t_SL            15  9.9    86    53    1816    (-,-) 
  g46642/Y                                         -       A1->Y   F     OA22x2_ASAP7_75t_SL            1  0.9    17    31    1848    (-,-) 
  PIPE_3_fix2float_col2_stage_reg_reg[0][4]/D      -       -       F     ASYNC_DFFHx1_ASAP7_75t_SL      1    -     -     0    1848    (-,-) 
#-------------------------------------------------------------------------------------------------------------------------------------------



Path 22: MET (36 ps) Setup Check with Pin PIPE_3_fix2float_col2_stage_reg_reg[0][2]/CLK->D
           View: PVT_0P63V_100C.setup_view
          Group: clk
     Startpoint: (R) PIPE_3_dot_col2_stage_reg_reg[0][1]/CLK
          Clock: (R) clk
       Endpoint: (F) PIPE_3_fix2float_col2_stage_reg_reg[0][2]/D
          Clock: (R) clk

                     Capture       Launch     
        Clock Edge:+    2000            0     
       Src Latency:+       0            0     
       Net Latency:+       0 (I)        0 (I) 
           Arrival:=    2000            0     
                                              
             Setup:-      16                  
       Uncertainty:-     100                  
     Required Time:=    1884                  
      Launch Clock:-       0                  
         Data Path:-    1848                  
             Slack:=      36                  

#-------------------------------------------------------------------------------------------------------------------------------------------
#                  Timing Point                    Flags    Arc    Edge           Cell             Fanout Load Trans Delay Arrival Instance 
#                                                                                                         (fF)  (ps)  (ps)   (ps)  Location 
#-------------------------------------------------------------------------------------------------------------------------------------------
  PIPE_3_dot_col2_stage_reg_reg[0][1]/CLK          -       -       R     (arrival)                   1147    -     0     0       0    (-,-) 
  PIPE_3_dot_col2_stage_reg_reg[0][1]/QN           -       CLK->QN R     ASYNC_DFFHx1_ASAP7_75t_SL      3  2.1    37    56      56    (-,-) 
  g24610/Y                                         -       A->Y    F     INVx1_ASAP7_75t_SL             2  2.1    25    16      72    (-,-) 
  u_fix2fp32_col2_ADD_TC_OP_g684/Y                 -       B->Y    R     NAND2x1_ASAP7_75t_SL           3  3.1    43    24      96    (-,-) 
  u_fix2fp32_col2_ADD_TC_OP_g682/Y                 -       B->Y    F     NOR2x1p5_ASAP7_75t_SL          3  3.1    26    18     114    (-,-) 
  u_fix2fp32_col2_ADD_TC_OP_g680/Y                 -       B->Y    R     NAND2x1p5_ASAP7_75t_SL         3  2.6    29    17     131    (-,-) 
  u_fix2fp32_col2_ADD_TC_OP_g678/Y                 -       B->Y    F     NOR2x1_ASAP7_75t_L             3  2.6    31    23     154    (-,-) 
  u_fix2fp32_col2_ADD_TC_OP_g676/Y                 -       B->Y    R     NAND2x1_ASAP7_75t_SL           3  2.6    38    24     177    (-,-) 
  u_fix2fp32_col2_ADD_TC_OP_g674/Y                 -       B->Y    F     NOR2x1_ASAP7_75t_SL            3  2.1    26    19     196    (-,-) 
  u_fix2fp32_col2_ADD_TC_OP_g672/Y                 -       B->Y    R     NAND2xp5_ASAP7_75t_SL          3  2.6    47    27     223    (-,-) 
  u_fix2fp32_col2_ADD_TC_OP_g670/Y                 -       B->Y    F     NOR2x1_ASAP7_75t_SL            3  2.1    29    20     243    (-,-) 
  u_fix2fp32_col2_ADD_TC_OP_g668/Y                 -       B->Y    R     NAND2xp5_ASAP7_75t_SL          3  2.6    47    28     271    (-,-) 
  u_fix2fp32_col2_ADD_TC_OP_g666/Y                 -       B->Y    F     NOR2x1_ASAP7_75t_SL            3  2.1    29    20     290    (-,-) 
  u_fix2fp32_col2_ADD_TC_OP_g664/Y                 -       B->Y    R     NAND2xp5_ASAP7_75t_SL          4  2.5    46    27     318    (-,-) 
  u_fix2fp32_col2_ADD_TC_OP_g656/Y                 -       B->Y    F     NOR5xp2_ASAP7_75t_R            3  2.6    54    43     361    (-,-) 
  u_fix2fp32_col2_ADD_TC_OP_g654/Y                 -       B->Y    R     NAND2x1_ASAP7_75t_SL           3  2.6    42    29     389    (-,-) 
  u_fix2fp32_col2_ADD_TC_OP_g652/Y                 -       B->Y    F     NOR2x1_ASAP7_75t_SL            3  2.6    31    21     411    (-,-) 
  u_fix2fp32_col2_ADD_TC_OP_g650/Y                 -       B->Y    R     NAND2x1_ASAP7_75t_SL           3  2.6    38    24     434    (-,-) 
  u_fix2fp32_col2_ADD_TC_OP_g648/Y                 -       B->Y    F     NOR2x1_ASAP7_75t_SL            3  2.6    30    21     455    (-,-) 
  u_fix2fp32_col2_ADD_TC_OP_g646/Y                 -       B->Y    R     NAND2x1_ASAP7_75t_SL           3  2.6    38    23     478    (-,-) 
  u_fix2fp32_col2_ADD_TC_OP_g644/Y                 -       B->Y    F     NOR2x1_ASAP7_75t_SL            3  2.6    30    21     499    (-,-) 
  u_fix2fp32_col2_ADD_TC_OP_g642/Y                 -       B->Y    R     NAND2x1_ASAP7_75t_SL           3  2.7    39    24     523    (-,-) 
  u_fix2fp32_col2_ADD_TC_OP_g640/Y                 -       B->Y    F     NOR2x1_ASAP7_75t_SL            3  2.7    31    21     544    (-,-) 
  u_fix2fp32_col2_ADD_TC_OP_g638/Y                 -       B->Y    R     NAND2x1_ASAP7_75t_SL           3  2.7    39    24     568    (-,-) 
  u_fix2fp32_col2_ADD_TC_OP_g636/Y                 -       B->Y    F     NOR2x1_ASAP7_75t_SL            3  3.2    34    23     592    (-,-) 
  u_fix2fp32_col2_ADD_TC_OP_g634/Y                 -       B->Y    R     NAND2x1p5_ASAP7_75t_SL         3  2.7    29    19     611    (-,-) 
  u_fix2fp32_col2_ADD_TC_OP_g632/Y                 -       B->Y    F     NOR2x1_ASAP7_75t_SL            3  2.7    30    20     630    (-,-) 
  u_fix2fp32_col2_ADD_TC_OP_g630/Y                 -       B->Y    R     NAND2x1_ASAP7_75t_SL           3  2.7    39    24     654    (-,-) 
  u_fix2fp32_col2_ADD_TC_OP_g628/Y                 -       B->Y    F     NOR2x1_ASAP7_75t_SL            3  2.7    31    21     676    (-,-) 
  u_fix2fp32_col2_ADD_TC_OP_g626/Y                 -       B->Y    R     NAND2x1_ASAP7_75t_SL           3  2.7    39    24     700    (-,-) 
  u_fix2fp32_col2_ADD_TC_OP_g624/Y                 -       B->Y    F     NOR2x1_ASAP7_75t_SL            3  2.7    31    21     721    (-,-) 
  u_fix2fp32_col2_ADD_TC_OP_g622/Y                 -       B->Y    R     NAND2x1_ASAP7_75t_SL           3  2.7    39    24     745    (-,-) 
  u_fix2fp32_col2_ADD_TC_OP_g620/Y                 -       B->Y    F     NOR2x1_ASAP7_75t_SL            3  3.2    34    23     768    (-,-) 
  u_fix2fp32_col2_ADD_TC_OP_g618/Y                 -       B->Y    R     NAND2x1p5_ASAP7_75t_SL         3  3.2    32    21     789    (-,-) 
  u_fix2fp32_col2_ADD_TC_OP_g616/Y                 -       B->Y    F     NOR2x1p5_ASAP7_75t_SL          3  3.2    26    16     805    (-,-) 
  u_fix2fp32_col2_ADD_TC_OP_g614/Y                 -       B->Y    R     NAND2x1p5_ASAP7_75t_SL         3  2.6    29    17     822    (-,-) 
  u_fix2fp32_col2_ADD_TC_OP_g610/Y                 -       A2->Y   F     AOI21xp33_ASAP7_75t_SL         1  0.7    25    13     836    (-,-) 
  g28279__8428/Y                                   -       B2->Y   F     AO22x1_ASAP7_75t_SL            2  1.5    21    30     866    (-,-) 
  g28183__4733/Y                                   -       A->Y    F     OR5x1_ASAP7_75t_SL             1  0.8    22    36     902    (-,-) 
  g27704__7482/Y                                   -       A->Y    R     NOR5xp2_ASAP7_75t_SL           1  0.8    69    32     934    (-,-) 
  g28182__1881/Y                                   -       B->Y    R     AND2x2_ASAP7_75t_SL            9  6.6    40    38     972    (-,-) 
  g28176__3680/Y                                   -       A1->Y   F     AOI21xp5_ASAP7_75t_SL          2  1.6    35    21     992    (-,-) 
  g28166__7410/Y                                   -       B->Y    R     NAND4xp25_ASAP7_75t_SL         1  0.8    30    19    1012    (-,-) 
  g28165__1666/Y                                   -       A->Y    R     OR2x2_ASAP7_75t_SL            26 18.1    94    60    1071    (-,-) 
  g28151__1705/Y                                   -       A1->Y   F     OAI21xp5_ASAP7_75t_SL          2  1.5    50    26    1097    (-,-) 
  g27644__7482/Y                                   -       C->Y    R     NOR4xp25_ASAP7_75t_SL          1  0.8    59    31    1128    (-,-) 
  g28129__1881/Y                                   -       B->Y    R     AND2x2_ASAP7_75t_SL            8  5.5    34    35    1163    (-,-) 
  g28109__5107/Y                                   -       A2->Y   F     AOI21xp5_ASAP7_75t_SL          2  1.6    39    17    1180    (-,-) 
  g28104__2398/Y                                   -       A->Y    R     NAND2xp5_ASAP7_75t_SL          1  0.8    28    18    1198    (-,-) 
  g27613__7410/Y                                   -       B->Y    R     OR3x2_ASAP7_75t_SL            26 18.7    97    57    1255    (-,-) 
  g27612__1666/Y                                   -       A2->Y   F     OAI21xp5_ASAP7_75t_SL          3  2.1    55    29    1284    (-,-) 
  g27599__1881/Y                                   -       A1->Y   R     OAI21xp5_ASAP7_75t_SL          3  3.2    75    39    1323    (-,-) 
  g24568/Y                                         -       A->Y    F     INVx1_ASAP7_75t_SL             2  1.9    34    18    1341    (-,-) 
  u_fix2fp32_col2_csa_tree_SUB_TC_OP_groupi_g581/Y -       A->Y    R     INVxp67_ASAP7_75t_SL           1  0.9    24    16    1357    (-,-) 
  u_fix2fp32_col2_csa_tree_SUB_TC_OP_groupi_g570/Y -       A->Y    F     MAJIxp5_ASAP7_75t_SL           2  2.0    46    22    1379    (-,-) 
  u_fix2fp32_col2_csa_tree_SUB_TC_OP_groupi_g549/Y -       A->Y    R     MAJIxp5_ASAP7_75t_SL           2  2.1    67    34    1413    (-,-) 
  u_fix2fp32_col2_csa_tree_SUB_TC_OP_groupi_g531/Y -       A->Y    F     MAJIxp5_ASAP7_75t_SL           2  2.0    48    28    1440    (-,-) 
  u_fix2fp32_col2_csa_tree_SUB_TC_OP_groupi_g526/Y -       A->Y    R     MAJIxp5_ASAP7_75t_SL           2  2.1    62    34    1475    (-,-) 
  u_fix2fp32_col2_csa_tree_SUB_TC_OP_groupi_g524/Y -       A->Y    F     MAJIxp5_ASAP7_75t_SL           2  2.0    55    27    1502    (-,-) 
  u_fix2fp32_col2_csa_tree_SUB_TC_OP_groupi_g522/Y -       A->Y    F     MAJx2_ASAP7_75t_SL             2  2.0    19    35    1537    (-,-) 
  u_fix2fp32_col2_csa_tree_SUB_TC_OP_groupi_g520/Y -       A->Y    F     MAJx2_ASAP7_75t_SL             2  2.0    19    28    1565    (-,-) 
  u_fix2fp32_col2_csa_tree_SUB_TC_OP_groupi_g518/Y -       A->Y    R     MAJIxp5_ASAP7_75t_SL           2  1.8    58    26    1591    (-,-) 
  u_fix2fp32_col2_csa_tree_SUB_TC_OP_groupi_g516/Y -       B->Y    F     NOR2xp33_ASAP7_75t_SL          1  1.3    44    30    1620    (-,-) 
  g46692/Y                                         -       B->Y    R     NOR2x1_ASAP7_75t_SL           10  6.8    76    41    1661    (-,-) 
  g46691/Y                                         -       A->Y    F     INVx1_ASAP7_75t_L              1  0.8    24    16    1677    (-,-) 
  g46690/Y                                         -       A->Y    R     NOR3xp33_ASAP7_75t_SL          2  1.9    70    34    1711    (-,-) 
  g46688/Y                                         -       A->Y    F     INVxp67_ASAP7_75t_SL           1  1.3    33    18    1729    (-,-) 
  g46680/Y                                         -       A->Y    R     NOR2x1_ASAP7_75t_SL            9  6.1    74    35    1764    (-,-) 
  g46675/Y                                         -       A->Y    F     INVx1_ASAP7_75t_SL            15  9.9    86    53    1816    (-,-) 
  g46640/Y                                         -       A1->Y   F     OA22x2_ASAP7_75t_SL            1  0.9    17    31    1848    (-,-) 
  PIPE_3_fix2float_col2_stage_reg_reg[0][2]/D      -       -       F     ASYNC_DFFHx1_ASAP7_75t_SL      1    -     -     0    1848    (-,-) 
#-------------------------------------------------------------------------------------------------------------------------------------------



Path 23: MET (36 ps) Setup Check with Pin PIPE_3_fix2float_col2_stage_reg_reg[0][16]/CLK->D
           View: PVT_0P63V_100C.setup_view
          Group: clk
     Startpoint: (R) PIPE_3_dot_col2_stage_reg_reg[0][1]/CLK
          Clock: (R) clk
       Endpoint: (F) PIPE_3_fix2float_col2_stage_reg_reg[0][16]/D
          Clock: (R) clk

                     Capture       Launch     
        Clock Edge:+    2000            0     
       Src Latency:+       0            0     
       Net Latency:+       0 (I)        0 (I) 
           Arrival:=    2000            0     
                                              
             Setup:-      16                  
       Uncertainty:-     100                  
     Required Time:=    1884                  
      Launch Clock:-       0                  
         Data Path:-    1848                  
             Slack:=      36                  

#-------------------------------------------------------------------------------------------------------------------------------------------
#                  Timing Point                    Flags    Arc    Edge           Cell             Fanout Load Trans Delay Arrival Instance 
#                                                                                                         (fF)  (ps)  (ps)   (ps)  Location 
#-------------------------------------------------------------------------------------------------------------------------------------------
  PIPE_3_dot_col2_stage_reg_reg[0][1]/CLK          -       -       R     (arrival)                   1147    -     0     0       0    (-,-) 
  PIPE_3_dot_col2_stage_reg_reg[0][1]/QN           -       CLK->QN R     ASYNC_DFFHx1_ASAP7_75t_SL      3  2.1    37    56      56    (-,-) 
  g24610/Y                                         -       A->Y    F     INVx1_ASAP7_75t_SL             2  2.1    25    16      72    (-,-) 
  u_fix2fp32_col2_ADD_TC_OP_g684/Y                 -       B->Y    R     NAND2x1_ASAP7_75t_SL           3  3.1    43    24      96    (-,-) 
  u_fix2fp32_col2_ADD_TC_OP_g682/Y                 -       B->Y    F     NOR2x1p5_ASAP7_75t_SL          3  3.1    26    18     114    (-,-) 
  u_fix2fp32_col2_ADD_TC_OP_g680/Y                 -       B->Y    R     NAND2x1p5_ASAP7_75t_SL         3  2.6    29    17     131    (-,-) 
  u_fix2fp32_col2_ADD_TC_OP_g678/Y                 -       B->Y    F     NOR2x1_ASAP7_75t_L             3  2.6    31    23     154    (-,-) 
  u_fix2fp32_col2_ADD_TC_OP_g676/Y                 -       B->Y    R     NAND2x1_ASAP7_75t_SL           3  2.6    38    24     177    (-,-) 
  u_fix2fp32_col2_ADD_TC_OP_g674/Y                 -       B->Y    F     NOR2x1_ASAP7_75t_SL            3  2.1    26    19     196    (-,-) 
  u_fix2fp32_col2_ADD_TC_OP_g672/Y                 -       B->Y    R     NAND2xp5_ASAP7_75t_SL          3  2.6    47    27     223    (-,-) 
  u_fix2fp32_col2_ADD_TC_OP_g670/Y                 -       B->Y    F     NOR2x1_ASAP7_75t_SL            3  2.1    29    20     243    (-,-) 
  u_fix2fp32_col2_ADD_TC_OP_g668/Y                 -       B->Y    R     NAND2xp5_ASAP7_75t_SL          3  2.6    47    28     271    (-,-) 
  u_fix2fp32_col2_ADD_TC_OP_g666/Y                 -       B->Y    F     NOR2x1_ASAP7_75t_SL            3  2.1    29    20     290    (-,-) 
  u_fix2fp32_col2_ADD_TC_OP_g664/Y                 -       B->Y    R     NAND2xp5_ASAP7_75t_SL          4  2.5    46    27     318    (-,-) 
  u_fix2fp32_col2_ADD_TC_OP_g656/Y                 -       B->Y    F     NOR5xp2_ASAP7_75t_R            3  2.6    54    43     361    (-,-) 
  u_fix2fp32_col2_ADD_TC_OP_g654/Y                 -       B->Y    R     NAND2x1_ASAP7_75t_SL           3  2.6    42    29     389    (-,-) 
  u_fix2fp32_col2_ADD_TC_OP_g652/Y                 -       B->Y    F     NOR2x1_ASAP7_75t_SL            3  2.6    31    21     411    (-,-) 
  u_fix2fp32_col2_ADD_TC_OP_g650/Y                 -       B->Y    R     NAND2x1_ASAP7_75t_SL           3  2.6    38    24     434    (-,-) 
  u_fix2fp32_col2_ADD_TC_OP_g648/Y                 -       B->Y    F     NOR2x1_ASAP7_75t_SL            3  2.6    30    21     455    (-,-) 
  u_fix2fp32_col2_ADD_TC_OP_g646/Y                 -       B->Y    R     NAND2x1_ASAP7_75t_SL           3  2.6    38    23     478    (-,-) 
  u_fix2fp32_col2_ADD_TC_OP_g644/Y                 -       B->Y    F     NOR2x1_ASAP7_75t_SL            3  2.6    30    21     499    (-,-) 
  u_fix2fp32_col2_ADD_TC_OP_g642/Y                 -       B->Y    R     NAND2x1_ASAP7_75t_SL           3  2.7    39    24     523    (-,-) 
  u_fix2fp32_col2_ADD_TC_OP_g640/Y                 -       B->Y    F     NOR2x1_ASAP7_75t_SL            3  2.7    31    21     544    (-,-) 
  u_fix2fp32_col2_ADD_TC_OP_g638/Y                 -       B->Y    R     NAND2x1_ASAP7_75t_SL           3  2.7    39    24     568    (-,-) 
  u_fix2fp32_col2_ADD_TC_OP_g636/Y                 -       B->Y    F     NOR2x1_ASAP7_75t_SL            3  3.2    34    23     592    (-,-) 
  u_fix2fp32_col2_ADD_TC_OP_g634/Y                 -       B->Y    R     NAND2x1p5_ASAP7_75t_SL         3  2.7    29    19     611    (-,-) 
  u_fix2fp32_col2_ADD_TC_OP_g632/Y                 -       B->Y    F     NOR2x1_ASAP7_75t_SL            3  2.7    30    20     630    (-,-) 
  u_fix2fp32_col2_ADD_TC_OP_g630/Y                 -       B->Y    R     NAND2x1_ASAP7_75t_SL           3  2.7    39    24     654    (-,-) 
  u_fix2fp32_col2_ADD_TC_OP_g628/Y                 -       B->Y    F     NOR2x1_ASAP7_75t_SL            3  2.7    31    21     676    (-,-) 
  u_fix2fp32_col2_ADD_TC_OP_g626/Y                 -       B->Y    R     NAND2x1_ASAP7_75t_SL           3  2.7    39    24     700    (-,-) 
  u_fix2fp32_col2_ADD_TC_OP_g624/Y                 -       B->Y    F     NOR2x1_ASAP7_75t_SL            3  2.7    31    21     721    (-,-) 
  u_fix2fp32_col2_ADD_TC_OP_g622/Y                 -       B->Y    R     NAND2x1_ASAP7_75t_SL           3  2.7    39    24     745    (-,-) 
  u_fix2fp32_col2_ADD_TC_OP_g620/Y                 -       B->Y    F     NOR2x1_ASAP7_75t_SL            3  3.2    34    23     768    (-,-) 
  u_fix2fp32_col2_ADD_TC_OP_g618/Y                 -       B->Y    R     NAND2x1p5_ASAP7_75t_SL         3  3.2    32    21     789    (-,-) 
  u_fix2fp32_col2_ADD_TC_OP_g616/Y                 -       B->Y    F     NOR2x1p5_ASAP7_75t_SL          3  3.2    26    16     805    (-,-) 
  u_fix2fp32_col2_ADD_TC_OP_g614/Y                 -       B->Y    R     NAND2x1p5_ASAP7_75t_SL         3  2.6    29    17     822    (-,-) 
  u_fix2fp32_col2_ADD_TC_OP_g610/Y                 -       A2->Y   F     AOI21xp33_ASAP7_75t_SL         1  0.7    25    13     836    (-,-) 
  g28279__8428/Y                                   -       B2->Y   F     AO22x1_ASAP7_75t_SL            2  1.5    21    30     866    (-,-) 
  g28183__4733/Y                                   -       A->Y    F     OR5x1_ASAP7_75t_SL             1  0.8    22    36     902    (-,-) 
  g27704__7482/Y                                   -       A->Y    R     NOR5xp2_ASAP7_75t_SL           1  0.8    69    32     934    (-,-) 
  g28182__1881/Y                                   -       B->Y    R     AND2x2_ASAP7_75t_SL            9  6.6    40    38     972    (-,-) 
  g28176__3680/Y                                   -       A1->Y   F     AOI21xp5_ASAP7_75t_SL          2  1.6    35    21     992    (-,-) 
  g28166__7410/Y                                   -       B->Y    R     NAND4xp25_ASAP7_75t_SL         1  0.8    30    19    1012    (-,-) 
  g28165__1666/Y                                   -       A->Y    R     OR2x2_ASAP7_75t_SL            26 18.1    94    60    1071    (-,-) 
  g28151__1705/Y                                   -       A1->Y   F     OAI21xp5_ASAP7_75t_SL          2  1.5    50    26    1097    (-,-) 
  g27644__7482/Y                                   -       C->Y    R     NOR4xp25_ASAP7_75t_SL          1  0.8    59    31    1128    (-,-) 
  g28129__1881/Y                                   -       B->Y    R     AND2x2_ASAP7_75t_SL            8  5.5    34    35    1163    (-,-) 
  g28109__5107/Y                                   -       A2->Y   F     AOI21xp5_ASAP7_75t_SL          2  1.6    39    17    1180    (-,-) 
  g28104__2398/Y                                   -       A->Y    R     NAND2xp5_ASAP7_75t_SL          1  0.8    28    18    1198    (-,-) 
  g27613__7410/Y                                   -       B->Y    R     OR3x2_ASAP7_75t_SL            26 18.7    97    57    1255    (-,-) 
  g27612__1666/Y                                   -       A2->Y   F     OAI21xp5_ASAP7_75t_SL          3  2.1    55    29    1284    (-,-) 
  g27599__1881/Y                                   -       A1->Y   R     OAI21xp5_ASAP7_75t_SL          3  3.2    75    39    1323    (-,-) 
  g24568/Y                                         -       A->Y    F     INVx1_ASAP7_75t_SL             2  1.9    34    18    1341    (-,-) 
  u_fix2fp32_col2_csa_tree_SUB_TC_OP_groupi_g581/Y -       A->Y    R     INVxp67_ASAP7_75t_SL           1  0.9    24    16    1357    (-,-) 
  u_fix2fp32_col2_csa_tree_SUB_TC_OP_groupi_g570/Y -       A->Y    F     MAJIxp5_ASAP7_75t_SL           2  2.0    46    22    1379    (-,-) 
  u_fix2fp32_col2_csa_tree_SUB_TC_OP_groupi_g549/Y -       A->Y    R     MAJIxp5_ASAP7_75t_SL           2  2.1    67    34    1413    (-,-) 
  u_fix2fp32_col2_csa_tree_SUB_TC_OP_groupi_g531/Y -       A->Y    F     MAJIxp5_ASAP7_75t_SL           2  2.0    48    28    1440    (-,-) 
  u_fix2fp32_col2_csa_tree_SUB_TC_OP_groupi_g526/Y -       A->Y    R     MAJIxp5_ASAP7_75t_SL           2  2.1    62    34    1475    (-,-) 
  u_fix2fp32_col2_csa_tree_SUB_TC_OP_groupi_g524/Y -       A->Y    F     MAJIxp5_ASAP7_75t_SL           2  2.0    55    27    1502    (-,-) 
  u_fix2fp32_col2_csa_tree_SUB_TC_OP_groupi_g522/Y -       A->Y    F     MAJx2_ASAP7_75t_SL             2  2.0    19    35    1537    (-,-) 
  u_fix2fp32_col2_csa_tree_SUB_TC_OP_groupi_g520/Y -       A->Y    F     MAJx2_ASAP7_75t_SL             2  2.0    19    28    1565    (-,-) 
  u_fix2fp32_col2_csa_tree_SUB_TC_OP_groupi_g518/Y -       A->Y    R     MAJIxp5_ASAP7_75t_SL           2  1.8    58    26    1591    (-,-) 
  u_fix2fp32_col2_csa_tree_SUB_TC_OP_groupi_g516/Y -       B->Y    F     NOR2xp33_ASAP7_75t_SL          1  1.3    44    30    1620    (-,-) 
  g46692/Y                                         -       B->Y    R     NOR2x1_ASAP7_75t_SL           10  6.8    76    41    1661    (-,-) 
  g46691/Y                                         -       A->Y    F     INVx1_ASAP7_75t_L              1  0.8    24    16    1677    (-,-) 
  g46690/Y                                         -       A->Y    R     NOR3xp33_ASAP7_75t_SL          2  1.9    70    34    1711    (-,-) 
  g46688/Y                                         -       A->Y    F     INVxp67_ASAP7_75t_SL           1  1.3    33    18    1729    (-,-) 
  g46680/Y                                         -       A->Y    R     NOR2x1_ASAP7_75t_SL            9  6.1    74    35    1764    (-,-) 
  g46675/Y                                         -       A->Y    F     INVx1_ASAP7_75t_SL            15  9.9    86    53    1816    (-,-) 
  g46652/Y                                         -       A1->Y   F     OA22x2_ASAP7_75t_SL            1  0.9    17    31    1848    (-,-) 
  PIPE_3_fix2float_col2_stage_reg_reg[0][16]/D     -       -       F     ASYNC_DFFHx1_ASAP7_75t_SL      1    -     -     0    1848    (-,-) 
#-------------------------------------------------------------------------------------------------------------------------------------------



Path 24: MET (36 ps) Setup Check with Pin PIPE_3_fix2float_col2_stage_reg_reg[0][14]/CLK->D
           View: PVT_0P63V_100C.setup_view
          Group: clk
     Startpoint: (R) PIPE_3_dot_col2_stage_reg_reg[0][1]/CLK
          Clock: (R) clk
       Endpoint: (F) PIPE_3_fix2float_col2_stage_reg_reg[0][14]/D
          Clock: (R) clk

                     Capture       Launch     
        Clock Edge:+    2000            0     
       Src Latency:+       0            0     
       Net Latency:+       0 (I)        0 (I) 
           Arrival:=    2000            0     
                                              
             Setup:-      16                  
       Uncertainty:-     100                  
     Required Time:=    1884                  
      Launch Clock:-       0                  
         Data Path:-    1848                  
             Slack:=      36                  

#-------------------------------------------------------------------------------------------------------------------------------------------
#                  Timing Point                    Flags    Arc    Edge           Cell             Fanout Load Trans Delay Arrival Instance 
#                                                                                                         (fF)  (ps)  (ps)   (ps)  Location 
#-------------------------------------------------------------------------------------------------------------------------------------------
  PIPE_3_dot_col2_stage_reg_reg[0][1]/CLK          -       -       R     (arrival)                   1147    -     0     0       0    (-,-) 
  PIPE_3_dot_col2_stage_reg_reg[0][1]/QN           -       CLK->QN R     ASYNC_DFFHx1_ASAP7_75t_SL      3  2.1    37    56      56    (-,-) 
  g24610/Y                                         -       A->Y    F     INVx1_ASAP7_75t_SL             2  2.1    25    16      72    (-,-) 
  u_fix2fp32_col2_ADD_TC_OP_g684/Y                 -       B->Y    R     NAND2x1_ASAP7_75t_SL           3  3.1    43    24      96    (-,-) 
  u_fix2fp32_col2_ADD_TC_OP_g682/Y                 -       B->Y    F     NOR2x1p5_ASAP7_75t_SL          3  3.1    26    18     114    (-,-) 
  u_fix2fp32_col2_ADD_TC_OP_g680/Y                 -       B->Y    R     NAND2x1p5_ASAP7_75t_SL         3  2.6    29    17     131    (-,-) 
  u_fix2fp32_col2_ADD_TC_OP_g678/Y                 -       B->Y    F     NOR2x1_ASAP7_75t_L             3  2.6    31    23     154    (-,-) 
  u_fix2fp32_col2_ADD_TC_OP_g676/Y                 -       B->Y    R     NAND2x1_ASAP7_75t_SL           3  2.6    38    24     177    (-,-) 
  u_fix2fp32_col2_ADD_TC_OP_g674/Y                 -       B->Y    F     NOR2x1_ASAP7_75t_SL            3  2.1    26    19     196    (-,-) 
  u_fix2fp32_col2_ADD_TC_OP_g672/Y                 -       B->Y    R     NAND2xp5_ASAP7_75t_SL          3  2.6    47    27     223    (-,-) 
  u_fix2fp32_col2_ADD_TC_OP_g670/Y                 -       B->Y    F     NOR2x1_ASAP7_75t_SL            3  2.1    29    20     243    (-,-) 
  u_fix2fp32_col2_ADD_TC_OP_g668/Y                 -       B->Y    R     NAND2xp5_ASAP7_75t_SL          3  2.6    47    28     271    (-,-) 
  u_fix2fp32_col2_ADD_TC_OP_g666/Y                 -       B->Y    F     NOR2x1_ASAP7_75t_SL            3  2.1    29    20     290    (-,-) 
  u_fix2fp32_col2_ADD_TC_OP_g664/Y                 -       B->Y    R     NAND2xp5_ASAP7_75t_SL          4  2.5    46    27     318    (-,-) 
  u_fix2fp32_col2_ADD_TC_OP_g656/Y                 -       B->Y    F     NOR5xp2_ASAP7_75t_R            3  2.6    54    43     361    (-,-) 
  u_fix2fp32_col2_ADD_TC_OP_g654/Y                 -       B->Y    R     NAND2x1_ASAP7_75t_SL           3  2.6    42    29     389    (-,-) 
  u_fix2fp32_col2_ADD_TC_OP_g652/Y                 -       B->Y    F     NOR2x1_ASAP7_75t_SL            3  2.6    31    21     411    (-,-) 
  u_fix2fp32_col2_ADD_TC_OP_g650/Y                 -       B->Y    R     NAND2x1_ASAP7_75t_SL           3  2.6    38    24     434    (-,-) 
  u_fix2fp32_col2_ADD_TC_OP_g648/Y                 -       B->Y    F     NOR2x1_ASAP7_75t_SL            3  2.6    30    21     455    (-,-) 
  u_fix2fp32_col2_ADD_TC_OP_g646/Y                 -       B->Y    R     NAND2x1_ASAP7_75t_SL           3  2.6    38    23     478    (-,-) 
  u_fix2fp32_col2_ADD_TC_OP_g644/Y                 -       B->Y    F     NOR2x1_ASAP7_75t_SL            3  2.6    30    21     499    (-,-) 
  u_fix2fp32_col2_ADD_TC_OP_g642/Y                 -       B->Y    R     NAND2x1_ASAP7_75t_SL           3  2.7    39    24     523    (-,-) 
  u_fix2fp32_col2_ADD_TC_OP_g640/Y                 -       B->Y    F     NOR2x1_ASAP7_75t_SL            3  2.7    31    21     544    (-,-) 
  u_fix2fp32_col2_ADD_TC_OP_g638/Y                 -       B->Y    R     NAND2x1_ASAP7_75t_SL           3  2.7    39    24     568    (-,-) 
  u_fix2fp32_col2_ADD_TC_OP_g636/Y                 -       B->Y    F     NOR2x1_ASAP7_75t_SL            3  3.2    34    23     592    (-,-) 
  u_fix2fp32_col2_ADD_TC_OP_g634/Y                 -       B->Y    R     NAND2x1p5_ASAP7_75t_SL         3  2.7    29    19     611    (-,-) 
  u_fix2fp32_col2_ADD_TC_OP_g632/Y                 -       B->Y    F     NOR2x1_ASAP7_75t_SL            3  2.7    30    20     630    (-,-) 
  u_fix2fp32_col2_ADD_TC_OP_g630/Y                 -       B->Y    R     NAND2x1_ASAP7_75t_SL           3  2.7    39    24     654    (-,-) 
  u_fix2fp32_col2_ADD_TC_OP_g628/Y                 -       B->Y    F     NOR2x1_ASAP7_75t_SL            3  2.7    31    21     676    (-,-) 
  u_fix2fp32_col2_ADD_TC_OP_g626/Y                 -       B->Y    R     NAND2x1_ASAP7_75t_SL           3  2.7    39    24     700    (-,-) 
  u_fix2fp32_col2_ADD_TC_OP_g624/Y                 -       B->Y    F     NOR2x1_ASAP7_75t_SL            3  2.7    31    21     721    (-,-) 
  u_fix2fp32_col2_ADD_TC_OP_g622/Y                 -       B->Y    R     NAND2x1_ASAP7_75t_SL           3  2.7    39    24     745    (-,-) 
  u_fix2fp32_col2_ADD_TC_OP_g620/Y                 -       B->Y    F     NOR2x1_ASAP7_75t_SL            3  3.2    34    23     768    (-,-) 
  u_fix2fp32_col2_ADD_TC_OP_g618/Y                 -       B->Y    R     NAND2x1p5_ASAP7_75t_SL         3  3.2    32    21     789    (-,-) 
  u_fix2fp32_col2_ADD_TC_OP_g616/Y                 -       B->Y    F     NOR2x1p5_ASAP7_75t_SL          3  3.2    26    16     805    (-,-) 
  u_fix2fp32_col2_ADD_TC_OP_g614/Y                 -       B->Y    R     NAND2x1p5_ASAP7_75t_SL         3  2.6    29    17     822    (-,-) 
  u_fix2fp32_col2_ADD_TC_OP_g610/Y                 -       A2->Y   F     AOI21xp33_ASAP7_75t_SL         1  0.7    25    13     836    (-,-) 
  g28279__8428/Y                                   -       B2->Y   F     AO22x1_ASAP7_75t_SL            2  1.5    21    30     866    (-,-) 
  g28183__4733/Y                                   -       A->Y    F     OR5x1_ASAP7_75t_SL             1  0.8    22    36     902    (-,-) 
  g27704__7482/Y                                   -       A->Y    R     NOR5xp2_ASAP7_75t_SL           1  0.8    69    32     934    (-,-) 
  g28182__1881/Y                                   -       B->Y    R     AND2x2_ASAP7_75t_SL            9  6.6    40    38     972    (-,-) 
  g28176__3680/Y                                   -       A1->Y   F     AOI21xp5_ASAP7_75t_SL          2  1.6    35    21     992    (-,-) 
  g28166__7410/Y                                   -       B->Y    R     NAND4xp25_ASAP7_75t_SL         1  0.8    30    19    1012    (-,-) 
  g28165__1666/Y                                   -       A->Y    R     OR2x2_ASAP7_75t_SL            26 18.1    94    60    1071    (-,-) 
  g28151__1705/Y                                   -       A1->Y   F     OAI21xp5_ASAP7_75t_SL          2  1.5    50    26    1097    (-,-) 
  g27644__7482/Y                                   -       C->Y    R     NOR4xp25_ASAP7_75t_SL          1  0.8    59    31    1128    (-,-) 
  g28129__1881/Y                                   -       B->Y    R     AND2x2_ASAP7_75t_SL            8  5.5    34    35    1163    (-,-) 
  g28109__5107/Y                                   -       A2->Y   F     AOI21xp5_ASAP7_75t_SL          2  1.6    39    17    1180    (-,-) 
  g28104__2398/Y                                   -       A->Y    R     NAND2xp5_ASAP7_75t_SL          1  0.8    28    18    1198    (-,-) 
  g27613__7410/Y                                   -       B->Y    R     OR3x2_ASAP7_75t_SL            26 18.7    97    57    1255    (-,-) 
  g27612__1666/Y                                   -       A2->Y   F     OAI21xp5_ASAP7_75t_SL          3  2.1    55    29    1284    (-,-) 
  g27599__1881/Y                                   -       A1->Y   R     OAI21xp5_ASAP7_75t_SL          3  3.2    75    39    1323    (-,-) 
  g24568/Y                                         -       A->Y    F     INVx1_ASAP7_75t_SL             2  1.9    34    18    1341    (-,-) 
  u_fix2fp32_col2_csa_tree_SUB_TC_OP_groupi_g581/Y -       A->Y    R     INVxp67_ASAP7_75t_SL           1  0.9    24    16    1357    (-,-) 
  u_fix2fp32_col2_csa_tree_SUB_TC_OP_groupi_g570/Y -       A->Y    F     MAJIxp5_ASAP7_75t_SL           2  2.0    46    22    1379    (-,-) 
  u_fix2fp32_col2_csa_tree_SUB_TC_OP_groupi_g549/Y -       A->Y    R     MAJIxp5_ASAP7_75t_SL           2  2.1    67    34    1413    (-,-) 
  u_fix2fp32_col2_csa_tree_SUB_TC_OP_groupi_g531/Y -       A->Y    F     MAJIxp5_ASAP7_75t_SL           2  2.0    48    28    1440    (-,-) 
  u_fix2fp32_col2_csa_tree_SUB_TC_OP_groupi_g526/Y -       A->Y    R     MAJIxp5_ASAP7_75t_SL           2  2.1    62    34    1475    (-,-) 
  u_fix2fp32_col2_csa_tree_SUB_TC_OP_groupi_g524/Y -       A->Y    F     MAJIxp5_ASAP7_75t_SL           2  2.0    55    27    1502    (-,-) 
  u_fix2fp32_col2_csa_tree_SUB_TC_OP_groupi_g522/Y -       A->Y    F     MAJx2_ASAP7_75t_SL             2  2.0    19    35    1537    (-,-) 
  u_fix2fp32_col2_csa_tree_SUB_TC_OP_groupi_g520/Y -       A->Y    F     MAJx2_ASAP7_75t_SL             2  2.0    19    28    1565    (-,-) 
  u_fix2fp32_col2_csa_tree_SUB_TC_OP_groupi_g518/Y -       A->Y    R     MAJIxp5_ASAP7_75t_SL           2  1.8    58    26    1591    (-,-) 
  u_fix2fp32_col2_csa_tree_SUB_TC_OP_groupi_g516/Y -       B->Y    F     NOR2xp33_ASAP7_75t_SL          1  1.3    44    30    1620    (-,-) 
  g46692/Y                                         -       B->Y    R     NOR2x1_ASAP7_75t_SL           10  6.8    76    41    1661    (-,-) 
  g46691/Y                                         -       A->Y    F     INVx1_ASAP7_75t_L              1  0.8    24    16    1677    (-,-) 
  g46690/Y                                         -       A->Y    R     NOR3xp33_ASAP7_75t_SL          2  1.9    70    34    1711    (-,-) 
  g46688/Y                                         -       A->Y    F     INVxp67_ASAP7_75t_SL           1  1.3    33    18    1729    (-,-) 
  g46680/Y                                         -       A->Y    R     NOR2x1_ASAP7_75t_SL            9  6.1    74    35    1764    (-,-) 
  g46675/Y                                         -       A->Y    F     INVx1_ASAP7_75t_SL            15  9.9    86    53    1816    (-,-) 
  g46645/Y                                         -       A1->Y   F     OA22x2_ASAP7_75t_SL            1  0.9    17    31    1848    (-,-) 
  PIPE_3_fix2float_col2_stage_reg_reg[0][14]/D     -       -       F     ASYNC_DFFHx1_ASAP7_75t_SL      1    -     -     0    1848    (-,-) 
#-------------------------------------------------------------------------------------------------------------------------------------------



Path 25: MET (36 ps) Setup Check with Pin PIPE_3_fix2float_col2_stage_reg_reg[0][13]/CLK->D
           View: PVT_0P63V_100C.setup_view
          Group: clk
     Startpoint: (R) PIPE_3_dot_col2_stage_reg_reg[0][1]/CLK
          Clock: (R) clk
       Endpoint: (F) PIPE_3_fix2float_col2_stage_reg_reg[0][13]/D
          Clock: (R) clk

                     Capture       Launch     
        Clock Edge:+    2000            0     
       Src Latency:+       0            0     
       Net Latency:+       0 (I)        0 (I) 
           Arrival:=    2000            0     
                                              
             Setup:-      16                  
       Uncertainty:-     100                  
     Required Time:=    1884                  
      Launch Clock:-       0                  
         Data Path:-    1848                  
             Slack:=      36                  

#-------------------------------------------------------------------------------------------------------------------------------------------
#                  Timing Point                    Flags    Arc    Edge           Cell             Fanout Load Trans Delay Arrival Instance 
#                                                                                                         (fF)  (ps)  (ps)   (ps)  Location 
#-------------------------------------------------------------------------------------------------------------------------------------------
  PIPE_3_dot_col2_stage_reg_reg[0][1]/CLK          -       -       R     (arrival)                   1147    -     0     0       0    (-,-) 
  PIPE_3_dot_col2_stage_reg_reg[0][1]/QN           -       CLK->QN R     ASYNC_DFFHx1_ASAP7_75t_SL      3  2.1    37    56      56    (-,-) 
  g24610/Y                                         -       A->Y    F     INVx1_ASAP7_75t_SL             2  2.1    25    16      72    (-,-) 
  u_fix2fp32_col2_ADD_TC_OP_g684/Y                 -       B->Y    R     NAND2x1_ASAP7_75t_SL           3  3.1    43    24      96    (-,-) 
  u_fix2fp32_col2_ADD_TC_OP_g682/Y                 -       B->Y    F     NOR2x1p5_ASAP7_75t_SL          3  3.1    26    18     114    (-,-) 
  u_fix2fp32_col2_ADD_TC_OP_g680/Y                 -       B->Y    R     NAND2x1p5_ASAP7_75t_SL         3  2.6    29    17     131    (-,-) 
  u_fix2fp32_col2_ADD_TC_OP_g678/Y                 -       B->Y    F     NOR2x1_ASAP7_75t_L             3  2.6    31    23     154    (-,-) 
  u_fix2fp32_col2_ADD_TC_OP_g676/Y                 -       B->Y    R     NAND2x1_ASAP7_75t_SL           3  2.6    38    24     177    (-,-) 
  u_fix2fp32_col2_ADD_TC_OP_g674/Y                 -       B->Y    F     NOR2x1_ASAP7_75t_SL            3  2.1    26    19     196    (-,-) 
  u_fix2fp32_col2_ADD_TC_OP_g672/Y                 -       B->Y    R     NAND2xp5_ASAP7_75t_SL          3  2.6    47    27     223    (-,-) 
  u_fix2fp32_col2_ADD_TC_OP_g670/Y                 -       B->Y    F     NOR2x1_ASAP7_75t_SL            3  2.1    29    20     243    (-,-) 
  u_fix2fp32_col2_ADD_TC_OP_g668/Y                 -       B->Y    R     NAND2xp5_ASAP7_75t_SL          3  2.6    47    28     271    (-,-) 
  u_fix2fp32_col2_ADD_TC_OP_g666/Y                 -       B->Y    F     NOR2x1_ASAP7_75t_SL            3  2.1    29    20     290    (-,-) 
  u_fix2fp32_col2_ADD_TC_OP_g664/Y                 -       B->Y    R     NAND2xp5_ASAP7_75t_SL          4  2.5    46    27     318    (-,-) 
  u_fix2fp32_col2_ADD_TC_OP_g656/Y                 -       B->Y    F     NOR5xp2_ASAP7_75t_R            3  2.6    54    43     361    (-,-) 
  u_fix2fp32_col2_ADD_TC_OP_g654/Y                 -       B->Y    R     NAND2x1_ASAP7_75t_SL           3  2.6    42    29     389    (-,-) 
  u_fix2fp32_col2_ADD_TC_OP_g652/Y                 -       B->Y    F     NOR2x1_ASAP7_75t_SL            3  2.6    31    21     411    (-,-) 
  u_fix2fp32_col2_ADD_TC_OP_g650/Y                 -       B->Y    R     NAND2x1_ASAP7_75t_SL           3  2.6    38    24     434    (-,-) 
  u_fix2fp32_col2_ADD_TC_OP_g648/Y                 -       B->Y    F     NOR2x1_ASAP7_75t_SL            3  2.6    30    21     455    (-,-) 
  u_fix2fp32_col2_ADD_TC_OP_g646/Y                 -       B->Y    R     NAND2x1_ASAP7_75t_SL           3  2.6    38    23     478    (-,-) 
  u_fix2fp32_col2_ADD_TC_OP_g644/Y                 -       B->Y    F     NOR2x1_ASAP7_75t_SL            3  2.6    30    21     499    (-,-) 
  u_fix2fp32_col2_ADD_TC_OP_g642/Y                 -       B->Y    R     NAND2x1_ASAP7_75t_SL           3  2.7    39    24     523    (-,-) 
  u_fix2fp32_col2_ADD_TC_OP_g640/Y                 -       B->Y    F     NOR2x1_ASAP7_75t_SL            3  2.7    31    21     544    (-,-) 
  u_fix2fp32_col2_ADD_TC_OP_g638/Y                 -       B->Y    R     NAND2x1_ASAP7_75t_SL           3  2.7    39    24     568    (-,-) 
  u_fix2fp32_col2_ADD_TC_OP_g636/Y                 -       B->Y    F     NOR2x1_ASAP7_75t_SL            3  3.2    34    23     592    (-,-) 
  u_fix2fp32_col2_ADD_TC_OP_g634/Y                 -       B->Y    R     NAND2x1p5_ASAP7_75t_SL         3  2.7    29    19     611    (-,-) 
  u_fix2fp32_col2_ADD_TC_OP_g632/Y                 -       B->Y    F     NOR2x1_ASAP7_75t_SL            3  2.7    30    20     630    (-,-) 
  u_fix2fp32_col2_ADD_TC_OP_g630/Y                 -       B->Y    R     NAND2x1_ASAP7_75t_SL           3  2.7    39    24     654    (-,-) 
  u_fix2fp32_col2_ADD_TC_OP_g628/Y                 -       B->Y    F     NOR2x1_ASAP7_75t_SL            3  2.7    31    21     676    (-,-) 
  u_fix2fp32_col2_ADD_TC_OP_g626/Y                 -       B->Y    R     NAND2x1_ASAP7_75t_SL           3  2.7    39    24     700    (-,-) 
  u_fix2fp32_col2_ADD_TC_OP_g624/Y                 -       B->Y    F     NOR2x1_ASAP7_75t_SL            3  2.7    31    21     721    (-,-) 
  u_fix2fp32_col2_ADD_TC_OP_g622/Y                 -       B->Y    R     NAND2x1_ASAP7_75t_SL           3  2.7    39    24     745    (-,-) 
  u_fix2fp32_col2_ADD_TC_OP_g620/Y                 -       B->Y    F     NOR2x1_ASAP7_75t_SL            3  3.2    34    23     768    (-,-) 
  u_fix2fp32_col2_ADD_TC_OP_g618/Y                 -       B->Y    R     NAND2x1p5_ASAP7_75t_SL         3  3.2    32    21     789    (-,-) 
  u_fix2fp32_col2_ADD_TC_OP_g616/Y                 -       B->Y    F     NOR2x1p5_ASAP7_75t_SL          3  3.2    26    16     805    (-,-) 
  u_fix2fp32_col2_ADD_TC_OP_g614/Y                 -       B->Y    R     NAND2x1p5_ASAP7_75t_SL         3  2.6    29    17     822    (-,-) 
  u_fix2fp32_col2_ADD_TC_OP_g610/Y                 -       A2->Y   F     AOI21xp33_ASAP7_75t_SL         1  0.7    25    13     836    (-,-) 
  g28279__8428/Y                                   -       B2->Y   F     AO22x1_ASAP7_75t_SL            2  1.5    21    30     866    (-,-) 
  g28183__4733/Y                                   -       A->Y    F     OR5x1_ASAP7_75t_SL             1  0.8    22    36     902    (-,-) 
  g27704__7482/Y                                   -       A->Y    R     NOR5xp2_ASAP7_75t_SL           1  0.8    69    32     934    (-,-) 
  g28182__1881/Y                                   -       B->Y    R     AND2x2_ASAP7_75t_SL            9  6.6    40    38     972    (-,-) 
  g28176__3680/Y                                   -       A1->Y   F     AOI21xp5_ASAP7_75t_SL          2  1.6    35    21     992    (-,-) 
  g28166__7410/Y                                   -       B->Y    R     NAND4xp25_ASAP7_75t_SL         1  0.8    30    19    1012    (-,-) 
  g28165__1666/Y                                   -       A->Y    R     OR2x2_ASAP7_75t_SL            26 18.1    94    60    1071    (-,-) 
  g28151__1705/Y                                   -       A1->Y   F     OAI21xp5_ASAP7_75t_SL          2  1.5    50    26    1097    (-,-) 
  g27644__7482/Y                                   -       C->Y    R     NOR4xp25_ASAP7_75t_SL          1  0.8    59    31    1128    (-,-) 
  g28129__1881/Y                                   -       B->Y    R     AND2x2_ASAP7_75t_SL            8  5.5    34    35    1163    (-,-) 
  g28109__5107/Y                                   -       A2->Y   F     AOI21xp5_ASAP7_75t_SL          2  1.6    39    17    1180    (-,-) 
  g28104__2398/Y                                   -       A->Y    R     NAND2xp5_ASAP7_75t_SL          1  0.8    28    18    1198    (-,-) 
  g27613__7410/Y                                   -       B->Y    R     OR3x2_ASAP7_75t_SL            26 18.7    97    57    1255    (-,-) 
  g27612__1666/Y                                   -       A2->Y   F     OAI21xp5_ASAP7_75t_SL          3  2.1    55    29    1284    (-,-) 
  g27599__1881/Y                                   -       A1->Y   R     OAI21xp5_ASAP7_75t_SL          3  3.2    75    39    1323    (-,-) 
  g24568/Y                                         -       A->Y    F     INVx1_ASAP7_75t_SL             2  1.9    34    18    1341    (-,-) 
  u_fix2fp32_col2_csa_tree_SUB_TC_OP_groupi_g581/Y -       A->Y    R     INVxp67_ASAP7_75t_SL           1  0.9    24    16    1357    (-,-) 
  u_fix2fp32_col2_csa_tree_SUB_TC_OP_groupi_g570/Y -       A->Y    F     MAJIxp5_ASAP7_75t_SL           2  2.0    46    22    1379    (-,-) 
  u_fix2fp32_col2_csa_tree_SUB_TC_OP_groupi_g549/Y -       A->Y    R     MAJIxp5_ASAP7_75t_SL           2  2.1    67    34    1413    (-,-) 
  u_fix2fp32_col2_csa_tree_SUB_TC_OP_groupi_g531/Y -       A->Y    F     MAJIxp5_ASAP7_75t_SL           2  2.0    48    28    1440    (-,-) 
  u_fix2fp32_col2_csa_tree_SUB_TC_OP_groupi_g526/Y -       A->Y    R     MAJIxp5_ASAP7_75t_SL           2  2.1    62    34    1475    (-,-) 
  u_fix2fp32_col2_csa_tree_SUB_TC_OP_groupi_g524/Y -       A->Y    F     MAJIxp5_ASAP7_75t_SL           2  2.0    55    27    1502    (-,-) 
  u_fix2fp32_col2_csa_tree_SUB_TC_OP_groupi_g522/Y -       A->Y    F     MAJx2_ASAP7_75t_SL             2  2.0    19    35    1537    (-,-) 
  u_fix2fp32_col2_csa_tree_SUB_TC_OP_groupi_g520/Y -       A->Y    F     MAJx2_ASAP7_75t_SL             2  2.0    19    28    1565    (-,-) 
  u_fix2fp32_col2_csa_tree_SUB_TC_OP_groupi_g518/Y -       A->Y    R     MAJIxp5_ASAP7_75t_SL           2  1.8    58    26    1591    (-,-) 
  u_fix2fp32_col2_csa_tree_SUB_TC_OP_groupi_g516/Y -       B->Y    F     NOR2xp33_ASAP7_75t_SL          1  1.3    44    30    1620    (-,-) 
  g46692/Y                                         -       B->Y    R     NOR2x1_ASAP7_75t_SL           10  6.8    76    41    1661    (-,-) 
  g46691/Y                                         -       A->Y    F     INVx1_ASAP7_75t_L              1  0.8    24    16    1677    (-,-) 
  g46690/Y                                         -       A->Y    R     NOR3xp33_ASAP7_75t_SL          2  1.9    70    34    1711    (-,-) 
  g46688/Y                                         -       A->Y    F     INVxp67_ASAP7_75t_SL           1  1.3    33    18    1729    (-,-) 
  g46680/Y                                         -       A->Y    R     NOR2x1_ASAP7_75t_SL            9  6.1    74    35    1764    (-,-) 
  g46675/Y                                         -       A->Y    F     INVx1_ASAP7_75t_SL            15  9.9    86    53    1816    (-,-) 
  g46648/Y                                         -       A1->Y   F     OA22x2_ASAP7_75t_SL            1  0.9    17    31    1848    (-,-) 
  PIPE_3_fix2float_col2_stage_reg_reg[0][13]/D     -       -       F     ASYNC_DFFHx1_ASAP7_75t_SL      1    -     -     0    1848    (-,-) 
#-------------------------------------------------------------------------------------------------------------------------------------------



Path 26: MET (36 ps) Setup Check with Pin PIPE_3_fix2float_col2_stage_reg_reg[0][12]/CLK->D
           View: PVT_0P63V_100C.setup_view
          Group: clk
     Startpoint: (R) PIPE_3_dot_col2_stage_reg_reg[0][1]/CLK
          Clock: (R) clk
       Endpoint: (F) PIPE_3_fix2float_col2_stage_reg_reg[0][12]/D
          Clock: (R) clk

                     Capture       Launch     
        Clock Edge:+    2000            0     
       Src Latency:+       0            0     
       Net Latency:+       0 (I)        0 (I) 
           Arrival:=    2000            0     
                                              
             Setup:-      16                  
       Uncertainty:-     100                  
     Required Time:=    1884                  
      Launch Clock:-       0                  
         Data Path:-    1848                  
             Slack:=      36                  

#-------------------------------------------------------------------------------------------------------------------------------------------
#                  Timing Point                    Flags    Arc    Edge           Cell             Fanout Load Trans Delay Arrival Instance 
#                                                                                                         (fF)  (ps)  (ps)   (ps)  Location 
#-------------------------------------------------------------------------------------------------------------------------------------------
  PIPE_3_dot_col2_stage_reg_reg[0][1]/CLK          -       -       R     (arrival)                   1147    -     0     0       0    (-,-) 
  PIPE_3_dot_col2_stage_reg_reg[0][1]/QN           -       CLK->QN R     ASYNC_DFFHx1_ASAP7_75t_SL      3  2.1    37    56      56    (-,-) 
  g24610/Y                                         -       A->Y    F     INVx1_ASAP7_75t_SL             2  2.1    25    16      72    (-,-) 
  u_fix2fp32_col2_ADD_TC_OP_g684/Y                 -       B->Y    R     NAND2x1_ASAP7_75t_SL           3  3.1    43    24      96    (-,-) 
  u_fix2fp32_col2_ADD_TC_OP_g682/Y                 -       B->Y    F     NOR2x1p5_ASAP7_75t_SL          3  3.1    26    18     114    (-,-) 
  u_fix2fp32_col2_ADD_TC_OP_g680/Y                 -       B->Y    R     NAND2x1p5_ASAP7_75t_SL         3  2.6    29    17     131    (-,-) 
  u_fix2fp32_col2_ADD_TC_OP_g678/Y                 -       B->Y    F     NOR2x1_ASAP7_75t_L             3  2.6    31    23     154    (-,-) 
  u_fix2fp32_col2_ADD_TC_OP_g676/Y                 -       B->Y    R     NAND2x1_ASAP7_75t_SL           3  2.6    38    24     177    (-,-) 
  u_fix2fp32_col2_ADD_TC_OP_g674/Y                 -       B->Y    F     NOR2x1_ASAP7_75t_SL            3  2.1    26    19     196    (-,-) 
  u_fix2fp32_col2_ADD_TC_OP_g672/Y                 -       B->Y    R     NAND2xp5_ASAP7_75t_SL          3  2.6    47    27     223    (-,-) 
  u_fix2fp32_col2_ADD_TC_OP_g670/Y                 -       B->Y    F     NOR2x1_ASAP7_75t_SL            3  2.1    29    20     243    (-,-) 
  u_fix2fp32_col2_ADD_TC_OP_g668/Y                 -       B->Y    R     NAND2xp5_ASAP7_75t_SL          3  2.6    47    28     271    (-,-) 
  u_fix2fp32_col2_ADD_TC_OP_g666/Y                 -       B->Y    F     NOR2x1_ASAP7_75t_SL            3  2.1    29    20     290    (-,-) 
  u_fix2fp32_col2_ADD_TC_OP_g664/Y                 -       B->Y    R     NAND2xp5_ASAP7_75t_SL          4  2.5    46    27     318    (-,-) 
  u_fix2fp32_col2_ADD_TC_OP_g656/Y                 -       B->Y    F     NOR5xp2_ASAP7_75t_R            3  2.6    54    43     361    (-,-) 
  u_fix2fp32_col2_ADD_TC_OP_g654/Y                 -       B->Y    R     NAND2x1_ASAP7_75t_SL           3  2.6    42    29     389    (-,-) 
  u_fix2fp32_col2_ADD_TC_OP_g652/Y                 -       B->Y    F     NOR2x1_ASAP7_75t_SL            3  2.6    31    21     411    (-,-) 
  u_fix2fp32_col2_ADD_TC_OP_g650/Y                 -       B->Y    R     NAND2x1_ASAP7_75t_SL           3  2.6    38    24     434    (-,-) 
  u_fix2fp32_col2_ADD_TC_OP_g648/Y                 -       B->Y    F     NOR2x1_ASAP7_75t_SL            3  2.6    30    21     455    (-,-) 
  u_fix2fp32_col2_ADD_TC_OP_g646/Y                 -       B->Y    R     NAND2x1_ASAP7_75t_SL           3  2.6    38    23     478    (-,-) 
  u_fix2fp32_col2_ADD_TC_OP_g644/Y                 -       B->Y    F     NOR2x1_ASAP7_75t_SL            3  2.6    30    21     499    (-,-) 
  u_fix2fp32_col2_ADD_TC_OP_g642/Y                 -       B->Y    R     NAND2x1_ASAP7_75t_SL           3  2.7    39    24     523    (-,-) 
  u_fix2fp32_col2_ADD_TC_OP_g640/Y                 -       B->Y    F     NOR2x1_ASAP7_75t_SL            3  2.7    31    21     544    (-,-) 
  u_fix2fp32_col2_ADD_TC_OP_g638/Y                 -       B->Y    R     NAND2x1_ASAP7_75t_SL           3  2.7    39    24     568    (-,-) 
  u_fix2fp32_col2_ADD_TC_OP_g636/Y                 -       B->Y    F     NOR2x1_ASAP7_75t_SL            3  3.2    34    23     592    (-,-) 
  u_fix2fp32_col2_ADD_TC_OP_g634/Y                 -       B->Y    R     NAND2x1p5_ASAP7_75t_SL         3  2.7    29    19     611    (-,-) 
  u_fix2fp32_col2_ADD_TC_OP_g632/Y                 -       B->Y    F     NOR2x1_ASAP7_75t_SL            3  2.7    30    20     630    (-,-) 
  u_fix2fp32_col2_ADD_TC_OP_g630/Y                 -       B->Y    R     NAND2x1_ASAP7_75t_SL           3  2.7    39    24     654    (-,-) 
  u_fix2fp32_col2_ADD_TC_OP_g628/Y                 -       B->Y    F     NOR2x1_ASAP7_75t_SL            3  2.7    31    21     676    (-,-) 
  u_fix2fp32_col2_ADD_TC_OP_g626/Y                 -       B->Y    R     NAND2x1_ASAP7_75t_SL           3  2.7    39    24     700    (-,-) 
  u_fix2fp32_col2_ADD_TC_OP_g624/Y                 -       B->Y    F     NOR2x1_ASAP7_75t_SL            3  2.7    31    21     721    (-,-) 
  u_fix2fp32_col2_ADD_TC_OP_g622/Y                 -       B->Y    R     NAND2x1_ASAP7_75t_SL           3  2.7    39    24     745    (-,-) 
  u_fix2fp32_col2_ADD_TC_OP_g620/Y                 -       B->Y    F     NOR2x1_ASAP7_75t_SL            3  3.2    34    23     768    (-,-) 
  u_fix2fp32_col2_ADD_TC_OP_g618/Y                 -       B->Y    R     NAND2x1p5_ASAP7_75t_SL         3  3.2    32    21     789    (-,-) 
  u_fix2fp32_col2_ADD_TC_OP_g616/Y                 -       B->Y    F     NOR2x1p5_ASAP7_75t_SL          3  3.2    26    16     805    (-,-) 
  u_fix2fp32_col2_ADD_TC_OP_g614/Y                 -       B->Y    R     NAND2x1p5_ASAP7_75t_SL         3  2.6    29    17     822    (-,-) 
  u_fix2fp32_col2_ADD_TC_OP_g610/Y                 -       A2->Y   F     AOI21xp33_ASAP7_75t_SL         1  0.7    25    13     836    (-,-) 
  g28279__8428/Y                                   -       B2->Y   F     AO22x1_ASAP7_75t_SL            2  1.5    21    30     866    (-,-) 
  g28183__4733/Y                                   -       A->Y    F     OR5x1_ASAP7_75t_SL             1  0.8    22    36     902    (-,-) 
  g27704__7482/Y                                   -       A->Y    R     NOR5xp2_ASAP7_75t_SL           1  0.8    69    32     934    (-,-) 
  g28182__1881/Y                                   -       B->Y    R     AND2x2_ASAP7_75t_SL            9  6.6    40    38     972    (-,-) 
  g28176__3680/Y                                   -       A1->Y   F     AOI21xp5_ASAP7_75t_SL          2  1.6    35    21     992    (-,-) 
  g28166__7410/Y                                   -       B->Y    R     NAND4xp25_ASAP7_75t_SL         1  0.8    30    19    1012    (-,-) 
  g28165__1666/Y                                   -       A->Y    R     OR2x2_ASAP7_75t_SL            26 18.1    94    60    1071    (-,-) 
  g28151__1705/Y                                   -       A1->Y   F     OAI21xp5_ASAP7_75t_SL          2  1.5    50    26    1097    (-,-) 
  g27644__7482/Y                                   -       C->Y    R     NOR4xp25_ASAP7_75t_SL          1  0.8    59    31    1128    (-,-) 
  g28129__1881/Y                                   -       B->Y    R     AND2x2_ASAP7_75t_SL            8  5.5    34    35    1163    (-,-) 
  g28109__5107/Y                                   -       A2->Y   F     AOI21xp5_ASAP7_75t_SL          2  1.6    39    17    1180    (-,-) 
  g28104__2398/Y                                   -       A->Y    R     NAND2xp5_ASAP7_75t_SL          1  0.8    28    18    1198    (-,-) 
  g27613__7410/Y                                   -       B->Y    R     OR3x2_ASAP7_75t_SL            26 18.7    97    57    1255    (-,-) 
  g27612__1666/Y                                   -       A2->Y   F     OAI21xp5_ASAP7_75t_SL          3  2.1    55    29    1284    (-,-) 
  g27599__1881/Y                                   -       A1->Y   R     OAI21xp5_ASAP7_75t_SL          3  3.2    75    39    1323    (-,-) 
  g24568/Y                                         -       A->Y    F     INVx1_ASAP7_75t_SL             2  1.9    34    18    1341    (-,-) 
  u_fix2fp32_col2_csa_tree_SUB_TC_OP_groupi_g581/Y -       A->Y    R     INVxp67_ASAP7_75t_SL           1  0.9    24    16    1357    (-,-) 
  u_fix2fp32_col2_csa_tree_SUB_TC_OP_groupi_g570/Y -       A->Y    F     MAJIxp5_ASAP7_75t_SL           2  2.0    46    22    1379    (-,-) 
  u_fix2fp32_col2_csa_tree_SUB_TC_OP_groupi_g549/Y -       A->Y    R     MAJIxp5_ASAP7_75t_SL           2  2.1    67    34    1413    (-,-) 
  u_fix2fp32_col2_csa_tree_SUB_TC_OP_groupi_g531/Y -       A->Y    F     MAJIxp5_ASAP7_75t_SL           2  2.0    48    28    1440    (-,-) 
  u_fix2fp32_col2_csa_tree_SUB_TC_OP_groupi_g526/Y -       A->Y    R     MAJIxp5_ASAP7_75t_SL           2  2.1    62    34    1475    (-,-) 
  u_fix2fp32_col2_csa_tree_SUB_TC_OP_groupi_g524/Y -       A->Y    F     MAJIxp5_ASAP7_75t_SL           2  2.0    55    27    1502    (-,-) 
  u_fix2fp32_col2_csa_tree_SUB_TC_OP_groupi_g522/Y -       A->Y    F     MAJx2_ASAP7_75t_SL             2  2.0    19    35    1537    (-,-) 
  u_fix2fp32_col2_csa_tree_SUB_TC_OP_groupi_g520/Y -       A->Y    F     MAJx2_ASAP7_75t_SL             2  2.0    19    28    1565    (-,-) 
  u_fix2fp32_col2_csa_tree_SUB_TC_OP_groupi_g518/Y -       A->Y    R     MAJIxp5_ASAP7_75t_SL           2  1.8    58    26    1591    (-,-) 
  u_fix2fp32_col2_csa_tree_SUB_TC_OP_groupi_g516/Y -       B->Y    F     NOR2xp33_ASAP7_75t_SL          1  1.3    44    30    1620    (-,-) 
  g46692/Y                                         -       B->Y    R     NOR2x1_ASAP7_75t_SL           10  6.8    76    41    1661    (-,-) 
  g46691/Y                                         -       A->Y    F     INVx1_ASAP7_75t_L              1  0.8    24    16    1677    (-,-) 
  g46690/Y                                         -       A->Y    R     NOR3xp33_ASAP7_75t_SL          2  1.9    70    34    1711    (-,-) 
  g46688/Y                                         -       A->Y    F     INVxp67_ASAP7_75t_SL           1  1.3    33    18    1729    (-,-) 
  g46680/Y                                         -       A->Y    R     NOR2x1_ASAP7_75t_SL            9  6.1    74    35    1764    (-,-) 
  g46675/Y                                         -       A->Y    F     INVx1_ASAP7_75t_SL            15  9.9    86    53    1816    (-,-) 
  g46644/Y                                         -       A1->Y   F     OA22x2_ASAP7_75t_SL            1  0.9    17    31    1848    (-,-) 
  PIPE_3_fix2float_col2_stage_reg_reg[0][12]/D     -       -       F     ASYNC_DFFHx1_ASAP7_75t_SL      1    -     -     0    1848    (-,-) 
#-------------------------------------------------------------------------------------------------------------------------------------------



Path 27: MET (36 ps) Setup Check with Pin PIPE_3_fix2float_col2_stage_reg_reg[0][10]/CLK->D
           View: PVT_0P63V_100C.setup_view
          Group: clk
     Startpoint: (R) PIPE_3_dot_col2_stage_reg_reg[0][1]/CLK
          Clock: (R) clk
       Endpoint: (F) PIPE_3_fix2float_col2_stage_reg_reg[0][10]/D
          Clock: (R) clk

                     Capture       Launch     
        Clock Edge:+    2000            0     
       Src Latency:+       0            0     
       Net Latency:+       0 (I)        0 (I) 
           Arrival:=    2000            0     
                                              
             Setup:-      16                  
       Uncertainty:-     100                  
     Required Time:=    1884                  
      Launch Clock:-       0                  
         Data Path:-    1848                  
             Slack:=      36                  

#-------------------------------------------------------------------------------------------------------------------------------------------
#                  Timing Point                    Flags    Arc    Edge           Cell             Fanout Load Trans Delay Arrival Instance 
#                                                                                                         (fF)  (ps)  (ps)   (ps)  Location 
#-------------------------------------------------------------------------------------------------------------------------------------------
  PIPE_3_dot_col2_stage_reg_reg[0][1]/CLK          -       -       R     (arrival)                   1147    -     0     0       0    (-,-) 
  PIPE_3_dot_col2_stage_reg_reg[0][1]/QN           -       CLK->QN R     ASYNC_DFFHx1_ASAP7_75t_SL      3  2.1    37    56      56    (-,-) 
  g24610/Y                                         -       A->Y    F     INVx1_ASAP7_75t_SL             2  2.1    25    16      72    (-,-) 
  u_fix2fp32_col2_ADD_TC_OP_g684/Y                 -       B->Y    R     NAND2x1_ASAP7_75t_SL           3  3.1    43    24      96    (-,-) 
  u_fix2fp32_col2_ADD_TC_OP_g682/Y                 -       B->Y    F     NOR2x1p5_ASAP7_75t_SL          3  3.1    26    18     114    (-,-) 
  u_fix2fp32_col2_ADD_TC_OP_g680/Y                 -       B->Y    R     NAND2x1p5_ASAP7_75t_SL         3  2.6    29    17     131    (-,-) 
  u_fix2fp32_col2_ADD_TC_OP_g678/Y                 -       B->Y    F     NOR2x1_ASAP7_75t_L             3  2.6    31    23     154    (-,-) 
  u_fix2fp32_col2_ADD_TC_OP_g676/Y                 -       B->Y    R     NAND2x1_ASAP7_75t_SL           3  2.6    38    24     177    (-,-) 
  u_fix2fp32_col2_ADD_TC_OP_g674/Y                 -       B->Y    F     NOR2x1_ASAP7_75t_SL            3  2.1    26    19     196    (-,-) 
  u_fix2fp32_col2_ADD_TC_OP_g672/Y                 -       B->Y    R     NAND2xp5_ASAP7_75t_SL          3  2.6    47    27     223    (-,-) 
  u_fix2fp32_col2_ADD_TC_OP_g670/Y                 -       B->Y    F     NOR2x1_ASAP7_75t_SL            3  2.1    29    20     243    (-,-) 
  u_fix2fp32_col2_ADD_TC_OP_g668/Y                 -       B->Y    R     NAND2xp5_ASAP7_75t_SL          3  2.6    47    28     271    (-,-) 
  u_fix2fp32_col2_ADD_TC_OP_g666/Y                 -       B->Y    F     NOR2x1_ASAP7_75t_SL            3  2.1    29    20     290    (-,-) 
  u_fix2fp32_col2_ADD_TC_OP_g664/Y                 -       B->Y    R     NAND2xp5_ASAP7_75t_SL          4  2.5    46    27     318    (-,-) 
  u_fix2fp32_col2_ADD_TC_OP_g656/Y                 -       B->Y    F     NOR5xp2_ASAP7_75t_R            3  2.6    54    43     361    (-,-) 
  u_fix2fp32_col2_ADD_TC_OP_g654/Y                 -       B->Y    R     NAND2x1_ASAP7_75t_SL           3  2.6    42    29     389    (-,-) 
  u_fix2fp32_col2_ADD_TC_OP_g652/Y                 -       B->Y    F     NOR2x1_ASAP7_75t_SL            3  2.6    31    21     411    (-,-) 
  u_fix2fp32_col2_ADD_TC_OP_g650/Y                 -       B->Y    R     NAND2x1_ASAP7_75t_SL           3  2.6    38    24     434    (-,-) 
  u_fix2fp32_col2_ADD_TC_OP_g648/Y                 -       B->Y    F     NOR2x1_ASAP7_75t_SL            3  2.6    30    21     455    (-,-) 
  u_fix2fp32_col2_ADD_TC_OP_g646/Y                 -       B->Y    R     NAND2x1_ASAP7_75t_SL           3  2.6    38    23     478    (-,-) 
  u_fix2fp32_col2_ADD_TC_OP_g644/Y                 -       B->Y    F     NOR2x1_ASAP7_75t_SL            3  2.6    30    21     499    (-,-) 
  u_fix2fp32_col2_ADD_TC_OP_g642/Y                 -       B->Y    R     NAND2x1_ASAP7_75t_SL           3  2.7    39    24     523    (-,-) 
  u_fix2fp32_col2_ADD_TC_OP_g640/Y                 -       B->Y    F     NOR2x1_ASAP7_75t_SL            3  2.7    31    21     544    (-,-) 
  u_fix2fp32_col2_ADD_TC_OP_g638/Y                 -       B->Y    R     NAND2x1_ASAP7_75t_SL           3  2.7    39    24     568    (-,-) 
  u_fix2fp32_col2_ADD_TC_OP_g636/Y                 -       B->Y    F     NOR2x1_ASAP7_75t_SL            3  3.2    34    23     592    (-,-) 
  u_fix2fp32_col2_ADD_TC_OP_g634/Y                 -       B->Y    R     NAND2x1p5_ASAP7_75t_SL         3  2.7    29    19     611    (-,-) 
  u_fix2fp32_col2_ADD_TC_OP_g632/Y                 -       B->Y    F     NOR2x1_ASAP7_75t_SL            3  2.7    30    20     630    (-,-) 
  u_fix2fp32_col2_ADD_TC_OP_g630/Y                 -       B->Y    R     NAND2x1_ASAP7_75t_SL           3  2.7    39    24     654    (-,-) 
  u_fix2fp32_col2_ADD_TC_OP_g628/Y                 -       B->Y    F     NOR2x1_ASAP7_75t_SL            3  2.7    31    21     676    (-,-) 
  u_fix2fp32_col2_ADD_TC_OP_g626/Y                 -       B->Y    R     NAND2x1_ASAP7_75t_SL           3  2.7    39    24     700    (-,-) 
  u_fix2fp32_col2_ADD_TC_OP_g624/Y                 -       B->Y    F     NOR2x1_ASAP7_75t_SL            3  2.7    31    21     721    (-,-) 
  u_fix2fp32_col2_ADD_TC_OP_g622/Y                 -       B->Y    R     NAND2x1_ASAP7_75t_SL           3  2.7    39    24     745    (-,-) 
  u_fix2fp32_col2_ADD_TC_OP_g620/Y                 -       B->Y    F     NOR2x1_ASAP7_75t_SL            3  3.2    34    23     768    (-,-) 
  u_fix2fp32_col2_ADD_TC_OP_g618/Y                 -       B->Y    R     NAND2x1p5_ASAP7_75t_SL         3  3.2    32    21     789    (-,-) 
  u_fix2fp32_col2_ADD_TC_OP_g616/Y                 -       B->Y    F     NOR2x1p5_ASAP7_75t_SL          3  3.2    26    16     805    (-,-) 
  u_fix2fp32_col2_ADD_TC_OP_g614/Y                 -       B->Y    R     NAND2x1p5_ASAP7_75t_SL         3  2.6    29    17     822    (-,-) 
  u_fix2fp32_col2_ADD_TC_OP_g610/Y                 -       A2->Y   F     AOI21xp33_ASAP7_75t_SL         1  0.7    25    13     836    (-,-) 
  g28279__8428/Y                                   -       B2->Y   F     AO22x1_ASAP7_75t_SL            2  1.5    21    30     866    (-,-) 
  g28183__4733/Y                                   -       A->Y    F     OR5x1_ASAP7_75t_SL             1  0.8    22    36     902    (-,-) 
  g27704__7482/Y                                   -       A->Y    R     NOR5xp2_ASAP7_75t_SL           1  0.8    69    32     934    (-,-) 
  g28182__1881/Y                                   -       B->Y    R     AND2x2_ASAP7_75t_SL            9  6.6    40    38     972    (-,-) 
  g28176__3680/Y                                   -       A1->Y   F     AOI21xp5_ASAP7_75t_SL          2  1.6    35    21     992    (-,-) 
  g28166__7410/Y                                   -       B->Y    R     NAND4xp25_ASAP7_75t_SL         1  0.8    30    19    1012    (-,-) 
  g28165__1666/Y                                   -       A->Y    R     OR2x2_ASAP7_75t_SL            26 18.1    94    60    1071    (-,-) 
  g28151__1705/Y                                   -       A1->Y   F     OAI21xp5_ASAP7_75t_SL          2  1.5    50    26    1097    (-,-) 
  g27644__7482/Y                                   -       C->Y    R     NOR4xp25_ASAP7_75t_SL          1  0.8    59    31    1128    (-,-) 
  g28129__1881/Y                                   -       B->Y    R     AND2x2_ASAP7_75t_SL            8  5.5    34    35    1163    (-,-) 
  g28109__5107/Y                                   -       A2->Y   F     AOI21xp5_ASAP7_75t_SL          2  1.6    39    17    1180    (-,-) 
  g28104__2398/Y                                   -       A->Y    R     NAND2xp5_ASAP7_75t_SL          1  0.8    28    18    1198    (-,-) 
  g27613__7410/Y                                   -       B->Y    R     OR3x2_ASAP7_75t_SL            26 18.7    97    57    1255    (-,-) 
  g27612__1666/Y                                   -       A2->Y   F     OAI21xp5_ASAP7_75t_SL          3  2.1    55    29    1284    (-,-) 
  g27599__1881/Y                                   -       A1->Y   R     OAI21xp5_ASAP7_75t_SL          3  3.2    75    39    1323    (-,-) 
  g24568/Y                                         -       A->Y    F     INVx1_ASAP7_75t_SL             2  1.9    34    18    1341    (-,-) 
  u_fix2fp32_col2_csa_tree_SUB_TC_OP_groupi_g581/Y -       A->Y    R     INVxp67_ASAP7_75t_SL           1  0.9    24    16    1357    (-,-) 
  u_fix2fp32_col2_csa_tree_SUB_TC_OP_groupi_g570/Y -       A->Y    F     MAJIxp5_ASAP7_75t_SL           2  2.0    46    22    1379    (-,-) 
  u_fix2fp32_col2_csa_tree_SUB_TC_OP_groupi_g549/Y -       A->Y    R     MAJIxp5_ASAP7_75t_SL           2  2.1    67    34    1413    (-,-) 
  u_fix2fp32_col2_csa_tree_SUB_TC_OP_groupi_g531/Y -       A->Y    F     MAJIxp5_ASAP7_75t_SL           2  2.0    48    28    1440    (-,-) 
  u_fix2fp32_col2_csa_tree_SUB_TC_OP_groupi_g526/Y -       A->Y    R     MAJIxp5_ASAP7_75t_SL           2  2.1    62    34    1475    (-,-) 
  u_fix2fp32_col2_csa_tree_SUB_TC_OP_groupi_g524/Y -       A->Y    F     MAJIxp5_ASAP7_75t_SL           2  2.0    55    27    1502    (-,-) 
  u_fix2fp32_col2_csa_tree_SUB_TC_OP_groupi_g522/Y -       A->Y    F     MAJx2_ASAP7_75t_SL             2  2.0    19    35    1537    (-,-) 
  u_fix2fp32_col2_csa_tree_SUB_TC_OP_groupi_g520/Y -       A->Y    F     MAJx2_ASAP7_75t_SL             2  2.0    19    28    1565    (-,-) 
  u_fix2fp32_col2_csa_tree_SUB_TC_OP_groupi_g518/Y -       A->Y    R     MAJIxp5_ASAP7_75t_SL           2  1.8    58    26    1591    (-,-) 
  u_fix2fp32_col2_csa_tree_SUB_TC_OP_groupi_g516/Y -       B->Y    F     NOR2xp33_ASAP7_75t_SL          1  1.3    44    30    1620    (-,-) 
  g46692/Y                                         -       B->Y    R     NOR2x1_ASAP7_75t_SL           10  6.8    76    41    1661    (-,-) 
  g46691/Y                                         -       A->Y    F     INVx1_ASAP7_75t_L              1  0.8    24    16    1677    (-,-) 
  g46690/Y                                         -       A->Y    R     NOR3xp33_ASAP7_75t_SL          2  1.9    70    34    1711    (-,-) 
  g46688/Y                                         -       A->Y    F     INVxp67_ASAP7_75t_SL           1  1.3    33    18    1729    (-,-) 
  g46680/Y                                         -       A->Y    R     NOR2x1_ASAP7_75t_SL            9  6.1    74    35    1764    (-,-) 
  g46675/Y                                         -       A->Y    F     INVx1_ASAP7_75t_SL            15  9.9    86    53    1816    (-,-) 
  g46646/Y                                         -       A1->Y   F     OA22x2_ASAP7_75t_SL            1  0.9    17    31    1848    (-,-) 
  PIPE_3_fix2float_col2_stage_reg_reg[0][10]/D     -       -       F     ASYNC_DFFHx1_ASAP7_75t_SL      1    -     -     0    1848    (-,-) 
#-------------------------------------------------------------------------------------------------------------------------------------------



Path 28: MET (36 ps) Setup Check with Pin PIPE_3_fix2float_col2_stage_reg_reg[0][9]/CLK->D
           View: PVT_0P63V_100C.setup_view
          Group: clk
     Startpoint: (R) PIPE_3_dot_col2_stage_reg_reg[0][1]/CLK
          Clock: (R) clk
       Endpoint: (F) PIPE_3_fix2float_col2_stage_reg_reg[0][9]/D
          Clock: (R) clk

                     Capture       Launch     
        Clock Edge:+    2000            0     
       Src Latency:+       0            0     
       Net Latency:+       0 (I)        0 (I) 
           Arrival:=    2000            0     
                                              
             Setup:-      16                  
       Uncertainty:-     100                  
     Required Time:=    1884                  
      Launch Clock:-       0                  
         Data Path:-    1848                  
             Slack:=      36                  

#-------------------------------------------------------------------------------------------------------------------------------------------
#                  Timing Point                    Flags    Arc    Edge           Cell             Fanout Load Trans Delay Arrival Instance 
#                                                                                                         (fF)  (ps)  (ps)   (ps)  Location 
#-------------------------------------------------------------------------------------------------------------------------------------------
  PIPE_3_dot_col2_stage_reg_reg[0][1]/CLK          -       -       R     (arrival)                   1147    -     0     0       0    (-,-) 
  PIPE_3_dot_col2_stage_reg_reg[0][1]/QN           -       CLK->QN R     ASYNC_DFFHx1_ASAP7_75t_SL      3  2.1    37    56      56    (-,-) 
  g24610/Y                                         -       A->Y    F     INVx1_ASAP7_75t_SL             2  2.1    25    16      72    (-,-) 
  u_fix2fp32_col2_ADD_TC_OP_g684/Y                 -       B->Y    R     NAND2x1_ASAP7_75t_SL           3  3.1    43    24      96    (-,-) 
  u_fix2fp32_col2_ADD_TC_OP_g682/Y                 -       B->Y    F     NOR2x1p5_ASAP7_75t_SL          3  3.1    26    18     114    (-,-) 
  u_fix2fp32_col2_ADD_TC_OP_g680/Y                 -       B->Y    R     NAND2x1p5_ASAP7_75t_SL         3  2.6    29    17     131    (-,-) 
  u_fix2fp32_col2_ADD_TC_OP_g678/Y                 -       B->Y    F     NOR2x1_ASAP7_75t_L             3  2.6    31    23     154    (-,-) 
  u_fix2fp32_col2_ADD_TC_OP_g676/Y                 -       B->Y    R     NAND2x1_ASAP7_75t_SL           3  2.6    38    24     177    (-,-) 
  u_fix2fp32_col2_ADD_TC_OP_g674/Y                 -       B->Y    F     NOR2x1_ASAP7_75t_SL            3  2.1    26    19     196    (-,-) 
  u_fix2fp32_col2_ADD_TC_OP_g672/Y                 -       B->Y    R     NAND2xp5_ASAP7_75t_SL          3  2.6    47    27     223    (-,-) 
  u_fix2fp32_col2_ADD_TC_OP_g670/Y                 -       B->Y    F     NOR2x1_ASAP7_75t_SL            3  2.1    29    20     243    (-,-) 
  u_fix2fp32_col2_ADD_TC_OP_g668/Y                 -       B->Y    R     NAND2xp5_ASAP7_75t_SL          3  2.6    47    28     271    (-,-) 
  u_fix2fp32_col2_ADD_TC_OP_g666/Y                 -       B->Y    F     NOR2x1_ASAP7_75t_SL            3  2.1    29    20     290    (-,-) 
  u_fix2fp32_col2_ADD_TC_OP_g664/Y                 -       B->Y    R     NAND2xp5_ASAP7_75t_SL          4  2.5    46    27     318    (-,-) 
  u_fix2fp32_col2_ADD_TC_OP_g656/Y                 -       B->Y    F     NOR5xp2_ASAP7_75t_R            3  2.6    54    43     361    (-,-) 
  u_fix2fp32_col2_ADD_TC_OP_g654/Y                 -       B->Y    R     NAND2x1_ASAP7_75t_SL           3  2.6    42    29     389    (-,-) 
  u_fix2fp32_col2_ADD_TC_OP_g652/Y                 -       B->Y    F     NOR2x1_ASAP7_75t_SL            3  2.6    31    21     411    (-,-) 
  u_fix2fp32_col2_ADD_TC_OP_g650/Y                 -       B->Y    R     NAND2x1_ASAP7_75t_SL           3  2.6    38    24     434    (-,-) 
  u_fix2fp32_col2_ADD_TC_OP_g648/Y                 -       B->Y    F     NOR2x1_ASAP7_75t_SL            3  2.6    30    21     455    (-,-) 
  u_fix2fp32_col2_ADD_TC_OP_g646/Y                 -       B->Y    R     NAND2x1_ASAP7_75t_SL           3  2.6    38    23     478    (-,-) 
  u_fix2fp32_col2_ADD_TC_OP_g644/Y                 -       B->Y    F     NOR2x1_ASAP7_75t_SL            3  2.6    30    21     499    (-,-) 
  u_fix2fp32_col2_ADD_TC_OP_g642/Y                 -       B->Y    R     NAND2x1_ASAP7_75t_SL           3  2.7    39    24     523    (-,-) 
  u_fix2fp32_col2_ADD_TC_OP_g640/Y                 -       B->Y    F     NOR2x1_ASAP7_75t_SL            3  2.7    31    21     544    (-,-) 
  u_fix2fp32_col2_ADD_TC_OP_g638/Y                 -       B->Y    R     NAND2x1_ASAP7_75t_SL           3  2.7    39    24     568    (-,-) 
  u_fix2fp32_col2_ADD_TC_OP_g636/Y                 -       B->Y    F     NOR2x1_ASAP7_75t_SL            3  3.2    34    23     592    (-,-) 
  u_fix2fp32_col2_ADD_TC_OP_g634/Y                 -       B->Y    R     NAND2x1p5_ASAP7_75t_SL         3  2.7    29    19     611    (-,-) 
  u_fix2fp32_col2_ADD_TC_OP_g632/Y                 -       B->Y    F     NOR2x1_ASAP7_75t_SL            3  2.7    30    20     630    (-,-) 
  u_fix2fp32_col2_ADD_TC_OP_g630/Y                 -       B->Y    R     NAND2x1_ASAP7_75t_SL           3  2.7    39    24     654    (-,-) 
  u_fix2fp32_col2_ADD_TC_OP_g628/Y                 -       B->Y    F     NOR2x1_ASAP7_75t_SL            3  2.7    31    21     676    (-,-) 
  u_fix2fp32_col2_ADD_TC_OP_g626/Y                 -       B->Y    R     NAND2x1_ASAP7_75t_SL           3  2.7    39    24     700    (-,-) 
  u_fix2fp32_col2_ADD_TC_OP_g624/Y                 -       B->Y    F     NOR2x1_ASAP7_75t_SL            3  2.7    31    21     721    (-,-) 
  u_fix2fp32_col2_ADD_TC_OP_g622/Y                 -       B->Y    R     NAND2x1_ASAP7_75t_SL           3  2.7    39    24     745    (-,-) 
  u_fix2fp32_col2_ADD_TC_OP_g620/Y                 -       B->Y    F     NOR2x1_ASAP7_75t_SL            3  3.2    34    23     768    (-,-) 
  u_fix2fp32_col2_ADD_TC_OP_g618/Y                 -       B->Y    R     NAND2x1p5_ASAP7_75t_SL         3  3.2    32    21     789    (-,-) 
  u_fix2fp32_col2_ADD_TC_OP_g616/Y                 -       B->Y    F     NOR2x1p5_ASAP7_75t_SL          3  3.2    26    16     805    (-,-) 
  u_fix2fp32_col2_ADD_TC_OP_g614/Y                 -       B->Y    R     NAND2x1p5_ASAP7_75t_SL         3  2.6    29    17     822    (-,-) 
  u_fix2fp32_col2_ADD_TC_OP_g610/Y                 -       A2->Y   F     AOI21xp33_ASAP7_75t_SL         1  0.7    25    13     836    (-,-) 
  g28279__8428/Y                                   -       B2->Y   F     AO22x1_ASAP7_75t_SL            2  1.5    21    30     866    (-,-) 
  g28183__4733/Y                                   -       A->Y    F     OR5x1_ASAP7_75t_SL             1  0.8    22    36     902    (-,-) 
  g27704__7482/Y                                   -       A->Y    R     NOR5xp2_ASAP7_75t_SL           1  0.8    69    32     934    (-,-) 
  g28182__1881/Y                                   -       B->Y    R     AND2x2_ASAP7_75t_SL            9  6.6    40    38     972    (-,-) 
  g28176__3680/Y                                   -       A1->Y   F     AOI21xp5_ASAP7_75t_SL          2  1.6    35    21     992    (-,-) 
  g28166__7410/Y                                   -       B->Y    R     NAND4xp25_ASAP7_75t_SL         1  0.8    30    19    1012    (-,-) 
  g28165__1666/Y                                   -       A->Y    R     OR2x2_ASAP7_75t_SL            26 18.1    94    60    1071    (-,-) 
  g28151__1705/Y                                   -       A1->Y   F     OAI21xp5_ASAP7_75t_SL          2  1.5    50    26    1097    (-,-) 
  g27644__7482/Y                                   -       C->Y    R     NOR4xp25_ASAP7_75t_SL          1  0.8    59    31    1128    (-,-) 
  g28129__1881/Y                                   -       B->Y    R     AND2x2_ASAP7_75t_SL            8  5.5    34    35    1163    (-,-) 
  g28109__5107/Y                                   -       A2->Y   F     AOI21xp5_ASAP7_75t_SL          2  1.6    39    17    1180    (-,-) 
  g28104__2398/Y                                   -       A->Y    R     NAND2xp5_ASAP7_75t_SL          1  0.8    28    18    1198    (-,-) 
  g27613__7410/Y                                   -       B->Y    R     OR3x2_ASAP7_75t_SL            26 18.7    97    57    1255    (-,-) 
  g27612__1666/Y                                   -       A2->Y   F     OAI21xp5_ASAP7_75t_SL          3  2.1    55    29    1284    (-,-) 
  g27599__1881/Y                                   -       A1->Y   R     OAI21xp5_ASAP7_75t_SL          3  3.2    75    39    1323    (-,-) 
  g24568/Y                                         -       A->Y    F     INVx1_ASAP7_75t_SL             2  1.9    34    18    1341    (-,-) 
  u_fix2fp32_col2_csa_tree_SUB_TC_OP_groupi_g581/Y -       A->Y    R     INVxp67_ASAP7_75t_SL           1  0.9    24    16    1357    (-,-) 
  u_fix2fp32_col2_csa_tree_SUB_TC_OP_groupi_g570/Y -       A->Y    F     MAJIxp5_ASAP7_75t_SL           2  2.0    46    22    1379    (-,-) 
  u_fix2fp32_col2_csa_tree_SUB_TC_OP_groupi_g549/Y -       A->Y    R     MAJIxp5_ASAP7_75t_SL           2  2.1    67    34    1413    (-,-) 
  u_fix2fp32_col2_csa_tree_SUB_TC_OP_groupi_g531/Y -       A->Y    F     MAJIxp5_ASAP7_75t_SL           2  2.0    48    28    1440    (-,-) 
  u_fix2fp32_col2_csa_tree_SUB_TC_OP_groupi_g526/Y -       A->Y    R     MAJIxp5_ASAP7_75t_SL           2  2.1    62    34    1475    (-,-) 
  u_fix2fp32_col2_csa_tree_SUB_TC_OP_groupi_g524/Y -       A->Y    F     MAJIxp5_ASAP7_75t_SL           2  2.0    55    27    1502    (-,-) 
  u_fix2fp32_col2_csa_tree_SUB_TC_OP_groupi_g522/Y -       A->Y    F     MAJx2_ASAP7_75t_SL             2  2.0    19    35    1537    (-,-) 
  u_fix2fp32_col2_csa_tree_SUB_TC_OP_groupi_g520/Y -       A->Y    F     MAJx2_ASAP7_75t_SL             2  2.0    19    28    1565    (-,-) 
  u_fix2fp32_col2_csa_tree_SUB_TC_OP_groupi_g518/Y -       A->Y    R     MAJIxp5_ASAP7_75t_SL           2  1.8    58    26    1591    (-,-) 
  u_fix2fp32_col2_csa_tree_SUB_TC_OP_groupi_g516/Y -       B->Y    F     NOR2xp33_ASAP7_75t_SL          1  1.3    44    30    1620    (-,-) 
  g46692/Y                                         -       B->Y    R     NOR2x1_ASAP7_75t_SL           10  6.8    76    41    1661    (-,-) 
  g46691/Y                                         -       A->Y    F     INVx1_ASAP7_75t_L              1  0.8    24    16    1677    (-,-) 
  g46690/Y                                         -       A->Y    R     NOR3xp33_ASAP7_75t_SL          2  1.9    70    34    1711    (-,-) 
  g46688/Y                                         -       A->Y    F     INVxp67_ASAP7_75t_SL           1  1.3    33    18    1729    (-,-) 
  g46680/Y                                         -       A->Y    R     NOR2x1_ASAP7_75t_SL            9  6.1    74    35    1764    (-,-) 
  g46675/Y                                         -       A->Y    F     INVx1_ASAP7_75t_SL            15  9.9    86    53    1816    (-,-) 
  g46651/Y                                         -       A1->Y   F     OA22x2_ASAP7_75t_SL            1  0.9    17    31    1848    (-,-) 
  PIPE_3_fix2float_col2_stage_reg_reg[0][9]/D      -       -       F     ASYNC_DFFHx1_ASAP7_75t_SL      1    -     -     0    1848    (-,-) 
#-------------------------------------------------------------------------------------------------------------------------------------------



Path 29: MET (36 ps) Setup Check with Pin PIPE_3_fix2float_col2_stage_reg_reg[0][8]/CLK->D
           View: PVT_0P63V_100C.setup_view
          Group: clk
     Startpoint: (R) PIPE_3_dot_col2_stage_reg_reg[0][1]/CLK
          Clock: (R) clk
       Endpoint: (F) PIPE_3_fix2float_col2_stage_reg_reg[0][8]/D
          Clock: (R) clk

                     Capture       Launch     
        Clock Edge:+    2000            0     
       Src Latency:+       0            0     
       Net Latency:+       0 (I)        0 (I) 
           Arrival:=    2000            0     
                                              
             Setup:-      16                  
       Uncertainty:-     100                  
     Required Time:=    1884                  
      Launch Clock:-       0                  
         Data Path:-    1848                  
             Slack:=      36                  

#-------------------------------------------------------------------------------------------------------------------------------------------
#                  Timing Point                    Flags    Arc    Edge           Cell             Fanout Load Trans Delay Arrival Instance 
#                                                                                                         (fF)  (ps)  (ps)   (ps)  Location 
#-------------------------------------------------------------------------------------------------------------------------------------------
  PIPE_3_dot_col2_stage_reg_reg[0][1]/CLK          -       -       R     (arrival)                   1147    -     0     0       0    (-,-) 
  PIPE_3_dot_col2_stage_reg_reg[0][1]/QN           -       CLK->QN R     ASYNC_DFFHx1_ASAP7_75t_SL      3  2.1    37    56      56    (-,-) 
  g24610/Y                                         -       A->Y    F     INVx1_ASAP7_75t_SL             2  2.1    25    16      72    (-,-) 
  u_fix2fp32_col2_ADD_TC_OP_g684/Y                 -       B->Y    R     NAND2x1_ASAP7_75t_SL           3  3.1    43    24      96    (-,-) 
  u_fix2fp32_col2_ADD_TC_OP_g682/Y                 -       B->Y    F     NOR2x1p5_ASAP7_75t_SL          3  3.1    26    18     114    (-,-) 
  u_fix2fp32_col2_ADD_TC_OP_g680/Y                 -       B->Y    R     NAND2x1p5_ASAP7_75t_SL         3  2.6    29    17     131    (-,-) 
  u_fix2fp32_col2_ADD_TC_OP_g678/Y                 -       B->Y    F     NOR2x1_ASAP7_75t_L             3  2.6    31    23     154    (-,-) 
  u_fix2fp32_col2_ADD_TC_OP_g676/Y                 -       B->Y    R     NAND2x1_ASAP7_75t_SL           3  2.6    38    24     177    (-,-) 
  u_fix2fp32_col2_ADD_TC_OP_g674/Y                 -       B->Y    F     NOR2x1_ASAP7_75t_SL            3  2.1    26    19     196    (-,-) 
  u_fix2fp32_col2_ADD_TC_OP_g672/Y                 -       B->Y    R     NAND2xp5_ASAP7_75t_SL          3  2.6    47    27     223    (-,-) 
  u_fix2fp32_col2_ADD_TC_OP_g670/Y                 -       B->Y    F     NOR2x1_ASAP7_75t_SL            3  2.1    29    20     243    (-,-) 
  u_fix2fp32_col2_ADD_TC_OP_g668/Y                 -       B->Y    R     NAND2xp5_ASAP7_75t_SL          3  2.6    47    28     271    (-,-) 
  u_fix2fp32_col2_ADD_TC_OP_g666/Y                 -       B->Y    F     NOR2x1_ASAP7_75t_SL            3  2.1    29    20     290    (-,-) 
  u_fix2fp32_col2_ADD_TC_OP_g664/Y                 -       B->Y    R     NAND2xp5_ASAP7_75t_SL          4  2.5    46    27     318    (-,-) 
  u_fix2fp32_col2_ADD_TC_OP_g656/Y                 -       B->Y    F     NOR5xp2_ASAP7_75t_R            3  2.6    54    43     361    (-,-) 
  u_fix2fp32_col2_ADD_TC_OP_g654/Y                 -       B->Y    R     NAND2x1_ASAP7_75t_SL           3  2.6    42    29     389    (-,-) 
  u_fix2fp32_col2_ADD_TC_OP_g652/Y                 -       B->Y    F     NOR2x1_ASAP7_75t_SL            3  2.6    31    21     411    (-,-) 
  u_fix2fp32_col2_ADD_TC_OP_g650/Y                 -       B->Y    R     NAND2x1_ASAP7_75t_SL           3  2.6    38    24     434    (-,-) 
  u_fix2fp32_col2_ADD_TC_OP_g648/Y                 -       B->Y    F     NOR2x1_ASAP7_75t_SL            3  2.6    30    21     455    (-,-) 
  u_fix2fp32_col2_ADD_TC_OP_g646/Y                 -       B->Y    R     NAND2x1_ASAP7_75t_SL           3  2.6    38    23     478    (-,-) 
  u_fix2fp32_col2_ADD_TC_OP_g644/Y                 -       B->Y    F     NOR2x1_ASAP7_75t_SL            3  2.6    30    21     499    (-,-) 
  u_fix2fp32_col2_ADD_TC_OP_g642/Y                 -       B->Y    R     NAND2x1_ASAP7_75t_SL           3  2.7    39    24     523    (-,-) 
  u_fix2fp32_col2_ADD_TC_OP_g640/Y                 -       B->Y    F     NOR2x1_ASAP7_75t_SL            3  2.7    31    21     544    (-,-) 
  u_fix2fp32_col2_ADD_TC_OP_g638/Y                 -       B->Y    R     NAND2x1_ASAP7_75t_SL           3  2.7    39    24     568    (-,-) 
  u_fix2fp32_col2_ADD_TC_OP_g636/Y                 -       B->Y    F     NOR2x1_ASAP7_75t_SL            3  3.2    34    23     592    (-,-) 
  u_fix2fp32_col2_ADD_TC_OP_g634/Y                 -       B->Y    R     NAND2x1p5_ASAP7_75t_SL         3  2.7    29    19     611    (-,-) 
  u_fix2fp32_col2_ADD_TC_OP_g632/Y                 -       B->Y    F     NOR2x1_ASAP7_75t_SL            3  2.7    30    20     630    (-,-) 
  u_fix2fp32_col2_ADD_TC_OP_g630/Y                 -       B->Y    R     NAND2x1_ASAP7_75t_SL           3  2.7    39    24     654    (-,-) 
  u_fix2fp32_col2_ADD_TC_OP_g628/Y                 -       B->Y    F     NOR2x1_ASAP7_75t_SL            3  2.7    31    21     676    (-,-) 
  u_fix2fp32_col2_ADD_TC_OP_g626/Y                 -       B->Y    R     NAND2x1_ASAP7_75t_SL           3  2.7    39    24     700    (-,-) 
  u_fix2fp32_col2_ADD_TC_OP_g624/Y                 -       B->Y    F     NOR2x1_ASAP7_75t_SL            3  2.7    31    21     721    (-,-) 
  u_fix2fp32_col2_ADD_TC_OP_g622/Y                 -       B->Y    R     NAND2x1_ASAP7_75t_SL           3  2.7    39    24     745    (-,-) 
  u_fix2fp32_col2_ADD_TC_OP_g620/Y                 -       B->Y    F     NOR2x1_ASAP7_75t_SL            3  3.2    34    23     768    (-,-) 
  u_fix2fp32_col2_ADD_TC_OP_g618/Y                 -       B->Y    R     NAND2x1p5_ASAP7_75t_SL         3  3.2    32    21     789    (-,-) 
  u_fix2fp32_col2_ADD_TC_OP_g616/Y                 -       B->Y    F     NOR2x1p5_ASAP7_75t_SL          3  3.2    26    16     805    (-,-) 
  u_fix2fp32_col2_ADD_TC_OP_g614/Y                 -       B->Y    R     NAND2x1p5_ASAP7_75t_SL         3  2.6    29    17     822    (-,-) 
  u_fix2fp32_col2_ADD_TC_OP_g610/Y                 -       A2->Y   F     AOI21xp33_ASAP7_75t_SL         1  0.7    25    13     836    (-,-) 
  g28279__8428/Y                                   -       B2->Y   F     AO22x1_ASAP7_75t_SL            2  1.5    21    30     866    (-,-) 
  g28183__4733/Y                                   -       A->Y    F     OR5x1_ASAP7_75t_SL             1  0.8    22    36     902    (-,-) 
  g27704__7482/Y                                   -       A->Y    R     NOR5xp2_ASAP7_75t_SL           1  0.8    69    32     934    (-,-) 
  g28182__1881/Y                                   -       B->Y    R     AND2x2_ASAP7_75t_SL            9  6.6    40    38     972    (-,-) 
  g28176__3680/Y                                   -       A1->Y   F     AOI21xp5_ASAP7_75t_SL          2  1.6    35    21     992    (-,-) 
  g28166__7410/Y                                   -       B->Y    R     NAND4xp25_ASAP7_75t_SL         1  0.8    30    19    1012    (-,-) 
  g28165__1666/Y                                   -       A->Y    R     OR2x2_ASAP7_75t_SL            26 18.1    94    60    1071    (-,-) 
  g28151__1705/Y                                   -       A1->Y   F     OAI21xp5_ASAP7_75t_SL          2  1.5    50    26    1097    (-,-) 
  g27644__7482/Y                                   -       C->Y    R     NOR4xp25_ASAP7_75t_SL          1  0.8    59    31    1128    (-,-) 
  g28129__1881/Y                                   -       B->Y    R     AND2x2_ASAP7_75t_SL            8  5.5    34    35    1163    (-,-) 
  g28109__5107/Y                                   -       A2->Y   F     AOI21xp5_ASAP7_75t_SL          2  1.6    39    17    1180    (-,-) 
  g28104__2398/Y                                   -       A->Y    R     NAND2xp5_ASAP7_75t_SL          1  0.8    28    18    1198    (-,-) 
  g27613__7410/Y                                   -       B->Y    R     OR3x2_ASAP7_75t_SL            26 18.7    97    57    1255    (-,-) 
  g27612__1666/Y                                   -       A2->Y   F     OAI21xp5_ASAP7_75t_SL          3  2.1    55    29    1284    (-,-) 
  g27599__1881/Y                                   -       A1->Y   R     OAI21xp5_ASAP7_75t_SL          3  3.2    75    39    1323    (-,-) 
  g24568/Y                                         -       A->Y    F     INVx1_ASAP7_75t_SL             2  1.9    34    18    1341    (-,-) 
  u_fix2fp32_col2_csa_tree_SUB_TC_OP_groupi_g581/Y -       A->Y    R     INVxp67_ASAP7_75t_SL           1  0.9    24    16    1357    (-,-) 
  u_fix2fp32_col2_csa_tree_SUB_TC_OP_groupi_g570/Y -       A->Y    F     MAJIxp5_ASAP7_75t_SL           2  2.0    46    22    1379    (-,-) 
  u_fix2fp32_col2_csa_tree_SUB_TC_OP_groupi_g549/Y -       A->Y    R     MAJIxp5_ASAP7_75t_SL           2  2.1    67    34    1413    (-,-) 
  u_fix2fp32_col2_csa_tree_SUB_TC_OP_groupi_g531/Y -       A->Y    F     MAJIxp5_ASAP7_75t_SL           2  2.0    48    28    1440    (-,-) 
  u_fix2fp32_col2_csa_tree_SUB_TC_OP_groupi_g526/Y -       A->Y    R     MAJIxp5_ASAP7_75t_SL           2  2.1    62    34    1475    (-,-) 
  u_fix2fp32_col2_csa_tree_SUB_TC_OP_groupi_g524/Y -       A->Y    F     MAJIxp5_ASAP7_75t_SL           2  2.0    55    27    1502    (-,-) 
  u_fix2fp32_col2_csa_tree_SUB_TC_OP_groupi_g522/Y -       A->Y    F     MAJx2_ASAP7_75t_SL             2  2.0    19    35    1537    (-,-) 
  u_fix2fp32_col2_csa_tree_SUB_TC_OP_groupi_g520/Y -       A->Y    F     MAJx2_ASAP7_75t_SL             2  2.0    19    28    1565    (-,-) 
  u_fix2fp32_col2_csa_tree_SUB_TC_OP_groupi_g518/Y -       A->Y    R     MAJIxp5_ASAP7_75t_SL           2  1.8    58    26    1591    (-,-) 
  u_fix2fp32_col2_csa_tree_SUB_TC_OP_groupi_g516/Y -       B->Y    F     NOR2xp33_ASAP7_75t_SL          1  1.3    44    30    1620    (-,-) 
  g46692/Y                                         -       B->Y    R     NOR2x1_ASAP7_75t_SL           10  6.8    76    41    1661    (-,-) 
  g46691/Y                                         -       A->Y    F     INVx1_ASAP7_75t_L              1  0.8    24    16    1677    (-,-) 
  g46690/Y                                         -       A->Y    R     NOR3xp33_ASAP7_75t_SL          2  1.9    70    34    1711    (-,-) 
  g46688/Y                                         -       A->Y    F     INVxp67_ASAP7_75t_SL           1  1.3    33    18    1729    (-,-) 
  g46680/Y                                         -       A->Y    R     NOR2x1_ASAP7_75t_SL            9  6.1    74    35    1764    (-,-) 
  g46675/Y                                         -       A->Y    F     INVx1_ASAP7_75t_SL            15  9.9    86    53    1816    (-,-) 
  g46649/Y                                         -       A1->Y   F     OA22x2_ASAP7_75t_SL            1  0.9    17    31    1848    (-,-) 
  PIPE_3_fix2float_col2_stage_reg_reg[0][8]/D      -       -       F     ASYNC_DFFHx1_ASAP7_75t_SL      1    -     -     0    1848    (-,-) 
#-------------------------------------------------------------------------------------------------------------------------------------------



Path 30: MET (52 ps) Setup Check with Pin PIPE_3_fix2float_col2_stage_reg_reg[0][21]/CLK->D
           View: PVT_0P63V_100C.setup_view
          Group: clk
     Startpoint: (R) PIPE_3_dot_col2_stage_reg_reg[0][1]/CLK
          Clock: (R) clk
       Endpoint: (R) PIPE_3_fix2float_col2_stage_reg_reg[0][21]/D
          Clock: (R) clk

                     Capture       Launch     
        Clock Edge:+    2000            0     
       Src Latency:+       0            0     
       Net Latency:+       0 (I)        0 (I) 
           Arrival:=    2000            0     
                                              
             Setup:-      16                  
       Uncertainty:-     100                  
     Required Time:=    1884                  
      Launch Clock:-       0                  
         Data Path:-    1832                  
             Slack:=      52                  

#-------------------------------------------------------------------------------------------------------------------------------------------
#                  Timing Point                    Flags    Arc    Edge           Cell             Fanout Load Trans Delay Arrival Instance 
#                                                                                                         (fF)  (ps)  (ps)   (ps)  Location 
#-------------------------------------------------------------------------------------------------------------------------------------------
  PIPE_3_dot_col2_stage_reg_reg[0][1]/CLK          -       -       R     (arrival)                   1147    -     0     0       0    (-,-) 
  PIPE_3_dot_col2_stage_reg_reg[0][1]/QN           -       CLK->QN R     ASYNC_DFFHx1_ASAP7_75t_SL      3  2.1    37    56      56    (-,-) 
  g24610/Y                                         -       A->Y    F     INVx1_ASAP7_75t_SL             2  2.1    25    16      72    (-,-) 
  u_fix2fp32_col2_ADD_TC_OP_g684/Y                 -       B->Y    R     NAND2x1_ASAP7_75t_SL           3  3.1    43    24      96    (-,-) 
  u_fix2fp32_col2_ADD_TC_OP_g682/Y                 -       B->Y    F     NOR2x1p5_ASAP7_75t_SL          3  3.1    26    18     114    (-,-) 
  u_fix2fp32_col2_ADD_TC_OP_g680/Y                 -       B->Y    R     NAND2x1p5_ASAP7_75t_SL         3  2.6    29    17     131    (-,-) 
  u_fix2fp32_col2_ADD_TC_OP_g678/Y                 -       B->Y    F     NOR2x1_ASAP7_75t_L             3  2.6    31    23     154    (-,-) 
  u_fix2fp32_col2_ADD_TC_OP_g676/Y                 -       B->Y    R     NAND2x1_ASAP7_75t_SL           3  2.6    38    24     177    (-,-) 
  u_fix2fp32_col2_ADD_TC_OP_g674/Y                 -       B->Y    F     NOR2x1_ASAP7_75t_SL            3  2.1    26    19     196    (-,-) 
  u_fix2fp32_col2_ADD_TC_OP_g672/Y                 -       B->Y    R     NAND2xp5_ASAP7_75t_SL          3  2.6    47    27     223    (-,-) 
  u_fix2fp32_col2_ADD_TC_OP_g670/Y                 -       B->Y    F     NOR2x1_ASAP7_75t_SL            3  2.1    29    20     243    (-,-) 
  u_fix2fp32_col2_ADD_TC_OP_g668/Y                 -       B->Y    R     NAND2xp5_ASAP7_75t_SL          3  2.6    47    28     271    (-,-) 
  u_fix2fp32_col2_ADD_TC_OP_g666/Y                 -       B->Y    F     NOR2x1_ASAP7_75t_SL            3  2.1    29    20     290    (-,-) 
  u_fix2fp32_col2_ADD_TC_OP_g664/Y                 -       B->Y    R     NAND2xp5_ASAP7_75t_SL          4  2.5    46    27     318    (-,-) 
  u_fix2fp32_col2_ADD_TC_OP_g656/Y                 -       B->Y    F     NOR5xp2_ASAP7_75t_R            3  2.6    54    43     361    (-,-) 
  u_fix2fp32_col2_ADD_TC_OP_g654/Y                 -       B->Y    R     NAND2x1_ASAP7_75t_SL           3  2.6    42    29     389    (-,-) 
  u_fix2fp32_col2_ADD_TC_OP_g652/Y                 -       B->Y    F     NOR2x1_ASAP7_75t_SL            3  2.6    31    21     411    (-,-) 
  u_fix2fp32_col2_ADD_TC_OP_g650/Y                 -       B->Y    R     NAND2x1_ASAP7_75t_SL           3  2.6    38    24     434    (-,-) 
  u_fix2fp32_col2_ADD_TC_OP_g648/Y                 -       B->Y    F     NOR2x1_ASAP7_75t_SL            3  2.6    30    21     455    (-,-) 
  u_fix2fp32_col2_ADD_TC_OP_g646/Y                 -       B->Y    R     NAND2x1_ASAP7_75t_SL           3  2.6    38    23     478    (-,-) 
  u_fix2fp32_col2_ADD_TC_OP_g644/Y                 -       B->Y    F     NOR2x1_ASAP7_75t_SL            3  2.6    30    21     499    (-,-) 
  u_fix2fp32_col2_ADD_TC_OP_g642/Y                 -       B->Y    R     NAND2x1_ASAP7_75t_SL           3  2.7    39    24     523    (-,-) 
  u_fix2fp32_col2_ADD_TC_OP_g640/Y                 -       B->Y    F     NOR2x1_ASAP7_75t_SL            3  2.7    31    21     544    (-,-) 
  u_fix2fp32_col2_ADD_TC_OP_g638/Y                 -       B->Y    R     NAND2x1_ASAP7_75t_SL           3  2.7    39    24     568    (-,-) 
  u_fix2fp32_col2_ADD_TC_OP_g636/Y                 -       B->Y    F     NOR2x1_ASAP7_75t_SL            3  3.2    34    23     592    (-,-) 
  u_fix2fp32_col2_ADD_TC_OP_g634/Y                 -       B->Y    R     NAND2x1p5_ASAP7_75t_SL         3  2.7    29    19     611    (-,-) 
  u_fix2fp32_col2_ADD_TC_OP_g632/Y                 -       B->Y    F     NOR2x1_ASAP7_75t_SL            3  2.7    30    20     630    (-,-) 
  u_fix2fp32_col2_ADD_TC_OP_g630/Y                 -       B->Y    R     NAND2x1_ASAP7_75t_SL           3  2.7    39    24     654    (-,-) 
  u_fix2fp32_col2_ADD_TC_OP_g628/Y                 -       B->Y    F     NOR2x1_ASAP7_75t_SL            3  2.7    31    21     676    (-,-) 
  u_fix2fp32_col2_ADD_TC_OP_g626/Y                 -       B->Y    R     NAND2x1_ASAP7_75t_SL           3  2.7    39    24     700    (-,-) 
  u_fix2fp32_col2_ADD_TC_OP_g624/Y                 -       B->Y    F     NOR2x1_ASAP7_75t_SL            3  2.7    31    21     721    (-,-) 
  u_fix2fp32_col2_ADD_TC_OP_g622/Y                 -       B->Y    R     NAND2x1_ASAP7_75t_SL           3  2.7    39    24     745    (-,-) 
  u_fix2fp32_col2_ADD_TC_OP_g620/Y                 -       B->Y    F     NOR2x1_ASAP7_75t_SL            3  3.2    34    23     768    (-,-) 
  u_fix2fp32_col2_ADD_TC_OP_g618/Y                 -       B->Y    R     NAND2x1p5_ASAP7_75t_SL         3  3.2    32    21     789    (-,-) 
  u_fix2fp32_col2_ADD_TC_OP_g616/Y                 -       B->Y    F     NOR2x1p5_ASAP7_75t_SL          3  3.2    26    16     805    (-,-) 
  u_fix2fp32_col2_ADD_TC_OP_g614/Y                 -       B->Y    R     NAND2x1p5_ASAP7_75t_SL         3  2.6    29    17     822    (-,-) 
  u_fix2fp32_col2_ADD_TC_OP_g610/Y                 -       A2->Y   F     AOI21xp33_ASAP7_75t_SL         1  0.7    25    13     836    (-,-) 
  g28279__8428/Y                                   -       B2->Y   F     AO22x1_ASAP7_75t_SL            2  1.5    21    30     866    (-,-) 
  g28183__4733/Y                                   -       A->Y    F     OR5x1_ASAP7_75t_SL             1  0.8    22    36     902    (-,-) 
  g27704__7482/Y                                   -       A->Y    R     NOR5xp2_ASAP7_75t_SL           1  0.8    69    32     934    (-,-) 
  g28182__1881/Y                                   -       B->Y    R     AND2x2_ASAP7_75t_SL            9  6.6    40    38     972    (-,-) 
  g28176__3680/Y                                   -       A1->Y   F     AOI21xp5_ASAP7_75t_SL          2  1.6    35    21     992    (-,-) 
  g28166__7410/Y                                   -       B->Y    R     NAND4xp25_ASAP7_75t_SL         1  0.8    30    19    1012    (-,-) 
  g28165__1666/Y                                   -       A->Y    R     OR2x2_ASAP7_75t_SL            26 18.1    94    60    1071    (-,-) 
  g28151__1705/Y                                   -       A1->Y   F     OAI21xp5_ASAP7_75t_SL          2  1.5    50    26    1097    (-,-) 
  g27644__7482/Y                                   -       C->Y    R     NOR4xp25_ASAP7_75t_SL          1  0.8    59    31    1128    (-,-) 
  g28129__1881/Y                                   -       B->Y    R     AND2x2_ASAP7_75t_SL            8  5.5    34    35    1163    (-,-) 
  g28109__5107/Y                                   -       A2->Y   F     AOI21xp5_ASAP7_75t_SL          2  1.6    39    17    1180    (-,-) 
  g28104__2398/Y                                   -       A->Y    R     NAND2xp5_ASAP7_75t_SL          1  0.8    28    18    1198    (-,-) 
  g27613__7410/Y                                   -       B->Y    R     OR3x2_ASAP7_75t_SL            26 18.7    97    57    1255    (-,-) 
  g27606__9315/Y                                   -       A1->Y   F     OAI21xp5_ASAP7_75t_SL          2  1.5    51    26    1280    (-,-) 
  g27603/Y                                         -       A->Y    R     INVxp67_ASAP7_75t_SL           1  0.9    29    18    1299    (-,-) 
  g27599__1881/Y                                   -       A2->Y   F     OAI21xp5_ASAP7_75t_SL          3  3.2    61    28    1327    (-,-) 
  g24568/Y                                         -       A->Y    R     INVx1_ASAP7_75t_SL             2  1.8    36    22    1349    (-,-) 
  u_fix2fp32_col2_csa_tree_SUB_TC_OP_groupi_g581/Y -       A->Y    F     INVxp67_ASAP7_75t_SL           1  0.9    20    12    1362    (-,-) 
  u_fix2fp32_col2_csa_tree_SUB_TC_OP_groupi_g570/Y -       A->Y    R     MAJIxp5_ASAP7_75t_SL           2  2.1    61    28    1390    (-,-) 
  u_fix2fp32_col2_csa_tree_SUB_TC_OP_groupi_g549/Y -       A->Y    F     MAJIxp5_ASAP7_75t_SL           2  2.1    56    28    1417    (-,-) 
  u_fix2fp32_col2_csa_tree_SUB_TC_OP_groupi_g531/Y -       A->Y    R     MAJIxp5_ASAP7_75t_SL           2  2.0    60    35    1453    (-,-) 
  u_fix2fp32_col2_csa_tree_SUB_TC_OP_groupi_g526/Y -       A->Y    F     MAJIxp5_ASAP7_75t_SL           2  2.0    50    27    1480    (-,-) 
  u_fix2fp32_col2_csa_tree_SUB_TC_OP_groupi_g524/Y -       A->Y    R     MAJIxp5_ASAP7_75t_SL           2  2.1    67    35    1514    (-,-) 
  u_fix2fp32_col2_csa_tree_SUB_TC_OP_groupi_g522/Y -       A->Y    R     MAJx2_ASAP7_75t_SL             2  2.1    20    31    1545    (-,-) 
  u_fix2fp32_col2_csa_tree_SUB_TC_OP_groupi_g520/Y -       A->Y    R     MAJx2_ASAP7_75t_SL             2  2.1    20    25    1571    (-,-) 
  u_fix2fp32_col2_csa_tree_SUB_TC_OP_groupi_g518/Y -       A->Y    F     MAJIxp5_ASAP7_75t_SL           2  1.7    45    19    1590    (-,-) 
  u_fix2fp32_col2_csa_tree_SUB_TC_OP_groupi_g516/Y -       B->Y    R     NOR2xp33_ASAP7_75t_SL          1  1.3    51    29    1619    (-,-) 
  g46692/Y                                         -       B->Y    F     NOR2x1_ASAP7_75t_SL           10  6.8    77    39    1658    (-,-) 
  g46691/Y                                         -       A->Y    R     INVx1_ASAP7_75t_L              1  0.8    29    20    1678    (-,-) 
  g46690/Y                                         -       A->Y    F     NOR3xp33_ASAP7_75t_SL          2  1.9    46    20    1698    (-,-) 
  g46681/Y                                         -       A->Y    R     NAND2x1_ASAP7_75t_SL          16 10.7   119    64    1763    (-,-) 
  g46676/Y                                         -       A->Y    F     INVx1_ASAP7_75t_SL             8  5.5    70    41    1803    (-,-) 
  g46619/Y                                         -       B1->Y   R     AOI22xp5_ASAP7_75t_SL          1  0.9    46    28    1832    (-,-) 
  PIPE_3_fix2float_col2_stage_reg_reg[0][21]/D     -       -       R     ASYNC_DFFHx1_ASAP7_75t_SL      1    -     -     0    1832    (-,-) 
#-------------------------------------------------------------------------------------------------------------------------------------------



Path 31: MET (52 ps) Setup Check with Pin PIPE_3_fix2float_col2_stage_reg_reg[0][20]/CLK->D
           View: PVT_0P63V_100C.setup_view
          Group: clk
     Startpoint: (R) PIPE_3_dot_col2_stage_reg_reg[0][1]/CLK
          Clock: (R) clk
       Endpoint: (R) PIPE_3_fix2float_col2_stage_reg_reg[0][20]/D
          Clock: (R) clk

                     Capture       Launch     
        Clock Edge:+    2000            0     
       Src Latency:+       0            0     
       Net Latency:+       0 (I)        0 (I) 
           Arrival:=    2000            0     
                                              
             Setup:-      16                  
       Uncertainty:-     100                  
     Required Time:=    1884                  
      Launch Clock:-       0                  
         Data Path:-    1832                  
             Slack:=      52                  

#-------------------------------------------------------------------------------------------------------------------------------------------
#                  Timing Point                    Flags    Arc    Edge           Cell             Fanout Load Trans Delay Arrival Instance 
#                                                                                                         (fF)  (ps)  (ps)   (ps)  Location 
#-------------------------------------------------------------------------------------------------------------------------------------------
  PIPE_3_dot_col2_stage_reg_reg[0][1]/CLK          -       -       R     (arrival)                   1147    -     0     0       0    (-,-) 
  PIPE_3_dot_col2_stage_reg_reg[0][1]/QN           -       CLK->QN R     ASYNC_DFFHx1_ASAP7_75t_SL      3  2.1    37    56      56    (-,-) 
  g24610/Y                                         -       A->Y    F     INVx1_ASAP7_75t_SL             2  2.1    25    16      72    (-,-) 
  u_fix2fp32_col2_ADD_TC_OP_g684/Y                 -       B->Y    R     NAND2x1_ASAP7_75t_SL           3  3.1    43    24      96    (-,-) 
  u_fix2fp32_col2_ADD_TC_OP_g682/Y                 -       B->Y    F     NOR2x1p5_ASAP7_75t_SL          3  3.1    26    18     114    (-,-) 
  u_fix2fp32_col2_ADD_TC_OP_g680/Y                 -       B->Y    R     NAND2x1p5_ASAP7_75t_SL         3  2.6    29    17     131    (-,-) 
  u_fix2fp32_col2_ADD_TC_OP_g678/Y                 -       B->Y    F     NOR2x1_ASAP7_75t_L             3  2.6    31    23     154    (-,-) 
  u_fix2fp32_col2_ADD_TC_OP_g676/Y                 -       B->Y    R     NAND2x1_ASAP7_75t_SL           3  2.6    38    24     177    (-,-) 
  u_fix2fp32_col2_ADD_TC_OP_g674/Y                 -       B->Y    F     NOR2x1_ASAP7_75t_SL            3  2.1    26    19     196    (-,-) 
  u_fix2fp32_col2_ADD_TC_OP_g672/Y                 -       B->Y    R     NAND2xp5_ASAP7_75t_SL          3  2.6    47    27     223    (-,-) 
  u_fix2fp32_col2_ADD_TC_OP_g670/Y                 -       B->Y    F     NOR2x1_ASAP7_75t_SL            3  2.1    29    20     243    (-,-) 
  u_fix2fp32_col2_ADD_TC_OP_g668/Y                 -       B->Y    R     NAND2xp5_ASAP7_75t_SL          3  2.6    47    28     271    (-,-) 
  u_fix2fp32_col2_ADD_TC_OP_g666/Y                 -       B->Y    F     NOR2x1_ASAP7_75t_SL            3  2.1    29    20     290    (-,-) 
  u_fix2fp32_col2_ADD_TC_OP_g664/Y                 -       B->Y    R     NAND2xp5_ASAP7_75t_SL          4  2.5    46    27     318    (-,-) 
  u_fix2fp32_col2_ADD_TC_OP_g656/Y                 -       B->Y    F     NOR5xp2_ASAP7_75t_R            3  2.6    54    43     361    (-,-) 
  u_fix2fp32_col2_ADD_TC_OP_g654/Y                 -       B->Y    R     NAND2x1_ASAP7_75t_SL           3  2.6    42    29     389    (-,-) 
  u_fix2fp32_col2_ADD_TC_OP_g652/Y                 -       B->Y    F     NOR2x1_ASAP7_75t_SL            3  2.6    31    21     411    (-,-) 
  u_fix2fp32_col2_ADD_TC_OP_g650/Y                 -       B->Y    R     NAND2x1_ASAP7_75t_SL           3  2.6    38    24     434    (-,-) 
  u_fix2fp32_col2_ADD_TC_OP_g648/Y                 -       B->Y    F     NOR2x1_ASAP7_75t_SL            3  2.6    30    21     455    (-,-) 
  u_fix2fp32_col2_ADD_TC_OP_g646/Y                 -       B->Y    R     NAND2x1_ASAP7_75t_SL           3  2.6    38    23     478    (-,-) 
  u_fix2fp32_col2_ADD_TC_OP_g644/Y                 -       B->Y    F     NOR2x1_ASAP7_75t_SL            3  2.6    30    21     499    (-,-) 
  u_fix2fp32_col2_ADD_TC_OP_g642/Y                 -       B->Y    R     NAND2x1_ASAP7_75t_SL           3  2.7    39    24     523    (-,-) 
  u_fix2fp32_col2_ADD_TC_OP_g640/Y                 -       B->Y    F     NOR2x1_ASAP7_75t_SL            3  2.7    31    21     544    (-,-) 
  u_fix2fp32_col2_ADD_TC_OP_g638/Y                 -       B->Y    R     NAND2x1_ASAP7_75t_SL           3  2.7    39    24     568    (-,-) 
  u_fix2fp32_col2_ADD_TC_OP_g636/Y                 -       B->Y    F     NOR2x1_ASAP7_75t_SL            3  3.2    34    23     592    (-,-) 
  u_fix2fp32_col2_ADD_TC_OP_g634/Y                 -       B->Y    R     NAND2x1p5_ASAP7_75t_SL         3  2.7    29    19     611    (-,-) 
  u_fix2fp32_col2_ADD_TC_OP_g632/Y                 -       B->Y    F     NOR2x1_ASAP7_75t_SL            3  2.7    30    20     630    (-,-) 
  u_fix2fp32_col2_ADD_TC_OP_g630/Y                 -       B->Y    R     NAND2x1_ASAP7_75t_SL           3  2.7    39    24     654    (-,-) 
  u_fix2fp32_col2_ADD_TC_OP_g628/Y                 -       B->Y    F     NOR2x1_ASAP7_75t_SL            3  2.7    31    21     676    (-,-) 
  u_fix2fp32_col2_ADD_TC_OP_g626/Y                 -       B->Y    R     NAND2x1_ASAP7_75t_SL           3  2.7    39    24     700    (-,-) 
  u_fix2fp32_col2_ADD_TC_OP_g624/Y                 -       B->Y    F     NOR2x1_ASAP7_75t_SL            3  2.7    31    21     721    (-,-) 
  u_fix2fp32_col2_ADD_TC_OP_g622/Y                 -       B->Y    R     NAND2x1_ASAP7_75t_SL           3  2.7    39    24     745    (-,-) 
  u_fix2fp32_col2_ADD_TC_OP_g620/Y                 -       B->Y    F     NOR2x1_ASAP7_75t_SL            3  3.2    34    23     768    (-,-) 
  u_fix2fp32_col2_ADD_TC_OP_g618/Y                 -       B->Y    R     NAND2x1p5_ASAP7_75t_SL         3  3.2    32    21     789    (-,-) 
  u_fix2fp32_col2_ADD_TC_OP_g616/Y                 -       B->Y    F     NOR2x1p5_ASAP7_75t_SL          3  3.2    26    16     805    (-,-) 
  u_fix2fp32_col2_ADD_TC_OP_g614/Y                 -       B->Y    R     NAND2x1p5_ASAP7_75t_SL         3  2.6    29    17     822    (-,-) 
  u_fix2fp32_col2_ADD_TC_OP_g610/Y                 -       A2->Y   F     AOI21xp33_ASAP7_75t_SL         1  0.7    25    13     836    (-,-) 
  g28279__8428/Y                                   -       B2->Y   F     AO22x1_ASAP7_75t_SL            2  1.5    21    30     866    (-,-) 
  g28183__4733/Y                                   -       A->Y    F     OR5x1_ASAP7_75t_SL             1  0.8    22    36     902    (-,-) 
  g27704__7482/Y                                   -       A->Y    R     NOR5xp2_ASAP7_75t_SL           1  0.8    69    32     934    (-,-) 
  g28182__1881/Y                                   -       B->Y    R     AND2x2_ASAP7_75t_SL            9  6.6    40    38     972    (-,-) 
  g28176__3680/Y                                   -       A1->Y   F     AOI21xp5_ASAP7_75t_SL          2  1.6    35    21     992    (-,-) 
  g28166__7410/Y                                   -       B->Y    R     NAND4xp25_ASAP7_75t_SL         1  0.8    30    19    1012    (-,-) 
  g28165__1666/Y                                   -       A->Y    R     OR2x2_ASAP7_75t_SL            26 18.1    94    60    1071    (-,-) 
  g28151__1705/Y                                   -       A1->Y   F     OAI21xp5_ASAP7_75t_SL          2  1.5    50    26    1097    (-,-) 
  g27644__7482/Y                                   -       C->Y    R     NOR4xp25_ASAP7_75t_SL          1  0.8    59    31    1128    (-,-) 
  g28129__1881/Y                                   -       B->Y    R     AND2x2_ASAP7_75t_SL            8  5.5    34    35    1163    (-,-) 
  g28109__5107/Y                                   -       A2->Y   F     AOI21xp5_ASAP7_75t_SL          2  1.6    39    17    1180    (-,-) 
  g28104__2398/Y                                   -       A->Y    R     NAND2xp5_ASAP7_75t_SL          1  0.8    28    18    1198    (-,-) 
  g27613__7410/Y                                   -       B->Y    R     OR3x2_ASAP7_75t_SL            26 18.7    97    57    1255    (-,-) 
  g27606__9315/Y                                   -       A1->Y   F     OAI21xp5_ASAP7_75t_SL          2  1.5    51    26    1280    (-,-) 
  g27603/Y                                         -       A->Y    R     INVxp67_ASAP7_75t_SL           1  0.9    29    18    1299    (-,-) 
  g27599__1881/Y                                   -       A2->Y   F     OAI21xp5_ASAP7_75t_SL          3  3.2    61    28    1327    (-,-) 
  g24568/Y                                         -       A->Y    R     INVx1_ASAP7_75t_SL             2  1.8    36    22    1349    (-,-) 
  u_fix2fp32_col2_csa_tree_SUB_TC_OP_groupi_g581/Y -       A->Y    F     INVxp67_ASAP7_75t_SL           1  0.9    20    12    1362    (-,-) 
  u_fix2fp32_col2_csa_tree_SUB_TC_OP_groupi_g570/Y -       A->Y    R     MAJIxp5_ASAP7_75t_SL           2  2.1    61    28    1390    (-,-) 
  u_fix2fp32_col2_csa_tree_SUB_TC_OP_groupi_g549/Y -       A->Y    F     MAJIxp5_ASAP7_75t_SL           2  2.1    56    28    1417    (-,-) 
  u_fix2fp32_col2_csa_tree_SUB_TC_OP_groupi_g531/Y -       A->Y    R     MAJIxp5_ASAP7_75t_SL           2  2.0    60    35    1453    (-,-) 
  u_fix2fp32_col2_csa_tree_SUB_TC_OP_groupi_g526/Y -       A->Y    F     MAJIxp5_ASAP7_75t_SL           2  2.0    50    27    1480    (-,-) 
  u_fix2fp32_col2_csa_tree_SUB_TC_OP_groupi_g524/Y -       A->Y    R     MAJIxp5_ASAP7_75t_SL           2  2.1    67    35    1514    (-,-) 
  u_fix2fp32_col2_csa_tree_SUB_TC_OP_groupi_g522/Y -       A->Y    R     MAJx2_ASAP7_75t_SL             2  2.1    20    31    1545    (-,-) 
  u_fix2fp32_col2_csa_tree_SUB_TC_OP_groupi_g520/Y -       A->Y    R     MAJx2_ASAP7_75t_SL             2  2.1    20    25    1571    (-,-) 
  u_fix2fp32_col2_csa_tree_SUB_TC_OP_groupi_g518/Y -       A->Y    F     MAJIxp5_ASAP7_75t_SL           2  1.7    45    19    1590    (-,-) 
  u_fix2fp32_col2_csa_tree_SUB_TC_OP_groupi_g516/Y -       B->Y    R     NOR2xp33_ASAP7_75t_SL          1  1.3    51    29    1619    (-,-) 
  g46692/Y                                         -       B->Y    F     NOR2x1_ASAP7_75t_SL           10  6.8    77    39    1658    (-,-) 
  g46691/Y                                         -       A->Y    R     INVx1_ASAP7_75t_L              1  0.8    29    20    1678    (-,-) 
  g46690/Y                                         -       A->Y    F     NOR3xp33_ASAP7_75t_SL          2  1.9    46    20    1698    (-,-) 
  g46681/Y                                         -       A->Y    R     NAND2x1_ASAP7_75t_SL          16 10.7   119    64    1763    (-,-) 
  g46676/Y                                         -       A->Y    F     INVx1_ASAP7_75t_SL             8  5.5    70    41    1803    (-,-) 
  g46656/Y                                         -       B1->Y   R     AOI22xp5_ASAP7_75t_SL          1  0.9    46    28    1832    (-,-) 
  PIPE_3_fix2float_col2_stage_reg_reg[0][20]/D     -       -       R     ASYNC_DFFHx1_ASAP7_75t_SL      1    -     -     0    1832    (-,-) 
#-------------------------------------------------------------------------------------------------------------------------------------------



Path 32: MET (52 ps) Setup Check with Pin PIPE_3_fix2float_col2_stage_reg_reg[0][19]/CLK->D
           View: PVT_0P63V_100C.setup_view
          Group: clk
     Startpoint: (R) PIPE_3_dot_col2_stage_reg_reg[0][1]/CLK
          Clock: (R) clk
       Endpoint: (R) PIPE_3_fix2float_col2_stage_reg_reg[0][19]/D
          Clock: (R) clk

                     Capture       Launch     
        Clock Edge:+    2000            0     
       Src Latency:+       0            0     
       Net Latency:+       0 (I)        0 (I) 
           Arrival:=    2000            0     
                                              
             Setup:-      16                  
       Uncertainty:-     100                  
     Required Time:=    1884                  
      Launch Clock:-       0                  
         Data Path:-    1832                  
             Slack:=      52                  

#-------------------------------------------------------------------------------------------------------------------------------------------
#                  Timing Point                    Flags    Arc    Edge           Cell             Fanout Load Trans Delay Arrival Instance 
#                                                                                                         (fF)  (ps)  (ps)   (ps)  Location 
#-------------------------------------------------------------------------------------------------------------------------------------------
  PIPE_3_dot_col2_stage_reg_reg[0][1]/CLK          -       -       R     (arrival)                   1147    -     0     0       0    (-,-) 
  PIPE_3_dot_col2_stage_reg_reg[0][1]/QN           -       CLK->QN R     ASYNC_DFFHx1_ASAP7_75t_SL      3  2.1    37    56      56    (-,-) 
  g24610/Y                                         -       A->Y    F     INVx1_ASAP7_75t_SL             2  2.1    25    16      72    (-,-) 
  u_fix2fp32_col2_ADD_TC_OP_g684/Y                 -       B->Y    R     NAND2x1_ASAP7_75t_SL           3  3.1    43    24      96    (-,-) 
  u_fix2fp32_col2_ADD_TC_OP_g682/Y                 -       B->Y    F     NOR2x1p5_ASAP7_75t_SL          3  3.1    26    18     114    (-,-) 
  u_fix2fp32_col2_ADD_TC_OP_g680/Y                 -       B->Y    R     NAND2x1p5_ASAP7_75t_SL         3  2.6    29    17     131    (-,-) 
  u_fix2fp32_col2_ADD_TC_OP_g678/Y                 -       B->Y    F     NOR2x1_ASAP7_75t_L             3  2.6    31    23     154    (-,-) 
  u_fix2fp32_col2_ADD_TC_OP_g676/Y                 -       B->Y    R     NAND2x1_ASAP7_75t_SL           3  2.6    38    24     177    (-,-) 
  u_fix2fp32_col2_ADD_TC_OP_g674/Y                 -       B->Y    F     NOR2x1_ASAP7_75t_SL            3  2.1    26    19     196    (-,-) 
  u_fix2fp32_col2_ADD_TC_OP_g672/Y                 -       B->Y    R     NAND2xp5_ASAP7_75t_SL          3  2.6    47    27     223    (-,-) 
  u_fix2fp32_col2_ADD_TC_OP_g670/Y                 -       B->Y    F     NOR2x1_ASAP7_75t_SL            3  2.1    29    20     243    (-,-) 
  u_fix2fp32_col2_ADD_TC_OP_g668/Y                 -       B->Y    R     NAND2xp5_ASAP7_75t_SL          3  2.6    47    28     271    (-,-) 
  u_fix2fp32_col2_ADD_TC_OP_g666/Y                 -       B->Y    F     NOR2x1_ASAP7_75t_SL            3  2.1    29    20     290    (-,-) 
  u_fix2fp32_col2_ADD_TC_OP_g664/Y                 -       B->Y    R     NAND2xp5_ASAP7_75t_SL          4  2.5    46    27     318    (-,-) 
  u_fix2fp32_col2_ADD_TC_OP_g656/Y                 -       B->Y    F     NOR5xp2_ASAP7_75t_R            3  2.6    54    43     361    (-,-) 
  u_fix2fp32_col2_ADD_TC_OP_g654/Y                 -       B->Y    R     NAND2x1_ASAP7_75t_SL           3  2.6    42    29     389    (-,-) 
  u_fix2fp32_col2_ADD_TC_OP_g652/Y                 -       B->Y    F     NOR2x1_ASAP7_75t_SL            3  2.6    31    21     411    (-,-) 
  u_fix2fp32_col2_ADD_TC_OP_g650/Y                 -       B->Y    R     NAND2x1_ASAP7_75t_SL           3  2.6    38    24     434    (-,-) 
  u_fix2fp32_col2_ADD_TC_OP_g648/Y                 -       B->Y    F     NOR2x1_ASAP7_75t_SL            3  2.6    30    21     455    (-,-) 
  u_fix2fp32_col2_ADD_TC_OP_g646/Y                 -       B->Y    R     NAND2x1_ASAP7_75t_SL           3  2.6    38    23     478    (-,-) 
  u_fix2fp32_col2_ADD_TC_OP_g644/Y                 -       B->Y    F     NOR2x1_ASAP7_75t_SL            3  2.6    30    21     499    (-,-) 
  u_fix2fp32_col2_ADD_TC_OP_g642/Y                 -       B->Y    R     NAND2x1_ASAP7_75t_SL           3  2.7    39    24     523    (-,-) 
  u_fix2fp32_col2_ADD_TC_OP_g640/Y                 -       B->Y    F     NOR2x1_ASAP7_75t_SL            3  2.7    31    21     544    (-,-) 
  u_fix2fp32_col2_ADD_TC_OP_g638/Y                 -       B->Y    R     NAND2x1_ASAP7_75t_SL           3  2.7    39    24     568    (-,-) 
  u_fix2fp32_col2_ADD_TC_OP_g636/Y                 -       B->Y    F     NOR2x1_ASAP7_75t_SL            3  3.2    34    23     592    (-,-) 
  u_fix2fp32_col2_ADD_TC_OP_g634/Y                 -       B->Y    R     NAND2x1p5_ASAP7_75t_SL         3  2.7    29    19     611    (-,-) 
  u_fix2fp32_col2_ADD_TC_OP_g632/Y                 -       B->Y    F     NOR2x1_ASAP7_75t_SL            3  2.7    30    20     630    (-,-) 
  u_fix2fp32_col2_ADD_TC_OP_g630/Y                 -       B->Y    R     NAND2x1_ASAP7_75t_SL           3  2.7    39    24     654    (-,-) 
  u_fix2fp32_col2_ADD_TC_OP_g628/Y                 -       B->Y    F     NOR2x1_ASAP7_75t_SL            3  2.7    31    21     676    (-,-) 
  u_fix2fp32_col2_ADD_TC_OP_g626/Y                 -       B->Y    R     NAND2x1_ASAP7_75t_SL           3  2.7    39    24     700    (-,-) 
  u_fix2fp32_col2_ADD_TC_OP_g624/Y                 -       B->Y    F     NOR2x1_ASAP7_75t_SL            3  2.7    31    21     721    (-,-) 
  u_fix2fp32_col2_ADD_TC_OP_g622/Y                 -       B->Y    R     NAND2x1_ASAP7_75t_SL           3  2.7    39    24     745    (-,-) 
  u_fix2fp32_col2_ADD_TC_OP_g620/Y                 -       B->Y    F     NOR2x1_ASAP7_75t_SL            3  3.2    34    23     768    (-,-) 
  u_fix2fp32_col2_ADD_TC_OP_g618/Y                 -       B->Y    R     NAND2x1p5_ASAP7_75t_SL         3  3.2    32    21     789    (-,-) 
  u_fix2fp32_col2_ADD_TC_OP_g616/Y                 -       B->Y    F     NOR2x1p5_ASAP7_75t_SL          3  3.2    26    16     805    (-,-) 
  u_fix2fp32_col2_ADD_TC_OP_g614/Y                 -       B->Y    R     NAND2x1p5_ASAP7_75t_SL         3  2.6    29    17     822    (-,-) 
  u_fix2fp32_col2_ADD_TC_OP_g610/Y                 -       A2->Y   F     AOI21xp33_ASAP7_75t_SL         1  0.7    25    13     836    (-,-) 
  g28279__8428/Y                                   -       B2->Y   F     AO22x1_ASAP7_75t_SL            2  1.5    21    30     866    (-,-) 
  g28183__4733/Y                                   -       A->Y    F     OR5x1_ASAP7_75t_SL             1  0.8    22    36     902    (-,-) 
  g27704__7482/Y                                   -       A->Y    R     NOR5xp2_ASAP7_75t_SL           1  0.8    69    32     934    (-,-) 
  g28182__1881/Y                                   -       B->Y    R     AND2x2_ASAP7_75t_SL            9  6.6    40    38     972    (-,-) 
  g28176__3680/Y                                   -       A1->Y   F     AOI21xp5_ASAP7_75t_SL          2  1.6    35    21     992    (-,-) 
  g28166__7410/Y                                   -       B->Y    R     NAND4xp25_ASAP7_75t_SL         1  0.8    30    19    1012    (-,-) 
  g28165__1666/Y                                   -       A->Y    R     OR2x2_ASAP7_75t_SL            26 18.1    94    60    1071    (-,-) 
  g28151__1705/Y                                   -       A1->Y   F     OAI21xp5_ASAP7_75t_SL          2  1.5    50    26    1097    (-,-) 
  g27644__7482/Y                                   -       C->Y    R     NOR4xp25_ASAP7_75t_SL          1  0.8    59    31    1128    (-,-) 
  g28129__1881/Y                                   -       B->Y    R     AND2x2_ASAP7_75t_SL            8  5.5    34    35    1163    (-,-) 
  g28109__5107/Y                                   -       A2->Y   F     AOI21xp5_ASAP7_75t_SL          2  1.6    39    17    1180    (-,-) 
  g28104__2398/Y                                   -       A->Y    R     NAND2xp5_ASAP7_75t_SL          1  0.8    28    18    1198    (-,-) 
  g27613__7410/Y                                   -       B->Y    R     OR3x2_ASAP7_75t_SL            26 18.7    97    57    1255    (-,-) 
  g27606__9315/Y                                   -       A1->Y   F     OAI21xp5_ASAP7_75t_SL          2  1.5    51    26    1280    (-,-) 
  g27603/Y                                         -       A->Y    R     INVxp67_ASAP7_75t_SL           1  0.9    29    18    1299    (-,-) 
  g27599__1881/Y                                   -       A2->Y   F     OAI21xp5_ASAP7_75t_SL          3  3.2    61    28    1327    (-,-) 
  g24568/Y                                         -       A->Y    R     INVx1_ASAP7_75t_SL             2  1.8    36    22    1349    (-,-) 
  u_fix2fp32_col2_csa_tree_SUB_TC_OP_groupi_g581/Y -       A->Y    F     INVxp67_ASAP7_75t_SL           1  0.9    20    12    1362    (-,-) 
  u_fix2fp32_col2_csa_tree_SUB_TC_OP_groupi_g570/Y -       A->Y    R     MAJIxp5_ASAP7_75t_SL           2  2.1    61    28    1390    (-,-) 
  u_fix2fp32_col2_csa_tree_SUB_TC_OP_groupi_g549/Y -       A->Y    F     MAJIxp5_ASAP7_75t_SL           2  2.1    56    28    1417    (-,-) 
  u_fix2fp32_col2_csa_tree_SUB_TC_OP_groupi_g531/Y -       A->Y    R     MAJIxp5_ASAP7_75t_SL           2  2.0    60    35    1453    (-,-) 
  u_fix2fp32_col2_csa_tree_SUB_TC_OP_groupi_g526/Y -       A->Y    F     MAJIxp5_ASAP7_75t_SL           2  2.0    50    27    1480    (-,-) 
  u_fix2fp32_col2_csa_tree_SUB_TC_OP_groupi_g524/Y -       A->Y    R     MAJIxp5_ASAP7_75t_SL           2  2.1    67    35    1514    (-,-) 
  u_fix2fp32_col2_csa_tree_SUB_TC_OP_groupi_g522/Y -       A->Y    R     MAJx2_ASAP7_75t_SL             2  2.1    20    31    1545    (-,-) 
  u_fix2fp32_col2_csa_tree_SUB_TC_OP_groupi_g520/Y -       A->Y    R     MAJx2_ASAP7_75t_SL             2  2.1    20    25    1571    (-,-) 
  u_fix2fp32_col2_csa_tree_SUB_TC_OP_groupi_g518/Y -       A->Y    F     MAJIxp5_ASAP7_75t_SL           2  1.7    45    19    1590    (-,-) 
  u_fix2fp32_col2_csa_tree_SUB_TC_OP_groupi_g516/Y -       B->Y    R     NOR2xp33_ASAP7_75t_SL          1  1.3    51    29    1619    (-,-) 
  g46692/Y                                         -       B->Y    F     NOR2x1_ASAP7_75t_SL           10  6.8    77    39    1658    (-,-) 
  g46691/Y                                         -       A->Y    R     INVx1_ASAP7_75t_L              1  0.8    29    20    1678    (-,-) 
  g46690/Y                                         -       A->Y    F     NOR3xp33_ASAP7_75t_SL          2  1.9    46    20    1698    (-,-) 
  g46681/Y                                         -       A->Y    R     NAND2x1_ASAP7_75t_SL          16 10.7   119    64    1763    (-,-) 
  g46676/Y                                         -       A->Y    F     INVx1_ASAP7_75t_SL             8  5.5    70    41    1803    (-,-) 
  g46655/Y                                         -       B1->Y   R     AOI22xp5_ASAP7_75t_SL          1  0.9    46    28    1832    (-,-) 
  PIPE_3_fix2float_col2_stage_reg_reg[0][19]/D     -       -       R     ASYNC_DFFHx1_ASAP7_75t_SL      1    -     -     0    1832    (-,-) 
#-------------------------------------------------------------------------------------------------------------------------------------------



Path 33: MET (52 ps) Setup Check with Pin PIPE_3_fix2float_col2_stage_reg_reg[0][18]/CLK->D
           View: PVT_0P63V_100C.setup_view
          Group: clk
     Startpoint: (R) PIPE_3_dot_col2_stage_reg_reg[0][1]/CLK
          Clock: (R) clk
       Endpoint: (R) PIPE_3_fix2float_col2_stage_reg_reg[0][18]/D
          Clock: (R) clk

                     Capture       Launch     
        Clock Edge:+    2000            0     
       Src Latency:+       0            0     
       Net Latency:+       0 (I)        0 (I) 
           Arrival:=    2000            0     
                                              
             Setup:-      16                  
       Uncertainty:-     100                  
     Required Time:=    1884                  
      Launch Clock:-       0                  
         Data Path:-    1832                  
             Slack:=      52                  

#-------------------------------------------------------------------------------------------------------------------------------------------
#                  Timing Point                    Flags    Arc    Edge           Cell             Fanout Load Trans Delay Arrival Instance 
#                                                                                                         (fF)  (ps)  (ps)   (ps)  Location 
#-------------------------------------------------------------------------------------------------------------------------------------------
  PIPE_3_dot_col2_stage_reg_reg[0][1]/CLK          -       -       R     (arrival)                   1147    -     0     0       0    (-,-) 
  PIPE_3_dot_col2_stage_reg_reg[0][1]/QN           -       CLK->QN R     ASYNC_DFFHx1_ASAP7_75t_SL      3  2.1    37    56      56    (-,-) 
  g24610/Y                                         -       A->Y    F     INVx1_ASAP7_75t_SL             2  2.1    25    16      72    (-,-) 
  u_fix2fp32_col2_ADD_TC_OP_g684/Y                 -       B->Y    R     NAND2x1_ASAP7_75t_SL           3  3.1    43    24      96    (-,-) 
  u_fix2fp32_col2_ADD_TC_OP_g682/Y                 -       B->Y    F     NOR2x1p5_ASAP7_75t_SL          3  3.1    26    18     114    (-,-) 
  u_fix2fp32_col2_ADD_TC_OP_g680/Y                 -       B->Y    R     NAND2x1p5_ASAP7_75t_SL         3  2.6    29    17     131    (-,-) 
  u_fix2fp32_col2_ADD_TC_OP_g678/Y                 -       B->Y    F     NOR2x1_ASAP7_75t_L             3  2.6    31    23     154    (-,-) 
  u_fix2fp32_col2_ADD_TC_OP_g676/Y                 -       B->Y    R     NAND2x1_ASAP7_75t_SL           3  2.6    38    24     177    (-,-) 
  u_fix2fp32_col2_ADD_TC_OP_g674/Y                 -       B->Y    F     NOR2x1_ASAP7_75t_SL            3  2.1    26    19     196    (-,-) 
  u_fix2fp32_col2_ADD_TC_OP_g672/Y                 -       B->Y    R     NAND2xp5_ASAP7_75t_SL          3  2.6    47    27     223    (-,-) 
  u_fix2fp32_col2_ADD_TC_OP_g670/Y                 -       B->Y    F     NOR2x1_ASAP7_75t_SL            3  2.1    29    20     243    (-,-) 
  u_fix2fp32_col2_ADD_TC_OP_g668/Y                 -       B->Y    R     NAND2xp5_ASAP7_75t_SL          3  2.6    47    28     271    (-,-) 
  u_fix2fp32_col2_ADD_TC_OP_g666/Y                 -       B->Y    F     NOR2x1_ASAP7_75t_SL            3  2.1    29    20     290    (-,-) 
  u_fix2fp32_col2_ADD_TC_OP_g664/Y                 -       B->Y    R     NAND2xp5_ASAP7_75t_SL          4  2.5    46    27     318    (-,-) 
  u_fix2fp32_col2_ADD_TC_OP_g656/Y                 -       B->Y    F     NOR5xp2_ASAP7_75t_R            3  2.6    54    43     361    (-,-) 
  u_fix2fp32_col2_ADD_TC_OP_g654/Y                 -       B->Y    R     NAND2x1_ASAP7_75t_SL           3  2.6    42    29     389    (-,-) 
  u_fix2fp32_col2_ADD_TC_OP_g652/Y                 -       B->Y    F     NOR2x1_ASAP7_75t_SL            3  2.6    31    21     411    (-,-) 
  u_fix2fp32_col2_ADD_TC_OP_g650/Y                 -       B->Y    R     NAND2x1_ASAP7_75t_SL           3  2.6    38    24     434    (-,-) 
  u_fix2fp32_col2_ADD_TC_OP_g648/Y                 -       B->Y    F     NOR2x1_ASAP7_75t_SL            3  2.6    30    21     455    (-,-) 
  u_fix2fp32_col2_ADD_TC_OP_g646/Y                 -       B->Y    R     NAND2x1_ASAP7_75t_SL           3  2.6    38    23     478    (-,-) 
  u_fix2fp32_col2_ADD_TC_OP_g644/Y                 -       B->Y    F     NOR2x1_ASAP7_75t_SL            3  2.6    30    21     499    (-,-) 
  u_fix2fp32_col2_ADD_TC_OP_g642/Y                 -       B->Y    R     NAND2x1_ASAP7_75t_SL           3  2.7    39    24     523    (-,-) 
  u_fix2fp32_col2_ADD_TC_OP_g640/Y                 -       B->Y    F     NOR2x1_ASAP7_75t_SL            3  2.7    31    21     544    (-,-) 
  u_fix2fp32_col2_ADD_TC_OP_g638/Y                 -       B->Y    R     NAND2x1_ASAP7_75t_SL           3  2.7    39    24     568    (-,-) 
  u_fix2fp32_col2_ADD_TC_OP_g636/Y                 -       B->Y    F     NOR2x1_ASAP7_75t_SL            3  3.2    34    23     592    (-,-) 
  u_fix2fp32_col2_ADD_TC_OP_g634/Y                 -       B->Y    R     NAND2x1p5_ASAP7_75t_SL         3  2.7    29    19     611    (-,-) 
  u_fix2fp32_col2_ADD_TC_OP_g632/Y                 -       B->Y    F     NOR2x1_ASAP7_75t_SL            3  2.7    30    20     630    (-,-) 
  u_fix2fp32_col2_ADD_TC_OP_g630/Y                 -       B->Y    R     NAND2x1_ASAP7_75t_SL           3  2.7    39    24     654    (-,-) 
  u_fix2fp32_col2_ADD_TC_OP_g628/Y                 -       B->Y    F     NOR2x1_ASAP7_75t_SL            3  2.7    31    21     676    (-,-) 
  u_fix2fp32_col2_ADD_TC_OP_g626/Y                 -       B->Y    R     NAND2x1_ASAP7_75t_SL           3  2.7    39    24     700    (-,-) 
  u_fix2fp32_col2_ADD_TC_OP_g624/Y                 -       B->Y    F     NOR2x1_ASAP7_75t_SL            3  2.7    31    21     721    (-,-) 
  u_fix2fp32_col2_ADD_TC_OP_g622/Y                 -       B->Y    R     NAND2x1_ASAP7_75t_SL           3  2.7    39    24     745    (-,-) 
  u_fix2fp32_col2_ADD_TC_OP_g620/Y                 -       B->Y    F     NOR2x1_ASAP7_75t_SL            3  3.2    34    23     768    (-,-) 
  u_fix2fp32_col2_ADD_TC_OP_g618/Y                 -       B->Y    R     NAND2x1p5_ASAP7_75t_SL         3  3.2    32    21     789    (-,-) 
  u_fix2fp32_col2_ADD_TC_OP_g616/Y                 -       B->Y    F     NOR2x1p5_ASAP7_75t_SL          3  3.2    26    16     805    (-,-) 
  u_fix2fp32_col2_ADD_TC_OP_g614/Y                 -       B->Y    R     NAND2x1p5_ASAP7_75t_SL         3  2.6    29    17     822    (-,-) 
  u_fix2fp32_col2_ADD_TC_OP_g610/Y                 -       A2->Y   F     AOI21xp33_ASAP7_75t_SL         1  0.7    25    13     836    (-,-) 
  g28279__8428/Y                                   -       B2->Y   F     AO22x1_ASAP7_75t_SL            2  1.5    21    30     866    (-,-) 
  g28183__4733/Y                                   -       A->Y    F     OR5x1_ASAP7_75t_SL             1  0.8    22    36     902    (-,-) 
  g27704__7482/Y                                   -       A->Y    R     NOR5xp2_ASAP7_75t_SL           1  0.8    69    32     934    (-,-) 
  g28182__1881/Y                                   -       B->Y    R     AND2x2_ASAP7_75t_SL            9  6.6    40    38     972    (-,-) 
  g28176__3680/Y                                   -       A1->Y   F     AOI21xp5_ASAP7_75t_SL          2  1.6    35    21     992    (-,-) 
  g28166__7410/Y                                   -       B->Y    R     NAND4xp25_ASAP7_75t_SL         1  0.8    30    19    1012    (-,-) 
  g28165__1666/Y                                   -       A->Y    R     OR2x2_ASAP7_75t_SL            26 18.1    94    60    1071    (-,-) 
  g28151__1705/Y                                   -       A1->Y   F     OAI21xp5_ASAP7_75t_SL          2  1.5    50    26    1097    (-,-) 
  g27644__7482/Y                                   -       C->Y    R     NOR4xp25_ASAP7_75t_SL          1  0.8    59    31    1128    (-,-) 
  g28129__1881/Y                                   -       B->Y    R     AND2x2_ASAP7_75t_SL            8  5.5    34    35    1163    (-,-) 
  g28109__5107/Y                                   -       A2->Y   F     AOI21xp5_ASAP7_75t_SL          2  1.6    39    17    1180    (-,-) 
  g28104__2398/Y                                   -       A->Y    R     NAND2xp5_ASAP7_75t_SL          1  0.8    28    18    1198    (-,-) 
  g27613__7410/Y                                   -       B->Y    R     OR3x2_ASAP7_75t_SL            26 18.7    97    57    1255    (-,-) 
  g27606__9315/Y                                   -       A1->Y   F     OAI21xp5_ASAP7_75t_SL          2  1.5    51    26    1280    (-,-) 
  g27603/Y                                         -       A->Y    R     INVxp67_ASAP7_75t_SL           1  0.9    29    18    1299    (-,-) 
  g27599__1881/Y                                   -       A2->Y   F     OAI21xp5_ASAP7_75t_SL          3  3.2    61    28    1327    (-,-) 
  g24568/Y                                         -       A->Y    R     INVx1_ASAP7_75t_SL             2  1.8    36    22    1349    (-,-) 
  u_fix2fp32_col2_csa_tree_SUB_TC_OP_groupi_g581/Y -       A->Y    F     INVxp67_ASAP7_75t_SL           1  0.9    20    12    1362    (-,-) 
  u_fix2fp32_col2_csa_tree_SUB_TC_OP_groupi_g570/Y -       A->Y    R     MAJIxp5_ASAP7_75t_SL           2  2.1    61    28    1390    (-,-) 
  u_fix2fp32_col2_csa_tree_SUB_TC_OP_groupi_g549/Y -       A->Y    F     MAJIxp5_ASAP7_75t_SL           2  2.1    56    28    1417    (-,-) 
  u_fix2fp32_col2_csa_tree_SUB_TC_OP_groupi_g531/Y -       A->Y    R     MAJIxp5_ASAP7_75t_SL           2  2.0    60    35    1453    (-,-) 
  u_fix2fp32_col2_csa_tree_SUB_TC_OP_groupi_g526/Y -       A->Y    F     MAJIxp5_ASAP7_75t_SL           2  2.0    50    27    1480    (-,-) 
  u_fix2fp32_col2_csa_tree_SUB_TC_OP_groupi_g524/Y -       A->Y    R     MAJIxp5_ASAP7_75t_SL           2  2.1    67    35    1514    (-,-) 
  u_fix2fp32_col2_csa_tree_SUB_TC_OP_groupi_g522/Y -       A->Y    R     MAJx2_ASAP7_75t_SL             2  2.1    20    31    1545    (-,-) 
  u_fix2fp32_col2_csa_tree_SUB_TC_OP_groupi_g520/Y -       A->Y    R     MAJx2_ASAP7_75t_SL             2  2.1    20    25    1571    (-,-) 
  u_fix2fp32_col2_csa_tree_SUB_TC_OP_groupi_g518/Y -       A->Y    F     MAJIxp5_ASAP7_75t_SL           2  1.7    45    19    1590    (-,-) 
  u_fix2fp32_col2_csa_tree_SUB_TC_OP_groupi_g516/Y -       B->Y    R     NOR2xp33_ASAP7_75t_SL          1  1.3    51    29    1619    (-,-) 
  g46692/Y                                         -       B->Y    F     NOR2x1_ASAP7_75t_SL           10  6.8    77    39    1658    (-,-) 
  g46691/Y                                         -       A->Y    R     INVx1_ASAP7_75t_L              1  0.8    29    20    1678    (-,-) 
  g46690/Y                                         -       A->Y    F     NOR3xp33_ASAP7_75t_SL          2  1.9    46    20    1698    (-,-) 
  g46681/Y                                         -       A->Y    R     NAND2x1_ASAP7_75t_SL          16 10.7   119    64    1763    (-,-) 
  g46676/Y                                         -       A->Y    F     INVx1_ASAP7_75t_SL             8  5.5    70    41    1803    (-,-) 
  g46639/Y                                         -       B1->Y   R     AOI22xp5_ASAP7_75t_SL          1  0.9    46    28    1832    (-,-) 
  PIPE_3_fix2float_col2_stage_reg_reg[0][18]/D     -       -       R     ASYNC_DFFHx1_ASAP7_75t_SL      1    -     -     0    1832    (-,-) 
#-------------------------------------------------------------------------------------------------------------------------------------------



Path 34: MET (52 ps) Setup Check with Pin PIPE_3_fix2float_col2_stage_reg_reg[0][17]/CLK->D
           View: PVT_0P63V_100C.setup_view
          Group: clk
     Startpoint: (R) PIPE_3_dot_col2_stage_reg_reg[0][1]/CLK
          Clock: (R) clk
       Endpoint: (R) PIPE_3_fix2float_col2_stage_reg_reg[0][17]/D
          Clock: (R) clk

                     Capture       Launch     
        Clock Edge:+    2000            0     
       Src Latency:+       0            0     
       Net Latency:+       0 (I)        0 (I) 
           Arrival:=    2000            0     
                                              
             Setup:-      16                  
       Uncertainty:-     100                  
     Required Time:=    1884                  
      Launch Clock:-       0                  
         Data Path:-    1832                  
             Slack:=      52                  

#-------------------------------------------------------------------------------------------------------------------------------------------
#                  Timing Point                    Flags    Arc    Edge           Cell             Fanout Load Trans Delay Arrival Instance 
#                                                                                                         (fF)  (ps)  (ps)   (ps)  Location 
#-------------------------------------------------------------------------------------------------------------------------------------------
  PIPE_3_dot_col2_stage_reg_reg[0][1]/CLK          -       -       R     (arrival)                   1147    -     0     0       0    (-,-) 
  PIPE_3_dot_col2_stage_reg_reg[0][1]/QN           -       CLK->QN R     ASYNC_DFFHx1_ASAP7_75t_SL      3  2.1    37    56      56    (-,-) 
  g24610/Y                                         -       A->Y    F     INVx1_ASAP7_75t_SL             2  2.1    25    16      72    (-,-) 
  u_fix2fp32_col2_ADD_TC_OP_g684/Y                 -       B->Y    R     NAND2x1_ASAP7_75t_SL           3  3.1    43    24      96    (-,-) 
  u_fix2fp32_col2_ADD_TC_OP_g682/Y                 -       B->Y    F     NOR2x1p5_ASAP7_75t_SL          3  3.1    26    18     114    (-,-) 
  u_fix2fp32_col2_ADD_TC_OP_g680/Y                 -       B->Y    R     NAND2x1p5_ASAP7_75t_SL         3  2.6    29    17     131    (-,-) 
  u_fix2fp32_col2_ADD_TC_OP_g678/Y                 -       B->Y    F     NOR2x1_ASAP7_75t_L             3  2.6    31    23     154    (-,-) 
  u_fix2fp32_col2_ADD_TC_OP_g676/Y                 -       B->Y    R     NAND2x1_ASAP7_75t_SL           3  2.6    38    24     177    (-,-) 
  u_fix2fp32_col2_ADD_TC_OP_g674/Y                 -       B->Y    F     NOR2x1_ASAP7_75t_SL            3  2.1    26    19     196    (-,-) 
  u_fix2fp32_col2_ADD_TC_OP_g672/Y                 -       B->Y    R     NAND2xp5_ASAP7_75t_SL          3  2.6    47    27     223    (-,-) 
  u_fix2fp32_col2_ADD_TC_OP_g670/Y                 -       B->Y    F     NOR2x1_ASAP7_75t_SL            3  2.1    29    20     243    (-,-) 
  u_fix2fp32_col2_ADD_TC_OP_g668/Y                 -       B->Y    R     NAND2xp5_ASAP7_75t_SL          3  2.6    47    28     271    (-,-) 
  u_fix2fp32_col2_ADD_TC_OP_g666/Y                 -       B->Y    F     NOR2x1_ASAP7_75t_SL            3  2.1    29    20     290    (-,-) 
  u_fix2fp32_col2_ADD_TC_OP_g664/Y                 -       B->Y    R     NAND2xp5_ASAP7_75t_SL          4  2.5    46    27     318    (-,-) 
  u_fix2fp32_col2_ADD_TC_OP_g656/Y                 -       B->Y    F     NOR5xp2_ASAP7_75t_R            3  2.6    54    43     361    (-,-) 
  u_fix2fp32_col2_ADD_TC_OP_g654/Y                 -       B->Y    R     NAND2x1_ASAP7_75t_SL           3  2.6    42    29     389    (-,-) 
  u_fix2fp32_col2_ADD_TC_OP_g652/Y                 -       B->Y    F     NOR2x1_ASAP7_75t_SL            3  2.6    31    21     411    (-,-) 
  u_fix2fp32_col2_ADD_TC_OP_g650/Y                 -       B->Y    R     NAND2x1_ASAP7_75t_SL           3  2.6    38    24     434    (-,-) 
  u_fix2fp32_col2_ADD_TC_OP_g648/Y                 -       B->Y    F     NOR2x1_ASAP7_75t_SL            3  2.6    30    21     455    (-,-) 
  u_fix2fp32_col2_ADD_TC_OP_g646/Y                 -       B->Y    R     NAND2x1_ASAP7_75t_SL           3  2.6    38    23     478    (-,-) 
  u_fix2fp32_col2_ADD_TC_OP_g644/Y                 -       B->Y    F     NOR2x1_ASAP7_75t_SL            3  2.6    30    21     499    (-,-) 
  u_fix2fp32_col2_ADD_TC_OP_g642/Y                 -       B->Y    R     NAND2x1_ASAP7_75t_SL           3  2.7    39    24     523    (-,-) 
  u_fix2fp32_col2_ADD_TC_OP_g640/Y                 -       B->Y    F     NOR2x1_ASAP7_75t_SL            3  2.7    31    21     544    (-,-) 
  u_fix2fp32_col2_ADD_TC_OP_g638/Y                 -       B->Y    R     NAND2x1_ASAP7_75t_SL           3  2.7    39    24     568    (-,-) 
  u_fix2fp32_col2_ADD_TC_OP_g636/Y                 -       B->Y    F     NOR2x1_ASAP7_75t_SL            3  3.2    34    23     592    (-,-) 
  u_fix2fp32_col2_ADD_TC_OP_g634/Y                 -       B->Y    R     NAND2x1p5_ASAP7_75t_SL         3  2.7    29    19     611    (-,-) 
  u_fix2fp32_col2_ADD_TC_OP_g632/Y                 -       B->Y    F     NOR2x1_ASAP7_75t_SL            3  2.7    30    20     630    (-,-) 
  u_fix2fp32_col2_ADD_TC_OP_g630/Y                 -       B->Y    R     NAND2x1_ASAP7_75t_SL           3  2.7    39    24     654    (-,-) 
  u_fix2fp32_col2_ADD_TC_OP_g628/Y                 -       B->Y    F     NOR2x1_ASAP7_75t_SL            3  2.7    31    21     676    (-,-) 
  u_fix2fp32_col2_ADD_TC_OP_g626/Y                 -       B->Y    R     NAND2x1_ASAP7_75t_SL           3  2.7    39    24     700    (-,-) 
  u_fix2fp32_col2_ADD_TC_OP_g624/Y                 -       B->Y    F     NOR2x1_ASAP7_75t_SL            3  2.7    31    21     721    (-,-) 
  u_fix2fp32_col2_ADD_TC_OP_g622/Y                 -       B->Y    R     NAND2x1_ASAP7_75t_SL           3  2.7    39    24     745    (-,-) 
  u_fix2fp32_col2_ADD_TC_OP_g620/Y                 -       B->Y    F     NOR2x1_ASAP7_75t_SL            3  3.2    34    23     768    (-,-) 
  u_fix2fp32_col2_ADD_TC_OP_g618/Y                 -       B->Y    R     NAND2x1p5_ASAP7_75t_SL         3  3.2    32    21     789    (-,-) 
  u_fix2fp32_col2_ADD_TC_OP_g616/Y                 -       B->Y    F     NOR2x1p5_ASAP7_75t_SL          3  3.2    26    16     805    (-,-) 
  u_fix2fp32_col2_ADD_TC_OP_g614/Y                 -       B->Y    R     NAND2x1p5_ASAP7_75t_SL         3  2.6    29    17     822    (-,-) 
  u_fix2fp32_col2_ADD_TC_OP_g610/Y                 -       A2->Y   F     AOI21xp33_ASAP7_75t_SL         1  0.7    25    13     836    (-,-) 
  g28279__8428/Y                                   -       B2->Y   F     AO22x1_ASAP7_75t_SL            2  1.5    21    30     866    (-,-) 
  g28183__4733/Y                                   -       A->Y    F     OR5x1_ASAP7_75t_SL             1  0.8    22    36     902    (-,-) 
  g27704__7482/Y                                   -       A->Y    R     NOR5xp2_ASAP7_75t_SL           1  0.8    69    32     934    (-,-) 
  g28182__1881/Y                                   -       B->Y    R     AND2x2_ASAP7_75t_SL            9  6.6    40    38     972    (-,-) 
  g28176__3680/Y                                   -       A1->Y   F     AOI21xp5_ASAP7_75t_SL          2  1.6    35    21     992    (-,-) 
  g28166__7410/Y                                   -       B->Y    R     NAND4xp25_ASAP7_75t_SL         1  0.8    30    19    1012    (-,-) 
  g28165__1666/Y                                   -       A->Y    R     OR2x2_ASAP7_75t_SL            26 18.1    94    60    1071    (-,-) 
  g28151__1705/Y                                   -       A1->Y   F     OAI21xp5_ASAP7_75t_SL          2  1.5    50    26    1097    (-,-) 
  g27644__7482/Y                                   -       C->Y    R     NOR4xp25_ASAP7_75t_SL          1  0.8    59    31    1128    (-,-) 
  g28129__1881/Y                                   -       B->Y    R     AND2x2_ASAP7_75t_SL            8  5.5    34    35    1163    (-,-) 
  g28109__5107/Y                                   -       A2->Y   F     AOI21xp5_ASAP7_75t_SL          2  1.6    39    17    1180    (-,-) 
  g28104__2398/Y                                   -       A->Y    R     NAND2xp5_ASAP7_75t_SL          1  0.8    28    18    1198    (-,-) 
  g27613__7410/Y                                   -       B->Y    R     OR3x2_ASAP7_75t_SL            26 18.7    97    57    1255    (-,-) 
  g27606__9315/Y                                   -       A1->Y   F     OAI21xp5_ASAP7_75t_SL          2  1.5    51    26    1280    (-,-) 
  g27603/Y                                         -       A->Y    R     INVxp67_ASAP7_75t_SL           1  0.9    29    18    1299    (-,-) 
  g27599__1881/Y                                   -       A2->Y   F     OAI21xp5_ASAP7_75t_SL          3  3.2    61    28    1327    (-,-) 
  g24568/Y                                         -       A->Y    R     INVx1_ASAP7_75t_SL             2  1.8    36    22    1349    (-,-) 
  u_fix2fp32_col2_csa_tree_SUB_TC_OP_groupi_g581/Y -       A->Y    F     INVxp67_ASAP7_75t_SL           1  0.9    20    12    1362    (-,-) 
  u_fix2fp32_col2_csa_tree_SUB_TC_OP_groupi_g570/Y -       A->Y    R     MAJIxp5_ASAP7_75t_SL           2  2.1    61    28    1390    (-,-) 
  u_fix2fp32_col2_csa_tree_SUB_TC_OP_groupi_g549/Y -       A->Y    F     MAJIxp5_ASAP7_75t_SL           2  2.1    56    28    1417    (-,-) 
  u_fix2fp32_col2_csa_tree_SUB_TC_OP_groupi_g531/Y -       A->Y    R     MAJIxp5_ASAP7_75t_SL           2  2.0    60    35    1453    (-,-) 
  u_fix2fp32_col2_csa_tree_SUB_TC_OP_groupi_g526/Y -       A->Y    F     MAJIxp5_ASAP7_75t_SL           2  2.0    50    27    1480    (-,-) 
  u_fix2fp32_col2_csa_tree_SUB_TC_OP_groupi_g524/Y -       A->Y    R     MAJIxp5_ASAP7_75t_SL           2  2.1    67    35    1514    (-,-) 
  u_fix2fp32_col2_csa_tree_SUB_TC_OP_groupi_g522/Y -       A->Y    R     MAJx2_ASAP7_75t_SL             2  2.1    20    31    1545    (-,-) 
  u_fix2fp32_col2_csa_tree_SUB_TC_OP_groupi_g520/Y -       A->Y    R     MAJx2_ASAP7_75t_SL             2  2.1    20    25    1571    (-,-) 
  u_fix2fp32_col2_csa_tree_SUB_TC_OP_groupi_g518/Y -       A->Y    F     MAJIxp5_ASAP7_75t_SL           2  1.7    45    19    1590    (-,-) 
  u_fix2fp32_col2_csa_tree_SUB_TC_OP_groupi_g516/Y -       B->Y    R     NOR2xp33_ASAP7_75t_SL          1  1.3    51    29    1619    (-,-) 
  g46692/Y                                         -       B->Y    F     NOR2x1_ASAP7_75t_SL           10  6.8    77    39    1658    (-,-) 
  g46691/Y                                         -       A->Y    R     INVx1_ASAP7_75t_L              1  0.8    29    20    1678    (-,-) 
  g46690/Y                                         -       A->Y    F     NOR3xp33_ASAP7_75t_SL          2  1.9    46    20    1698    (-,-) 
  g46681/Y                                         -       A->Y    R     NAND2x1_ASAP7_75t_SL          16 10.7   119    64    1763    (-,-) 
  g46676/Y                                         -       A->Y    F     INVx1_ASAP7_75t_SL             8  5.5    70    41    1803    (-,-) 
  g46657/Y                                         -       B1->Y   R     AOI22xp5_ASAP7_75t_SL          1  0.9    46    28    1832    (-,-) 
  PIPE_3_fix2float_col2_stage_reg_reg[0][17]/D     -       -       R     ASYNC_DFFHx1_ASAP7_75t_SL      1    -     -     0    1832    (-,-) 
#-------------------------------------------------------------------------------------------------------------------------------------------



Path 35: MET (52 ps) Setup Check with Pin PIPE_3_fix2float_col2_stage_reg_reg[0][0]/CLK->D
           View: PVT_0P63V_100C.setup_view
          Group: clk
     Startpoint: (R) PIPE_3_dot_col2_stage_reg_reg[0][1]/CLK
          Clock: (R) clk
       Endpoint: (R) PIPE_3_fix2float_col2_stage_reg_reg[0][0]/D
          Clock: (R) clk

                     Capture       Launch     
        Clock Edge:+    2000            0     
       Src Latency:+       0            0     
       Net Latency:+       0 (I)        0 (I) 
           Arrival:=    2000            0     
                                              
             Setup:-      16                  
       Uncertainty:-     100                  
     Required Time:=    1884                  
      Launch Clock:-       0                  
         Data Path:-    1832                  
             Slack:=      52                  

#-------------------------------------------------------------------------------------------------------------------------------------------
#                  Timing Point                    Flags    Arc    Edge           Cell             Fanout Load Trans Delay Arrival Instance 
#                                                                                                         (fF)  (ps)  (ps)   (ps)  Location 
#-------------------------------------------------------------------------------------------------------------------------------------------
  PIPE_3_dot_col2_stage_reg_reg[0][1]/CLK          -       -       R     (arrival)                   1147    -     0     0       0    (-,-) 
  PIPE_3_dot_col2_stage_reg_reg[0][1]/QN           -       CLK->QN R     ASYNC_DFFHx1_ASAP7_75t_SL      3  2.1    37    56      56    (-,-) 
  g24610/Y                                         -       A->Y    F     INVx1_ASAP7_75t_SL             2  2.1    25    16      72    (-,-) 
  u_fix2fp32_col2_ADD_TC_OP_g684/Y                 -       B->Y    R     NAND2x1_ASAP7_75t_SL           3  3.1    43    24      96    (-,-) 
  u_fix2fp32_col2_ADD_TC_OP_g682/Y                 -       B->Y    F     NOR2x1p5_ASAP7_75t_SL          3  3.1    26    18     114    (-,-) 
  u_fix2fp32_col2_ADD_TC_OP_g680/Y                 -       B->Y    R     NAND2x1p5_ASAP7_75t_SL         3  2.6    29    17     131    (-,-) 
  u_fix2fp32_col2_ADD_TC_OP_g678/Y                 -       B->Y    F     NOR2x1_ASAP7_75t_L             3  2.6    31    23     154    (-,-) 
  u_fix2fp32_col2_ADD_TC_OP_g676/Y                 -       B->Y    R     NAND2x1_ASAP7_75t_SL           3  2.6    38    24     177    (-,-) 
  u_fix2fp32_col2_ADD_TC_OP_g674/Y                 -       B->Y    F     NOR2x1_ASAP7_75t_SL            3  2.1    26    19     196    (-,-) 
  u_fix2fp32_col2_ADD_TC_OP_g672/Y                 -       B->Y    R     NAND2xp5_ASAP7_75t_SL          3  2.6    47    27     223    (-,-) 
  u_fix2fp32_col2_ADD_TC_OP_g670/Y                 -       B->Y    F     NOR2x1_ASAP7_75t_SL            3  2.1    29    20     243    (-,-) 
  u_fix2fp32_col2_ADD_TC_OP_g668/Y                 -       B->Y    R     NAND2xp5_ASAP7_75t_SL          3  2.6    47    28     271    (-,-) 
  u_fix2fp32_col2_ADD_TC_OP_g666/Y                 -       B->Y    F     NOR2x1_ASAP7_75t_SL            3  2.1    29    20     290    (-,-) 
  u_fix2fp32_col2_ADD_TC_OP_g664/Y                 -       B->Y    R     NAND2xp5_ASAP7_75t_SL          4  2.5    46    27     318    (-,-) 
  u_fix2fp32_col2_ADD_TC_OP_g656/Y                 -       B->Y    F     NOR5xp2_ASAP7_75t_R            3  2.6    54    43     361    (-,-) 
  u_fix2fp32_col2_ADD_TC_OP_g654/Y                 -       B->Y    R     NAND2x1_ASAP7_75t_SL           3  2.6    42    29     389    (-,-) 
  u_fix2fp32_col2_ADD_TC_OP_g652/Y                 -       B->Y    F     NOR2x1_ASAP7_75t_SL            3  2.6    31    21     411    (-,-) 
  u_fix2fp32_col2_ADD_TC_OP_g650/Y                 -       B->Y    R     NAND2x1_ASAP7_75t_SL           3  2.6    38    24     434    (-,-) 
  u_fix2fp32_col2_ADD_TC_OP_g648/Y                 -       B->Y    F     NOR2x1_ASAP7_75t_SL            3  2.6    30    21     455    (-,-) 
  u_fix2fp32_col2_ADD_TC_OP_g646/Y                 -       B->Y    R     NAND2x1_ASAP7_75t_SL           3  2.6    38    23     478    (-,-) 
  u_fix2fp32_col2_ADD_TC_OP_g644/Y                 -       B->Y    F     NOR2x1_ASAP7_75t_SL            3  2.6    30    21     499    (-,-) 
  u_fix2fp32_col2_ADD_TC_OP_g642/Y                 -       B->Y    R     NAND2x1_ASAP7_75t_SL           3  2.7    39    24     523    (-,-) 
  u_fix2fp32_col2_ADD_TC_OP_g640/Y                 -       B->Y    F     NOR2x1_ASAP7_75t_SL            3  2.7    31    21     544    (-,-) 
  u_fix2fp32_col2_ADD_TC_OP_g638/Y                 -       B->Y    R     NAND2x1_ASAP7_75t_SL           3  2.7    39    24     568    (-,-) 
  u_fix2fp32_col2_ADD_TC_OP_g636/Y                 -       B->Y    F     NOR2x1_ASAP7_75t_SL            3  3.2    34    23     592    (-,-) 
  u_fix2fp32_col2_ADD_TC_OP_g634/Y                 -       B->Y    R     NAND2x1p5_ASAP7_75t_SL         3  2.7    29    19     611    (-,-) 
  u_fix2fp32_col2_ADD_TC_OP_g632/Y                 -       B->Y    F     NOR2x1_ASAP7_75t_SL            3  2.7    30    20     630    (-,-) 
  u_fix2fp32_col2_ADD_TC_OP_g630/Y                 -       B->Y    R     NAND2x1_ASAP7_75t_SL           3  2.7    39    24     654    (-,-) 
  u_fix2fp32_col2_ADD_TC_OP_g628/Y                 -       B->Y    F     NOR2x1_ASAP7_75t_SL            3  2.7    31    21     676    (-,-) 
  u_fix2fp32_col2_ADD_TC_OP_g626/Y                 -       B->Y    R     NAND2x1_ASAP7_75t_SL           3  2.7    39    24     700    (-,-) 
  u_fix2fp32_col2_ADD_TC_OP_g624/Y                 -       B->Y    F     NOR2x1_ASAP7_75t_SL            3  2.7    31    21     721    (-,-) 
  u_fix2fp32_col2_ADD_TC_OP_g622/Y                 -       B->Y    R     NAND2x1_ASAP7_75t_SL           3  2.7    39    24     745    (-,-) 
  u_fix2fp32_col2_ADD_TC_OP_g620/Y                 -       B->Y    F     NOR2x1_ASAP7_75t_SL            3  3.2    34    23     768    (-,-) 
  u_fix2fp32_col2_ADD_TC_OP_g618/Y                 -       B->Y    R     NAND2x1p5_ASAP7_75t_SL         3  3.2    32    21     789    (-,-) 
  u_fix2fp32_col2_ADD_TC_OP_g616/Y                 -       B->Y    F     NOR2x1p5_ASAP7_75t_SL          3  3.2    26    16     805    (-,-) 
  u_fix2fp32_col2_ADD_TC_OP_g614/Y                 -       B->Y    R     NAND2x1p5_ASAP7_75t_SL         3  2.6    29    17     822    (-,-) 
  u_fix2fp32_col2_ADD_TC_OP_g610/Y                 -       A2->Y   F     AOI21xp33_ASAP7_75t_SL         1  0.7    25    13     836    (-,-) 
  g28279__8428/Y                                   -       B2->Y   F     AO22x1_ASAP7_75t_SL            2  1.5    21    30     866    (-,-) 
  g28183__4733/Y                                   -       A->Y    F     OR5x1_ASAP7_75t_SL             1  0.8    22    36     902    (-,-) 
  g27704__7482/Y                                   -       A->Y    R     NOR5xp2_ASAP7_75t_SL           1  0.8    69    32     934    (-,-) 
  g28182__1881/Y                                   -       B->Y    R     AND2x2_ASAP7_75t_SL            9  6.6    40    38     972    (-,-) 
  g28176__3680/Y                                   -       A1->Y   F     AOI21xp5_ASAP7_75t_SL          2  1.6    35    21     992    (-,-) 
  g28166__7410/Y                                   -       B->Y    R     NAND4xp25_ASAP7_75t_SL         1  0.8    30    19    1012    (-,-) 
  g28165__1666/Y                                   -       A->Y    R     OR2x2_ASAP7_75t_SL            26 18.1    94    60    1071    (-,-) 
  g28151__1705/Y                                   -       A1->Y   F     OAI21xp5_ASAP7_75t_SL          2  1.5    50    26    1097    (-,-) 
  g27644__7482/Y                                   -       C->Y    R     NOR4xp25_ASAP7_75t_SL          1  0.8    59    31    1128    (-,-) 
  g28129__1881/Y                                   -       B->Y    R     AND2x2_ASAP7_75t_SL            8  5.5    34    35    1163    (-,-) 
  g28109__5107/Y                                   -       A2->Y   F     AOI21xp5_ASAP7_75t_SL          2  1.6    39    17    1180    (-,-) 
  g28104__2398/Y                                   -       A->Y    R     NAND2xp5_ASAP7_75t_SL          1  0.8    28    18    1198    (-,-) 
  g27613__7410/Y                                   -       B->Y    R     OR3x2_ASAP7_75t_SL            26 18.7    97    57    1255    (-,-) 
  g27606__9315/Y                                   -       A1->Y   F     OAI21xp5_ASAP7_75t_SL          2  1.5    51    26    1280    (-,-) 
  g27603/Y                                         -       A->Y    R     INVxp67_ASAP7_75t_SL           1  0.9    29    18    1299    (-,-) 
  g27599__1881/Y                                   -       A2->Y   F     OAI21xp5_ASAP7_75t_SL          3  3.2    61    28    1327    (-,-) 
  g24568/Y                                         -       A->Y    R     INVx1_ASAP7_75t_SL             2  1.8    36    22    1349    (-,-) 
  u_fix2fp32_col2_csa_tree_SUB_TC_OP_groupi_g581/Y -       A->Y    F     INVxp67_ASAP7_75t_SL           1  0.9    20    12    1362    (-,-) 
  u_fix2fp32_col2_csa_tree_SUB_TC_OP_groupi_g570/Y -       A->Y    R     MAJIxp5_ASAP7_75t_SL           2  2.1    61    28    1390    (-,-) 
  u_fix2fp32_col2_csa_tree_SUB_TC_OP_groupi_g549/Y -       A->Y    F     MAJIxp5_ASAP7_75t_SL           2  2.1    56    28    1417    (-,-) 
  u_fix2fp32_col2_csa_tree_SUB_TC_OP_groupi_g531/Y -       A->Y    R     MAJIxp5_ASAP7_75t_SL           2  2.0    60    35    1453    (-,-) 
  u_fix2fp32_col2_csa_tree_SUB_TC_OP_groupi_g526/Y -       A->Y    F     MAJIxp5_ASAP7_75t_SL           2  2.0    50    27    1480    (-,-) 
  u_fix2fp32_col2_csa_tree_SUB_TC_OP_groupi_g524/Y -       A->Y    R     MAJIxp5_ASAP7_75t_SL           2  2.1    67    35    1514    (-,-) 
  u_fix2fp32_col2_csa_tree_SUB_TC_OP_groupi_g522/Y -       A->Y    R     MAJx2_ASAP7_75t_SL             2  2.1    20    31    1545    (-,-) 
  u_fix2fp32_col2_csa_tree_SUB_TC_OP_groupi_g520/Y -       A->Y    R     MAJx2_ASAP7_75t_SL             2  2.1    20    25    1571    (-,-) 
  u_fix2fp32_col2_csa_tree_SUB_TC_OP_groupi_g518/Y -       A->Y    F     MAJIxp5_ASAP7_75t_SL           2  1.7    45    19    1590    (-,-) 
  u_fix2fp32_col2_csa_tree_SUB_TC_OP_groupi_g516/Y -       B->Y    R     NOR2xp33_ASAP7_75t_SL          1  1.3    51    29    1619    (-,-) 
  g46692/Y                                         -       B->Y    F     NOR2x1_ASAP7_75t_SL           10  6.8    77    39    1658    (-,-) 
  g46691/Y                                         -       A->Y    R     INVx1_ASAP7_75t_L              1  0.8    29    20    1678    (-,-) 
  g46690/Y                                         -       A->Y    F     NOR3xp33_ASAP7_75t_SL          2  1.9    46    20    1698    (-,-) 
  g46681/Y                                         -       A->Y    R     NAND2x1_ASAP7_75t_SL          16 10.7   119    64    1763    (-,-) 
  g46676/Y                                         -       A->Y    F     INVx1_ASAP7_75t_SL             8  5.5    70    41    1803    (-,-) 
  g46654/Y                                         -       B1->Y   R     AOI22xp5_ASAP7_75t_SL          1  0.9    46    28    1832    (-,-) 
  PIPE_3_fix2float_col2_stage_reg_reg[0][0]/D      -       -       R     ASYNC_DFFHx1_ASAP7_75t_SL      1    -     -     0    1832    (-,-) 
#-------------------------------------------------------------------------------------------------------------------------------------------



Path 36: MET (53 ps) Setup Check with Pin PIPE_OUT_col1_stage_reg_reg[0][22]/CLK->D
           View: PVT_0P63V_100C.setup_view
          Group: clk
     Startpoint: (R) PIPE_cascade_in_col1_stage_reg_reg[0][1]/CLK
          Clock: (R) clk
       Endpoint: (F) PIPE_OUT_col1_stage_reg_reg[0][22]/D
          Clock: (R) clk

                     Capture       Launch     
        Clock Edge:+    2000            0     
       Src Latency:+       0            0     
       Net Latency:+       0 (I)        0 (I) 
           Arrival:=    2000            0     
                                              
             Setup:-      20                  
       Uncertainty:-     100                  
     Required Time:=    1880                  
      Launch Clock:-       0                  
         Data Path:-    1827                  
             Slack:=      53                  

#--------------------------------------------------------------------------------------------------------------------------------------------------
#                      Timing Point                       Flags    Arc    Edge           Cell             Fanout Load Trans Delay Arrival Instance 
#                                                                                                                (fF)  (ps)  (ps)   (ps)  Location 
#--------------------------------------------------------------------------------------------------------------------------------------------------
  PIPE_cascade_in_col1_stage_reg_reg[0][1]/CLK            -       -       R     (arrival)                   1147    -     0     0       0    (-,-) 
  PIPE_cascade_in_col1_stage_reg_reg[0][1]/QN             -       CLK->QN F     ASYNC_DFFHx1_ASAP7_75t_SL      1  0.8    22    42      42    (-,-) 
  g47114/Y                                                -       B->Y    F     AND2x2_ASAP7_75t_SL            1  1.4    17    22      64    (-,-) 
  g47039/Y                                                -       B->Y    R     AOI21x1_ASAP7_75t_SL           4  3.1    55    22      86    (-,-) 
  g46247/Y                                                -       A1->Y   F     AOI211x1_ASAP7_75t_SL          1  0.8    37    19     106    (-,-) 
  g46213/Y                                                -       A->Y    R     NOR3xp33_ASAP7_75t_SL          1  0.9    44    25     131    (-,-) 
  g46124/Y                                                -       A2->Y   F     OAI21xp5_ASAP7_75t_SL          1  0.9    26    15     146    (-,-) 
  g46034/Y                                                -       A1->Y   R     AOI311xp33_ASAP7_75t_SL        1  0.8    46    22     168    (-,-) 
  g45989/Y                                                -       A2->Y   F     OAI211xp5_ASAP7_75t_SL         1  1.3    43    24     191    (-,-) 
  g45983/Y                                                -       A->Y    F     AND2x4_ASAP7_75t_SL           13 13.6    31    38     229    (-,-) 
  g45978/Y                                                -       A->Y    R     INVx8_ASAP7_75t_SL            12  9.4    22    14     244    (-,-) 
  g45876/Y                                                -       A2->Y   R     OA22x2_ASAP7_75t_SL            2  1.4    17    23     267    (-,-) 
  g45782__4733/Y                                          -       C->Y    F     NAND4xp25_ASAP7_75t_SL         1  0.8    35    19     286    (-,-) 
  g45765__6783/Y                                          -       B->Y    F     OR2x2_ASAP7_75t_SL             3  2.0    17    28     314    (-,-) 
  g45738__5115/Y                                          -       B->Y    F     OR2x2_ASAP7_75t_SL             4  4.4    24    30     344    (-,-) 
  g45680__6417/Y                                          -       A2->Y   R     OAI21xp5_ASAP7_75t_SL          1  1.3    36    21     364    (-,-) 
  g45652__4733/Y                                          -       B->Y    R     AND2x4_ASAP7_75t_SL           14 15.2    44    36     401    (-,-) 
  g45649/Y                                                -       A->Y    F     INVx4_ASAP7_75t_SL             9  9.4    29    18     418    (-,-) 
  g45586__7410/Y                                          -       A1->Y   R     OAI22x1_ASAP7_75t_SL           2  1.6    44    17     436    (-,-) 
  g45513__1666/Y                                          -       A1->Y   F     AOI22xp5_ASAP7_75t_SL          2  1.6    37    19     455    (-,-) 
  g45457__4319/Y                                          -       B2->Y   R     OAI22xp5_ASAP7_75t_SL          2  2.1    58    33     487    (-,-) 
  g45451/Y                                                -       A->Y    F     INVx1_ASAP7_75t_L              1  0.8    21    14     502    (-,-) 
  g45408__8246/Y                                          -       B->Y    R     NAND2xp5_ASAP7_75t_SL          1  0.8    27    14     516    (-,-) 
  g45376__7098/Y                                          -       A1->Y   F     AOI21xp5_ASAP7_75t_SL          1  0.9    24    14     530    (-,-) 
  g45367__8428/Y                                          -       B->Y    R     OAI21xp5_ASAP7_75t_SL          2  2.1    55    19     549    (-,-) 
  g45358__2346/Y                                          -       B->Y    F     NOR2x1_ASAP7_75t_SL            2  1.3    39    16     565    (-,-) 
  addinc_FP32_ALU_col1_fracAdder_add_113_18_g954/Y        -       A->Y    F     AND2x2_ASAP7_75t_SL            2  2.4    17    30     594    (-,-) 
  addinc_FP32_ALU_col1_fracAdder_add_113_18_g846/Y        -       B->Y    R     NAND2x1p5_ASAP7_75t_SL         2  3.0    41    16     611    (-,-) 
  addinc_FP32_ALU_col1_fracAdder_add_113_18_g804/Y        -       B->Y    F     NOR2x1p5_ASAP7_75t_SL          2  1.8    24    14     624    (-,-) 
  addinc_FP32_ALU_col1_fracAdder_add_113_18_g780/Y        -       A2->Y   R     AOI21x1_ASAP7_75t_SL           2  1.5    30    16     640    (-,-) 
  addinc_FP32_ALU_col1_fracAdder_add_113_18_g759/Y        -       A2->Y   R     OA21x2_ASAP7_75t_SL            5  3.9    26    30     669    (-,-) 
  addinc_FP32_ALU_col1_fracAdder_add_113_18_g752/Y        -       A->Y    R     BUFx3_ASAP7_75t_SL             3  2.1    13    20     689    (-,-) 
  addinc_FP32_ALU_col1_fracAdder_add_113_18_g741/Y        -       A2->Y   R     OA21x2_ASAP7_75t_SL            1  1.3    14    20     709    (-,-) 
  addinc_FP32_ALU_col1_fracAdder_add_113_18_g719/Y        -       B->Y    R     XOR2xp5_ASAP7_75t_SL           2  1.8    46    30     740    (-,-) 
  g27985__2802/Y                                          -       A->Y    F     NOR2x1_ASAP7_75t_SL            1  1.3    28    18     758    (-,-) 
  g27978__4319/Y                                          -       A->Y    R     NAND2x1_ASAP7_75t_SL           1  1.8    32    21     779    (-,-) 
  g27976__5107/Y                                          -       C->Y    F     NOR4xp75_ASAP7_75t_SL          1  1.3    30    12     791    (-,-) 
  g27975__2398/Y                                          -       A->Y    F     AND3x4_ASAP7_75t_SL           11 11.2    30    38     829    (-,-) 
  g27964__9945/Y                                          -       A2->Y   R     AOI21x1_ASAP7_75t_SL           2  2.6    40    21     850    (-,-) 
  g27960__4733/Y                                          -       C->Y    F     NAND4xp75_ASAP7_75t_SL         1  2.3    39    20     870    (-,-) 
  g27958__5115/Y                                          -       B->Y    R     NOR2x2_ASAP7_75t_SL           10  6.4    43    25     895    (-,-) 
  g27947__2802/Y                                          -       A2->Y   F     AOI21xp5_ASAP7_75t_L           1  0.9    29    17     912    (-,-) 
  g27945/Y                                                -       A->Y    R     INVx1_ASAP7_75t_L              1  1.4    25    18     930    (-,-) 
  g27944__3680/Y                                          -       B->Y    F     AOI21x1_ASAP7_75t_SL           2  1.8    35    13     944    (-,-) 
  g27937__6260/Y                                          -       C->Y    F     AND3x4_ASAP7_75t_SL            5  3.9    18    35     979    (-,-) 
  g27936/Y                                                -       A->Y    R     INVx2_ASAP7_75t_SL             4  3.0    20    13     992    (-,-) 
  g27930__1666/Y                                          -       A2->Y   F     OAI21xp5_ASAP7_75t_SL          1  1.4    33    16    1009    (-,-) 
  g27926__9315/Y                                          -       B->Y    R     AOI21x1_ASAP7_75t_SL           2  2.2    36    22    1030    (-,-) 
  g27924/Y                                                -       A->Y    F     INVx2_ASAP7_75t_SL             1  0.9    13     7    1037    (-,-) 
  g27918__1881/Y                                          -       A2->Y   F     OA21x2_ASAP7_75t_SL            2  1.4    14    23    1060    (-,-) 
  g27910__1705/Y                                          -       B->Y    R     NAND2xp5_ASAP7_75t_SL          1  0.9    24    13    1074    (-,-) 
  g27908__1617/Y                                          -       A1->Y   F     OAI21xp5_ASAP7_75t_SL          2  1.5    31    18    1091    (-,-) 
  g27906__6783/Y                                          -       A2->Y   R     AOI21xp5_ASAP7_75t_L           1  1.3    41    26    1117    (-,-) 
  g27905__5526/Y                                          -       C->Y    F     AOI211x1_ASAP7_75t_SL          2  1.9    44    19    1136    (-,-) 
  g27903__8428/Y                                          -       B->Y    F     AND2x4_ASAP7_75t_SL            7  5.5    18    29    1165    (-,-) 
  g27898__5107/Y                                          -       B->Y    R     NAND2xp5_ASAP7_75t_SL          1  0.9    24    14    1178    (-,-) 
  g27893__1666/Y                                          -       B->Y    R     OA21x2_ASAP7_75t_SL            2  2.9    22    26    1204    (-,-) 
  g27884/Y                                                -       A->Y    F     INVx2_ASAP7_75t_SL             8  5.7    25    17    1221    (-,-) 
  g27883/Y                                                -       A->Y    R     INVx1_ASAP7_75t_SL             1  0.8    17    11    1232    (-,-) 
  g27821__2346/Y                                          -       B2->Y   F     OAI22xp5_ASAP7_75t_SL          3  2.3    41    20    1252    (-,-) 
  g27743__6260/Y                                          -       B2->Y   F     AO22x2_ASAP7_75t_SL            4  2.8    20    34    1286    (-,-) 
  g48022/Y                                                -       A->Y    F     HB1xp67_ASAP7_75t_SRAM         4  3.7    83    77    1363    (-,-) 
  inc_FP32_ALU_col1_roundingAdder_add_274_18_spec1_g567/Y -       A->Y    R     NAND2x1p5_ASAP7_75t_SL         3  2.6    45    30    1393    (-,-) 
  inc_FP32_ALU_col1_roundingAdder_add_274_18_spec1_g552/Y -       B->Y    F     NOR2x1_ASAP7_75t_SL            2  2.4    30    21    1414    (-,-) 
  inc_FP32_ALU_col1_roundingAdder_add_274_18_spec1_g549/Y -       B->Y    R     NAND2x1p5_ASAP7_75t_SL         3  2.9    43    19    1433    (-,-) 
  inc_FP32_ALU_col1_roundingAdder_add_274_18_spec1_g547/Y -       B->Y    F     NOR2x1p5_ASAP7_75t_SL          3  1.9    22    14    1447    (-,-) 
  inc_FP32_ALU_col1_roundingAdder_add_274_18_spec1_g542/Y -       B->Y    F     AND2x2_ASAP7_75t_L             3  2.4    17    29    1476    (-,-) 
  inc_FP32_ALU_col1_roundingAdder_add_274_18_spec1_g536/Y -       B->Y    F     AND2x4_ASAP7_75t_SL            5  4.1    14    22    1498    (-,-) 
  inc_FP32_ALU_col1_roundingAdder_add_274_18_spec1_g505/Y -       A->Y    R     NAND4xp75_ASAP7_75t_SL         3  2.4    28    13    1511    (-,-) 
  inc_FP32_ALU_col1_roundingAdder_add_274_18_spec1_g495/Y -       B->Y    F     NOR2x1_ASAP7_75t_SL            3  1.9    27    16    1527    (-,-) 
  inc_FP32_ALU_col1_roundingAdder_add_274_18_spec1_g486/Y -       B->Y    F     AND2x2_ASAP7_75t_SL            2  2.1    15    25    1552    (-,-) 
  inc_FP32_ALU_col1_roundingAdder_add_274_18_spec1_g479/Y -       B->Y    R     NAND2x1_ASAP7_75t_L            3  3.2    53    26    1578    (-,-) 
  inc_FP32_ALU_col1_roundingAdder_add_274_18_spec1_g475/Y -       B->Y    F     NOR2x1_ASAP7_75t_SL            2  1.3    26    16    1594    (-,-) 
  inc_FP32_ALU_col1_roundingAdder_add_274_18_spec1_g472/Y -       B->Y    F     AND2x2_ASAP7_75t_SL            3  3.0    19    26    1620    (-,-) 
  inc_FP32_ALU_col1_roundingAdder_add_274_18_spec1_g467/Y -       B->Y    F     AND2x2_ASAP7_75t_SL            1  1.3    14    21    1641    (-,-) 
  inc_FP32_ALU_col1_roundingAdder_add_274_18_spec1_g465/Y -       B->Y    F     XNOR2xp5_ASAP7_75t_SL          1  0.8    22    21    1662    (-,-) 
  g27261/Y                                                -       A1->Y   R     AOI22xp5_ASAP7_75t_SL          2  1.4    42    22    1684    (-,-) 
  g27242/Y                                                -       C->Y    F     NOR4xp25_ASAP7_75t_SL          1  0.8    29    17    1701    (-,-) 
  g27232/Y                                                -       A1->Y   R     AOI21xp5_ASAP7_75t_L           3  2.2    60    34    1735    (-,-) 
  g27230/Y                                                -       B->Y    R     AND2x2_ASAP7_75t_L            19 13.8    86    65    1800    (-,-) 
  g27168/Y                                                -       B1->Y   F     AOI221xp5_ASAP7_75t_SL         1  0.9    58    27    1827    (-,-) 
  PIPE_OUT_col1_stage_reg_reg[0][22]/D                    -       -       F     ASYNC_DFFHx1_ASAP7_75t_SL      1    -     -     0    1827    (-,-) 
#--------------------------------------------------------------------------------------------------------------------------------------------------



Path 37: MET (53 ps) Setup Check with Pin PIPE_OUT_col1_stage_reg_reg[0][21]/CLK->D
           View: PVT_0P63V_100C.setup_view
          Group: clk
     Startpoint: (R) PIPE_cascade_in_col1_stage_reg_reg[0][1]/CLK
          Clock: (R) clk
       Endpoint: (F) PIPE_OUT_col1_stage_reg_reg[0][21]/D
          Clock: (R) clk

                     Capture       Launch     
        Clock Edge:+    2000            0     
       Src Latency:+       0            0     
       Net Latency:+       0 (I)        0 (I) 
           Arrival:=    2000            0     
                                              
             Setup:-      20                  
       Uncertainty:-     100                  
     Required Time:=    1880                  
      Launch Clock:-       0                  
         Data Path:-    1827                  
             Slack:=      53                  

#--------------------------------------------------------------------------------------------------------------------------------------------------
#                      Timing Point                       Flags    Arc    Edge           Cell             Fanout Load Trans Delay Arrival Instance 
#                                                                                                                (fF)  (ps)  (ps)   (ps)  Location 
#--------------------------------------------------------------------------------------------------------------------------------------------------
  PIPE_cascade_in_col1_stage_reg_reg[0][1]/CLK            -       -       R     (arrival)                   1147    -     0     0       0    (-,-) 
  PIPE_cascade_in_col1_stage_reg_reg[0][1]/QN             -       CLK->QN F     ASYNC_DFFHx1_ASAP7_75t_SL      1  0.8    22    42      42    (-,-) 
  g47114/Y                                                -       B->Y    F     AND2x2_ASAP7_75t_SL            1  1.4    17    22      64    (-,-) 
  g47039/Y                                                -       B->Y    R     AOI21x1_ASAP7_75t_SL           4  3.1    55    22      86    (-,-) 
  g46247/Y                                                -       A1->Y   F     AOI211x1_ASAP7_75t_SL          1  0.8    37    19     106    (-,-) 
  g46213/Y                                                -       A->Y    R     NOR3xp33_ASAP7_75t_SL          1  0.9    44    25     131    (-,-) 
  g46124/Y                                                -       A2->Y   F     OAI21xp5_ASAP7_75t_SL          1  0.9    26    15     146    (-,-) 
  g46034/Y                                                -       A1->Y   R     AOI311xp33_ASAP7_75t_SL        1  0.8    46    22     168    (-,-) 
  g45989/Y                                                -       A2->Y   F     OAI211xp5_ASAP7_75t_SL         1  1.3    43    24     191    (-,-) 
  g45983/Y                                                -       A->Y    F     AND2x4_ASAP7_75t_SL           13 13.6    31    38     229    (-,-) 
  g45978/Y                                                -       A->Y    R     INVx8_ASAP7_75t_SL            12  9.4    22    14     244    (-,-) 
  g45876/Y                                                -       A2->Y   R     OA22x2_ASAP7_75t_SL            2  1.4    17    23     267    (-,-) 
  g45782__4733/Y                                          -       C->Y    F     NAND4xp25_ASAP7_75t_SL         1  0.8    35    19     286    (-,-) 
  g45765__6783/Y                                          -       B->Y    F     OR2x2_ASAP7_75t_SL             3  2.0    17    28     314    (-,-) 
  g45738__5115/Y                                          -       B->Y    F     OR2x2_ASAP7_75t_SL             4  4.4    24    30     344    (-,-) 
  g45680__6417/Y                                          -       A2->Y   R     OAI21xp5_ASAP7_75t_SL          1  1.3    36    21     364    (-,-) 
  g45652__4733/Y                                          -       B->Y    R     AND2x4_ASAP7_75t_SL           14 15.2    44    36     401    (-,-) 
  g45649/Y                                                -       A->Y    F     INVx4_ASAP7_75t_SL             9  9.4    29    18     418    (-,-) 
  g45586__7410/Y                                          -       A1->Y   R     OAI22x1_ASAP7_75t_SL           2  1.6    44    17     436    (-,-) 
  g45513__1666/Y                                          -       A1->Y   F     AOI22xp5_ASAP7_75t_SL          2  1.6    37    19     455    (-,-) 
  g45457__4319/Y                                          -       B2->Y   R     OAI22xp5_ASAP7_75t_SL          2  2.1    58    33     487    (-,-) 
  g45451/Y                                                -       A->Y    F     INVx1_ASAP7_75t_L              1  0.8    21    14     502    (-,-) 
  g45408__8246/Y                                          -       B->Y    R     NAND2xp5_ASAP7_75t_SL          1  0.8    27    14     516    (-,-) 
  g45376__7098/Y                                          -       A1->Y   F     AOI21xp5_ASAP7_75t_SL          1  0.9    24    14     530    (-,-) 
  g45367__8428/Y                                          -       B->Y    R     OAI21xp5_ASAP7_75t_SL          2  2.1    55    19     549    (-,-) 
  g45358__2346/Y                                          -       B->Y    F     NOR2x1_ASAP7_75t_SL            2  1.3    39    16     565    (-,-) 
  addinc_FP32_ALU_col1_fracAdder_add_113_18_g954/Y        -       A->Y    F     AND2x2_ASAP7_75t_SL            2  2.4    17    30     594    (-,-) 
  addinc_FP32_ALU_col1_fracAdder_add_113_18_g846/Y        -       B->Y    R     NAND2x1p5_ASAP7_75t_SL         2  3.0    41    16     611    (-,-) 
  addinc_FP32_ALU_col1_fracAdder_add_113_18_g804/Y        -       B->Y    F     NOR2x1p5_ASAP7_75t_SL          2  1.8    24    14     624    (-,-) 
  addinc_FP32_ALU_col1_fracAdder_add_113_18_g780/Y        -       A2->Y   R     AOI21x1_ASAP7_75t_SL           2  1.5    30    16     640    (-,-) 
  addinc_FP32_ALU_col1_fracAdder_add_113_18_g759/Y        -       A2->Y   R     OA21x2_ASAP7_75t_SL            5  3.9    26    30     669    (-,-) 
  addinc_FP32_ALU_col1_fracAdder_add_113_18_g752/Y        -       A->Y    R     BUFx3_ASAP7_75t_SL             3  2.1    13    20     689    (-,-) 
  addinc_FP32_ALU_col1_fracAdder_add_113_18_g741/Y        -       A2->Y   R     OA21x2_ASAP7_75t_SL            1  1.3    14    20     709    (-,-) 
  addinc_FP32_ALU_col1_fracAdder_add_113_18_g719/Y        -       B->Y    R     XOR2xp5_ASAP7_75t_SL           2  1.8    46    30     740    (-,-) 
  g27985__2802/Y                                          -       A->Y    F     NOR2x1_ASAP7_75t_SL            1  1.3    28    18     758    (-,-) 
  g27978__4319/Y                                          -       A->Y    R     NAND2x1_ASAP7_75t_SL           1  1.8    32    21     779    (-,-) 
  g27976__5107/Y                                          -       C->Y    F     NOR4xp75_ASAP7_75t_SL          1  1.3    30    12     791    (-,-) 
  g27975__2398/Y                                          -       A->Y    F     AND3x4_ASAP7_75t_SL           11 11.2    30    38     829    (-,-) 
  g27964__9945/Y                                          -       A2->Y   R     AOI21x1_ASAP7_75t_SL           2  2.6    40    21     850    (-,-) 
  g27960__4733/Y                                          -       C->Y    F     NAND4xp75_ASAP7_75t_SL         1  2.3    39    20     870    (-,-) 
  g27958__5115/Y                                          -       B->Y    R     NOR2x2_ASAP7_75t_SL           10  6.4    43    25     895    (-,-) 
  g27947__2802/Y                                          -       A2->Y   F     AOI21xp5_ASAP7_75t_L           1  0.9    29    17     912    (-,-) 
  g27945/Y                                                -       A->Y    R     INVx1_ASAP7_75t_L              1  1.4    25    18     930    (-,-) 
  g27944__3680/Y                                          -       B->Y    F     AOI21x1_ASAP7_75t_SL           2  1.8    35    13     944    (-,-) 
  g27937__6260/Y                                          -       C->Y    F     AND3x4_ASAP7_75t_SL            5  3.9    18    35     979    (-,-) 
  g27936/Y                                                -       A->Y    R     INVx2_ASAP7_75t_SL             4  3.0    20    13     992    (-,-) 
  g27930__1666/Y                                          -       A2->Y   F     OAI21xp5_ASAP7_75t_SL          1  1.4    33    16    1009    (-,-) 
  g27926__9315/Y                                          -       B->Y    R     AOI21x1_ASAP7_75t_SL           2  2.2    36    22    1030    (-,-) 
  g27924/Y                                                -       A->Y    F     INVx2_ASAP7_75t_SL             1  0.9    13     7    1037    (-,-) 
  g27918__1881/Y                                          -       A2->Y   F     OA21x2_ASAP7_75t_SL            2  1.4    14    23    1060    (-,-) 
  g27910__1705/Y                                          -       B->Y    R     NAND2xp5_ASAP7_75t_SL          1  0.9    24    13    1074    (-,-) 
  g27908__1617/Y                                          -       A1->Y   F     OAI21xp5_ASAP7_75t_SL          2  1.5    31    18    1091    (-,-) 
  g27906__6783/Y                                          -       A2->Y   R     AOI21xp5_ASAP7_75t_L           1  1.3    41    26    1117    (-,-) 
  g27905__5526/Y                                          -       C->Y    F     AOI211x1_ASAP7_75t_SL          2  1.9    44    19    1136    (-,-) 
  g27903__8428/Y                                          -       B->Y    F     AND2x4_ASAP7_75t_SL            7  5.5    18    29    1165    (-,-) 
  g27898__5107/Y                                          -       B->Y    R     NAND2xp5_ASAP7_75t_SL          1  0.9    24    14    1178    (-,-) 
  g27893__1666/Y                                          -       B->Y    R     OA21x2_ASAP7_75t_SL            2  2.9    22    26    1204    (-,-) 
  g27884/Y                                                -       A->Y    F     INVx2_ASAP7_75t_SL             8  5.7    25    17    1221    (-,-) 
  g27883/Y                                                -       A->Y    R     INVx1_ASAP7_75t_SL             1  0.8    17    11    1232    (-,-) 
  g27821__2346/Y                                          -       B2->Y   F     OAI22xp5_ASAP7_75t_SL          3  2.3    41    20    1252    (-,-) 
  g27743__6260/Y                                          -       B2->Y   F     AO22x2_ASAP7_75t_SL            4  2.8    20    34    1286    (-,-) 
  g48022/Y                                                -       A->Y    F     HB1xp67_ASAP7_75t_SRAM         4  3.7    83    77    1363    (-,-) 
  inc_FP32_ALU_col1_roundingAdder_add_274_18_spec1_g567/Y -       A->Y    R     NAND2x1p5_ASAP7_75t_SL         3  2.6    45    30    1393    (-,-) 
  inc_FP32_ALU_col1_roundingAdder_add_274_18_spec1_g552/Y -       B->Y    F     NOR2x1_ASAP7_75t_SL            2  2.4    30    21    1414    (-,-) 
  inc_FP32_ALU_col1_roundingAdder_add_274_18_spec1_g549/Y -       B->Y    R     NAND2x1p5_ASAP7_75t_SL         3  2.9    43    19    1433    (-,-) 
  inc_FP32_ALU_col1_roundingAdder_add_274_18_spec1_g547/Y -       B->Y    F     NOR2x1p5_ASAP7_75t_SL          3  1.9    22    14    1447    (-,-) 
  inc_FP32_ALU_col1_roundingAdder_add_274_18_spec1_g542/Y -       B->Y    F     AND2x2_ASAP7_75t_L             3  2.4    17    29    1476    (-,-) 
  inc_FP32_ALU_col1_roundingAdder_add_274_18_spec1_g536/Y -       B->Y    F     AND2x4_ASAP7_75t_SL            5  4.1    14    22    1498    (-,-) 
  inc_FP32_ALU_col1_roundingAdder_add_274_18_spec1_g505/Y -       A->Y    R     NAND4xp75_ASAP7_75t_SL         3  2.4    28    13    1511    (-,-) 
  inc_FP32_ALU_col1_roundingAdder_add_274_18_spec1_g495/Y -       B->Y    F     NOR2x1_ASAP7_75t_SL            3  1.9    27    16    1527    (-,-) 
  inc_FP32_ALU_col1_roundingAdder_add_274_18_spec1_g486/Y -       B->Y    F     AND2x2_ASAP7_75t_SL            2  2.1    15    25    1552    (-,-) 
  inc_FP32_ALU_col1_roundingAdder_add_274_18_spec1_g479/Y -       B->Y    R     NAND2x1_ASAP7_75t_L            3  3.2    53    26    1578    (-,-) 
  inc_FP32_ALU_col1_roundingAdder_add_274_18_spec1_g475/Y -       B->Y    F     NOR2x1_ASAP7_75t_SL            2  1.3    26    16    1594    (-,-) 
  inc_FP32_ALU_col1_roundingAdder_add_274_18_spec1_g472/Y -       B->Y    F     AND2x2_ASAP7_75t_SL            3  3.0    19    26    1620    (-,-) 
  inc_FP32_ALU_col1_roundingAdder_add_274_18_spec1_g467/Y -       B->Y    F     AND2x2_ASAP7_75t_SL            1  1.3    14    21    1641    (-,-) 
  inc_FP32_ALU_col1_roundingAdder_add_274_18_spec1_g465/Y -       B->Y    F     XNOR2xp5_ASAP7_75t_SL          1  0.8    22    21    1662    (-,-) 
  g27261/Y                                                -       A1->Y   R     AOI22xp5_ASAP7_75t_SL          2  1.4    42    22    1684    (-,-) 
  g27242/Y                                                -       C->Y    F     NOR4xp25_ASAP7_75t_SL          1  0.8    29    17    1701    (-,-) 
  g27232/Y                                                -       A1->Y   R     AOI21xp5_ASAP7_75t_L           3  2.2    60    34    1735    (-,-) 
  g27230/Y                                                -       B->Y    R     AND2x2_ASAP7_75t_L            19 13.8    86    65    1800    (-,-) 
  g27167/Y                                                -       B1->Y   F     AOI221xp5_ASAP7_75t_SL         1  0.9    58    27    1827    (-,-) 
  PIPE_OUT_col1_stage_reg_reg[0][21]/D                    -       -       F     ASYNC_DFFHx1_ASAP7_75t_SL      1    -     -     0    1827    (-,-) 
#--------------------------------------------------------------------------------------------------------------------------------------------------



Path 38: MET (53 ps) Setup Check with Pin PIPE_OUT_col1_stage_reg_reg[0][20]/CLK->D
           View: PVT_0P63V_100C.setup_view
          Group: clk
     Startpoint: (R) PIPE_cascade_in_col1_stage_reg_reg[0][1]/CLK
          Clock: (R) clk
       Endpoint: (F) PIPE_OUT_col1_stage_reg_reg[0][20]/D
          Clock: (R) clk

                     Capture       Launch     
        Clock Edge:+    2000            0     
       Src Latency:+       0            0     
       Net Latency:+       0 (I)        0 (I) 
           Arrival:=    2000            0     
                                              
             Setup:-      20                  
       Uncertainty:-     100                  
     Required Time:=    1880                  
      Launch Clock:-       0                  
         Data Path:-    1827                  
             Slack:=      53                  

#--------------------------------------------------------------------------------------------------------------------------------------------------
#                      Timing Point                       Flags    Arc    Edge           Cell             Fanout Load Trans Delay Arrival Instance 
#                                                                                                                (fF)  (ps)  (ps)   (ps)  Location 
#--------------------------------------------------------------------------------------------------------------------------------------------------
  PIPE_cascade_in_col1_stage_reg_reg[0][1]/CLK            -       -       R     (arrival)                   1147    -     0     0       0    (-,-) 
  PIPE_cascade_in_col1_stage_reg_reg[0][1]/QN             -       CLK->QN F     ASYNC_DFFHx1_ASAP7_75t_SL      1  0.8    22    42      42    (-,-) 
  g47114/Y                                                -       B->Y    F     AND2x2_ASAP7_75t_SL            1  1.4    17    22      64    (-,-) 
  g47039/Y                                                -       B->Y    R     AOI21x1_ASAP7_75t_SL           4  3.1    55    22      86    (-,-) 
  g46247/Y                                                -       A1->Y   F     AOI211x1_ASAP7_75t_SL          1  0.8    37    19     106    (-,-) 
  g46213/Y                                                -       A->Y    R     NOR3xp33_ASAP7_75t_SL          1  0.9    44    25     131    (-,-) 
  g46124/Y                                                -       A2->Y   F     OAI21xp5_ASAP7_75t_SL          1  0.9    26    15     146    (-,-) 
  g46034/Y                                                -       A1->Y   R     AOI311xp33_ASAP7_75t_SL        1  0.8    46    22     168    (-,-) 
  g45989/Y                                                -       A2->Y   F     OAI211xp5_ASAP7_75t_SL         1  1.3    43    24     191    (-,-) 
  g45983/Y                                                -       A->Y    F     AND2x4_ASAP7_75t_SL           13 13.6    31    38     229    (-,-) 
  g45978/Y                                                -       A->Y    R     INVx8_ASAP7_75t_SL            12  9.4    22    14     244    (-,-) 
  g45876/Y                                                -       A2->Y   R     OA22x2_ASAP7_75t_SL            2  1.4    17    23     267    (-,-) 
  g45782__4733/Y                                          -       C->Y    F     NAND4xp25_ASAP7_75t_SL         1  0.8    35    19     286    (-,-) 
  g45765__6783/Y                                          -       B->Y    F     OR2x2_ASAP7_75t_SL             3  2.0    17    28     314    (-,-) 
  g45738__5115/Y                                          -       B->Y    F     OR2x2_ASAP7_75t_SL             4  4.4    24    30     344    (-,-) 
  g45680__6417/Y                                          -       A2->Y   R     OAI21xp5_ASAP7_75t_SL          1  1.3    36    21     364    (-,-) 
  g45652__4733/Y                                          -       B->Y    R     AND2x4_ASAP7_75t_SL           14 15.2    44    36     401    (-,-) 
  g45649/Y                                                -       A->Y    F     INVx4_ASAP7_75t_SL             9  9.4    29    18     418    (-,-) 
  g45586__7410/Y                                          -       A1->Y   R     OAI22x1_ASAP7_75t_SL           2  1.6    44    17     436    (-,-) 
  g45513__1666/Y                                          -       A1->Y   F     AOI22xp5_ASAP7_75t_SL          2  1.6    37    19     455    (-,-) 
  g45457__4319/Y                                          -       B2->Y   R     OAI22xp5_ASAP7_75t_SL          2  2.1    58    33     487    (-,-) 
  g45451/Y                                                -       A->Y    F     INVx1_ASAP7_75t_L              1  0.8    21    14     502    (-,-) 
  g45408__8246/Y                                          -       B->Y    R     NAND2xp5_ASAP7_75t_SL          1  0.8    27    14     516    (-,-) 
  g45376__7098/Y                                          -       A1->Y   F     AOI21xp5_ASAP7_75t_SL          1  0.9    24    14     530    (-,-) 
  g45367__8428/Y                                          -       B->Y    R     OAI21xp5_ASAP7_75t_SL          2  2.1    55    19     549    (-,-) 
  g45358__2346/Y                                          -       B->Y    F     NOR2x1_ASAP7_75t_SL            2  1.3    39    16     565    (-,-) 
  addinc_FP32_ALU_col1_fracAdder_add_113_18_g954/Y        -       A->Y    F     AND2x2_ASAP7_75t_SL            2  2.4    17    30     594    (-,-) 
  addinc_FP32_ALU_col1_fracAdder_add_113_18_g846/Y        -       B->Y    R     NAND2x1p5_ASAP7_75t_SL         2  3.0    41    16     611    (-,-) 
  addinc_FP32_ALU_col1_fracAdder_add_113_18_g804/Y        -       B->Y    F     NOR2x1p5_ASAP7_75t_SL          2  1.8    24    14     624    (-,-) 
  addinc_FP32_ALU_col1_fracAdder_add_113_18_g780/Y        -       A2->Y   R     AOI21x1_ASAP7_75t_SL           2  1.5    30    16     640    (-,-) 
  addinc_FP32_ALU_col1_fracAdder_add_113_18_g759/Y        -       A2->Y   R     OA21x2_ASAP7_75t_SL            5  3.9    26    30     669    (-,-) 
  addinc_FP32_ALU_col1_fracAdder_add_113_18_g752/Y        -       A->Y    R     BUFx3_ASAP7_75t_SL             3  2.1    13    20     689    (-,-) 
  addinc_FP32_ALU_col1_fracAdder_add_113_18_g741/Y        -       A2->Y   R     OA21x2_ASAP7_75t_SL            1  1.3    14    20     709    (-,-) 
  addinc_FP32_ALU_col1_fracAdder_add_113_18_g719/Y        -       B->Y    R     XOR2xp5_ASAP7_75t_SL           2  1.8    46    30     740    (-,-) 
  g27985__2802/Y                                          -       A->Y    F     NOR2x1_ASAP7_75t_SL            1  1.3    28    18     758    (-,-) 
  g27978__4319/Y                                          -       A->Y    R     NAND2x1_ASAP7_75t_SL           1  1.8    32    21     779    (-,-) 
  g27976__5107/Y                                          -       C->Y    F     NOR4xp75_ASAP7_75t_SL          1  1.3    30    12     791    (-,-) 
  g27975__2398/Y                                          -       A->Y    F     AND3x4_ASAP7_75t_SL           11 11.2    30    38     829    (-,-) 
  g27964__9945/Y                                          -       A2->Y   R     AOI21x1_ASAP7_75t_SL           2  2.6    40    21     850    (-,-) 
  g27960__4733/Y                                          -       C->Y    F     NAND4xp75_ASAP7_75t_SL         1  2.3    39    20     870    (-,-) 
  g27958__5115/Y                                          -       B->Y    R     NOR2x2_ASAP7_75t_SL           10  6.4    43    25     895    (-,-) 
  g27947__2802/Y                                          -       A2->Y   F     AOI21xp5_ASAP7_75t_L           1  0.9    29    17     912    (-,-) 
  g27945/Y                                                -       A->Y    R     INVx1_ASAP7_75t_L              1  1.4    25    18     930    (-,-) 
  g27944__3680/Y                                          -       B->Y    F     AOI21x1_ASAP7_75t_SL           2  1.8    35    13     944    (-,-) 
  g27937__6260/Y                                          -       C->Y    F     AND3x4_ASAP7_75t_SL            5  3.9    18    35     979    (-,-) 
  g27936/Y                                                -       A->Y    R     INVx2_ASAP7_75t_SL             4  3.0    20    13     992    (-,-) 
  g27930__1666/Y                                          -       A2->Y   F     OAI21xp5_ASAP7_75t_SL          1  1.4    33    16    1009    (-,-) 
  g27926__9315/Y                                          -       B->Y    R     AOI21x1_ASAP7_75t_SL           2  2.2    36    22    1030    (-,-) 
  g27924/Y                                                -       A->Y    F     INVx2_ASAP7_75t_SL             1  0.9    13     7    1037    (-,-) 
  g27918__1881/Y                                          -       A2->Y   F     OA21x2_ASAP7_75t_SL            2  1.4    14    23    1060    (-,-) 
  g27910__1705/Y                                          -       B->Y    R     NAND2xp5_ASAP7_75t_SL          1  0.9    24    13    1074    (-,-) 
  g27908__1617/Y                                          -       A1->Y   F     OAI21xp5_ASAP7_75t_SL          2  1.5    31    18    1091    (-,-) 
  g27906__6783/Y                                          -       A2->Y   R     AOI21xp5_ASAP7_75t_L           1  1.3    41    26    1117    (-,-) 
  g27905__5526/Y                                          -       C->Y    F     AOI211x1_ASAP7_75t_SL          2  1.9    44    19    1136    (-,-) 
  g27903__8428/Y                                          -       B->Y    F     AND2x4_ASAP7_75t_SL            7  5.5    18    29    1165    (-,-) 
  g27898__5107/Y                                          -       B->Y    R     NAND2xp5_ASAP7_75t_SL          1  0.9    24    14    1178    (-,-) 
  g27893__1666/Y                                          -       B->Y    R     OA21x2_ASAP7_75t_SL            2  2.9    22    26    1204    (-,-) 
  g27884/Y                                                -       A->Y    F     INVx2_ASAP7_75t_SL             8  5.7    25    17    1221    (-,-) 
  g27883/Y                                                -       A->Y    R     INVx1_ASAP7_75t_SL             1  0.8    17    11    1232    (-,-) 
  g27821__2346/Y                                          -       B2->Y   F     OAI22xp5_ASAP7_75t_SL          3  2.3    41    20    1252    (-,-) 
  g27743__6260/Y                                          -       B2->Y   F     AO22x2_ASAP7_75t_SL            4  2.8    20    34    1286    (-,-) 
  g48022/Y                                                -       A->Y    F     HB1xp67_ASAP7_75t_SRAM         4  3.7    83    77    1363    (-,-) 
  inc_FP32_ALU_col1_roundingAdder_add_274_18_spec1_g567/Y -       A->Y    R     NAND2x1p5_ASAP7_75t_SL         3  2.6    45    30    1393    (-,-) 
  inc_FP32_ALU_col1_roundingAdder_add_274_18_spec1_g552/Y -       B->Y    F     NOR2x1_ASAP7_75t_SL            2  2.4    30    21    1414    (-,-) 
  inc_FP32_ALU_col1_roundingAdder_add_274_18_spec1_g549/Y -       B->Y    R     NAND2x1p5_ASAP7_75t_SL         3  2.9    43    19    1433    (-,-) 
  inc_FP32_ALU_col1_roundingAdder_add_274_18_spec1_g547/Y -       B->Y    F     NOR2x1p5_ASAP7_75t_SL          3  1.9    22    14    1447    (-,-) 
  inc_FP32_ALU_col1_roundingAdder_add_274_18_spec1_g542/Y -       B->Y    F     AND2x2_ASAP7_75t_L             3  2.4    17    29    1476    (-,-) 
  inc_FP32_ALU_col1_roundingAdder_add_274_18_spec1_g536/Y -       B->Y    F     AND2x4_ASAP7_75t_SL            5  4.1    14    22    1498    (-,-) 
  inc_FP32_ALU_col1_roundingAdder_add_274_18_spec1_g505/Y -       A->Y    R     NAND4xp75_ASAP7_75t_SL         3  2.4    28    13    1511    (-,-) 
  inc_FP32_ALU_col1_roundingAdder_add_274_18_spec1_g495/Y -       B->Y    F     NOR2x1_ASAP7_75t_SL            3  1.9    27    16    1527    (-,-) 
  inc_FP32_ALU_col1_roundingAdder_add_274_18_spec1_g486/Y -       B->Y    F     AND2x2_ASAP7_75t_SL            2  2.1    15    25    1552    (-,-) 
  inc_FP32_ALU_col1_roundingAdder_add_274_18_spec1_g479/Y -       B->Y    R     NAND2x1_ASAP7_75t_L            3  3.2    53    26    1578    (-,-) 
  inc_FP32_ALU_col1_roundingAdder_add_274_18_spec1_g475/Y -       B->Y    F     NOR2x1_ASAP7_75t_SL            2  1.3    26    16    1594    (-,-) 
  inc_FP32_ALU_col1_roundingAdder_add_274_18_spec1_g472/Y -       B->Y    F     AND2x2_ASAP7_75t_SL            3  3.0    19    26    1620    (-,-) 
  inc_FP32_ALU_col1_roundingAdder_add_274_18_spec1_g467/Y -       B->Y    F     AND2x2_ASAP7_75t_SL            1  1.3    14    21    1641    (-,-) 
  inc_FP32_ALU_col1_roundingAdder_add_274_18_spec1_g465/Y -       B->Y    F     XNOR2xp5_ASAP7_75t_SL          1  0.8    22    21    1662    (-,-) 
  g27261/Y                                                -       A1->Y   R     AOI22xp5_ASAP7_75t_SL          2  1.4    42    22    1684    (-,-) 
  g27242/Y                                                -       C->Y    F     NOR4xp25_ASAP7_75t_SL          1  0.8    29    17    1701    (-,-) 
  g27232/Y                                                -       A1->Y   R     AOI21xp5_ASAP7_75t_L           3  2.2    60    34    1735    (-,-) 
  g27230/Y                                                -       B->Y    R     AND2x2_ASAP7_75t_L            19 13.8    86    65    1800    (-,-) 
  g27166/Y                                                -       B1->Y   F     AOI221xp5_ASAP7_75t_SL         1  0.9    58    27    1827    (-,-) 
  PIPE_OUT_col1_stage_reg_reg[0][20]/D                    -       -       F     ASYNC_DFFHx1_ASAP7_75t_SL      1    -     -     0    1827    (-,-) 
#--------------------------------------------------------------------------------------------------------------------------------------------------



Path 39: MET (53 ps) Setup Check with Pin PIPE_OUT_col1_stage_reg_reg[0][19]/CLK->D
           View: PVT_0P63V_100C.setup_view
          Group: clk
     Startpoint: (R) PIPE_cascade_in_col1_stage_reg_reg[0][1]/CLK
          Clock: (R) clk
       Endpoint: (F) PIPE_OUT_col1_stage_reg_reg[0][19]/D
          Clock: (R) clk

                     Capture       Launch     
        Clock Edge:+    2000            0     
       Src Latency:+       0            0     
       Net Latency:+       0 (I)        0 (I) 
           Arrival:=    2000            0     
                                              
             Setup:-      20                  
       Uncertainty:-     100                  
     Required Time:=    1880                  
      Launch Clock:-       0                  
         Data Path:-    1827                  
             Slack:=      53                  

#--------------------------------------------------------------------------------------------------------------------------------------------------
#                      Timing Point                       Flags    Arc    Edge           Cell             Fanout Load Trans Delay Arrival Instance 
#                                                                                                                (fF)  (ps)  (ps)   (ps)  Location 
#--------------------------------------------------------------------------------------------------------------------------------------------------
  PIPE_cascade_in_col1_stage_reg_reg[0][1]/CLK            -       -       R     (arrival)                   1147    -     0     0       0    (-,-) 
  PIPE_cascade_in_col1_stage_reg_reg[0][1]/QN             -       CLK->QN F     ASYNC_DFFHx1_ASAP7_75t_SL      1  0.8    22    42      42    (-,-) 
  g47114/Y                                                -       B->Y    F     AND2x2_ASAP7_75t_SL            1  1.4    17    22      64    (-,-) 
  g47039/Y                                                -       B->Y    R     AOI21x1_ASAP7_75t_SL           4  3.1    55    22      86    (-,-) 
  g46247/Y                                                -       A1->Y   F     AOI211x1_ASAP7_75t_SL          1  0.8    37    19     106    (-,-) 
  g46213/Y                                                -       A->Y    R     NOR3xp33_ASAP7_75t_SL          1  0.9    44    25     131    (-,-) 
  g46124/Y                                                -       A2->Y   F     OAI21xp5_ASAP7_75t_SL          1  0.9    26    15     146    (-,-) 
  g46034/Y                                                -       A1->Y   R     AOI311xp33_ASAP7_75t_SL        1  0.8    46    22     168    (-,-) 
  g45989/Y                                                -       A2->Y   F     OAI211xp5_ASAP7_75t_SL         1  1.3    43    24     191    (-,-) 
  g45983/Y                                                -       A->Y    F     AND2x4_ASAP7_75t_SL           13 13.6    31    38     229    (-,-) 
  g45978/Y                                                -       A->Y    R     INVx8_ASAP7_75t_SL            12  9.4    22    14     244    (-,-) 
  g45876/Y                                                -       A2->Y   R     OA22x2_ASAP7_75t_SL            2  1.4    17    23     267    (-,-) 
  g45782__4733/Y                                          -       C->Y    F     NAND4xp25_ASAP7_75t_SL         1  0.8    35    19     286    (-,-) 
  g45765__6783/Y                                          -       B->Y    F     OR2x2_ASAP7_75t_SL             3  2.0    17    28     314    (-,-) 
  g45738__5115/Y                                          -       B->Y    F     OR2x2_ASAP7_75t_SL             4  4.4    24    30     344    (-,-) 
  g45680__6417/Y                                          -       A2->Y   R     OAI21xp5_ASAP7_75t_SL          1  1.3    36    21     364    (-,-) 
  g45652__4733/Y                                          -       B->Y    R     AND2x4_ASAP7_75t_SL           14 15.2    44    36     401    (-,-) 
  g45649/Y                                                -       A->Y    F     INVx4_ASAP7_75t_SL             9  9.4    29    18     418    (-,-) 
  g45586__7410/Y                                          -       A1->Y   R     OAI22x1_ASAP7_75t_SL           2  1.6    44    17     436    (-,-) 
  g45513__1666/Y                                          -       A1->Y   F     AOI22xp5_ASAP7_75t_SL          2  1.6    37    19     455    (-,-) 
  g45457__4319/Y                                          -       B2->Y   R     OAI22xp5_ASAP7_75t_SL          2  2.1    58    33     487    (-,-) 
  g45451/Y                                                -       A->Y    F     INVx1_ASAP7_75t_L              1  0.8    21    14     502    (-,-) 
  g45408__8246/Y                                          -       B->Y    R     NAND2xp5_ASAP7_75t_SL          1  0.8    27    14     516    (-,-) 
  g45376__7098/Y                                          -       A1->Y   F     AOI21xp5_ASAP7_75t_SL          1  0.9    24    14     530    (-,-) 
  g45367__8428/Y                                          -       B->Y    R     OAI21xp5_ASAP7_75t_SL          2  2.1    55    19     549    (-,-) 
  g45358__2346/Y                                          -       B->Y    F     NOR2x1_ASAP7_75t_SL            2  1.3    39    16     565    (-,-) 
  addinc_FP32_ALU_col1_fracAdder_add_113_18_g954/Y        -       A->Y    F     AND2x2_ASAP7_75t_SL            2  2.4    17    30     594    (-,-) 
  addinc_FP32_ALU_col1_fracAdder_add_113_18_g846/Y        -       B->Y    R     NAND2x1p5_ASAP7_75t_SL         2  3.0    41    16     611    (-,-) 
  addinc_FP32_ALU_col1_fracAdder_add_113_18_g804/Y        -       B->Y    F     NOR2x1p5_ASAP7_75t_SL          2  1.8    24    14     624    (-,-) 
  addinc_FP32_ALU_col1_fracAdder_add_113_18_g780/Y        -       A2->Y   R     AOI21x1_ASAP7_75t_SL           2  1.5    30    16     640    (-,-) 
  addinc_FP32_ALU_col1_fracAdder_add_113_18_g759/Y        -       A2->Y   R     OA21x2_ASAP7_75t_SL            5  3.9    26    30     669    (-,-) 
  addinc_FP32_ALU_col1_fracAdder_add_113_18_g752/Y        -       A->Y    R     BUFx3_ASAP7_75t_SL             3  2.1    13    20     689    (-,-) 
  addinc_FP32_ALU_col1_fracAdder_add_113_18_g741/Y        -       A2->Y   R     OA21x2_ASAP7_75t_SL            1  1.3    14    20     709    (-,-) 
  addinc_FP32_ALU_col1_fracAdder_add_113_18_g719/Y        -       B->Y    R     XOR2xp5_ASAP7_75t_SL           2  1.8    46    30     740    (-,-) 
  g27985__2802/Y                                          -       A->Y    F     NOR2x1_ASAP7_75t_SL            1  1.3    28    18     758    (-,-) 
  g27978__4319/Y                                          -       A->Y    R     NAND2x1_ASAP7_75t_SL           1  1.8    32    21     779    (-,-) 
  g27976__5107/Y                                          -       C->Y    F     NOR4xp75_ASAP7_75t_SL          1  1.3    30    12     791    (-,-) 
  g27975__2398/Y                                          -       A->Y    F     AND3x4_ASAP7_75t_SL           11 11.2    30    38     829    (-,-) 
  g27964__9945/Y                                          -       A2->Y   R     AOI21x1_ASAP7_75t_SL           2  2.6    40    21     850    (-,-) 
  g27960__4733/Y                                          -       C->Y    F     NAND4xp75_ASAP7_75t_SL         1  2.3    39    20     870    (-,-) 
  g27958__5115/Y                                          -       B->Y    R     NOR2x2_ASAP7_75t_SL           10  6.4    43    25     895    (-,-) 
  g27947__2802/Y                                          -       A2->Y   F     AOI21xp5_ASAP7_75t_L           1  0.9    29    17     912    (-,-) 
  g27945/Y                                                -       A->Y    R     INVx1_ASAP7_75t_L              1  1.4    25    18     930    (-,-) 
  g27944__3680/Y                                          -       B->Y    F     AOI21x1_ASAP7_75t_SL           2  1.8    35    13     944    (-,-) 
  g27937__6260/Y                                          -       C->Y    F     AND3x4_ASAP7_75t_SL            5  3.9    18    35     979    (-,-) 
  g27936/Y                                                -       A->Y    R     INVx2_ASAP7_75t_SL             4  3.0    20    13     992    (-,-) 
  g27930__1666/Y                                          -       A2->Y   F     OAI21xp5_ASAP7_75t_SL          1  1.4    33    16    1009    (-,-) 
  g27926__9315/Y                                          -       B->Y    R     AOI21x1_ASAP7_75t_SL           2  2.2    36    22    1030    (-,-) 
  g27924/Y                                                -       A->Y    F     INVx2_ASAP7_75t_SL             1  0.9    13     7    1037    (-,-) 
  g27918__1881/Y                                          -       A2->Y   F     OA21x2_ASAP7_75t_SL            2  1.4    14    23    1060    (-,-) 
  g27910__1705/Y                                          -       B->Y    R     NAND2xp5_ASAP7_75t_SL          1  0.9    24    13    1074    (-,-) 
  g27908__1617/Y                                          -       A1->Y   F     OAI21xp5_ASAP7_75t_SL          2  1.5    31    18    1091    (-,-) 
  g27906__6783/Y                                          -       A2->Y   R     AOI21xp5_ASAP7_75t_L           1  1.3    41    26    1117    (-,-) 
  g27905__5526/Y                                          -       C->Y    F     AOI211x1_ASAP7_75t_SL          2  1.9    44    19    1136    (-,-) 
  g27903__8428/Y                                          -       B->Y    F     AND2x4_ASAP7_75t_SL            7  5.5    18    29    1165    (-,-) 
  g27898__5107/Y                                          -       B->Y    R     NAND2xp5_ASAP7_75t_SL          1  0.9    24    14    1178    (-,-) 
  g27893__1666/Y                                          -       B->Y    R     OA21x2_ASAP7_75t_SL            2  2.9    22    26    1204    (-,-) 
  g27884/Y                                                -       A->Y    F     INVx2_ASAP7_75t_SL             8  5.7    25    17    1221    (-,-) 
  g27883/Y                                                -       A->Y    R     INVx1_ASAP7_75t_SL             1  0.8    17    11    1232    (-,-) 
  g27821__2346/Y                                          -       B2->Y   F     OAI22xp5_ASAP7_75t_SL          3  2.3    41    20    1252    (-,-) 
  g27743__6260/Y                                          -       B2->Y   F     AO22x2_ASAP7_75t_SL            4  2.8    20    34    1286    (-,-) 
  g48022/Y                                                -       A->Y    F     HB1xp67_ASAP7_75t_SRAM         4  3.7    83    77    1363    (-,-) 
  inc_FP32_ALU_col1_roundingAdder_add_274_18_spec1_g567/Y -       A->Y    R     NAND2x1p5_ASAP7_75t_SL         3  2.6    45    30    1393    (-,-) 
  inc_FP32_ALU_col1_roundingAdder_add_274_18_spec1_g552/Y -       B->Y    F     NOR2x1_ASAP7_75t_SL            2  2.4    30    21    1414    (-,-) 
  inc_FP32_ALU_col1_roundingAdder_add_274_18_spec1_g549/Y -       B->Y    R     NAND2x1p5_ASAP7_75t_SL         3  2.9    43    19    1433    (-,-) 
  inc_FP32_ALU_col1_roundingAdder_add_274_18_spec1_g547/Y -       B->Y    F     NOR2x1p5_ASAP7_75t_SL          3  1.9    22    14    1447    (-,-) 
  inc_FP32_ALU_col1_roundingAdder_add_274_18_spec1_g542/Y -       B->Y    F     AND2x2_ASAP7_75t_L             3  2.4    17    29    1476    (-,-) 
  inc_FP32_ALU_col1_roundingAdder_add_274_18_spec1_g536/Y -       B->Y    F     AND2x4_ASAP7_75t_SL            5  4.1    14    22    1498    (-,-) 
  inc_FP32_ALU_col1_roundingAdder_add_274_18_spec1_g505/Y -       A->Y    R     NAND4xp75_ASAP7_75t_SL         3  2.4    28    13    1511    (-,-) 
  inc_FP32_ALU_col1_roundingAdder_add_274_18_spec1_g495/Y -       B->Y    F     NOR2x1_ASAP7_75t_SL            3  1.9    27    16    1527    (-,-) 
  inc_FP32_ALU_col1_roundingAdder_add_274_18_spec1_g486/Y -       B->Y    F     AND2x2_ASAP7_75t_SL            2  2.1    15    25    1552    (-,-) 
  inc_FP32_ALU_col1_roundingAdder_add_274_18_spec1_g479/Y -       B->Y    R     NAND2x1_ASAP7_75t_L            3  3.2    53    26    1578    (-,-) 
  inc_FP32_ALU_col1_roundingAdder_add_274_18_spec1_g475/Y -       B->Y    F     NOR2x1_ASAP7_75t_SL            2  1.3    26    16    1594    (-,-) 
  inc_FP32_ALU_col1_roundingAdder_add_274_18_spec1_g472/Y -       B->Y    F     AND2x2_ASAP7_75t_SL            3  3.0    19    26    1620    (-,-) 
  inc_FP32_ALU_col1_roundingAdder_add_274_18_spec1_g467/Y -       B->Y    F     AND2x2_ASAP7_75t_SL            1  1.3    14    21    1641    (-,-) 
  inc_FP32_ALU_col1_roundingAdder_add_274_18_spec1_g465/Y -       B->Y    F     XNOR2xp5_ASAP7_75t_SL          1  0.8    22    21    1662    (-,-) 
  g27261/Y                                                -       A1->Y   R     AOI22xp5_ASAP7_75t_SL          2  1.4    42    22    1684    (-,-) 
  g27242/Y                                                -       C->Y    F     NOR4xp25_ASAP7_75t_SL          1  0.8    29    17    1701    (-,-) 
  g27232/Y                                                -       A1->Y   R     AOI21xp5_ASAP7_75t_L           3  2.2    60    34    1735    (-,-) 
  g27230/Y                                                -       B->Y    R     AND2x2_ASAP7_75t_L            19 13.8    86    65    1800    (-,-) 
  g27165/Y                                                -       B1->Y   F     AOI221xp5_ASAP7_75t_SL         1  0.9    58    27    1827    (-,-) 
  PIPE_OUT_col1_stage_reg_reg[0][19]/D                    -       -       F     ASYNC_DFFHx1_ASAP7_75t_SL      1    -     -     0    1827    (-,-) 
#--------------------------------------------------------------------------------------------------------------------------------------------------



Path 40: MET (53 ps) Setup Check with Pin PIPE_OUT_col1_stage_reg_reg[0][18]/CLK->D
           View: PVT_0P63V_100C.setup_view
          Group: clk
     Startpoint: (R) PIPE_cascade_in_col1_stage_reg_reg[0][1]/CLK
          Clock: (R) clk
       Endpoint: (F) PIPE_OUT_col1_stage_reg_reg[0][18]/D
          Clock: (R) clk

                     Capture       Launch     
        Clock Edge:+    2000            0     
       Src Latency:+       0            0     
       Net Latency:+       0 (I)        0 (I) 
           Arrival:=    2000            0     
                                              
             Setup:-      20                  
       Uncertainty:-     100                  
     Required Time:=    1880                  
      Launch Clock:-       0                  
         Data Path:-    1827                  
             Slack:=      53                  

#--------------------------------------------------------------------------------------------------------------------------------------------------
#                      Timing Point                       Flags    Arc    Edge           Cell             Fanout Load Trans Delay Arrival Instance 
#                                                                                                                (fF)  (ps)  (ps)   (ps)  Location 
#--------------------------------------------------------------------------------------------------------------------------------------------------
  PIPE_cascade_in_col1_stage_reg_reg[0][1]/CLK            -       -       R     (arrival)                   1147    -     0     0       0    (-,-) 
  PIPE_cascade_in_col1_stage_reg_reg[0][1]/QN             -       CLK->QN F     ASYNC_DFFHx1_ASAP7_75t_SL      1  0.8    22    42      42    (-,-) 
  g47114/Y                                                -       B->Y    F     AND2x2_ASAP7_75t_SL            1  1.4    17    22      64    (-,-) 
  g47039/Y                                                -       B->Y    R     AOI21x1_ASAP7_75t_SL           4  3.1    55    22      86    (-,-) 
  g46247/Y                                                -       A1->Y   F     AOI211x1_ASAP7_75t_SL          1  0.8    37    19     106    (-,-) 
  g46213/Y                                                -       A->Y    R     NOR3xp33_ASAP7_75t_SL          1  0.9    44    25     131    (-,-) 
  g46124/Y                                                -       A2->Y   F     OAI21xp5_ASAP7_75t_SL          1  0.9    26    15     146    (-,-) 
  g46034/Y                                                -       A1->Y   R     AOI311xp33_ASAP7_75t_SL        1  0.8    46    22     168    (-,-) 
  g45989/Y                                                -       A2->Y   F     OAI211xp5_ASAP7_75t_SL         1  1.3    43    24     191    (-,-) 
  g45983/Y                                                -       A->Y    F     AND2x4_ASAP7_75t_SL           13 13.6    31    38     229    (-,-) 
  g45978/Y                                                -       A->Y    R     INVx8_ASAP7_75t_SL            12  9.4    22    14     244    (-,-) 
  g45876/Y                                                -       A2->Y   R     OA22x2_ASAP7_75t_SL            2  1.4    17    23     267    (-,-) 
  g45782__4733/Y                                          -       C->Y    F     NAND4xp25_ASAP7_75t_SL         1  0.8    35    19     286    (-,-) 
  g45765__6783/Y                                          -       B->Y    F     OR2x2_ASAP7_75t_SL             3  2.0    17    28     314    (-,-) 
  g45738__5115/Y                                          -       B->Y    F     OR2x2_ASAP7_75t_SL             4  4.4    24    30     344    (-,-) 
  g45680__6417/Y                                          -       A2->Y   R     OAI21xp5_ASAP7_75t_SL          1  1.3    36    21     364    (-,-) 
  g45652__4733/Y                                          -       B->Y    R     AND2x4_ASAP7_75t_SL           14 15.2    44    36     401    (-,-) 
  g45649/Y                                                -       A->Y    F     INVx4_ASAP7_75t_SL             9  9.4    29    18     418    (-,-) 
  g45586__7410/Y                                          -       A1->Y   R     OAI22x1_ASAP7_75t_SL           2  1.6    44    17     436    (-,-) 
  g45513__1666/Y                                          -       A1->Y   F     AOI22xp5_ASAP7_75t_SL          2  1.6    37    19     455    (-,-) 
  g45457__4319/Y                                          -       B2->Y   R     OAI22xp5_ASAP7_75t_SL          2  2.1    58    33     487    (-,-) 
  g45451/Y                                                -       A->Y    F     INVx1_ASAP7_75t_L              1  0.8    21    14     502    (-,-) 
  g45408__8246/Y                                          -       B->Y    R     NAND2xp5_ASAP7_75t_SL          1  0.8    27    14     516    (-,-) 
  g45376__7098/Y                                          -       A1->Y   F     AOI21xp5_ASAP7_75t_SL          1  0.9    24    14     530    (-,-) 
  g45367__8428/Y                                          -       B->Y    R     OAI21xp5_ASAP7_75t_SL          2  2.1    55    19     549    (-,-) 
  g45358__2346/Y                                          -       B->Y    F     NOR2x1_ASAP7_75t_SL            2  1.3    39    16     565    (-,-) 
  addinc_FP32_ALU_col1_fracAdder_add_113_18_g954/Y        -       A->Y    F     AND2x2_ASAP7_75t_SL            2  2.4    17    30     594    (-,-) 
  addinc_FP32_ALU_col1_fracAdder_add_113_18_g846/Y        -       B->Y    R     NAND2x1p5_ASAP7_75t_SL         2  3.0    41    16     611    (-,-) 
  addinc_FP32_ALU_col1_fracAdder_add_113_18_g804/Y        -       B->Y    F     NOR2x1p5_ASAP7_75t_SL          2  1.8    24    14     624    (-,-) 
  addinc_FP32_ALU_col1_fracAdder_add_113_18_g780/Y        -       A2->Y   R     AOI21x1_ASAP7_75t_SL           2  1.5    30    16     640    (-,-) 
  addinc_FP32_ALU_col1_fracAdder_add_113_18_g759/Y        -       A2->Y   R     OA21x2_ASAP7_75t_SL            5  3.9    26    30     669    (-,-) 
  addinc_FP32_ALU_col1_fracAdder_add_113_18_g752/Y        -       A->Y    R     BUFx3_ASAP7_75t_SL             3  2.1    13    20     689    (-,-) 
  addinc_FP32_ALU_col1_fracAdder_add_113_18_g741/Y        -       A2->Y   R     OA21x2_ASAP7_75t_SL            1  1.3    14    20     709    (-,-) 
  addinc_FP32_ALU_col1_fracAdder_add_113_18_g719/Y        -       B->Y    R     XOR2xp5_ASAP7_75t_SL           2  1.8    46    30     740    (-,-) 
  g27985__2802/Y                                          -       A->Y    F     NOR2x1_ASAP7_75t_SL            1  1.3    28    18     758    (-,-) 
  g27978__4319/Y                                          -       A->Y    R     NAND2x1_ASAP7_75t_SL           1  1.8    32    21     779    (-,-) 
  g27976__5107/Y                                          -       C->Y    F     NOR4xp75_ASAP7_75t_SL          1  1.3    30    12     791    (-,-) 
  g27975__2398/Y                                          -       A->Y    F     AND3x4_ASAP7_75t_SL           11 11.2    30    38     829    (-,-) 
  g27964__9945/Y                                          -       A2->Y   R     AOI21x1_ASAP7_75t_SL           2  2.6    40    21     850    (-,-) 
  g27960__4733/Y                                          -       C->Y    F     NAND4xp75_ASAP7_75t_SL         1  2.3    39    20     870    (-,-) 
  g27958__5115/Y                                          -       B->Y    R     NOR2x2_ASAP7_75t_SL           10  6.4    43    25     895    (-,-) 
  g27947__2802/Y                                          -       A2->Y   F     AOI21xp5_ASAP7_75t_L           1  0.9    29    17     912    (-,-) 
  g27945/Y                                                -       A->Y    R     INVx1_ASAP7_75t_L              1  1.4    25    18     930    (-,-) 
  g27944__3680/Y                                          -       B->Y    F     AOI21x1_ASAP7_75t_SL           2  1.8    35    13     944    (-,-) 
  g27937__6260/Y                                          -       C->Y    F     AND3x4_ASAP7_75t_SL            5  3.9    18    35     979    (-,-) 
  g27936/Y                                                -       A->Y    R     INVx2_ASAP7_75t_SL             4  3.0    20    13     992    (-,-) 
  g27930__1666/Y                                          -       A2->Y   F     OAI21xp5_ASAP7_75t_SL          1  1.4    33    16    1009    (-,-) 
  g27926__9315/Y                                          -       B->Y    R     AOI21x1_ASAP7_75t_SL           2  2.2    36    22    1030    (-,-) 
  g27924/Y                                                -       A->Y    F     INVx2_ASAP7_75t_SL             1  0.9    13     7    1037    (-,-) 
  g27918__1881/Y                                          -       A2->Y   F     OA21x2_ASAP7_75t_SL            2  1.4    14    23    1060    (-,-) 
  g27910__1705/Y                                          -       B->Y    R     NAND2xp5_ASAP7_75t_SL          1  0.9    24    13    1074    (-,-) 
  g27908__1617/Y                                          -       A1->Y   F     OAI21xp5_ASAP7_75t_SL          2  1.5    31    18    1091    (-,-) 
  g27906__6783/Y                                          -       A2->Y   R     AOI21xp5_ASAP7_75t_L           1  1.3    41    26    1117    (-,-) 
  g27905__5526/Y                                          -       C->Y    F     AOI211x1_ASAP7_75t_SL          2  1.9    44    19    1136    (-,-) 
  g27903__8428/Y                                          -       B->Y    F     AND2x4_ASAP7_75t_SL            7  5.5    18    29    1165    (-,-) 
  g27898__5107/Y                                          -       B->Y    R     NAND2xp5_ASAP7_75t_SL          1  0.9    24    14    1178    (-,-) 
  g27893__1666/Y                                          -       B->Y    R     OA21x2_ASAP7_75t_SL            2  2.9    22    26    1204    (-,-) 
  g27884/Y                                                -       A->Y    F     INVx2_ASAP7_75t_SL             8  5.7    25    17    1221    (-,-) 
  g27883/Y                                                -       A->Y    R     INVx1_ASAP7_75t_SL             1  0.8    17    11    1232    (-,-) 
  g27821__2346/Y                                          -       B2->Y   F     OAI22xp5_ASAP7_75t_SL          3  2.3    41    20    1252    (-,-) 
  g27743__6260/Y                                          -       B2->Y   F     AO22x2_ASAP7_75t_SL            4  2.8    20    34    1286    (-,-) 
  g48022/Y                                                -       A->Y    F     HB1xp67_ASAP7_75t_SRAM         4  3.7    83    77    1363    (-,-) 
  inc_FP32_ALU_col1_roundingAdder_add_274_18_spec1_g567/Y -       A->Y    R     NAND2x1p5_ASAP7_75t_SL         3  2.6    45    30    1393    (-,-) 
  inc_FP32_ALU_col1_roundingAdder_add_274_18_spec1_g552/Y -       B->Y    F     NOR2x1_ASAP7_75t_SL            2  2.4    30    21    1414    (-,-) 
  inc_FP32_ALU_col1_roundingAdder_add_274_18_spec1_g549/Y -       B->Y    R     NAND2x1p5_ASAP7_75t_SL         3  2.9    43    19    1433    (-,-) 
  inc_FP32_ALU_col1_roundingAdder_add_274_18_spec1_g547/Y -       B->Y    F     NOR2x1p5_ASAP7_75t_SL          3  1.9    22    14    1447    (-,-) 
  inc_FP32_ALU_col1_roundingAdder_add_274_18_spec1_g542/Y -       B->Y    F     AND2x2_ASAP7_75t_L             3  2.4    17    29    1476    (-,-) 
  inc_FP32_ALU_col1_roundingAdder_add_274_18_spec1_g536/Y -       B->Y    F     AND2x4_ASAP7_75t_SL            5  4.1    14    22    1498    (-,-) 
  inc_FP32_ALU_col1_roundingAdder_add_274_18_spec1_g505/Y -       A->Y    R     NAND4xp75_ASAP7_75t_SL         3  2.4    28    13    1511    (-,-) 
  inc_FP32_ALU_col1_roundingAdder_add_274_18_spec1_g495/Y -       B->Y    F     NOR2x1_ASAP7_75t_SL            3  1.9    27    16    1527    (-,-) 
  inc_FP32_ALU_col1_roundingAdder_add_274_18_spec1_g486/Y -       B->Y    F     AND2x2_ASAP7_75t_SL            2  2.1    15    25    1552    (-,-) 
  inc_FP32_ALU_col1_roundingAdder_add_274_18_spec1_g479/Y -       B->Y    R     NAND2x1_ASAP7_75t_L            3  3.2    53    26    1578    (-,-) 
  inc_FP32_ALU_col1_roundingAdder_add_274_18_spec1_g475/Y -       B->Y    F     NOR2x1_ASAP7_75t_SL            2  1.3    26    16    1594    (-,-) 
  inc_FP32_ALU_col1_roundingAdder_add_274_18_spec1_g472/Y -       B->Y    F     AND2x2_ASAP7_75t_SL            3  3.0    19    26    1620    (-,-) 
  inc_FP32_ALU_col1_roundingAdder_add_274_18_spec1_g467/Y -       B->Y    F     AND2x2_ASAP7_75t_SL            1  1.3    14    21    1641    (-,-) 
  inc_FP32_ALU_col1_roundingAdder_add_274_18_spec1_g465/Y -       B->Y    F     XNOR2xp5_ASAP7_75t_SL          1  0.8    22    21    1662    (-,-) 
  g27261/Y                                                -       A1->Y   R     AOI22xp5_ASAP7_75t_SL          2  1.4    42    22    1684    (-,-) 
  g27242/Y                                                -       C->Y    F     NOR4xp25_ASAP7_75t_SL          1  0.8    29    17    1701    (-,-) 
  g27232/Y                                                -       A1->Y   R     AOI21xp5_ASAP7_75t_L           3  2.2    60    34    1735    (-,-) 
  g27230/Y                                                -       B->Y    R     AND2x2_ASAP7_75t_L            19 13.8    86    65    1800    (-,-) 
  g27164/Y                                                -       B1->Y   F     AOI221xp5_ASAP7_75t_SL         1  0.9    58    27    1827    (-,-) 
  PIPE_OUT_col1_stage_reg_reg[0][18]/D                    -       -       F     ASYNC_DFFHx1_ASAP7_75t_SL      1    -     -     0    1827    (-,-) 
#--------------------------------------------------------------------------------------------------------------------------------------------------



Path 41: MET (53 ps) Setup Check with Pin PIPE_OUT_col1_stage_reg_reg[0][17]/CLK->D
           View: PVT_0P63V_100C.setup_view
          Group: clk
     Startpoint: (R) PIPE_cascade_in_col1_stage_reg_reg[0][1]/CLK
          Clock: (R) clk
       Endpoint: (F) PIPE_OUT_col1_stage_reg_reg[0][17]/D
          Clock: (R) clk

                     Capture       Launch     
        Clock Edge:+    2000            0     
       Src Latency:+       0            0     
       Net Latency:+       0 (I)        0 (I) 
           Arrival:=    2000            0     
                                              
             Setup:-      20                  
       Uncertainty:-     100                  
     Required Time:=    1880                  
      Launch Clock:-       0                  
         Data Path:-    1827                  
             Slack:=      53                  

#--------------------------------------------------------------------------------------------------------------------------------------------------
#                      Timing Point                       Flags    Arc    Edge           Cell             Fanout Load Trans Delay Arrival Instance 
#                                                                                                                (fF)  (ps)  (ps)   (ps)  Location 
#--------------------------------------------------------------------------------------------------------------------------------------------------
  PIPE_cascade_in_col1_stage_reg_reg[0][1]/CLK            -       -       R     (arrival)                   1147    -     0     0       0    (-,-) 
  PIPE_cascade_in_col1_stage_reg_reg[0][1]/QN             -       CLK->QN F     ASYNC_DFFHx1_ASAP7_75t_SL      1  0.8    22    42      42    (-,-) 
  g47114/Y                                                -       B->Y    F     AND2x2_ASAP7_75t_SL            1  1.4    17    22      64    (-,-) 
  g47039/Y                                                -       B->Y    R     AOI21x1_ASAP7_75t_SL           4  3.1    55    22      86    (-,-) 
  g46247/Y                                                -       A1->Y   F     AOI211x1_ASAP7_75t_SL          1  0.8    37    19     106    (-,-) 
  g46213/Y                                                -       A->Y    R     NOR3xp33_ASAP7_75t_SL          1  0.9    44    25     131    (-,-) 
  g46124/Y                                                -       A2->Y   F     OAI21xp5_ASAP7_75t_SL          1  0.9    26    15     146    (-,-) 
  g46034/Y                                                -       A1->Y   R     AOI311xp33_ASAP7_75t_SL        1  0.8    46    22     168    (-,-) 
  g45989/Y                                                -       A2->Y   F     OAI211xp5_ASAP7_75t_SL         1  1.3    43    24     191    (-,-) 
  g45983/Y                                                -       A->Y    F     AND2x4_ASAP7_75t_SL           13 13.6    31    38     229    (-,-) 
  g45978/Y                                                -       A->Y    R     INVx8_ASAP7_75t_SL            12  9.4    22    14     244    (-,-) 
  g45876/Y                                                -       A2->Y   R     OA22x2_ASAP7_75t_SL            2  1.4    17    23     267    (-,-) 
  g45782__4733/Y                                          -       C->Y    F     NAND4xp25_ASAP7_75t_SL         1  0.8    35    19     286    (-,-) 
  g45765__6783/Y                                          -       B->Y    F     OR2x2_ASAP7_75t_SL             3  2.0    17    28     314    (-,-) 
  g45738__5115/Y                                          -       B->Y    F     OR2x2_ASAP7_75t_SL             4  4.4    24    30     344    (-,-) 
  g45680__6417/Y                                          -       A2->Y   R     OAI21xp5_ASAP7_75t_SL          1  1.3    36    21     364    (-,-) 
  g45652__4733/Y                                          -       B->Y    R     AND2x4_ASAP7_75t_SL           14 15.2    44    36     401    (-,-) 
  g45649/Y                                                -       A->Y    F     INVx4_ASAP7_75t_SL             9  9.4    29    18     418    (-,-) 
  g45586__7410/Y                                          -       A1->Y   R     OAI22x1_ASAP7_75t_SL           2  1.6    44    17     436    (-,-) 
  g45513__1666/Y                                          -       A1->Y   F     AOI22xp5_ASAP7_75t_SL          2  1.6    37    19     455    (-,-) 
  g45457__4319/Y                                          -       B2->Y   R     OAI22xp5_ASAP7_75t_SL          2  2.1    58    33     487    (-,-) 
  g45451/Y                                                -       A->Y    F     INVx1_ASAP7_75t_L              1  0.8    21    14     502    (-,-) 
  g45408__8246/Y                                          -       B->Y    R     NAND2xp5_ASAP7_75t_SL          1  0.8    27    14     516    (-,-) 
  g45376__7098/Y                                          -       A1->Y   F     AOI21xp5_ASAP7_75t_SL          1  0.9    24    14     530    (-,-) 
  g45367__8428/Y                                          -       B->Y    R     OAI21xp5_ASAP7_75t_SL          2  2.1    55    19     549    (-,-) 
  g45358__2346/Y                                          -       B->Y    F     NOR2x1_ASAP7_75t_SL            2  1.3    39    16     565    (-,-) 
  addinc_FP32_ALU_col1_fracAdder_add_113_18_g954/Y        -       A->Y    F     AND2x2_ASAP7_75t_SL            2  2.4    17    30     594    (-,-) 
  addinc_FP32_ALU_col1_fracAdder_add_113_18_g846/Y        -       B->Y    R     NAND2x1p5_ASAP7_75t_SL         2  3.0    41    16     611    (-,-) 
  addinc_FP32_ALU_col1_fracAdder_add_113_18_g804/Y        -       B->Y    F     NOR2x1p5_ASAP7_75t_SL          2  1.8    24    14     624    (-,-) 
  addinc_FP32_ALU_col1_fracAdder_add_113_18_g780/Y        -       A2->Y   R     AOI21x1_ASAP7_75t_SL           2  1.5    30    16     640    (-,-) 
  addinc_FP32_ALU_col1_fracAdder_add_113_18_g759/Y        -       A2->Y   R     OA21x2_ASAP7_75t_SL            5  3.9    26    30     669    (-,-) 
  addinc_FP32_ALU_col1_fracAdder_add_113_18_g752/Y        -       A->Y    R     BUFx3_ASAP7_75t_SL             3  2.1    13    20     689    (-,-) 
  addinc_FP32_ALU_col1_fracAdder_add_113_18_g741/Y        -       A2->Y   R     OA21x2_ASAP7_75t_SL            1  1.3    14    20     709    (-,-) 
  addinc_FP32_ALU_col1_fracAdder_add_113_18_g719/Y        -       B->Y    R     XOR2xp5_ASAP7_75t_SL           2  1.8    46    30     740    (-,-) 
  g27985__2802/Y                                          -       A->Y    F     NOR2x1_ASAP7_75t_SL            1  1.3    28    18     758    (-,-) 
  g27978__4319/Y                                          -       A->Y    R     NAND2x1_ASAP7_75t_SL           1  1.8    32    21     779    (-,-) 
  g27976__5107/Y                                          -       C->Y    F     NOR4xp75_ASAP7_75t_SL          1  1.3    30    12     791    (-,-) 
  g27975__2398/Y                                          -       A->Y    F     AND3x4_ASAP7_75t_SL           11 11.2    30    38     829    (-,-) 
  g27964__9945/Y                                          -       A2->Y   R     AOI21x1_ASAP7_75t_SL           2  2.6    40    21     850    (-,-) 
  g27960__4733/Y                                          -       C->Y    F     NAND4xp75_ASAP7_75t_SL         1  2.3    39    20     870    (-,-) 
  g27958__5115/Y                                          -       B->Y    R     NOR2x2_ASAP7_75t_SL           10  6.4    43    25     895    (-,-) 
  g27947__2802/Y                                          -       A2->Y   F     AOI21xp5_ASAP7_75t_L           1  0.9    29    17     912    (-,-) 
  g27945/Y                                                -       A->Y    R     INVx1_ASAP7_75t_L              1  1.4    25    18     930    (-,-) 
  g27944__3680/Y                                          -       B->Y    F     AOI21x1_ASAP7_75t_SL           2  1.8    35    13     944    (-,-) 
  g27937__6260/Y                                          -       C->Y    F     AND3x4_ASAP7_75t_SL            5  3.9    18    35     979    (-,-) 
  g27936/Y                                                -       A->Y    R     INVx2_ASAP7_75t_SL             4  3.0    20    13     992    (-,-) 
  g27930__1666/Y                                          -       A2->Y   F     OAI21xp5_ASAP7_75t_SL          1  1.4    33    16    1009    (-,-) 
  g27926__9315/Y                                          -       B->Y    R     AOI21x1_ASAP7_75t_SL           2  2.2    36    22    1030    (-,-) 
  g27924/Y                                                -       A->Y    F     INVx2_ASAP7_75t_SL             1  0.9    13     7    1037    (-,-) 
  g27918__1881/Y                                          -       A2->Y   F     OA21x2_ASAP7_75t_SL            2  1.4    14    23    1060    (-,-) 
  g27910__1705/Y                                          -       B->Y    R     NAND2xp5_ASAP7_75t_SL          1  0.9    24    13    1074    (-,-) 
  g27908__1617/Y                                          -       A1->Y   F     OAI21xp5_ASAP7_75t_SL          2  1.5    31    18    1091    (-,-) 
  g27906__6783/Y                                          -       A2->Y   R     AOI21xp5_ASAP7_75t_L           1  1.3    41    26    1117    (-,-) 
  g27905__5526/Y                                          -       C->Y    F     AOI211x1_ASAP7_75t_SL          2  1.9    44    19    1136    (-,-) 
  g27903__8428/Y                                          -       B->Y    F     AND2x4_ASAP7_75t_SL            7  5.5    18    29    1165    (-,-) 
  g27898__5107/Y                                          -       B->Y    R     NAND2xp5_ASAP7_75t_SL          1  0.9    24    14    1178    (-,-) 
  g27893__1666/Y                                          -       B->Y    R     OA21x2_ASAP7_75t_SL            2  2.9    22    26    1204    (-,-) 
  g27884/Y                                                -       A->Y    F     INVx2_ASAP7_75t_SL             8  5.7    25    17    1221    (-,-) 
  g27883/Y                                                -       A->Y    R     INVx1_ASAP7_75t_SL             1  0.8    17    11    1232    (-,-) 
  g27821__2346/Y                                          -       B2->Y   F     OAI22xp5_ASAP7_75t_SL          3  2.3    41    20    1252    (-,-) 
  g27743__6260/Y                                          -       B2->Y   F     AO22x2_ASAP7_75t_SL            4  2.8    20    34    1286    (-,-) 
  g48022/Y                                                -       A->Y    F     HB1xp67_ASAP7_75t_SRAM         4  3.7    83    77    1363    (-,-) 
  inc_FP32_ALU_col1_roundingAdder_add_274_18_spec1_g567/Y -       A->Y    R     NAND2x1p5_ASAP7_75t_SL         3  2.6    45    30    1393    (-,-) 
  inc_FP32_ALU_col1_roundingAdder_add_274_18_spec1_g552/Y -       B->Y    F     NOR2x1_ASAP7_75t_SL            2  2.4    30    21    1414    (-,-) 
  inc_FP32_ALU_col1_roundingAdder_add_274_18_spec1_g549/Y -       B->Y    R     NAND2x1p5_ASAP7_75t_SL         3  2.9    43    19    1433    (-,-) 
  inc_FP32_ALU_col1_roundingAdder_add_274_18_spec1_g547/Y -       B->Y    F     NOR2x1p5_ASAP7_75t_SL          3  1.9    22    14    1447    (-,-) 
  inc_FP32_ALU_col1_roundingAdder_add_274_18_spec1_g542/Y -       B->Y    F     AND2x2_ASAP7_75t_L             3  2.4    17    29    1476    (-,-) 
  inc_FP32_ALU_col1_roundingAdder_add_274_18_spec1_g536/Y -       B->Y    F     AND2x4_ASAP7_75t_SL            5  4.1    14    22    1498    (-,-) 
  inc_FP32_ALU_col1_roundingAdder_add_274_18_spec1_g505/Y -       A->Y    R     NAND4xp75_ASAP7_75t_SL         3  2.4    28    13    1511    (-,-) 
  inc_FP32_ALU_col1_roundingAdder_add_274_18_spec1_g495/Y -       B->Y    F     NOR2x1_ASAP7_75t_SL            3  1.9    27    16    1527    (-,-) 
  inc_FP32_ALU_col1_roundingAdder_add_274_18_spec1_g486/Y -       B->Y    F     AND2x2_ASAP7_75t_SL            2  2.1    15    25    1552    (-,-) 
  inc_FP32_ALU_col1_roundingAdder_add_274_18_spec1_g479/Y -       B->Y    R     NAND2x1_ASAP7_75t_L            3  3.2    53    26    1578    (-,-) 
  inc_FP32_ALU_col1_roundingAdder_add_274_18_spec1_g475/Y -       B->Y    F     NOR2x1_ASAP7_75t_SL            2  1.3    26    16    1594    (-,-) 
  inc_FP32_ALU_col1_roundingAdder_add_274_18_spec1_g472/Y -       B->Y    F     AND2x2_ASAP7_75t_SL            3  3.0    19    26    1620    (-,-) 
  inc_FP32_ALU_col1_roundingAdder_add_274_18_spec1_g467/Y -       B->Y    F     AND2x2_ASAP7_75t_SL            1  1.3    14    21    1641    (-,-) 
  inc_FP32_ALU_col1_roundingAdder_add_274_18_spec1_g465/Y -       B->Y    F     XNOR2xp5_ASAP7_75t_SL          1  0.8    22    21    1662    (-,-) 
  g27261/Y                                                -       A1->Y   R     AOI22xp5_ASAP7_75t_SL          2  1.4    42    22    1684    (-,-) 
  g27242/Y                                                -       C->Y    F     NOR4xp25_ASAP7_75t_SL          1  0.8    29    17    1701    (-,-) 
  g27232/Y                                                -       A1->Y   R     AOI21xp5_ASAP7_75t_L           3  2.2    60    34    1735    (-,-) 
  g27230/Y                                                -       B->Y    R     AND2x2_ASAP7_75t_L            19 13.8    86    65    1800    (-,-) 
  g27163/Y                                                -       B1->Y   F     AOI221xp5_ASAP7_75t_SL         1  0.9    58    27    1827    (-,-) 
  PIPE_OUT_col1_stage_reg_reg[0][17]/D                    -       -       F     ASYNC_DFFHx1_ASAP7_75t_SL      1    -     -     0    1827    (-,-) 
#--------------------------------------------------------------------------------------------------------------------------------------------------



Path 42: MET (53 ps) Setup Check with Pin PIPE_OUT_col1_stage_reg_reg[0][16]/CLK->D
           View: PVT_0P63V_100C.setup_view
          Group: clk
     Startpoint: (R) PIPE_cascade_in_col1_stage_reg_reg[0][1]/CLK
          Clock: (R) clk
       Endpoint: (F) PIPE_OUT_col1_stage_reg_reg[0][16]/D
          Clock: (R) clk

                     Capture       Launch     
        Clock Edge:+    2000            0     
       Src Latency:+       0            0     
       Net Latency:+       0 (I)        0 (I) 
           Arrival:=    2000            0     
                                              
             Setup:-      20                  
       Uncertainty:-     100                  
     Required Time:=    1880                  
      Launch Clock:-       0                  
         Data Path:-    1827                  
             Slack:=      53                  

#--------------------------------------------------------------------------------------------------------------------------------------------------
#                      Timing Point                       Flags    Arc    Edge           Cell             Fanout Load Trans Delay Arrival Instance 
#                                                                                                                (fF)  (ps)  (ps)   (ps)  Location 
#--------------------------------------------------------------------------------------------------------------------------------------------------
  PIPE_cascade_in_col1_stage_reg_reg[0][1]/CLK            -       -       R     (arrival)                   1147    -     0     0       0    (-,-) 
  PIPE_cascade_in_col1_stage_reg_reg[0][1]/QN             -       CLK->QN F     ASYNC_DFFHx1_ASAP7_75t_SL      1  0.8    22    42      42    (-,-) 
  g47114/Y                                                -       B->Y    F     AND2x2_ASAP7_75t_SL            1  1.4    17    22      64    (-,-) 
  g47039/Y                                                -       B->Y    R     AOI21x1_ASAP7_75t_SL           4  3.1    55    22      86    (-,-) 
  g46247/Y                                                -       A1->Y   F     AOI211x1_ASAP7_75t_SL          1  0.8    37    19     106    (-,-) 
  g46213/Y                                                -       A->Y    R     NOR3xp33_ASAP7_75t_SL          1  0.9    44    25     131    (-,-) 
  g46124/Y                                                -       A2->Y   F     OAI21xp5_ASAP7_75t_SL          1  0.9    26    15     146    (-,-) 
  g46034/Y                                                -       A1->Y   R     AOI311xp33_ASAP7_75t_SL        1  0.8    46    22     168    (-,-) 
  g45989/Y                                                -       A2->Y   F     OAI211xp5_ASAP7_75t_SL         1  1.3    43    24     191    (-,-) 
  g45983/Y                                                -       A->Y    F     AND2x4_ASAP7_75t_SL           13 13.6    31    38     229    (-,-) 
  g45978/Y                                                -       A->Y    R     INVx8_ASAP7_75t_SL            12  9.4    22    14     244    (-,-) 
  g45876/Y                                                -       A2->Y   R     OA22x2_ASAP7_75t_SL            2  1.4    17    23     267    (-,-) 
  g45782__4733/Y                                          -       C->Y    F     NAND4xp25_ASAP7_75t_SL         1  0.8    35    19     286    (-,-) 
  g45765__6783/Y                                          -       B->Y    F     OR2x2_ASAP7_75t_SL             3  2.0    17    28     314    (-,-) 
  g45738__5115/Y                                          -       B->Y    F     OR2x2_ASAP7_75t_SL             4  4.4    24    30     344    (-,-) 
  g45680__6417/Y                                          -       A2->Y   R     OAI21xp5_ASAP7_75t_SL          1  1.3    36    21     364    (-,-) 
  g45652__4733/Y                                          -       B->Y    R     AND2x4_ASAP7_75t_SL           14 15.2    44    36     401    (-,-) 
  g45649/Y                                                -       A->Y    F     INVx4_ASAP7_75t_SL             9  9.4    29    18     418    (-,-) 
  g45586__7410/Y                                          -       A1->Y   R     OAI22x1_ASAP7_75t_SL           2  1.6    44    17     436    (-,-) 
  g45513__1666/Y                                          -       A1->Y   F     AOI22xp5_ASAP7_75t_SL          2  1.6    37    19     455    (-,-) 
  g45457__4319/Y                                          -       B2->Y   R     OAI22xp5_ASAP7_75t_SL          2  2.1    58    33     487    (-,-) 
  g45451/Y                                                -       A->Y    F     INVx1_ASAP7_75t_L              1  0.8    21    14     502    (-,-) 
  g45408__8246/Y                                          -       B->Y    R     NAND2xp5_ASAP7_75t_SL          1  0.8    27    14     516    (-,-) 
  g45376__7098/Y                                          -       A1->Y   F     AOI21xp5_ASAP7_75t_SL          1  0.9    24    14     530    (-,-) 
  g45367__8428/Y                                          -       B->Y    R     OAI21xp5_ASAP7_75t_SL          2  2.1    55    19     549    (-,-) 
  g45358__2346/Y                                          -       B->Y    F     NOR2x1_ASAP7_75t_SL            2  1.3    39    16     565    (-,-) 
  addinc_FP32_ALU_col1_fracAdder_add_113_18_g954/Y        -       A->Y    F     AND2x2_ASAP7_75t_SL            2  2.4    17    30     594    (-,-) 
  addinc_FP32_ALU_col1_fracAdder_add_113_18_g846/Y        -       B->Y    R     NAND2x1p5_ASAP7_75t_SL         2  3.0    41    16     611    (-,-) 
  addinc_FP32_ALU_col1_fracAdder_add_113_18_g804/Y        -       B->Y    F     NOR2x1p5_ASAP7_75t_SL          2  1.8    24    14     624    (-,-) 
  addinc_FP32_ALU_col1_fracAdder_add_113_18_g780/Y        -       A2->Y   R     AOI21x1_ASAP7_75t_SL           2  1.5    30    16     640    (-,-) 
  addinc_FP32_ALU_col1_fracAdder_add_113_18_g759/Y        -       A2->Y   R     OA21x2_ASAP7_75t_SL            5  3.9    26    30     669    (-,-) 
  addinc_FP32_ALU_col1_fracAdder_add_113_18_g752/Y        -       A->Y    R     BUFx3_ASAP7_75t_SL             3  2.1    13    20     689    (-,-) 
  addinc_FP32_ALU_col1_fracAdder_add_113_18_g741/Y        -       A2->Y   R     OA21x2_ASAP7_75t_SL            1  1.3    14    20     709    (-,-) 
  addinc_FP32_ALU_col1_fracAdder_add_113_18_g719/Y        -       B->Y    R     XOR2xp5_ASAP7_75t_SL           2  1.8    46    30     740    (-,-) 
  g27985__2802/Y                                          -       A->Y    F     NOR2x1_ASAP7_75t_SL            1  1.3    28    18     758    (-,-) 
  g27978__4319/Y                                          -       A->Y    R     NAND2x1_ASAP7_75t_SL           1  1.8    32    21     779    (-,-) 
  g27976__5107/Y                                          -       C->Y    F     NOR4xp75_ASAP7_75t_SL          1  1.3    30    12     791    (-,-) 
  g27975__2398/Y                                          -       A->Y    F     AND3x4_ASAP7_75t_SL           11 11.2    30    38     829    (-,-) 
  g27964__9945/Y                                          -       A2->Y   R     AOI21x1_ASAP7_75t_SL           2  2.6    40    21     850    (-,-) 
  g27960__4733/Y                                          -       C->Y    F     NAND4xp75_ASAP7_75t_SL         1  2.3    39    20     870    (-,-) 
  g27958__5115/Y                                          -       B->Y    R     NOR2x2_ASAP7_75t_SL           10  6.4    43    25     895    (-,-) 
  g27947__2802/Y                                          -       A2->Y   F     AOI21xp5_ASAP7_75t_L           1  0.9    29    17     912    (-,-) 
  g27945/Y                                                -       A->Y    R     INVx1_ASAP7_75t_L              1  1.4    25    18     930    (-,-) 
  g27944__3680/Y                                          -       B->Y    F     AOI21x1_ASAP7_75t_SL           2  1.8    35    13     944    (-,-) 
  g27937__6260/Y                                          -       C->Y    F     AND3x4_ASAP7_75t_SL            5  3.9    18    35     979    (-,-) 
  g27936/Y                                                -       A->Y    R     INVx2_ASAP7_75t_SL             4  3.0    20    13     992    (-,-) 
  g27930__1666/Y                                          -       A2->Y   F     OAI21xp5_ASAP7_75t_SL          1  1.4    33    16    1009    (-,-) 
  g27926__9315/Y                                          -       B->Y    R     AOI21x1_ASAP7_75t_SL           2  2.2    36    22    1030    (-,-) 
  g27924/Y                                                -       A->Y    F     INVx2_ASAP7_75t_SL             1  0.9    13     7    1037    (-,-) 
  g27918__1881/Y                                          -       A2->Y   F     OA21x2_ASAP7_75t_SL            2  1.4    14    23    1060    (-,-) 
  g27910__1705/Y                                          -       B->Y    R     NAND2xp5_ASAP7_75t_SL          1  0.9    24    13    1074    (-,-) 
  g27908__1617/Y                                          -       A1->Y   F     OAI21xp5_ASAP7_75t_SL          2  1.5    31    18    1091    (-,-) 
  g27906__6783/Y                                          -       A2->Y   R     AOI21xp5_ASAP7_75t_L           1  1.3    41    26    1117    (-,-) 
  g27905__5526/Y                                          -       C->Y    F     AOI211x1_ASAP7_75t_SL          2  1.9    44    19    1136    (-,-) 
  g27903__8428/Y                                          -       B->Y    F     AND2x4_ASAP7_75t_SL            7  5.5    18    29    1165    (-,-) 
  g27898__5107/Y                                          -       B->Y    R     NAND2xp5_ASAP7_75t_SL          1  0.9    24    14    1178    (-,-) 
  g27893__1666/Y                                          -       B->Y    R     OA21x2_ASAP7_75t_SL            2  2.9    22    26    1204    (-,-) 
  g27884/Y                                                -       A->Y    F     INVx2_ASAP7_75t_SL             8  5.7    25    17    1221    (-,-) 
  g27883/Y                                                -       A->Y    R     INVx1_ASAP7_75t_SL             1  0.8    17    11    1232    (-,-) 
  g27821__2346/Y                                          -       B2->Y   F     OAI22xp5_ASAP7_75t_SL          3  2.3    41    20    1252    (-,-) 
  g27743__6260/Y                                          -       B2->Y   F     AO22x2_ASAP7_75t_SL            4  2.8    20    34    1286    (-,-) 
  g48022/Y                                                -       A->Y    F     HB1xp67_ASAP7_75t_SRAM         4  3.7    83    77    1363    (-,-) 
  inc_FP32_ALU_col1_roundingAdder_add_274_18_spec1_g567/Y -       A->Y    R     NAND2x1p5_ASAP7_75t_SL         3  2.6    45    30    1393    (-,-) 
  inc_FP32_ALU_col1_roundingAdder_add_274_18_spec1_g552/Y -       B->Y    F     NOR2x1_ASAP7_75t_SL            2  2.4    30    21    1414    (-,-) 
  inc_FP32_ALU_col1_roundingAdder_add_274_18_spec1_g549/Y -       B->Y    R     NAND2x1p5_ASAP7_75t_SL         3  2.9    43    19    1433    (-,-) 
  inc_FP32_ALU_col1_roundingAdder_add_274_18_spec1_g547/Y -       B->Y    F     NOR2x1p5_ASAP7_75t_SL          3  1.9    22    14    1447    (-,-) 
  inc_FP32_ALU_col1_roundingAdder_add_274_18_spec1_g542/Y -       B->Y    F     AND2x2_ASAP7_75t_L             3  2.4    17    29    1476    (-,-) 
  inc_FP32_ALU_col1_roundingAdder_add_274_18_spec1_g536/Y -       B->Y    F     AND2x4_ASAP7_75t_SL            5  4.1    14    22    1498    (-,-) 
  inc_FP32_ALU_col1_roundingAdder_add_274_18_spec1_g505/Y -       A->Y    R     NAND4xp75_ASAP7_75t_SL         3  2.4    28    13    1511    (-,-) 
  inc_FP32_ALU_col1_roundingAdder_add_274_18_spec1_g495/Y -       B->Y    F     NOR2x1_ASAP7_75t_SL            3  1.9    27    16    1527    (-,-) 
  inc_FP32_ALU_col1_roundingAdder_add_274_18_spec1_g486/Y -       B->Y    F     AND2x2_ASAP7_75t_SL            2  2.1    15    25    1552    (-,-) 
  inc_FP32_ALU_col1_roundingAdder_add_274_18_spec1_g479/Y -       B->Y    R     NAND2x1_ASAP7_75t_L            3  3.2    53    26    1578    (-,-) 
  inc_FP32_ALU_col1_roundingAdder_add_274_18_spec1_g475/Y -       B->Y    F     NOR2x1_ASAP7_75t_SL            2  1.3    26    16    1594    (-,-) 
  inc_FP32_ALU_col1_roundingAdder_add_274_18_spec1_g472/Y -       B->Y    F     AND2x2_ASAP7_75t_SL            3  3.0    19    26    1620    (-,-) 
  inc_FP32_ALU_col1_roundingAdder_add_274_18_spec1_g467/Y -       B->Y    F     AND2x2_ASAP7_75t_SL            1  1.3    14    21    1641    (-,-) 
  inc_FP32_ALU_col1_roundingAdder_add_274_18_spec1_g465/Y -       B->Y    F     XNOR2xp5_ASAP7_75t_SL          1  0.8    22    21    1662    (-,-) 
  g27261/Y                                                -       A1->Y   R     AOI22xp5_ASAP7_75t_SL          2  1.4    42    22    1684    (-,-) 
  g27242/Y                                                -       C->Y    F     NOR4xp25_ASAP7_75t_SL          1  0.8    29    17    1701    (-,-) 
  g27232/Y                                                -       A1->Y   R     AOI21xp5_ASAP7_75t_L           3  2.2    60    34    1735    (-,-) 
  g27230/Y                                                -       B->Y    R     AND2x2_ASAP7_75t_L            19 13.8    86    65    1800    (-,-) 
  g27162/Y                                                -       B1->Y   F     AOI221xp5_ASAP7_75t_SL         1  0.9    58    27    1827    (-,-) 
  PIPE_OUT_col1_stage_reg_reg[0][16]/D                    -       -       F     ASYNC_DFFHx1_ASAP7_75t_SL      1    -     -     0    1827    (-,-) 
#--------------------------------------------------------------------------------------------------------------------------------------------------



Path 43: MET (53 ps) Setup Check with Pin PIPE_OUT_col1_stage_reg_reg[0][15]/CLK->D
           View: PVT_0P63V_100C.setup_view
          Group: clk
     Startpoint: (R) PIPE_cascade_in_col1_stage_reg_reg[0][1]/CLK
          Clock: (R) clk
       Endpoint: (F) PIPE_OUT_col1_stage_reg_reg[0][15]/D
          Clock: (R) clk

                     Capture       Launch     
        Clock Edge:+    2000            0     
       Src Latency:+       0            0     
       Net Latency:+       0 (I)        0 (I) 
           Arrival:=    2000            0     
                                              
             Setup:-      20                  
       Uncertainty:-     100                  
     Required Time:=    1880                  
      Launch Clock:-       0                  
         Data Path:-    1827                  
             Slack:=      53                  

#--------------------------------------------------------------------------------------------------------------------------------------------------
#                      Timing Point                       Flags    Arc    Edge           Cell             Fanout Load Trans Delay Arrival Instance 
#                                                                                                                (fF)  (ps)  (ps)   (ps)  Location 
#--------------------------------------------------------------------------------------------------------------------------------------------------
  PIPE_cascade_in_col1_stage_reg_reg[0][1]/CLK            -       -       R     (arrival)                   1147    -     0     0       0    (-,-) 
  PIPE_cascade_in_col1_stage_reg_reg[0][1]/QN             -       CLK->QN F     ASYNC_DFFHx1_ASAP7_75t_SL      1  0.8    22    42      42    (-,-) 
  g47114/Y                                                -       B->Y    F     AND2x2_ASAP7_75t_SL            1  1.4    17    22      64    (-,-) 
  g47039/Y                                                -       B->Y    R     AOI21x1_ASAP7_75t_SL           4  3.1    55    22      86    (-,-) 
  g46247/Y                                                -       A1->Y   F     AOI211x1_ASAP7_75t_SL          1  0.8    37    19     106    (-,-) 
  g46213/Y                                                -       A->Y    R     NOR3xp33_ASAP7_75t_SL          1  0.9    44    25     131    (-,-) 
  g46124/Y                                                -       A2->Y   F     OAI21xp5_ASAP7_75t_SL          1  0.9    26    15     146    (-,-) 
  g46034/Y                                                -       A1->Y   R     AOI311xp33_ASAP7_75t_SL        1  0.8    46    22     168    (-,-) 
  g45989/Y                                                -       A2->Y   F     OAI211xp5_ASAP7_75t_SL         1  1.3    43    24     191    (-,-) 
  g45983/Y                                                -       A->Y    F     AND2x4_ASAP7_75t_SL           13 13.6    31    38     229    (-,-) 
  g45978/Y                                                -       A->Y    R     INVx8_ASAP7_75t_SL            12  9.4    22    14     244    (-,-) 
  g45876/Y                                                -       A2->Y   R     OA22x2_ASAP7_75t_SL            2  1.4    17    23     267    (-,-) 
  g45782__4733/Y                                          -       C->Y    F     NAND4xp25_ASAP7_75t_SL         1  0.8    35    19     286    (-,-) 
  g45765__6783/Y                                          -       B->Y    F     OR2x2_ASAP7_75t_SL             3  2.0    17    28     314    (-,-) 
  g45738__5115/Y                                          -       B->Y    F     OR2x2_ASAP7_75t_SL             4  4.4    24    30     344    (-,-) 
  g45680__6417/Y                                          -       A2->Y   R     OAI21xp5_ASAP7_75t_SL          1  1.3    36    21     364    (-,-) 
  g45652__4733/Y                                          -       B->Y    R     AND2x4_ASAP7_75t_SL           14 15.2    44    36     401    (-,-) 
  g45649/Y                                                -       A->Y    F     INVx4_ASAP7_75t_SL             9  9.4    29    18     418    (-,-) 
  g45586__7410/Y                                          -       A1->Y   R     OAI22x1_ASAP7_75t_SL           2  1.6    44    17     436    (-,-) 
  g45513__1666/Y                                          -       A1->Y   F     AOI22xp5_ASAP7_75t_SL          2  1.6    37    19     455    (-,-) 
  g45457__4319/Y                                          -       B2->Y   R     OAI22xp5_ASAP7_75t_SL          2  2.1    58    33     487    (-,-) 
  g45451/Y                                                -       A->Y    F     INVx1_ASAP7_75t_L              1  0.8    21    14     502    (-,-) 
  g45408__8246/Y                                          -       B->Y    R     NAND2xp5_ASAP7_75t_SL          1  0.8    27    14     516    (-,-) 
  g45376__7098/Y                                          -       A1->Y   F     AOI21xp5_ASAP7_75t_SL          1  0.9    24    14     530    (-,-) 
  g45367__8428/Y                                          -       B->Y    R     OAI21xp5_ASAP7_75t_SL          2  2.1    55    19     549    (-,-) 
  g45358__2346/Y                                          -       B->Y    F     NOR2x1_ASAP7_75t_SL            2  1.3    39    16     565    (-,-) 
  addinc_FP32_ALU_col1_fracAdder_add_113_18_g954/Y        -       A->Y    F     AND2x2_ASAP7_75t_SL            2  2.4    17    30     594    (-,-) 
  addinc_FP32_ALU_col1_fracAdder_add_113_18_g846/Y        -       B->Y    R     NAND2x1p5_ASAP7_75t_SL         2  3.0    41    16     611    (-,-) 
  addinc_FP32_ALU_col1_fracAdder_add_113_18_g804/Y        -       B->Y    F     NOR2x1p5_ASAP7_75t_SL          2  1.8    24    14     624    (-,-) 
  addinc_FP32_ALU_col1_fracAdder_add_113_18_g780/Y        -       A2->Y   R     AOI21x1_ASAP7_75t_SL           2  1.5    30    16     640    (-,-) 
  addinc_FP32_ALU_col1_fracAdder_add_113_18_g759/Y        -       A2->Y   R     OA21x2_ASAP7_75t_SL            5  3.9    26    30     669    (-,-) 
  addinc_FP32_ALU_col1_fracAdder_add_113_18_g752/Y        -       A->Y    R     BUFx3_ASAP7_75t_SL             3  2.1    13    20     689    (-,-) 
  addinc_FP32_ALU_col1_fracAdder_add_113_18_g741/Y        -       A2->Y   R     OA21x2_ASAP7_75t_SL            1  1.3    14    20     709    (-,-) 
  addinc_FP32_ALU_col1_fracAdder_add_113_18_g719/Y        -       B->Y    R     XOR2xp5_ASAP7_75t_SL           2  1.8    46    30     740    (-,-) 
  g27985__2802/Y                                          -       A->Y    F     NOR2x1_ASAP7_75t_SL            1  1.3    28    18     758    (-,-) 
  g27978__4319/Y                                          -       A->Y    R     NAND2x1_ASAP7_75t_SL           1  1.8    32    21     779    (-,-) 
  g27976__5107/Y                                          -       C->Y    F     NOR4xp75_ASAP7_75t_SL          1  1.3    30    12     791    (-,-) 
  g27975__2398/Y                                          -       A->Y    F     AND3x4_ASAP7_75t_SL           11 11.2    30    38     829    (-,-) 
  g27964__9945/Y                                          -       A2->Y   R     AOI21x1_ASAP7_75t_SL           2  2.6    40    21     850    (-,-) 
  g27960__4733/Y                                          -       C->Y    F     NAND4xp75_ASAP7_75t_SL         1  2.3    39    20     870    (-,-) 
  g27958__5115/Y                                          -       B->Y    R     NOR2x2_ASAP7_75t_SL           10  6.4    43    25     895    (-,-) 
  g27947__2802/Y                                          -       A2->Y   F     AOI21xp5_ASAP7_75t_L           1  0.9    29    17     912    (-,-) 
  g27945/Y                                                -       A->Y    R     INVx1_ASAP7_75t_L              1  1.4    25    18     930    (-,-) 
  g27944__3680/Y                                          -       B->Y    F     AOI21x1_ASAP7_75t_SL           2  1.8    35    13     944    (-,-) 
  g27937__6260/Y                                          -       C->Y    F     AND3x4_ASAP7_75t_SL            5  3.9    18    35     979    (-,-) 
  g27936/Y                                                -       A->Y    R     INVx2_ASAP7_75t_SL             4  3.0    20    13     992    (-,-) 
  g27930__1666/Y                                          -       A2->Y   F     OAI21xp5_ASAP7_75t_SL          1  1.4    33    16    1009    (-,-) 
  g27926__9315/Y                                          -       B->Y    R     AOI21x1_ASAP7_75t_SL           2  2.2    36    22    1030    (-,-) 
  g27924/Y                                                -       A->Y    F     INVx2_ASAP7_75t_SL             1  0.9    13     7    1037    (-,-) 
  g27918__1881/Y                                          -       A2->Y   F     OA21x2_ASAP7_75t_SL            2  1.4    14    23    1060    (-,-) 
  g27910__1705/Y                                          -       B->Y    R     NAND2xp5_ASAP7_75t_SL          1  0.9    24    13    1074    (-,-) 
  g27908__1617/Y                                          -       A1->Y   F     OAI21xp5_ASAP7_75t_SL          2  1.5    31    18    1091    (-,-) 
  g27906__6783/Y                                          -       A2->Y   R     AOI21xp5_ASAP7_75t_L           1  1.3    41    26    1117    (-,-) 
  g27905__5526/Y                                          -       C->Y    F     AOI211x1_ASAP7_75t_SL          2  1.9    44    19    1136    (-,-) 
  g27903__8428/Y                                          -       B->Y    F     AND2x4_ASAP7_75t_SL            7  5.5    18    29    1165    (-,-) 
  g27898__5107/Y                                          -       B->Y    R     NAND2xp5_ASAP7_75t_SL          1  0.9    24    14    1178    (-,-) 
  g27893__1666/Y                                          -       B->Y    R     OA21x2_ASAP7_75t_SL            2  2.9    22    26    1204    (-,-) 
  g27884/Y                                                -       A->Y    F     INVx2_ASAP7_75t_SL             8  5.7    25    17    1221    (-,-) 
  g27883/Y                                                -       A->Y    R     INVx1_ASAP7_75t_SL             1  0.8    17    11    1232    (-,-) 
  g27821__2346/Y                                          -       B2->Y   F     OAI22xp5_ASAP7_75t_SL          3  2.3    41    20    1252    (-,-) 
  g27743__6260/Y                                          -       B2->Y   F     AO22x2_ASAP7_75t_SL            4  2.8    20    34    1286    (-,-) 
  g48022/Y                                                -       A->Y    F     HB1xp67_ASAP7_75t_SRAM         4  3.7    83    77    1363    (-,-) 
  inc_FP32_ALU_col1_roundingAdder_add_274_18_spec1_g567/Y -       A->Y    R     NAND2x1p5_ASAP7_75t_SL         3  2.6    45    30    1393    (-,-) 
  inc_FP32_ALU_col1_roundingAdder_add_274_18_spec1_g552/Y -       B->Y    F     NOR2x1_ASAP7_75t_SL            2  2.4    30    21    1414    (-,-) 
  inc_FP32_ALU_col1_roundingAdder_add_274_18_spec1_g549/Y -       B->Y    R     NAND2x1p5_ASAP7_75t_SL         3  2.9    43    19    1433    (-,-) 
  inc_FP32_ALU_col1_roundingAdder_add_274_18_spec1_g547/Y -       B->Y    F     NOR2x1p5_ASAP7_75t_SL          3  1.9    22    14    1447    (-,-) 
  inc_FP32_ALU_col1_roundingAdder_add_274_18_spec1_g542/Y -       B->Y    F     AND2x2_ASAP7_75t_L             3  2.4    17    29    1476    (-,-) 
  inc_FP32_ALU_col1_roundingAdder_add_274_18_spec1_g536/Y -       B->Y    F     AND2x4_ASAP7_75t_SL            5  4.1    14    22    1498    (-,-) 
  inc_FP32_ALU_col1_roundingAdder_add_274_18_spec1_g505/Y -       A->Y    R     NAND4xp75_ASAP7_75t_SL         3  2.4    28    13    1511    (-,-) 
  inc_FP32_ALU_col1_roundingAdder_add_274_18_spec1_g495/Y -       B->Y    F     NOR2x1_ASAP7_75t_SL            3  1.9    27    16    1527    (-,-) 
  inc_FP32_ALU_col1_roundingAdder_add_274_18_spec1_g486/Y -       B->Y    F     AND2x2_ASAP7_75t_SL            2  2.1    15    25    1552    (-,-) 
  inc_FP32_ALU_col1_roundingAdder_add_274_18_spec1_g479/Y -       B->Y    R     NAND2x1_ASAP7_75t_L            3  3.2    53    26    1578    (-,-) 
  inc_FP32_ALU_col1_roundingAdder_add_274_18_spec1_g475/Y -       B->Y    F     NOR2x1_ASAP7_75t_SL            2  1.3    26    16    1594    (-,-) 
  inc_FP32_ALU_col1_roundingAdder_add_274_18_spec1_g472/Y -       B->Y    F     AND2x2_ASAP7_75t_SL            3  3.0    19    26    1620    (-,-) 
  inc_FP32_ALU_col1_roundingAdder_add_274_18_spec1_g467/Y -       B->Y    F     AND2x2_ASAP7_75t_SL            1  1.3    14    21    1641    (-,-) 
  inc_FP32_ALU_col1_roundingAdder_add_274_18_spec1_g465/Y -       B->Y    F     XNOR2xp5_ASAP7_75t_SL          1  0.8    22    21    1662    (-,-) 
  g27261/Y                                                -       A1->Y   R     AOI22xp5_ASAP7_75t_SL          2  1.4    42    22    1684    (-,-) 
  g27242/Y                                                -       C->Y    F     NOR4xp25_ASAP7_75t_SL          1  0.8    29    17    1701    (-,-) 
  g27232/Y                                                -       A1->Y   R     AOI21xp5_ASAP7_75t_L           3  2.2    60    34    1735    (-,-) 
  g27230/Y                                                -       B->Y    R     AND2x2_ASAP7_75t_L            19 13.8    86    65    1800    (-,-) 
  g27161/Y                                                -       B1->Y   F     AOI221xp5_ASAP7_75t_SL         1  0.9    58    27    1827    (-,-) 
  PIPE_OUT_col1_stage_reg_reg[0][15]/D                    -       -       F     ASYNC_DFFHx1_ASAP7_75t_SL      1    -     -     0    1827    (-,-) 
#--------------------------------------------------------------------------------------------------------------------------------------------------



Path 44: MET (53 ps) Setup Check with Pin PIPE_OUT_col1_stage_reg_reg[0][14]/CLK->D
           View: PVT_0P63V_100C.setup_view
          Group: clk
     Startpoint: (R) PIPE_cascade_in_col1_stage_reg_reg[0][1]/CLK
          Clock: (R) clk
       Endpoint: (F) PIPE_OUT_col1_stage_reg_reg[0][14]/D
          Clock: (R) clk

                     Capture       Launch     
        Clock Edge:+    2000            0     
       Src Latency:+       0            0     
       Net Latency:+       0 (I)        0 (I) 
           Arrival:=    2000            0     
                                              
             Setup:-      20                  
       Uncertainty:-     100                  
     Required Time:=    1880                  
      Launch Clock:-       0                  
         Data Path:-    1827                  
             Slack:=      53                  

#--------------------------------------------------------------------------------------------------------------------------------------------------
#                      Timing Point                       Flags    Arc    Edge           Cell             Fanout Load Trans Delay Arrival Instance 
#                                                                                                                (fF)  (ps)  (ps)   (ps)  Location 
#--------------------------------------------------------------------------------------------------------------------------------------------------
  PIPE_cascade_in_col1_stage_reg_reg[0][1]/CLK            -       -       R     (arrival)                   1147    -     0     0       0    (-,-) 
  PIPE_cascade_in_col1_stage_reg_reg[0][1]/QN             -       CLK->QN F     ASYNC_DFFHx1_ASAP7_75t_SL      1  0.8    22    42      42    (-,-) 
  g47114/Y                                                -       B->Y    F     AND2x2_ASAP7_75t_SL            1  1.4    17    22      64    (-,-) 
  g47039/Y                                                -       B->Y    R     AOI21x1_ASAP7_75t_SL           4  3.1    55    22      86    (-,-) 
  g46247/Y                                                -       A1->Y   F     AOI211x1_ASAP7_75t_SL          1  0.8    37    19     106    (-,-) 
  g46213/Y                                                -       A->Y    R     NOR3xp33_ASAP7_75t_SL          1  0.9    44    25     131    (-,-) 
  g46124/Y                                                -       A2->Y   F     OAI21xp5_ASAP7_75t_SL          1  0.9    26    15     146    (-,-) 
  g46034/Y                                                -       A1->Y   R     AOI311xp33_ASAP7_75t_SL        1  0.8    46    22     168    (-,-) 
  g45989/Y                                                -       A2->Y   F     OAI211xp5_ASAP7_75t_SL         1  1.3    43    24     191    (-,-) 
  g45983/Y                                                -       A->Y    F     AND2x4_ASAP7_75t_SL           13 13.6    31    38     229    (-,-) 
  g45978/Y                                                -       A->Y    R     INVx8_ASAP7_75t_SL            12  9.4    22    14     244    (-,-) 
  g45876/Y                                                -       A2->Y   R     OA22x2_ASAP7_75t_SL            2  1.4    17    23     267    (-,-) 
  g45782__4733/Y                                          -       C->Y    F     NAND4xp25_ASAP7_75t_SL         1  0.8    35    19     286    (-,-) 
  g45765__6783/Y                                          -       B->Y    F     OR2x2_ASAP7_75t_SL             3  2.0    17    28     314    (-,-) 
  g45738__5115/Y                                          -       B->Y    F     OR2x2_ASAP7_75t_SL             4  4.4    24    30     344    (-,-) 
  g45680__6417/Y                                          -       A2->Y   R     OAI21xp5_ASAP7_75t_SL          1  1.3    36    21     364    (-,-) 
  g45652__4733/Y                                          -       B->Y    R     AND2x4_ASAP7_75t_SL           14 15.2    44    36     401    (-,-) 
  g45649/Y                                                -       A->Y    F     INVx4_ASAP7_75t_SL             9  9.4    29    18     418    (-,-) 
  g45586__7410/Y                                          -       A1->Y   R     OAI22x1_ASAP7_75t_SL           2  1.6    44    17     436    (-,-) 
  g45513__1666/Y                                          -       A1->Y   F     AOI22xp5_ASAP7_75t_SL          2  1.6    37    19     455    (-,-) 
  g45457__4319/Y                                          -       B2->Y   R     OAI22xp5_ASAP7_75t_SL          2  2.1    58    33     487    (-,-) 
  g45451/Y                                                -       A->Y    F     INVx1_ASAP7_75t_L              1  0.8    21    14     502    (-,-) 
  g45408__8246/Y                                          -       B->Y    R     NAND2xp5_ASAP7_75t_SL          1  0.8    27    14     516    (-,-) 
  g45376__7098/Y                                          -       A1->Y   F     AOI21xp5_ASAP7_75t_SL          1  0.9    24    14     530    (-,-) 
  g45367__8428/Y                                          -       B->Y    R     OAI21xp5_ASAP7_75t_SL          2  2.1    55    19     549    (-,-) 
  g45358__2346/Y                                          -       B->Y    F     NOR2x1_ASAP7_75t_SL            2  1.3    39    16     565    (-,-) 
  addinc_FP32_ALU_col1_fracAdder_add_113_18_g954/Y        -       A->Y    F     AND2x2_ASAP7_75t_SL            2  2.4    17    30     594    (-,-) 
  addinc_FP32_ALU_col1_fracAdder_add_113_18_g846/Y        -       B->Y    R     NAND2x1p5_ASAP7_75t_SL         2  3.0    41    16     611    (-,-) 
  addinc_FP32_ALU_col1_fracAdder_add_113_18_g804/Y        -       B->Y    F     NOR2x1p5_ASAP7_75t_SL          2  1.8    24    14     624    (-,-) 
  addinc_FP32_ALU_col1_fracAdder_add_113_18_g780/Y        -       A2->Y   R     AOI21x1_ASAP7_75t_SL           2  1.5    30    16     640    (-,-) 
  addinc_FP32_ALU_col1_fracAdder_add_113_18_g759/Y        -       A2->Y   R     OA21x2_ASAP7_75t_SL            5  3.9    26    30     669    (-,-) 
  addinc_FP32_ALU_col1_fracAdder_add_113_18_g752/Y        -       A->Y    R     BUFx3_ASAP7_75t_SL             3  2.1    13    20     689    (-,-) 
  addinc_FP32_ALU_col1_fracAdder_add_113_18_g741/Y        -       A2->Y   R     OA21x2_ASAP7_75t_SL            1  1.3    14    20     709    (-,-) 
  addinc_FP32_ALU_col1_fracAdder_add_113_18_g719/Y        -       B->Y    R     XOR2xp5_ASAP7_75t_SL           2  1.8    46    30     740    (-,-) 
  g27985__2802/Y                                          -       A->Y    F     NOR2x1_ASAP7_75t_SL            1  1.3    28    18     758    (-,-) 
  g27978__4319/Y                                          -       A->Y    R     NAND2x1_ASAP7_75t_SL           1  1.8    32    21     779    (-,-) 
  g27976__5107/Y                                          -       C->Y    F     NOR4xp75_ASAP7_75t_SL          1  1.3    30    12     791    (-,-) 
  g27975__2398/Y                                          -       A->Y    F     AND3x4_ASAP7_75t_SL           11 11.2    30    38     829    (-,-) 
  g27964__9945/Y                                          -       A2->Y   R     AOI21x1_ASAP7_75t_SL           2  2.6    40    21     850    (-,-) 
  g27960__4733/Y                                          -       C->Y    F     NAND4xp75_ASAP7_75t_SL         1  2.3    39    20     870    (-,-) 
  g27958__5115/Y                                          -       B->Y    R     NOR2x2_ASAP7_75t_SL           10  6.4    43    25     895    (-,-) 
  g27947__2802/Y                                          -       A2->Y   F     AOI21xp5_ASAP7_75t_L           1  0.9    29    17     912    (-,-) 
  g27945/Y                                                -       A->Y    R     INVx1_ASAP7_75t_L              1  1.4    25    18     930    (-,-) 
  g27944__3680/Y                                          -       B->Y    F     AOI21x1_ASAP7_75t_SL           2  1.8    35    13     944    (-,-) 
  g27937__6260/Y                                          -       C->Y    F     AND3x4_ASAP7_75t_SL            5  3.9    18    35     979    (-,-) 
  g27936/Y                                                -       A->Y    R     INVx2_ASAP7_75t_SL             4  3.0    20    13     992    (-,-) 
  g27930__1666/Y                                          -       A2->Y   F     OAI21xp5_ASAP7_75t_SL          1  1.4    33    16    1009    (-,-) 
  g27926__9315/Y                                          -       B->Y    R     AOI21x1_ASAP7_75t_SL           2  2.2    36    22    1030    (-,-) 
  g27924/Y                                                -       A->Y    F     INVx2_ASAP7_75t_SL             1  0.9    13     7    1037    (-,-) 
  g27918__1881/Y                                          -       A2->Y   F     OA21x2_ASAP7_75t_SL            2  1.4    14    23    1060    (-,-) 
  g27910__1705/Y                                          -       B->Y    R     NAND2xp5_ASAP7_75t_SL          1  0.9    24    13    1074    (-,-) 
  g27908__1617/Y                                          -       A1->Y   F     OAI21xp5_ASAP7_75t_SL          2  1.5    31    18    1091    (-,-) 
  g27906__6783/Y                                          -       A2->Y   R     AOI21xp5_ASAP7_75t_L           1  1.3    41    26    1117    (-,-) 
  g27905__5526/Y                                          -       C->Y    F     AOI211x1_ASAP7_75t_SL          2  1.9    44    19    1136    (-,-) 
  g27903__8428/Y                                          -       B->Y    F     AND2x4_ASAP7_75t_SL            7  5.5    18    29    1165    (-,-) 
  g27898__5107/Y                                          -       B->Y    R     NAND2xp5_ASAP7_75t_SL          1  0.9    24    14    1178    (-,-) 
  g27893__1666/Y                                          -       B->Y    R     OA21x2_ASAP7_75t_SL            2  2.9    22    26    1204    (-,-) 
  g27884/Y                                                -       A->Y    F     INVx2_ASAP7_75t_SL             8  5.7    25    17    1221    (-,-) 
  g27883/Y                                                -       A->Y    R     INVx1_ASAP7_75t_SL             1  0.8    17    11    1232    (-,-) 
  g27821__2346/Y                                          -       B2->Y   F     OAI22xp5_ASAP7_75t_SL          3  2.3    41    20    1252    (-,-) 
  g27743__6260/Y                                          -       B2->Y   F     AO22x2_ASAP7_75t_SL            4  2.8    20    34    1286    (-,-) 
  g48022/Y                                                -       A->Y    F     HB1xp67_ASAP7_75t_SRAM         4  3.7    83    77    1363    (-,-) 
  inc_FP32_ALU_col1_roundingAdder_add_274_18_spec1_g567/Y -       A->Y    R     NAND2x1p5_ASAP7_75t_SL         3  2.6    45    30    1393    (-,-) 
  inc_FP32_ALU_col1_roundingAdder_add_274_18_spec1_g552/Y -       B->Y    F     NOR2x1_ASAP7_75t_SL            2  2.4    30    21    1414    (-,-) 
  inc_FP32_ALU_col1_roundingAdder_add_274_18_spec1_g549/Y -       B->Y    R     NAND2x1p5_ASAP7_75t_SL         3  2.9    43    19    1433    (-,-) 
  inc_FP32_ALU_col1_roundingAdder_add_274_18_spec1_g547/Y -       B->Y    F     NOR2x1p5_ASAP7_75t_SL          3  1.9    22    14    1447    (-,-) 
  inc_FP32_ALU_col1_roundingAdder_add_274_18_spec1_g542/Y -       B->Y    F     AND2x2_ASAP7_75t_L             3  2.4    17    29    1476    (-,-) 
  inc_FP32_ALU_col1_roundingAdder_add_274_18_spec1_g536/Y -       B->Y    F     AND2x4_ASAP7_75t_SL            5  4.1    14    22    1498    (-,-) 
  inc_FP32_ALU_col1_roundingAdder_add_274_18_spec1_g505/Y -       A->Y    R     NAND4xp75_ASAP7_75t_SL         3  2.4    28    13    1511    (-,-) 
  inc_FP32_ALU_col1_roundingAdder_add_274_18_spec1_g495/Y -       B->Y    F     NOR2x1_ASAP7_75t_SL            3  1.9    27    16    1527    (-,-) 
  inc_FP32_ALU_col1_roundingAdder_add_274_18_spec1_g486/Y -       B->Y    F     AND2x2_ASAP7_75t_SL            2  2.1    15    25    1552    (-,-) 
  inc_FP32_ALU_col1_roundingAdder_add_274_18_spec1_g479/Y -       B->Y    R     NAND2x1_ASAP7_75t_L            3  3.2    53    26    1578    (-,-) 
  inc_FP32_ALU_col1_roundingAdder_add_274_18_spec1_g475/Y -       B->Y    F     NOR2x1_ASAP7_75t_SL            2  1.3    26    16    1594    (-,-) 
  inc_FP32_ALU_col1_roundingAdder_add_274_18_spec1_g472/Y -       B->Y    F     AND2x2_ASAP7_75t_SL            3  3.0    19    26    1620    (-,-) 
  inc_FP32_ALU_col1_roundingAdder_add_274_18_spec1_g467/Y -       B->Y    F     AND2x2_ASAP7_75t_SL            1  1.3    14    21    1641    (-,-) 
  inc_FP32_ALU_col1_roundingAdder_add_274_18_spec1_g465/Y -       B->Y    F     XNOR2xp5_ASAP7_75t_SL          1  0.8    22    21    1662    (-,-) 
  g27261/Y                                                -       A1->Y   R     AOI22xp5_ASAP7_75t_SL          2  1.4    42    22    1684    (-,-) 
  g27242/Y                                                -       C->Y    F     NOR4xp25_ASAP7_75t_SL          1  0.8    29    17    1701    (-,-) 
  g27232/Y                                                -       A1->Y   R     AOI21xp5_ASAP7_75t_L           3  2.2    60    34    1735    (-,-) 
  g27230/Y                                                -       B->Y    R     AND2x2_ASAP7_75t_L            19 13.8    86    65    1800    (-,-) 
  g27151/Y                                                -       B1->Y   F     AOI221xp5_ASAP7_75t_SL         1  0.9    58    27    1827    (-,-) 
  PIPE_OUT_col1_stage_reg_reg[0][14]/D                    -       -       F     ASYNC_DFFHx1_ASAP7_75t_SL      1    -     -     0    1827    (-,-) 
#--------------------------------------------------------------------------------------------------------------------------------------------------



Path 45: MET (53 ps) Setup Check with Pin PIPE_OUT_col1_stage_reg_reg[0][13]/CLK->D
           View: PVT_0P63V_100C.setup_view
          Group: clk
     Startpoint: (R) PIPE_cascade_in_col1_stage_reg_reg[0][1]/CLK
          Clock: (R) clk
       Endpoint: (F) PIPE_OUT_col1_stage_reg_reg[0][13]/D
          Clock: (R) clk

                     Capture       Launch     
        Clock Edge:+    2000            0     
       Src Latency:+       0            0     
       Net Latency:+       0 (I)        0 (I) 
           Arrival:=    2000            0     
                                              
             Setup:-      20                  
       Uncertainty:-     100                  
     Required Time:=    1880                  
      Launch Clock:-       0                  
         Data Path:-    1827                  
             Slack:=      53                  

#--------------------------------------------------------------------------------------------------------------------------------------------------
#                      Timing Point                       Flags    Arc    Edge           Cell             Fanout Load Trans Delay Arrival Instance 
#                                                                                                                (fF)  (ps)  (ps)   (ps)  Location 
#--------------------------------------------------------------------------------------------------------------------------------------------------
  PIPE_cascade_in_col1_stage_reg_reg[0][1]/CLK            -       -       R     (arrival)                   1147    -     0     0       0    (-,-) 
  PIPE_cascade_in_col1_stage_reg_reg[0][1]/QN             -       CLK->QN F     ASYNC_DFFHx1_ASAP7_75t_SL      1  0.8    22    42      42    (-,-) 
  g47114/Y                                                -       B->Y    F     AND2x2_ASAP7_75t_SL            1  1.4    17    22      64    (-,-) 
  g47039/Y                                                -       B->Y    R     AOI21x1_ASAP7_75t_SL           4  3.1    55    22      86    (-,-) 
  g46247/Y                                                -       A1->Y   F     AOI211x1_ASAP7_75t_SL          1  0.8    37    19     106    (-,-) 
  g46213/Y                                                -       A->Y    R     NOR3xp33_ASAP7_75t_SL          1  0.9    44    25     131    (-,-) 
  g46124/Y                                                -       A2->Y   F     OAI21xp5_ASAP7_75t_SL          1  0.9    26    15     146    (-,-) 
  g46034/Y                                                -       A1->Y   R     AOI311xp33_ASAP7_75t_SL        1  0.8    46    22     168    (-,-) 
  g45989/Y                                                -       A2->Y   F     OAI211xp5_ASAP7_75t_SL         1  1.3    43    24     191    (-,-) 
  g45983/Y                                                -       A->Y    F     AND2x4_ASAP7_75t_SL           13 13.6    31    38     229    (-,-) 
  g45978/Y                                                -       A->Y    R     INVx8_ASAP7_75t_SL            12  9.4    22    14     244    (-,-) 
  g45876/Y                                                -       A2->Y   R     OA22x2_ASAP7_75t_SL            2  1.4    17    23     267    (-,-) 
  g45782__4733/Y                                          -       C->Y    F     NAND4xp25_ASAP7_75t_SL         1  0.8    35    19     286    (-,-) 
  g45765__6783/Y                                          -       B->Y    F     OR2x2_ASAP7_75t_SL             3  2.0    17    28     314    (-,-) 
  g45738__5115/Y                                          -       B->Y    F     OR2x2_ASAP7_75t_SL             4  4.4    24    30     344    (-,-) 
  g45680__6417/Y                                          -       A2->Y   R     OAI21xp5_ASAP7_75t_SL          1  1.3    36    21     364    (-,-) 
  g45652__4733/Y                                          -       B->Y    R     AND2x4_ASAP7_75t_SL           14 15.2    44    36     401    (-,-) 
  g45649/Y                                                -       A->Y    F     INVx4_ASAP7_75t_SL             9  9.4    29    18     418    (-,-) 
  g45586__7410/Y                                          -       A1->Y   R     OAI22x1_ASAP7_75t_SL           2  1.6    44    17     436    (-,-) 
  g45513__1666/Y                                          -       A1->Y   F     AOI22xp5_ASAP7_75t_SL          2  1.6    37    19     455    (-,-) 
  g45457__4319/Y                                          -       B2->Y   R     OAI22xp5_ASAP7_75t_SL          2  2.1    58    33     487    (-,-) 
  g45451/Y                                                -       A->Y    F     INVx1_ASAP7_75t_L              1  0.8    21    14     502    (-,-) 
  g45408__8246/Y                                          -       B->Y    R     NAND2xp5_ASAP7_75t_SL          1  0.8    27    14     516    (-,-) 
  g45376__7098/Y                                          -       A1->Y   F     AOI21xp5_ASAP7_75t_SL          1  0.9    24    14     530    (-,-) 
  g45367__8428/Y                                          -       B->Y    R     OAI21xp5_ASAP7_75t_SL          2  2.1    55    19     549    (-,-) 
  g45358__2346/Y                                          -       B->Y    F     NOR2x1_ASAP7_75t_SL            2  1.3    39    16     565    (-,-) 
  addinc_FP32_ALU_col1_fracAdder_add_113_18_g954/Y        -       A->Y    F     AND2x2_ASAP7_75t_SL            2  2.4    17    30     594    (-,-) 
  addinc_FP32_ALU_col1_fracAdder_add_113_18_g846/Y        -       B->Y    R     NAND2x1p5_ASAP7_75t_SL         2  3.0    41    16     611    (-,-) 
  addinc_FP32_ALU_col1_fracAdder_add_113_18_g804/Y        -       B->Y    F     NOR2x1p5_ASAP7_75t_SL          2  1.8    24    14     624    (-,-) 
  addinc_FP32_ALU_col1_fracAdder_add_113_18_g780/Y        -       A2->Y   R     AOI21x1_ASAP7_75t_SL           2  1.5    30    16     640    (-,-) 
  addinc_FP32_ALU_col1_fracAdder_add_113_18_g759/Y        -       A2->Y   R     OA21x2_ASAP7_75t_SL            5  3.9    26    30     669    (-,-) 
  addinc_FP32_ALU_col1_fracAdder_add_113_18_g752/Y        -       A->Y    R     BUFx3_ASAP7_75t_SL             3  2.1    13    20     689    (-,-) 
  addinc_FP32_ALU_col1_fracAdder_add_113_18_g741/Y        -       A2->Y   R     OA21x2_ASAP7_75t_SL            1  1.3    14    20     709    (-,-) 
  addinc_FP32_ALU_col1_fracAdder_add_113_18_g719/Y        -       B->Y    R     XOR2xp5_ASAP7_75t_SL           2  1.8    46    30     740    (-,-) 
  g27985__2802/Y                                          -       A->Y    F     NOR2x1_ASAP7_75t_SL            1  1.3    28    18     758    (-,-) 
  g27978__4319/Y                                          -       A->Y    R     NAND2x1_ASAP7_75t_SL           1  1.8    32    21     779    (-,-) 
  g27976__5107/Y                                          -       C->Y    F     NOR4xp75_ASAP7_75t_SL          1  1.3    30    12     791    (-,-) 
  g27975__2398/Y                                          -       A->Y    F     AND3x4_ASAP7_75t_SL           11 11.2    30    38     829    (-,-) 
  g27964__9945/Y                                          -       A2->Y   R     AOI21x1_ASAP7_75t_SL           2  2.6    40    21     850    (-,-) 
  g27960__4733/Y                                          -       C->Y    F     NAND4xp75_ASAP7_75t_SL         1  2.3    39    20     870    (-,-) 
  g27958__5115/Y                                          -       B->Y    R     NOR2x2_ASAP7_75t_SL           10  6.4    43    25     895    (-,-) 
  g27947__2802/Y                                          -       A2->Y   F     AOI21xp5_ASAP7_75t_L           1  0.9    29    17     912    (-,-) 
  g27945/Y                                                -       A->Y    R     INVx1_ASAP7_75t_L              1  1.4    25    18     930    (-,-) 
  g27944__3680/Y                                          -       B->Y    F     AOI21x1_ASAP7_75t_SL           2  1.8    35    13     944    (-,-) 
  g27937__6260/Y                                          -       C->Y    F     AND3x4_ASAP7_75t_SL            5  3.9    18    35     979    (-,-) 
  g27936/Y                                                -       A->Y    R     INVx2_ASAP7_75t_SL             4  3.0    20    13     992    (-,-) 
  g27930__1666/Y                                          -       A2->Y   F     OAI21xp5_ASAP7_75t_SL          1  1.4    33    16    1009    (-,-) 
  g27926__9315/Y                                          -       B->Y    R     AOI21x1_ASAP7_75t_SL           2  2.2    36    22    1030    (-,-) 
  g27924/Y                                                -       A->Y    F     INVx2_ASAP7_75t_SL             1  0.9    13     7    1037    (-,-) 
  g27918__1881/Y                                          -       A2->Y   F     OA21x2_ASAP7_75t_SL            2  1.4    14    23    1060    (-,-) 
  g27910__1705/Y                                          -       B->Y    R     NAND2xp5_ASAP7_75t_SL          1  0.9    24    13    1074    (-,-) 
  g27908__1617/Y                                          -       A1->Y   F     OAI21xp5_ASAP7_75t_SL          2  1.5    31    18    1091    (-,-) 
  g27906__6783/Y                                          -       A2->Y   R     AOI21xp5_ASAP7_75t_L           1  1.3    41    26    1117    (-,-) 
  g27905__5526/Y                                          -       C->Y    F     AOI211x1_ASAP7_75t_SL          2  1.9    44    19    1136    (-,-) 
  g27903__8428/Y                                          -       B->Y    F     AND2x4_ASAP7_75t_SL            7  5.5    18    29    1165    (-,-) 
  g27898__5107/Y                                          -       B->Y    R     NAND2xp5_ASAP7_75t_SL          1  0.9    24    14    1178    (-,-) 
  g27893__1666/Y                                          -       B->Y    R     OA21x2_ASAP7_75t_SL            2  2.9    22    26    1204    (-,-) 
  g27884/Y                                                -       A->Y    F     INVx2_ASAP7_75t_SL             8  5.7    25    17    1221    (-,-) 
  g27883/Y                                                -       A->Y    R     INVx1_ASAP7_75t_SL             1  0.8    17    11    1232    (-,-) 
  g27821__2346/Y                                          -       B2->Y   F     OAI22xp5_ASAP7_75t_SL          3  2.3    41    20    1252    (-,-) 
  g27743__6260/Y                                          -       B2->Y   F     AO22x2_ASAP7_75t_SL            4  2.8    20    34    1286    (-,-) 
  g48022/Y                                                -       A->Y    F     HB1xp67_ASAP7_75t_SRAM         4  3.7    83    77    1363    (-,-) 
  inc_FP32_ALU_col1_roundingAdder_add_274_18_spec1_g567/Y -       A->Y    R     NAND2x1p5_ASAP7_75t_SL         3  2.6    45    30    1393    (-,-) 
  inc_FP32_ALU_col1_roundingAdder_add_274_18_spec1_g552/Y -       B->Y    F     NOR2x1_ASAP7_75t_SL            2  2.4    30    21    1414    (-,-) 
  inc_FP32_ALU_col1_roundingAdder_add_274_18_spec1_g549/Y -       B->Y    R     NAND2x1p5_ASAP7_75t_SL         3  2.9    43    19    1433    (-,-) 
  inc_FP32_ALU_col1_roundingAdder_add_274_18_spec1_g547/Y -       B->Y    F     NOR2x1p5_ASAP7_75t_SL          3  1.9    22    14    1447    (-,-) 
  inc_FP32_ALU_col1_roundingAdder_add_274_18_spec1_g542/Y -       B->Y    F     AND2x2_ASAP7_75t_L             3  2.4    17    29    1476    (-,-) 
  inc_FP32_ALU_col1_roundingAdder_add_274_18_spec1_g536/Y -       B->Y    F     AND2x4_ASAP7_75t_SL            5  4.1    14    22    1498    (-,-) 
  inc_FP32_ALU_col1_roundingAdder_add_274_18_spec1_g505/Y -       A->Y    R     NAND4xp75_ASAP7_75t_SL         3  2.4    28    13    1511    (-,-) 
  inc_FP32_ALU_col1_roundingAdder_add_274_18_spec1_g495/Y -       B->Y    F     NOR2x1_ASAP7_75t_SL            3  1.9    27    16    1527    (-,-) 
  inc_FP32_ALU_col1_roundingAdder_add_274_18_spec1_g486/Y -       B->Y    F     AND2x2_ASAP7_75t_SL            2  2.1    15    25    1552    (-,-) 
  inc_FP32_ALU_col1_roundingAdder_add_274_18_spec1_g479/Y -       B->Y    R     NAND2x1_ASAP7_75t_L            3  3.2    53    26    1578    (-,-) 
  inc_FP32_ALU_col1_roundingAdder_add_274_18_spec1_g475/Y -       B->Y    F     NOR2x1_ASAP7_75t_SL            2  1.3    26    16    1594    (-,-) 
  inc_FP32_ALU_col1_roundingAdder_add_274_18_spec1_g472/Y -       B->Y    F     AND2x2_ASAP7_75t_SL            3  3.0    19    26    1620    (-,-) 
  inc_FP32_ALU_col1_roundingAdder_add_274_18_spec1_g467/Y -       B->Y    F     AND2x2_ASAP7_75t_SL            1  1.3    14    21    1641    (-,-) 
  inc_FP32_ALU_col1_roundingAdder_add_274_18_spec1_g465/Y -       B->Y    F     XNOR2xp5_ASAP7_75t_SL          1  0.8    22    21    1662    (-,-) 
  g27261/Y                                                -       A1->Y   R     AOI22xp5_ASAP7_75t_SL          2  1.4    42    22    1684    (-,-) 
  g27242/Y                                                -       C->Y    F     NOR4xp25_ASAP7_75t_SL          1  0.8    29    17    1701    (-,-) 
  g27232/Y                                                -       A1->Y   R     AOI21xp5_ASAP7_75t_L           3  2.2    60    34    1735    (-,-) 
  g27230/Y                                                -       B->Y    R     AND2x2_ASAP7_75t_L            19 13.8    86    65    1800    (-,-) 
  g27159/Y                                                -       B1->Y   F     AOI221xp5_ASAP7_75t_SL         1  0.9    58    27    1827    (-,-) 
  PIPE_OUT_col1_stage_reg_reg[0][13]/D                    -       -       F     ASYNC_DFFHx1_ASAP7_75t_SL      1    -     -     0    1827    (-,-) 
#--------------------------------------------------------------------------------------------------------------------------------------------------



Path 46: MET (53 ps) Setup Check with Pin PIPE_OUT_col1_stage_reg_reg[0][12]/CLK->D
           View: PVT_0P63V_100C.setup_view
          Group: clk
     Startpoint: (R) PIPE_cascade_in_col1_stage_reg_reg[0][1]/CLK
          Clock: (R) clk
       Endpoint: (F) PIPE_OUT_col1_stage_reg_reg[0][12]/D
          Clock: (R) clk

                     Capture       Launch     
        Clock Edge:+    2000            0     
       Src Latency:+       0            0     
       Net Latency:+       0 (I)        0 (I) 
           Arrival:=    2000            0     
                                              
             Setup:-      20                  
       Uncertainty:-     100                  
     Required Time:=    1880                  
      Launch Clock:-       0                  
         Data Path:-    1827                  
             Slack:=      53                  

#--------------------------------------------------------------------------------------------------------------------------------------------------
#                      Timing Point                       Flags    Arc    Edge           Cell             Fanout Load Trans Delay Arrival Instance 
#                                                                                                                (fF)  (ps)  (ps)   (ps)  Location 
#--------------------------------------------------------------------------------------------------------------------------------------------------
  PIPE_cascade_in_col1_stage_reg_reg[0][1]/CLK            -       -       R     (arrival)                   1147    -     0     0       0    (-,-) 
  PIPE_cascade_in_col1_stage_reg_reg[0][1]/QN             -       CLK->QN F     ASYNC_DFFHx1_ASAP7_75t_SL      1  0.8    22    42      42    (-,-) 
  g47114/Y                                                -       B->Y    F     AND2x2_ASAP7_75t_SL            1  1.4    17    22      64    (-,-) 
  g47039/Y                                                -       B->Y    R     AOI21x1_ASAP7_75t_SL           4  3.1    55    22      86    (-,-) 
  g46247/Y                                                -       A1->Y   F     AOI211x1_ASAP7_75t_SL          1  0.8    37    19     106    (-,-) 
  g46213/Y                                                -       A->Y    R     NOR3xp33_ASAP7_75t_SL          1  0.9    44    25     131    (-,-) 
  g46124/Y                                                -       A2->Y   F     OAI21xp5_ASAP7_75t_SL          1  0.9    26    15     146    (-,-) 
  g46034/Y                                                -       A1->Y   R     AOI311xp33_ASAP7_75t_SL        1  0.8    46    22     168    (-,-) 
  g45989/Y                                                -       A2->Y   F     OAI211xp5_ASAP7_75t_SL         1  1.3    43    24     191    (-,-) 
  g45983/Y                                                -       A->Y    F     AND2x4_ASAP7_75t_SL           13 13.6    31    38     229    (-,-) 
  g45978/Y                                                -       A->Y    R     INVx8_ASAP7_75t_SL            12  9.4    22    14     244    (-,-) 
  g45876/Y                                                -       A2->Y   R     OA22x2_ASAP7_75t_SL            2  1.4    17    23     267    (-,-) 
  g45782__4733/Y                                          -       C->Y    F     NAND4xp25_ASAP7_75t_SL         1  0.8    35    19     286    (-,-) 
  g45765__6783/Y                                          -       B->Y    F     OR2x2_ASAP7_75t_SL             3  2.0    17    28     314    (-,-) 
  g45738__5115/Y                                          -       B->Y    F     OR2x2_ASAP7_75t_SL             4  4.4    24    30     344    (-,-) 
  g45680__6417/Y                                          -       A2->Y   R     OAI21xp5_ASAP7_75t_SL          1  1.3    36    21     364    (-,-) 
  g45652__4733/Y                                          -       B->Y    R     AND2x4_ASAP7_75t_SL           14 15.2    44    36     401    (-,-) 
  g45649/Y                                                -       A->Y    F     INVx4_ASAP7_75t_SL             9  9.4    29    18     418    (-,-) 
  g45586__7410/Y                                          -       A1->Y   R     OAI22x1_ASAP7_75t_SL           2  1.6    44    17     436    (-,-) 
  g45513__1666/Y                                          -       A1->Y   F     AOI22xp5_ASAP7_75t_SL          2  1.6    37    19     455    (-,-) 
  g45457__4319/Y                                          -       B2->Y   R     OAI22xp5_ASAP7_75t_SL          2  2.1    58    33     487    (-,-) 
  g45451/Y                                                -       A->Y    F     INVx1_ASAP7_75t_L              1  0.8    21    14     502    (-,-) 
  g45408__8246/Y                                          -       B->Y    R     NAND2xp5_ASAP7_75t_SL          1  0.8    27    14     516    (-,-) 
  g45376__7098/Y                                          -       A1->Y   F     AOI21xp5_ASAP7_75t_SL          1  0.9    24    14     530    (-,-) 
  g45367__8428/Y                                          -       B->Y    R     OAI21xp5_ASAP7_75t_SL          2  2.1    55    19     549    (-,-) 
  g45358__2346/Y                                          -       B->Y    F     NOR2x1_ASAP7_75t_SL            2  1.3    39    16     565    (-,-) 
  addinc_FP32_ALU_col1_fracAdder_add_113_18_g954/Y        -       A->Y    F     AND2x2_ASAP7_75t_SL            2  2.4    17    30     594    (-,-) 
  addinc_FP32_ALU_col1_fracAdder_add_113_18_g846/Y        -       B->Y    R     NAND2x1p5_ASAP7_75t_SL         2  3.0    41    16     611    (-,-) 
  addinc_FP32_ALU_col1_fracAdder_add_113_18_g804/Y        -       B->Y    F     NOR2x1p5_ASAP7_75t_SL          2  1.8    24    14     624    (-,-) 
  addinc_FP32_ALU_col1_fracAdder_add_113_18_g780/Y        -       A2->Y   R     AOI21x1_ASAP7_75t_SL           2  1.5    30    16     640    (-,-) 
  addinc_FP32_ALU_col1_fracAdder_add_113_18_g759/Y        -       A2->Y   R     OA21x2_ASAP7_75t_SL            5  3.9    26    30     669    (-,-) 
  addinc_FP32_ALU_col1_fracAdder_add_113_18_g752/Y        -       A->Y    R     BUFx3_ASAP7_75t_SL             3  2.1    13    20     689    (-,-) 
  addinc_FP32_ALU_col1_fracAdder_add_113_18_g741/Y        -       A2->Y   R     OA21x2_ASAP7_75t_SL            1  1.3    14    20     709    (-,-) 
  addinc_FP32_ALU_col1_fracAdder_add_113_18_g719/Y        -       B->Y    R     XOR2xp5_ASAP7_75t_SL           2  1.8    46    30     740    (-,-) 
  g27985__2802/Y                                          -       A->Y    F     NOR2x1_ASAP7_75t_SL            1  1.3    28    18     758    (-,-) 
  g27978__4319/Y                                          -       A->Y    R     NAND2x1_ASAP7_75t_SL           1  1.8    32    21     779    (-,-) 
  g27976__5107/Y                                          -       C->Y    F     NOR4xp75_ASAP7_75t_SL          1  1.3    30    12     791    (-,-) 
  g27975__2398/Y                                          -       A->Y    F     AND3x4_ASAP7_75t_SL           11 11.2    30    38     829    (-,-) 
  g27964__9945/Y                                          -       A2->Y   R     AOI21x1_ASAP7_75t_SL           2  2.6    40    21     850    (-,-) 
  g27960__4733/Y                                          -       C->Y    F     NAND4xp75_ASAP7_75t_SL         1  2.3    39    20     870    (-,-) 
  g27958__5115/Y                                          -       B->Y    R     NOR2x2_ASAP7_75t_SL           10  6.4    43    25     895    (-,-) 
  g27947__2802/Y                                          -       A2->Y   F     AOI21xp5_ASAP7_75t_L           1  0.9    29    17     912    (-,-) 
  g27945/Y                                                -       A->Y    R     INVx1_ASAP7_75t_L              1  1.4    25    18     930    (-,-) 
  g27944__3680/Y                                          -       B->Y    F     AOI21x1_ASAP7_75t_SL           2  1.8    35    13     944    (-,-) 
  g27937__6260/Y                                          -       C->Y    F     AND3x4_ASAP7_75t_SL            5  3.9    18    35     979    (-,-) 
  g27936/Y                                                -       A->Y    R     INVx2_ASAP7_75t_SL             4  3.0    20    13     992    (-,-) 
  g27930__1666/Y                                          -       A2->Y   F     OAI21xp5_ASAP7_75t_SL          1  1.4    33    16    1009    (-,-) 
  g27926__9315/Y                                          -       B->Y    R     AOI21x1_ASAP7_75t_SL           2  2.2    36    22    1030    (-,-) 
  g27924/Y                                                -       A->Y    F     INVx2_ASAP7_75t_SL             1  0.9    13     7    1037    (-,-) 
  g27918__1881/Y                                          -       A2->Y   F     OA21x2_ASAP7_75t_SL            2  1.4    14    23    1060    (-,-) 
  g27910__1705/Y                                          -       B->Y    R     NAND2xp5_ASAP7_75t_SL          1  0.9    24    13    1074    (-,-) 
  g27908__1617/Y                                          -       A1->Y   F     OAI21xp5_ASAP7_75t_SL          2  1.5    31    18    1091    (-,-) 
  g27906__6783/Y                                          -       A2->Y   R     AOI21xp5_ASAP7_75t_L           1  1.3    41    26    1117    (-,-) 
  g27905__5526/Y                                          -       C->Y    F     AOI211x1_ASAP7_75t_SL          2  1.9    44    19    1136    (-,-) 
  g27903__8428/Y                                          -       B->Y    F     AND2x4_ASAP7_75t_SL            7  5.5    18    29    1165    (-,-) 
  g27898__5107/Y                                          -       B->Y    R     NAND2xp5_ASAP7_75t_SL          1  0.9    24    14    1178    (-,-) 
  g27893__1666/Y                                          -       B->Y    R     OA21x2_ASAP7_75t_SL            2  2.9    22    26    1204    (-,-) 
  g27884/Y                                                -       A->Y    F     INVx2_ASAP7_75t_SL             8  5.7    25    17    1221    (-,-) 
  g27883/Y                                                -       A->Y    R     INVx1_ASAP7_75t_SL             1  0.8    17    11    1232    (-,-) 
  g27821__2346/Y                                          -       B2->Y   F     OAI22xp5_ASAP7_75t_SL          3  2.3    41    20    1252    (-,-) 
  g27743__6260/Y                                          -       B2->Y   F     AO22x2_ASAP7_75t_SL            4  2.8    20    34    1286    (-,-) 
  g48022/Y                                                -       A->Y    F     HB1xp67_ASAP7_75t_SRAM         4  3.7    83    77    1363    (-,-) 
  inc_FP32_ALU_col1_roundingAdder_add_274_18_spec1_g567/Y -       A->Y    R     NAND2x1p5_ASAP7_75t_SL         3  2.6    45    30    1393    (-,-) 
  inc_FP32_ALU_col1_roundingAdder_add_274_18_spec1_g552/Y -       B->Y    F     NOR2x1_ASAP7_75t_SL            2  2.4    30    21    1414    (-,-) 
  inc_FP32_ALU_col1_roundingAdder_add_274_18_spec1_g549/Y -       B->Y    R     NAND2x1p5_ASAP7_75t_SL         3  2.9    43    19    1433    (-,-) 
  inc_FP32_ALU_col1_roundingAdder_add_274_18_spec1_g547/Y -       B->Y    F     NOR2x1p5_ASAP7_75t_SL          3  1.9    22    14    1447    (-,-) 
  inc_FP32_ALU_col1_roundingAdder_add_274_18_spec1_g542/Y -       B->Y    F     AND2x2_ASAP7_75t_L             3  2.4    17    29    1476    (-,-) 
  inc_FP32_ALU_col1_roundingAdder_add_274_18_spec1_g536/Y -       B->Y    F     AND2x4_ASAP7_75t_SL            5  4.1    14    22    1498    (-,-) 
  inc_FP32_ALU_col1_roundingAdder_add_274_18_spec1_g505/Y -       A->Y    R     NAND4xp75_ASAP7_75t_SL         3  2.4    28    13    1511    (-,-) 
  inc_FP32_ALU_col1_roundingAdder_add_274_18_spec1_g495/Y -       B->Y    F     NOR2x1_ASAP7_75t_SL            3  1.9    27    16    1527    (-,-) 
  inc_FP32_ALU_col1_roundingAdder_add_274_18_spec1_g486/Y -       B->Y    F     AND2x2_ASAP7_75t_SL            2  2.1    15    25    1552    (-,-) 
  inc_FP32_ALU_col1_roundingAdder_add_274_18_spec1_g479/Y -       B->Y    R     NAND2x1_ASAP7_75t_L            3  3.2    53    26    1578    (-,-) 
  inc_FP32_ALU_col1_roundingAdder_add_274_18_spec1_g475/Y -       B->Y    F     NOR2x1_ASAP7_75t_SL            2  1.3    26    16    1594    (-,-) 
  inc_FP32_ALU_col1_roundingAdder_add_274_18_spec1_g472/Y -       B->Y    F     AND2x2_ASAP7_75t_SL            3  3.0    19    26    1620    (-,-) 
  inc_FP32_ALU_col1_roundingAdder_add_274_18_spec1_g467/Y -       B->Y    F     AND2x2_ASAP7_75t_SL            1  1.3    14    21    1641    (-,-) 
  inc_FP32_ALU_col1_roundingAdder_add_274_18_spec1_g465/Y -       B->Y    F     XNOR2xp5_ASAP7_75t_SL          1  0.8    22    21    1662    (-,-) 
  g27261/Y                                                -       A1->Y   R     AOI22xp5_ASAP7_75t_SL          2  1.4    42    22    1684    (-,-) 
  g27242/Y                                                -       C->Y    F     NOR4xp25_ASAP7_75t_SL          1  0.8    29    17    1701    (-,-) 
  g27232/Y                                                -       A1->Y   R     AOI21xp5_ASAP7_75t_L           3  2.2    60    34    1735    (-,-) 
  g27230/Y                                                -       B->Y    R     AND2x2_ASAP7_75t_L            19 13.8    86    65    1800    (-,-) 
  g27158/Y                                                -       B1->Y   F     AOI221xp5_ASAP7_75t_SL         1  0.9    58    27    1827    (-,-) 
  PIPE_OUT_col1_stage_reg_reg[0][12]/D                    -       -       F     ASYNC_DFFHx1_ASAP7_75t_SL      1    -     -     0    1827    (-,-) 
#--------------------------------------------------------------------------------------------------------------------------------------------------



Path 47: MET (53 ps) Setup Check with Pin PIPE_OUT_col1_stage_reg_reg[0][11]/CLK->D
           View: PVT_0P63V_100C.setup_view
          Group: clk
     Startpoint: (R) PIPE_cascade_in_col1_stage_reg_reg[0][1]/CLK
          Clock: (R) clk
       Endpoint: (F) PIPE_OUT_col1_stage_reg_reg[0][11]/D
          Clock: (R) clk

                     Capture       Launch     
        Clock Edge:+    2000            0     
       Src Latency:+       0            0     
       Net Latency:+       0 (I)        0 (I) 
           Arrival:=    2000            0     
                                              
             Setup:-      20                  
       Uncertainty:-     100                  
     Required Time:=    1880                  
      Launch Clock:-       0                  
         Data Path:-    1827                  
             Slack:=      53                  

#--------------------------------------------------------------------------------------------------------------------------------------------------
#                      Timing Point                       Flags    Arc    Edge           Cell             Fanout Load Trans Delay Arrival Instance 
#                                                                                                                (fF)  (ps)  (ps)   (ps)  Location 
#--------------------------------------------------------------------------------------------------------------------------------------------------
  PIPE_cascade_in_col1_stage_reg_reg[0][1]/CLK            -       -       R     (arrival)                   1147    -     0     0       0    (-,-) 
  PIPE_cascade_in_col1_stage_reg_reg[0][1]/QN             -       CLK->QN F     ASYNC_DFFHx1_ASAP7_75t_SL      1  0.8    22    42      42    (-,-) 
  g47114/Y                                                -       B->Y    F     AND2x2_ASAP7_75t_SL            1  1.4    17    22      64    (-,-) 
  g47039/Y                                                -       B->Y    R     AOI21x1_ASAP7_75t_SL           4  3.1    55    22      86    (-,-) 
  g46247/Y                                                -       A1->Y   F     AOI211x1_ASAP7_75t_SL          1  0.8    37    19     106    (-,-) 
  g46213/Y                                                -       A->Y    R     NOR3xp33_ASAP7_75t_SL          1  0.9    44    25     131    (-,-) 
  g46124/Y                                                -       A2->Y   F     OAI21xp5_ASAP7_75t_SL          1  0.9    26    15     146    (-,-) 
  g46034/Y                                                -       A1->Y   R     AOI311xp33_ASAP7_75t_SL        1  0.8    46    22     168    (-,-) 
  g45989/Y                                                -       A2->Y   F     OAI211xp5_ASAP7_75t_SL         1  1.3    43    24     191    (-,-) 
  g45983/Y                                                -       A->Y    F     AND2x4_ASAP7_75t_SL           13 13.6    31    38     229    (-,-) 
  g45978/Y                                                -       A->Y    R     INVx8_ASAP7_75t_SL            12  9.4    22    14     244    (-,-) 
  g45876/Y                                                -       A2->Y   R     OA22x2_ASAP7_75t_SL            2  1.4    17    23     267    (-,-) 
  g45782__4733/Y                                          -       C->Y    F     NAND4xp25_ASAP7_75t_SL         1  0.8    35    19     286    (-,-) 
  g45765__6783/Y                                          -       B->Y    F     OR2x2_ASAP7_75t_SL             3  2.0    17    28     314    (-,-) 
  g45738__5115/Y                                          -       B->Y    F     OR2x2_ASAP7_75t_SL             4  4.4    24    30     344    (-,-) 
  g45680__6417/Y                                          -       A2->Y   R     OAI21xp5_ASAP7_75t_SL          1  1.3    36    21     364    (-,-) 
  g45652__4733/Y                                          -       B->Y    R     AND2x4_ASAP7_75t_SL           14 15.2    44    36     401    (-,-) 
  g45649/Y                                                -       A->Y    F     INVx4_ASAP7_75t_SL             9  9.4    29    18     418    (-,-) 
  g45586__7410/Y                                          -       A1->Y   R     OAI22x1_ASAP7_75t_SL           2  1.6    44    17     436    (-,-) 
  g45513__1666/Y                                          -       A1->Y   F     AOI22xp5_ASAP7_75t_SL          2  1.6    37    19     455    (-,-) 
  g45457__4319/Y                                          -       B2->Y   R     OAI22xp5_ASAP7_75t_SL          2  2.1    58    33     487    (-,-) 
  g45451/Y                                                -       A->Y    F     INVx1_ASAP7_75t_L              1  0.8    21    14     502    (-,-) 
  g45408__8246/Y                                          -       B->Y    R     NAND2xp5_ASAP7_75t_SL          1  0.8    27    14     516    (-,-) 
  g45376__7098/Y                                          -       A1->Y   F     AOI21xp5_ASAP7_75t_SL          1  0.9    24    14     530    (-,-) 
  g45367__8428/Y                                          -       B->Y    R     OAI21xp5_ASAP7_75t_SL          2  2.1    55    19     549    (-,-) 
  g45358__2346/Y                                          -       B->Y    F     NOR2x1_ASAP7_75t_SL            2  1.3    39    16     565    (-,-) 
  addinc_FP32_ALU_col1_fracAdder_add_113_18_g954/Y        -       A->Y    F     AND2x2_ASAP7_75t_SL            2  2.4    17    30     594    (-,-) 
  addinc_FP32_ALU_col1_fracAdder_add_113_18_g846/Y        -       B->Y    R     NAND2x1p5_ASAP7_75t_SL         2  3.0    41    16     611    (-,-) 
  addinc_FP32_ALU_col1_fracAdder_add_113_18_g804/Y        -       B->Y    F     NOR2x1p5_ASAP7_75t_SL          2  1.8    24    14     624    (-,-) 
  addinc_FP32_ALU_col1_fracAdder_add_113_18_g780/Y        -       A2->Y   R     AOI21x1_ASAP7_75t_SL           2  1.5    30    16     640    (-,-) 
  addinc_FP32_ALU_col1_fracAdder_add_113_18_g759/Y        -       A2->Y   R     OA21x2_ASAP7_75t_SL            5  3.9    26    30     669    (-,-) 
  addinc_FP32_ALU_col1_fracAdder_add_113_18_g752/Y        -       A->Y    R     BUFx3_ASAP7_75t_SL             3  2.1    13    20     689    (-,-) 
  addinc_FP32_ALU_col1_fracAdder_add_113_18_g741/Y        -       A2->Y   R     OA21x2_ASAP7_75t_SL            1  1.3    14    20     709    (-,-) 
  addinc_FP32_ALU_col1_fracAdder_add_113_18_g719/Y        -       B->Y    R     XOR2xp5_ASAP7_75t_SL           2  1.8    46    30     740    (-,-) 
  g27985__2802/Y                                          -       A->Y    F     NOR2x1_ASAP7_75t_SL            1  1.3    28    18     758    (-,-) 
  g27978__4319/Y                                          -       A->Y    R     NAND2x1_ASAP7_75t_SL           1  1.8    32    21     779    (-,-) 
  g27976__5107/Y                                          -       C->Y    F     NOR4xp75_ASAP7_75t_SL          1  1.3    30    12     791    (-,-) 
  g27975__2398/Y                                          -       A->Y    F     AND3x4_ASAP7_75t_SL           11 11.2    30    38     829    (-,-) 
  g27964__9945/Y                                          -       A2->Y   R     AOI21x1_ASAP7_75t_SL           2  2.6    40    21     850    (-,-) 
  g27960__4733/Y                                          -       C->Y    F     NAND4xp75_ASAP7_75t_SL         1  2.3    39    20     870    (-,-) 
  g27958__5115/Y                                          -       B->Y    R     NOR2x2_ASAP7_75t_SL           10  6.4    43    25     895    (-,-) 
  g27947__2802/Y                                          -       A2->Y   F     AOI21xp5_ASAP7_75t_L           1  0.9    29    17     912    (-,-) 
  g27945/Y                                                -       A->Y    R     INVx1_ASAP7_75t_L              1  1.4    25    18     930    (-,-) 
  g27944__3680/Y                                          -       B->Y    F     AOI21x1_ASAP7_75t_SL           2  1.8    35    13     944    (-,-) 
  g27937__6260/Y                                          -       C->Y    F     AND3x4_ASAP7_75t_SL            5  3.9    18    35     979    (-,-) 
  g27936/Y                                                -       A->Y    R     INVx2_ASAP7_75t_SL             4  3.0    20    13     992    (-,-) 
  g27930__1666/Y                                          -       A2->Y   F     OAI21xp5_ASAP7_75t_SL          1  1.4    33    16    1009    (-,-) 
  g27926__9315/Y                                          -       B->Y    R     AOI21x1_ASAP7_75t_SL           2  2.2    36    22    1030    (-,-) 
  g27924/Y                                                -       A->Y    F     INVx2_ASAP7_75t_SL             1  0.9    13     7    1037    (-,-) 
  g27918__1881/Y                                          -       A2->Y   F     OA21x2_ASAP7_75t_SL            2  1.4    14    23    1060    (-,-) 
  g27910__1705/Y                                          -       B->Y    R     NAND2xp5_ASAP7_75t_SL          1  0.9    24    13    1074    (-,-) 
  g27908__1617/Y                                          -       A1->Y   F     OAI21xp5_ASAP7_75t_SL          2  1.5    31    18    1091    (-,-) 
  g27906__6783/Y                                          -       A2->Y   R     AOI21xp5_ASAP7_75t_L           1  1.3    41    26    1117    (-,-) 
  g27905__5526/Y                                          -       C->Y    F     AOI211x1_ASAP7_75t_SL          2  1.9    44    19    1136    (-,-) 
  g27903__8428/Y                                          -       B->Y    F     AND2x4_ASAP7_75t_SL            7  5.5    18    29    1165    (-,-) 
  g27898__5107/Y                                          -       B->Y    R     NAND2xp5_ASAP7_75t_SL          1  0.9    24    14    1178    (-,-) 
  g27893__1666/Y                                          -       B->Y    R     OA21x2_ASAP7_75t_SL            2  2.9    22    26    1204    (-,-) 
  g27884/Y                                                -       A->Y    F     INVx2_ASAP7_75t_SL             8  5.7    25    17    1221    (-,-) 
  g27883/Y                                                -       A->Y    R     INVx1_ASAP7_75t_SL             1  0.8    17    11    1232    (-,-) 
  g27821__2346/Y                                          -       B2->Y   F     OAI22xp5_ASAP7_75t_SL          3  2.3    41    20    1252    (-,-) 
  g27743__6260/Y                                          -       B2->Y   F     AO22x2_ASAP7_75t_SL            4  2.8    20    34    1286    (-,-) 
  g48022/Y                                                -       A->Y    F     HB1xp67_ASAP7_75t_SRAM         4  3.7    83    77    1363    (-,-) 
  inc_FP32_ALU_col1_roundingAdder_add_274_18_spec1_g567/Y -       A->Y    R     NAND2x1p5_ASAP7_75t_SL         3  2.6    45    30    1393    (-,-) 
  inc_FP32_ALU_col1_roundingAdder_add_274_18_spec1_g552/Y -       B->Y    F     NOR2x1_ASAP7_75t_SL            2  2.4    30    21    1414    (-,-) 
  inc_FP32_ALU_col1_roundingAdder_add_274_18_spec1_g549/Y -       B->Y    R     NAND2x1p5_ASAP7_75t_SL         3  2.9    43    19    1433    (-,-) 
  inc_FP32_ALU_col1_roundingAdder_add_274_18_spec1_g547/Y -       B->Y    F     NOR2x1p5_ASAP7_75t_SL          3  1.9    22    14    1447    (-,-) 
  inc_FP32_ALU_col1_roundingAdder_add_274_18_spec1_g542/Y -       B->Y    F     AND2x2_ASAP7_75t_L             3  2.4    17    29    1476    (-,-) 
  inc_FP32_ALU_col1_roundingAdder_add_274_18_spec1_g536/Y -       B->Y    F     AND2x4_ASAP7_75t_SL            5  4.1    14    22    1498    (-,-) 
  inc_FP32_ALU_col1_roundingAdder_add_274_18_spec1_g505/Y -       A->Y    R     NAND4xp75_ASAP7_75t_SL         3  2.4    28    13    1511    (-,-) 
  inc_FP32_ALU_col1_roundingAdder_add_274_18_spec1_g495/Y -       B->Y    F     NOR2x1_ASAP7_75t_SL            3  1.9    27    16    1527    (-,-) 
  inc_FP32_ALU_col1_roundingAdder_add_274_18_spec1_g486/Y -       B->Y    F     AND2x2_ASAP7_75t_SL            2  2.1    15    25    1552    (-,-) 
  inc_FP32_ALU_col1_roundingAdder_add_274_18_spec1_g479/Y -       B->Y    R     NAND2x1_ASAP7_75t_L            3  3.2    53    26    1578    (-,-) 
  inc_FP32_ALU_col1_roundingAdder_add_274_18_spec1_g475/Y -       B->Y    F     NOR2x1_ASAP7_75t_SL            2  1.3    26    16    1594    (-,-) 
  inc_FP32_ALU_col1_roundingAdder_add_274_18_spec1_g472/Y -       B->Y    F     AND2x2_ASAP7_75t_SL            3  3.0    19    26    1620    (-,-) 
  inc_FP32_ALU_col1_roundingAdder_add_274_18_spec1_g467/Y -       B->Y    F     AND2x2_ASAP7_75t_SL            1  1.3    14    21    1641    (-,-) 
  inc_FP32_ALU_col1_roundingAdder_add_274_18_spec1_g465/Y -       B->Y    F     XNOR2xp5_ASAP7_75t_SL          1  0.8    22    21    1662    (-,-) 
  g27261/Y                                                -       A1->Y   R     AOI22xp5_ASAP7_75t_SL          2  1.4    42    22    1684    (-,-) 
  g27242/Y                                                -       C->Y    F     NOR4xp25_ASAP7_75t_SL          1  0.8    29    17    1701    (-,-) 
  g27232/Y                                                -       A1->Y   R     AOI21xp5_ASAP7_75t_L           3  2.2    60    34    1735    (-,-) 
  g27230/Y                                                -       B->Y    R     AND2x2_ASAP7_75t_L            19 13.8    86    65    1800    (-,-) 
  g27157/Y                                                -       B1->Y   F     AOI221xp5_ASAP7_75t_SL         1  0.9    58    27    1827    (-,-) 
  PIPE_OUT_col1_stage_reg_reg[0][11]/D                    -       -       F     ASYNC_DFFHx1_ASAP7_75t_SL      1    -     -     0    1827    (-,-) 
#--------------------------------------------------------------------------------------------------------------------------------------------------



Path 48: MET (53 ps) Setup Check with Pin PIPE_OUT_col1_stage_reg_reg[0][9]/CLK->D
           View: PVT_0P63V_100C.setup_view
          Group: clk
     Startpoint: (R) PIPE_cascade_in_col1_stage_reg_reg[0][1]/CLK
          Clock: (R) clk
       Endpoint: (F) PIPE_OUT_col1_stage_reg_reg[0][9]/D
          Clock: (R) clk

                     Capture       Launch     
        Clock Edge:+    2000            0     
       Src Latency:+       0            0     
       Net Latency:+       0 (I)        0 (I) 
           Arrival:=    2000            0     
                                              
             Setup:-      20                  
       Uncertainty:-     100                  
     Required Time:=    1880                  
      Launch Clock:-       0                  
         Data Path:-    1827                  
             Slack:=      53                  

#--------------------------------------------------------------------------------------------------------------------------------------------------
#                      Timing Point                       Flags    Arc    Edge           Cell             Fanout Load Trans Delay Arrival Instance 
#                                                                                                                (fF)  (ps)  (ps)   (ps)  Location 
#--------------------------------------------------------------------------------------------------------------------------------------------------
  PIPE_cascade_in_col1_stage_reg_reg[0][1]/CLK            -       -       R     (arrival)                   1147    -     0     0       0    (-,-) 
  PIPE_cascade_in_col1_stage_reg_reg[0][1]/QN             -       CLK->QN F     ASYNC_DFFHx1_ASAP7_75t_SL      1  0.8    22    42      42    (-,-) 
  g47114/Y                                                -       B->Y    F     AND2x2_ASAP7_75t_SL            1  1.4    17    22      64    (-,-) 
  g47039/Y                                                -       B->Y    R     AOI21x1_ASAP7_75t_SL           4  3.1    55    22      86    (-,-) 
  g46247/Y                                                -       A1->Y   F     AOI211x1_ASAP7_75t_SL          1  0.8    37    19     106    (-,-) 
  g46213/Y                                                -       A->Y    R     NOR3xp33_ASAP7_75t_SL          1  0.9    44    25     131    (-,-) 
  g46124/Y                                                -       A2->Y   F     OAI21xp5_ASAP7_75t_SL          1  0.9    26    15     146    (-,-) 
  g46034/Y                                                -       A1->Y   R     AOI311xp33_ASAP7_75t_SL        1  0.8    46    22     168    (-,-) 
  g45989/Y                                                -       A2->Y   F     OAI211xp5_ASAP7_75t_SL         1  1.3    43    24     191    (-,-) 
  g45983/Y                                                -       A->Y    F     AND2x4_ASAP7_75t_SL           13 13.6    31    38     229    (-,-) 
  g45978/Y                                                -       A->Y    R     INVx8_ASAP7_75t_SL            12  9.4    22    14     244    (-,-) 
  g45876/Y                                                -       A2->Y   R     OA22x2_ASAP7_75t_SL            2  1.4    17    23     267    (-,-) 
  g45782__4733/Y                                          -       C->Y    F     NAND4xp25_ASAP7_75t_SL         1  0.8    35    19     286    (-,-) 
  g45765__6783/Y                                          -       B->Y    F     OR2x2_ASAP7_75t_SL             3  2.0    17    28     314    (-,-) 
  g45738__5115/Y                                          -       B->Y    F     OR2x2_ASAP7_75t_SL             4  4.4    24    30     344    (-,-) 
  g45680__6417/Y                                          -       A2->Y   R     OAI21xp5_ASAP7_75t_SL          1  1.3    36    21     364    (-,-) 
  g45652__4733/Y                                          -       B->Y    R     AND2x4_ASAP7_75t_SL           14 15.2    44    36     401    (-,-) 
  g45649/Y                                                -       A->Y    F     INVx4_ASAP7_75t_SL             9  9.4    29    18     418    (-,-) 
  g45586__7410/Y                                          -       A1->Y   R     OAI22x1_ASAP7_75t_SL           2  1.6    44    17     436    (-,-) 
  g45513__1666/Y                                          -       A1->Y   F     AOI22xp5_ASAP7_75t_SL          2  1.6    37    19     455    (-,-) 
  g45457__4319/Y                                          -       B2->Y   R     OAI22xp5_ASAP7_75t_SL          2  2.1    58    33     487    (-,-) 
  g45451/Y                                                -       A->Y    F     INVx1_ASAP7_75t_L              1  0.8    21    14     502    (-,-) 
  g45408__8246/Y                                          -       B->Y    R     NAND2xp5_ASAP7_75t_SL          1  0.8    27    14     516    (-,-) 
  g45376__7098/Y                                          -       A1->Y   F     AOI21xp5_ASAP7_75t_SL          1  0.9    24    14     530    (-,-) 
  g45367__8428/Y                                          -       B->Y    R     OAI21xp5_ASAP7_75t_SL          2  2.1    55    19     549    (-,-) 
  g45358__2346/Y                                          -       B->Y    F     NOR2x1_ASAP7_75t_SL            2  1.3    39    16     565    (-,-) 
  addinc_FP32_ALU_col1_fracAdder_add_113_18_g954/Y        -       A->Y    F     AND2x2_ASAP7_75t_SL            2  2.4    17    30     594    (-,-) 
  addinc_FP32_ALU_col1_fracAdder_add_113_18_g846/Y        -       B->Y    R     NAND2x1p5_ASAP7_75t_SL         2  3.0    41    16     611    (-,-) 
  addinc_FP32_ALU_col1_fracAdder_add_113_18_g804/Y        -       B->Y    F     NOR2x1p5_ASAP7_75t_SL          2  1.8    24    14     624    (-,-) 
  addinc_FP32_ALU_col1_fracAdder_add_113_18_g780/Y        -       A2->Y   R     AOI21x1_ASAP7_75t_SL           2  1.5    30    16     640    (-,-) 
  addinc_FP32_ALU_col1_fracAdder_add_113_18_g759/Y        -       A2->Y   R     OA21x2_ASAP7_75t_SL            5  3.9    26    30     669    (-,-) 
  addinc_FP32_ALU_col1_fracAdder_add_113_18_g752/Y        -       A->Y    R     BUFx3_ASAP7_75t_SL             3  2.1    13    20     689    (-,-) 
  addinc_FP32_ALU_col1_fracAdder_add_113_18_g741/Y        -       A2->Y   R     OA21x2_ASAP7_75t_SL            1  1.3    14    20     709    (-,-) 
  addinc_FP32_ALU_col1_fracAdder_add_113_18_g719/Y        -       B->Y    R     XOR2xp5_ASAP7_75t_SL           2  1.8    46    30     740    (-,-) 
  g27985__2802/Y                                          -       A->Y    F     NOR2x1_ASAP7_75t_SL            1  1.3    28    18     758    (-,-) 
  g27978__4319/Y                                          -       A->Y    R     NAND2x1_ASAP7_75t_SL           1  1.8    32    21     779    (-,-) 
  g27976__5107/Y                                          -       C->Y    F     NOR4xp75_ASAP7_75t_SL          1  1.3    30    12     791    (-,-) 
  g27975__2398/Y                                          -       A->Y    F     AND3x4_ASAP7_75t_SL           11 11.2    30    38     829    (-,-) 
  g27964__9945/Y                                          -       A2->Y   R     AOI21x1_ASAP7_75t_SL           2  2.6    40    21     850    (-,-) 
  g27960__4733/Y                                          -       C->Y    F     NAND4xp75_ASAP7_75t_SL         1  2.3    39    20     870    (-,-) 
  g27958__5115/Y                                          -       B->Y    R     NOR2x2_ASAP7_75t_SL           10  6.4    43    25     895    (-,-) 
  g27947__2802/Y                                          -       A2->Y   F     AOI21xp5_ASAP7_75t_L           1  0.9    29    17     912    (-,-) 
  g27945/Y                                                -       A->Y    R     INVx1_ASAP7_75t_L              1  1.4    25    18     930    (-,-) 
  g27944__3680/Y                                          -       B->Y    F     AOI21x1_ASAP7_75t_SL           2  1.8    35    13     944    (-,-) 
  g27937__6260/Y                                          -       C->Y    F     AND3x4_ASAP7_75t_SL            5  3.9    18    35     979    (-,-) 
  g27936/Y                                                -       A->Y    R     INVx2_ASAP7_75t_SL             4  3.0    20    13     992    (-,-) 
  g27930__1666/Y                                          -       A2->Y   F     OAI21xp5_ASAP7_75t_SL          1  1.4    33    16    1009    (-,-) 
  g27926__9315/Y                                          -       B->Y    R     AOI21x1_ASAP7_75t_SL           2  2.2    36    22    1030    (-,-) 
  g27924/Y                                                -       A->Y    F     INVx2_ASAP7_75t_SL             1  0.9    13     7    1037    (-,-) 
  g27918__1881/Y                                          -       A2->Y   F     OA21x2_ASAP7_75t_SL            2  1.4    14    23    1060    (-,-) 
  g27910__1705/Y                                          -       B->Y    R     NAND2xp5_ASAP7_75t_SL          1  0.9    24    13    1074    (-,-) 
  g27908__1617/Y                                          -       A1->Y   F     OAI21xp5_ASAP7_75t_SL          2  1.5    31    18    1091    (-,-) 
  g27906__6783/Y                                          -       A2->Y   R     AOI21xp5_ASAP7_75t_L           1  1.3    41    26    1117    (-,-) 
  g27905__5526/Y                                          -       C->Y    F     AOI211x1_ASAP7_75t_SL          2  1.9    44    19    1136    (-,-) 
  g27903__8428/Y                                          -       B->Y    F     AND2x4_ASAP7_75t_SL            7  5.5    18    29    1165    (-,-) 
  g27898__5107/Y                                          -       B->Y    R     NAND2xp5_ASAP7_75t_SL          1  0.9    24    14    1178    (-,-) 
  g27893__1666/Y                                          -       B->Y    R     OA21x2_ASAP7_75t_SL            2  2.9    22    26    1204    (-,-) 
  g27884/Y                                                -       A->Y    F     INVx2_ASAP7_75t_SL             8  5.7    25    17    1221    (-,-) 
  g27883/Y                                                -       A->Y    R     INVx1_ASAP7_75t_SL             1  0.8    17    11    1232    (-,-) 
  g27821__2346/Y                                          -       B2->Y   F     OAI22xp5_ASAP7_75t_SL          3  2.3    41    20    1252    (-,-) 
  g27743__6260/Y                                          -       B2->Y   F     AO22x2_ASAP7_75t_SL            4  2.8    20    34    1286    (-,-) 
  g48022/Y                                                -       A->Y    F     HB1xp67_ASAP7_75t_SRAM         4  3.7    83    77    1363    (-,-) 
  inc_FP32_ALU_col1_roundingAdder_add_274_18_spec1_g567/Y -       A->Y    R     NAND2x1p5_ASAP7_75t_SL         3  2.6    45    30    1393    (-,-) 
  inc_FP32_ALU_col1_roundingAdder_add_274_18_spec1_g552/Y -       B->Y    F     NOR2x1_ASAP7_75t_SL            2  2.4    30    21    1414    (-,-) 
  inc_FP32_ALU_col1_roundingAdder_add_274_18_spec1_g549/Y -       B->Y    R     NAND2x1p5_ASAP7_75t_SL         3  2.9    43    19    1433    (-,-) 
  inc_FP32_ALU_col1_roundingAdder_add_274_18_spec1_g547/Y -       B->Y    F     NOR2x1p5_ASAP7_75t_SL          3  1.9    22    14    1447    (-,-) 
  inc_FP32_ALU_col1_roundingAdder_add_274_18_spec1_g542/Y -       B->Y    F     AND2x2_ASAP7_75t_L             3  2.4    17    29    1476    (-,-) 
  inc_FP32_ALU_col1_roundingAdder_add_274_18_spec1_g536/Y -       B->Y    F     AND2x4_ASAP7_75t_SL            5  4.1    14    22    1498    (-,-) 
  inc_FP32_ALU_col1_roundingAdder_add_274_18_spec1_g505/Y -       A->Y    R     NAND4xp75_ASAP7_75t_SL         3  2.4    28    13    1511    (-,-) 
  inc_FP32_ALU_col1_roundingAdder_add_274_18_spec1_g495/Y -       B->Y    F     NOR2x1_ASAP7_75t_SL            3  1.9    27    16    1527    (-,-) 
  inc_FP32_ALU_col1_roundingAdder_add_274_18_spec1_g486/Y -       B->Y    F     AND2x2_ASAP7_75t_SL            2  2.1    15    25    1552    (-,-) 
  inc_FP32_ALU_col1_roundingAdder_add_274_18_spec1_g479/Y -       B->Y    R     NAND2x1_ASAP7_75t_L            3  3.2    53    26    1578    (-,-) 
  inc_FP32_ALU_col1_roundingAdder_add_274_18_spec1_g475/Y -       B->Y    F     NOR2x1_ASAP7_75t_SL            2  1.3    26    16    1594    (-,-) 
  inc_FP32_ALU_col1_roundingAdder_add_274_18_spec1_g472/Y -       B->Y    F     AND2x2_ASAP7_75t_SL            3  3.0    19    26    1620    (-,-) 
  inc_FP32_ALU_col1_roundingAdder_add_274_18_spec1_g467/Y -       B->Y    F     AND2x2_ASAP7_75t_SL            1  1.3    14    21    1641    (-,-) 
  inc_FP32_ALU_col1_roundingAdder_add_274_18_spec1_g465/Y -       B->Y    F     XNOR2xp5_ASAP7_75t_SL          1  0.8    22    21    1662    (-,-) 
  g27261/Y                                                -       A1->Y   R     AOI22xp5_ASAP7_75t_SL          2  1.4    42    22    1684    (-,-) 
  g27242/Y                                                -       C->Y    F     NOR4xp25_ASAP7_75t_SL          1  0.8    29    17    1701    (-,-) 
  g27232/Y                                                -       A1->Y   R     AOI21xp5_ASAP7_75t_L           3  2.2    60    34    1735    (-,-) 
  g27230/Y                                                -       B->Y    R     AND2x2_ASAP7_75t_L            19 13.8    86    65    1800    (-,-) 
  g27155/Y                                                -       B1->Y   F     AOI221xp5_ASAP7_75t_SL         1  0.9    58    27    1827    (-,-) 
  PIPE_OUT_col1_stage_reg_reg[0][9]/D                     -       -       F     ASYNC_DFFHx1_ASAP7_75t_SL      1    -     -     0    1827    (-,-) 
#--------------------------------------------------------------------------------------------------------------------------------------------------



Path 49: MET (53 ps) Setup Check with Pin PIPE_OUT_col1_stage_reg_reg[0][8]/CLK->D
           View: PVT_0P63V_100C.setup_view
          Group: clk
     Startpoint: (R) PIPE_cascade_in_col1_stage_reg_reg[0][1]/CLK
          Clock: (R) clk
       Endpoint: (F) PIPE_OUT_col1_stage_reg_reg[0][8]/D
          Clock: (R) clk

                     Capture       Launch     
        Clock Edge:+    2000            0     
       Src Latency:+       0            0     
       Net Latency:+       0 (I)        0 (I) 
           Arrival:=    2000            0     
                                              
             Setup:-      20                  
       Uncertainty:-     100                  
     Required Time:=    1880                  
      Launch Clock:-       0                  
         Data Path:-    1827                  
             Slack:=      53                  

#--------------------------------------------------------------------------------------------------------------------------------------------------
#                      Timing Point                       Flags    Arc    Edge           Cell             Fanout Load Trans Delay Arrival Instance 
#                                                                                                                (fF)  (ps)  (ps)   (ps)  Location 
#--------------------------------------------------------------------------------------------------------------------------------------------------
  PIPE_cascade_in_col1_stage_reg_reg[0][1]/CLK            -       -       R     (arrival)                   1147    -     0     0       0    (-,-) 
  PIPE_cascade_in_col1_stage_reg_reg[0][1]/QN             -       CLK->QN F     ASYNC_DFFHx1_ASAP7_75t_SL      1  0.8    22    42      42    (-,-) 
  g47114/Y                                                -       B->Y    F     AND2x2_ASAP7_75t_SL            1  1.4    17    22      64    (-,-) 
  g47039/Y                                                -       B->Y    R     AOI21x1_ASAP7_75t_SL           4  3.1    55    22      86    (-,-) 
  g46247/Y                                                -       A1->Y   F     AOI211x1_ASAP7_75t_SL          1  0.8    37    19     106    (-,-) 
  g46213/Y                                                -       A->Y    R     NOR3xp33_ASAP7_75t_SL          1  0.9    44    25     131    (-,-) 
  g46124/Y                                                -       A2->Y   F     OAI21xp5_ASAP7_75t_SL          1  0.9    26    15     146    (-,-) 
  g46034/Y                                                -       A1->Y   R     AOI311xp33_ASAP7_75t_SL        1  0.8    46    22     168    (-,-) 
  g45989/Y                                                -       A2->Y   F     OAI211xp5_ASAP7_75t_SL         1  1.3    43    24     191    (-,-) 
  g45983/Y                                                -       A->Y    F     AND2x4_ASAP7_75t_SL           13 13.6    31    38     229    (-,-) 
  g45978/Y                                                -       A->Y    R     INVx8_ASAP7_75t_SL            12  9.4    22    14     244    (-,-) 
  g45876/Y                                                -       A2->Y   R     OA22x2_ASAP7_75t_SL            2  1.4    17    23     267    (-,-) 
  g45782__4733/Y                                          -       C->Y    F     NAND4xp25_ASAP7_75t_SL         1  0.8    35    19     286    (-,-) 
  g45765__6783/Y                                          -       B->Y    F     OR2x2_ASAP7_75t_SL             3  2.0    17    28     314    (-,-) 
  g45738__5115/Y                                          -       B->Y    F     OR2x2_ASAP7_75t_SL             4  4.4    24    30     344    (-,-) 
  g45680__6417/Y                                          -       A2->Y   R     OAI21xp5_ASAP7_75t_SL          1  1.3    36    21     364    (-,-) 
  g45652__4733/Y                                          -       B->Y    R     AND2x4_ASAP7_75t_SL           14 15.2    44    36     401    (-,-) 
  g45649/Y                                                -       A->Y    F     INVx4_ASAP7_75t_SL             9  9.4    29    18     418    (-,-) 
  g45586__7410/Y                                          -       A1->Y   R     OAI22x1_ASAP7_75t_SL           2  1.6    44    17     436    (-,-) 
  g45513__1666/Y                                          -       A1->Y   F     AOI22xp5_ASAP7_75t_SL          2  1.6    37    19     455    (-,-) 
  g45457__4319/Y                                          -       B2->Y   R     OAI22xp5_ASAP7_75t_SL          2  2.1    58    33     487    (-,-) 
  g45451/Y                                                -       A->Y    F     INVx1_ASAP7_75t_L              1  0.8    21    14     502    (-,-) 
  g45408__8246/Y                                          -       B->Y    R     NAND2xp5_ASAP7_75t_SL          1  0.8    27    14     516    (-,-) 
  g45376__7098/Y                                          -       A1->Y   F     AOI21xp5_ASAP7_75t_SL          1  0.9    24    14     530    (-,-) 
  g45367__8428/Y                                          -       B->Y    R     OAI21xp5_ASAP7_75t_SL          2  2.1    55    19     549    (-,-) 
  g45358__2346/Y                                          -       B->Y    F     NOR2x1_ASAP7_75t_SL            2  1.3    39    16     565    (-,-) 
  addinc_FP32_ALU_col1_fracAdder_add_113_18_g954/Y        -       A->Y    F     AND2x2_ASAP7_75t_SL            2  2.4    17    30     594    (-,-) 
  addinc_FP32_ALU_col1_fracAdder_add_113_18_g846/Y        -       B->Y    R     NAND2x1p5_ASAP7_75t_SL         2  3.0    41    16     611    (-,-) 
  addinc_FP32_ALU_col1_fracAdder_add_113_18_g804/Y        -       B->Y    F     NOR2x1p5_ASAP7_75t_SL          2  1.8    24    14     624    (-,-) 
  addinc_FP32_ALU_col1_fracAdder_add_113_18_g780/Y        -       A2->Y   R     AOI21x1_ASAP7_75t_SL           2  1.5    30    16     640    (-,-) 
  addinc_FP32_ALU_col1_fracAdder_add_113_18_g759/Y        -       A2->Y   R     OA21x2_ASAP7_75t_SL            5  3.9    26    30     669    (-,-) 
  addinc_FP32_ALU_col1_fracAdder_add_113_18_g752/Y        -       A->Y    R     BUFx3_ASAP7_75t_SL             3  2.1    13    20     689    (-,-) 
  addinc_FP32_ALU_col1_fracAdder_add_113_18_g741/Y        -       A2->Y   R     OA21x2_ASAP7_75t_SL            1  1.3    14    20     709    (-,-) 
  addinc_FP32_ALU_col1_fracAdder_add_113_18_g719/Y        -       B->Y    R     XOR2xp5_ASAP7_75t_SL           2  1.8    46    30     740    (-,-) 
  g27985__2802/Y                                          -       A->Y    F     NOR2x1_ASAP7_75t_SL            1  1.3    28    18     758    (-,-) 
  g27978__4319/Y                                          -       A->Y    R     NAND2x1_ASAP7_75t_SL           1  1.8    32    21     779    (-,-) 
  g27976__5107/Y                                          -       C->Y    F     NOR4xp75_ASAP7_75t_SL          1  1.3    30    12     791    (-,-) 
  g27975__2398/Y                                          -       A->Y    F     AND3x4_ASAP7_75t_SL           11 11.2    30    38     829    (-,-) 
  g27964__9945/Y                                          -       A2->Y   R     AOI21x1_ASAP7_75t_SL           2  2.6    40    21     850    (-,-) 
  g27960__4733/Y                                          -       C->Y    F     NAND4xp75_ASAP7_75t_SL         1  2.3    39    20     870    (-,-) 
  g27958__5115/Y                                          -       B->Y    R     NOR2x2_ASAP7_75t_SL           10  6.4    43    25     895    (-,-) 
  g27947__2802/Y                                          -       A2->Y   F     AOI21xp5_ASAP7_75t_L           1  0.9    29    17     912    (-,-) 
  g27945/Y                                                -       A->Y    R     INVx1_ASAP7_75t_L              1  1.4    25    18     930    (-,-) 
  g27944__3680/Y                                          -       B->Y    F     AOI21x1_ASAP7_75t_SL           2  1.8    35    13     944    (-,-) 
  g27937__6260/Y                                          -       C->Y    F     AND3x4_ASAP7_75t_SL            5  3.9    18    35     979    (-,-) 
  g27936/Y                                                -       A->Y    R     INVx2_ASAP7_75t_SL             4  3.0    20    13     992    (-,-) 
  g27930__1666/Y                                          -       A2->Y   F     OAI21xp5_ASAP7_75t_SL          1  1.4    33    16    1009    (-,-) 
  g27926__9315/Y                                          -       B->Y    R     AOI21x1_ASAP7_75t_SL           2  2.2    36    22    1030    (-,-) 
  g27924/Y                                                -       A->Y    F     INVx2_ASAP7_75t_SL             1  0.9    13     7    1037    (-,-) 
  g27918__1881/Y                                          -       A2->Y   F     OA21x2_ASAP7_75t_SL            2  1.4    14    23    1060    (-,-) 
  g27910__1705/Y                                          -       B->Y    R     NAND2xp5_ASAP7_75t_SL          1  0.9    24    13    1074    (-,-) 
  g27908__1617/Y                                          -       A1->Y   F     OAI21xp5_ASAP7_75t_SL          2  1.5    31    18    1091    (-,-) 
  g27906__6783/Y                                          -       A2->Y   R     AOI21xp5_ASAP7_75t_L           1  1.3    41    26    1117    (-,-) 
  g27905__5526/Y                                          -       C->Y    F     AOI211x1_ASAP7_75t_SL          2  1.9    44    19    1136    (-,-) 
  g27903__8428/Y                                          -       B->Y    F     AND2x4_ASAP7_75t_SL            7  5.5    18    29    1165    (-,-) 
  g27898__5107/Y                                          -       B->Y    R     NAND2xp5_ASAP7_75t_SL          1  0.9    24    14    1178    (-,-) 
  g27893__1666/Y                                          -       B->Y    R     OA21x2_ASAP7_75t_SL            2  2.9    22    26    1204    (-,-) 
  g27884/Y                                                -       A->Y    F     INVx2_ASAP7_75t_SL             8  5.7    25    17    1221    (-,-) 
  g27883/Y                                                -       A->Y    R     INVx1_ASAP7_75t_SL             1  0.8    17    11    1232    (-,-) 
  g27821__2346/Y                                          -       B2->Y   F     OAI22xp5_ASAP7_75t_SL          3  2.3    41    20    1252    (-,-) 
  g27743__6260/Y                                          -       B2->Y   F     AO22x2_ASAP7_75t_SL            4  2.8    20    34    1286    (-,-) 
  g48022/Y                                                -       A->Y    F     HB1xp67_ASAP7_75t_SRAM         4  3.7    83    77    1363    (-,-) 
  inc_FP32_ALU_col1_roundingAdder_add_274_18_spec1_g567/Y -       A->Y    R     NAND2x1p5_ASAP7_75t_SL         3  2.6    45    30    1393    (-,-) 
  inc_FP32_ALU_col1_roundingAdder_add_274_18_spec1_g552/Y -       B->Y    F     NOR2x1_ASAP7_75t_SL            2  2.4    30    21    1414    (-,-) 
  inc_FP32_ALU_col1_roundingAdder_add_274_18_spec1_g549/Y -       B->Y    R     NAND2x1p5_ASAP7_75t_SL         3  2.9    43    19    1433    (-,-) 
  inc_FP32_ALU_col1_roundingAdder_add_274_18_spec1_g547/Y -       B->Y    F     NOR2x1p5_ASAP7_75t_SL          3  1.9    22    14    1447    (-,-) 
  inc_FP32_ALU_col1_roundingAdder_add_274_18_spec1_g542/Y -       B->Y    F     AND2x2_ASAP7_75t_L             3  2.4    17    29    1476    (-,-) 
  inc_FP32_ALU_col1_roundingAdder_add_274_18_spec1_g536/Y -       B->Y    F     AND2x4_ASAP7_75t_SL            5  4.1    14    22    1498    (-,-) 
  inc_FP32_ALU_col1_roundingAdder_add_274_18_spec1_g505/Y -       A->Y    R     NAND4xp75_ASAP7_75t_SL         3  2.4    28    13    1511    (-,-) 
  inc_FP32_ALU_col1_roundingAdder_add_274_18_spec1_g495/Y -       B->Y    F     NOR2x1_ASAP7_75t_SL            3  1.9    27    16    1527    (-,-) 
  inc_FP32_ALU_col1_roundingAdder_add_274_18_spec1_g486/Y -       B->Y    F     AND2x2_ASAP7_75t_SL            2  2.1    15    25    1552    (-,-) 
  inc_FP32_ALU_col1_roundingAdder_add_274_18_spec1_g479/Y -       B->Y    R     NAND2x1_ASAP7_75t_L            3  3.2    53    26    1578    (-,-) 
  inc_FP32_ALU_col1_roundingAdder_add_274_18_spec1_g475/Y -       B->Y    F     NOR2x1_ASAP7_75t_SL            2  1.3    26    16    1594    (-,-) 
  inc_FP32_ALU_col1_roundingAdder_add_274_18_spec1_g472/Y -       B->Y    F     AND2x2_ASAP7_75t_SL            3  3.0    19    26    1620    (-,-) 
  inc_FP32_ALU_col1_roundingAdder_add_274_18_spec1_g467/Y -       B->Y    F     AND2x2_ASAP7_75t_SL            1  1.3    14    21    1641    (-,-) 
  inc_FP32_ALU_col1_roundingAdder_add_274_18_spec1_g465/Y -       B->Y    F     XNOR2xp5_ASAP7_75t_SL          1  0.8    22    21    1662    (-,-) 
  g27261/Y                                                -       A1->Y   R     AOI22xp5_ASAP7_75t_SL          2  1.4    42    22    1684    (-,-) 
  g27242/Y                                                -       C->Y    F     NOR4xp25_ASAP7_75t_SL          1  0.8    29    17    1701    (-,-) 
  g27232/Y                                                -       A1->Y   R     AOI21xp5_ASAP7_75t_L           3  2.2    60    34    1735    (-,-) 
  g27230/Y                                                -       B->Y    R     AND2x2_ASAP7_75t_L            19 13.8    86    65    1800    (-,-) 
  g27154/Y                                                -       B1->Y   F     AOI221xp5_ASAP7_75t_SL         1  0.9    58    27    1827    (-,-) 
  PIPE_OUT_col1_stage_reg_reg[0][8]/D                     -       -       F     ASYNC_DFFHx1_ASAP7_75t_SL      1    -     -     0    1827    (-,-) 
#--------------------------------------------------------------------------------------------------------------------------------------------------



Path 50: MET (53 ps) Setup Check with Pin PIPE_OUT_col1_stage_reg_reg[0][7]/CLK->D
           View: PVT_0P63V_100C.setup_view
          Group: clk
     Startpoint: (R) PIPE_cascade_in_col1_stage_reg_reg[0][1]/CLK
          Clock: (R) clk
       Endpoint: (F) PIPE_OUT_col1_stage_reg_reg[0][7]/D
          Clock: (R) clk

                     Capture       Launch     
        Clock Edge:+    2000            0     
       Src Latency:+       0            0     
       Net Latency:+       0 (I)        0 (I) 
           Arrival:=    2000            0     
                                              
             Setup:-      20                  
       Uncertainty:-     100                  
     Required Time:=    1880                  
      Launch Clock:-       0                  
         Data Path:-    1827                  
             Slack:=      53                  

#--------------------------------------------------------------------------------------------------------------------------------------------------
#                      Timing Point                       Flags    Arc    Edge           Cell             Fanout Load Trans Delay Arrival Instance 
#                                                                                                                (fF)  (ps)  (ps)   (ps)  Location 
#--------------------------------------------------------------------------------------------------------------------------------------------------
  PIPE_cascade_in_col1_stage_reg_reg[0][1]/CLK            -       -       R     (arrival)                   1147    -     0     0       0    (-,-) 
  PIPE_cascade_in_col1_stage_reg_reg[0][1]/QN             -       CLK->QN F     ASYNC_DFFHx1_ASAP7_75t_SL      1  0.8    22    42      42    (-,-) 
  g47114/Y                                                -       B->Y    F     AND2x2_ASAP7_75t_SL            1  1.4    17    22      64    (-,-) 
  g47039/Y                                                -       B->Y    R     AOI21x1_ASAP7_75t_SL           4  3.1    55    22      86    (-,-) 
  g46247/Y                                                -       A1->Y   F     AOI211x1_ASAP7_75t_SL          1  0.8    37    19     106    (-,-) 
  g46213/Y                                                -       A->Y    R     NOR3xp33_ASAP7_75t_SL          1  0.9    44    25     131    (-,-) 
  g46124/Y                                                -       A2->Y   F     OAI21xp5_ASAP7_75t_SL          1  0.9    26    15     146    (-,-) 
  g46034/Y                                                -       A1->Y   R     AOI311xp33_ASAP7_75t_SL        1  0.8    46    22     168    (-,-) 
  g45989/Y                                                -       A2->Y   F     OAI211xp5_ASAP7_75t_SL         1  1.3    43    24     191    (-,-) 
  g45983/Y                                                -       A->Y    F     AND2x4_ASAP7_75t_SL           13 13.6    31    38     229    (-,-) 
  g45978/Y                                                -       A->Y    R     INVx8_ASAP7_75t_SL            12  9.4    22    14     244    (-,-) 
  g45876/Y                                                -       A2->Y   R     OA22x2_ASAP7_75t_SL            2  1.4    17    23     267    (-,-) 
  g45782__4733/Y                                          -       C->Y    F     NAND4xp25_ASAP7_75t_SL         1  0.8    35    19     286    (-,-) 
  g45765__6783/Y                                          -       B->Y    F     OR2x2_ASAP7_75t_SL             3  2.0    17    28     314    (-,-) 
  g45738__5115/Y                                          -       B->Y    F     OR2x2_ASAP7_75t_SL             4  4.4    24    30     344    (-,-) 
  g45680__6417/Y                                          -       A2->Y   R     OAI21xp5_ASAP7_75t_SL          1  1.3    36    21     364    (-,-) 
  g45652__4733/Y                                          -       B->Y    R     AND2x4_ASAP7_75t_SL           14 15.2    44    36     401    (-,-) 
  g45649/Y                                                -       A->Y    F     INVx4_ASAP7_75t_SL             9  9.4    29    18     418    (-,-) 
  g45586__7410/Y                                          -       A1->Y   R     OAI22x1_ASAP7_75t_SL           2  1.6    44    17     436    (-,-) 
  g45513__1666/Y                                          -       A1->Y   F     AOI22xp5_ASAP7_75t_SL          2  1.6    37    19     455    (-,-) 
  g45457__4319/Y                                          -       B2->Y   R     OAI22xp5_ASAP7_75t_SL          2  2.1    58    33     487    (-,-) 
  g45451/Y                                                -       A->Y    F     INVx1_ASAP7_75t_L              1  0.8    21    14     502    (-,-) 
  g45408__8246/Y                                          -       B->Y    R     NAND2xp5_ASAP7_75t_SL          1  0.8    27    14     516    (-,-) 
  g45376__7098/Y                                          -       A1->Y   F     AOI21xp5_ASAP7_75t_SL          1  0.9    24    14     530    (-,-) 
  g45367__8428/Y                                          -       B->Y    R     OAI21xp5_ASAP7_75t_SL          2  2.1    55    19     549    (-,-) 
  g45358__2346/Y                                          -       B->Y    F     NOR2x1_ASAP7_75t_SL            2  1.3    39    16     565    (-,-) 
  addinc_FP32_ALU_col1_fracAdder_add_113_18_g954/Y        -       A->Y    F     AND2x2_ASAP7_75t_SL            2  2.4    17    30     594    (-,-) 
  addinc_FP32_ALU_col1_fracAdder_add_113_18_g846/Y        -       B->Y    R     NAND2x1p5_ASAP7_75t_SL         2  3.0    41    16     611    (-,-) 
  addinc_FP32_ALU_col1_fracAdder_add_113_18_g804/Y        -       B->Y    F     NOR2x1p5_ASAP7_75t_SL          2  1.8    24    14     624    (-,-) 
  addinc_FP32_ALU_col1_fracAdder_add_113_18_g780/Y        -       A2->Y   R     AOI21x1_ASAP7_75t_SL           2  1.5    30    16     640    (-,-) 
  addinc_FP32_ALU_col1_fracAdder_add_113_18_g759/Y        -       A2->Y   R     OA21x2_ASAP7_75t_SL            5  3.9    26    30     669    (-,-) 
  addinc_FP32_ALU_col1_fracAdder_add_113_18_g752/Y        -       A->Y    R     BUFx3_ASAP7_75t_SL             3  2.1    13    20     689    (-,-) 
  addinc_FP32_ALU_col1_fracAdder_add_113_18_g741/Y        -       A2->Y   R     OA21x2_ASAP7_75t_SL            1  1.3    14    20     709    (-,-) 
  addinc_FP32_ALU_col1_fracAdder_add_113_18_g719/Y        -       B->Y    R     XOR2xp5_ASAP7_75t_SL           2  1.8    46    30     740    (-,-) 
  g27985__2802/Y                                          -       A->Y    F     NOR2x1_ASAP7_75t_SL            1  1.3    28    18     758    (-,-) 
  g27978__4319/Y                                          -       A->Y    R     NAND2x1_ASAP7_75t_SL           1  1.8    32    21     779    (-,-) 
  g27976__5107/Y                                          -       C->Y    F     NOR4xp75_ASAP7_75t_SL          1  1.3    30    12     791    (-,-) 
  g27975__2398/Y                                          -       A->Y    F     AND3x4_ASAP7_75t_SL           11 11.2    30    38     829    (-,-) 
  g27964__9945/Y                                          -       A2->Y   R     AOI21x1_ASAP7_75t_SL           2  2.6    40    21     850    (-,-) 
  g27960__4733/Y                                          -       C->Y    F     NAND4xp75_ASAP7_75t_SL         1  2.3    39    20     870    (-,-) 
  g27958__5115/Y                                          -       B->Y    R     NOR2x2_ASAP7_75t_SL           10  6.4    43    25     895    (-,-) 
  g27947__2802/Y                                          -       A2->Y   F     AOI21xp5_ASAP7_75t_L           1  0.9    29    17     912    (-,-) 
  g27945/Y                                                -       A->Y    R     INVx1_ASAP7_75t_L              1  1.4    25    18     930    (-,-) 
  g27944__3680/Y                                          -       B->Y    F     AOI21x1_ASAP7_75t_SL           2  1.8    35    13     944    (-,-) 
  g27937__6260/Y                                          -       C->Y    F     AND3x4_ASAP7_75t_SL            5  3.9    18    35     979    (-,-) 
  g27936/Y                                                -       A->Y    R     INVx2_ASAP7_75t_SL             4  3.0    20    13     992    (-,-) 
  g27930__1666/Y                                          -       A2->Y   F     OAI21xp5_ASAP7_75t_SL          1  1.4    33    16    1009    (-,-) 
  g27926__9315/Y                                          -       B->Y    R     AOI21x1_ASAP7_75t_SL           2  2.2    36    22    1030    (-,-) 
  g27924/Y                                                -       A->Y    F     INVx2_ASAP7_75t_SL             1  0.9    13     7    1037    (-,-) 
  g27918__1881/Y                                          -       A2->Y   F     OA21x2_ASAP7_75t_SL            2  1.4    14    23    1060    (-,-) 
  g27910__1705/Y                                          -       B->Y    R     NAND2xp5_ASAP7_75t_SL          1  0.9    24    13    1074    (-,-) 
  g27908__1617/Y                                          -       A1->Y   F     OAI21xp5_ASAP7_75t_SL          2  1.5    31    18    1091    (-,-) 
  g27906__6783/Y                                          -       A2->Y   R     AOI21xp5_ASAP7_75t_L           1  1.3    41    26    1117    (-,-) 
  g27905__5526/Y                                          -       C->Y    F     AOI211x1_ASAP7_75t_SL          2  1.9    44    19    1136    (-,-) 
  g27903__8428/Y                                          -       B->Y    F     AND2x4_ASAP7_75t_SL            7  5.5    18    29    1165    (-,-) 
  g27898__5107/Y                                          -       B->Y    R     NAND2xp5_ASAP7_75t_SL          1  0.9    24    14    1178    (-,-) 
  g27893__1666/Y                                          -       B->Y    R     OA21x2_ASAP7_75t_SL            2  2.9    22    26    1204    (-,-) 
  g27884/Y                                                -       A->Y    F     INVx2_ASAP7_75t_SL             8  5.7    25    17    1221    (-,-) 
  g27883/Y                                                -       A->Y    R     INVx1_ASAP7_75t_SL             1  0.8    17    11    1232    (-,-) 
  g27821__2346/Y                                          -       B2->Y   F     OAI22xp5_ASAP7_75t_SL          3  2.3    41    20    1252    (-,-) 
  g27743__6260/Y                                          -       B2->Y   F     AO22x2_ASAP7_75t_SL            4  2.8    20    34    1286    (-,-) 
  g48022/Y                                                -       A->Y    F     HB1xp67_ASAP7_75t_SRAM         4  3.7    83    77    1363    (-,-) 
  inc_FP32_ALU_col1_roundingAdder_add_274_18_spec1_g567/Y -       A->Y    R     NAND2x1p5_ASAP7_75t_SL         3  2.6    45    30    1393    (-,-) 
  inc_FP32_ALU_col1_roundingAdder_add_274_18_spec1_g552/Y -       B->Y    F     NOR2x1_ASAP7_75t_SL            2  2.4    30    21    1414    (-,-) 
  inc_FP32_ALU_col1_roundingAdder_add_274_18_spec1_g549/Y -       B->Y    R     NAND2x1p5_ASAP7_75t_SL         3  2.9    43    19    1433    (-,-) 
  inc_FP32_ALU_col1_roundingAdder_add_274_18_spec1_g547/Y -       B->Y    F     NOR2x1p5_ASAP7_75t_SL          3  1.9    22    14    1447    (-,-) 
  inc_FP32_ALU_col1_roundingAdder_add_274_18_spec1_g542/Y -       B->Y    F     AND2x2_ASAP7_75t_L             3  2.4    17    29    1476    (-,-) 
  inc_FP32_ALU_col1_roundingAdder_add_274_18_spec1_g536/Y -       B->Y    F     AND2x4_ASAP7_75t_SL            5  4.1    14    22    1498    (-,-) 
  inc_FP32_ALU_col1_roundingAdder_add_274_18_spec1_g505/Y -       A->Y    R     NAND4xp75_ASAP7_75t_SL         3  2.4    28    13    1511    (-,-) 
  inc_FP32_ALU_col1_roundingAdder_add_274_18_spec1_g495/Y -       B->Y    F     NOR2x1_ASAP7_75t_SL            3  1.9    27    16    1527    (-,-) 
  inc_FP32_ALU_col1_roundingAdder_add_274_18_spec1_g486/Y -       B->Y    F     AND2x2_ASAP7_75t_SL            2  2.1    15    25    1552    (-,-) 
  inc_FP32_ALU_col1_roundingAdder_add_274_18_spec1_g479/Y -       B->Y    R     NAND2x1_ASAP7_75t_L            3  3.2    53    26    1578    (-,-) 
  inc_FP32_ALU_col1_roundingAdder_add_274_18_spec1_g475/Y -       B->Y    F     NOR2x1_ASAP7_75t_SL            2  1.3    26    16    1594    (-,-) 
  inc_FP32_ALU_col1_roundingAdder_add_274_18_spec1_g472/Y -       B->Y    F     AND2x2_ASAP7_75t_SL            3  3.0    19    26    1620    (-,-) 
  inc_FP32_ALU_col1_roundingAdder_add_274_18_spec1_g467/Y -       B->Y    F     AND2x2_ASAP7_75t_SL            1  1.3    14    21    1641    (-,-) 
  inc_FP32_ALU_col1_roundingAdder_add_274_18_spec1_g465/Y -       B->Y    F     XNOR2xp5_ASAP7_75t_SL          1  0.8    22    21    1662    (-,-) 
  g27261/Y                                                -       A1->Y   R     AOI22xp5_ASAP7_75t_SL          2  1.4    42    22    1684    (-,-) 
  g27242/Y                                                -       C->Y    F     NOR4xp25_ASAP7_75t_SL          1  0.8    29    17    1701    (-,-) 
  g27232/Y                                                -       A1->Y   R     AOI21xp5_ASAP7_75t_L           3  2.2    60    34    1735    (-,-) 
  g27230/Y                                                -       B->Y    R     AND2x2_ASAP7_75t_L            19 13.8    86    65    1800    (-,-) 
  g27153/Y                                                -       B1->Y   F     AOI221xp5_ASAP7_75t_SL         1  0.9    58    27    1827    (-,-) 
  PIPE_OUT_col1_stage_reg_reg[0][7]/D                     -       -       F     ASYNC_DFFHx1_ASAP7_75t_SL      1    -     -     0    1827    (-,-) 
#--------------------------------------------------------------------------------------------------------------------------------------------------

